seg_id,sync_idx,time_ms,kind,code,json
1,2,1790841684319,ea_event,,{"type":"fill_log","seq":0,"ea_time_ms":95280781,"magic":22260201,"deal_ticket":800000001,"order_ticket":1977728160,"position_id":900000001,"entry_type":"IN","deal_type":"BUY","side":"L","layer_index":7,"role":"ENT","deal_price":1.13174,"order_price_open":null,"slippage_pips":null,"volume":0.00,"profit":0.00,"swap":0.00,"commission":0.00,"deal_time_broker":"2026-10-01 08:01:24","deal_time_broker_msc":1790841684000,"halted_at_receipt":false,"quarantined_at_receipt":false}
1,3,1790847652134,ea_event,ROLL_ACCEPTED,{"type":"ea_event","seq":1,"ea_time_ms":95280843,"magic":null,"level":"INFO","code":"ROLL_ACCEPTED","reason":null,"ticket":1975880441,"detail":{"ticket":1975880441,"side":"L","layer_index":0,"entry":1.13670,"level":1.13104,"target":1.13212,"accrued":0.00008,"clamped":false,"cost":0.00466,"cost_pips":46.6,"rolled":1,"was_ejected":false,"source":"auto","reroll":false,"from_level":0.00000}}
1,4,1790850665949,ea_event,ROLL_ACCEPTED,{"type":"ea_event","seq":2,"ea_time_ms":95280937,"magic":null,"level":"INFO","code":"ROLL_ACCEPTED","reason":null,"ticket":1975959172,"detail":{"ticket":1975959172,"side":"L","layer_index":1,"entry":1.13600,"level":1.13034,"target":1.13142,"accrued":0.00008,"clamped":false,"cost":0.00466,"cost_pips":46.6,"rolled":2,"was_ejected":false,"source":"auto","reroll":false,"from_level":0.00000}}
1,6,1790850771470,ea_event,STRAY_L0_CANCEL,{"type":"ea_event","seq":3,"ea_time_ms":95280937,"magic":null,"level":"WARN","code":"STRAY_L0_CANCEL","reason":null,"ticket":9000,"detail":{"side":"S","depth":1}}
1,6,1790853131208,ea_event,ROLL_ACCEPTED,{"type":"ea_event","seq":4,"ea_time_ms":95281031,"magic":null,"level":"INFO","code":"ROLL_ACCEPTED","reason":null,"ticket":1976074197,"detail":{"ticket":1976074197,"side":"L","layer_index":2,"entry":1.13530,"level":1.12964,"target":1.13072,"accrued":0.00008,"clamped":false,"cost":0.00466,"cost_pips":46.6,"rolled":3,"was_ejected":false,"source":"auto","reroll":false,"from_level":0.00000}}
1,6,1790853131826,ea_event,,{"type":"fill_log","seq":5,"ea_time_ms":95281031,"magic":22260201,"deal_ticket":800000002,"order_ticket":9005,"position_id":900000002,"entry_type":"IN","deal_type":"SELL","side":"S","layer_index":0,"role":"EXT","deal_price":1.12963,"order_price_open":null,"slippage_pips":null,"volume":0.00,"profit":0.00,"swap":0.00,"commission":0.00,"deal_time_broker":"2026-10-01 11:12:11","deal_time_broker_msc":1790853131000,"halted_at_receipt":false,"quarantined_at_receipt":false}
1,11,1790853977915,ea_event,STRAY_L0_CANCEL,{"type":"ea_event","seq":6,"ea_time_ms":95281062,"magic":null,"level":"WARN","code":"STRAY_L0_CANCEL","reason":null,"ticket":9008,"detail":{"side":"S","depth":1}}
1,11,1790854742124,ea_event,,{"type":"fill_log","seq":7,"ea_time_ms":95281078,"magic":22260201,"deal_ticket":800000003,"order_ticket":9009,"position_id":900000003,"entry_type":"IN","deal_type":"SELL","side":"S","layer_index":0,"role":"EXT","deal_price":1.12922,"order_price_open":null,"slippage_pips":null,"volume":0.00,"profit":0.00,"swap":0.00,"commission":0.00,"deal_time_broker":"2026-10-01 11:39:02","deal_time_broker_msc":1790854742000,"halted_at_receipt":false,"quarantined_at_receipt":false}
1,14,1790854775420,ea_event,ROLL_ACCEPTED,{"type":"ea_event","seq":8,"ea_time_ms":95281093,"magic":null,"level":"INFO","code":"ROLL_ACCEPTED","reason":null,"ticket":1976558641,"detail":{"ticket":1976558641,"side":"L","layer_index":3,"entry":1.13460,"level":1.12894,"target":1.13002,"accrued":0.00008,"clamped":false,"cost":0.00466,"cost_pips":46.6,"rolled":4,"was_ejected":false,"source":"auto","reroll":false,"from_level":0.00000}}
1,16,1790857054765,ea_event,STRAY_L0_CANCEL,{"type":"ea_event","seq":9,"ea_time_ms":95281156,"magic":null,"level":"WARN","code":"STRAY_L0_CANCEL","reason":null,"ticket":9011,"detail":{"side":"S","depth":1}}
1,16,1790857300920,ea_event,,{"type":"fill_log","seq":10,"ea_time_ms":95281171,"magic":22260201,"deal_ticket":800000004,"order_ticket":9007,"position_id":900000004,"entry_type":"IN","deal_type":"BUY","side":"L","layer_index":3,"role":"EXT","deal_price":1.13008,"order_price_open":null,"slippage_pips":null,"volume":0.00,"profit":0.00,"swap":0.00,"commission":0.00,"deal_time_broker":"2026-10-01 12:21:40","deal_time_broker_msc":1790857300000,"halted_at_receipt":false,"quarantined_at_receipt":false}
1,19,1790858429466,ea_event,,{"type":"fill_log","seq":11,"ea_time_ms":95281203,"magic":22260201,"deal_ticket":800000005,"order_ticket":9016,"position_id":900000005,"entry_type":"IN","deal_type":"BUY","side":"L","layer_index":8,"role":"ENT","deal_price":1.12893,"order_price_open":null,"slippage_pips":null,"volume":0.00,"profit":0.00,"swap":0.00,"commission":0.00,"deal_time_broker":"2026-10-01 12:40:29","deal_time_broker_msc":1790858429000,"halted_at_receipt":false,"quarantined_at_receipt":false}
1,23,1790859258973,ea_event,ROLL_ACCEPTED,{"type":"ea_event","seq":12,"ea_time_ms":95281218,"magic":null,"level":"INFO","code":"ROLL_ACCEPTED","reason":null,"ticket":1976761825,"detail":{"ticket":1976761825,"side":"L","layer_index":4,"entry":1.13389,"level":1.12823,"target":1.12931,"accrued":0.00008,"clamped":false,"cost":0.00466,"cost_pips":46.6,"rolled":4,"was_ejected":false,"source":"auto","reroll":false,"from_level":0.00000}}
1,24,1790859450886,ea_event,ROLL_ACCEPTED,{"type":"ea_event","seq":13,"ea_time_ms":95281218,"magic":null,"level":"INFO","code":"ROLL_ACCEPTED","reason":null,"ticket":1976795818,"detail":{"ticket":1976795818,"side":"L","layer_index":5,"entry":1.13319,"level":1.12753,"target":1.12861,"accrued":0.00008,"clamped":false,"cost":0.00466,"cost_pips":46.6,"rolled":5,"was_ejected":false,"source":"auto","reroll":false,"from_level":0.00000}}
1,25,1790859610146,ea_event,ROLL_ACCEPTED,{"type":"ea_event","seq":14,"ea_time_ms":95281234,"magic":null,"level":"INFO","code":"ROLL_ACCEPTED","reason":null,"ticket":1977659142,"detail":{"ticket":1977659142,"side":"L","layer_index":6,"entry":1.13249,"level":1.12683,"target":1.12783,"accrued":0.00000,"clamped":false,"cost":0.00466,"cost_pips":46.6,"rolled":6,"was_ejected":false,"source":"auto","reroll":false,"from_level":0.00000}}
1,27,1790860062266,ea_event,STRAY_L0_CANCEL,{"type":"ea_event","seq":15,"ea_time_ms":95281250,"magic":null,"level":"WARN","code":"STRAY_L0_CANCEL","reason":null,"ticket":9019,"detail":{"side":"S","depth":1}}
1,27,1790860504824,ea_event,,{"type":"fill_log","seq":16,"ea_time_ms":95281265,"magic":22260201,"deal_ticket":800000006,"order_ticket":9021,"position_id":900000006,"entry_type":"IN","deal_type":"BUY","side":"L","layer_index":6,"role":"EXT","deal_price":1.12783,"order_price_open":null,"slippage_pips":null,"volume":0.00,"profit":0.00,"swap":0.00,"commission":0.00,"deal_time_broker":"2026-10-01 13:15:04","deal_time_broker_msc":1790860504000,"halted_at_receipt":false,"quarantined_at_receipt":false}
1,31,1790861224918,ea_event,,{"type":"fill_log","seq":17,"ea_time_ms":95281296,"magic":22260201,"deal_ticket":800000007,"order_ticket":9025,"position_id":900000007,"entry_type":"IN","deal_type":"BUY","side":"L","layer_index":5,"role":"EXT","deal_price":1.12866,"order_price_open":null,"slippage_pips":null,"volume":0.00,"profit":0.00,"swap":0.00,"commission":0.00,"deal_time_broker":"2026-10-01 13:27:04","deal_time_broker_msc":1790861224000,"halted_at_receipt":false,"quarantined_at_receipt":false}
1,34,1790861365412,ea_event,,{"type":"fill_log","seq":18,"ea_time_ms":95281312,"magic":22260201,"deal_ticket":800000008,"order_ticket":9028,"position_id":900000008,"entry_type":"IN","deal_type":"SELL","side":"S","layer_index":2,"role":"ENT","deal_price":1.12885,"order_price_open":null,"slippage_pips":null,"volume":0.00,"profit":0.00,"swap":0.00,"commission":0.00,"deal_time_broker":"2026-10-01 13:29:25","deal_time_broker_msc":1790861365000,"halted_at_receipt":false,"quarantined_at_receipt":false}
1,38,1790862729244,ea_event,,{"type":"fill_log","seq":19,"ea_time_ms":95281359,"magic":22260201,"deal_ticket":800000009,"order_ticket":9031,"position_id":900000009,"entry_type":"IN","deal_type":"SELL","side":"S","layer_index":3,"role":"ENT","deal_price":1.12957,"order_price_open":null,"slippage_pips":null,"volume":0.00,"profit":0.00,"swap":0.00,"commission":0.00,"deal_time_broker":"2026-10-01 13:52:09","deal_time_broker_msc":1790862729000,"halted_at_receipt":false,"quarantined_at_receipt":false}
1,42,1790864730641,ea_event,,{"type":"fill_log","seq":20,"ea_time_ms":95281437,"magic":22260201,"deal_ticket":800000010,"order_ticket":9026,"position_id":900000010,"entry_type":"IN","deal_type":"BUY","side":"L","layer_index":9,"role":"ENT","deal_price":1.12821,"order_price_open":null,"slippage_pips":null,"volume":0.00,"profit":0.00,"swap":0.00,"commission":0.00,"deal_time_broker":"2026-10-01 14:25:30","deal_time_broker_msc":1790864730000,"halted_at_receipt":false,"quarantined_at_receipt":false}
1,43,1790865550516,ea_event,,{"type":"fill_log","seq":21,"ea_time_ms":95281468,"magic":22260201,"deal_ticket":800000011,"order_ticket":9041,"position_id":900000011,"entry_type":"IN","deal_type":"BUY","side":"L","layer_index":9,"role":"EXT","deal_price":1.12920,"order_price_open":null,"slippage_pips":null,"volume":0.00,"profit":0.00,"swap":0.00,"commission":0.00,"deal_time_broker":"2026-10-01 14:39:10","deal_time_broker_msc":1790865550000,"halted_at_receipt":false,"quarantined_at_receipt":false}
1,51,1790866497376,ea_event,,{"type":"fill_log","seq":22,"ea_time_ms":95281515,"magic":22260201,"deal_ticket":800000012,"order_ticket":9046,"position_id":900000012,"entry_type":"IN","deal_type":"BUY","side":"L","layer_index":2,"role":"EXT","deal_price":1.13076,"order_price_open":null,"slippage_pips":null,"volume":0.00,"profit":0.00,"swap":0.00,"commission":0.00,"deal_time_broker":"2026-10-01 14:54:57","deal_time_broker_msc":1790866497000,"halted_at_receipt":false,"quarantined_at_receipt":false}
1,55,1790867382360,ea_event,,{"type":"fill_log","seq":23,"ea_time_ms":95281546,"magic":22260201,"deal_ticket":800000013,"order_ticket":9051,"position_id":900000013,"entry_type":"IN","deal_type":"SELL","side":"S","layer_index":5,"role":"EXT","deal_price":1.12994,"order_price_open":null,"slippage_pips":null,"volume":0.00,"profit":0.00,"swap":0.00,"commission":0.00,"deal_time_broker":"2026-10-01 15:09:42","deal_time_broker_msc":1790867382000,"halted_at_receipt":false,"quarantined_at_receipt":false}
1,58,1790867801578,ea_event,,{"type":"fill_log","seq":24,"ea_time_ms":95281562,"magic":22260201,"deal_ticket":800000014,"order_ticket":9047,"position_id":900000014,"entry_type":"IN","deal_type":"BUY","side":"L","layer_index":8,"role":"ENT","deal_price":1.12961,"order_price_open":null,"slippage_pips":null,"volume":0.00,"profit":0.00,"swap":0.00,"commission":0.00,"deal_time_broker":"2026-10-01 15:16:41","deal_time_broker_msc":1790867801000,"halted_at_receipt":false,"quarantined_at_receipt":false}
1,59,1790868364695,ea_event,,{"type":"fill_log","seq":25,"ea_time_ms":95281578,"magic":22260201,"deal_ticket":800000015,"order_ticket":9053,"position_id":900000015,"entry_type":"IN","deal_type":"SELL","side":"S","layer_index":4,"role":"EXT","deal_price":1.12922,"order_price_open":null,"slippage_pips":null,"volume":0.00,"profit":0.00,"swap":0.00,"commission":0.00,"deal_time_broker":"2026-10-01 15:26:04","deal_time_broker_msc":1790868364000,"halted_at_receipt":false,"quarantined_at_receipt":false}
1,67,1790873251935,ea_event,,{"type":"fill_log","seq":26,"ea_time_ms":95281734,"magic":22260201,"deal_ticket":800000016,"order_ticket":9064,"position_id":900000016,"entry_type":"IN","deal_type":"BUY","side":"L","layer_index":10,"role":"EXT","deal_price":1.12923,"order_price_open":null,"slippage_pips":null,"volume":0.00,"profit":0.00,"swap":0.00,"commission":0.00,"deal_time_broker":"2026-10-01 16:47:31","deal_time_broker_msc":1790873251000,"halted_at_receipt":false,"quarantined_at_receipt":false}
1,70,1790873697647,ea_event,,{"type":"fill_log","seq":27,"ea_time_ms":95281765,"magic":22260201,"deal_ticket":800000017,"order_ticket":9063,"position_id":900000017,"entry_type":"IN","deal_type":"SELL","side":"S","layer_index":3,"role":"ENT","deal_price":1.12956,"order_price_open":null,"slippage_pips":null,"volume":0.00,"profit":0.00,"swap":0.00,"commission":0.00,"deal_time_broker":"2026-10-01 16:54:57","deal_time_broker_msc":1790873697000,"halted_at_receipt":false,"quarantined_at_receipt":false}
1,71,1790874324583,ea_event,,{"type":"fill_log","seq":28,"ea_time_ms":95281781,"magic":22260201,"deal_ticket":800000018,"order_ticket":9070,"position_id":900000018,"entry_type":"IN","deal_type":"SELL","side":"S","layer_index":3,"role":"EXT","deal_price":1.12855,"order_price_open":null,"slippage_pips":null,"volume":0.00,"profit":0.00,"swap":0.00,"commission":0.00,"deal_time_broker":"2026-10-01 17:05:24","deal_time_broker_msc":1790874324000,"halted_at_receipt":false,"quarantined_at_receipt":false}
1,74,1790875895582,ea_event,,{"type":"fill_log","seq":29,"ea_time_ms":95281890,"magic":22260201,"deal_ticket":800000019,"order_ticket":9067,"position_id":900000019,"entry_type":"IN","deal_type":"BUY","side":"L","layer_index":10,"role":"ENT","deal_price":1.12815,"order_price_open":null,"slippage_pips":null,"volume":0.00,"profit":0.00,"swap":0.00,"commission":0.00,"deal_time_broker":"2026-10-01 17:31:35","deal_time_broker_msc":1790875895000,"halted_at_receipt":false,"quarantined_at_receipt":false}
1,79,1790876643115,ea_event,,{"type":"fill_log","seq":30,"ea_time_ms":95281937,"magic":22260201,"deal_ticket":800000020,"order_ticket":9076,"position_id":900000020,"entry_type":"IN","deal_type":"SELL","side":"S","layer_index":1,"role":"EXT","deal_price":1.12713,"order_price_open":null,"slippage_pips":null,"volume":0.00,"profit":0.00,"swap":0.00,"commission":0.00,"deal_time_broker":"2026-10-01 17:44:03","deal_time_broker_msc":1790876643000,"halted_at_receipt":false,"quarantined_at_receipt":false}
1,86,1790877913638,ea_event,ROLL_ACCEPTED,{"type":"ea_event","seq":31,"ea_time_ms":95282000,"magic":null,"level":"INFO","code":"ROLL_ACCEPTED","reason":null,"ticket":1977728160,"detail":{"ticket":1977728160,"side":"L","layer_index":7,"entry":1.13174,"level":1.12602,"target":1.12702,"accrued":0.00000,"clamped":false,"cost":0.00472,"cost_pips":47.2,"rolled":3,"was_ejected":false,"source":"auto","reroll":false,"from_level":0.00000}}
1,88,1790877964489,ea_event,ROLL_ACCEPTED,{"type":"ea_event","seq":32,"ea_time_ms":95282000,"magic":null,"level":"INFO","code":"ROLL_ACCEPTED","reason":null,"ticket":1979228897,"detail":{"ticket":1979228897,"side":"L","layer_index":8,"entry":1.12961,"level":1.12532,"target":1.12632,"accrued":0.00000,"clamped":false,"cost":0.00329,"cost_pips":32.9,"rolled":4,"was_ejected":false,"source":"auto","reroll":false,"from_level":0.00000}}
1,88,1790879435254,ea_event,ROLL_ACCEPTED,{"type":"ea_event","seq":33,"ea_time_ms":95282093,"magic":null,"level":"INFO","code":"ROLL_ACCEPTED","reason":null,"ticket":1979310667,"detail":{"ticket":1979310667,"side":"L","layer_index":9,"entry":1.12892,"level":1.12462,"target":1.12562,"accrued":0.00000,"clamped":false,"cost":0.00330,"cost_pips":33.0,"rolled":5,"was_ejected":false,"source":"auto","reroll":false,"from_level":0.00000}}
1,89,1790879436257,ea_event,ROLL_ACCEPTED,{"type":"ea_event","seq":34,"ea_time_ms":95282093,"magic":null,"level":"INFO","code":"ROLL_ACCEPTED","reason":null,"ticket":1979610661,"detail":{"ticket":1979610661,"side":"L","layer_index":10,"entry":1.12815,"level":1.12392,"target":1.12492,"accrued":0.00000,"clamped":false,"cost":0.00323,"cost_pips":32.3,"rolled":6,"was_ejected":false,"source":"auto","reroll":false,"from_level":0.00000}}
1,91,1790879661027,ea_event,ROLL_ACCEPTED,{"type":"ea_event","seq":35,"ea_time_ms":95282109,"magic":null,"level":"INFO","code":"ROLL_ACCEPTED","reason":null,"ticket":1979809148,"detail":{"ticket":1979809148,"side":"L","layer_index":11,"entry":1.12742,"level":1.12322,"target":1.12422,"accrued":0.00000,"clamped":false,"cost":0.00320,"cost_pips":32.0,"rolled":7,"was_ejected":false,"source":"auto","reroll":false,"from_level":0.00000}}
1,91,1790879816092,ea_event,,{"type":"fill_log","seq":36,"ea_time_ms":95282125,"magic":22260201,"deal_ticket":800000021,"order_ticket":9082,"position_id":900000021,"entry_type":"IN","deal_type":"SELL","side":"S","layer_index":0,"role":"ENT","deal_price":1.12393,"order_price_open":null,"slippage_pips":null,"volume":0.00,"profit":0.00,"swap":0.00,"commission":0.00,"deal_time_broker":"2026-10-01 18:36:56","deal_time_broker_msc":1790879816000,"halted_at_receipt":false,"quarantined_at_receipt":false}
1,95,1790880685428,ea_event,,{"type":"fill_log","seq":37,"ea_time_ms":95282187,"magic":22260201,"deal_ticket":800000022,"order_ticket":9089,"position_id":900000022,"entry_type":"IN","deal_type":"SELL","side":"S","layer_index":0,"role":"EXT","deal_price":1.12290,"order_price_open":null,"slippage_pips":null,"volume":0.00,"profit":0.00,"swap":0.00,"commission":0.00,"deal_time_broker":"2026-10-01 18:51:25","deal_time_broker_msc":1790880685000,"halted_at_receipt":false,"quarantined_at_receipt":false}
1,98,1790898652001,ea_event,CARRY_SNAPSHOT,{"type":"ea_event","seq":38,"ea_time_ms":95282750,"magic":null,"level":"INFO","code":"CARRY_SNAPSHOT","reason":"EURUSD","ticket":null,"detail":{"symbol":"EURUSD","swap_mode":1,"swap_long":-7.9900,"swap_short":1.3100,"multiplier":1,"day_of_week":4,"rollover3days":3,"digits":5,"point":0.00001000,"tick_value":1.00000000,"tick_size":0.00001000,"stops_level":0,"freeze_level":0,"long_pips":-0.799,"short_pips":0.131,"eligible_long":7,"eligible_short":0,"trade_mode_full":true,"mult_today":1,"mult_tomorrow":1,"accrued_swap_long":0.00,"accrued_swap_short":0.00}}
1,98,1790898652001,ea_event,CARRY_EXIT_SHIFT,{"type":"ea_event","seq":39,"ea_time_ms":95282750,"magic":null,"level":"INFO","code":"CARRY_EXIT_SHIFT","reason":"EURUSD","ticket":null,"detail":{"position_ticket":1975880441,"side":"long","layer_index":0,"accrued_ledger_pips":-2.500,"pending_pips":-0.799,"accrued_pips_total":-3.299,"old_price":1.13212,"new_price":1.13237,"clamped":false,"sign_guard_skipped":false,"retcode":10009,"points_native_pips":-0.799}}
1,98,1790898772001,ea_event,CARRY_EXIT_SHIFT,{"type":"ea_event","seq":40,"ea_time_ms":95282750,"magic":null,"level":"INFO","code":"CARRY_EXIT_SHIFT","reason":"EURUSD","ticket":null,"detail":{"position_ticket":1979610661,"side":"long","layer_index":10,"accrued_ledger_pips":0.000,"pending_pips":-0.799,"accrued_pips_total":-0.799,"old_price":1.12492,"new_price":1.12500,"clamped":false,"sign_guard_skipped":false,"retcode":10009,"points_native_pips":-0.799}}
1,98,1790898832001,ea_event,CARRY_PASS_SUMMARY,{"type":"ea_event","seq":41,"ea_time_ms":95282750,"magic":null,"level":"INFO","code":"CARRY_PASS_SUMMARY","reason":"EURUSD","ticket":null,"detail":{"eligible":7,"shifted":2,"clamped":0,"skipped":0,"failed":0,"incomplete":false}}
2,-1,1790909138795,ea_event,,{"type":"fill_log","seq":0,"ea_time_ms":95282812,"magic":22260201,"deal_ticket":800000001,"order_ticket":9000,"position_id":900000001,"entry_type":"IN","deal_type":"SELL","side":"S","layer_index":0,"role":"ENT","deal_price":1.12458,"order_price_open":null,"slippage_pips":null,"volume":0.00,"profit":0.00,"swap":0.00,"commission":0.00,"deal_time_broker":"2026-10-02 02:45:38","deal_time_broker_msc":1790909138000,"halted_at_receipt":false,"quarantined_at_receipt":false}
2,8,1790919099207,ea_event,STRAY_L0_CANCEL,{"type":"ea_event","seq":1,"ea_time_ms":95283031,"magic":null,"level":"WARN","code":"STRAY_L0_CANCEL","reason":null,"ticket":9005,"detail":{"side":"S","depth":1}}
3,-1,1790922489265,ea_event,,{"type":"fill_log","seq":0,"ea_time_ms":95283109,"magic":22260201,"deal_ticket":800000001,"order_ticket":1981380745,"position_id":900000001,"entry_type":"IN","deal_type":"SELL","side":"S","layer_index":1,"role":"ENT","deal_price":1.12498,"order_price_open":null,"slippage_pips":null,"volume":0.00,"profit":0.00,"swap":0.00,"commission":0.00,"deal_time_broker":"2026-10-02 06:28:09","deal_time_broker_msc":1790922489000,"halted_at_receipt":false,"quarantined_at_receipt":false}
3,0,1790922492089,ea_event,,{"type":"fill_log","seq":1,"ea_time_ms":95283109,"magic":22260201,"deal_ticket":800000002,"order_ticket":1981329207,"position_id":900000002,"entry_type":"IN","deal_type":"BUY","side":"L","layer_index":10,"role":"EXT","deal_price":1.12504,"order_price_open":null,"slippage_pips":null,"volume":0.00,"profit":0.00,"swap":0.00,"commission":0.00,"deal_time_broker":"2026-10-02 06:28:12","deal_time_broker_msc":1790922492000,"halted_at_receipt":false,"quarantined_at_receipt":false}
3,3,1790932033245,ea_event,,{"type":"fill_log","seq":2,"ea_time_ms":95283265,"magic":22260201,"deal_ticket":800000003,"order_ticket":9001,"position_id":900000003,"entry_type":"IN","deal_type":"SELL","side":"S","layer_index":2,"role":"ENT","deal_price":1.12569,"order_price_open":null,"slippage_pips":null,"volume":0.00,"profit":0.00,"swap":0.00,"commission":0.00,"deal_time_broker":"2026-10-02 09:07:13","deal_time_broker_msc":1790932033000,"halted_at_receipt":false,"quarantined_at_receipt":false}
3,7,1790936075487,ea_event,,{"type":"fill_log","seq":3,"ea_time_ms":95283406,"magic":22260201,"deal_ticket":800000004,"order_ticket":9005,"position_id":900000004,"entry_type":"IN","deal_type":"SELL","side":"S","layer_index":3,"role":"ENT","deal_price":1.12643,"order_price_open":null,"slippage_pips":null,"volume":0.00,"profit":0.00,"swap":0.00,"commission":0.00,"deal_time_broker":"2026-10-02 10:14:35","deal_time_broker_msc":1790936075000,"halted_at_receipt":false,"quarantined_at_receipt":false}
3,7,1790936076104,ea_event,,{"type":"fill_log","seq":4,"ea_time_ms":95283406,"magic":22260201,"deal_ticket":800000005,"order_ticket":9007,"position_id":900000005,"entry_type":"IN","deal_type":"BUY","side":"L","layer_index":8,"role":"EXT","deal_price":1.12643,"order_price_open":null,"slippage_pips":null,"volume":0.00,"profit":0.00,"swap":0.00,"commission":0.00,"deal_time_broker":"2026-10-02 10:14:35","deal_time_broker_msc":1790936075000,"halted_at_receipt":false,"quarantined_at_receipt":false}
3,15,1790941591639,ea_event,,{"type":"fill_log","seq":5,"ea_time_ms":95283625,"magic":22260201,"deal_ticket":800000006,"order_ticket":9012,"position_id":900000006,"entry_type":"IN","deal_type":"SELL","side":"S","layer_index":2,"role":"EXT","deal_price":1.12468,"order_price_open":null,"slippage_pips":null,"volume":0.00,"profit":0.00,"swap":0.00,"commission":0.00,"deal_time_broker":"2026-10-02 11:46:31","deal_time_broker_msc":1790941591000,"halted_at_receipt":false,"quarantined_at_receipt":false}
3,22,1790946929193,ea_event,,{"type":"fill_log","seq":6,"ea_time_ms":95283781,"magic":22260201,"deal_ticket":800000007,"order_ticket":9019,"position_id":900000007,"entry_type":"IN","deal_type":"BUY","side":"L","layer_index":15,"role":"ENT","deal_price":1.12388,"order_price_open":null,"slippage_pips":null,"volume":0.00,"profit":0.00,"swap":0.00,"commission":0.00,"deal_time_broker":"2026-10-02 13:15:29","deal_time_broker_msc":1790946929000,"halted_at_receipt":false,"quarantined_at_receipt":false}
3,28,1790947830232,ea_event,STRAY_L0_CANCEL,{"type":"ea_event","seq":7,"ea_time_ms":95283828,"magic":null,"level":"WARN","code":"STRAY_L0_CANCEL","reason":null,"ticket":9024,"detail":{"side":"S","depth":1}}
3,28,1790949812236,ea_event,,{"type":"fill_log","seq":8,"ea_time_ms":95283906,"magic":22260201,"deal_ticket":800000008,"order_ticket":9026,"position_id":900000008,"entry_type":"IN","deal_type":"SELL","side":"S","layer_index":0,"role":"EXT","deal_price":1.12286,"order_price_open":null,"slippage_pips":null,"volume":0.00,"profit":0.00,"swap":0.00,"commission":0.00,"deal_time_broker":"2026-10-02 14:03:32","deal_time_broker_msc":1790949812000,"halted_at_receipt":false,"quarantined_at_receipt":false}
3,31,1790950585967,ea_event,,{"type":"fill_log","seq":9,"ea_time_ms":95283937,"magic":22260201,"deal_ticket":800000009,"order_ticket":9028,"position_id":900000009,"entry_type":"IN","deal_type":"SELL","side":"S","layer_index":0,"role":"ENT","deal_price":1.12357,"order_price_open":null,"slippage_pips":null,"volume":0.00,"profit":0.00,"swap":0.00,"commission":0.00,"deal_time_broker":"2026-10-02 14:16:25","deal_time_broker_msc":1790950585000,"halted_at_receipt":false,"quarantined_at_receipt":false}
3,40,1790953608019,ea_event,,{"type":"fill_log","seq":10,"ea_time_ms":95284062,"magic":22260201,"deal_ticket":800000010,"order_ticket":9031,"position_id":900000010,"entry_type":"IN","deal_type":"SELL","side":"S","layer_index":0,"role":"EXT","deal_price":1.12256,"order_price_open":null,"slippage_pips":null,"volume":0.00,"profit":0.00,"swap":0.00,"commission":0.00,"deal_time_broker":"2026-10-02 15:06:48","deal_time_broker_msc":1790953608000,"halted_at_receipt":false,"quarantined_at_receipt":false}
3,44,1790953711458,ea_event,ROLL_ACCEPTED,{"type":"ea_event","seq":11,"ea_time_ms":95284062,"magic":null,"level":"INFO","code":"ROLL_ACCEPTED","reason":null,"ticket":1979871645,"detail":{"ticket":1979871645,"side":"L","layer_index":12,"entry":1.12672,"level":1.12247,"target":1.12355,"accrued":0.00008,"clamped":false,"cost":0.00325,"cost_pips":32.5,"rolled":4,"was_ejected":false,"source":"auto","reroll":false,"from_level":0.00000}}
3,44,1790954738684,ea_event,,{"type":"fill_log","seq":12,"ea_time_ms":95284093,"magic":22260201,"deal_ticket":800000011,"order_ticket":9038,"position_id":900000011,"entry_type":"IN","deal_type":"SELL","side":"S","layer_index":0,"role":"ENT","deal_price":1.12287,"order_price_open":null,"slippage_pips":null,"volume":0.00,"profit":0.00,"swap":0.00,"commission":0.00,"deal_time_broker":"2026-10-02 15:25:38","deal_time_broker_msc":1790954738000,"halted_at_receipt":false,"quarantined_at_receipt":false}
3,45,1790955002349,ea_event,,{"type":"fill_log","seq":13,"ea_time_ms":95284109,"magic":22260201,"deal_ticket":800000012,"order_ticket":9039,"position_id":900000012,"entry_type":"IN","deal_type":"BUY","side":"L","layer_index":12,"role":"EXT","deal_price":1.12573,"order_price_open":null,"slippage_pips":null,"volume":0.00,"profit":0.00,"swap":0.00,"commission":0.00,"deal_time_broker":"2026-10-02 15:30:02","deal_time_broker_msc":1790955002000,"halted_at_receipt":false,"quarantined_at_receipt":false}
3,45,1790955002349,ea_event,,{"type":"fill_log","seq":14,"ea_time_ms":95284109,"magic":22260201,"deal_ticket":800000013,"order_ticket":9041,"position_id":900000013,"entry_type":"IN","deal_type":"SELL","side":"S","layer_index":1,"role":"ENT","deal_price":1.12573,"order_price_open":null,"slippage_pips":null,"volume":0.00,"profit":0.00,"swap":0.00,"commission":0.00,"deal_time_broker":"2026-10-02 15:30:02","deal_time_broker_msc":1790955002000,"halted_at_receipt":false,"quarantined_at_receipt":false}
3,45,1790955003760,ea_event,,{"type":"fill_log","seq":15,"ea_time_ms":95284109,"magic":22260201,"deal_ticket":800000014,"order_ticket":700000014,"position_id":1979871645,"entry_type":"OUT_BY","deal_type":"SELL","side":null,"layer_index":null,"role":null,"deal_price":1.12573,"order_price_open":null,"slippage_pips":null,"volume":0.00,"profit":-0.99,"swap":-0.08,"commission":0.00,"deal_time_broker":"2026-10-02 15:30:03","deal_time_broker_msc":1790955003000,"halted_at_receipt":false,"quarantined_at_receipt":false}
3,45,1790955003760,ea_event,ROLL_FILLED,{"type":"ea_event","seq":16,"ea_time_ms":95284109,"magic":null,"level":"INFO","code":"ROLL_FILLED","reason":null,"ticket":1979871645,"detail":{"ticket":1979871645,"level":1.12247}}
3,45,1790955003760,ea_event,,{"type":"fill_log","seq":17,"ea_time_ms":95284109,"magic":22260201,"deal_ticket":800000015,"order_ticket":700000014,"position_id":900000012,"entry_type":"OUT_BY","deal_type":"SELL","side":null,"layer_index":null,"role":null,"deal_price":1.12672,"order_price_open":null,"slippage_pips":null,"volume":0.00,"profit":0.00,"swap":0.00,"commission":0.00,"deal_time_broker":"2026-10-02 15:30:03","deal_time_broker_msc":1790955003000,"halted_at_receipt":false,"quarantined_at_receipt":false}
3,45,1790955003760,scalp,SCALP_CLOSED,{"close_time":"2026-10-02T15:30:03Z","instrument":"EURUSD","direction":"LONG","entry_price":1.12672,"exit_price":1.12573,"layer_depth":12,"stack_depth":8,"gross_pnl":-1.07,"instance_id":"GRIND_EURUSD_OPTB","ejected":false,"rolled":true,"broker_utc_offset_s":10800,"account_login":53077984}
3,45,1790955005731,ea_event,,{"type":"fill_log","seq":18,"ea_time_ms":95284109,"magic":22260201,"deal_ticket":800000016,"order_ticket":9045,"position_id":900000014,"entry_type":"IN","deal_type":"BUY","side":"L","layer_index":16,"role":"EXT","deal_price":1.12600,"order_price_open":null,"slippage_pips":null,"volume":0.00,"profit":0.00,"swap":0.00,"commission":0.00,"deal_time_broker":"2026-10-02 15:30:05","deal_time_broker_msc":1790955005000,"halted_at_receipt":false,"quarantined_at_receipt":false}
3,45,1790955006966,ea_event,,{"type":"fill_log","seq":19,"ea_time_ms":95284109,"magic":22260201,"deal_ticket":800000017,"order_ticket":700000017,"position_id":1982624348,"entry_type":"OUT_BY","deal_type":"SELL","side":null,"layer_index":null,"role":null,"deal_price":1.12600,"order_price_open":null,"slippage_pips":null,"volume":0.00,"profit":2.83,"swap":0.00,"commission":0.00,"deal_time_broker":"2026-10-02 15:30:06","deal_time_broker_msc":1790955006000,"halted_at_receipt":false,"quarantined_at_receipt":false}
3,45,1790955006966,ea_event,,{"type":"fill_log","seq":20,"ea_time_ms":95284109,"magic":22260201,"deal_ticket":800000018,"order_ticket":700000017,"position_id":900000014,"entry_type":"OUT_BY","deal_type":"SELL","side":null,"layer_index":null,"role":null,"deal_price":1.12317,"order_price_open":null,"slippage_pips":null,"volume":0.00,"profit":0.00,"swap":0.00,"commission":0.00,"deal_time_broker":"2026-10-02 15:30:06","deal_time_broker_msc":1790955006000,"halted_at_receipt":false,"quarantined_at_receipt":false}
3,45,1790955006966,scalp,SCALP_CLOSED,{"close_time":"2026-10-02T15:30:06Z","instrument":"EURUSD","direction":"LONG","entry_price":1.12317,"exit_price":1.12600,"layer_depth":16,"stack_depth":7,"gross_pnl":2.83,"instance_id":"GRIND_EURUSD_OPTB","ejected":false,"rolled":false,"broker_utc_offset_s":10800,"account_login":53077984}
3,47,1790955016361,ea_event,,{"type":"fill_log","seq":21,"ea_time_ms":95284109,"magic":22260201,"deal_ticket":800000019,"order_ticket":9050,"position_id":900000015,"entry_type":"IN","deal_type":"SELL","side":"S","layer_index":1,"role":"EXT","deal_price":1.12411,"order_price_open":null,"slippage_pips":null,"volume":0.00,"profit":0.00,"swap":0.00,"commission":0.00,"deal_time_broker":"2026-10-02 15:30:16","deal_time_broker_msc":1790955016000,"halted_at_receipt":false,"quarantined_at_receipt":false}
3,47,1790955017196,ea_event,,{"type":"fill_log","seq":22,"ea_time_ms":95284109,"magic":22260201,"deal_ticket":800000020,"order_ticket":700000020,"position_id":1982764044,"entry_type":"OUT_BY","deal_type":"SELL","side":null,"layer_index":null,"role":null,"deal_price":1.12411,"order_price_open":null,"slippage_pips":null,"volume":0.00,"profit":1.01,"swap":0.00,"commission":0.00,"deal_time_broker":"2026-10-02 15:30:17","deal_time_broker_msc":1790955017000,"halted_at_receipt":false,"quarantined_at_receipt":false}
3,47,1790955017196,ea_event,,{"type":"fill_log","seq":23,"ea_time_ms":95284109,"magic":22260201,"deal_ticket":800000021,"order_ticket":700000020,"position_id":900000015,"entry_type":"OUT_BY","deal_type":"SELL","side":null,"layer_index":null,"role":null,"deal_price":1.12512,"order_price_open":null,"slippage_pips":null,"volume":0.00,"profit":0.00,"swap":0.00,"commission":0.00,"deal_time_broker":"2026-10-02 15:30:17","deal_time_broker_msc":1790955017000,"halted_at_receipt":false,"quarantined_at_receipt":false}
3,47,1790955017196,scalp,SCALP_CLOSED,{"close_time":"2026-10-02T15:30:17Z","instrument":"EURUSD","direction":"SHORT","entry_price":1.12512,"exit_price":1.12411,"layer_depth":1,"stack_depth":2,"gross_pnl":1.01,"instance_id":"GRIND_EURUSD_OPTB","ejected":false,"rolled":false,"broker_utc_offset_s":10800,"account_login":53077984}
3,47,1790955018770,ea_event,,{"type":"fill_log","seq":24,"ea_time_ms":95284109,"magic":22260201,"deal_ticket":800000022,"order_ticket":9052,"position_id":900000016,"entry_type":"IN","deal_type":"SELL","side":"S","layer_index":1,"role":"ENT","deal_price":1.12419,"order_price_open":null,"slippage_pips":null,"volume":0.00,"profit":0.00,"swap":0.00,"commission":0.00,"deal_time_broker":"2026-10-02 15:30:18","deal_time_broker_msc":1790955018000,"halted_at_receipt":false,"quarantined_at_receipt":false}
3,52,1790955026191,ea_event,,{"type":"fill_log","seq":25,"ea_time_ms":95284109,"magic":22260201,"deal_ticket":800000023,"order_ticket":9049,"position_id":900000017,"entry_type":"IN","deal_type":"BUY","side":"L","layer_index":16,"role":"EXT","deal_price":1.12477,"order_price_open":null,"slippage_pips":null,"volume":0.00,"profit":0.00,"swap":0.00,"commission":0.00,"deal_time_broker":"2026-10-02 15:30:26","deal_time_broker_msc":1790955026000,"halted_at_receipt":false,"quarantined_at_receipt":false}
3,52,1790955026191,ea_event,,{"type":"fill_log","seq":26,"ea_time_ms":95284109,"magic":22260201,"deal_ticket":800000024,"order_ticket":9055,"position_id":900000018,"entry_type":"IN","deal_type":"SELL","side":"S","layer_index":1,"role":"ENT","deal_price":1.12477,"order_price_open":null,"slippage_pips":null,"volume":0.00,"profit":0.00,"swap":0.00,"commission":0.00,"deal_time_broker":"2026-10-02 15:30:26","deal_time_broker_msc":1790955026000,"halted_at_receipt":false,"quarantined_at_receipt":false}
3,52,1790955027059,ea_event,,{"type":"fill_log","seq":27,"ea_time_ms":95284109,"magic":22260201,"deal_ticket":800000025,"order_ticket":700000025,"position_id":1982624348,"entry_type":"OUT_BY","deal_type":"SELL","side":null,"layer_index":null,"role":null,"deal_price":1.12477,"order_price_open":null,"slippage_pips":null,"volume":0.00,"profit":1.60,"swap":0.00,"commission":0.00,"deal_time_broker":"2026-10-02 15:30:27","deal_time_broker_msc":1790955027000,"halted_at_receipt":false,"quarantined_at_receipt":false}
3,52,1790955027059,ea_event,,{"type":"fill_log","seq":28,"ea_time_ms":95284109,"magic":22260201,"deal_ticket":800000026,"order_ticket":700000025,"position_id":900000017,"entry_type":"OUT_BY","deal_type":"SELL","side":null,"layer_index":null,"role":null,"deal_price":1.12317,"order_price_open":null,"slippage_pips":null,"volume":0.00,"profit":0.00,"swap":0.00,"commission":0.00,"deal_time_broker":"2026-10-02 15:30:27","deal_time_broker_msc":1790955027000,"halted_at_receipt":false,"quarantined_at_receipt":false}
3,52,1790955027059,scalp,SCALP_CLOSED,{"close_time":"2026-10-02T15:30:27Z","instrument":"EURUSD","direction":"LONG","entry_price":1.12317,"exit_price":1.12477,"layer_depth":16,"stack_depth":7,"gross_pnl":1.60,"instance_id":"GRIND_EURUSD_OPTB","ejected":false,"rolled":false,"broker_utc_offset_s":10800,"account_login":53077984}
3,56,1790955072354,ea_event,,{"type":"fill_log","seq":29,"ea_time_ms":95284125,"magic":22260201,"deal_ticket":800000027,"order_ticket":9058,"position_id":900000019,"entry_type":"IN","deal_type":"BUY","side":"L","layer_index":15,"role":"EXT","deal_price":1.12493,"order_price_open":null,"slippage_pips":null,"volume":0.00,"profit":0.00,"swap":0.00,"commission":0.00,"deal_time_broker":"2026-10-02 15:31:12","deal_time_broker_msc":1790955072000,"halted_at_receipt":false,"quarantined_at_receipt":false}
3,59,1790955079176,ea_event,,{"type":"fill_log","seq":30,"ea_time_ms":95284125,"magic":22260201,"deal_ticket":800000028,"order_ticket":9062,"position_id":900000020,"entry_type":"IN","deal_type":"SELL","side":"S","layer_index":2,"role":"ENT","deal_price":1.12537,"order_price_open":null,"slippage_pips":null,"volume":0.00,"profit":0.00,"swap":0.00,"commission":0.00,"deal_time_broker":"2026-10-02 15:31:19","deal_time_broker_msc":1790955079000,"halted_at_receipt":false,"quarantined_at_receipt":false}
3,60,1790955148637,ea_event,,{"type":"fill_log","seq":31,"ea_time_ms":95284125,"magic":22260201,"deal_ticket":800000029,"order_ticket":9063,"position_id":900000021,"entry_type":"IN","deal_type":"BUY","side":"L","layer_index":14,"role":"EXT","deal_price":1.12563,"order_price_open":null,"slippage_pips":null,"volume":0.00,"profit":0.00,"swap":0.00,"commission":0.00,"deal_time_broker":"2026-10-02 15:32:28","deal_time_broker_msc":1790955148000,"halted_at_receipt":false,"quarantined_at_receipt":false}
3,63,1790955212090,ea_event,,{"type":"fill_log","seq":32,"ea_time_ms":95284125,"magic":22260201,"deal_ticket":800000030,"order_ticket":9069,"position_id":900000022,"entry_type":"IN","deal_type":"BUY","side":"L","layer_index":14,"role":"ENT","deal_price":1.12456,"order_price_open":null,"slippage_pips":null,"volume":0.00,"profit":0.00,"swap":0.00,"commission":0.00,"deal_time_broker":"2026-10-02 15:33:32","deal_time_broker_msc":1790955212000,"halted_at_receipt":false,"quarantined_at_receipt":false}
3,67,1790955770439,ea_event,,{"type":"fill_log","seq":33,"ea_time_ms":95284187,"magic":22260201,"deal_ticket":800000031,"order_ticket":9071,"position_id":900000023,"entry_type":"IN","deal_type":"BUY","side":"L","layer_index":15,"role":"ENT","deal_price":1.12384,"order_price_open":null,"slippage_pips":null,"volume":0.00,"profit":0.00,"swap":0.00,"commission":0.00,"deal_time_broker":"2026-10-02 15:42:50","deal_time_broker_msc":1790955770000,"halted_at_receipt":false,"quarantined_at_receipt":false}
3,68,1790956166589,ea_event,,{"type":"fill_log","seq":34,"ea_time_ms":95284218,"magic":22260201,"deal_ticket":800000032,"order_ticket":9077,"position_id":900000024,"entry_type":"IN","deal_type":"BUY","side":"L","layer_index":15,"role":"EXT","deal_price":1.12494,"order_price_open":null,"slippage_pips":null,"volume":0.00,"profit":0.00,"swap":0.00,"commission":0.00,"deal_time_broker":"2026-10-02 15:49:26","deal_time_broker_msc":1790956166000,"halted_at_receipt":false,"quarantined_at_receipt":false}
3,84,1790958129698,ea_event,,{"type":"fill_log","seq":35,"ea_time_ms":95284359,"magic":22260201,"deal_ticket":800000033,"order_ticket":9090,"position_id":900000025,"entry_type":"IN","deal_type":"SELL","side":"S","layer_index":2,"role":"EXT","deal_price":1.12435,"order_price_open":null,"slippage_pips":null,"volume":0.00,"profit":0.00,"swap":0.00,"commission":0.00,"deal_time_broker":"2026-10-02 16:22:09","deal_time_broker_msc":1790958129000,"halted_at_receipt":false,"quarantined_at_receipt":false}
3,87,1790958562407,ea_event,,{"type":"fill_log","seq":36,"ea_time_ms":95284375,"magic":22260201,"deal_ticket":800000034,"order_ticket":9095,"position_id":900000026,"entry_type":"IN","deal_type":"SELL","side":"S","layer_index":2,"role":"ENT","deal_price":1.12535,"order_price_open":null,"slippage_pips":null,"volume":0.00,"profit":0.00,"swap":0.00,"commission":0.00,"deal_time_broker":"2026-10-02 16:29:22","deal_time_broker_msc":1790958562000,"halted_at_receipt":false,"quarantined_at_receipt":false}
3,95,1790959839539,ea_event,,{"type":"fill_log","seq":37,"ea_time_ms":95284453,"magic":22260201,"deal_ticket":800000035,"order_ticket":9102,"position_id":900000027,"entry_type":"IN","deal_type":"SELL","side":"S","layer_index":4,"role":"ENT","deal_price":1.12678,"order_price_open":null,"slippage_pips":null,"volume":0.00,"profit":0.00,"swap":0.00,"commission":0.00,"deal_time_broker":"2026-10-02 16:50:39","deal_time_broker_msc":1790959839000,"halted_at_receipt":false,"quarantined_at_receipt":false}
3,96,1790960263446,ea_event,,{"type":"fill_log","seq":38,"ea_time_ms":95284484,"magic":22260201,"deal_ticket":800000036,"order_ticket":9103,"position_id":900000028,"entry_type":"IN","deal_type":"BUY","side":"L","layer_index":7,"role":"EXT","deal_price":1.12717,"order_price_open":null,"slippage_pips":null,"volume":0.00,"profit":0.00,"swap":0.00,"commission":0.00,"deal_time_broker":"2026-10-02 16:57:43","deal_time_broker_msc":1790960263000,"halted_at_receipt":false,"quarantined_at_receipt":false}
3,96,1790960263881,ea_event,,{"type":"fill_log","seq":39,"ea_time_ms":95284484,"magic":22260201,"deal_ticket":800000037,"order_ticket":700000037,"position_id":1977728160,"entry_type":"OUT_BY","deal_type":"SELL","side":null,"layer_index":null,"role":null,"deal_price":1.12717,"order_price_open":null,"slippage_pips":null,"volume":0.00,"profit":-4.57,"swap":-0.08,"commission":0.00,"deal_time_broker":"2026-10-02 16:57:43","deal_time_broker_msc":1790960263000,"halted_at_receipt":false,"quarantined_at_receipt":false}
3,96,1790960263881,ea_event,ROLL_FILLED,{"type":"ea_event","seq":40,"ea_time_ms":95284484,"magic":null,"level":"INFO","code":"ROLL_FILLED","reason":null,"ticket":1977728160,"detail":{"ticket":1977728160,"level":1.12602}}
3,96,1790960263881,ea_event,,{"type":"fill_log","seq":41,"ea_time_ms":95284484,"magic":22260201,"deal_ticket":800000038,"order_ticket":700000037,"position_id":900000028,"entry_type":"OUT_BY","deal_type":"SELL","side":null,"layer_index":null,"role":null,"deal_price":1.13174,"order_price_open":null,"slippage_pips":null,"volume":0.00,"profit":0.00,"swap":0.00,"commission":0.00,"deal_time_broker":"2026-10-02 16:57:43","deal_time_broker_msc":1790960263000,"halted_at_receipt":false,"quarantined_at_receipt":false}
3,96,1790960263881,scalp,SCALP_CLOSED,{"close_time":"2026-10-02T16:57:43Z","instrument":"EURUSD","direction":"LONG","entry_price":1.13174,"exit_price":1.12717,"layer_depth":7,"stack_depth":3,"gross_pnl":-4.65,"instance_id":"GRIND_EURUSD_OPTB","ejected":false,"rolled":true,"broker_utc_offset_s":10800,"account_login":53077984}
3,99,1790960265254,ea_event,,{"type":"fill_log","seq":42,"ea_time_ms":95284484,"magic":22260201,"deal_ticket":800000039,"order_ticket":9109,"position_id":900000029,"entry_type":"IN","deal_type":"BUY","side":"L","layer_index":2,"role":"ENT","deal_price":1.12703,"order_price_open":null,"slippage_pips":null,"volume":0.00,"profit":0.00,"swap":0.00,"commission":0.00,"deal_time_broker":"2026-10-02 16:57:45","deal_time_broker_msc":1790960265000,"halted_at_receipt":false,"quarantined_at_receipt":false}
3,100,1790960345737,ea_event,,{"type":"fill_log","seq":43,"ea_time_ms":95284484,"magic":22260201,"deal_ticket":800000040,"order_ticket":9106,"position_id":900000030,"entry_type":"IN","deal_type":"SELL","side":"S","layer_index":5,"role":"ENT","deal_price":1.12751,"order_price_open":null,"slippage_pips":null,"volume":0.00,"profit":0.00,"swap":0.00,"commission":0.00,"deal_time_broker":"2026-10-02 16:59:05","deal_time_broker_msc":1790960345000,"halted_at_receipt":false,"quarantined_at_receipt":false}
3,101,1790960701289,ea_event,,{"type":"fill_log","seq":44,"ea_time_ms":95284500,"magic":22260201,"deal_ticket":800000041,"order_ticket":9114,"position_id":900000031,"entry_type":"IN","deal_type":"SELL","side":"S","layer_index":6,"role":"ENT","deal_price":1.12822,"order_price_open":null,"slippage_pips":null,"volume":0.00,"profit":0.00,"swap":0.00,"commission":0.00,"deal_time_broker":"2026-10-02 17:05:01","deal_time_broker_msc":1790960701000,"halted_at_receipt":false,"quarantined_at_receipt":false}
3,102,1790960947230,ea_event,,{"type":"fill_log","seq":45,"ea_time_ms":95284531,"magic":22260201,"deal_ticket":800000042,"order_ticket":9112,"position_id":900000032,"entry_type":"IN","deal_type":"BUY","side":"L","layer_index":2,"role":"EXT","deal_price":1.12847,"order_price_open":null,"slippage_pips":null,"volume":0.00,"profit":0.00,"swap":0.00,"commission":0.00,"deal_time_broker":"2026-10-02 17:09:07","deal_time_broker_msc":1790960947000,"halted_at_receipt":false,"quarantined_at_receipt":false}
3,105,1790960950655,ea_event,,{"type":"fill_log","seq":46,"ea_time_ms":95284531,"magic":22260201,"deal_ticket":800000043,"order_ticket":9120,"position_id":900000033,"entry_type":"IN","deal_type":"BUY","side":"L","layer_index":2,"role":"ENT","deal_price":1.12843,"order_price_open":null,"slippage_pips":null,"volume":0.00,"profit":0.00,"swap":0.00,"commission":0.00,"deal_time_broker":"2026-10-02 17:09:10","deal_time_broker_msc":1790960950000,"halted_at_receipt":false,"quarantined_at_receipt":false}
4,2,1790964258231,ea_event,,{"type":"fill_log","seq":0,"ea_time_ms":95285078,"magic":22260201,"deal_ticket":800000001,"order_ticket":1983449572,"position_id":900000001,"entry_type":"IN","deal_type":"BUY","side":"L","layer_index":4,"role":"ENT","deal_price":1.12702,"order_price_open":null,"slippage_pips":null,"volume":0.00,"profit":0.00,"swap":0.00,"commission":0.00,"deal_time_broker":"2026-10-02 18:04:18","deal_time_broker_msc":1790964258000,"halted_at_receipt":false,"quarantined_at_receipt":false}
4,7,1790965471664,ea_event,,{"type":"fill_log","seq":1,"ea_time_ms":95285125,"magic":22260201,"deal_ticket":800000002,"order_ticket":9005,"position_id":900000002,"entry_type":"IN","deal_type":"SELL","side":"S","layer_index":4,"role":"EXT","deal_price":1.12577,"order_price_open":null,"slippage_pips":null,"volume":0.00,"profit":0.00,"swap":0.00,"commission":0.00,"deal_time_broker":"2026-10-02 18:24:31","deal_time_broker_msc":1790965471000,"halted_at_receipt":false,"quarantined_at_receipt":false}
4,14,1790970510820,ea_event,,{"type":"fill_log","seq":2,"ea_time_ms":95285296,"magic":22260201,"deal_ticket":800000003,"order_ticket":9014,"position_id":900000003,"entry_type":"IN","deal_type":"SELL","side":"S","layer_index":3,"role":"ENT","deal_price":1.12609,"order_price_open":null,"slippage_pips":null,"volume":0.00,"profit":0.00,"swap":0.00,"commission":0.00,"deal_time_broker":"2026-10-02 19:48:30","deal_time_broker_msc":1790970510000,"halted_at_receipt":false,"quarantined_at_receipt":false}
4,19,1790979887701,ea_event,,{"type":"fill_log","seq":3,"ea_time_ms":95285500,"magic":22260201,"deal_ticket":800000004,"order_ticket":9020,"position_id":900000004,"entry_type":"IN","deal_type":"BUY","side":"L","layer_index":7,"role":"EXT","deal_price":1.12594,"order_price_open":null,"slippage_pips":null,"volume":0.00,"profit":0.00,"swap":0.00,"commission":0.00,"deal_time_broker":"2026-10-02 22:24:47","deal_time_broker_msc":1790979887000,"halted_at_receipt":false,"quarantined_at_receipt":false}
4,22,1790985052001,ea_event,CARRY_SNAPSHOT,{"type":"ea_event","seq":4,"ea_time_ms":95285578,"magic":null,"level":"INFO","code":"CARRY_SNAPSHOT","reason":"EURUSD","ticket":null,"detail":{"symbol":"EURUSD","swap_mode":1,"swap_long":-7.9900,"swap_short":1.3100,"multiplier":1,"day_of_week":5,"rollover3days":3,"digits":5,"point":0.00001000,"tick_value":1.00000000,"tick_size":0.00001000,"stops_level":0,"freeze_level":0,"long_pips":-0.799,"short_pips":0.131,"eligible_long":7,"eligible_short":3,"trade_mode_full":true,"mult_today":1,"mult_tomorrow":0,"accrued_swap_long":0.00,"accrued_swap_short":0.00}}
4,22,1790985052001,ea_event,CARRY_EXIT_SHIFT,{"type":"ea_event","seq":5,"ea_time_ms":95285578,"magic":null,"level":"INFO","code":"CARRY_EXIT_SHIFT","reason":"EURUSD","ticket":null,"detail":{"position_ticket":1975880441,"side":"long","layer_index":0,"accrued_ledger_pips":-3.300,"pending_pips":0.000,"accrued_pips_total":-3.300,"old_price":1.13237,"new_price":1.13237,"clamped":false,"sign_guard_skipped":false,"retcode":10009,"points_native_pips":-1.598}}
4,22,1790985232001,ea_event,CARRY_EXIT_SHIFT,{"type":"ea_event","seq":6,"ea_time_ms":95285578,"magic":null,"level":"INFO","code":"CARRY_EXIT_SHIFT","reason":"EURUSD","ticket":null,"detail":{"position_ticket":1983732798,"side":"long","layer_index":6,"accrued_ledger_pips":0.000,"pending_pips":0.000,"accrued_pips_total":0.000,"old_price":1.12662,"new_price":1.12662,"clamped":false,"sign_guard_skipped":false,"retcode":10009,"points_native_pips":-0.799}}
4,22,1790985232001,ea_event,CARRY_EXIT_SHIFT,{"type":"ea_event","seq":7,"ea_time_ms":95285578,"magic":null,"level":"INFO","code":"CARRY_EXIT_SHIFT","reason":"EURUSD","ticket":null,"detail":{"position_ticket":1982703029,"side":"short","layer_index":0,"accrued_ledger_pips":0.000,"pending_pips":0.000,"accrued_pips_total":0.000,"old_price":1.12187,"new_price":1.12187,"clamped":false,"sign_guard_skipped":false,"retcode":10009,"points_native_pips":0.131}}
4,22,1790985292001,ea_event,CARRY_EXIT_SHIFT,{"type":"ea_event","seq":8,"ea_time_ms":95285578,"magic":null,"level":"INFO","code":"CARRY_EXIT_SHIFT","reason":"EURUSD","ticket":null,"detail":{"position_ticket":1983149416,"side":"short","layer_index":2,"accrued_ledger_pips":0.000,"pending_pips":0.000,"accrued_pips_total":0.000,"old_price":1.12435,"new_price":1.12435,"clamped":false,"sign_guard_skipped":false,"retcode":10009,"points_native_pips":0.131}}
4,22,1790985292001,ea_event,CARRY_PASS_SUMMARY,{"type":"ea_event","seq":9,"ea_time_ms":95285578,"magic":null,"level":"INFO","code":"CARRY_PASS_SUMMARY","reason":"EURUSD","ticket":null,"detail":{"eligible":10,"shifted":4,"clamped":0,"skipped":0,"failed":0,"incomplete":false}}
4,22,1791071452001,ea_event,CARRY_SNAPSHOT,{"type":"ea_event","seq":10,"ea_time_ms":95285640,"magic":null,"level":"INFO","code":"CARRY_SNAPSHOT","reason":"EURUSD","ticket":null,"detail":{"symbol":"EURUSD","swap_mode":1,"swap_long":-7.9900,"swap_short":1.3100,"multiplier":0,"day_of_week":6,"rollover3days":3,"digits":5,"point":0.00001000,"tick_value":1.00000000,"tick_size":0.00001000,"stops_level":0,"freeze_level":0,"long_pips":0.000,"short_pips":0.000,"eligible_long":7,"eligible_short":3,"trade_mode_full":true,"mult_today":0,"mult_tomorrow":0,"accrued_swap_long":0.00,"accrued_swap_short":0.00}}
4,22,1791072052001,ea_event,CARRY_PASS_INCOMPLETE,{"type":"ea_event","seq":11,"ea_time_ms":95285640,"magic":null,"level":"INFO","code":"CARRY_PASS_INCOMPLETE","reason":"EURUSD","ticket":null,"detail":{"eligible":10,"shifted":0,"clamped":0,"skipped":0,"failed":0,"incomplete":true}}
4,22,1791158452001,ea_event,CARRY_PASS_INCOMPLETE,{"type":"ea_event","seq":12,"ea_time_ms":95285687,"magic":null,"level":"INFO","code":"CARRY_PASS_INCOMPLETE","reason":"EURUSD","ticket":null,"detail":{"eligible":10,"shifted":0,"clamped":0,"skipped":0,"failed":0,"incomplete":true}}
4,27,1791171968619,ea_event,,{"type":"fill_log","seq":13,"ea_time_ms":95285859,"magic":22260201,"deal_ticket":800000005,"order_ticket":9025,"position_id":900000005,"entry_type":"IN","deal_type":"SELL","side":"S","layer_index":2,"role":"EXT","deal_price":1.12431,"order_price_open":null,"slippage_pips":null,"volume":0.00,"profit":0.00,"swap":0.00,"commission":0.00,"deal_time_broker":"2026-10-05 03:46:08","deal_time_broker_msc":1791171968000,"halted_at_receipt":false,"quarantined_at_receipt":false}
4,31,1791172290867,ea_event,ROLL_ACCEPTED,{"type":"ea_event","seq":14,"ea_time_ms":95285875,"magic":null,"level":"INFO","code":"ROLL_ACCEPTED","reason":null,"ticket":1983436242,"detail":{"ticket":1983436242,"side":"L","layer_index":2,"entry":1.12843,"level":1.12422,"target":1.12522,"accrued":0.00000,"clamped":false,"cost":0.00321,"cost_pips":32.1,"rolled":3,"was_ejected":false,"source":"auto","reroll":false,"from_level":0.00000}}
4,31,1791173718602,ea_event,,{"type":"fill_log","seq":15,"ea_time_ms":95285906,"magic":22260201,"deal_ticket":800000006,"order_ticket":9028,"position_id":900000006,"entry_type":"IN","deal_type":"SELL","side":"S","layer_index":1,"role":"EXT","deal_price":1.12362,"order_price_open":null,"slippage_pips":null,"volume":0.00,"profit":0.00,"swap":0.00,"commission":0.00,"deal_time_broker":"2026-10-05 04:15:18","deal_time_broker_msc":1791173718000,"halted_at_receipt":false,"quarantined_at_receipt":false}
4,34,1791173721218,ea_event,,{"type":"fill_log","seq":16,"ea_time_ms":95285906,"magic":22260201,"deal_ticket":800000007,"order_ticket":9031,"position_id":900000007,"entry_type":"IN","deal_type":"SELL","side":"S","layer_index":1,"role":"ENT","deal_price":1.12365,"order_price_open":null,"slippage_pips":null,"volume":0.00,"profit":0.00,"swap":0.00,"commission":0.00,"deal_time_broker":"2026-10-05 04:15:21","deal_time_broker_msc":1791173721000,"halted_at_receipt":false,"quarantined_at_receipt":false}
4,36,1791174084826,ea_event,ROLL_ACCEPTED,{"type":"ea_event","seq":17,"ea_time_ms":95285921,"magic":null,"level":"INFO","code":"ROLL_ACCEPTED","reason":null,"ticket":1983436344,"detail":{"ticket":1983436344,"side":"L","layer_index":3,"entry":1.12773,"level":1.12352,"target":1.12452,"accrued":0.00000,"clamped":false,"cost":0.00321,"cost_pips":32.1,"rolled":4,"was_ejected":false,"source":"auto","reroll":false,"from_level":0.00000}}
4,37,1791176898045,ea_event,ROLL_ACCEPTED,{"type":"ea_event","seq":18,"ea_time_ms":95285968,"magic":null,"level":"INFO","code":"ROLL_ACCEPTED","reason":null,"ticket":1983449572,"detail":{"ticket":1983449572,"side":"L","layer_index":4,"entry":1.12702,"level":1.12282,"target":1.12382,"accrued":0.00000,"clamped":false,"cost":0.00320,"cost_pips":32.0,"rolled":5,"was_ejected":false,"source":"auto","reroll":false,"from_level":0.00000}}
4,37,1791177146908,ea_event,,{"type":"fill_log","seq":19,"ea_time_ms":95285984,"magic":22260201,"deal_ticket":800000008,"order_ticket":9034,"position_id":900000008,"entry_type":"IN","deal_type":"SELL","side":"S","layer_index":1,"role":"EXT","deal_price":1.12252,"order_price_open":null,"slippage_pips":null,"volume":0.00,"profit":0.00,"swap":0.00,"commission":0.00,"deal_time_broker":"2026-10-05 05:12:26","deal_time_broker_msc":1791177146000,"halted_at_receipt":false,"quarantined_at_receipt":false}
4,41,1791177439237,ea_event,ROLL_ACCEPTED,{"type":"ea_event","seq":20,"ea_time_ms":95285984,"magic":null,"level":"INFO","code":"ROLL_ACCEPTED","reason":null,"ticket":1983681597,"detail":{"ticket":1983681597,"side":"L","layer_index":5,"entry":1.12632,"level":1.12212,"target":1.12312,"accrued":0.00000,"clamped":false,"cost":0.00320,"cost_pips":32.0,"rolled":6,"was_ejected":false,"source":"auto","reroll":false,"from_level":0.00000}}
4,45,1791177557053,ea_event,ROLL_ACCEPTED,{"type":"ea_event","seq":21,"ea_time_ms":95286000,"magic":null,"level":"INFO","code":"ROLL_ACCEPTED","reason":null,"ticket":1983732798,"detail":{"ticket":1983732798,"side":"L","layer_index":6,"entry":1.12562,"level":1.12142,"target":1.12242,"accrued":0.00000,"clamped":false,"cost":0.00320,"cost_pips":32.0,"rolled":7,"was_ejected":false,"source":"auto","reroll":false,"from_level":0.00000}}
4,46,1791178588481,ea_event,ROLL_ACCEPTED,{"type":"ea_event","seq":22,"ea_time_ms":95286015,"magic":null,"level":"INFO","code":"ROLL_ACCEPTED","reason":null,"ticket":1984302101,"detail":{"ticket":1984302101,"side":"L","layer_index":7,"entry":1.12492,"level":1.12072,"target":1.12172,"accrued":0.00000,"clamped":false,"cost":0.00320,"cost_pips":32.0,"rolled":8,"was_ejected":false,"source":"auto","reroll":false,"from_level":0.00000}}
4,46,1791179371880,ea_event,ROLL_STRANDED,{"type":"ea_event","seq":23,"ea_time_ms":95286046,"magic":null,"level":"WARN","code":"ROLL_STRANDED","reason":"L","ticket":null,"detail":{"side":"L","depth":8,"rolled":8,"lowest_effective":1.12072,"market":1.11932,"steps":2}}
4,47,1791179453172,ea_event,STRAY_L0_CANCEL,{"type":"ea_event","seq":24,"ea_time_ms":95286062,"magic":null,"level":"WARN","code":"STRAY_L0_CANCEL","reason":null,"ticket":9039,"detail":{"side":"S","depth":1}}
4,50,1791179889575,ea_event,,{"type":"fill_log","seq":25,"ea_time_ms":95286093,"magic":22260201,"deal_ticket":800000009,"order_ticket":9044,"position_id":900000009,"entry_type":"IN","deal_type":"SELL","side":"S","layer_index":0,"role":"ENT","deal_price":1.11749,"order_price_open":null,"slippage_pips":null,"volume":0.00,"profit":0.00,"swap":0.00,"commission":0.00,"deal_time_broker":"2026-10-05 05:58:09","deal_time_broker_msc":1791179889000,"halted_at_receipt":false,"quarantined_at_receipt":false}
4,51,1791180137856,ea_event,,{"type":"fill_log","seq":26,"ea_time_ms":95286109,"magic":22260201,"deal_ticket":800000010,"order_ticket":9046,"position_id":900000010,"entry_type":"IN","deal_type":"SELL","side":"S","layer_index":1,"role":"ENT","deal_price":1.11817,"order_price_open":null,"slippage_pips":null,"volume":0.00,"profit":0.00,"swap":0.00,"commission":0.00,"deal_time_broker":"2026-10-05 06:02:17","deal_time_broker_msc":1791180137000,"halted_at_receipt":false,"quarantined_at_receipt":false}
4,52,1791180380115,ea_event,,{"type":"fill_log","seq":27,"ea_time_ms":95286109,"magic":22260201,"deal_ticket":800000011,"order_ticket":9050,"position_id":900000011,"entry_type":"IN","deal_type":"SELL","side":"S","layer_index":1,"role":"EXT","deal_price":1.11705,"order_price_open":null,"slippage_pips":null,"volume":0.00,"profit":0.00,"swap":0.00,"commission":0.00,"deal_time_broker":"2026-10-05 06:06:20","deal_time_broker_msc":1791180380000,"halted_at_receipt":false,"quarantined_at_receipt":false}
4,55,1791180431446,ea_event,,{"type":"fill_log","seq":28,"ea_time_ms":95286125,"magic":22260201,"deal_ticket":800000012,"order_ticket":9047,"position_id":900000012,"entry_type":"IN","deal_type":"SELL","side":"S","layer_index":0,"role":"EXT","deal_price":1.11642,"order_price_open":null,"slippage_pips":null,"volume":0.00,"profit":0.00,"swap":0.00,"commission":0.00,"deal_time_broker":"2026-10-05 06:07:11","deal_time_broker_msc":1791180431000,"halted_at_receipt":false,"quarantined_at_receipt":false}
4,58,1791180566871,ea_event,,{"type":"fill_log","seq":29,"ea_time_ms":95286125,"magic":22260201,"deal_ticket":800000013,"order_ticket":9052,"position_id":900000013,"entry_type":"IN","deal_type":"SELL","side":"S","layer_index":0,"role":"ENT","deal_price":1.11713,"order_price_open":null,"slippage_pips":null,"volume":0.00,"profit":0.00,"swap":0.00,"commission":0.00,"deal_time_broker":"2026-10-05 06:09:26","deal_time_broker_msc":1791180566000,"halted_at_receipt":false,"quarantined_at_receipt":false}
4,61,1791182366608,ea_event,,{"type":"fill_log","seq":30,"ea_time_ms":95286187,"magic":22260201,"deal_ticket":800000014,"order_ticket":9058,"position_id":900000014,"entry_type":"IN","deal_type":"SELL","side":"S","layer_index":2,"role":"EXT","deal_price":1.11749,"order_price_open":null,"slippage_pips":null,"volume":0.00,"profit":0.00,"swap":0.00,"commission":0.00,"deal_time_broker":"2026-10-05 06:39:26","deal_time_broker_msc":1791182366000,"halted_at_receipt":false,"quarantined_at_receipt":false}
4,70,1791183998991,ea_event,,{"type":"fill_log","seq":31,"ea_time_ms":95286250,"magic":22260201,"deal_ticket":800000015,"order_ticket":9063,"position_id":900000015,"entry_type":"IN","deal_type":"SELL","side":"S","layer_index":0,"role":"ENT","deal_price":1.11684,"order_price_open":null,"slippage_pips":null,"volume":0.00,"profit":0.00,"swap":0.00,"commission":0.00,"deal_time_broker":"2026-10-05 07:06:38","deal_time_broker_msc":1791183998000,"halted_at_receipt":false,"quarantined_at_receipt":false}
4,71,1791186099030,ea_event,,{"type":"fill_log","seq":32,"ea_time_ms":95286312,"magic":22260201,"deal_ticket":800000016,"order_ticket":9065,"position_id":900000016,"entry_type":"IN","deal_type":"SELL","side":"S","layer_index":1,"role":"ENT","deal_price":1.11755,"order_price_open":null,"slippage_pips":null,"volume":0.00,"profit":0.00,"swap":0.00,"commission":0.00,"deal_time_broker":"2026-10-05 07:41:39","deal_time_broker_msc":1791186099000,"halted_at_receipt":false,"quarantined_at_receipt":false}
4,72,1791187188989,ea_event,,{"type":"fill_log","seq":33,"ea_time_ms":95286359,"magic":22260201,"deal_ticket":800000017,"order_ticket":9068,"position_id":900000017,"entry_type":"IN","deal_type":"SELL","side":"S","layer_index":2,"role":"ENT","deal_price":1.11826,"order_price_open":null,"slippage_pips":null,"volume":0.00,"profit":0.00,"swap":0.00,"commission":0.00,"deal_time_broker":"2026-10-05 07:59:48","deal_time_broker_msc":1791187188000,"halted_at_receipt":false,"quarantined_at_receipt":false}
4,73,1791189972052,ea_event,,{"type":"fill_log","seq":34,"ea_time_ms":95286437,"magic":22260201,"deal_ticket":800000018,"order_ticket":9071,"position_id":900000018,"entry_type":"IN","deal_type":"SELL","side":"S","layer_index":3,"role":"ENT","deal_price":1.11896,"order_price_open":null,"slippage_pips":null,"volume":0.00,"profit":0.00,"swap":0.00,"commission":0.00,"deal_time_broker":"2026-10-05 08:46:12","deal_time_broker_msc":1791189972000,"halted_at_receipt":false,"quarantined_at_receipt":false}
4,78,1791192835077,ea_event,,{"type":"fill_log","seq":35,"ea_time_ms":95286546,"magic":22260201,"deal_ticket":800000019,"order_ticket":9078,"position_id":900000019,"entry_type":"IN","deal_type":"SELL","side":"S","layer_index":3,"role":"EXT","deal_price":1.11794,"order_price_open":null,"slippage_pips":null,"volume":0.00,"profit":0.00,"swap":0.00,"commission":0.00,"deal_time_broker":"2026-10-05 09:33:55","deal_time_broker_msc":1791192835000,"halted_at_receipt":false,"quarantined_at_receipt":false}
4,87,1791196874602,ea_event,,{"type":"fill_log","seq":36,"ea_time_ms":95286812,"magic":22260201,"deal_ticket":800000020,"order_ticket":9089,"position_id":900000020,"entry_type":"IN","deal_type":"SELL","side":"S","layer_index":5,"role":"ENT","deal_price":1.12037,"order_price_open":null,"slippage_pips":null,"volume":0.00,"profit":0.00,"swap":0.00,"commission":0.00,"deal_time_broker":"2026-10-05 10:41:14","deal_time_broker_msc":1791196874000,"halted_at_receipt":false,"quarantined_at_receipt":false}
4,96,1791204301596,ea_event,,{"type":"fill_log","seq":37,"ea_time_ms":95287140,"magic":22260201,"deal_ticket":800000021,"order_ticket":9096,"position_id":900000021,"entry_type":"IN","deal_type":"BUY","side":"L","layer_index":7,"role":"ENT","deal_price":1.12069,"order_price_open":null,"slippage_pips":null,"volume":0.00,"profit":0.00,"swap":0.00,"commission":0.00,"deal_time_broker":"2026-10-05 12:45:01","deal_time_broker_msc":1791204301000,"halted_at_receipt":false,"quarantined_at_receipt":false}
4,101,1791208481504,ea_event,ROLL_ACCEPTED,{"type":"ea_event","seq":38,"ea_time_ms":95287296,"magic":null,"level":"INFO","code":"ROLL_ACCEPTED","reason":null,"ticket":1986606262,"detail":{"ticket":1986606262,"side":"L","layer_index":7,"entry":1.12069,"level":1.11999,"target":1.12099,"accrued":0.00000,"clamped":false,"cost":-0.00030,"cost_pips":-3.0,"rolled":8,"was_ejected":false,"source":"auto","reroll":false,"from_level":0.00000}}
4,101,1791210517759,ea_event,,{"type":"fill_log","seq":39,"ea_time_ms":95287390,"magic":22260201,"deal_ticket":800000022,"order_ticket":9101,"position_id":900000022,"entry_type":"IN","deal_type":"BUY","side":"L","layer_index":7,"role":"EXT","deal_price":1.12104,"order_price_open":null,"slippage_pips":null,"volume":0.00,"profit":0.00,"swap":0.00,"commission":0.00,"deal_time_broker":"2026-10-05 14:28:37","deal_time_broker_msc":1791210517000,"halted_at_receipt":false,"quarantined_at_receipt":false}
4,105,1791210518964,ea_event,,{"type":"fill_log","seq":40,"ea_time_ms":95287390,"magic":22260201,"deal_ticket":800000023,"order_ticket":9103,"position_id":900000023,"entry_type":"IN","deal_type":"SELL","side":"S","layer_index":6,"role":"ENT","deal_price":1.12107,"order_price_open":null,"slippage_pips":null,"volume":0.00,"profit":0.00,"swap":0.00,"commission":0.00,"deal_time_broker":"2026-10-05 14:28:38","deal_time_broker_msc":1791210518000,"halted_at_receipt":false,"quarantined_at_receipt":false}
4,106,1791213743890,ea_event,,{"type":"fill_log","seq":41,"ea_time_ms":95287562,"magic":22260201,"deal_ticket":800000024,"order_ticket":9106,"position_id":900000024,"entry_type":"IN","deal_type":"SELL","side":"S","layer_index":6,"role":"EXT","deal_price":1.12005,"order_price_open":null,"slippage_pips":null,"volume":0.00,"profit":0.00,"swap":0.00,"commission":0.00,"deal_time_broker":"2026-10-05 15:22:23","deal_time_broker_msc":1791213743000,"halted_at_receipt":false,"quarantined_at_receipt":false}
4,110,1791213772567,ea_event,ROLL_ACCEPTED,{"type":"ea_event","seq":42,"ea_time_ms":95287562,"magic":null,"level":"INFO","code":"ROLL_ACCEPTED","reason":null,"ticket":1986876360,"detail":{"ticket":1986876360,"side":"L","layer_index":7,"entry":1.12071,"level":1.12001,"target":1.12101,"accrued":0.00000,"clamped":false,"cost":-0.00030,"cost_pips":-3.0,"rolled":8,"was_ejected":false,"source":"auto","reroll":false,"from_level":0.00000}}
4,110,1791214197738,ea_event,,{"type":"fill_log","seq":43,"ea_time_ms":95287578,"magic":22260201,"deal_ticket":800000025,"order_ticket":9107,"position_id":900000025,"entry_type":"IN","deal_type":"BUY","side":"L","layer_index":7,"role":"EXT","deal_price":1.12104,"order_price_open":null,"slippage_pips":null,"volume":0.00,"profit":0.00,"swap":0.00,"commission":0.00,"deal_time_broker":"2026-10-05 15:29:57","deal_time_broker_msc":1791214197000,"halted_at_receipt":false,"quarantined_at_receipt":false}
4,119,1791217864500,ea_event,ROLL_ACCEPTED,{"type":"ea_event","seq":44,"ea_time_ms":95287765,"magic":null,"level":"INFO","code":"ROLL_ACCEPTED","reason":null,"ticket":1987048685,"detail":{"ticket":1987048685,"side":"L","layer_index":7,"entry":1.12071,"level":1.12001,"target":1.12101,"accrued":0.00000,"clamped":false,"cost":-0.00030,"cost_pips":-3.0,"rolled":8,"was_ejected":false,"source":"auto","reroll":false,"from_level":0.00000}}
4,119,1791218176811,ea_event,,{"type":"fill_log","seq":45,"ea_time_ms":95287796,"magic":22260201,"deal_ticket":800000026,"order_ticket":9116,"position_id":900000026,"entry_type":"IN","deal_type":"SELL","side":"S","layer_index":5,"role":"EXT","deal_price":1.11932,"order_price_open":null,"slippage_pips":null,"volume":0.00,"profit":0.00,"swap":0.00,"commission":0.00,"deal_time_broker":"2026-10-05 16:36:16","deal_time_broker_msc":1791218176000,"halted_at_receipt":false,"quarantined_at_receipt":false}
4,122,1791222467788,ea_event,,{"type":"fill_log","seq":46,"ea_time_ms":95288093,"magic":22260201,"deal_ticket":800000027,"order_ticket":9119,"position_id":900000027,"entry_type":"IN","deal_type":"SELL","side":"S","layer_index":5,"role":"ENT","deal_price":1.12036,"order_price_open":null,"slippage_pips":null,"volume":0.00,"profit":0.00,"swap":0.00,"commission":0.00,"deal_time_broker":"2026-10-05 17:47:47","deal_time_broker_msc":1791222467000,"halted_at_receipt":false,"quarantined_at_receipt":false}
4,127,1791227168650,ea_event,,{"type":"fill_log","seq":47,"ea_time_ms":95288343,"magic":22260201,"deal_ticket":800000028,"order_ticket":9124,"position_id":900000028,"entry_type":"IN","deal_type":"BUY","side":"L","layer_index":7,"role":"ENT","deal_price":1.12070,"order_price_open":null,"slippage_pips":null,"volume":0.00,"profit":0.00,"swap":0.00,"commission":0.00,"deal_time_broker":"2026-10-05 19:06:08","deal_time_broker_msc":1791227168000,"halted_at_receipt":false,"quarantined_at_receipt":false}
4,128,1791230703568,ea_event,,{"type":"fill_log","seq":48,"ea_time_ms":95288468,"magic":22260201,"deal_ticket":800000029,"order_ticket":9125,"position_id":900000029,"entry_type":"IN","deal_type":"SELL","side":"S","layer_index":6,"role":"EXT","deal_price":1.12005,"order_price_open":null,"slippage_pips":null,"volume":0.00,"profit":0.00,"swap":0.00,"commission":0.00,"deal_time_broker":"2026-10-05 20:05:03","deal_time_broker_msc":1791230703000,"halted_at_receipt":false,"quarantined_at_receipt":false}
4,132,1791230724399,ea_event,ROLL_ACCEPTED,{"type":"ea_event","seq":49,"ea_time_ms":95288484,"magic":null,"level":"INFO","code":"ROLL_ACCEPTED","reason":null,"ticket":1987593353,"detail":{"ticket":1987593353,"side":"L","layer_index":7,"entry":1.12070,"level":1.12000,"target":1.12100,"accrued":0.00000,"clamped":false,"cost":-0.00030,"cost_pips":-3.0,"rolled":8,"was_ejected":false,"source":"auto","reroll":false,"from_level":0.00000}}
4,132,1791233856935,ea_event,,{"type":"fill_log","seq":50,"ea_time_ms":95288578,"magic":22260201,"deal_ticket":800000030,"order_ticket":9128,"position_id":900000030,"entry_type":"IN","deal_type":"BUY","side":"L","layer_index":7,"role":"EXT","deal_price":1.12101,"order_price_open":null,"slippage_pips":null,"volume":0.00,"profit":0.00,"swap":0.00,"commission":0.00,"deal_time_broker":"2026-10-05 20:57:36","deal_time_broker_msc":1791233856000,"halted_at_receipt":false,"quarantined_at_receipt":false}
4,137,1791244201779,ea_event,,{"type":"fill_log","seq":51,"ea_time_ms":95288812,"magic":22260201,"deal_ticket":800000031,"order_ticket":9131,"position_id":900000031,"entry_type":"IN","deal_type":"BUY","side":"L","layer_index":6,"role":"EXT","deal_price":1.12245,"order_price_open":null,"slippage_pips":null,"volume":0.00,"profit":0.00,"swap":0.00,"commission":0.00,"deal_time_broker":"2026-10-05 23:50:01","deal_time_broker_msc":1791244201000,"halted_at_receipt":false,"quarantined_at_receipt":false}
4,141,1791244209366,ea_event,ROLL_ACCEPTED,{"type":"ea_event","seq":52,"ea_time_ms":95288812,"magic":null,"level":"INFO","code":"ROLL_ACCEPTED","reason":null,"ticket":1985806853,"detail":{"ticket":1985806853,"side":"S","layer_index":0,"entry":1.11684,"level":1.12247,"target":1.12147,"accrued":0.00000,"clamped":false,"cost":0.00463,"cost_pips":46.3,"rolled":1,"was_ejected":false,"source":"auto","reroll":false,"from_level":0.00000}}
4,141,1791244252001,ea_event,CARRY_EXIT_SHIFT,{"type":"ea_event","seq":53,"ea_time_ms":95288812,"magic":null,"level":"INFO","code":"CARRY_EXIT_SHIFT","reason":"EURUSD","ticket":null,"detail":{"position_ticket":1975880441,"side":"long","layer_index":0,"accrued_ledger_pips":-4.100,"pending_pips":-0.799,"accrued_pips_total":-4.899,"old_price":1.13237,"new_price":1.13253,"clamped":false,"sign_guard_skipped":false,"retcode":10009,"points_native_pips":-3.995}}
4,141,1791244372001,ea_event,CARRY_EXIT_SHIFT,{"type":"ea_event","seq":54,"ea_time_ms":95288812,"magic":null,"level":"INFO","code":"CARRY_EXIT_SHIFT","reason":"EURUSD","ticket":null,"detail":{"position_ticket":1983681597,"side":"long","layer_index":5,"accrued_ledger_pips":-0.800,"pending_pips":-0.799,"accrued_pips_total":-1.599,"old_price":1.12312,"new_price":1.12328,"clamped":false,"sign_guard_skipped":false,"retcode":10009,"points_native_pips":-2.397}}
4,141,1791244432001,ea_event,CARRY_EXIT_SHIFT,{"type":"ea_event","seq":55,"ea_time_ms":95288812,"magic":null,"level":"INFO","code":"CARRY_EXIT_SHIFT","reason":"EURUSD","ticket":null,"detail":{"position_ticket":1985806853,"side":"short","layer_index":0,"accrued_ledger_pips":0.000,"pending_pips":0.131,"accrued_pips_total":0.131,"old_price":1.12147,"new_price":1.12148,"clamped":false,"sign_guard_skipped":false,"retcode":10009,"points_native_pips":0.131}}
4,141,1791244432001,ea_event,CARRY_EXIT_SHIFT,{"type":"ea_event","seq":56,"ea_time_ms":95288812,"magic":null,"level":"INFO","code":"CARRY_EXIT_SHIFT","reason":"EURUSD","ticket":null,"detail":{"position_ticket":1985808618,"side":"short","layer_index":1,"accrued_ledger_pips":0.000,"pending_pips":0.131,"accrued_pips_total":0.131,"old_price":1.11655,"new_price":1.11656,"clamped":false,"sign_guard_skipped":false,"retcode":10009,"points_native_pips":0.131}}
4,141,1791244612001,ea_event,CARRY_PASS_SUMMARY,{"type":"ea_event","seq":57,"ea_time_ms":95288812,"magic":null,"level":"INFO","code":"CARRY_PASS_SUMMARY","reason":"EURUSD","ticket":null,"detail":{"eligible":14,"shifted":4,"clamped":0,"skipped":0,"failed":0,"incomplete":false}}
6,3,1791259212872,ea_event,,{"type":"fill_log","seq":0,"ea_time_ms":95289046,"magic":22260201,"deal_ticket":800000001,"order_ticket":9002,"position_id":900000001,"entry_type":"IN","deal_type":"BUY","side":"L","layer_index":6,"role":"EXT","deal_price":1.12246,"order_price_open":null,"slippage_pips":null,"volume":0.00,"profit":0.00,"swap":0.00,"commission":0.00,"deal_time_broker":"2026-10-06 04:00:12","deal_time_broker_msc":1791259212000,"halted_at_receipt":false,"quarantined_at_receipt":false}
6,7,1791263686798,ea_event,,{"type":"fill_log","seq":1,"ea_time_ms":95289156,"magic":22260201,"deal_ticket":800000002,"order_ticket":9006,"position_id":900000002,"entry_type":"IN","deal_type":"SELL","side":"S","layer_index":8,"role":"EXT","deal_price":1.12145,"order_price_open":null,"slippage_pips":null,"volume":0.00,"profit":0.00,"swap":0.00,"commission":0.00,"deal_time_broker":"2026-10-06 05:14:46","deal_time_broker_msc":1791263686000,"halted_at_receipt":false,"quarantined_at_receipt":false}
6,10,1791263834853,ea_event,,{"type":"fill_log","seq":2,"ea_time_ms":95289171,"magic":22260201,"deal_ticket":800000003,"order_ticket":9005,"position_id":900000003,"entry_type":"IN","deal_type":"BUY","side":"L","layer_index":6,"role":"ENT","deal_price":1.12141,"order_price_open":null,"slippage_pips":null,"volume":0.00,"profit":0.00,"swap":0.00,"commission":0.00,"deal_time_broker":"2026-10-06 05:17:14","deal_time_broker_msc":1791263834000,"halted_at_receipt":false,"quarantined_at_receipt":false}
7,-1,1791269033744,ea_event,,{"type":"fill_log","seq":0,"ea_time_ms":95289265,"magic":22260201,"deal_ticket":800000001,"order_ticket":1988697118,"position_id":900000001,"entry_type":"IN","deal_type":"BUY","side":"L","layer_index":6,"role":"EXT","deal_price":1.12243,"order_price_open":null,"slippage_pips":null,"volume":0.00,"profit":0.00,"swap":0.00,"commission":0.00,"deal_time_broker":"2026-10-06 06:43:53","deal_time_broker_msc":1791269033000,"halted_at_receipt":false,"quarantined_at_receipt":false}
7,10,1791277597316,ea_event,,{"type":"fill_log","seq":1,"ea_time_ms":95289406,"magic":22260201,"deal_ticket":800000002,"order_ticket":9006,"position_id":900000002,"entry_type":"IN","deal_type":"BUY","side":"L","layer_index":7,"role":"ENT","deal_price":1.12069,"order_price_open":null,"slippage_pips":null,"volume":0.00,"profit":0.00,"swap":0.00,"commission":0.00,"deal_time_broker":"2026-10-06 09:06:37","deal_time_broker_msc":1791277597000,"halted_at_receipt":false,"quarantined_at_receipt":false}
7,18,1791282975094,ea_event,,{"type":"fill_log","seq":2,"ea_time_ms":95289609,"magic":22260201,"deal_ticket":800000003,"order_ticket":9014,"position_id":900000003,"entry_type":"IN","deal_type":"SELL","side":"S","layer_index":8,"role":"ENT","deal_price":1.12246,"order_price_open":null,"slippage_pips":null,"volume":0.00,"profit":0.00,"swap":0.00,"commission":0.00,"deal_time_broker":"2026-10-06 10:36:15","deal_time_broker_msc":1791282975000,"halted_at_receipt":false,"quarantined_at_receipt":false}
7,20,1791283853206,ea_event,ROLL_ACCEPTED,{"type":"ea_event","seq":3,"ea_time_ms":95289640,"magic":null,"level":"INFO","code":"ROLL_ACCEPTED","reason":null,"ticket":1985808618,"detail":{"ticket":1985808618,"side":"S","layer_index":1,"entry":1.11755,"level":1.12316,"target":1.12217,"accrued":0.00001,"clamped":false,"cost":0.00461,"cost_pips":46.1,"rolled":1,"was_ejected":false,"source":"auto","reroll":false,"from_level":0.00000}}
7,24,1791284256160,ea_event,ROLL_ACCEPTED,{"type":"ea_event","seq":4,"ea_time_ms":95289656,"magic":null,"level":"INFO","code":"ROLL_ACCEPTED","reason":null,"ticket":1986168553,"detail":{"ticket":1986168553,"side":"S","layer_index":2,"entry":1.11824,"level":1.12386,"target":1.12287,"accrued":0.00001,"clamped":false,"cost":0.00462,"cost_pips":46.2,"rolled":2,"was_ejected":false,"source":"auto","reroll":false,"from_level":0.00000}}
7,24,1791284271123,ea_event,,{"type":"fill_log","seq":5,"ea_time_ms":95289656,"magic":22260201,"deal_ticket":800000004,"order_ticket":9020,"position_id":900000004,"entry_type":"IN","deal_type":"BUY","side":"L","layer_index":4,"role":"EXT","deal_price":1.12398,"order_price_open":null,"slippage_pips":null,"volume":0.00,"profit":0.00,"swap":0.00,"commission":0.00,"deal_time_broker":"2026-10-06 10:57:51","deal_time_broker_msc":1791284271000,"halted_at_receipt":false,"quarantined_at_receipt":false}
7,27,1791284913107,ea_event,,{"type":"fill_log","seq":6,"ea_time_ms":95289687,"magic":22260201,"deal_ticket":800000005,"order_ticket":9019,"position_id":900000005,"entry_type":"IN","deal_type":"SELL","side":"S","layer_index":2,"role":"EXT","deal_price":1.12289,"order_price_open":null,"slippage_pips":null,"volume":0.00,"profit":0.00,"swap":0.00,"commission":0.00,"deal_time_broker":"2026-10-06 11:08:33","deal_time_broker_msc":1791284913000,"halted_at_receipt":false,"quarantined_at_receipt":false}
7,31,1791286623239,ea_event,,{"type":"fill_log","seq":7,"ea_time_ms":95289765,"magic":22260201,"deal_ticket":800000006,"order_ticket":9027,"position_id":900000006,"entry_type":"IN","deal_type":"BUY","side":"L","layer_index":4,"role":"EXT","deal_price":1.12385,"order_price_open":null,"slippage_pips":null,"volume":0.00,"profit":0.00,"swap":0.00,"commission":0.00,"deal_time_broker":"2026-10-06 11:37:03","deal_time_broker_msc":1791286623000,"halted_at_receipt":false,"quarantined_at_receipt":false}
7,36,1791286877951,ea_event,ROLL_ACCEPTED,{"type":"ea_event","seq":8,"ea_time_ms":95289781,"magic":null,"level":"INFO","code":"ROLL_ACCEPTED","reason":null,"ticket":1986184228,"detail":{"ticket":1986184228,"side":"S","layer_index":3,"entry":1.11894,"level":1.12456,"target":1.12357,"accrued":0.00001,"clamped":false,"cost":0.00462,"cost_pips":46.2,"rolled":2,"was_ejected":false,"source":"auto","reroll":false,"from_level":0.00000}}
7,42,1791289255989,ea_event,,{"type":"fill_log","seq":9,"ea_time_ms":95289859,"magic":22260201,"deal_ticket":800000007,"order_ticket":9034,"position_id":900000007,"entry_type":"IN","deal_type":"BUY","side":"L","layer_index":3,"role":"ENT","deal_price":1.12347,"order_price_open":null,"slippage_pips":null,"volume":0.00,"profit":0.00,"swap":0.00,"commission":0.00,"deal_time_broker":"2026-10-06 12:20:55","deal_time_broker_msc":1791289255000,"halted_at_receipt":false,"quarantined_at_receipt":false}
7,46,1791290066008,ea_event,,{"type":"fill_log","seq":10,"ea_time_ms":95289875,"magic":22260201,"deal_ticket":800000008,"order_ticket":9036,"position_id":900000008,"entry_type":"IN","deal_type":"SELL","side":"S","layer_index":10,"role":"ENT","deal_price":1.12459,"order_price_open":null,"slippage_pips":null,"volume":0.00,"profit":0.00,"swap":0.00,"commission":0.00,"deal_time_broker":"2026-10-06 12:34:26","deal_time_broker_msc":1791290066000,"halted_at_receipt":false,"quarantined_at_receipt":false}
7,48,1791296131224,ea_event,ROLL_ACCEPTED,{"type":"ea_event","seq":11,"ea_time_ms":95290062,"magic":null,"level":"INFO","code":"ROLL_ACCEPTED","reason":null,"ticket":1986210743,"detail":{"ticket":1986210743,"side":"S","layer_index":4,"entry":1.11964,"level":1.12529,"target":1.12430,"accrued":0.00001,"clamped":false,"cost":0.00465,"cost_pips":46.5,"rolled":2,"was_ejected":false,"source":"auto","reroll":false,"from_level":0.00000}}
7,48,1791296133110,ea_event,,{"type":"fill_log","seq":12,"ea_time_ms":95290062,"magic":22260201,"deal_ticket":800000009,"order_ticket":9040,"position_id":900000009,"entry_type":"IN","deal_type":"BUY","side":"L","layer_index":2,"role":"EXT","deal_price":1.12540,"order_price_open":null,"slippage_pips":null,"volume":0.00,"profit":0.00,"swap":0.00,"commission":0.00,"deal_time_broker":"2026-10-06 14:15:33","deal_time_broker_msc":1791296133000,"halted_at_receipt":false,"quarantined_at_receipt":false}
7,53,1791296731783,ea_event,ROLL_ACCEPTED,{"type":"ea_event","seq":13,"ea_time_ms":95290078,"magic":null,"level":"INFO","code":"ROLL_ACCEPTED","reason":null,"ticket":1987260003,"detail":{"ticket":1987260003,"side":"S","layer_index":5,"entry":1.12036,"level":1.12599,"target":1.12500,"accrued":0.00001,"clamped":false,"cost":0.00463,"cost_pips":46.3,"rolled":3,"was_ejected":false,"source":"auto","reroll":false,"from_level":0.00000}}
7,56,1791296739355,ea_event,,{"type":"fill_log","seq":14,"ea_time_ms":95290078,"magic":22260201,"deal_ticket":800000010,"order_ticket":9051,"position_id":900000010,"entry_type":"IN","deal_type":"BUY","side":"L","layer_index":2,"role":"ENT","deal_price":1.12624,"order_price_open":null,"slippage_pips":null,"volume":0.00,"profit":0.00,"swap":0.00,"commission":0.00,"deal_time_broker":"2026-10-06 14:25:39","deal_time_broker_msc":1791296739000,"halted_at_receipt":false,"quarantined_at_receipt":false}
7,58,1791297649831,ea_event,ROLL_ACCEPTED,{"type":"ea_event","seq":15,"ea_time_ms":95290125,"magic":null,"level":"INFO","code":"ROLL_ACCEPTED","reason":null,"ticket":1987903330,"detail":{"ticket":1987903330,"side":"S","layer_index":6,"entry":1.12106,"level":1.12669,"target":1.12570,"accrued":0.00001,"clamped":false,"cost":0.00463,"cost_pips":46.3,"rolled":4,"was_ejected":false,"source":"auto","reroll":false,"from_level":0.00000}}
7,59,1791298994203,ea_event,ROLL_ACCEPTED,{"type":"ea_event","seq":16,"ea_time_ms":95290203,"magic":null,"level":"INFO","code":"ROLL_ACCEPTED","reason":null,"ticket":1989191279,"detail":{"ticket":1989191279,"side":"S","layer_index":7,"entry":1.12176,"level":1.12739,"target":1.12639,"accrued":0.00000,"clamped":false,"cost":0.00463,"cost_pips":46.3,"rolled":5,"was_ejected":false,"source":"auto","reroll":false,"from_level":0.00000}}
7,67,1791301504973,ea_event,,{"type":"fill_log","seq":17,"ea_time_ms":95290328,"magic":22260201,"deal_ticket":800000011,"order_ticket":9062,"position_id":900000011,"entry_type":"IN","deal_type":"BUY","side":"L","layer_index":4,"role":"ENT","deal_price":1.12605,"order_price_open":null,"slippage_pips":null,"volume":0.00,"profit":0.00,"swap":0.00,"commission":0.00,"deal_time_broker":"2026-10-06 15:45:04","deal_time_broker_msc":1791301504000,"halted_at_receipt":false,"quarantined_at_receipt":false}
7,72,1791304768428,ea_event,,{"type":"fill_log","seq":18,"ea_time_ms":95290468,"magic":22260201,"deal_ticket":800000012,"order_ticket":9068,"position_id":900000012,"entry_type":"IN","deal_type":"SELL","side":"S","layer_index":5,"role":"EXT","deal_price":1.12494,"order_price_open":null,"slippage_pips":null,"volume":0.00,"profit":0.00,"swap":0.00,"commission":0.00,"deal_time_broker":"2026-10-06 16:39:28","deal_time_broker_msc":1791304768000,"halted_at_receipt":false,"quarantined_at_receipt":false}
7,75,1791308458943,ea_event,,{"type":"fill_log","seq":19,"ea_time_ms":95290609,"magic":22260201,"deal_ticket":800000013,"order_ticket":9070,"position_id":900000013,"entry_type":"IN","deal_type":"BUY","side":"L","layer_index":6,"role":"ENT","deal_price":1.12462,"order_price_open":null,"slippage_pips":null,"volume":0.00,"profit":0.00,"swap":0.00,"commission":0.00,"deal_time_broker":"2026-10-06 17:40:58","deal_time_broker_msc":1791308458000,"halted_at_receipt":false,"quarantined_at_receipt":false}
7,79,1791310020250,ea_event,,{"type":"fill_log","seq":20,"ea_time_ms":95290671,"magic":22260201,"deal_ticket":800000014,"order_ticket":9064,"position_id":900000014,"entry_type":"IN","deal_type":"SELL","side":"S","layer_index":11,"role":"ENT","deal_price":1.12604,"order_price_open":null,"slippage_pips":null,"volume":0.00,"profit":0.00,"swap":0.00,"commission":0.00,"deal_time_broker":"2026-10-06 18:07:00","deal_time_broker_msc":1791310020000,"halted_at_receipt":false,"quarantined_at_receipt":false}
7,80,1791310557680,ea_event,,{"type":"fill_log","seq":21,"ea_time_ms":95290687,"magic":22260201,"deal_ticket":800000015,"order_ticket":9075,"position_id":900000015,"entry_type":"IN","deal_type":"BUY","side":"L","layer_index":5,"role":"EXT","deal_price":1.12635,"order_price_open":null,"slippage_pips":null,"volume":0.00,"profit":0.00,"swap":0.00,"commission":0.00,"deal_time_broker":"2026-10-06 18:15:57","deal_time_broker_msc":1791310557000,"halted_at_receipt":false,"quarantined_at_receipt":false}
7,83,1791311763855,ea_event,,{"type":"fill_log","seq":22,"ea_time_ms":95290734,"magic":22260201,"deal_ticket":800000016,"order_ticket":9078,"position_id":900000016,"entry_type":"IN","deal_type":"SELL","side":"S","layer_index":12,"role":"ENT","deal_price":1.12678,"order_price_open":null,"slippage_pips":null,"volume":0.00,"profit":0.00,"swap":0.00,"commission":0.00,"deal_time_broker":"2026-10-06 18:36:03","deal_time_broker_msc":1791311763000,"halted_at_receipt":false,"quarantined_at_receipt":false}
7,87,1791330643001,ea_event,CARRY_SNAPSHOT,{"type":"ea_event","seq":23,"ea_time_ms":95291125,"magic":null,"level":"INFO","code":"CARRY_SNAPSHOT","reason":"EURUSD","ticket":null,"detail":{"symbol":"EURUSD","swap_mode":1,"swap_long":-7.9900,"swap_short":1.3100,"multiplier":1,"day_of_week":2,"rollover3days":3,"digits":5,"point":0.00001000,"tick_value":1.00000000,"tick_size":0.00001000,"stops_level":0,"freeze_level":0,"long_pips":-0.799,"short_pips":0.131,"eligible_long":5,"eligible_short":6,"trade_mode_full":true,"mult_today":1,"mult_tomorrow":3,"accrued_swap_long":0.00,"accrued_swap_short":0.00}}
7,87,1791330643001,ea_event,CARRY_EXIT_SHIFT,{"type":"ea_event","seq":24,"ea_time_ms":95291125,"magic":null,"level":"INFO","code":"CARRY_EXIT_SHIFT","reason":"EURUSD","ticket":null,"detail":{"position_ticket":1975880441,"side":"long","layer_index":0,"accrued_ledger_pips":-4.900,"pending_pips":-2.397,"accrued_pips_total":-7.297,"old_price":1.13253,"new_price":1.13277,"clamped":false,"sign_guard_skipped":false,"retcode":10009,"points_native_pips":-4.794}}
7,87,1791330763001,ea_event,CARRY_EXIT_SHIFT,{"type":"ea_event","seq":25,"ea_time_ms":95291125,"magic":null,"level":"INFO","code":"CARRY_EXIT_SHIFT","reason":"EURUSD","ticket":null,"detail":{"position_ticket":1990112259,"side":"long","layer_index":4,"accrued_ledger_pips":0.000,"pending_pips":-2.397,"accrued_pips_total":-2.397,"old_price":1.12705,"new_price":1.12729,"clamped":false,"sign_guard_skipped":false,"retcode":10009,"points_native_pips":-0.799}}
7,87,1791330823001,ea_event,CARRY_EXIT_SHIFT,{"type":"ea_event","seq":26,"ea_time_ms":95291125,"magic":null,"level":"INFO","code":"CARRY_EXIT_SHIFT","reason":"EURUSD","ticket":null,"detail":{"position_ticket":1989377615,"side":"short","layer_index":8,"accrued_ledger_pips":0.000,"pending_pips":0.393,"accrued_pips_total":0.393,"old_price":1.12146,"new_price":1.12150,"clamped":false,"sign_guard_skipped":false,"retcode":10009,"points_native_pips":0.131}}
7,87,1791330943001,ea_event,CARRY_EXIT_SHIFT,{"type":"ea_event","seq":27,"ea_time_ms":95291125,"magic":null,"level":"INFO","code":"CARRY_EXIT_SHIFT","reason":"EURUSD","ticket":null,"detail":{"position_ticket":1990173681,"side":"short","layer_index":11,"accrued_ledger_pips":0.000,"pending_pips":0.393,"accrued_pips_total":0.393,"old_price":1.12504,"new_price":1.12508,"clamped":false,"sign_guard_skipped":false,"retcode":10009,"points_native_pips":0.131}}
7,87,1791330943001,ea_event,CARRY_PASS_SUMMARY,{"type":"ea_event","seq":28,"ea_time_ms":95291125,"magic":null,"level":"INFO","code":"CARRY_PASS_SUMMARY","reason":"EURUSD","ticket":null,"detail":{"eligible":11,"shifted":4,"clamped":0,"skipped":0,"failed":0,"incomplete":false}}
7,87,1791340987565,ea_event,,{"type":"fill_log","seq":29,"ea_time_ms":95291218,"magic":22260201,"deal_ticket":800000017,"order_ticket":9081,"position_id":900000017,"entry_type":"IN","deal_type":"BUY","side":"L","layer_index":5,"role":"ENT","deal_price":1.12534,"order_price_open":null,"slippage_pips":null,"volume":0.00,"profit":0.00,"swap":0.00,"commission":0.00,"deal_time_broker":"2026-10-07 02:43:07","deal_time_broker_msc":1791340987000,"halted_at_receipt":false,"quarantined_at_receipt":false}
7,92,1791346901157,ea_event,,{"type":"fill_log","seq":30,"ea_time_ms":95291328,"magic":22260201,"deal_ticket":800000018,"order_ticket":9090,"position_id":900000018,"entry_type":"IN","deal_type":"SELL","side":"S","layer_index":4,"role":"EXT","deal_price":1.12433,"order_price_open":null,"slippage_pips":null,"volume":0.00,"profit":0.00,"swap":0.00,"commission":0.00,"deal_time_broker":"2026-10-07 04:21:41","deal_time_broker_msc":1791346901000,"halted_at_receipt":false,"quarantined_at_receipt":false}
9,-1,1791357611800,ea_event,ROLL_DEFERRED,{"type":"ea_event","seq":0,"ea_time_ms":95291484,"magic":null,"level":"INFO","code":"ROLL_DEFERRED","reason":"L","ticket":null,"detail":{"side":"L","depth":8,"opposite_depth":3,"gate":0,"level":1.12327,"market":1.12327}}
9,-1,1791358042876,ea_event,,{"type":"fill_log","seq":1,"ea_time_ms":95291484,"magic":22260201,"deal_ticket":800000001,"order_ticket":1991707921,"position_id":900000001,"entry_type":"IN","deal_type":"SELL","side":"S","layer_index":9,"role":"EXT","deal_price":1.12287,"order_price_open":null,"slippage_pips":null,"volume":0.00,"profit":0.00,"swap":0.00,"commission":0.00,"deal_time_broker":"2026-10-07 07:27:22","deal_time_broker_msc":1791358042000,"halted_at_receipt":false,"quarantined_at_receipt":false}
9,2,1791365153018,ea_event,,{"type":"fill_log","seq":2,"ea_time_ms":95291578,"magic":22260201,"deal_ticket":800000002,"order_ticket":9000,"position_id":900000002,"entry_type":"IN","deal_type":"SELL","side":"S","layer_index":1,"role":"EXT","deal_price":1.12218,"order_price_open":null,"slippage_pips":null,"volume":0.00,"profit":0.00,"swap":0.00,"commission":0.00,"deal_time_broker":"2026-10-07 09:25:53","deal_time_broker_msc":1791365153000,"halted_at_receipt":false,"quarantined_at_receipt":false}
9,5,1791365724019,ea_event,,{"type":"fill_log","seq":3,"ea_time_ms":95291593,"magic":22260201,"deal_ticket":800000003,"order_ticket":9001,"position_id":900000003,"entry_type":"IN","deal_type":"SELL","side":"S","layer_index":9,"role":"ENT","deal_price":1.12318,"order_price_open":null,"slippage_pips":null,"volume":0.00,"profit":0.00,"swap":0.00,"commission":0.00,"deal_time_broker":"2026-10-07 09:35:24","deal_time_broker_msc":1791365724000,"halted_at_receipt":false,"quarantined_at_receipt":false}
9,11,1791368477348,ea_event,ROLL_ACCEPTED,{"type":"ea_event","seq":4,"ea_time_ms":95291640,"magic":null,"level":"INFO","code":"ROLL_ACCEPTED","reason":null,"ticket":1990103571,"detail":{"ticket":1990103571,"side":"L","layer_index":2,"entry":1.12746,"level":1.12327,"target":1.12451,"accrued":0.00024,"clamped":false,"cost":0.00319,"cost_pips":31.9,"rolled":3,"was_ejected":false,"source":"auto","reroll":false,"from_level":0.00000}}
9,11,1791368477348,ea_event,ROLL_ACCEPTED,{"type":"ea_event","seq":5,"ea_time_ms":95291640,"magic":null,"level":"INFO","code":"ROLL_ACCEPTED","reason":null,"ticket":1990103611,"detail":{"ticket":1990103611,"side":"L","layer_index":3,"entry":1.12676,"level":1.12257,"target":1.12381,"accrued":0.00024,"clamped":false,"cost":0.00319,"cost_pips":31.9,"rolled":4,"was_ejected":false,"source":"auto","reroll":false,"from_level":0.00000}}
9,11,1791368477348,ea_event,ROLL_ACCEPTED,{"type":"ea_event","seq":6,"ea_time_ms":95291640,"magic":null,"level":"INFO","code":"ROLL_ACCEPTED","reason":null,"ticket":1990112259,"detail":{"ticket":1990112259,"side":"L","layer_index":4,"entry":1.12605,"level":1.12187,"target":1.12311,"accrued":0.00024,"clamped":false,"cost":0.00318,"cost_pips":31.8,"rolled":5,"was_ejected":false,"source":"auto","reroll":false,"from_level":0.00000}}
9,16,1791368625232,ea_event,STRAY_L0_CANCEL,{"type":"ea_event","seq":7,"ea_time_ms":95291640,"magic":null,"level":"WARN","code":"STRAY_L0_CANCEL","reason":null,"ticket":9009,"detail":{"side":"S","depth":1}}
9,16,1791369234741,ea_event,ROLL_DEFERRED,{"type":"ea_event","seq":8,"ea_time_ms":95291671,"magic":null,"level":"INFO","code":"ROLL_DEFERRED","reason":"L","ticket":null,"detail":{"side":"L","depth":8,"opposite_depth":1,"gate":0,"level":1.12117,"market":1.12117}}
9,18,1791369625779,ea_event,ROLL_ACCEPTED,{"type":"ea_event","seq":9,"ea_time_ms":95291687,"magic":null,"level":"INFO","code":"ROLL_ACCEPTED","reason":null,"ticket":1990743177,"detail":{"ticket":1990743177,"side":"L","layer_index":5,"entry":1.12534,"level":1.12117,"target":1.12217,"accrued":0.00000,"clamped":false,"cost":0.00317,"cost_pips":31.7,"rolled":6,"was_ejected":false,"source":"auto","reroll":false,"from_level":0.00000}}
9,18,1791369625779,ea_event,ROLL_ACCEPTED,{"type":"ea_event","seq":10,"ea_time_ms":95291687,"magic":null,"level":"INFO","code":"ROLL_ACCEPTED","reason":null,"ticket":1991426477,"detail":{"ticket":1991426477,"side":"L","layer_index":6,"entry":1.12467,"level":1.12047,"target":1.12147,"accrued":0.00000,"clamped":false,"cost":0.00320,"cost_pips":32.0,"rolled":7,"was_ejected":false,"source":"auto","reroll":false,"from_level":0.00000}}
9,22,1791369737074,ea_event,STRAY_L0_CANCEL,{"type":"ea_event","seq":11,"ea_time_ms":95291687,"magic":null,"level":"WARN","code":"STRAY_L0_CANCEL","reason":null,"ticket":9014,"detail":{"side":"S","depth":1}}
9,22,1791370356357,ea_event,ROLL_DEFERRED,{"type":"ea_event","seq":12,"ea_time_ms":95291718,"magic":null,"level":"INFO","code":"ROLL_DEFERRED","reason":"L","ticket":null,"detail":{"side":"L","depth":8,"opposite_depth":1,"gate":0,"level":1.11977,"market":1.11972}}
9,22,1791370392172,ea_event,,{"type":"fill_log","seq":13,"ea_time_ms":95291718,"magic":22260201,"deal_ticket":800000004,"order_ticket":9015,"position_id":900000004,"entry_type":"IN","deal_type":"SELL","side":"S","layer_index":0,"role":"EXT","deal_price":1.11958,"order_price_open":null,"slippage_pips":null,"volume":0.00,"profit":0.00,"swap":0.00,"commission":0.00,"deal_time_broker":"2026-10-07 10:53:12","deal_time_broker_msc":1791370392000,"halted_at_receipt":false,"quarantined_at_receipt":false}
9,24,1791370392716,ea_event,ROLL_ACCEPTED,{"type":"ea_event","seq":14,"ea_time_ms":95291718,"magic":null,"level":"INFO","code":"ROLL_ACCEPTED","reason":null,"ticket":1991578986,"detail":{"ticket":1991578986,"side":"L","layer_index":7,"entry":1.12397,"level":1.11977,"target":1.12077,"accrued":0.00000,"clamped":false,"cost":0.00320,"cost_pips":32.0,"rolled":8,"was_ejected":false,"source":"auto","reroll":false,"from_level":0.00000}}
9,27,1791370439228,ea_event,ROLL_ACCEPTED,{"type":"ea_event","seq":15,"ea_time_ms":95291718,"magic":null,"level":"INFO","code":"ROLL_ACCEPTED","reason":null,"ticket":1975880441,"detail":{"ticket":1975880441,"side":"L","layer_index":0,"entry":1.13670,"level":1.11907,"target":1.12080,"accrued":0.00073,"clamped":false,"cost":0.01663,"cost_pips":166.3,"rolled":8,"was_ejected":false,"source":"reroll","reroll":true,"from_level":1.13104}}
9,28,1791370466391,ea_event,STRAY_L0_CANCEL,{"type":"ea_event","seq":16,"ea_time_ms":95291718,"magic":null,"level":"WARN","code":"STRAY_L0_CANCEL","reason":null,"ticket":9018,"detail":{"side":"S","depth":1}}
9,28,1791370596929,ea_event,ROLL_DEFERRED,{"type":"ea_event","seq":17,"ea_time_ms":95291734,"magic":null,"level":"INFO","code":"ROLL_DEFERRED","reason":"L","ticket":null,"detail":{"side":"L","depth":8,"opposite_depth":1,"gate":0,"level":1.11837,"market":1.11833}}
9,29,1791370628536,ea_event,ROLL_ACCEPTED,{"type":"ea_event","seq":18,"ea_time_ms":95291734,"magic":null,"level":"INFO","code":"ROLL_ACCEPTED","reason":null,"ticket":1975959172,"detail":{"ticket":1975959172,"side":"L","layer_index":1,"entry":1.13600,"level":1.11837,"target":1.12010,"accrued":0.00073,"clamped":false,"cost":0.01663,"cost_pips":166.3,"rolled":8,"was_ejected":false,"source":"reroll","reroll":true,"from_level":1.13034}}
9,32,1791370642045,ea_event,,{"type":"fill_log","seq":19,"ea_time_ms":95291734,"magic":22260201,"deal_ticket":800000005,"order_ticket":9023,"position_id":900000005,"entry_type":"IN","deal_type":"SELL","side":"S","layer_index":0,"role":"ENT","deal_price":1.11843,"order_price_open":null,"slippage_pips":null,"volume":0.00,"profit":0.00,"swap":0.00,"commission":0.00,"deal_time_broker":"2026-10-07 10:57:22","deal_time_broker_msc":1791370642000,"halted_at_receipt":false,"quarantined_at_receipt":false}
9,34,1791371781316,ea_event,,{"type":"fill_log","seq":20,"ea_time_ms":95291796,"magic":22260201,"deal_ticket":800000006,"order_ticket":9027,"position_id":900000006,"entry_type":"IN","deal_type":"SELL","side":"S","layer_index":1,"role":"EXT","deal_price":1.11814,"order_price_open":null,"slippage_pips":null,"volume":0.00,"profit":0.00,"swap":0.00,"commission":0.00,"deal_time_broker":"2026-10-07 11:16:21","deal_time_broker_msc":1791371781000,"halted_at_receipt":false,"quarantined_at_receipt":false}
9,39,1791374538088,ea_event,,{"type":"fill_log","seq":21,"ea_time_ms":95291906,"magic":22260201,"deal_ticket":800000007,"order_ticket":9019,"position_id":900000007,"entry_type":"IN","deal_type":"BUY","side":"L","layer_index":1,"role":"EXT","deal_price":1.12013,"order_price_open":null,"slippage_pips":null,"volume":0.00,"profit":0.00,"swap":0.00,"commission":0.00,"deal_time_broker":"2026-10-07 12:02:18","deal_time_broker_msc":1791374538000,"halted_at_receipt":false,"quarantined_at_receipt":false}
9,42,1791376233780,ea_event,,{"type":"fill_log","seq":22,"ea_time_ms":95291968,"magic":22260201,"deal_ticket":800000008,"order_ticket":9032,"position_id":900000008,"entry_type":"IN","deal_type":"SELL","side":"S","layer_index":2,"role":"EXT","deal_price":1.11889,"order_price_open":null,"slippage_pips":null,"volume":0.00,"profit":0.00,"swap":0.00,"commission":0.00,"deal_time_broker":"2026-10-07 12:30:33","deal_time_broker_msc":1791376233000,"halted_at_receipt":false,"quarantined_at_receipt":false}
9,46,1791383766760,ea_event,,{"type":"fill_log","seq":23,"ea_time_ms":95292250,"magic":22260201,"deal_ticket":800000009,"order_ticket":9036,"position_id":900000009,"entry_type":"IN","deal_type":"SELL","side":"S","layer_index":1,"role":"EXT","deal_price":1.11818,"order_price_open":null,"slippage_pips":null,"volume":0.00,"profit":0.00,"swap":0.00,"commission":0.00,"deal_time_broker":"2026-10-07 14:36:06","deal_time_broker_msc":1791383766000,"halted_at_receipt":false,"quarantined_at_receipt":false}
9,49,1791384227294,ea_event,ROLL_DEFERRED,{"type":"ea_event","seq":24,"ea_time_ms":95292265,"magic":null,"level":"INFO","code":"ROLL_DEFERRED","reason":"L","ticket":null,"detail":{"side":"L","depth":8,"opposite_depth":1,"gate":0,"level":1.11768,"market":1.11767}}
9,49,1791385838678,ea_event,,{"type":"fill_log","seq":25,"ea_time_ms":95292328,"magic":22260201,"deal_ticket":800000010,"order_ticket":9026,"position_id":900000010,"entry_type":"IN","deal_type":"SELL","side":"S","layer_index":0,"role":"EXT","deal_price":1.11747,"order_price_open":null,"slippage_pips":null,"volume":0.00,"profit":0.00,"swap":0.00,"commission":0.00,"deal_time_broker":"2026-10-07 15:10:38","deal_time_broker_msc":1791385838000,"halted_at_receipt":false,"quarantined_at_receipt":false}
9,50,1791385840828,ea_event,ROLL_ACCEPTED,{"type":"ea_event","seq":26,"ea_time_ms":95292328,"magic":null,"level":"INFO","code":"ROLL_ACCEPTED","reason":null,"ticket":1992502736,"detail":{"ticket":1992502736,"side":"L","layer_index":8,"entry":1.11838,"level":1.11768,"target":1.11868,"accrued":0.00000,"clamped":false,"cost":-0.00030,"cost_pips":-3.0,"rolled":8,"was_ejected":false,"source":"auto","reroll":false,"from_level":0.00000}}
9,54,1791385914253,ea_event,STRAY_L0_CANCEL,{"type":"ea_event","seq":27,"ea_time_ms":95292328,"magic":null,"level":"WARN","code":"STRAY_L0_CANCEL","reason":null,"ticket":9040,"detail":{"side":"S","depth":1}}
9,54,1791386593091,ea_event,ROLL_DEFERRED,{"type":"ea_event","seq":28,"ea_time_ms":95292343,"magic":null,"level":"INFO","code":"ROLL_DEFERRED","reason":"L","ticket":null,"detail":{"side":"L","depth":8,"opposite_depth":1,"gate":0,"level":1.11698,"market":1.11698}}
9,55,1791386684132,ea_event,ROLL_ACCEPTED,{"type":"ea_event","seq":29,"ea_time_ms":95292359,"magic":null,"level":"INFO","code":"ROLL_ACCEPTED","reason":null,"ticket":1990103571,"detail":{"ticket":1990103571,"side":"L","layer_index":2,"entry":1.12746,"level":1.11698,"target":1.11822,"accrued":0.00024,"clamped":false,"cost":0.00948,"cost_pips":94.8,"rolled":8,"was_ejected":false,"source":"reroll","reroll":true,"from_level":1.12327}}
9,59,1791386744821,ea_event,STRAY_L0_CANCEL,{"type":"ea_event","seq":30,"ea_time_ms":95292359,"magic":null,"level":"WARN","code":"STRAY_L0_CANCEL","reason":null,"ticket":9044,"detail":{"side":"S","depth":1}}
9,68,1791392625082,ea_event,,{"type":"fill_log","seq":31,"ea_time_ms":95292625,"magic":22260201,"deal_ticket":800000011,"order_ticket":9054,"position_id":900000011,"entry_type":"IN","deal_type":"BUY","side":"L","layer_index":8,"role":"ENT","deal_price":1.11832,"order_price_open":null,"slippage_pips":null,"volume":0.00,"profit":0.00,"swap":0.00,"commission":0.00,"deal_time_broker":"2026-10-07 17:03:45","deal_time_broker_msc":1791392625000,"halted_at_receipt":false,"quarantined_at_receipt":false}
9,69,1791392779414,ea_event,,{"type":"fill_log","seq":32,"ea_time_ms":95292640,"magic":22260201,"deal_ticket":800000012,"order_ticket":9055,"position_id":900000012,"entry_type":"IN","deal_type":"SELL","side":"S","layer_index":3,"role":"EXT","deal_price":1.11789,"order_price_open":null,"slippage_pips":null,"volume":0.00,"profit":0.00,"swap":0.00,"commission":0.00,"deal_time_broker":"2026-10-07 17:06:19","deal_time_broker_msc":1791392779000,"halted_at_receipt":false,"quarantined_at_receipt":false}
9,72,1791394791719,ea_event,,{"type":"fill_log","seq":33,"ea_time_ms":95292734,"magic":22260201,"deal_ticket":800000013,"order_ticket":9061,"position_id":900000013,"entry_type":"IN","deal_type":"SELL","side":"S","layer_index":3,"role":"ENT","deal_price":1.11897,"order_price_open":null,"slippage_pips":null,"volume":0.00,"profit":0.00,"swap":0.00,"commission":0.00,"deal_time_broker":"2026-10-07 17:39:51","deal_time_broker_msc":1791394791000,"halted_at_receipt":false,"quarantined_at_receipt":false}
9,73,1791395472363,ea_event,,{"type":"fill_log","seq":34,"ea_time_ms":95292765,"magic":22260201,"deal_ticket":800000014,"order_ticket":9059,"position_id":900000014,"entry_type":"IN","deal_type":"BUY","side":"L","layer_index":8,"role":"EXT","deal_price":1.11934,"order_price_open":null,"slippage_pips":null,"volume":0.00,"profit":0.00,"swap":0.00,"commission":0.00,"deal_time_broker":"2026-10-07 17:51:12","deal_time_broker_msc":1791395472000,"halted_at_receipt":false,"quarantined_at_receipt":false}
9,76,1791396795378,ea_event,,{"type":"fill_log","seq":35,"ea_time_ms":95292828,"magic":22260201,"deal_ticket":800000015,"order_ticket":9063,"position_id":900000015,"entry_type":"IN","deal_type":"SELL","side":"S","layer_index":4,"role":"ENT","deal_price":1.11979,"order_price_open":null,"slippage_pips":null,"volume":0.00,"profit":0.00,"swap":0.00,"commission":0.00,"deal_time_broker":"2026-10-07 18:13:15","deal_time_broker_msc":1791396795000,"halted_at_receipt":false,"quarantined_at_receipt":false}
9,80,1791398976738,ea_event,,{"type":"fill_log","seq":36,"ea_time_ms":95292921,"magic":22260201,"deal_ticket":800000016,"order_ticket":9066,"position_id":900000016,"entry_type":"IN","deal_type":"BUY","side":"L","layer_index":8,"role":"ENT","deal_price":1.11835,"order_price_open":null,"slippage_pips":null,"volume":0.00,"profit":0.00,"swap":0.00,"commission":0.00,"deal_time_broker":"2026-10-07 18:49:36","deal_time_broker_msc":1791398976000,"halted_at_receipt":false,"quarantined_at_receipt":false}
9,84,1791400732791,ea_event,,{"type":"fill_log","seq":37,"ea_time_ms":95293000,"magic":22260201,"deal_ticket":800000017,"order_ticket":9071,"position_id":900000017,"entry_type":"IN","deal_type":"SELL","side":"S","layer_index":4,"role":"ENT","deal_price":1.11969,"order_price_open":null,"slippage_pips":null,"volume":0.00,"profit":0.00,"swap":0.00,"commission":0.00,"deal_time_broker":"2026-10-07 19:18:52","deal_time_broker_msc":1791400732000,"halted_at_receipt":false,"quarantined_at_receipt":false}
9,85,1791417020000,ea_event,CARRY_SNAPSHOT,{"type":"ea_event","seq":38,"ea_time_ms":95293437,"magic":null,"level":"INFO","code":"CARRY_SNAPSHOT","reason":"EURUSD","ticket":null,"detail":{"symbol":"EURUSD","swap_mode":1,"swap_long":-7.9900,"swap_short":1.3100,"multiplier":3,"day_of_week":3,"rollover3days":3,"digits":5,"point":0.00001000,"tick_value":1.00000000,"tick_size":0.00001000,"stops_level":0,"freeze_level":0,"long_pips":-2.397,"short_pips":0.393,"eligible_long":6,"eligible_short":5,"trade_mode_full":true,"mult_today":3,"mult_tomorrow":1,"accrued_swap_long":0.00,"accrued_swap_short":0.00}}
9,85,1791417020000,ea_event,CARRY_EXIT_SHIFT,{"type":"ea_event","seq":39,"ea_time_ms":95293437,"magic":null,"level":"INFO","code":"CARRY_EXIT_SHIFT","reason":"EURUSD","ticket":null,"detail":{"position_ticket":1975880441,"side":"long","layer_index":0,"accrued_ledger_pips":-5.700,"pending_pips":-0.799,"accrued_pips_total":-6.499,"old_price":1.12080,"new_price":1.12072,"clamped":false,"sign_guard_skipped":false,"retcode":10009,"points_native_pips":-5.593}}
9,85,1791417020000,ea_event,CARRY_EXIT_SHIFT,{"type":"ea_event","seq":40,"ea_time_ms":95293437,"magic":null,"level":"INFO","code":"CARRY_EXIT_SHIFT","reason":"EURUSD","ticket":null,"detail":{"position_ticket":1990103611,"side":"long","layer_index":3,"accrued_ledger_pips":-0.800,"pending_pips":-0.799,"accrued_pips_total":-1.599,"old_price":1.12381,"new_price":1.12373,"clamped":false,"sign_guard_skipped":false,"retcode":10009,"points_native_pips":-0.799}}
9,85,1791417200000,ea_event,CARRY_EXIT_SHIFT,{"type":"ea_event","seq":41,"ea_time_ms":95293453,"magic":null,"level":"INFO","code":"CARRY_EXIT_SHIFT","reason":"EURUSD","ticket":null,"detail":{"position_ticket":1993020863,"side":"short","layer_index":0,"accrued_ledger_pips":0.000,"pending_pips":0.131,"accrued_pips_total":0.131,"old_price":1.11585,"new_price":1.11586,"clamped":false,"sign_guard_skipped":false,"retcode":10009,"points_native_pips":0.131}}
9,85,1791417320000,ea_event,CARRY_EXIT_SHIFT,{"type":"ea_event","seq":42,"ea_time_ms":95293453,"magic":null,"level":"INFO","code":"CARRY_EXIT_SHIFT","reason":"EURUSD","ticket":null,"detail":{"position_ticket":1993814348,"side":"short","layer_index":4,"accrued_ledger_pips":0.000,"pending_pips":0.131,"accrued_pips_total":0.131,"old_price":1.11869,"new_price":1.11870,"clamped":false,"sign_guard_skipped":false,"retcode":10009,"points_native_pips":0.131}}
9,85,1791417320000,ea_event,CARRY_PASS_SUMMARY,{"type":"ea_event","seq":43,"ea_time_ms":95293453,"magic":null,"level":"INFO","code":"CARRY_PASS_SUMMARY","reason":"EURUSD","ticket":null,"detail":{"eligible":11,"shifted":4,"clamped":0,"skipped":0,"failed":0,"incomplete":false}}
9,89,1791435510877,ea_event,,{"type":"fill_log","seq":44,"ea_time_ms":95293734,"magic":22260201,"deal_ticket":800000018,"order_ticket":9082,"position_id":900000018,"entry_type":"IN","deal_type":"BUY","side":"L","layer_index":7,"role":"EXT","deal_price":1.12085,"order_price_open":null,"slippage_pips":null,"volume":0.00,"profit":0.00,"swap":0.00,"commission":0.00,"deal_time_broker":"2026-10-08 04:58:30","deal_time_broker_msc":1791435510000,"halted_at_receipt":false,"quarantined_at_receipt":false}
9,96,1791449451357,ea_event,,{"type":"fill_log","seq":45,"ea_time_ms":95293953,"magic":22260201,"deal_ticket":800000019,"order_ticket":9084,"position_id":900000019,"entry_type":"IN","deal_type":"BUY","side":"L","layer_index":7,"role":"ENT","deal_price":1.11975,"order_price_open":null,"slippage_pips":null,"volume":0.00,"profit":0.00,"swap":0.00,"commission":0.00,"deal_time_broker":"2026-10-08 08:50:51","deal_time_broker_msc":1791449451000,"halted_at_receipt":false,"quarantined_at_receipt":false}
9,101,1791451397935,ea_event,,{"type":"fill_log","seq":46,"ea_time_ms":95294015,"magic":22260201,"deal_ticket":800000020,"order_ticket":9094,"position_id":900000020,"entry_type":"IN","deal_type":"BUY","side":"L","layer_index":8,"role":"EXT","deal_price":1.12006,"order_price_open":null,"slippage_pips":null,"volume":0.00,"profit":0.00,"swap":0.00,"commission":0.00,"deal_time_broker":"2026-10-08 09:23:17","deal_time_broker_msc":1791451397000,"halted_at_receipt":false,"quarantined_at_receipt":false}
9,104,1791452485936,ea_event,,{"type":"fill_log","seq":47,"ea_time_ms":95294062,"magic":22260201,"deal_ticket":800000021,"order_ticket":9093,"position_id":900000021,"entry_type":"IN","deal_type":"SELL","side":"S","layer_index":5,"role":"ENT","deal_price":1.12040,"order_price_open":null,"slippage_pips":null,"volume":0.00,"profit":0.00,"swap":0.00,"commission":0.00,"deal_time_broker":"2026-10-08 09:41:25","deal_time_broker_msc":1791452485000,"halted_at_receipt":false,"quarantined_at_receipt":false}
9,112,1791453996364,ea_event,,{"type":"fill_log","seq":48,"ea_time_ms":95294109,"magic":22260201,"deal_ticket":800000022,"order_ticket":9104,"position_id":900000022,"entry_type":"IN","deal_type":"BUY","side":"L","layer_index":9,"role":"ENT","deal_price":1.11830,"order_price_open":null,"slippage_pips":null,"volume":0.00,"profit":0.00,"swap":0.00,"commission":0.00,"deal_time_broker":"2026-10-08 10:06:36","deal_time_broker_msc":1791453996000,"halted_at_receipt":false,"quarantined_at_receipt":false}
9,113,1791454435072,ea_event,,{"type":"fill_log","seq":49,"ea_time_ms":95294140,"magic":22260201,"deal_ticket":800000023,"order_ticket":9109,"position_id":900000023,"entry_type":"IN","deal_type":"BUY","side":"L","layer_index":9,"role":"EXT","deal_price":1.11933,"order_price_open":null,"slippage_pips":null,"volume":0.00,"profit":0.00,"swap":0.00,"commission":0.00,"deal_time_broker":"2026-10-08 10:13:55","deal_time_broker_msc":1791454435000,"halted_at_receipt":false,"quarantined_at_receipt":false}
9,120,1791459232307,ea_event,,{"type":"fill_log","seq":50,"ea_time_ms":95294312,"magic":22260201,"deal_ticket":800000024,"order_ticket":9115,"position_id":900000024,"entry_type":"IN","deal_type":"BUY","side":"L","layer_index":8,"role":"ENT","deal_price":1.11904,"order_price_open":null,"slippage_pips":null,"volume":0.00,"profit":0.00,"swap":0.00,"commission":0.00,"deal_time_broker":"2026-10-08 11:33:52","deal_time_broker_msc":1791459232000,"halted_at_receipt":false,"quarantined_at_receipt":false}
9,125,1791464690610,ea_event,,{"type":"fill_log","seq":51,"ea_time_ms":95294500,"magic":22260201,"deal_ticket":800000025,"order_ticket":9119,"position_id":900000025,"entry_type":"IN","deal_type":"SELL","side":"S","layer_index":3,"role":"EXT","deal_price":1.11797,"order_price_open":null,"slippage_pips":null,"volume":0.00,"profit":0.00,"swap":0.00,"commission":0.00,"deal_time_broker":"2026-10-08 13:04:50","deal_time_broker_msc":1791464690000,"halted_at_receipt":false,"quarantined_at_receipt":false}
9,128,1791466467000,ea_event,,{"type":"fill_log","seq":52,"ea_time_ms":95294546,"magic":22260201,"deal_ticket":800000026,"order_ticket":9122,"position_id":900000026,"entry_type":"IN","deal_type":"BUY","side":"L","layer_index":10,"role":"ENT","deal_price":1.11762,"order_price_open":null,"slippage_pips":null,"volume":0.00,"profit":0.00,"swap":0.00,"commission":0.00,"deal_time_broker":"2026-10-08 13:34:27","deal_time_broker_msc":1791466467000,"halted_at_receipt":false,"quarantined_at_receipt":false}
9,129,1791467575152,ea_event,,{"type":"fill_log","seq":53,"ea_time_ms":95294578,"magic":22260201,"deal_ticket":800000027,"order_ticket":9126,"position_id":900000027,"entry_type":"IN","deal_type":"BUY","side":"L","layer_index":10,"role":"EXT","deal_price":1.11862,"order_price_open":null,"slippage_pips":null,"volume":0.00,"profit":0.00,"swap":0.00,"commission":0.00,"deal_time_broker":"2026-10-08 13:52:55","deal_time_broker_msc":1791467575000,"halted_at_receipt":false,"quarantined_at_receipt":false}
9,132,1791468392799,ea_event,,{"type":"fill_log","seq":54,"ea_time_ms":95294609,"magic":22260201,"deal_ticket":800000028,"order_ticket":9128,"position_id":900000028,"entry_type":"IN","deal_type":"BUY","side":"L","layer_index":10,"role":"ENT","deal_price":1.11761,"order_price_open":null,"slippage_pips":null,"volume":0.00,"profit":0.00,"swap":0.00,"commission":0.00,"deal_time_broker":"2026-10-08 14:06:32","deal_time_broker_msc":1791468392000,"halted_at_receipt":false,"quarantined_at_receipt":false}
9,133,1791470161316,ea_event,,{"type":"fill_log","seq":55,"ea_time_ms":95294656,"magic":22260201,"deal_ticket":800000029,"order_ticket":9123,"position_id":900000029,"entry_type":"IN","deal_type":"SELL","side":"S","layer_index":2,"role":"EXT","deal_price":1.11725,"order_price_open":null,"slippage_pips":null,"volume":0.00,"profit":0.00,"swap":0.00,"commission":0.00,"deal_time_broker":"2026-10-08 14:36:01","deal_time_broker_msc":1791470161000,"halted_at_receipt":false,"quarantined_at_receipt":false}
9,140,1791472640375,ea_event,,{"type":"fill_log","seq":56,"ea_time_ms":95294765,"magic":22260201,"deal_ticket":800000030,"order_ticket":9134,"position_id":900000030,"entry_type":"IN","deal_type":"SELL","side":"S","layer_index":3,"role":"ENT","deal_price":1.11896,"order_price_open":null,"slippage_pips":null,"volume":0.00,"profit":0.00,"swap":0.00,"commission":0.00,"deal_time_broker":"2026-10-08 15:17:20","deal_time_broker_msc":1791472640000,"halted_at_receipt":false,"quarantined_at_receipt":false}
9,141,1791473106242,ea_event,,{"type":"fill_log","seq":57,"ea_time_ms":95294796,"magic":22260201,"deal_ticket":800000031,"order_ticket":9135,"position_id":900000031,"entry_type":"IN","deal_type":"BUY","side":"L","layer_index":9,"role":"EXT","deal_price":1.11935,"order_price_open":null,"slippage_pips":null,"volume":0.00,"profit":0.00,"swap":0.00,"commission":0.00,"deal_time_broker":"2026-10-08 15:25:06","deal_time_broker_msc":1791473106000,"halted_at_receipt":false,"quarantined_at_receipt":false}
9,145,1791474244570,ea_event,,{"type":"fill_log","seq":58,"ea_time_ms":95294859,"magic":22260201,"deal_ticket":800000032,"order_ticket":9142,"position_id":900000032,"entry_type":"IN","deal_type":"SELL","side":"S","layer_index":4,"role":"EXT","deal_price":1.11865,"order_price_open":null,"slippage_pips":null,"volume":0.00,"profit":0.00,"swap":0.00,"commission":0.00,"deal_time_broker":"2026-10-08 15:44:04","deal_time_broker_msc":1791474244000,"halted_at_receipt":false,"quarantined_at_receipt":false}
9,153,1791479275175,ea_event,,{"type":"fill_log","seq":59,"ea_time_ms":95295093,"magic":22260201,"deal_ticket":800000033,"order_ticket":9148,"position_id":900000033,"entry_type":"IN","deal_type":"BUY","side":"L","layer_index":8,"role":"EXT","deal_price":1.12004,"order_price_open":null,"slippage_pips":null,"volume":0.00,"profit":0.00,"swap":0.00,"commission":0.00,"deal_time_broker":"2026-10-08 17:07:55","deal_time_broker_msc":1791479275000,"halted_at_receipt":false,"quarantined_at_receipt":false}
9,160,1791480323677,ea_event,,{"type":"fill_log","seq":60,"ea_time_ms":95295140,"magic":22260201,"deal_ticket":800000034,"order_ticket":9155,"position_id":900000034,"entry_type":"IN","deal_type":"SELL","side":"S","layer_index":6,"role":"ENT","deal_price":1.12107,"order_price_open":null,"slippage_pips":null,"volume":0.00,"profit":0.00,"swap":0.00,"commission":0.00,"deal_time_broker":"2026-10-08 17:25:23","deal_time_broker_msc":1791480323000,"halted_at_receipt":false,"quarantined_at_receipt":false}
9,165,1791480830281,ea_event,,{"type":"fill_log","seq":61,"ea_time_ms":95295171,"magic":22260201,"deal_ticket":800000035,"order_ticket":9161,"position_id":900000035,"entry_type":"IN","deal_type":"BUY","side":"L","layer_index":5,"role":"EXT","deal_price":1.12225,"order_price_open":null,"slippage_pips":null,"volume":0.00,"profit":0.00,"swap":0.00,"commission":0.00,"deal_time_broker":"2026-10-08 17:33:50","deal_time_broker_msc":1791480830000,"halted_at_receipt":false,"quarantined_at_receipt":false}
9,168,1791480873449,ea_event,ROLL_DEFERRED,{"type":"ea_event","seq":62,"ea_time_ms":95295171,"magic":null,"level":"INFO","code":"ROLL_DEFERRED","reason":"S","ticket":null,"detail":{"side":"S","depth":8,"opposite_depth":2,"gate":0,"level":1.12247,"market":1.12247}}
9,168,1791481985895,ea_event,,{"type":"fill_log","seq":63,"ea_time_ms":95295218,"magic":22260201,"deal_ticket":800000036,"order_ticket":9165,"position_id":900000036,"entry_type":"IN","deal_type":"BUY","side":"L","layer_index":5,"role":"ENT","deal_price":1.12116,"order_price_open":null,"slippage_pips":null,"volume":0.00,"profit":0.00,"swap":0.00,"commission":0.00,"deal_time_broker":"2026-10-08 17:53:05","deal_time_broker_msc":1791481985000,"halted_at_receipt":false,"quarantined_at_receipt":false}
9,172,1791483290554,ea_event,,{"type":"fill_log","seq":64,"ea_time_ms":95295281,"magic":22260201,"deal_ticket":800000037,"order_ticket":9167,"position_id":900000037,"entry_type":"IN","deal_type":"BUY","side":"L","layer_index":6,"role":"ENT","deal_price":1.12045,"order_price_open":null,"slippage_pips":null,"volume":0.00,"profit":0.00,"swap":0.00,"commission":0.00,"deal_time_broker":"2026-10-08 18:14:50","deal_time_broker_msc":1791483290000,"halted_at_receipt":false,"quarantined_at_receipt":false}
9,176,1791483555991,ea_event,,{"type":"fill_log","seq":65,"ea_time_ms":95295296,"magic":22260201,"deal_ticket":800000038,"order_ticket":9172,"position_id":900000038,"entry_type":"IN","deal_type":"BUY","side":"L","layer_index":7,"role":"ENT","deal_price":1.11974,"order_price_open":null,"slippage_pips":null,"volume":0.00,"profit":0.00,"swap":0.00,"commission":0.00,"deal_time_broker":"2026-10-08 18:19:15","deal_time_broker_msc":1791483555000,"halted_at_receipt":false,"quarantined_at_receipt":false}
9,180,1791485329106,ea_event,,{"type":"fill_log","seq":66,"ea_time_ms":95295375,"magic":22260201,"deal_ticket":800000039,"order_ticket":9177,"position_id":900000039,"entry_type":"IN","deal_type":"BUY","side":"L","layer_index":8,"role":"ENT","deal_price":1.11900,"order_price_open":null,"slippage_pips":null,"volume":0.00,"profit":0.00,"swap":0.00,"commission":0.00,"deal_time_broker":"2026-10-08 18:48:49","deal_time_broker_msc":1791485329000,"halted_at_receipt":false,"quarantined_at_receipt":false}
9,184,1791487037237,ea_event,,{"type":"fill_log","seq":67,"ea_time_ms":95295437,"magic":22260201,"deal_ticket":800000040,"order_ticket":9185,"position_id":900000040,"entry_type":"IN","deal_type":"SELL","side":"S","layer_index":4,"role":"ENT","deal_price":1.11969,"order_price_open":null,"slippage_pips":null,"volume":0.00,"profit":0.00,"swap":0.00,"commission":0.00,"deal_time_broker":"2026-10-08 19:17:17","deal_time_broker_msc":1791487037000,"halted_at_receipt":false,"quarantined_at_receipt":false}
9,185,1791487051309,ea_event,,{"type":"fill_log","seq":68,"ea_time_ms":95295453,"magic":22260201,"deal_ticket":800000041,"order_ticket":9183,"position_id":900000041,"entry_type":"IN","deal_type":"BUY","side":"L","layer_index":8,"role":"EXT","deal_price":1.12006,"order_price_open":null,"slippage_pips":null,"volume":0.00,"profit":0.00,"swap":0.00,"commission":0.00,"deal_time_broker":"2026-10-08 19:17:31","deal_time_broker_msc":1791487051000,"halted_at_receipt":false,"quarantined_at_receipt":false}
9,185,1791487051943,ea_event,,{"type":"fill_log","seq":69,"ea_time_ms":95295453,"magic":22260201,"deal_ticket":800000042,"order_ticket":700000042,"position_id":1996795985,"entry_type":"OUT_BY","deal_type":"SELL","side":null,"layer_index":null,"role":null,"deal_price":1.12006,"order_price_open":null,"slippage_pips":null,"volume":0.00,"profit":1.06,"swap":0.00,"commission":0.00,"deal_time_broker":"2026-10-08 19:17:31","deal_time_broker_msc":1791487051000,"halted_at_receipt":false,"quarantined_at_receipt":false}
9,185,1791487051943,ea_event,,{"type":"fill_log","seq":70,"ea_time_ms":95295453,"magic":22260201,"deal_ticket":800000043,"order_ticket":700000042,"position_id":900000041,"entry_type":"OUT_BY","deal_type":"SELL","side":null,"layer_index":null,"role":null,"deal_price":1.11900,"order_price_open":null,"slippage_pips":null,"volume":0.00,"profit":0.00,"swap":0.00,"commission":0.00,"deal_time_broker":"2026-10-08 19:17:31","deal_time_broker_msc":1791487051000,"halted_at_receipt":false,"quarantined_at_receipt":false}
9,185,1791487051943,scalp,SCALP_CLOSED,{"close_time":"2026-10-08T19:17:31Z","instrument":"EURUSD","direction":"LONG","entry_price":1.11900,"exit_price":1.12006,"layer_depth":8,"stack_depth":6,"gross_pnl":1.06,"instance_id":"GRIND_EURUSD_OPTB","ejected":false,"rolled":false,"broker_utc_offset_s":10800,"account_login":53077984}
9,188,1791487055347,ea_event,,{"type":"fill_log","seq":71,"ea_time_ms":95295453,"magic":22260201,"deal_ticket":800000044,"order_ticket":9187,"position_id":900000042,"entry_type":"IN","deal_type":"SELL","side":"S","layer_index":5,"role":"ENT","deal_price":1.12020,"order_price_open":null,"slippage_pips":null,"volume":0.00,"profit":0.00,"swap":0.00,"commission":0.00,"deal_time_broker":"2026-10-08 19:17:35","deal_time_broker_msc":1791487055000,"halted_at_receipt":false,"quarantined_at_receipt":false}
9,192,1791487807650,ea_event,,{"type":"fill_log","seq":72,"ea_time_ms":95295500,"magic":22260201,"deal_ticket":800000045,"order_ticket":9190,"position_id":900000043,"entry_type":"IN","deal_type":"BUY","side":"L","layer_index":8,"role":"ENT","deal_price":1.11903,"order_price_open":null,"slippage_pips":null,"volume":0.00,"profit":0.00,"swap":0.00,"commission":0.00,"deal_time_broker":"2026-10-08 19:30:07","deal_time_broker_msc":1791487807000,"halted_at_receipt":false,"quarantined_at_receipt":false}
9,196,1791489783975,ea_event,,{"type":"fill_log","seq":73,"ea_time_ms":95295593,"magic":22260201,"deal_ticket":800000046,"order_ticket":9195,"position_id":900000044,"entry_type":"IN","deal_type":"SELL","side":"S","layer_index":5,"role":"ENT","deal_price":1.12020,"order_price_open":null,"slippage_pips":null,"volume":0.00,"profit":0.00,"swap":0.00,"commission":0.00,"deal_time_broker":"2026-10-08 20:03:03","deal_time_broker_msc":1791489783000,"halted_at_receipt":false,"quarantined_at_receipt":false}
9,200,1791490556637,ea_event,,{"type":"fill_log","seq":74,"ea_time_ms":95295656,"magic":22260201,"deal_ticket":800000047,"order_ticket":9202,"position_id":900000045,"entry_type":"IN","deal_type":"SELL","side":"S","layer_index":6,"role":"ENT","deal_price":1.12090,"order_price_open":null,"slippage_pips":null,"volume":0.00,"profit":0.00,"swap":0.00,"commission":0.00,"deal_time_broker":"2026-10-08 20:15:56","deal_time_broker_msc":1791490556000,"halted_at_receipt":false,"quarantined_at_receipt":false}
9,204,1791490684233,ea_event,,{"type":"fill_log","seq":75,"ea_time_ms":95295656,"magic":22260201,"deal_ticket":800000048,"order_ticket":9207,"position_id":900000046,"entry_type":"IN","deal_type":"SELL","side":"S","layer_index":7,"role":"ENT","deal_price":1.12163,"order_price_open":null,"slippage_pips":null,"volume":0.00,"profit":0.00,"swap":0.00,"commission":0.00,"deal_time_broker":"2026-10-08 20:18:04","deal_time_broker_msc":1791490684000,"halted_at_receipt":false,"quarantined_at_receipt":false}
9,208,1791493777390,ea_event,,{"type":"fill_log","seq":76,"ea_time_ms":95295781,"magic":22260201,"deal_ticket":800000049,"order_ticket":9210,"position_id":900000047,"entry_type":"IN","deal_type":"BUY","side":"L","layer_index":6,"role":"ENT","deal_price":1.12043,"order_price_open":null,"slippage_pips":null,"volume":0.00,"profit":0.00,"swap":0.00,"commission":0.00,"deal_time_broker":"2026-10-08 21:09:37","deal_time_broker_msc":1791493777000,"halted_at_receipt":false,"quarantined_at_receipt":false}
9,213,1791503420000,ea_event,CARRY_SNAPSHOT,{"type":"ea_event","seq":77,"ea_time_ms":95295968,"magic":null,"level":"INFO","code":"CARRY_SNAPSHOT","reason":"EURUSD","ticket":null,"detail":{"symbol":"EURUSD","swap_mode":1,"swap_long":-7.9900,"swap_short":1.3100,"multiplier":1,"day_of_week":4,"rollover3days":3,"digits":5,"point":0.00001000,"tick_value":1.00000000,"tick_size":0.00001000,"stops_level":0,"freeze_level":0,"long_pips":-0.799,"short_pips":0.131,"eligible_long":3,"eligible_short":8,"trade_mode_full":true,"mult_today":1,"mult_tomorrow":1,"accrued_swap_long":0.00,"accrued_swap_short":0.00}}
9,213,1791503420000,ea_event,CARRY_EXIT_SHIFT,{"type":"ea_event","seq":78,"ea_time_ms":95295968,"magic":null,"level":"INFO","code":"CARRY_EXIT_SHIFT","reason":"EURUSD","ticket":null,"detail":{"position_ticket":1990103611,"side":"long","layer_index":3,"accrued_ledger_pips":-3.200,"pending_pips":-0.799,"accrued_pips_total":-3.999,"old_price":1.12373,"new_price":1.12397,"clamped":false,"sign_guard_skipped":false,"retcode":10009,"points_native_pips":-1.598}}
9,213,1791503480000,ea_event,CARRY_EXIT_SHIFT,{"type":"ea_event","seq":79,"ea_time_ms":95295968,"magic":null,"level":"INFO","code":"CARRY_EXIT_SHIFT","reason":"EURUSD","ticket":null,"detail":{"position_ticket":1996648241,"side":"long","layer_index":5,"accrued_ledger_pips":0.000,"pending_pips":-0.799,"accrued_pips_total":-0.799,"old_price":1.12216,"new_price":1.12224,"clamped":false,"sign_guard_skipped":false,"retcode":10009,"points_native_pips":-0.799}}
9,213,1791503480000,ea_event,CARRY_EXIT_SHIFT,{"type":"ea_event","seq":80,"ea_time_ms":95295968,"magic":null,"level":"INFO","code":"CARRY_EXIT_SHIFT","reason":"EURUSD","ticket":null,"detail":{"position_ticket":1993020863,"side":"short","layer_index":0,"accrued_ledger_pips":0.400,"pending_pips":0.131,"accrued_pips_total":0.531,"old_price":1.11586,"new_price":1.11590,"clamped":false,"sign_guard_skipped":false,"retcode":10009,"points_native_pips":0.131}}
9,213,1791503720000,ea_event,CARRY_EXIT_SHIFT,{"type":"ea_event","seq":81,"ea_time_ms":95295968,"magic":null,"level":"INFO","code":"CARRY_EXIT_SHIFT","reason":"EURUSD","ticket":null,"detail":{"position_ticket":1997285774,"side":"short","layer_index":7,"accrued_ledger_pips":0.000,"pending_pips":0.131,"accrued_pips_total":0.131,"old_price":1.12060,"new_price":1.12061,"clamped":false,"sign_guard_skipped":false,"retcode":10009,"points_native_pips":0.131}}
9,213,1791503720000,ea_event,CARRY_PASS_SUMMARY,{"type":"ea_event","seq":82,"ea_time_ms":95295968,"magic":null,"level":"INFO","code":"CARRY_PASS_SUMMARY","reason":"EURUSD","ticket":null,"detail":{"eligible":11,"shifted":4,"clamped":0,"skipped":0,"failed":0,"incomplete":false}}
