seg_id,sync_idx,time_ms,stage,action,ticket,type,side,layer,role,price,old_price
20,-1,1790842378834,ENGINE,PLACE,9000,BUY_LIMIT,L,0,ENT,1.13101,0.00000
20,-1,1790842379447,ENGINE,PLACE,9001,SELL_LIMIT,S,0,ENT,1.13241,0.00000
20,-1,1790845296188,DEAL,PLACE,9002,BUY_LIMIT,S,0,EXT,1.13141,0.00000
20,-1,1790845296725,DEAL,PLACE,9003,SELL_LIMIT,S,1,ENT,1.13311,0.00000
20,-1,1790845297262,DEAL,FILL,9001,SELL_LIMIT,S,0,ENT,1.13241,0.00000
20,-1,1790845300158,ENGINE,MODIFY,9000,BUY_LIMIT,L,0,ENT,1.13172,1.13101
21,-1,1790846487288,SEED,PLACE,1978117494,BUY_LIMIT,L,0,ENT,1.13172,0.00000
21,-1,1790846487288,SEED,PLACE,1978243207,BUY_LIMIT,S,0,EXT,1.13151,0.00000
21,-1,1790846487288,SEED,PLACE,1978243215,SELL_LIMIT,S,1,ENT,1.13311,0.00000
21,-1,1790847581622,DEAL,PLACE,9000,SELL_LIMIT,L,0,EXT,1.13261,0.00000
21,-1,1790847582159,DEAL,PLACE,9001,BUY_LIMIT,L,1,ENT,1.13101,0.00000
21,-1,1790847582696,DEAL,FILL,1978117494,BUY_LIMIT,L,0,ENT,1.13172,0.00000
21,-1,1790847601332,DEAL,FILL,1978243207,BUY_LIMIT,S,0,EXT,1.13151,0.00000
21,-1,1790847604281,ENGINE,PLACE,9002,SELL_LIMIT,S,0,ENT,1.13222,0.00000
21,-1,1790847604818,ENGINE,REMOVE,1978243215,SELL_LIMIT,S,1,ENT,1.13311,0.00000
21,-1,1790847652395,DEAL,PLACE,9003,SELL_LIMIT,L,1,EXT,1.13182,0.00000
21,-1,1790847652932,DEAL,PLACE,9004,BUY_LIMIT,L,2,ENT,1.13022,0.00000
21,-1,1790847653469,DEAL,FILL,9001,BUY_LIMIT,L,1,ENT,1.13101,0.00000
21,-1,1790847658568,ENGINE,MODIFY,9002,SELL_LIMIT,S,0,ENT,1.13152,1.13222
21,-1,1790848450532,DEAL,PLACE,9005,BUY_LIMIT,S,0,EXT,1.13064,0.00000
21,-1,1790848451069,DEAL,PLACE,9006,SELL_LIMIT,S,1,ENT,1.13224,0.00000
21,-1,1790848451606,DEAL,FILL,9002,SELL_LIMIT,S,0,ENT,1.13152,0.00000
21,-1,1790848654638,DEAL,FILL,9003,SELL_LIMIT,L,1,EXT,1.13182,0.00000
21,-1,1790848655174,ENGINE,REMOVE,9004,BUY_LIMIT,L,2,ENT,1.13022,0.00000
21,-1,1790848661210,ENGINE,PLACE,9007,BUY_LIMIT,L,1,ENT,1.13101,0.00000
21,-1,1790850146322,DEAL,PLACE,9008,SELL_LIMIT,L,1,EXT,1.13189,0.00000
21,-1,1790850146859,DEAL,PLACE,9009,BUY_LIMIT,L,2,ENT,1.13029,0.00000
21,-1,1790850147396,DEAL,FILL,9007,BUY_LIMIT,L,1,ENT,1.13101,0.00000
21,-1,1790850225037,DEAL,FILL,9005,BUY_LIMIT,S,0,EXT,1.13064,0.00000
21,-1,1790850225781,ENGINE,PLACE,9010,SELL_LIMIT,S,0,ENT,1.13122,0.00000
21,-1,1790850226318,ENGINE,REMOVE,9006,SELL_LIMIT,S,1,ENT,1.13224,0.00000
21,-1,1790850667211,DEAL,PLACE,9011,SELL_LIMIT,L,2,EXT,1.13102,0.00000
21,-1,1790850667748,DEAL,PLACE,9012,BUY_LIMIT,L,3,ENT,1.12942,0.00000
21,-1,1790850668285,DEAL,REMOVE,9008,SELL_LIMIT,L,1,EXT,1.13189,0.00000
21,-1,1790850668328,DEAL,FILL,9009,BUY_LIMIT,L,2,ENT,1.13029,0.00000
21,-1,1790851669789,DEAL,FILL,9011,SELL_LIMIT,L,2,EXT,1.13102,0.00000
21,-1,1790851670425,CB_DONE,PLACE,9013,SELL_LIMIT,L,1,EXT,1.13189,0.00000
21,-1,1790851670962,ENGINE,REMOVE,9012,BUY_LIMIT,L,3,ENT,1.12942,0.00000
21,-1,1790851671138,ENGINE,PLACE,9014,BUY_LIMIT,L,2,ENT,1.13029,0.00000
21,-1,1790852460641,DEAL,PLACE,9015,SELL_LIMIT,L,2,EXT,1.13117,0.00000
21,-1,1790852461178,DEAL,PLACE,9016,BUY_LIMIT,L,3,ENT,1.12957,0.00000
21,-1,1790852461715,DEAL,REMOVE,9013,SELL_LIMIT,L,1,EXT,1.13189,0.00000
21,-1,1790852461758,DEAL,FILL,9014,BUY_LIMIT,L,2,ENT,1.13029,0.00000
21,-1,1790852590965,ENGINE,MODIFY,9010,SELL_LIMIT,S,0,ENT,1.13051,1.13122
21,-1,1790853133080,DEAL,PLACE,9017,SELL_LIMIT,L,3,EXT,1.13045,0.00000
21,-1,1790853133617,DEAL,PLACE,9018,BUY_LIMIT,L,4,ENT,1.12885,0.00000
21,-1,1790853134154,DEAL,REMOVE,9015,SELL_LIMIT,L,2,EXT,1.13117,0.00000
21,-1,1790853134197,DEAL,FILL,9016,BUY_LIMIT,L,3,ENT,1.12957,0.00000
21,-1,1790853998886,DEAL,FILL,9017,SELL_LIMIT,L,3,EXT,1.13045,0.00000
21,-1,1790853999522,CB_DONE,PLACE,9019,SELL_LIMIT,L,2,EXT,1.13117,0.00000
21,-1,1790854000059,ENGINE,REMOVE,9018,BUY_LIMIT,L,4,ENT,1.12885,0.00000
21,-1,1790854000232,ENGINE,PLACE,9020,BUY_LIMIT,L,3,ENT,1.12957,0.00000
21,-1,1790854003553,DEAL,PLACE,9021,BUY_LIMIT,S,0,EXT,1.12960,0.00000
21,-1,1790854004090,DEAL,PLACE,9022,SELL_LIMIT,S,1,ENT,1.13120,0.00000
21,-1,1790854004627,DEAL,FILL,9010,SELL_LIMIT,S,0,ENT,1.13051,0.00000
21,-1,1790854582337,DEAL,FILL,9021,BUY_LIMIT,S,0,EXT,1.12960,0.00000
21,-1,1790854583683,ENGINE,PLACE,9023,SELL_LIMIT,S,0,ENT,1.13036,0.00000
21,-1,1790854584220,ENGINE,REMOVE,9022,SELL_LIMIT,S,1,ENT,1.13120,0.00000
21,-1,1790854590376,DEAL,PLACE,9024,SELL_LIMIT,L,3,EXT,1.13044,0.00000
21,-1,1790854590913,DEAL,PLACE,9025,BUY_LIMIT,L,4,ENT,1.12884,0.00000
21,-1,1790854591450,DEAL,REMOVE,9019,SELL_LIMIT,L,2,EXT,1.13117,0.00000
21,-1,1790854591493,DEAL,FILL,9020,BUY_LIMIT,L,3,ENT,1.12957,0.00000
21,-1,1790854775420,ENGINE,MODIFY,9023,SELL_LIMIT,S,0,ENT,1.12961,1.13036
21,-1,1790855595086,DEAL,PLACE,9026,SELL_LIMIT,L,4,EXT,1.12973,0.00000
21,-1,1790855595623,DEAL,PLACE,9027,BUY_LIMIT,L,5,ENT,1.12813,0.00000
21,-1,1790855596160,DEAL,REMOVE,9024,SELL_LIMIT,L,3,EXT,1.13044,0.00000
21,-1,1790855596203,DEAL,FILL,9025,BUY_LIMIT,L,4,ENT,1.12884,0.00000
21,-1,1790856460520,DEAL,PLACE,9028,BUY_LIMIT,S,0,EXT,1.12872,0.00000
21,-1,1790856461057,DEAL,PLACE,9029,SELL_LIMIT,S,1,ENT,1.13032,0.00000
21,-1,1790856461594,DEAL,FILL,9023,SELL_LIMIT,S,0,ENT,1.12961,0.00000
21,-1,1790856505786,DEAL,FILL,9026,SELL_LIMIT,L,4,EXT,1.12973,0.00000
21,-1,1790856506837,CB_DONE,PLACE,9030,SELL_LIMIT,L,3,EXT,1.13044,0.00000
21,-1,1790856507374,ENGINE,REMOVE,9027,BUY_LIMIT,L,5,ENT,1.12813,0.00000
21,-1,1790856507541,ENGINE,PLACE,9031,BUY_LIMIT,L,4,ENT,1.12884,0.00000
21,-1,1790858990822,DEAL,PLACE,9032,SELL_LIMIT,L,4,EXT,1.12972,0.00000
21,-1,1790858991359,DEAL,PLACE,9033,BUY_LIMIT,L,5,ENT,1.12812,0.00000
21,-1,1790858991896,DEAL,REMOVE,9030,SELL_LIMIT,L,3,EXT,1.13044,0.00000
21,-1,1790858991939,DEAL,FILL,9031,BUY_LIMIT,L,4,ENT,1.12884,0.00000
21,-1,1790859005495,DEAL,FILL,9028,BUY_LIMIT,S,0,EXT,1.12872,0.00000
21,-1,1790859006839,ENGINE,PLACE,9034,SELL_LIMIT,S,0,ENT,1.12934,0.00000
21,-1,1790859007376,ENGINE,REMOVE,9029,SELL_LIMIT,S,1,ENT,1.13032,0.00000
21,-1,1790859280941,DEAL,PLACE,9035,SELL_LIMIT,L,5,EXT,1.12901,0.00000
21,-1,1790859281478,DEAL,PLACE,9036,BUY_LIMIT,L,6,ENT,1.12741,0.00000
21,-1,1790859282015,DEAL,REMOVE,9032,SELL_LIMIT,L,4,EXT,1.12972,0.00000
21,-1,1790859282058,DEAL,FILL,9033,BUY_LIMIT,L,5,ENT,1.12812,0.00000
21,-1,1790859321481,ENGINE,MODIFY,9034,SELL_LIMIT,S,0,ENT,1.12857,1.12934
21,-1,1790859566721,ENGINE,MODIFY,9034,SELL_LIMIT,S,0,ENT,1.12787,1.12857
21,-1,1790859567259,DEAL,PLACE,9037,SELL_LIMIT,L,6,EXT,1.12808,0.00000
21,-1,1790859567796,DEAL,PLACE,9038,BUY_LIMIT,L,7,ENT,1.12648,0.00000
21,-1,1790859568333,DEAL,REMOVE,9035,SELL_LIMIT,L,5,EXT,1.12901,0.00000
21,-1,1790859568376,DEAL,FILL,9036,BUY_LIMIT,L,6,ENT,1.12741,0.00000
21,-1,1790860512863,DEAL,PLACE,9039,BUY_LIMIT,S,0,EXT,1.12698,0.00000
21,-1,1790860513400,DEAL,PLACE,9040,SELL_LIMIT,S,1,ENT,1.12858,0.00000
21,-1,1790860513937,DEAL,FILL,9034,SELL_LIMIT,S,0,ENT,1.12787,0.00000
21,-1,1790860721134,DEAL,FILL,9037,SELL_LIMIT,L,6,EXT,1.12808,0.00000
21,-1,1790860721575,CB_DONE,PLACE,9041,SELL_LIMIT,L,5,EXT,1.12901,0.00000
21,-1,1790860722112,ENGINE,REMOVE,9038,BUY_LIMIT,L,7,ENT,1.12648,0.00000
21,-1,1790860722699,ENGINE,PLACE,9042,BUY_LIMIT,L,6,ENT,1.12741,0.00000
21,-1,1790861224918,DEAL,PLACE,9043,BUY_LIMIT,S,1,EXT,1.12776,0.00000
21,-1,1790861225455,DEAL,PLACE,9044,SELL_LIMIT,S,2,ENT,1.12936,0.00000
21,-1,1790861225992,DEAL,FILL,9040,SELL_LIMIT,S,1,ENT,1.12858,0.00000
21,-1,1790861419920,DEAL,FILL,9041,SELL_LIMIT,L,5,EXT,1.12901,0.00000
21,-1,1790861420358,CB_DONE,PLACE,9045,SELL_LIMIT,L,4,EXT,1.12972,0.00000
21,-1,1790861420895,ENGINE,REMOVE,9042,BUY_LIMIT,L,6,ENT,1.12741,0.00000
21,-1,1790861421069,ENGINE,PLACE,9046,BUY_LIMIT,L,5,ENT,1.12812,0.00000
21,-1,1790861704819,DEAL,PLACE,9047,BUY_LIMIT,S,2,EXT,1.12846,0.00000
21,-1,1790861705356,DEAL,PLACE,9048,SELL_LIMIT,S,3,ENT,1.13006,0.00000
21,-1,1790861705893,DEAL,REMOVE,9043,BUY_LIMIT,S,1,EXT,1.12776,0.00000
21,-1,1790861705936,DEAL,FILL,9044,SELL_LIMIT,S,2,ENT,1.12936,0.00000
21,-1,1790862850563,DEAL,FILL,9045,SELL_LIMIT,L,4,EXT,1.12972,0.00000
21,-1,1790862852411,CB_DONE,PLACE,9049,SELL_LIMIT,L,3,EXT,1.13044,0.00000
21,-1,1790862853317,ENGINE,REMOVE,9046,BUY_LIMIT,L,5,ENT,1.12812,0.00000
21,-1,1790862854121,ENGINE,PLACE,9050,BUY_LIMIT,L,4,ENT,1.12884,0.00000
21,-1,1790864084665,DEAL,PLACE,9051,SELL_LIMIT,L,4,EXT,1.12974,0.00000
21,-1,1790864085202,DEAL,PLACE,9052,BUY_LIMIT,L,5,ENT,1.12814,0.00000
21,-1,1790864085739,DEAL,REMOVE,9049,SELL_LIMIT,L,3,EXT,1.13044,0.00000
21,-1,1790864085782,DEAL,FILL,9050,BUY_LIMIT,L,4,ENT,1.12884,0.00000
21,-1,1790864188026,DEAL,FILL,9047,BUY_LIMIT,S,2,EXT,1.12846,0.00000
21,-1,1790864188656,CB_DONE,PLACE,9053,BUY_LIMIT,S,1,EXT,1.12776,0.00000
21,-1,1790864189193,ENGINE,REMOVE,9048,SELL_LIMIT,S,3,ENT,1.13006,0.00000
21,-1,1790864189564,ENGINE,PLACE,9054,SELL_LIMIT,S,2,ENT,1.12936,0.00000
21,-1,1790864808601,DEAL,PLACE,9055,SELL_LIMIT,L,5,EXT,1.12904,0.00000
21,-1,1790864809138,DEAL,PLACE,9056,BUY_LIMIT,L,6,ENT,1.12744,0.00000
21,-1,1790864809675,DEAL,REMOVE,9051,SELL_LIMIT,L,4,EXT,1.12974,0.00000
21,-1,1790864809718,DEAL,FILL,9052,BUY_LIMIT,L,5,ENT,1.12814,0.00000
21,-1,1790865382157,DEAL,FILL,9055,SELL_LIMIT,L,5,EXT,1.12904,0.00000
21,-1,1790865382790,CB_DONE,PLACE,9057,SELL_LIMIT,L,4,EXT,1.12974,0.00000
21,-1,1790865383327,ENGINE,REMOVE,9056,BUY_LIMIT,L,6,ENT,1.12744,0.00000
21,-1,1790865383502,ENGINE,PLACE,9058,BUY_LIMIT,L,5,ENT,1.12814,0.00000
21,-1,1790865580048,DEAL,PLACE,9059,BUY_LIMIT,S,2,EXT,1.12847,0.00000
21,-1,1790865580585,DEAL,PLACE,9060,SELL_LIMIT,S,3,ENT,1.13007,0.00000
21,-1,1790865581122,DEAL,REMOVE,9053,BUY_LIMIT,S,1,EXT,1.12776,0.00000
21,-1,1790865581165,DEAL,FILL,9054,SELL_LIMIT,S,2,ENT,1.12936,0.00000
21,-1,1790865792222,DEAL,FILL,9057,SELL_LIMIT,L,4,EXT,1.12974,0.00000
21,-1,1790865793066,CB_DONE,PLACE,9061,SELL_LIMIT,L,3,EXT,1.13044,0.00000
21,-1,1790865793603,ENGINE,REMOVE,9058,BUY_LIMIT,L,5,ENT,1.12814,0.00000
21,-1,1790865793975,ENGINE,PLACE,9062,BUY_LIMIT,L,4,ENT,1.12884,0.00000
21,-1,1790866070935,DEAL,PLACE,9063,BUY_LIMIT,S,3,EXT,1.12918,0.00000
21,-1,1790866071472,DEAL,PLACE,9064,SELL_LIMIT,S,4,ENT,1.13078,0.00000
21,-1,1790866072009,DEAL,REMOVE,9059,BUY_LIMIT,S,2,EXT,1.12847,0.00000
21,-1,1790866072052,DEAL,FILL,9060,SELL_LIMIT,S,3,ENT,1.13007,0.00000
21,-1,1790866323332,DEAL,FILL,9061,SELL_LIMIT,L,3,EXT,1.13044,0.00000
21,-1,1790866323765,CB_DONE,PLACE,9065,SELL_LIMIT,L,2,EXT,1.13117,0.00000
21,-1,1790866324676,ENGINE,REMOVE,9062,BUY_LIMIT,L,4,ENT,1.12884,0.00000
21,-1,1790866324877,ENGINE,PLACE,9066,BUY_LIMIT,L,3,ENT,1.12957,0.00000
21,-1,1790866501388,DEAL,PLACE,9067,BUY_LIMIT,S,4,EXT,1.12997,0.00000
21,-1,1790866501925,DEAL,PLACE,9068,SELL_LIMIT,S,5,ENT,1.13157,0.00000
21,-1,1790866502462,DEAL,REMOVE,9063,BUY_LIMIT,S,3,EXT,1.12918,0.00000
21,-1,1790866502505,DEAL,FILL,9064,SELL_LIMIT,S,4,ENT,1.13078,0.00000
21,-1,1790866633940,DEAL,FILL,9065,SELL_LIMIT,L,2,EXT,1.13117,0.00000
21,-1,1790866634574,CB_DONE,PLACE,9069,SELL_LIMIT,L,1,EXT,1.13189,0.00000
21,-1,1790866637492,ENGINE,REMOVE,9066,BUY_LIMIT,L,3,ENT,1.12957,0.00000
21,-1,1790866638103,ENGINE,PLACE,9070,BUY_LIMIT,L,2,ENT,1.13029,0.00000
21,-1,1790867104866,DEAL,PLACE,9071,SELL_LIMIT,L,2,EXT,1.13120,0.00000
21,-1,1790867105403,DEAL,PLACE,9072,BUY_LIMIT,L,3,ENT,1.12960,0.00000
21,-1,1790867105940,DEAL,REMOVE,9069,SELL_LIMIT,L,1,EXT,1.13189,0.00000
21,-1,1790867105983,DEAL,FILL,9070,BUY_LIMIT,L,2,ENT,1.13029,0.00000
21,-1,1790867381161,DEAL,FILL,9067,BUY_LIMIT,S,4,EXT,1.12997,0.00000
21,-1,1790867381996,CB_DONE,PLACE,9073,BUY_LIMIT,S,3,EXT,1.12918,0.00000
21,-1,1790867382533,ENGINE,REMOVE,9068,SELL_LIMIT,S,5,ENT,1.13157,0.00000
21,-1,1790867383111,ENGINE,PLACE,9074,SELL_LIMIT,S,4,ENT,1.13078,0.00000
21,-1,1790867806022,DEAL,PLACE,9075,SELL_LIMIT,L,3,EXT,1.13051,0.00000
21,-1,1790867806559,DEAL,PLACE,9076,BUY_LIMIT,L,4,ENT,1.12891,0.00000
21,-1,1790867807096,DEAL,REMOVE,9071,SELL_LIMIT,L,2,EXT,1.13120,0.00000
21,-1,1790867807139,DEAL,FILL,9072,BUY_LIMIT,L,3,ENT,1.12960,0.00000
21,-1,1790868367102,DEAL,FILL,9073,BUY_LIMIT,S,3,EXT,1.12918,0.00000
21,-1,1790868367544,CB_DONE,PLACE,9077,BUY_LIMIT,S,2,EXT,1.12847,0.00000
21,-1,1790868368081,ENGINE,REMOVE,9074,SELL_LIMIT,S,4,ENT,1.13078,0.00000
21,-1,1790868368443,ENGINE,PLACE,9078,SELL_LIMIT,S,3,ENT,1.13007,0.00000
21,-1,1790869671175,DEAL,PLACE,9079,SELL_LIMIT,L,4,EXT,1.12982,0.00000
21,-1,1790869671712,DEAL,PLACE,9080,BUY_LIMIT,L,5,ENT,1.12822,0.00000
21,-1,1790869672249,DEAL,REMOVE,9075,SELL_LIMIT,L,3,EXT,1.13051,0.00000
21,-1,1790869672292,DEAL,FILL,9076,BUY_LIMIT,L,4,ENT,1.12891,0.00000
21,-1,1790870349674,DEAL,FILL,9077,BUY_LIMIT,S,2,EXT,1.12847,0.00000
21,-1,1790870351715,CB_DONE,PLACE,9081,BUY_LIMIT,S,1,EXT,1.12776,0.00000
21,-1,1790870352252,ENGINE,REMOVE,9078,SELL_LIMIT,S,3,ENT,1.13007,0.00000
21,-1,1790870352635,ENGINE,PLACE,9082,SELL_LIMIT,S,2,ENT,1.12936,0.00000
21,-1,1790872854612,DEAL,PLACE,9083,SELL_LIMIT,L,5,EXT,1.12912,0.00000
21,-1,1790872855149,DEAL,PLACE,9084,BUY_LIMIT,L,6,ENT,1.12752,0.00000
21,-1,1790872855686,DEAL,REMOVE,9079,SELL_LIMIT,L,4,EXT,1.12982,0.00000
21,-1,1790872855729,DEAL,FILL,9080,BUY_LIMIT,L,5,ENT,1.12822,0.00000
21,-1,1790873250125,DEAL,FILL,9083,SELL_LIMIT,L,5,EXT,1.12912,0.00000
21,-1,1790873250763,CB_DONE,PLACE,9085,SELL_LIMIT,L,4,EXT,1.12982,0.00000
21,-1,1790873251478,ENGINE,REMOVE,9084,BUY_LIMIT,L,6,ENT,1.12752,0.00000
21,-1,1790873251674,ENGINE,PLACE,9086,BUY_LIMIT,L,5,ENT,1.12822,0.00000
21,-1,1790873523437,DEAL,PLACE,9087,BUY_LIMIT,S,2,EXT,1.12855,0.00000
21,-1,1790873523974,DEAL,PLACE,9088,SELL_LIMIT,S,3,ENT,1.13015,0.00000
21,-1,1790873524511,DEAL,REMOVE,9081,BUY_LIMIT,S,1,EXT,1.12776,0.00000
21,-1,1790873524554,DEAL,FILL,9082,SELL_LIMIT,S,2,ENT,1.12936,0.00000
21,-1,1790874324583,DEAL,FILL,9087,BUY_LIMIT,S,2,EXT,1.12855,0.00000
21,-1,1790874325620,CB_DONE,PLACE,9089,BUY_LIMIT,S,1,EXT,1.12776,0.00000
21,-1,1790874326157,ENGINE,REMOVE,9088,SELL_LIMIT,S,3,ENT,1.13015,0.00000
21,-1,1790874326729,ENGINE,PLACE,9090,SELL_LIMIT,S,2,ENT,1.12936,0.00000
21,-1,1790874521332,DEAL,PLACE,9091,BUY_LIMIT,S,2,EXT,1.12843,0.00000
21,-1,1790874521869,DEAL,PLACE,9092,SELL_LIMIT,S,3,ENT,1.13003,0.00000
21,-1,1790874522406,DEAL,REMOVE,9089,BUY_LIMIT,S,1,EXT,1.12776,0.00000
21,-1,1790874522449,DEAL,FILL,9090,SELL_LIMIT,S,2,ENT,1.12936,0.00000
21,-1,1790874820483,DEAL,FILL,9091,BUY_LIMIT,S,2,EXT,1.12843,0.00000
21,-1,1790874820919,CB_DONE,PLACE,9093,BUY_LIMIT,S,1,EXT,1.12776,0.00000
21,-1,1790874821456,ENGINE,REMOVE,9092,SELL_LIMIT,S,3,ENT,1.13003,0.00000
21,-1,1790874821830,ENGINE,PLACE,9094,SELL_LIMIT,S,2,ENT,1.12936,0.00000
21,-1,1790875895582,DEAL,PLACE,9095,SELL_LIMIT,L,5,EXT,1.12905,0.00000
21,-1,1790875896119,DEAL,PLACE,9096,BUY_LIMIT,L,6,ENT,1.12745,0.00000
21,-1,1790875896656,DEAL,REMOVE,9085,SELL_LIMIT,L,4,EXT,1.12982,0.00000
21,-1,1790875896699,DEAL,FILL,9086,BUY_LIMIT,L,5,ENT,1.12822,0.00000
21,-1,1790876593857,DEAL,FILL,9093,BUY_LIMIT,S,1,EXT,1.12776,0.00000
21,-1,1790876594604,ENGINE,REMOVE,9094,SELL_LIMIT,S,2,ENT,1.12936,0.00000
21,-1,1790876594806,ENGINE,PLACE,9097,SELL_LIMIT,S,1,ENT,1.12858,0.00000
21,-1,1790876625426,DEAL,PLACE,9098,SELL_LIMIT,L,6,EXT,1.12832,0.00000
21,-1,1790876625963,DEAL,PLACE,9099,BUY_LIMIT,L,7,ENT,1.12672,0.00000
21,-1,1790876626500,DEAL,REMOVE,9095,SELL_LIMIT,L,5,EXT,1.12905,0.00000
21,-1,1790876626543,DEAL,FILL,9096,BUY_LIMIT,L,6,ENT,1.12745,0.00000
21,-1,1790876794435,DEAL,FILL,9039,BUY_LIMIT,S,0,EXT,1.12698,0.00000
21,-1,1790876795578,ENGINE,PLACE,9100,SELL_LIMIT,S,0,ENT,1.12765,0.00000
21,-1,1790876796115,ENGINE,REMOVE,9097,SELL_LIMIT,S,1,ENT,1.12858,0.00000
21,-1,1790876816347,DEAL,PLACE,9101,SELL_LIMIT,L,7,EXT,1.12762,0.00000
21,-1,1790876816884,DEAL,REMOVE,9098,SELL_LIMIT,L,6,EXT,1.12832,0.00000
21,-1,1790876816927,DEAL,FILL,9099,BUY_LIMIT,L,7,ENT,1.12672,0.00000
21,-1,1790877131802,ENGINE,MODIFY,9100,SELL_LIMIT,S,0,ENT,1.12694,1.12765
21,-1,1790877913638,LATTICE,MODIFY,9000,SELL_LIMIT,L,0,EXT,1.12692,1.13261
21,-1,1790877914176,LATTICE,PLACE,9102,SELL_LIMIT,L,1,EXT,1.13189,0.00000
21,-1,1790877914713,LATTICE,REMOVE,9101,SELL_LIMIT,L,7,EXT,1.12762,0.00000
21,-1,1790877943990,ENGINE,MODIFY,9100,SELL_LIMIT,S,0,ENT,1.12624,1.12694
21,-1,1790877964489,LATTICE,MODIFY,9102,SELL_LIMIT,L,1,EXT,1.12622,1.13189
21,-1,1790877965027,LATTICE,PLACE,9103,SELL_LIMIT,L,2,EXT,1.13120,0.00000
21,-1,1790877965564,LATTICE,REMOVE,9000,SELL_LIMIT,L,0,EXT,1.12692,0.00000
21,-1,1790879420793,ENGINE,MODIFY,9100,SELL_LIMIT,S,0,ENT,1.12554,1.12624
21,-1,1790879435254,LATTICE,MODIFY,9103,SELL_LIMIT,L,2,EXT,1.12552,1.13120
21,-1,1790879435792,LATTICE,PLACE,9104,SELL_LIMIT,L,3,EXT,1.13051,0.00000
21,-1,1790879436329,LATTICE,REMOVE,9102,SELL_LIMIT,L,1,EXT,1.12622,0.00000
21,-1,1790879436372,ENGINE,MODIFY,9100,SELL_LIMIT,S,0,ENT,1.12462,1.12554
21,-1,1790879437059,LATTICE,MODIFY,9104,SELL_LIMIT,L,3,EXT,1.12482,1.13051
21,-1,1790879437597,LATTICE,PLACE,9105,SELL_LIMIT,L,4,EXT,1.12982,0.00000
21,-1,1790879438134,LATTICE,REMOVE,9103,SELL_LIMIT,L,2,EXT,1.12552,0.00000
21,-1,1790879661027,LATTICE,MODIFY,9105,SELL_LIMIT,L,4,EXT,1.12412,1.12982
21,-1,1790879661565,LATTICE,PLACE,9106,SELL_LIMIT,L,5,EXT,1.12905,0.00000
21,-1,1790879662102,LATTICE,REMOVE,9104,SELL_LIMIT,L,3,EXT,1.12482,0.00000
21,-1,1790879662145,ENGINE,MODIFY,9100,SELL_LIMIT,S,0,ENT,1.12388,1.12462
21,-1,1790879813274,DEAL,PLACE,9107,BUY_LIMIT,S,0,EXT,1.12298,0.00000
21,-1,1790879813811,DEAL,FILL,9100,SELL_LIMIT,S,0,ENT,1.12388,0.00000
21,-1,1790879829777,DEAL,FILL,9105,SELL_LIMIT,L,4,EXT,1.12412,0.00000
21,-1,1790879830202,CB_DONE,PLACE,9108,SELL_LIMIT,L,3,EXT,1.12482,0.00000
21,-1,1790880603844,DEAL,FILL,9107,BUY_LIMIT,S,0,EXT,1.12298,0.00000
21,-1,1790881646656,ENGINE,PLACE,9109,SELL_LIMIT,S,0,ENT,1.12448,0.00000
21,-1,1790881647257,ENGINE,PLACE,9110,BUY_LIMIT,L,8,ENT,1.12322,0.00000
21,-1,1790882790733,DEAL,PLACE,9111,BUY_LIMIT,S,0,EXT,1.12360,0.00000
21,-1,1790882791270,DEAL,PLACE,9112,SELL_LIMIT,S,1,ENT,1.12520,0.00000
21,-1,1790882791807,DEAL,FILL,9109,SELL_LIMIT,S,0,ENT,1.12448,0.00000
21,-1,1790883100135,DEAL,FILL,9111,BUY_LIMIT,S,0,EXT,1.12360,0.00000
21,-1,1790883101484,ENGINE,PLACE,9113,SELL_LIMIT,S,0,ENT,1.12427,0.00000
21,-1,1790883102021,ENGINE,REMOVE,9112,SELL_LIMIT,S,1,ENT,1.12520,0.00000
21,-1,1790883217140,DEAL,PLACE,9114,SELL_LIMIT,L,8,EXT,1.12412,0.00000
21,-1,1790883217677,DEAL,REMOVE,9108,SELL_LIMIT,L,3,EXT,1.12482,0.00000
21,-1,1790883217720,DEAL,FILL,9110,BUY_LIMIT,L,8,ENT,1.12322,0.00000
21,-1,1790883363695,ENGINE,MODIFY,9113,SELL_LIMIT,S,0,ENT,1.12356,1.12427
21,-1,1790883659640,LATTICE,MODIFY,9106,SELL_LIMIT,L,5,EXT,1.12342,1.12905
21,-1,1790883660178,LATTICE,PLACE,9115,SELL_LIMIT,L,6,EXT,1.12832,0.00000
21,-1,1790883660715,LATTICE,REMOVE,9114,SELL_LIMIT,L,8,EXT,1.12412,0.00000
21,-1,1790884144632,ENGINE,MODIFY,9113,SELL_LIMIT,S,0,ENT,1.12286,1.12356
21,-1,1790884315624,LATTICE,MODIFY,9115,SELL_LIMIT,L,6,EXT,1.12272,1.12832
21,-1,1790884316162,LATTICE,PLACE,9116,SELL_LIMIT,L,7,EXT,1.12762,0.00000
21,-1,1790884316699,LATTICE,REMOVE,9106,SELL_LIMIT,L,5,EXT,1.12342,0.00000
21,-1,1790886233849,DEAL,FILL,9115,SELL_LIMIT,L,6,EXT,1.12272,0.00000
21,-1,1790886235084,CB_DONE,PLACE,9117,SELL_LIMIT,L,5,EXT,1.12342,0.00000
21,-1,1790886235621,ENGINE,PLACE,9118,BUY_LIMIT,L,9,ENT,1.12182,0.00000
21,-1,1790886305304,DEAL,PLACE,9119,BUY_LIMIT,S,0,EXT,1.12203,0.00000
21,-1,1790886305841,DEAL,PLACE,9120,SELL_LIMIT,S,1,ENT,1.12363,0.00000
21,-1,1790886306378,DEAL,FILL,9113,SELL_LIMIT,S,0,ENT,1.12286,0.00000
21,-1,1790886603142,DEAL,FILL,9117,SELL_LIMIT,L,5,EXT,1.12342,0.00000
21,-1,1790886603575,CB_DONE,PLACE,9121,SELL_LIMIT,L,8,EXT,1.12412,0.00000
21,-1,1790886604112,ENGINE,MODIFY,9118,BUY_LIMIT,L,9,ENT,1.12252,1.12182
21,-1,1790886604650,DEAL,PLACE,9122,BUY_LIMIT,S,1,EXT,1.12273,0.00000
21,-1,1790886605187,DEAL,PLACE,9123,SELL_LIMIT,S,2,ENT,1.12433,0.00000
21,-1,1790886605724,DEAL,FILL,9120,SELL_LIMIT,S,1,ENT,1.12363,0.00000
21,-1,1790887703335,DEAL,FILL,9122,BUY_LIMIT,S,1,EXT,1.12273,0.00000
21,-1,1790887704077,ENGINE,REMOVE,9123,SELL_LIMIT,S,2,ENT,1.12433,0.00000
21,-1,1790887704478,ENGINE,PLACE,9124,SELL_LIMIT,S,1,ENT,1.12363,0.00000
21,-1,1790888097706,DEAL,PLACE,9125,SELL_LIMIT,L,9,EXT,1.12342,0.00000
21,-1,1790888098243,DEAL,PLACE,9126,BUY_LIMIT,L,10,ENT,1.12182,0.00000
21,-1,1790888098780,DEAL,FILL,9118,BUY_LIMIT,L,9,ENT,1.12252,0.00000
21,-1,1790888098780,DEAL,REMOVE,9121,SELL_LIMIT,L,8,EXT,1.12412,0.00000
21,-1,1790890495255,DEAL,FILL,9125,SELL_LIMIT,L,9,EXT,1.12342,0.00000
21,-1,1790890495688,CB_DONE,PLACE,9127,SELL_LIMIT,L,8,EXT,1.12412,0.00000
21,-1,1790890496225,ENGINE,REMOVE,9126,BUY_LIMIT,L,10,ENT,1.12182,0.00000
21,-1,1790890496394,ENGINE,PLACE,9128,BUY_LIMIT,L,9,ENT,1.12252,0.00000
21,-1,1790890511122,DEAL,PLACE,9129,BUY_LIMIT,S,1,EXT,1.12274,0.00000
21,-1,1790890511659,DEAL,PLACE,9130,SELL_LIMIT,S,2,ENT,1.12434,0.00000
21,-1,1790890512196,DEAL,FILL,9124,SELL_LIMIT,S,1,ENT,1.12363,0.00000
21,-1,1790893724788,DEAL,FILL,9127,SELL_LIMIT,L,8,EXT,1.12412,0.00000
21,-1,1790893727259,CB_DONE,PLACE,9131,SELL_LIMIT,L,3,EXT,1.12482,0.00000
21,-1,1790893729767,ENGINE,REMOVE,9128,BUY_LIMIT,L,9,ENT,1.12252,0.00000
21,-1,1790893729970,ENGINE,PLACE,9132,BUY_LIMIT,L,8,ENT,1.12322,0.00000
21,-1,1790893870765,DEAL,PLACE,9133,BUY_LIMIT,S,2,EXT,1.12344,0.00000
21,-1,1790893871302,DEAL,PLACE,9134,SELL_LIMIT,S,3,ENT,1.12504,0.00000
21,-1,1790893871839,DEAL,REMOVE,9129,BUY_LIMIT,S,1,EXT,1.12274,0.00000
21,-1,1790893871882,DEAL,FILL,9130,SELL_LIMIT,S,2,ENT,1.12434,0.00000
21,-1,1790898687288,TIMER,MODIFY,9131,SELL_LIMIT,L,3,EXT,1.12490,1.12482
21,-1,1790898747288,TIMER,MODIFY,9116,SELL_LIMIT,L,7,EXT,1.12770,1.12762
21,-1,1790898747826,TIMER,MODIFY,9119,BUY_LIMIT,S,0,EXT,1.12204,1.12203
21,-1,1790898807288,TIMER,MODIFY,9133,BUY_LIMIT,S,2,EXT,1.12345,1.12344
22,-1,1790900423001,SEED,PLACE,1980743306,SELL_LIMIT,L,3,EXT,1.12490,0.00000
22,-1,1790900423001,SEED,PLACE,1980342588,SELL_LIMIT,L,7,EXT,1.12770,0.00000
22,-1,1790900423001,SEED,PLACE,1980743315,BUY_LIMIT,L,8,ENT,1.12322,0.00000
22,-1,1790900423001,SEED,PLACE,1980417634,BUY_LIMIT,S,0,EXT,1.12137,0.00000
22,-1,1790900423001,SEED,PLACE,1980748293,BUY_LIMIT,S,3,EXT,1.12345,0.00000
22,-1,1790900423001,SEED,PLACE,1980748332,SELL_LIMIT,S,4,ENT,1.12504,0.00000
22,-1,1790910024415,DEAL,FILL,1980743306,SELL_LIMIT,L,3,EXT,1.12490,0.00000
22,-1,1790910024859,CB_DONE,PLACE,9000,SELL_LIMIT,L,2,EXT,1.12560,0.00000
22,-1,1790910025396,ENGINE,MODIFY,1980743315,BUY_LIMIT,L,8,ENT,1.12392,1.12322
22,-1,1790911789215,DEAL,PLACE,9001,SELL_LIMIT,L,8,EXT,1.12482,0.00000
22,-1,1790911789752,DEAL,PLACE,9002,BUY_LIMIT,L,9,ENT,1.12322,0.00000
22,-1,1790911790289,DEAL,FILL,1980743315,BUY_LIMIT,L,8,ENT,1.12392,0.00000
22,-1,1790911790289,DEAL,REMOVE,9000,SELL_LIMIT,L,2,EXT,1.12560,0.00000
22,-1,1790913555464,DEAL,FILL,1980748293,BUY_LIMIT,S,3,EXT,1.12345,0.00000
22,-1,1790913557297,CB_DONE,PLACE,9003,BUY_LIMIT,S,2,EXT,1.12275,0.00000
22,-1,1790913557834,ENGINE,REMOVE,1980748332,SELL_LIMIT,S,4,ENT,1.12504,0.00000
22,-1,1790913560632,ENGINE,PLACE,9004,SELL_LIMIT,S,3,ENT,1.12434,0.00000
22,-1,1790915684595,DEAL,PLACE,9005,SELL_LIMIT,L,9,EXT,1.12413,0.00000
22,-1,1790915685132,DEAL,PLACE,9006,BUY_LIMIT,L,10,ENT,1.12253,0.00000
22,-1,1790915685669,DEAL,REMOVE,9001,SELL_LIMIT,L,8,EXT,1.12482,0.00000
22,-1,1790915685712,DEAL,FILL,9002,BUY_LIMIT,L,9,ENT,1.12322,0.00000
22,-1,1790917500243,DEAL,FILL,9005,SELL_LIMIT,L,9,EXT,1.12413,0.00000
22,-1,1790917500683,CB_DONE,PLACE,9007,SELL_LIMIT,L,8,EXT,1.12482,0.00000
22,-1,1790917501783,ENGINE,REMOVE,9006,BUY_LIMIT,L,10,ENT,1.12253,0.00000
22,-1,1790917503590,ENGINE,PLACE,9008,BUY_LIMIT,L,9,ENT,1.12322,0.00000
22,-1,1790919377079,DEAL,PLACE,9009,BUY_LIMIT,S,3,EXT,1.12344,0.00000
22,-1,1790919377616,DEAL,PLACE,9010,SELL_LIMIT,S,4,ENT,1.12504,0.00000
22,-1,1790919378153,DEAL,REMOVE,9003,BUY_LIMIT,S,2,EXT,1.12275,0.00000
22,-1,1790919378196,DEAL,FILL,9004,SELL_LIMIT,S,3,ENT,1.12434,0.00000
23,-1,1790920989002,SEED,PLACE,1980342588,SELL_LIMIT,L,7,EXT,1.12770,0.00000
23,-1,1790920989002,SEED,PLACE,1981323545,SELL_LIMIT,L,8,EXT,1.12482,0.00000
23,-1,1790920989002,SEED,PLACE,1981323880,BUY_LIMIT,L,9,ENT,1.12322,0.00000
23,-1,1790920989002,SEED,PLACE,1980417634,BUY_LIMIT,S,0,EXT,1.12137,0.00000
23,-1,1790920989002,SEED,PLACE,1981389976,BUY_LIMIT,S,3,EXT,1.12344,0.00000
23,-1,1790920989002,SEED,PLACE,1981389991,SELL_LIMIT,S,4,ENT,1.12504,0.00000
23,-1,1790921933362,DEAL,FILL,1981323545,SELL_LIMIT,L,8,EXT,1.12482,0.00000
23,-1,1790921938816,CB_DONE,PLACE,9000,SELL_LIMIT,L,2,EXT,1.12560,0.00000
23,-1,1790921940129,ENGINE,REMOVE,1981323880,BUY_LIMIT,L,9,ENT,1.12322,0.00000
23,-1,1790921940325,ENGINE,PLACE,9001,BUY_LIMIT,L,8,ENT,1.12392,0.00000
23,-1,1790922492089,DEAL,PLACE,9002,BUY_LIMIT,S,4,EXT,1.12414,0.00000
23,-1,1790922492626,DEAL,PLACE,9003,SELL_LIMIT,S,5,ENT,1.12574,0.00000
23,-1,1790922493163,DEAL,REMOVE,1981389976,BUY_LIMIT,S,3,EXT,1.12344,0.00000
23,-1,1790922493206,DEAL,FILL,1981389991,SELL_LIMIT,S,4,ENT,1.12504,0.00000
23,-1,1790931910005,DEAL,FILL,9000,SELL_LIMIT,L,2,EXT,1.12560,0.00000
23,-1,1790931910640,CB_DONE,PLACE,9004,SELL_LIMIT,L,1,EXT,1.12630,0.00000
23,-1,1790931911177,ENGINE,MODIFY,9001,BUY_LIMIT,L,8,ENT,1.12462,1.12392
23,-1,1790932339681,DEAL,PLACE,9005,BUY_LIMIT,S,5,EXT,1.12484,0.00000
23,-1,1790932340218,DEAL,PLACE,9006,SELL_LIMIT,S,6,ENT,1.12644,0.00000
23,-1,1790932340755,DEAL,REMOVE,9002,BUY_LIMIT,S,4,EXT,1.12414,0.00000
23,-1,1790932340798,DEAL,FILL,9003,SELL_LIMIT,S,5,ENT,1.12574,0.00000
23,-1,1790936035245,DEAL,FILL,9004,SELL_LIMIT,L,1,EXT,1.12630,0.00000
23,-1,1790936036489,CB_DONE,PLACE,9007,SELL_LIMIT,L,0,EXT,1.12700,0.00000
23,-1,1790936037026,ENGINE,MODIFY,9001,BUY_LIMIT,L,8,ENT,1.12532,1.12462
23,-1,1790936075887,DEAL,PLACE,9008,BUY_LIMIT,S,6,EXT,1.12554,0.00000
23,-1,1790936076424,DEAL,PLACE,9009,SELL_LIMIT,S,7,ENT,1.12714,0.00000
23,-1,1790936076961,DEAL,REMOVE,9005,BUY_LIMIT,S,5,EXT,1.12484,0.00000
23,-1,1790936077004,DEAL,FILL,9006,SELL_LIMIT,S,6,ENT,1.12644,0.00000
23,-1,1790937870332,DEAL,FILL,9008,BUY_LIMIT,S,6,EXT,1.12554,0.00000
23,-1,1790937871576,CB_DONE,PLACE,9010,BUY_LIMIT,S,5,EXT,1.12484,0.00000
23,-1,1790937872113,ENGINE,REMOVE,9009,SELL_LIMIT,S,7,ENT,1.12714,0.00000
23,-1,1790937872487,ENGINE,PLACE,9011,SELL_LIMIT,S,6,ENT,1.12644,0.00000
23,-1,1790938669281,DEAL,PLACE,9012,BUY_LIMIT,S,6,EXT,1.12553,0.00000
23,-1,1790938669818,DEAL,PLACE,9013,SELL_LIMIT,S,7,ENT,1.12713,0.00000
23,-1,1790938670355,DEAL,REMOVE,9010,BUY_LIMIT,S,5,EXT,1.12484,0.00000
23,-1,1790938670398,DEAL,FILL,9011,SELL_LIMIT,S,6,ENT,1.12644,0.00000
23,-1,1790940226082,DEAL,FILL,9012,BUY_LIMIT,S,6,EXT,1.12553,0.00000
23,-1,1790940226719,CB_DONE,PLACE,9014,BUY_LIMIT,S,5,EXT,1.12484,0.00000
23,-1,1790940227256,ENGINE,REMOVE,9013,SELL_LIMIT,S,7,ENT,1.12713,0.00000
23,-1,1790940229843,ENGINE,PLACE,9015,SELL_LIMIT,S,6,ENT,1.12644,0.00000
23,-1,1790940669399,DEAL,PLACE,9016,SELL_LIMIT,L,8,EXT,1.12621,0.00000
23,-1,1790940669936,DEAL,PLACE,9017,BUY_LIMIT,L,9,ENT,1.12461,0.00000
23,-1,1790940670473,DEAL,FILL,9001,BUY_LIMIT,L,8,ENT,1.12532,0.00000
23,-1,1790940670473,DEAL,REMOVE,9007,SELL_LIMIT,L,0,EXT,1.12700,0.00000
23,-1,1790941500573,DEAL,FILL,9014,BUY_LIMIT,S,5,EXT,1.12484,0.00000
23,-1,1790941501610,CB_DONE,PLACE,9018,BUY_LIMIT,S,4,EXT,1.12414,0.00000
23,-1,1790941503262,ENGINE,REMOVE,9015,SELL_LIMIT,S,6,ENT,1.12644,0.00000
23,-1,1790941506476,ENGINE,PLACE,9019,SELL_LIMIT,S,5,ENT,1.12574,0.00000
23,-1,1790941623225,DEAL,PLACE,9020,SELL_LIMIT,L,9,EXT,1.12551,0.00000
23,-1,1790941623762,DEAL,PLACE,9021,BUY_LIMIT,L,10,ENT,1.12391,0.00000
23,-1,1790941624299,DEAL,REMOVE,9016,SELL_LIMIT,L,8,EXT,1.12621,0.00000
23,-1,1790941624342,DEAL,FILL,9017,BUY_LIMIT,L,9,ENT,1.12461,0.00000
23,-1,1790946796442,DEAL,FILL,9018,BUY_LIMIT,S,4,EXT,1.12414,0.00000
23,-1,1790946797279,CB_DONE,PLACE,9022,BUY_LIMIT,S,3,EXT,1.12344,0.00000
23,-1,1790946797816,ENGINE,REMOVE,9019,SELL_LIMIT,S,5,ENT,1.12574,0.00000
23,-1,1790946798596,ENGINE,PLACE,9023,SELL_LIMIT,S,4,ENT,1.12504,0.00000
23,-1,1790946929193,DEAL,PLACE,9024,SELL_LIMIT,L,10,EXT,1.12478,0.00000
23,-1,1790946929730,DEAL,PLACE,9025,BUY_LIMIT,L,11,ENT,1.12318,0.00000
23,-1,1790946930267,DEAL,REMOVE,9020,SELL_LIMIT,L,9,EXT,1.12551,0.00000
23,-1,1790946930310,DEAL,FILL,9021,BUY_LIMIT,L,10,ENT,1.12391,0.00000
23,-1,1790947212476,DEAL,FILL,9022,BUY_LIMIT,S,3,EXT,1.12344,0.00000
23,-1,1790947212907,CB_DONE,PLACE,9026,BUY_LIMIT,S,2,EXT,1.12275,0.00000
23,-1,1790947213444,ENGINE,REMOVE,9023,SELL_LIMIT,S,4,ENT,1.12504,0.00000
23,-1,1790947213616,ENGINE,PLACE,9027,SELL_LIMIT,S,3,ENT,1.12434,0.00000
23,-1,1790947244426,DEAL,PLACE,9028,SELL_LIMIT,L,11,EXT,1.12408,0.00000
23,-1,1790947244963,DEAL,PLACE,9029,BUY_LIMIT,L,12,ENT,1.12248,0.00000
23,-1,1790947245500,DEAL,REMOVE,9024,SELL_LIMIT,L,10,EXT,1.12478,0.00000
23,-1,1790947245543,DEAL,FILL,9025,BUY_LIMIT,L,11,ENT,1.12318,0.00000
23,-1,1790949893875,DEAL,FILL,9026,BUY_LIMIT,S,2,EXT,1.12275,0.00000
23,-1,1790949894512,CB_DONE,PLACE,9030,BUY_LIMIT,S,1,EXT,1.12204,0.00000
23,-1,1790949895049,ENGINE,REMOVE,9027,SELL_LIMIT,S,3,ENT,1.12434,0.00000
23,-1,1790949895230,ENGINE,PLACE,9031,SELL_LIMIT,S,2,ENT,1.12363,0.00000
23,-1,1790950632657,DEAL,PLACE,9032,BUY_LIMIT,S,2,EXT,1.12274,0.00000
23,-1,1790950633194,DEAL,PLACE,9033,SELL_LIMIT,S,3,ENT,1.12434,0.00000
23,-1,1790950633731,DEAL,REMOVE,9030,BUY_LIMIT,S,1,EXT,1.12204,0.00000
23,-1,1790950633774,DEAL,FILL,9031,SELL_LIMIT,S,2,ENT,1.12363,0.00000
23,-1,1790951070286,DEAL,FILL,9028,SELL_LIMIT,L,11,EXT,1.12408,0.00000
23,-1,1790951071525,CB_DONE,PLACE,9034,SELL_LIMIT,L,10,EXT,1.12478,0.00000
23,-1,1790951072062,ENGINE,REMOVE,9029,BUY_LIMIT,L,12,ENT,1.12248,0.00000
23,-1,1790951072235,ENGINE,PLACE,9035,BUY_LIMIT,L,11,ENT,1.12318,0.00000
23,-1,1790952797066,DEAL,PLACE,9036,SELL_LIMIT,L,11,EXT,1.12407,0.00000
23,-1,1790952797603,DEAL,PLACE,9037,BUY_LIMIT,L,12,ENT,1.12247,0.00000
23,-1,1790952798140,DEAL,REMOVE,9034,SELL_LIMIT,L,10,EXT,1.12478,0.00000
23,-1,1790952798183,DEAL,FILL,9035,BUY_LIMIT,L,11,ENT,1.12318,0.00000
23,-1,1790953552360,DEAL,FILL,9032,BUY_LIMIT,S,2,EXT,1.12274,0.00000
23,-1,1790953552792,CB_DONE,PLACE,9038,BUY_LIMIT,S,1,EXT,1.12204,0.00000
23,-1,1790953553329,ENGINE,REMOVE,9033,SELL_LIMIT,S,3,ENT,1.12434,0.00000
23,-1,1790953553506,ENGINE,PLACE,9039,SELL_LIMIT,S,2,ENT,1.12363,0.00000
23,-1,1790953711719,DEAL,PLACE,9040,SELL_LIMIT,L,12,EXT,1.12337,0.00000
23,-1,1790953712256,DEAL,PLACE,9041,BUY_LIMIT,L,13,ENT,1.12177,0.00000
23,-1,1790953712793,DEAL,REMOVE,9036,SELL_LIMIT,L,11,EXT,1.12407,0.00000
23,-1,1790953712836,DEAL,FILL,9037,BUY_LIMIT,L,12,ENT,1.12247,0.00000
23,-1,1790954998827,DEAL,FILL,9040,SELL_LIMIT,L,12,EXT,1.12337,0.00000
23,-1,1790954999260,CB_DONE,PLACE,9042,SELL_LIMIT,L,11,EXT,1.12407,0.00000
23,-1,1790954999797,ENGINE,REMOVE,9041,BUY_LIMIT,L,13,ENT,1.12177,0.00000
23,-1,1790955000304,ENGINE,PLACE,9043,BUY_LIMIT,L,12,ENT,1.12247,0.00000
23,-1,1790955002061,ENGINE,MODIFY,9039,SELL_LIMIT,S,2,ENT,1.12579,1.12363
23,-1,1790955002599,DEAL,PLACE,9044,BUY_LIMIT,S,2,EXT,1.12483,0.00000
23,-1,1790955003136,DEAL,PLACE,9045,SELL_LIMIT,S,3,ENT,1.12643,0.00000
23,-1,1790955003673,DEAL,REMOVE,9038,BUY_LIMIT,S,1,EXT,1.12204,0.00000
23,-1,1790955003716,DEAL,FILL,9039,SELL_LIMIT,S,2,ENT,1.12363,0.00000
23,-1,1790955003716,DEAL,FILL,9042,SELL_LIMIT,L,11,EXT,1.12407,0.00000
23,-1,1790955004010,CB_DONE,PLACE,9046,SELL_LIMIT,L,10,EXT,1.12590,0.00000
23,-1,1790955005470,ENGINE,REMOVE,9043,BUY_LIMIT,L,12,ENT,1.12247,0.00000
23,-1,1790955005731,DEAL,FILL,9046,SELL_LIMIT,L,10,EXT,1.12590,0.00000
23,-1,1790955006966,ENGINE,PLACE,9047,BUY_LIMIT,L,11,ENT,1.12318,0.00000
23,-1,1790955007503,CB_DONE,PLACE,9048,SELL_LIMIT,L,9,EXT,1.12574,0.00000
23,-1,1790955008040,ENGINE,REMOVE,9047,BUY_LIMIT,L,11,ENT,1.12318,0.00000
23,-1,1790955008878,ENGINE,PLACE,9049,BUY_LIMIT,L,10,ENT,1.12391,0.00000
23,-1,1790955010946,DEAL,FILL,9044,BUY_LIMIT,S,2,EXT,1.12483,0.00000
23,-1,1790955011582,CB_DONE,PLACE,9050,BUY_LIMIT,S,1,EXT,1.12204,0.00000
23,-1,1790955012119,ENGINE,REMOVE,9045,SELL_LIMIT,S,3,ENT,1.12643,0.00000
23,-1,1790955013495,ENGINE,PLACE,9051,SELL_LIMIT,S,2,ENT,1.12443,0.00000
23,-1,1790955014358,DEAL,PLACE,9052,BUY_LIMIT,S,2,EXT,1.12365,0.00000
23,-1,1790955014895,DEAL,PLACE,9053,SELL_LIMIT,S,3,ENT,1.12525,0.00000
23,-1,1790955015432,DEAL,REMOVE,9050,BUY_LIMIT,S,1,EXT,1.12204,0.00000
23,-1,1790955015475,DEAL,FILL,9051,SELL_LIMIT,S,2,ENT,1.12443,0.00000
23,-1,1790955075764,DEAL,PLACE,9054,BUY_LIMIT,S,3,EXT,1.12442,0.00000
23,-1,1790955076301,DEAL,PLACE,9055,SELL_LIMIT,S,4,ENT,1.12602,0.00000
23,-1,1790955076838,DEAL,REMOVE,9052,BUY_LIMIT,S,2,EXT,1.12365,0.00000
23,-1,1790955076881,DEAL,FILL,9053,SELL_LIMIT,S,3,ENT,1.12525,0.00000
23,-1,1790955215506,DEAL,FILL,9054,BUY_LIMIT,S,3,EXT,1.12442,0.00000
23,-1,1790955215942,CB_DONE,PLACE,9056,BUY_LIMIT,S,2,EXT,1.12365,0.00000
23,-1,1790955216479,ENGINE,REMOVE,9055,SELL_LIMIT,S,4,ENT,1.12602,0.00000
23,-1,1790955216851,ENGINE,PLACE,9057,SELL_LIMIT,S,3,ENT,1.12525,0.00000
23,-1,1790955769637,DEAL,PLACE,9058,SELL_LIMIT,L,10,EXT,1.12478,0.00000
23,-1,1790955770174,DEAL,PLACE,9059,BUY_LIMIT,L,11,ENT,1.12318,0.00000
23,-1,1790955770711,DEAL,REMOVE,9048,SELL_LIMIT,L,9,EXT,1.12574,0.00000
23,-1,1790955770754,DEAL,FILL,9049,BUY_LIMIT,L,10,ENT,1.12391,0.00000
23,-1,1790955987289,DEAL,FILL,9058,SELL_LIMIT,L,10,EXT,1.12478,0.00000
23,-1,1790955987928,CB_DONE,PLACE,9060,SELL_LIMIT,L,9,EXT,1.12551,0.00000
23,-1,1790955988465,ENGINE,REMOVE,9059,BUY_LIMIT,L,11,ENT,1.12318,0.00000
23,-1,1790955989243,ENGINE,PLACE,9061,BUY_LIMIT,L,10,ENT,1.12391,0.00000
23,-1,1790956236391,DEAL,PLACE,9062,BUY_LIMIT,S,3,EXT,1.12438,0.00000
23,-1,1790956236928,DEAL,PLACE,9063,SELL_LIMIT,S,4,ENT,1.12598,0.00000
23,-1,1790956237465,DEAL,REMOVE,9056,BUY_LIMIT,S,2,EXT,1.12365,0.00000
23,-1,1790956237508,DEAL,FILL,9057,SELL_LIMIT,S,3,ENT,1.12525,0.00000
23,-1,1790956456609,DEAL,FILL,9060,SELL_LIMIT,L,9,EXT,1.12551,0.00000
23,-1,1790956457047,CB_DONE,PLACE,9064,SELL_LIMIT,L,8,EXT,1.12621,0.00000
23,-1,1790956457584,ENGINE,REMOVE,9061,BUY_LIMIT,L,10,ENT,1.12391,0.00000
23,-1,1790956457757,ENGINE,PLACE,9065,BUY_LIMIT,L,9,ENT,1.12461,0.00000
23,-1,1790956517714,DEAL,PLACE,9066,BUY_LIMIT,S,4,EXT,1.12510,0.00000
23,-1,1790956518251,DEAL,PLACE,9067,SELL_LIMIT,S,5,ENT,1.12670,0.00000
23,-1,1790956518788,DEAL,REMOVE,9062,BUY_LIMIT,S,3,EXT,1.12438,0.00000
23,-1,1790956518831,DEAL,FILL,9063,SELL_LIMIT,S,4,ENT,1.12598,0.00000
23,-1,1790956708601,DEAL,FILL,9064,SELL_LIMIT,L,8,EXT,1.12621,0.00000
23,-1,1790956709438,CB_DONE,PLACE,9068,SELL_LIMIT,L,0,EXT,1.12700,0.00000
23,-1,1790956709975,ENGINE,REMOVE,9065,BUY_LIMIT,L,9,ENT,1.12461,0.00000
23,-1,1790956710145,ENGINE,PLACE,9069,BUY_LIMIT,L,8,ENT,1.12532,0.00000
23,-1,1790957242326,DEAL,PLACE,9070,SELL_LIMIT,L,8,EXT,1.12623,0.00000
23,-1,1790957242863,DEAL,PLACE,9071,BUY_LIMIT,L,9,ENT,1.12463,0.00000
23,-1,1790957243400,DEAL,REMOVE,9068,SELL_LIMIT,L,0,EXT,1.12700,0.00000
23,-1,1790957243443,DEAL,FILL,9069,BUY_LIMIT,L,8,ENT,1.12532,0.00000
23,-1,1790957349955,DEAL,FILL,9066,BUY_LIMIT,S,4,EXT,1.12510,0.00000
23,-1,1790957350391,CB_DONE,PLACE,9072,BUY_LIMIT,S,3,EXT,1.12438,0.00000
23,-1,1790957350928,ENGINE,REMOVE,9067,SELL_LIMIT,S,5,ENT,1.12670,0.00000
23,-1,1790957351306,ENGINE,PLACE,9073,SELL_LIMIT,S,4,ENT,1.12598,0.00000
23,-1,1790957688769,DEAL,PLACE,9074,SELL_LIMIT,L,9,EXT,1.12553,0.00000
23,-1,1790957689306,DEAL,PLACE,9075,BUY_LIMIT,L,10,ENT,1.12393,0.00000
23,-1,1790957689843,DEAL,REMOVE,9070,SELL_LIMIT,L,8,EXT,1.12623,0.00000
23,-1,1790957689886,DEAL,FILL,9071,BUY_LIMIT,L,9,ENT,1.12463,0.00000
23,-1,1790958129095,DEAL,FILL,9072,BUY_LIMIT,S,3,EXT,1.12438,0.00000
23,-1,1790958129528,CB_DONE,PLACE,9076,BUY_LIMIT,S,2,EXT,1.12365,0.00000
23,-1,1790958130065,ENGINE,REMOVE,9073,SELL_LIMIT,S,4,ENT,1.12598,0.00000
23,-1,1790958130240,ENGINE,PLACE,9077,SELL_LIMIT,S,3,ENT,1.12525,0.00000
23,-1,1790958559186,DEAL,PLACE,9078,BUY_LIMIT,S,3,EXT,1.12435,0.00000
23,-1,1790958559723,DEAL,PLACE,9079,SELL_LIMIT,S,4,ENT,1.12595,0.00000
23,-1,1790958560260,DEAL,REMOVE,9076,BUY_LIMIT,S,2,EXT,1.12365,0.00000
23,-1,1790958560303,DEAL,FILL,9077,SELL_LIMIT,S,3,ENT,1.12525,0.00000
23,-1,1790959498039,DEAL,FILL,9074,SELL_LIMIT,L,9,EXT,1.12553,0.00000
23,-1,1790959498477,CB_DONE,PLACE,9080,SELL_LIMIT,L,8,EXT,1.12623,0.00000
23,-1,1790959499014,ENGINE,REMOVE,9075,BUY_LIMIT,L,10,ENT,1.12393,0.00000
23,-1,1790959499184,ENGINE,PLACE,9081,BUY_LIMIT,L,9,ENT,1.12463,0.00000
23,-1,1790959628768,DEAL,PLACE,9082,BUY_LIMIT,S,4,EXT,1.12507,0.00000
23,-1,1790959629305,DEAL,PLACE,9083,SELL_LIMIT,S,5,ENT,1.12667,0.00000
23,-1,1790959629842,DEAL,REMOVE,9078,BUY_LIMIT,S,3,EXT,1.12435,0.00000
23,-1,1790959629885,DEAL,FILL,9079,SELL_LIMIT,S,4,ENT,1.12595,0.00000
23,-1,1790959760779,DEAL,FILL,9080,SELL_LIMIT,L,8,EXT,1.12623,0.00000
23,-1,1790959761211,CB_DONE,PLACE,9084,SELL_LIMIT,L,0,EXT,1.12700,0.00000
23,-1,1790959761748,ENGINE,REMOVE,9081,BUY_LIMIT,L,9,ENT,1.12463,0.00000
23,-1,1790959761922,ENGINE,PLACE,9085,BUY_LIMIT,L,8,ENT,1.12532,0.00000
23,-1,1790959803167,DEAL,PLACE,9086,BUY_LIMIT,S,5,EXT,1.12577,0.00000
23,-1,1790959803704,DEAL,PLACE,9087,SELL_LIMIT,S,6,ENT,1.12737,0.00000
23,-1,1790959804241,DEAL,REMOVE,9082,BUY_LIMIT,S,4,EXT,1.12507,0.00000
23,-1,1790959804284,DEAL,FILL,9083,SELL_LIMIT,S,5,ENT,1.12667,0.00000
23,-1,1790960263446,DEAL,FILL,9084,SELL_LIMIT,L,0,EXT,1.12700,0.00000
23,-1,1790960263988,ENGINE,MODIFY,9085,BUY_LIMIT,L,8,ENT,1.12602,1.12532
23,-1,1790960283302,DEAL,PLACE,9088,BUY_LIMIT,S,6,EXT,1.12653,0.00000
23,-1,1790960283839,DEAL,PLACE,9089,SELL_LIMIT,S,7,ENT,1.12813,0.00000
23,-1,1790960284376,DEAL,REMOVE,9086,BUY_LIMIT,S,5,EXT,1.12577,0.00000
23,-1,1790960284419,DEAL,FILL,9087,SELL_LIMIT,S,6,ENT,1.12737,0.00000
23,-1,1790960626980,DEAL,FILL,1980342588,SELL_LIMIT,L,7,EXT,1.12770,0.00000
23,-1,1790960628319,ENGINE,PLACE,9090,BUY_LIMIT,L,0,ENT,1.12702,0.00000
23,-1,1790960628856,ENGINE,REMOVE,9085,BUY_LIMIT,L,8,ENT,1.12602,0.00000
23,-1,1790960700222,ENGINE,MODIFY,9090,BUY_LIMIT,L,0,ENT,1.12743,1.12702
23,-1,1790960700760,DEAL,PLACE,9091,BUY_LIMIT,S,7,EXT,1.12723,0.00000
23,-1,1790960701297,DEAL,REMOVE,9088,BUY_LIMIT,S,6,EXT,1.12653,0.00000
23,-1,1790960701340,DEAL,FILL,9089,SELL_LIMIT,S,7,ENT,1.12813,0.00000
23,-1,1790961142316,DEAL,PLACE,9092,SELL_LIMIT,L,0,EXT,1.12833,0.00000
23,-1,1790961142853,DEAL,PLACE,9093,BUY_LIMIT,L,1,ENT,1.12673,0.00000
23,-1,1790961143390,DEAL,FILL,9090,BUY_LIMIT,L,0,ENT,1.12743,0.00000
24,-1,1790961360001,SEED,PLACE,1983447920,SELL_LIMIT,L,0,EXT,1.12870,0.00000
24,-1,1790961360001,SEED,PLACE,1983447937,BUY_LIMIT,L,1,ENT,1.12710,0.00000
24,-1,1790961360001,SEED,PLACE,1980417634,BUY_LIMIT,S,0,EXT,1.12732,0.00000
24,-1,1790961360001,SEED,PLACE,1983413435,BUY_LIMIT,S,1,EXT,1.12204,0.00000
24,-1,1790963544104,DEAL,FILL,1980417634,BUY_LIMIT,S,0,EXT,1.12732,0.00000
24,-1,1790963544537,CB_DONE,PLACE,9000,BUY_LIMIT,S,7,EXT,1.12661,0.00000
24,-1,1790963546049,ENGINE,PLACE,9001,SELL_LIMIT,S,8,ENT,1.12821,0.00000
24,-1,1790964246372,DEAL,PLACE,9002,SELL_LIMIT,L,1,EXT,1.12799,0.00000
24,-1,1790964246909,DEAL,PLACE,9003,BUY_LIMIT,L,2,ENT,1.12639,0.00000
24,-1,1790964247446,DEAL,FILL,1983447937,BUY_LIMIT,L,1,ENT,1.12710,0.00000
24,-1,1790964466466,DEAL,FILL,9000,BUY_LIMIT,S,7,EXT,1.12661,0.00000
24,-1,1790964466903,CB_DONE,PLACE,9004,BUY_LIMIT,S,6,EXT,1.12588,0.00000
24,-1,1790964467440,ENGINE,REMOVE,9001,SELL_LIMIT,S,8,ENT,1.12821,0.00000
24,-1,1790964467618,ENGINE,PLACE,9005,SELL_LIMIT,S,7,ENT,1.12748,0.00000
24,-1,1790964933184,DEAL,PLACE,9006,SELL_LIMIT,L,2,EXT,1.12729,0.00000
24,-1,1790964933721,DEAL,PLACE,9007,BUY_LIMIT,L,3,ENT,1.12569,0.00000
24,-1,1790964934258,DEAL,REMOVE,9002,SELL_LIMIT,L,1,EXT,1.12799,0.00000
24,-1,1790964934301,DEAL,FILL,9003,BUY_LIMIT,L,2,ENT,1.12639,0.00000
24,-1,1790965460821,DEAL,FILL,9004,BUY_LIMIT,S,6,EXT,1.12588,0.00000
24,-1,1790965462659,CB_DONE,PLACE,9008,BUY_LIMIT,S,5,EXT,1.12516,0.00000
24,-1,1790965463196,ENGINE,REMOVE,9005,SELL_LIMIT,S,7,ENT,1.12748,0.00000
24,-1,1790965464975,ENGINE,PLACE,9009,SELL_LIMIT,S,6,ENT,1.12676,0.00000
24,-1,1790965480095,DEAL,PLACE,9010,SELL_LIMIT,L,3,EXT,1.12659,0.00000
24,-1,1790965480632,DEAL,PLACE,9011,BUY_LIMIT,L,4,ENT,1.12499,0.00000
24,-1,1790965481169,DEAL,REMOVE,9006,SELL_LIMIT,L,2,EXT,1.12729,0.00000
24,-1,1790965481212,DEAL,FILL,9007,BUY_LIMIT,L,3,ENT,1.12569,0.00000
24,-1,1790969080745,DEAL,FILL,9008,BUY_LIMIT,S,5,EXT,1.12516,0.00000
24,-1,1790969081180,CB_DONE,PLACE,9012,BUY_LIMIT,S,4,EXT,1.12445,0.00000
24,-1,1790969081717,ENGINE,REMOVE,9009,SELL_LIMIT,S,6,ENT,1.12676,0.00000
24,-1,1790969081889,ENGINE,PLACE,9013,SELL_LIMIT,S,5,ENT,1.12605,0.00000
24,-1,1790970510820,DEAL,PLACE,9014,BUY_LIMIT,S,5,EXT,1.12519,0.00000
24,-1,1790970511357,DEAL,PLACE,9015,SELL_LIMIT,S,6,ENT,1.12679,0.00000
24,-1,1790970511894,DEAL,REMOVE,9012,BUY_LIMIT,S,4,EXT,1.12445,0.00000
24,-1,1790970511937,DEAL,FILL,9013,SELL_LIMIT,S,5,ENT,1.12605,0.00000
24,-1,1790972890703,DEAL,FILL,9014,BUY_LIMIT,S,5,EXT,1.12519,0.00000
24,-1,1790972892145,CB_DONE,PLACE,9016,BUY_LIMIT,S,4,EXT,1.12445,0.00000
24,-1,1790972892682,ENGINE,REMOVE,9015,SELL_LIMIT,S,6,ENT,1.12679,0.00000
24,-1,1790972893068,ENGINE,PLACE,9017,SELL_LIMIT,S,5,ENT,1.12605,0.00000
24,-1,1790978060546,DEAL,PLACE,9018,SELL_LIMIT,L,4,EXT,1.12588,0.00000
24,-1,1790978061083,DEAL,PLACE,9019,BUY_LIMIT,L,5,ENT,1.12428,0.00000
24,-1,1790978061620,DEAL,REMOVE,9010,SELL_LIMIT,L,3,EXT,1.12659,0.00000
24,-1,1790978061663,DEAL,FILL,9011,BUY_LIMIT,L,4,ENT,1.12499,0.00000
24,-1,1790979880250,DEAL,FILL,9018,SELL_LIMIT,L,4,EXT,1.12588,0.00000
24,-1,1790979881290,CB_DONE,PLACE,9020,SELL_LIMIT,L,3,EXT,1.12659,0.00000
24,-1,1790979881827,ENGINE,REMOVE,9019,BUY_LIMIT,L,5,ENT,1.12428,0.00000
24,-1,1790979882000,ENGINE,PLACE,9021,BUY_LIMIT,L,4,ENT,1.12499,0.00000
24,-1,1791164991985,DEAL,PLACE,9022,BUY_LIMIT,S,5,EXT,1.12515,0.00000
24,-1,1791164992522,DEAL,PLACE,9023,SELL_LIMIT,S,6,ENT,1.12675,0.00000
24,-1,1791164993059,DEAL,REMOVE,9016,BUY_LIMIT,S,4,EXT,1.12445,0.00000
24,-1,1791164993102,DEAL,FILL,9017,SELL_LIMIT,S,5,ENT,1.12605,0.00000
24,-1,1791168329532,DEAL,FILL,9022,BUY_LIMIT,S,5,EXT,1.12515,0.00000
24,-1,1791168330571,CB_DONE,PLACE,9024,BUY_LIMIT,S,4,EXT,1.12445,0.00000
24,-1,1791168331108,ENGINE,REMOVE,9023,SELL_LIMIT,S,6,ENT,1.12675,0.00000
24,-1,1791168332087,ENGINE,PLACE,9025,SELL_LIMIT,S,5,ENT,1.12605,0.00000
24,-1,1791169964835,DEAL,PLACE,9026,SELL_LIMIT,L,4,EXT,1.12588,0.00000
24,-1,1791169965372,DEAL,PLACE,9027,BUY_LIMIT,L,5,ENT,1.12428,0.00000
24,-1,1791169965909,DEAL,REMOVE,9020,SELL_LIMIT,L,3,EXT,1.12659,0.00000
24,-1,1791169965952,DEAL,FILL,9021,BUY_LIMIT,L,4,ENT,1.12499,0.00000
24,-1,1791171923006,DEAL,FILL,9024,BUY_LIMIT,S,4,EXT,1.12445,0.00000
24,-1,1791171923675,CB_DONE,PLACE,9028,BUY_LIMIT,S,3,EXT,1.12373,0.00000
24,-1,1791171924347,ENGINE,REMOVE,9025,SELL_LIMIT,S,5,ENT,1.12605,0.00000
24,-1,1791171924559,ENGINE,PLACE,9029,SELL_LIMIT,S,4,ENT,1.12533,0.00000
24,-1,1791172060138,DEAL,PLACE,9030,SELL_LIMIT,L,5,EXT,1.12518,0.00000
24,-1,1791172060675,DEAL,PLACE,9031,BUY_LIMIT,L,6,ENT,1.12358,0.00000
24,-1,1791172061212,DEAL,REMOVE,9026,SELL_LIMIT,L,4,EXT,1.12588,0.00000
24,-1,1791172061255,DEAL,FILL,9027,BUY_LIMIT,L,5,ENT,1.12428,0.00000
24,-1,1791173553256,DEAL,FILL,9028,BUY_LIMIT,S,3,EXT,1.12373,0.00000
24,-1,1791173556298,CB_DONE,PLACE,9032,BUY_LIMIT,S,2,EXT,1.12303,0.00000
24,-1,1791173556835,ENGINE,REMOVE,9029,SELL_LIMIT,S,4,ENT,1.12533,0.00000
24,-1,1791173558006,ENGINE,PLACE,9033,SELL_LIMIT,S,3,ENT,1.12463,0.00000
24,-1,1791173859571,DEAL,PLACE,9034,SELL_LIMIT,L,6,EXT,1.12447,0.00000
24,-1,1791173860108,DEAL,PLACE,9035,BUY_LIMIT,L,7,ENT,1.12287,0.00000
24,-1,1791173860645,DEAL,REMOVE,9030,SELL_LIMIT,L,5,EXT,1.12518,0.00000
24,-1,1791173860688,DEAL,FILL,9031,BUY_LIMIT,L,6,ENT,1.12358,0.00000
24,-1,1791175842140,DEAL,FILL,9032,BUY_LIMIT,S,2,EXT,1.12303,0.00000
24,-1,1791175844485,ENGINE,REMOVE,9033,SELL_LIMIT,S,3,ENT,1.12463,0.00000
24,-1,1791175845492,ENGINE,PLACE,9036,SELL_LIMIT,S,2,ENT,1.12363,0.00000
24,-1,1791176830047,DEAL,PLACE,9037,SELL_LIMIT,L,7,EXT,1.12377,0.00000
24,-1,1791176830584,DEAL,REMOVE,9034,SELL_LIMIT,L,6,EXT,1.12447,0.00000
24,-1,1791176830627,DEAL,FILL,9035,BUY_LIMIT,L,7,ENT,1.12287,0.00000
24,-1,1791177439237,LATTICE,MODIFY,1983447920,SELL_LIMIT,L,0,EXT,1.12307,1.12870
24,-1,1791177439775,LATTICE,PLACE,9038,SELL_LIMIT,L,1,EXT,1.12799,0.00000
24,-1,1791177440312,LATTICE,REMOVE,9037,SELL_LIMIT,L,7,EXT,1.12377,0.00000
24,-1,1791177453971,DEAL,FILL,1983413435,BUY_LIMIT,S,1,EXT,1.12204,0.00000
24,-1,1791177454715,ENGINE,PLACE,9039,SELL_LIMIT,S,0,ENT,1.12270,0.00000
24,-1,1791177455252,ENGINE,REMOVE,9036,SELL_LIMIT,S,2,ENT,1.12363,0.00000
24,-1,1791177554638,ENGINE,MODIFY,9039,SELL_LIMIT,S,0,ENT,1.12227,1.12270
24,-1,1791177556640,LATTICE,MODIFY,9038,SELL_LIMIT,L,1,EXT,1.12237,1.12799
24,-1,1791177557178,LATTICE,PLACE,9040,SELL_LIMIT,L,2,EXT,1.12729,0.00000
24,-1,1791177557715,LATTICE,REMOVE,1983447920,SELL_LIMIT,L,0,EXT,1.12307,0.00000
24,-1,1791177618049,ENGINE,MODIFY,9039,SELL_LIMIT,S,0,ENT,1.12186,1.12227
24,-1,1791178570996,LATTICE,MODIFY,9040,SELL_LIMIT,L,2,EXT,1.12167,1.12729
24,-1,1791178571534,LATTICE,PLACE,9041,SELL_LIMIT,L,3,EXT,1.12659,0.00000
24,-1,1791178572071,LATTICE,REMOVE,9038,SELL_LIMIT,L,1,EXT,1.12237,0.00000
24,-1,1791178580255,ENGINE,MODIFY,9039,SELL_LIMIT,S,0,ENT,1.12146,1.12186
24,-1,1791179005079,ENGINE,MODIFY,9039,SELL_LIMIT,S,0,ENT,1.12105,1.12146
24,-1,1791179347916,LATTICE,MODIFY,9041,SELL_LIMIT,L,3,EXT,1.12097,1.12659
24,-1,1791179348454,LATTICE,PLACE,9042,SELL_LIMIT,L,4,EXT,1.12588,0.00000
24,-1,1791179348991,LATTICE,REMOVE,9040,SELL_LIMIT,L,2,EXT,1.12167,0.00000
24,-1,1791179349034,ENGINE,MODIFY,9039,SELL_LIMIT,S,0,ENT,1.12014,1.12105
24,-1,1791179353154,LATTICE,MODIFY,9042,SELL_LIMIT,L,4,EXT,1.12027,1.12588
24,-1,1791179353692,LATTICE,PLACE,9043,SELL_LIMIT,L,5,EXT,1.12518,0.00000
24,-1,1791179354229,LATTICE,REMOVE,9041,SELL_LIMIT,L,3,EXT,1.12097,0.00000
24,-1,1791179375721,ENGINE,MODIFY,9039,SELL_LIMIT,S,0,ENT,1.11945,1.12014
24,-1,1791179378538,LATTICE,MODIFY,9043,SELL_LIMIT,L,5,EXT,1.11957,1.12518
24,-1,1791179379076,LATTICE,PLACE,9044,SELL_LIMIT,L,6,EXT,1.12447,0.00000
24,-1,1791179379613,LATTICE,REMOVE,9042,SELL_LIMIT,L,4,EXT,1.12027,0.00000
24,-1,1791179453027,DEAL,PLACE,9045,BUY_LIMIT,S,0,EXT,1.11860,0.00000
24,-1,1791179453564,DEAL,PLACE,9046,SELL_LIMIT,S,1,ENT,1.12020,0.00000
24,-1,1791179454101,DEAL,FILL,9039,SELL_LIMIT,S,0,ENT,1.11945,0.00000
24,-1,1791179683457,DEAL,FILL,9045,BUY_LIMIT,S,0,EXT,1.11860,0.00000
24,-1,1791179684600,ENGINE,PLACE,9047,SELL_LIMIT,S,0,ENT,1.11923,0.00000
24,-1,1791179685137,ENGINE,REMOVE,9046,SELL_LIMIT,S,1,ENT,1.12020,0.00000
24,-1,1791179704503,ENGINE,MODIFY,9047,SELL_LIMIT,S,0,ENT,1.11874,1.11923
24,-1,1791179705713,LATTICE,MODIFY,9044,SELL_LIMIT,L,6,EXT,1.11887,1.12447
24,-1,1791179706251,LATTICE,PLACE,9048,SELL_LIMIT,L,7,EXT,1.12377,0.00000
24,-1,1791179706788,LATTICE,REMOVE,9043,SELL_LIMIT,L,5,EXT,1.11957,0.00000
24,-1,1791179731069,ENGINE,MODIFY,9047,SELL_LIMIT,S,0,ENT,1.11833,1.11874
24,-1,1791179801105,LATTICE,MODIFY,9048,SELL_LIMIT,L,7,EXT,1.11817,1.12377
24,-1,1791179801643,LATTICE,PLACE,9049,SELL_LIMIT,L,0,EXT,1.12307,0.00000
24,-1,1791179802180,LATTICE,REMOVE,9044,SELL_LIMIT,L,6,EXT,1.11887,0.00000
24,-1,1791179835334,ENGINE,MODIFY,9047,SELL_LIMIT,S,0,ENT,1.11787,1.11833
24,-1,1791179847009,ENGINE,MODIFY,9047,SELL_LIMIT,S,0,ENT,1.11737,1.11787
24,-1,1791179889575,DEAL,PLACE,9050,BUY_LIMIT,S,0,EXT,1.11659,0.00000
24,-1,1791179890112,DEAL,PLACE,9051,SELL_LIMIT,S,1,ENT,1.11819,0.00000
24,-1,1791179890649,DEAL,FILL,9047,SELL_LIMIT,S,0,ENT,1.11737,0.00000
24,-1,1791180137856,DEAL,FILL,9048,SELL_LIMIT,L,7,EXT,1.11817,0.00000
24,-1,1791180137856,DEAL,PLACE,9052,BUY_LIMIT,S,1,EXT,1.11727,0.00000
24,-1,1791180138393,DEAL,PLACE,9053,SELL_LIMIT,S,2,ENT,1.11887,0.00000
24,-1,1791180138930,DEAL,FILL,9051,SELL_LIMIT,S,1,ENT,1.11819,0.00000
24,-1,1791180139224,CB_DONE,PLACE,9054,SELL_LIMIT,L,6,EXT,1.11887,0.00000
24,-1,1791180139761,ENGINE,PLACE,9055,BUY_LIMIT,L,7,ENT,1.11727,0.00000
24,-1,1791180371889,DEAL,FILL,9052,BUY_LIMIT,S,1,EXT,1.11727,0.00000
24,-1,1791180371889,DEAL,PLACE,9056,SELL_LIMIT,L,7,EXT,1.11818,0.00000
24,-1,1791180372426,DEAL,REMOVE,9054,SELL_LIMIT,L,6,EXT,1.11887,0.00000
24,-1,1791180372469,DEAL,FILL,9055,BUY_LIMIT,L,7,ENT,1.11727,0.00000
24,-1,1791180375238,ENGINE,REMOVE,9053,SELL_LIMIT,S,2,ENT,1.11887,0.00000
24,-1,1791180376240,ENGINE,PLACE,9057,SELL_LIMIT,S,1,ENT,1.11819,0.00000
24,-1,1791180413252,LATTICE,MODIFY,9056,SELL_LIMIT,L,7,EXT,1.11748,1.11818
24,-1,1791180413790,DEAL,FILL,9050,BUY_LIMIT,S,0,EXT,1.11659,0.00000
24,-1,1791180414662,ENGINE,PLACE,9058,SELL_LIMIT,S,0,ENT,1.11725,0.00000
24,-1,1791180415199,ENGINE,REMOVE,9057,SELL_LIMIT,S,1,ENT,1.11819,0.00000
24,-1,1791180435619,ENGINE,MODIFY,9058,SELL_LIMIT,S,0,ENT,1.11685,1.11725
24,-1,1791180555220,DEAL,PLACE,9059,BUY_LIMIT,S,0,EXT,1.11598,0.00000
24,-1,1791180555757,DEAL,PLACE,9060,SELL_LIMIT,S,1,ENT,1.11758,0.00000
24,-1,1791180556294,DEAL,FILL,9058,SELL_LIMIT,S,0,ENT,1.11685,0.00000
24,-1,1791180681720,DEAL,FILL,9056,SELL_LIMIT,L,7,EXT,1.11748,0.00000
24,-1,1791180683369,CB_DONE,PLACE,9061,SELL_LIMIT,L,6,EXT,1.11887,0.00000
24,-1,1791180684687,ENGINE,PLACE,9062,BUY_LIMIT,L,7,ENT,1.11727,0.00000
24,-1,1791180701030,DEAL,PLACE,9063,BUY_LIMIT,S,1,EXT,1.11670,0.00000
24,-1,1791180701567,DEAL,PLACE,9064,SELL_LIMIT,S,2,ENT,1.11830,0.00000
24,-1,1791180702104,DEAL,FILL,9060,SELL_LIMIT,S,1,ENT,1.11758,0.00000
24,-1,1791181214375,DEAL,PLACE,9065,BUY_LIMIT,S,2,EXT,1.11740,0.00000
24,-1,1791181214912,DEAL,PLACE,9066,SELL_LIMIT,S,3,ENT,1.11900,0.00000
24,-1,1791181215449,DEAL,REMOVE,9063,BUY_LIMIT,S,1,EXT,1.11670,0.00000
24,-1,1791181215492,DEAL,FILL,9064,SELL_LIMIT,S,2,ENT,1.11830,0.00000
24,-1,1791182566979,DEAL,FILL,9065,BUY_LIMIT,S,2,EXT,1.11740,0.00000
24,-1,1791182569820,CB_DONE,PLACE,9067,BUY_LIMIT,S,1,EXT,1.11670,0.00000
24,-1,1791182570357,ENGINE,REMOVE,9066,SELL_LIMIT,S,3,ENT,1.11900,0.00000
24,-1,1791182576139,ENGINE,PLACE,9068,SELL_LIMIT,S,2,ENT,1.11830,0.00000
24,-1,1791182611972,DEAL,PLACE,9069,SELL_LIMIT,L,7,EXT,1.11813,0.00000
24,-1,1791182612509,DEAL,REMOVE,9061,SELL_LIMIT,L,6,EXT,1.11887,0.00000
24,-1,1791182612552,DEAL,FILL,9062,BUY_LIMIT,L,7,ENT,1.11727,0.00000
24,-1,1791183170472,DEAL,FILL,9067,BUY_LIMIT,S,1,EXT,1.11670,0.00000
24,-1,1791183171235,ENGINE,REMOVE,9068,SELL_LIMIT,S,2,ENT,1.11830,0.00000
24,-1,1791183171833,ENGINE,PLACE,9070,SELL_LIMIT,S,1,ENT,1.11758,0.00000
24,-1,1791183609473,LATTICE,MODIFY,9069,SELL_LIMIT,L,7,EXT,1.11743,1.11813
24,-1,1791186061163,DEAL,FILL,9069,SELL_LIMIT,L,7,EXT,1.11743,0.00000
24,-1,1791186061798,CB_DONE,PLACE,9071,SELL_LIMIT,L,6,EXT,1.11887,0.00000
24,-1,1791186062335,ENGINE,PLACE,9072,BUY_LIMIT,L,7,ENT,1.11727,0.00000
24,-1,1791186100240,DEAL,PLACE,9073,BUY_LIMIT,S,1,EXT,1.11669,0.00000
24,-1,1791186100777,DEAL,PLACE,9074,SELL_LIMIT,S,2,ENT,1.11829,0.00000
24,-1,1791186101314,DEAL,FILL,9070,SELL_LIMIT,S,1,ENT,1.11758,0.00000
24,-1,1791187204685,DEAL,PLACE,9075,BUY_LIMIT,S,2,EXT,1.11740,0.00000
24,-1,1791187205222,DEAL,PLACE,9076,SELL_LIMIT,S,3,ENT,1.11900,0.00000
24,-1,1791187205759,DEAL,REMOVE,9073,BUY_LIMIT,S,1,EXT,1.11669,0.00000
24,-1,1791187205802,DEAL,FILL,9074,SELL_LIMIT,S,2,ENT,1.11829,0.00000
24,-1,1791188718325,DEAL,FILL,9071,SELL_LIMIT,L,6,EXT,1.11887,0.00000
24,-1,1791188718963,CB_DONE,PLACE,9077,SELL_LIMIT,L,5,EXT,1.11957,0.00000
24,-1,1791188719500,ENGINE,REMOVE,9072,BUY_LIMIT,L,7,ENT,1.11727,0.00000
24,-1,1791188719670,ENGINE,PLACE,9078,BUY_LIMIT,L,6,ENT,1.11797,0.00000
24,-1,1791189989753,DEAL,PLACE,9079,BUY_LIMIT,S,3,EXT,1.11815,0.00000
24,-1,1791189990290,DEAL,PLACE,9080,SELL_LIMIT,S,4,ENT,1.11975,0.00000
24,-1,1791189990827,DEAL,REMOVE,9075,BUY_LIMIT,S,2,EXT,1.11740,0.00000
24,-1,1791189990870,DEAL,FILL,9076,SELL_LIMIT,S,3,ENT,1.11900,0.00000
24,-1,1791191170829,DEAL,FILL,9077,SELL_LIMIT,L,5,EXT,1.11957,0.00000
24,-1,1791191171464,CB_DONE,PLACE,9081,SELL_LIMIT,L,4,EXT,1.12027,0.00000
24,-1,1791191172001,ENGINE,REMOVE,9078,BUY_LIMIT,L,6,ENT,1.11797,0.00000
24,-1,1791191172592,ENGINE,PLACE,9082,BUY_LIMIT,L,5,ENT,1.11867,0.00000
24,-1,1791191557665,DEAL,PLACE,9083,BUY_LIMIT,S,4,EXT,1.11884,0.00000
24,-1,1791191558202,DEAL,PLACE,9084,SELL_LIMIT,S,5,ENT,1.12044,0.00000
24,-1,1791191558739,DEAL,REMOVE,9079,BUY_LIMIT,S,3,EXT,1.11815,0.00000
24,-1,1791191558782,DEAL,FILL,9080,SELL_LIMIT,S,4,ENT,1.11975,0.00000
24,-1,1791192462106,DEAL,FILL,9083,BUY_LIMIT,S,4,EXT,1.11884,0.00000
24,-1,1791192462534,CB_DONE,PLACE,9085,BUY_LIMIT,S,3,EXT,1.11815,0.00000
24,-1,1791192466056,ENGINE,REMOVE,9084,SELL_LIMIT,S,5,ENT,1.12044,0.00000
24,-1,1791192466454,ENGINE,PLACE,9086,SELL_LIMIT,S,4,ENT,1.11975,0.00000
24,-1,1791192507486,DEAL,PLACE,9087,SELL_LIMIT,L,5,EXT,1.11957,0.00000
24,-1,1791192508023,DEAL,PLACE,9088,BUY_LIMIT,L,6,ENT,1.11797,0.00000
24,-1,1791192508560,DEAL,REMOVE,9081,SELL_LIMIT,L,4,EXT,1.12027,0.00000
24,-1,1791192508603,DEAL,FILL,9082,BUY_LIMIT,L,5,ENT,1.11867,0.00000
24,-1,1791192829441,DEAL,FILL,9085,BUY_LIMIT,S,3,EXT,1.11815,0.00000
24,-1,1791192831287,CB_DONE,PLACE,9089,BUY_LIMIT,S,2,EXT,1.11740,0.00000
24,-1,1791192832000,ENGINE,REMOVE,9086,SELL_LIMIT,S,4,ENT,1.11975,0.00000
24,-1,1791192832800,ENGINE,PLACE,9090,SELL_LIMIT,S,3,ENT,1.11900,0.00000
24,-1,1791192835077,DEAL,PLACE,9091,SELL_LIMIT,L,6,EXT,1.11884,0.00000
24,-1,1791192835614,DEAL,PLACE,9092,BUY_LIMIT,L,7,ENT,1.11724,0.00000
24,-1,1791192836151,DEAL,REMOVE,9087,SELL_LIMIT,L,5,EXT,1.11957,0.00000
24,-1,1791192836194,DEAL,FILL,9088,BUY_LIMIT,L,6,ENT,1.11797,0.00000
24,-1,1791192916128,DEAL,FILL,9089,BUY_LIMIT,S,2,EXT,1.11740,0.00000
24,-1,1791192916576,CB_DONE,PLACE,9093,BUY_LIMIT,S,1,EXT,1.11669,0.00000
24,-1,1791192917113,ENGINE,REMOVE,9090,SELL_LIMIT,S,3,ENT,1.11900,0.00000
24,-1,1791192917670,ENGINE,PLACE,9094,SELL_LIMIT,S,2,ENT,1.11829,0.00000
24,-1,1791192937669,DEAL,PLACE,9095,SELL_LIMIT,L,7,EXT,1.11811,0.00000
24,-1,1791192938206,DEAL,REMOVE,9091,SELL_LIMIT,L,6,EXT,1.11884,0.00000
24,-1,1791192938249,DEAL,FILL,9092,BUY_LIMIT,L,7,ENT,1.11724,0.00000
24,-1,1791193372380,DEAL,FILL,9095,SELL_LIMIT,L,7,EXT,1.11811,0.00000
24,-1,1791193372821,CB_DONE,PLACE,9096,SELL_LIMIT,L,6,EXT,1.11884,0.00000
24,-1,1791193373358,ENGINE,PLACE,9097,BUY_LIMIT,L,7,ENT,1.11724,0.00000
24,-1,1791193384637,DEAL,PLACE,9098,BUY_LIMIT,S,2,EXT,1.11744,0.00000
24,-1,1791193385174,DEAL,PLACE,9099,SELL_LIMIT,S,3,ENT,1.11904,0.00000
24,-1,1791193385711,DEAL,REMOVE,9093,BUY_LIMIT,S,1,EXT,1.11669,0.00000
24,-1,1791193385754,DEAL,FILL,9094,SELL_LIMIT,S,2,ENT,1.11829,0.00000
24,-1,1791194102041,DEAL,FILL,9096,SELL_LIMIT,L,6,EXT,1.11884,0.00000
24,-1,1791194102478,CB_DONE,PLACE,9100,SELL_LIMIT,L,5,EXT,1.11957,0.00000
24,-1,1791194103015,ENGINE,REMOVE,9097,BUY_LIMIT,L,7,ENT,1.11724,0.00000
24,-1,1791194103603,ENGINE,PLACE,9101,BUY_LIMIT,L,6,ENT,1.11797,0.00000
24,-1,1791194131867,DEAL,PLACE,9102,BUY_LIMIT,S,3,EXT,1.11821,0.00000
24,-1,1791194132404,DEAL,PLACE,9103,SELL_LIMIT,S,4,ENT,1.11981,0.00000
24,-1,1791194132941,DEAL,REMOVE,9098,BUY_LIMIT,S,2,EXT,1.11744,0.00000
24,-1,1791194132984,DEAL,FILL,9099,SELL_LIMIT,S,3,ENT,1.11904,0.00000
24,-1,1791196345846,DEAL,FILL,9100,SELL_LIMIT,L,5,EXT,1.11957,0.00000
24,-1,1791196346276,CB_DONE,PLACE,9104,SELL_LIMIT,L,4,EXT,1.12027,0.00000
24,-1,1791196346813,ENGINE,REMOVE,9101,BUY_LIMIT,L,6,ENT,1.11797,0.00000
24,-1,1791196346991,ENGINE,PLACE,9105,BUY_LIMIT,L,5,ENT,1.11867,0.00000
24,-1,1791196495774,DEAL,PLACE,9106,BUY_LIMIT,S,4,EXT,1.11891,0.00000
24,-1,1791196496311,DEAL,PLACE,9107,SELL_LIMIT,S,5,ENT,1.12051,0.00000
24,-1,1791196496848,DEAL,REMOVE,9102,BUY_LIMIT,S,3,EXT,1.11821,0.00000
24,-1,1791196496891,DEAL,FILL,9103,SELL_LIMIT,S,4,ENT,1.11981,0.00000
24,-1,1791196871182,DEAL,FILL,9104,SELL_LIMIT,L,4,EXT,1.12027,0.00000
24,-1,1791196872221,CB_DONE,PLACE,9108,SELL_LIMIT,L,3,EXT,1.12097,0.00000
24,-1,1791196872758,ENGINE,REMOVE,9105,BUY_LIMIT,L,5,ENT,1.11867,0.00000
24,-1,1791196872937,ENGINE,PLACE,9109,BUY_LIMIT,L,4,ENT,1.11937,0.00000
24,-1,1791196943419,DEAL,PLACE,9110,BUY_LIMIT,S,5,EXT,1.11962,0.00000
24,-1,1791196943956,DEAL,PLACE,9111,SELL_LIMIT,S,6,ENT,1.12122,0.00000
24,-1,1791196944493,DEAL,REMOVE,9106,BUY_LIMIT,S,4,EXT,1.11891,0.00000
24,-1,1791196944536,DEAL,FILL,9107,SELL_LIMIT,S,5,ENT,1.12051,0.00000
24,-1,1791198485803,DEAL,FILL,9110,BUY_LIMIT,S,5,EXT,1.11962,0.00000
24,-1,1791198487442,CB_DONE,PLACE,9112,BUY_LIMIT,S,4,EXT,1.11891,0.00000
24,-1,1791198487979,ENGINE,REMOVE,9111,SELL_LIMIT,S,6,ENT,1.12122,0.00000
24,-1,1791198488360,ENGINE,PLACE,9113,SELL_LIMIT,S,5,ENT,1.12051,0.00000
24,-1,1791198885951,DEAL,PLACE,9114,BUY_LIMIT,S,5,EXT,1.11964,0.00000
24,-1,1791198886488,DEAL,PLACE,9115,SELL_LIMIT,S,6,ENT,1.12124,0.00000
24,-1,1791198887025,DEAL,REMOVE,9112,BUY_LIMIT,S,4,EXT,1.11891,0.00000
24,-1,1791198887068,DEAL,FILL,9113,SELL_LIMIT,S,5,ENT,1.12051,0.00000
24,-1,1791200660455,DEAL,FILL,9108,SELL_LIMIT,L,3,EXT,1.12097,0.00000
24,-1,1791200661694,CB_DONE,PLACE,9116,SELL_LIMIT,L,2,EXT,1.12167,0.00000
24,-1,1791200662231,ENGINE,REMOVE,9109,BUY_LIMIT,L,4,ENT,1.11937,0.00000
24,-1,1791200663008,ENGINE,PLACE,9117,BUY_LIMIT,L,3,ENT,1.12007,0.00000
24,-1,1791200830813,DEAL,PLACE,9118,BUY_LIMIT,S,6,EXT,1.12034,0.00000
24,-1,1791200831350,DEAL,PLACE,9119,SELL_LIMIT,S,7,ENT,1.12194,0.00000
24,-1,1791200831887,DEAL,REMOVE,9114,BUY_LIMIT,S,5,EXT,1.11964,0.00000
24,-1,1791200831930,DEAL,FILL,9115,SELL_LIMIT,S,6,ENT,1.12124,0.00000
24,-1,1791201135301,DEAL,FILL,9116,SELL_LIMIT,L,2,EXT,1.12167,0.00000
24,-1,1791201135736,CB_DONE,PLACE,9120,SELL_LIMIT,L,1,EXT,1.12237,0.00000
24,-1,1791201136273,ENGINE,REMOVE,9117,BUY_LIMIT,L,3,ENT,1.12007,0.00000
24,-1,1791201136642,ENGINE,PLACE,9121,BUY_LIMIT,L,2,ENT,1.12077,0.00000
24,-1,1791203167011,DEAL,PLACE,9122,BUY_LIMIT,S,7,EXT,1.12104,0.00000
24,-1,1791203167548,DEAL,REMOVE,9118,BUY_LIMIT,S,6,EXT,1.12034,0.00000
24,-1,1791203167591,DEAL,FILL,9119,SELL_LIMIT,S,7,ENT,1.12194,0.00000
24,-1,1791204233002,DEAL,FILL,9122,BUY_LIMIT,S,7,EXT,1.12104,0.00000
24,-1,1791204235442,CB_DONE,PLACE,9123,BUY_LIMIT,S,6,EXT,1.12034,0.00000
24,-1,1791204237165,ENGINE,PLACE,9124,SELL_LIMIT,S,7,ENT,1.12194,0.00000
24,-1,1791204287735,DEAL,PLACE,9125,SELL_LIMIT,L,2,EXT,1.12167,0.00000
24,-1,1791204288272,DEAL,PLACE,9126,BUY_LIMIT,L,3,ENT,1.12007,0.00000
24,-1,1791204288809,DEAL,REMOVE,9120,SELL_LIMIT,L,1,EXT,1.12237,0.00000
24,-1,1791204288852,DEAL,FILL,9121,BUY_LIMIT,L,2,ENT,1.12077,0.00000
24,-1,1791206139676,DEAL,FILL,9123,BUY_LIMIT,S,6,EXT,1.12034,0.00000
24,-1,1791206140520,CB_DONE,PLACE,9127,BUY_LIMIT,S,5,EXT,1.11964,0.00000
24,-1,1791206142629,ENGINE,REMOVE,9124,SELL_LIMIT,S,7,ENT,1.12194,0.00000
24,-1,1791206142840,ENGINE,PLACE,9128,SELL_LIMIT,S,6,ENT,1.12124,0.00000
24,-1,1791208444523,DEAL,PLACE,9129,SELL_LIMIT,L,3,EXT,1.12097,0.00000
24,-1,1791208445060,DEAL,PLACE,9130,BUY_LIMIT,L,4,ENT,1.11937,0.00000
24,-1,1791208445597,DEAL,REMOVE,9125,SELL_LIMIT,L,2,EXT,1.12167,0.00000
24,-1,1791208445640,DEAL,FILL,9126,BUY_LIMIT,L,3,ENT,1.12007,0.00000
24,-1,1791209672139,DEAL,FILL,9127,BUY_LIMIT,S,5,EXT,1.11964,0.00000
24,-1,1791209672775,CB_DONE,PLACE,9131,BUY_LIMIT,S,4,EXT,1.11891,0.00000
24,-1,1791209673312,ENGINE,REMOVE,9128,SELL_LIMIT,S,6,ENT,1.12124,0.00000
24,-1,1791209673885,ENGINE,PLACE,9132,SELL_LIMIT,S,5,ENT,1.12051,0.00000
24,-1,1791210436388,DEAL,PLACE,9133,BUY_LIMIT,S,5,EXT,1.11960,0.00000
24,-1,1791210436925,DEAL,PLACE,9134,SELL_LIMIT,S,6,ENT,1.12120,0.00000
24,-1,1791210437462,DEAL,REMOVE,9131,BUY_LIMIT,S,4,EXT,1.11891,0.00000
24,-1,1791210437505,DEAL,FILL,9132,SELL_LIMIT,S,5,ENT,1.12051,0.00000
24,-1,1791210512120,DEAL,FILL,9129,SELL_LIMIT,L,3,EXT,1.12097,0.00000
24,-1,1791210512565,CB_DONE,PLACE,9135,SELL_LIMIT,L,2,EXT,1.12167,0.00000
24,-1,1791210513102,ENGINE,REMOVE,9130,BUY_LIMIT,L,4,ENT,1.11937,0.00000
24,-1,1791210513273,ENGINE,PLACE,9136,BUY_LIMIT,L,3,ENT,1.12007,0.00000
24,-1,1791210522181,DEAL,PLACE,9137,BUY_LIMIT,S,6,EXT,1.12033,0.00000
24,-1,1791210522718,DEAL,PLACE,9138,SELL_LIMIT,S,7,ENT,1.12193,0.00000
24,-1,1791210523255,DEAL,REMOVE,9133,BUY_LIMIT,S,5,EXT,1.11960,0.00000
24,-1,1791210523298,DEAL,FILL,9134,SELL_LIMIT,S,6,ENT,1.12120,0.00000
24,-1,1791210606457,DEAL,FILL,9135,SELL_LIMIT,L,2,EXT,1.12167,0.00000
24,-1,1791210606893,CB_DONE,PLACE,9139,SELL_LIMIT,L,1,EXT,1.12237,0.00000
24,-1,1791210607430,ENGINE,REMOVE,9136,BUY_LIMIT,L,3,ENT,1.12007,0.00000
24,-1,1791210607605,ENGINE,PLACE,9140,BUY_LIMIT,L,2,ENT,1.12077,0.00000
24,-1,1791210983578,DEAL,PLACE,9141,SELL_LIMIT,L,2,EXT,1.12167,0.00000
24,-1,1791210984115,DEAL,PLACE,9142,BUY_LIMIT,L,3,ENT,1.12007,0.00000
24,-1,1791210984652,DEAL,REMOVE,9139,SELL_LIMIT,L,1,EXT,1.12237,0.00000
24,-1,1791210984695,DEAL,FILL,9140,BUY_LIMIT,L,2,ENT,1.12077,0.00000
24,-1,1791211370381,DEAL,FILL,9137,BUY_LIMIT,S,6,EXT,1.12033,0.00000
24,-1,1791211370814,CB_DONE,PLACE,9143,BUY_LIMIT,S,5,EXT,1.11960,0.00000
24,-1,1791211371351,ENGINE,REMOVE,9138,SELL_LIMIT,S,7,ENT,1.12193,0.00000
24,-1,1791211371533,ENGINE,PLACE,9144,SELL_LIMIT,S,6,ENT,1.12120,0.00000
24,-1,1791213743890,DEAL,PLACE,9145,SELL_LIMIT,L,3,EXT,1.12095,0.00000
24,-1,1791213744427,DEAL,PLACE,9146,BUY_LIMIT,L,4,ENT,1.11935,0.00000
24,-1,1791213744964,DEAL,REMOVE,9141,SELL_LIMIT,L,2,EXT,1.12167,0.00000
24,-1,1791213745007,DEAL,FILL,9142,BUY_LIMIT,L,3,ENT,1.12007,0.00000
24,-1,1791214187660,DEAL,FILL,9145,SELL_LIMIT,L,3,EXT,1.12095,0.00000
24,-1,1791214188298,CB_DONE,PLACE,9147,SELL_LIMIT,L,2,EXT,1.12167,0.00000
24,-1,1791214188835,ENGINE,REMOVE,9146,BUY_LIMIT,L,4,ENT,1.11935,0.00000
24,-1,1791214189010,ENGINE,PLACE,9148,BUY_LIMIT,L,3,ENT,1.12007,0.00000
24,-1,1791214254814,DEAL,PLACE,9149,BUY_LIMIT,S,6,EXT,1.12030,0.00000
24,-1,1791214255351,DEAL,PLACE,9150,SELL_LIMIT,S,7,ENT,1.12190,0.00000
24,-1,1791214255888,DEAL,REMOVE,9143,BUY_LIMIT,S,5,EXT,1.11960,0.00000
24,-1,1791214255931,DEAL,FILL,9144,SELL_LIMIT,S,6,ENT,1.12120,0.00000
24,-1,1791216648298,DEAL,FILL,9149,BUY_LIMIT,S,6,EXT,1.12030,0.00000
24,-1,1791216650134,CB_DONE,PLACE,9151,BUY_LIMIT,S,5,EXT,1.11960,0.00000
24,-1,1791216652071,ENGINE,REMOVE,9150,SELL_LIMIT,S,7,ENT,1.12190,0.00000
24,-1,1791216652481,ENGINE,PLACE,9152,SELL_LIMIT,S,6,ENT,1.12120,0.00000
24,-1,1791217747497,DEAL,PLACE,9153,SELL_LIMIT,L,3,EXT,1.12097,0.00000
24,-1,1791217748034,DEAL,PLACE,9154,BUY_LIMIT,L,4,ENT,1.11937,0.00000
24,-1,1791217748571,DEAL,REMOVE,9147,SELL_LIMIT,L,2,EXT,1.12167,0.00000
24,-1,1791217748614,DEAL,FILL,9148,BUY_LIMIT,L,3,ENT,1.12007,0.00000
24,-1,1791218065905,DEAL,FILL,9151,BUY_LIMIT,S,5,EXT,1.11960,0.00000
24,-1,1791218067340,CB_DONE,PLACE,9155,BUY_LIMIT,S,4,EXT,1.11891,0.00000
24,-1,1791218067877,ENGINE,REMOVE,9152,SELL_LIMIT,S,6,ENT,1.12120,0.00000
24,-1,1791218068258,ENGINE,PLACE,9156,SELL_LIMIT,S,5,ENT,1.12051,0.00000
24,-1,1791218176811,DEAL,PLACE,9157,SELL_LIMIT,L,4,EXT,1.12022,0.00000
24,-1,1791218177348,DEAL,PLACE,9158,BUY_LIMIT,L,5,ENT,1.11862,0.00000
24,-1,1791218177885,DEAL,REMOVE,9153,SELL_LIMIT,L,3,EXT,1.12097,0.00000
24,-1,1791218177928,DEAL,FILL,9154,BUY_LIMIT,L,4,ENT,1.11937,0.00000
24,-1,1791218757718,DEAL,FILL,9155,BUY_LIMIT,S,4,EXT,1.11891,0.00000
24,-1,1791218758152,CB_DONE,PLACE,9159,BUY_LIMIT,S,3,EXT,1.11821,0.00000
24,-1,1791218759061,ENGINE,REMOVE,9156,SELL_LIMIT,S,5,ENT,1.12051,0.00000
24,-1,1791218759266,ENGINE,PLACE,9160,SELL_LIMIT,S,4,ENT,1.11981,0.00000
24,-1,1791222077557,DEAL,PLACE,9161,BUY_LIMIT,S,4,EXT,1.11891,0.00000
24,-1,1791222078094,DEAL,PLACE,9162,SELL_LIMIT,S,5,ENT,1.12051,0.00000
24,-1,1791222078631,DEAL,REMOVE,9159,BUY_LIMIT,S,3,EXT,1.11821,0.00000
24,-1,1791222078674,DEAL,FILL,9160,SELL_LIMIT,S,4,ENT,1.11981,0.00000
24,-1,1791222440480,DEAL,FILL,9157,SELL_LIMIT,L,4,EXT,1.12022,0.00000
24,-1,1791222440914,CB_DONE,PLACE,9163,SELL_LIMIT,L,3,EXT,1.12097,0.00000
24,-1,1791222441451,ENGINE,REMOVE,9158,BUY_LIMIT,L,5,ENT,1.11862,0.00000
24,-1,1791222442428,ENGINE,PLACE,9164,BUY_LIMIT,L,4,ENT,1.11937,0.00000
24,-1,1791222733837,DEAL,PLACE,9165,BUY_LIMIT,S,5,EXT,1.11962,0.00000
24,-1,1791222734374,DEAL,PLACE,9166,SELL_LIMIT,S,6,ENT,1.12122,0.00000
24,-1,1791222734911,DEAL,REMOVE,9161,BUY_LIMIT,S,4,EXT,1.11891,0.00000
24,-1,1791222734954,DEAL,FILL,9162,SELL_LIMIT,S,5,ENT,1.12051,0.00000
24,-1,1791223236869,DEAL,FILL,9163,SELL_LIMIT,L,3,EXT,1.12097,0.00000
24,-1,1791223237301,CB_DONE,PLACE,9167,SELL_LIMIT,L,2,EXT,1.12167,0.00000
24,-1,1791223238013,ENGINE,REMOVE,9164,BUY_LIMIT,L,4,ENT,1.11937,0.00000
24,-1,1791223238211,ENGINE,PLACE,9168,BUY_LIMIT,L,3,ENT,1.12007,0.00000
24,-1,1791223498412,DEAL,PLACE,9169,BUY_LIMIT,S,6,EXT,1.12031,0.00000
24,-1,1791223498949,DEAL,PLACE,9170,SELL_LIMIT,S,7,ENT,1.12191,0.00000
24,-1,1791223499486,DEAL,REMOVE,9165,BUY_LIMIT,S,5,EXT,1.11962,0.00000
24,-1,1791223499529,DEAL,FILL,9166,SELL_LIMIT,S,6,ENT,1.12122,0.00000
24,-1,1791228320990,DEAL,FILL,9169,BUY_LIMIT,S,6,EXT,1.12031,0.00000
24,-1,1791228324446,CB_DONE,PLACE,9171,BUY_LIMIT,S,5,EXT,1.11962,0.00000
24,-1,1791228324983,ENGINE,REMOVE,9170,SELL_LIMIT,S,7,ENT,1.12191,0.00000
24,-1,1791228325155,ENGINE,PLACE,9172,SELL_LIMIT,S,6,ENT,1.12122,0.00000
24,-1,1791230703568,DEAL,PLACE,9173,SELL_LIMIT,L,3,EXT,1.12095,0.00000
24,-1,1791230704105,DEAL,PLACE,9174,BUY_LIMIT,L,4,ENT,1.11935,0.00000
24,-1,1791230704642,DEAL,REMOVE,9167,SELL_LIMIT,L,2,EXT,1.12167,0.00000
24,-1,1791230704685,DEAL,FILL,9168,BUY_LIMIT,L,3,ENT,1.12007,0.00000
24,-1,1791233855721,DEAL,FILL,9173,SELL_LIMIT,L,3,EXT,1.12095,0.00000
24,-1,1791233856360,CB_DONE,PLACE,9175,SELL_LIMIT,L,2,EXT,1.12167,0.00000
24,-1,1791233856897,ENGINE,REMOVE,9174,BUY_LIMIT,L,4,ENT,1.11935,0.00000
24,-1,1791233857070,ENGINE,PLACE,9176,BUY_LIMIT,L,3,ENT,1.12007,0.00000
24,-1,1791234021680,DEAL,PLACE,9177,BUY_LIMIT,S,6,EXT,1.12033,0.00000
24,-1,1791234022217,DEAL,PLACE,9178,SELL_LIMIT,S,7,ENT,1.12193,0.00000
24,-1,1791234022754,DEAL,REMOVE,9171,BUY_LIMIT,S,5,EXT,1.11962,0.00000
24,-1,1791234022797,DEAL,FILL,9172,SELL_LIMIT,S,6,ENT,1.12122,0.00000
24,-1,1791237903404,DEAL,FILL,9175,SELL_LIMIT,L,2,EXT,1.12167,0.00000
24,-1,1791237904042,CB_DONE,PLACE,9179,SELL_LIMIT,L,1,EXT,1.12237,0.00000
24,-1,1791237904579,ENGINE,REMOVE,9176,BUY_LIMIT,L,3,ENT,1.12007,0.00000
24,-1,1791237904760,ENGINE,PLACE,9180,BUY_LIMIT,L,2,ENT,1.12077,0.00000
24,-1,1791239150451,DEAL,PLACE,9181,BUY_LIMIT,S,7,EXT,1.12104,0.00000
24,-1,1791239150988,DEAL,REMOVE,9177,BUY_LIMIT,S,6,EXT,1.12033,0.00000
24,-1,1791239151031,DEAL,FILL,9178,SELL_LIMIT,S,7,ENT,1.12193,0.00000
24,-1,1791244200001,TIMER,MODIFY,9049,SELL_LIMIT,L,0,EXT,1.12323,1.12307
24,-1,1791244200539,TIMER,MODIFY,9179,SELL_LIMIT,L,1,EXT,1.12253,1.12237
24,-1,1791244260001,TIMER,MODIFY,9059,BUY_LIMIT,S,0,EXT,1.11599,1.11598
24,-1,1791244440001,TIMER,MODIFY,9181,BUY_LIMIT,S,7,EXT,1.12105,1.12104
25,-1,1791250681000,SEED,PLACE,1985644509,SELL_LIMIT,L,0,EXT,1.12323,0.00000
25,-1,1791250681000,SEED,PLACE,1988240489,BUY_LIMIT,L,1,ENT,1.12147,0.00000
25,-1,1791250681000,SEED,PLACE,1985694703,BUY_LIMIT,S,0,EXT,1.11599,0.00000
25,-1,1791250681000,SEED,PLACE,1988152487,BUY_LIMIT,S,7,EXT,1.12105,0.00000
26,-1,1791250964000,SEED,PLACE,1985644509,SELL_LIMIT,L,0,EXT,1.12323,0.00000
26,-1,1791250964000,SEED,PLACE,1988240489,BUY_LIMIT,L,1,ENT,1.12147,0.00000
26,-1,1791250964000,SEED,PLACE,1985694703,BUY_LIMIT,S,0,EXT,1.11599,0.00000
26,-1,1791250964000,SEED,PLACE,1988152487,BUY_LIMIT,S,7,EXT,1.12105,0.00000
26,-1,1791255840834,DEAL,PLACE,9000,SELL_LIMIT,L,1,EXT,1.12237,0.00000
26,-1,1791255841371,DEAL,PLACE,9001,BUY_LIMIT,L,2,ENT,1.12077,0.00000
26,-1,1791255841908,DEAL,FILL,1988240489,BUY_LIMIT,L,1,ENT,1.12147,0.00000
26,-1,1791259209647,DEAL,FILL,9000,SELL_LIMIT,L,1,EXT,1.12237,0.00000
26,-1,1791259212611,ENGINE,REMOVE,9001,BUY_LIMIT,L,2,ENT,1.12077,0.00000
26,-1,1791259216045,ENGINE,PLACE,9002,BUY_LIMIT,L,1,ENT,1.12147,0.00000
26,-1,1791259224075,LATTICE,MODIFY,1985694703,BUY_LIMIT,S,0,EXT,1.12175,1.11599
26,-1,1791259224613,LATTICE,PLACE,9003,BUY_LIMIT,S,1,EXT,1.11670,0.00000
26,-1,1791259225150,LATTICE,REMOVE,1988152487,BUY_LIMIT,S,7,EXT,1.12105,0.00000
26,-1,1791262509493,DEAL,FILL,1985694703,BUY_LIMIT,S,0,EXT,1.12175,0.00000
26,-1,1791262510733,CB_DONE,PLACE,9004,BUY_LIMIT,S,7,EXT,1.12105,0.00000
26,-1,1791262511270,ENGINE,PLACE,9005,SELL_LIMIT,S,8,ENT,1.12264,0.00000
26,-1,1791263686798,DEAL,PLACE,9006,SELL_LIMIT,L,1,EXT,1.12235,0.00000
26,-1,1791263687335,DEAL,PLACE,9007,BUY_LIMIT,L,2,ENT,1.12075,0.00000
26,-1,1791263687872,DEAL,FILL,9002,BUY_LIMIT,L,1,ENT,1.12147,0.00000
27,-1,1791267621138,SEED,PLACE,1985644509,SELL_LIMIT,L,0,EXT,1.12343,0.00000
27,-1,1791267621138,SEED,PLACE,1988692243,SELL_LIMIT,L,1,EXT,1.12255,0.00000
27,-1,1791267621138,SEED,PLACE,1988692255,BUY_LIMIT,L,2,ENT,1.12075,0.00000
27,-1,1791267621138,SEED,PLACE,1988537635,BUY_LIMIT,S,1,EXT,1.11650,0.00000
27,-1,1791267621138,SEED,PLACE,1988657869,BUY_LIMIT,S,7,EXT,1.12085,0.00000
27,-1,1791267621138,SEED,PLACE,1988657886,SELL_LIMIT,S,8,ENT,1.12264,0.00000
27,-1,1791277527895,DEAL,FILL,1988657869,BUY_LIMIT,S,7,EXT,1.12085,0.00000
27,-1,1791277528329,CB_DONE,PLACE,9000,BUY_LIMIT,S,6,EXT,1.12014,0.00000
27,-1,1791277528866,ENGINE,REMOVE,1988657886,SELL_LIMIT,S,8,ENT,1.12264,0.00000
27,-1,1791277529437,ENGINE,PLACE,9001,SELL_LIMIT,S,7,ENT,1.12193,0.00000
27,-1,1791277597115,DEAL,PLACE,9002,SELL_LIMIT,L,2,EXT,1.12179,0.00000
27,-1,1791277597652,DEAL,PLACE,9003,BUY_LIMIT,L,3,ENT,1.11999,0.00000
27,-1,1791277598189,DEAL,REMOVE,1988692243,SELL_LIMIT,L,1,EXT,1.12255,0.00000
27,-1,1791277598232,DEAL,FILL,1988692255,BUY_LIMIT,L,2,ENT,1.12075,0.00000
27,-1,1791281716249,DEAL,FILL,9002,SELL_LIMIT,L,2,EXT,1.12179,0.00000
27,-1,1791281717288,CB_DONE,PLACE,9004,SELL_LIMIT,L,1,EXT,1.12255,0.00000
27,-1,1791281717825,ENGINE,REMOVE,9003,BUY_LIMIT,L,3,ENT,1.11999,0.00000
27,-1,1791281718201,ENGINE,PLACE,9005,BUY_LIMIT,L,2,ENT,1.12075,0.00000
27,-1,1791281738412,DEAL,PLACE,9006,BUY_LIMIT,S,7,EXT,1.12087,0.00000
27,-1,1791281738949,DEAL,PLACE,9007,SELL_LIMIT,S,8,ENT,1.12267,0.00000
27,-1,1791281739486,DEAL,REMOVE,9000,BUY_LIMIT,S,6,EXT,1.12014,0.00000
27,-1,1791281739529,DEAL,FILL,9001,SELL_LIMIT,S,7,ENT,1.12193,0.00000
27,-1,1791283174835,DEAL,FILL,9004,SELL_LIMIT,L,1,EXT,1.12255,0.00000
27,-1,1791283176376,ENGINE,REMOVE,9005,BUY_LIMIT,L,2,ENT,1.12075,0.00000
27,-1,1791283176576,ENGINE,PLACE,9008,BUY_LIMIT,L,1,ENT,1.12147,0.00000
27,-1,1791283202547,DEAL,PLACE,9009,BUY_LIMIT,S,8,EXT,1.12158,0.00000
27,-1,1791283203084,DEAL,REMOVE,9006,BUY_LIMIT,S,7,EXT,1.12087,0.00000
27,-1,1791283203127,DEAL,FILL,9007,SELL_LIMIT,S,8,ENT,1.12267,0.00000
27,-1,1791284001644,LATTICE,MODIFY,1988537635,BUY_LIMIT,S,1,EXT,1.12229,1.11650
27,-1,1791284002182,LATTICE,PLACE,9010,BUY_LIMIT,S,2,EXT,1.11725,0.00000
27,-1,1791284002719,LATTICE,REMOVE,9009,BUY_LIMIT,S,8,EXT,1.12158,0.00000
27,-1,1791284002762,DEAL,FILL,1985644509,SELL_LIMIT,L,0,EXT,1.12343,0.00000
27,-1,1791284003259,ENGINE,PLACE,9011,BUY_LIMIT,L,0,ENT,1.12342,0.00000
27,-1,1791284003796,ENGINE,REMOVE,9008,BUY_LIMIT,L,1,ENT,1.12147,0.00000
27,-1,1791284114619,DEAL,PLACE,9012,SELL_LIMIT,L,0,EXT,1.12452,0.00000
27,-1,1791284115156,DEAL,PLACE,9013,BUY_LIMIT,L,1,ENT,1.12272,0.00000
27,-1,1791284115693,DEAL,FILL,9011,BUY_LIMIT,L,0,ENT,1.12342,0.00000
27,-1,1791284298852,LATTICE,MODIFY,9010,BUY_LIMIT,S,2,EXT,1.12299,1.11725
27,-1,1791284299390,LATTICE,PLACE,9014,BUY_LIMIT,S,3,EXT,1.11802,0.00000
27,-1,1791284299927,LATTICE,REMOVE,1988537635,BUY_LIMIT,S,1,EXT,1.12229,0.00000
27,-1,1791284872166,DEAL,FILL,9010,BUY_LIMIT,S,2,EXT,1.12299,0.00000
27,-1,1791284872579,CB_DONE,PLACE,9015,BUY_LIMIT,S,1,EXT,1.12229,0.00000
27,-1,1791284873485,ENGINE,PLACE,9016,SELL_LIMIT,S,9,ENT,1.12408,0.00000
27,-1,1791285377810,DEAL,PLACE,9017,SELL_LIMIT,L,1,EXT,1.12375,0.00000
27,-1,1791285378347,DEAL,PLACE,9018,BUY_LIMIT,L,2,ENT,1.12195,0.00000
27,-1,1791285378884,DEAL,FILL,9013,BUY_LIMIT,L,1,ENT,1.12272,0.00000
27,-1,1791286602490,DEAL,FILL,9017,SELL_LIMIT,L,1,EXT,1.12375,0.00000
27,-1,1791286603226,ENGINE,REMOVE,9018,BUY_LIMIT,L,2,ENT,1.12195,0.00000
27,-1,1791286603436,ENGINE,PLACE,9019,BUY_LIMIT,L,1,ENT,1.12272,0.00000
27,-1,1791286636887,DEAL,PLACE,9020,BUY_LIMIT,S,9,EXT,1.12299,0.00000
27,-1,1791286637424,DEAL,REMOVE,9015,BUY_LIMIT,S,1,EXT,1.12229,0.00000
27,-1,1791286637467,DEAL,FILL,9016,SELL_LIMIT,S,9,ENT,1.12408,0.00000
27,-1,1791286878212,DEAL,FILL,9012,SELL_LIMIT,L,0,EXT,1.12452,0.00000
27,-1,1791286878959,ENGINE,PLACE,9021,BUY_LIMIT,L,0,ENT,1.12438,0.00000
27,-1,1791286879496,ENGINE,REMOVE,9019,BUY_LIMIT,L,1,ENT,1.12272,0.00000
27,-1,1791286908645,DEAL,PLACE,9022,SELL_LIMIT,L,0,EXT,1.12545,0.00000
27,-1,1791286909182,DEAL,PLACE,9023,BUY_LIMIT,L,1,ENT,1.12365,0.00000
27,-1,1791286909719,DEAL,FILL,9021,BUY_LIMIT,L,0,ENT,1.12438,0.00000
27,-1,1791288829197,DEAL,PLACE,9024,SELL_LIMIT,L,1,EXT,1.12474,0.00000
27,-1,1791288829734,DEAL,PLACE,9025,BUY_LIMIT,L,2,ENT,1.12294,0.00000
27,-1,1791288830271,DEAL,FILL,9023,BUY_LIMIT,L,1,ENT,1.12365,0.00000
27,-1,1791291111619,LATTICE,MODIFY,9014,BUY_LIMIT,S,3,EXT,1.12370,1.11802
27,-1,1791291112157,LATTICE,PLACE,9026,BUY_LIMIT,S,4,EXT,1.11872,0.00000
27,-1,1791291112694,LATTICE,REMOVE,9020,BUY_LIMIT,S,9,EXT,1.12299,0.00000
27,-1,1791291112737,DEAL,FILL,9024,SELL_LIMIT,L,1,EXT,1.12474,0.00000
27,-1,1791291113224,ENGINE,REMOVE,9025,BUY_LIMIT,L,2,ENT,1.12294,0.00000
27,-1,1791291113424,ENGINE,PLACE,9027,BUY_LIMIT,L,1,ENT,1.12365,0.00000
27,-1,1791296300918,DEAL,FILL,9022,SELL_LIMIT,L,0,EXT,1.12545,0.00000
27,-1,1791296301355,ENGINE,PLACE,9028,BUY_LIMIT,L,0,ENT,1.12527,0.00000
27,-1,1791296301892,ENGINE,REMOVE,9027,BUY_LIMIT,L,1,ENT,1.12365,0.00000
27,-1,1791296302672,LATTICE,MODIFY,9026,BUY_LIMIT,S,4,EXT,1.12440,1.11872
27,-1,1791296303210,LATTICE,PLACE,9029,BUY_LIMIT,S,5,EXT,1.11943,0.00000
27,-1,1791296303747,LATTICE,REMOVE,9014,BUY_LIMIT,S,3,EXT,1.12370,0.00000
27,-1,1791296343538,ENGINE,MODIFY,9028,BUY_LIMIT,L,0,ENT,1.12548,1.12527
27,-1,1791296543911,ENGINE,MODIFY,9028,BUY_LIMIT,L,0,ENT,1.12569,1.12548
27,-1,1791296643139,DEAL,PLACE,9030,SELL_LIMIT,L,0,EXT,1.12677,0.00000
27,-1,1791296643676,DEAL,PLACE,9031,BUY_LIMIT,L,1,ENT,1.12497,0.00000
27,-1,1791296644213,DEAL,FILL,9028,BUY_LIMIT,L,0,ENT,1.12569,0.00000
27,-1,1791296736878,LATTICE,MODIFY,9029,BUY_LIMIT,S,5,EXT,1.12510,1.11943
27,-1,1791296737416,LATTICE,PLACE,9032,BUY_LIMIT,S,6,EXT,1.12014,0.00000
27,-1,1791296737953,LATTICE,REMOVE,9026,BUY_LIMIT,S,4,EXT,1.12440,0.00000
27,-1,1791297740425,DEAL,FILL,9030,SELL_LIMIT,L,0,EXT,1.12677,0.00000
27,-1,1791297741165,ENGINE,PLACE,9033,BUY_LIMIT,L,0,ENT,1.12658,0.00000
27,-1,1791297741702,ENGINE,REMOVE,9031,BUY_LIMIT,L,1,ENT,1.12497,0.00000
27,-1,1791297750808,LATTICE,MODIFY,9032,BUY_LIMIT,S,6,EXT,1.12580,1.12014
27,-1,1791297751346,LATTICE,PLACE,9034,BUY_LIMIT,S,7,EXT,1.12087,0.00000
27,-1,1791297751883,LATTICE,REMOVE,9029,BUY_LIMIT,S,5,EXT,1.12510,0.00000
27,-1,1791297780981,ENGINE,MODIFY,9033,BUY_LIMIT,L,0,ENT,1.12679,1.12658
27,-1,1791297901757,DEAL,PLACE,9035,SELL_LIMIT,L,0,EXT,1.12788,0.00000
27,-1,1791297902294,DEAL,PLACE,9036,BUY_LIMIT,L,1,ENT,1.12608,0.00000
27,-1,1791297902831,DEAL,FILL,9033,BUY_LIMIT,L,0,ENT,1.12679,0.00000
27,-1,1791299076701,LATTICE,MODIFY,9034,BUY_LIMIT,S,7,EXT,1.12649,1.12087
27,-1,1791299077239,LATTICE,PLACE,9037,BUY_LIMIT,S,8,EXT,1.12158,0.00000
27,-1,1791299077776,LATTICE,REMOVE,9032,BUY_LIMIT,S,6,EXT,1.12580,0.00000
27,-1,1791300473149,DEAL,FILL,9034,BUY_LIMIT,S,7,EXT,1.12649,0.00000
27,-1,1791300473970,CB_DONE,PLACE,9038,BUY_LIMIT,S,6,EXT,1.12580,0.00000
27,-1,1791300474507,ENGINE,PLACE,9039,SELL_LIMIT,S,10,ENT,1.12759,0.00000
27,-1,1791301450706,DEAL,PLACE,9040,SELL_LIMIT,L,1,EXT,1.12718,0.00000
27,-1,1791301451243,DEAL,PLACE,9041,BUY_LIMIT,L,2,ENT,1.12538,0.00000
27,-1,1791301451780,DEAL,FILL,9036,BUY_LIMIT,L,1,ENT,1.12608,0.00000
27,-1,1791301781287,DEAL,FILL,9038,BUY_LIMIT,S,6,EXT,1.12580,0.00000
27,-1,1791301781732,CB_DONE,PLACE,9042,BUY_LIMIT,S,5,EXT,1.12510,0.00000
27,-1,1791301782269,ENGINE,MODIFY,9039,SELL_LIMIT,S,10,ENT,1.12689,1.12759
27,-1,1791303891615,DEAL,PLACE,9043,SELL_LIMIT,L,2,EXT,1.12647,0.00000
27,-1,1791303892152,DEAL,PLACE,9044,BUY_LIMIT,L,3,ENT,1.12467,0.00000
27,-1,1791303892689,DEAL,REMOVE,9040,SELL_LIMIT,L,1,EXT,1.12718,0.00000
27,-1,1791303892732,DEAL,FILL,9041,BUY_LIMIT,L,2,ENT,1.12538,0.00000
27,-1,1791304715195,DEAL,FILL,9042,BUY_LIMIT,S,5,EXT,1.12510,0.00000
27,-1,1791304715638,CB_DONE,PLACE,9045,BUY_LIMIT,S,4,EXT,1.12440,0.00000
27,-1,1791304716175,ENGINE,MODIFY,9039,SELL_LIMIT,S,10,ENT,1.12619,1.12689
27,-1,1791308441650,DEAL,PLACE,9046,SELL_LIMIT,L,3,EXT,1.12577,0.00000
27,-1,1791308442187,DEAL,PLACE,9047,BUY_LIMIT,L,4,ENT,1.12397,0.00000
27,-1,1791308442724,DEAL,REMOVE,9043,SELL_LIMIT,L,2,EXT,1.12647,0.00000
27,-1,1791308442767,DEAL,FILL,9044,BUY_LIMIT,L,3,ENT,1.12467,0.00000
27,-1,1791309572196,DEAL,FILL,9046,SELL_LIMIT,L,3,EXT,1.12577,0.00000
27,-1,1791309573236,CB_DONE,PLACE,9048,SELL_LIMIT,L,2,EXT,1.12647,0.00000
27,-1,1791309575146,ENGINE,REMOVE,9047,BUY_LIMIT,L,4,ENT,1.12397,0.00000
27,-1,1791309575559,ENGINE,PLACE,9049,BUY_LIMIT,L,3,ENT,1.12467,0.00000
27,-1,1791310520656,DEAL,PLACE,9050,BUY_LIMIT,S,10,EXT,1.12510,0.00000
27,-1,1791310521193,DEAL,PLACE,9051,SELL_LIMIT,S,11,ENT,1.12690,0.00000
27,-1,1791310521730,DEAL,FILL,9039,SELL_LIMIT,S,10,ENT,1.12619,0.00000
27,-1,1791310521730,DEAL,REMOVE,9045,BUY_LIMIT,S,4,EXT,1.12440,0.00000
27,-1,1791310789324,DEAL,FILL,9048,SELL_LIMIT,L,2,EXT,1.12647,0.00000
27,-1,1791310790969,CB_DONE,PLACE,9052,SELL_LIMIT,L,1,EXT,1.12718,0.00000
27,-1,1791310792273,ENGINE,REMOVE,9049,BUY_LIMIT,L,3,ENT,1.12467,0.00000
27,-1,1791310792475,ENGINE,PLACE,9053,BUY_LIMIT,L,2,ENT,1.12538,0.00000
27,-1,1791311848090,DEAL,PLACE,9054,BUY_LIMIT,S,11,EXT,1.12580,0.00000
27,-1,1791311848627,DEAL,PLACE,9055,SELL_LIMIT,S,12,ENT,1.12760,0.00000
27,-1,1791311849164,DEAL,REMOVE,9050,BUY_LIMIT,S,10,EXT,1.12510,0.00000
27,-1,1791311849207,DEAL,FILL,9051,SELL_LIMIT,S,11,ENT,1.12690,0.00000
27,-1,1791313873521,DEAL,FILL,9054,BUY_LIMIT,S,11,EXT,1.12580,0.00000
27,-1,1791313874164,CB_DONE,PLACE,9056,BUY_LIMIT,S,10,EXT,1.12510,0.00000
27,-1,1791313875680,ENGINE,REMOVE,9055,SELL_LIMIT,S,12,ENT,1.12760,0.00000
27,-1,1791313876492,ENGINE,PLACE,9057,SELL_LIMIT,S,11,ENT,1.12690,0.00000
27,-1,1791330621138,TIMER,MODIFY,9035,SELL_LIMIT,L,0,EXT,1.12812,1.12788
27,-1,1791330621676,TIMER,MODIFY,9052,SELL_LIMIT,L,1,EXT,1.12742,1.12718
27,-1,1791330741138,TIMER,MODIFY,9037,BUY_LIMIT,S,8,EXT,1.12162,1.12158
27,-1,1791330801138,TIMER,MODIFY,9056,BUY_LIMIT,S,10,EXT,1.12514,1.12510
27,-1,1791331201154,ENGINE,MODIFY,9053,BUY_LIMIT,L,2,ENT,1.12495,1.12538
27,-1,1791331201863,ENGINE,MODIFY,9053,BUY_LIMIT,L,2,ENT,1.12538,1.12495
27,-1,1791340987565,DEAL,PLACE,9058,SELL_LIMIT,L,2,EXT,1.12644,0.00000
27,-1,1791340988102,DEAL,PLACE,9059,BUY_LIMIT,L,3,ENT,1.12464,0.00000
27,-1,1791340988639,DEAL,REMOVE,9052,SELL_LIMIT,L,1,EXT,1.12742,0.00000
27,-1,1791340988682,DEAL,FILL,9053,BUY_LIMIT,L,2,ENT,1.12538,0.00000
27,-1,1791342014933,DEAL,FILL,9056,BUY_LIMIT,S,10,EXT,1.12514,0.00000
27,-1,1791342015565,CB_DONE,PLACE,9060,BUY_LIMIT,S,4,EXT,1.12444,0.00000
27,-1,1791342017485,ENGINE,REMOVE,9057,SELL_LIMIT,S,11,ENT,1.12690,0.00000
27,-1,1791342017685,ENGINE,PLACE,9061,SELL_LIMIT,S,10,ENT,1.12619,0.00000
27,-1,1791345704498,DEAL,PLACE,9062,SELL_LIMIT,L,3,EXT,1.12577,0.00000
27,-1,1791345705035,DEAL,PLACE,9063,BUY_LIMIT,L,4,ENT,1.12397,0.00000
27,-1,1791345705572,DEAL,REMOVE,9058,SELL_LIMIT,L,2,EXT,1.12644,0.00000
27,-1,1791345705615,DEAL,FILL,9059,BUY_LIMIT,L,3,ENT,1.12464,0.00000
27,-1,1791346860740,DEAL,FILL,9060,BUY_LIMIT,S,4,EXT,1.12444,0.00000
27,-1,1791346871026,CB_DONE,PLACE,9064,BUY_LIMIT,S,3,EXT,1.12374,0.00000
27,-1,1791346871929,ENGINE,MODIFY,9061,SELL_LIMIT,S,10,ENT,1.12549,1.12619
27,-1,1791348871820,DEAL,PLACE,9065,SELL_LIMIT,L,4,EXT,1.12507,0.00000
27,-1,1791348872357,DEAL,PLACE,9066,BUY_LIMIT,L,5,ENT,1.12327,0.00000
27,-1,1791348872894,DEAL,REMOVE,9062,SELL_LIMIT,L,3,EXT,1.12577,0.00000
27,-1,1791348872937,DEAL,FILL,9063,BUY_LIMIT,L,4,ENT,1.12397,0.00000
28,-1,1791349058001,SEED,PLACE,1990054431,SELL_LIMIT,L,0,EXT,1.12806,0.00000
28,-1,1791349058001,SEED,PLACE,1991683424,SELL_LIMIT,L,4,EXT,1.12501,0.00000
28,-1,1791349058001,SEED,PLACE,1991683429,BUY_LIMIT,L,5,ENT,1.12321,0.00000
28,-1,1791349058001,SEED,PLACE,1991611093,BUY_LIMIT,S,3,EXT,1.12374,0.00000
28,-1,1791349058001,SEED,PLACE,1990106683,BUY_LIMIT,S,8,EXT,1.12162,0.00000
28,-1,1791349058001,SEED,PLACE,1991454511,SELL_LIMIT,S,10,ENT,1.12549,0.00000
29,-1,1791349296000,SEED,PLACE,1990054431,SELL_LIMIT,L,0,EXT,1.12806,0.00000
29,-1,1791349296000,SEED,PLACE,1991683424,SELL_LIMIT,L,4,EXT,1.12501,0.00000
29,-1,1791349296000,SEED,PLACE,1991683429,BUY_LIMIT,L,5,ENT,1.12321,0.00000
29,-1,1791349296000,SEED,PLACE,1991611093,BUY_LIMIT,S,3,EXT,1.12374,0.00000
29,-1,1791349296000,SEED,PLACE,1990106683,BUY_LIMIT,S,8,EXT,1.12162,0.00000
29,-1,1791349296000,SEED,PLACE,1991454511,SELL_LIMIT,S,10,ENT,1.12549,0.00000
29,-1,1791349411648,DEAL,FILL,1991611093,BUY_LIMIT,S,3,EXT,1.12374,0.00000
29,-1,1791349412087,CB_DONE,PLACE,9000,BUY_LIMIT,S,9,EXT,1.12303,0.00000
29,-1,1791349412624,ENGINE,MODIFY,1991454511,SELL_LIMIT,S,10,ENT,1.12479,1.12549
29,-1,1791357875916,DEAL,PLACE,9001,SELL_LIMIT,L,5,EXT,1.12429,0.00000
29,-1,1791357876453,DEAL,PLACE,9002,BUY_LIMIT,L,6,ENT,1.12249,0.00000
29,-1,1791357876990,DEAL,REMOVE,1991683424,SELL_LIMIT,L,4,EXT,1.12501,0.00000
29,-1,1791357877033,DEAL,FILL,1991683429,BUY_LIMIT,L,5,ENT,1.12321,0.00000
29,-1,1791358037244,DEAL,FILL,9000,BUY_LIMIT,S,9,EXT,1.12303,0.00000
29,-1,1791358041087,CB_DONE,PLACE,9003,BUY_LIMIT,S,1,EXT,1.12233,0.00000
29,-1,1791358041624,ENGINE,REMOVE,1991454511,SELL_LIMIT,S,10,ENT,1.12479,0.00000
29,-1,1791358042010,ENGINE,PLACE,9004,SELL_LIMIT,S,9,ENT,1.12408,0.00000
29,-1,1791363736687,DEAL,PLACE,9005,SELL_LIMIT,L,6,EXT,1.12360,0.00000
29,-1,1791363737224,DEAL,PLACE,9006,BUY_LIMIT,L,7,ENT,1.12180,0.00000
29,-1,1791363737761,DEAL,REMOVE,9001,SELL_LIMIT,L,5,EXT,1.12429,0.00000
29,-1,1791363737804,DEAL,FILL,9002,BUY_LIMIT,L,6,ENT,1.12249,0.00000
29,-1,1791364740442,DEAL,FILL,9003,BUY_LIMIT,S,1,EXT,1.12233,0.00000
29,-1,1791364741991,ENGINE,MODIFY,9004,SELL_LIMIT,S,9,ENT,1.12338,1.12408
29,-1,1791368195661,DEAL,PLACE,9007,SELL_LIMIT,L,7,EXT,1.12288,0.00000
29,-1,1791368196198,DEAL,REMOVE,9005,SELL_LIMIT,L,6,EXT,1.12360,0.00000
29,-1,1791368196241,DEAL,FILL,9006,BUY_LIMIT,L,7,ENT,1.12180,0.00000
29,-1,1791368229851,DEAL,FILL,1990106683,BUY_LIMIT,S,8,EXT,1.12162,0.00000
29,-1,1791368232002,ENGINE,PLACE,9008,SELL_LIMIT,S,0,ENT,1.12177,0.00000
29,-1,1791368232539,ENGINE,REMOVE,9004,SELL_LIMIT,S,9,ENT,1.12338,0.00000
29,-1,1791368502083,ENGINE,MODIFY,9008,SELL_LIMIT,S,0,ENT,1.12157,1.12177
29,-1,1791368659056,DEAL,PLACE,9009,BUY_LIMIT,S,0,EXT,1.12050,0.00000
29,-1,1791368659593,DEAL,PLACE,9010,SELL_LIMIT,S,1,ENT,1.12230,0.00000
29,-1,1791368660130,DEAL,FILL,9008,SELL_LIMIT,S,0,ENT,1.12157,0.00000
29,-1,1791369620626,DEAL,FILL,9009,BUY_LIMIT,S,0,EXT,1.12050,0.00000
29,-1,1791369622157,LATTICE,MODIFY,1990054431,SELL_LIMIT,L,0,EXT,1.12242,1.12806
29,-1,1791369622695,LATTICE,PLACE,9011,SELL_LIMIT,L,1,EXT,1.12735,0.00000
29,-1,1791369623232,LATTICE,REMOVE,9007,SELL_LIMIT,L,7,EXT,1.12288,0.00000
29,-1,1791369623275,ENGINE,PLACE,9012,SELL_LIMIT,S,0,ENT,1.12068,0.00000
29,-1,1791369623812,ENGINE,REMOVE,9010,SELL_LIMIT,S,1,ENT,1.12230,0.00000
29,-1,1791369736735,DEAL,PLACE,9013,BUY_LIMIT,S,0,EXT,1.11958,0.00000
29,-1,1791369737272,DEAL,PLACE,9014,SELL_LIMIT,S,1,ENT,1.12138,0.00000
29,-1,1791369737809,DEAL,FILL,9012,SELL_LIMIT,S,0,ENT,1.12068,0.00000
29,-1,1791370392374,DEAL,FILL,9013,BUY_LIMIT,S,0,EXT,1.11958,0.00000
29,-1,1791370393118,LATTICE,PLACE,9015,SELL_LIMIT,L,2,EXT,1.12078,0.00000
29,-1,1791370393655,LATTICE,PLACE,9016,SELL_LIMIT,L,3,EXT,1.12570,0.00000
29,-1,1791370394192,LATTICE,REMOVE,1990054431,SELL_LIMIT,L,0,EXT,1.12242,0.00000
29,-1,1791370394235,LATTICE,REMOVE,9011,SELL_LIMIT,L,1,EXT,1.12735,0.00000
29,-1,1791370394278,ENGINE,PLACE,9017,SELL_LIMIT,S,0,ENT,1.11967,0.00000
29,-1,1791370394815,ENGINE,REMOVE,9014,SELL_LIMIT,S,1,ENT,1.12138,0.00000
29,-1,1791370406806,ENGINE,MODIFY,9017,SELL_LIMIT,S,0,ENT,1.11943,1.11967
29,-1,1791370456517,ENGINE,MODIFY,9017,SELL_LIMIT,S,0,ENT,1.11921,1.11943
29,-1,1791370457325,LATTICE,MODIFY,9016,SELL_LIMIT,L,3,EXT,1.12008,1.12570
29,-1,1791370457863,LATTICE,PLACE,9018,SELL_LIMIT,L,4,EXT,1.12501,0.00000
29,-1,1791370458400,LATTICE,REMOVE,9015,SELL_LIMIT,L,2,EXT,1.12078,0.00000
29,-1,1791370465634,DEAL,PLACE,9019,BUY_LIMIT,S,0,EXT,1.11809,0.00000
29,-1,1791370466171,DEAL,PLACE,9020,SELL_LIMIT,S,1,ENT,1.11989,0.00000
29,-1,1791370466708,DEAL,FILL,9017,SELL_LIMIT,S,0,ENT,1.11921,0.00000
29,-1,1791371841794,DEAL,FILL,9019,BUY_LIMIT,S,0,EXT,1.11809,0.00000
29,-1,1791371842325,LATTICE,MODIFY,9018,SELL_LIMIT,L,4,EXT,1.11938,1.12501
29,-1,1791371842863,LATTICE,PLACE,9021,SELL_LIMIT,L,5,EXT,1.12429,0.00000
29,-1,1791371843400,LATTICE,REMOVE,9016,SELL_LIMIT,L,3,EXT,1.12008,0.00000
29,-1,1791371843443,ENGINE,PLACE,9022,SELL_LIMIT,S,0,ENT,1.11824,0.00000
29,-1,1791371843980,ENGINE,REMOVE,9020,SELL_LIMIT,S,1,ENT,1.11989,0.00000
29,-1,1791371860663,DEAL,PLACE,9023,BUY_LIMIT,S,0,EXT,1.11716,0.00000
29,-1,1791371861200,DEAL,PLACE,9024,SELL_LIMIT,S,1,ENT,1.11896,0.00000
29,-1,1791371861737,DEAL,FILL,9022,SELL_LIMIT,S,0,ENT,1.11824,0.00000
29,-1,1791371960597,DEAL,PLACE,9025,BUY_LIMIT,S,1,EXT,1.11785,0.00000
29,-1,1791371961134,DEAL,PLACE,9026,SELL_LIMIT,S,2,ENT,1.11965,0.00000
29,-1,1791371961671,DEAL,FILL,9024,SELL_LIMIT,S,1,ENT,1.11896,0.00000
29,-1,1791372123682,DEAL,FILL,9018,SELL_LIMIT,L,4,EXT,1.11938,0.00000
29,-1,1791372125919,CB_DONE,PLACE,9027,SELL_LIMIT,L,3,EXT,1.12008,0.00000
29,-1,1791372126456,ENGINE,PLACE,9028,BUY_LIMIT,L,8,ENT,1.11828,0.00000
29,-1,1791372196453,DEAL,PLACE,9029,BUY_LIMIT,S,2,EXT,1.11855,0.00000
29,-1,1791372196990,DEAL,PLACE,9030,SELL_LIMIT,S,3,ENT,1.12035,0.00000
29,-1,1791372197527,DEAL,REMOVE,9025,BUY_LIMIT,S,1,EXT,1.11785,0.00000
29,-1,1791372197570,DEAL,FILL,9026,SELL_LIMIT,S,2,ENT,1.11965,0.00000
29,-1,1791374149358,DEAL,FILL,9027,SELL_LIMIT,L,3,EXT,1.12008,0.00000
29,-1,1791374149995,CB_DONE,PLACE,9031,SELL_LIMIT,L,2,EXT,1.12078,0.00000
29,-1,1791374150532,ENGINE,MODIFY,9028,BUY_LIMIT,L,8,ENT,1.11898,1.11828
29,-1,1791374552979,DEAL,PLACE,9032,BUY_LIMIT,S,3,EXT,1.11924,0.00000
29,-1,1791374553516,DEAL,PLACE,9033,SELL_LIMIT,S,4,ENT,1.12104,0.00000
29,-1,1791374554053,DEAL,REMOVE,9029,BUY_LIMIT,S,2,EXT,1.11855,0.00000
29,-1,1791374554096,DEAL,FILL,9030,SELL_LIMIT,S,3,ENT,1.12035,0.00000
29,-1,1791375511341,DEAL,FILL,9032,BUY_LIMIT,S,3,EXT,1.11924,0.00000
29,-1,1791375512174,CB_DONE,PLACE,9034,BUY_LIMIT,S,2,EXT,1.11855,0.00000
29,-1,1791375512711,ENGINE,REMOVE,9033,SELL_LIMIT,S,4,ENT,1.12104,0.00000
29,-1,1791375513083,ENGINE,PLACE,9035,SELL_LIMIT,S,3,ENT,1.12035,0.00000
29,-1,1791376227970,DEAL,PLACE,9036,SELL_LIMIT,L,8,EXT,1.12008,0.00000
29,-1,1791376228507,DEAL,PLACE,9037,BUY_LIMIT,L,9,ENT,1.11828,0.00000
29,-1,1791376229044,DEAL,FILL,9028,BUY_LIMIT,L,8,ENT,1.11898,0.00000
29,-1,1791376229044,DEAL,REMOVE,9031,SELL_LIMIT,L,2,EXT,1.12078,0.00000
29,-1,1791383253309,DEAL,FILL,9034,BUY_LIMIT,S,2,EXT,1.11855,0.00000
29,-1,1791383253744,CB_DONE,PLACE,9038,BUY_LIMIT,S,1,EXT,1.11785,0.00000
29,-1,1791383254281,ENGINE,REMOVE,9035,SELL_LIMIT,S,3,ENT,1.12035,0.00000
29,-1,1791383254656,ENGINE,PLACE,9039,SELL_LIMIT,S,2,ENT,1.11965,0.00000
29,-1,1791383300737,DEAL,PLACE,9040,SELL_LIMIT,L,9,EXT,1.11938,0.00000
29,-1,1791383301274,DEAL,REMOVE,9036,SELL_LIMIT,L,8,EXT,1.12008,0.00000
29,-1,1791383301317,DEAL,FILL,9037,BUY_LIMIT,L,9,ENT,1.11828,0.00000
29,-1,1791384019517,DEAL,FILL,9038,BUY_LIMIT,S,1,EXT,1.11785,0.00000
29,-1,1791384020866,ENGINE,REMOVE,9039,SELL_LIMIT,S,2,ENT,1.11965,0.00000
29,-1,1791384022676,ENGINE,PLACE,9041,SELL_LIMIT,S,1,ENT,1.11896,0.00000
29,-1,1791386385306,DEAL,FILL,9023,BUY_LIMIT,S,0,EXT,1.11716,0.00000
29,-1,1791386386255,LATTICE,MODIFY,9021,SELL_LIMIT,L,5,EXT,1.11868,1.12429
29,-1,1791386386793,LATTICE,PLACE,9042,SELL_LIMIT,L,6,EXT,1.12360,0.00000
29,-1,1791386387330,LATTICE,REMOVE,9040,SELL_LIMIT,L,9,EXT,1.11938,0.00000
29,-1,1791386387373,ENGINE,PLACE,9043,SELL_LIMIT,S,0,ENT,1.11737,0.00000
29,-1,1791386387910,ENGINE,REMOVE,9041,SELL_LIMIT,S,1,ENT,1.11896,0.00000
29,-1,1791386594085,ENGINE,MODIFY,9043,SELL_LIMIT,S,0,ENT,1.11717,1.11737
29,-1,1791386596694,LATTICE,MODIFY,9042,SELL_LIMIT,L,6,EXT,1.11798,1.12360
29,-1,1791386597232,LATTICE,PLACE,9044,SELL_LIMIT,L,7,EXT,1.12288,0.00000
29,-1,1791386597769,LATTICE,REMOVE,9021,SELL_LIMIT,L,5,EXT,1.11868,0.00000
29,-1,1791386598700,ENGINE,MODIFY,9043,SELL_LIMIT,S,0,ENT,1.11696,1.11717
29,-1,1791386691154,ENGINE,MODIFY,9043,SELL_LIMIT,S,0,ENT,1.11676,1.11696
29,-1,1791386711312,DEAL,PLACE,9045,BUY_LIMIT,S,0,EXT,1.11566,0.00000
29,-1,1791386711849,DEAL,PLACE,9046,SELL_LIMIT,S,1,ENT,1.11746,0.00000
29,-1,1791386712386,DEAL,FILL,9043,SELL_LIMIT,S,0,ENT,1.11676,0.00000
29,-1,1791388809759,DEAL,PLACE,9047,BUY_LIMIT,S,1,EXT,1.11634,0.00000
29,-1,1791388810296,DEAL,PLACE,9048,SELL_LIMIT,S,2,ENT,1.11814,0.00000
29,-1,1791388810833,DEAL,FILL,9046,SELL_LIMIT,S,1,ENT,1.11746,0.00000
29,-1,1791388904001,DEAL,FILL,9042,SELL_LIMIT,L,6,EXT,1.11798,0.00000
29,-1,1791388905251,CB_DONE,PLACE,9049,SELL_LIMIT,L,5,EXT,1.11868,0.00000
29,-1,1791388910169,ENGINE,PLACE,9050,BUY_LIMIT,L,10,ENT,1.11688,0.00000
29,-1,1791389666560,DEAL,PLACE,9051,BUY_LIMIT,S,2,EXT,1.11704,0.00000
29,-1,1791389667097,DEAL,PLACE,9052,SELL_LIMIT,S,3,ENT,1.11884,0.00000
29,-1,1791389667634,DEAL,REMOVE,9047,BUY_LIMIT,S,1,EXT,1.11634,0.00000
29,-1,1791389667677,DEAL,FILL,9048,SELL_LIMIT,S,2,ENT,1.11814,0.00000
29,-1,1791392397551,DEAL,FILL,9049,SELL_LIMIT,L,5,EXT,1.11868,0.00000
29,-1,1791392398393,CB_DONE,PLACE,9053,SELL_LIMIT,L,9,EXT,1.11938,0.00000
29,-1,1791392399095,ENGINE,MODIFY,9050,BUY_LIMIT,L,10,ENT,1.11758,1.11688
29,-1,1791392466633,DEAL,PLACE,9054,BUY_LIMIT,S,3,EXT,1.11774,0.00000
29,-1,1791392467170,DEAL,PLACE,9055,SELL_LIMIT,S,4,ENT,1.11954,0.00000
29,-1,1791392467707,DEAL,REMOVE,9051,BUY_LIMIT,S,2,EXT,1.11704,0.00000
29,-1,1791392467750,DEAL,FILL,9052,SELL_LIMIT,S,3,ENT,1.11884,0.00000
29,-1,1791393247315,DEAL,FILL,9054,BUY_LIMIT,S,3,EXT,1.11774,0.00000
29,-1,1791393248350,CB_DONE,PLACE,9056,BUY_LIMIT,S,2,EXT,1.11704,0.00000
29,-1,1791393248887,ENGINE,REMOVE,9055,SELL_LIMIT,S,4,ENT,1.11954,0.00000
29,-1,1791393249265,ENGINE,PLACE,9057,SELL_LIMIT,S,3,ENT,1.11884,0.00000
29,-1,1791394391173,DEAL,PLACE,9058,BUY_LIMIT,S,3,EXT,1.11774,0.00000
29,-1,1791394391710,DEAL,PLACE,9059,SELL_LIMIT,S,4,ENT,1.11954,0.00000
29,-1,1791394392247,DEAL,REMOVE,9056,BUY_LIMIT,S,2,EXT,1.11704,0.00000
29,-1,1791394392290,DEAL,FILL,9057,SELL_LIMIT,S,3,ENT,1.11884,0.00000
29,-1,1791395854579,DEAL,FILL,9053,SELL_LIMIT,L,9,EXT,1.11938,0.00000
29,-1,1791395855411,CB_DONE,PLACE,9060,SELL_LIMIT,L,8,EXT,1.12008,0.00000
29,-1,1791395855948,ENGINE,REMOVE,9050,BUY_LIMIT,L,10,ENT,1.11758,0.00000
29,-1,1791395856325,ENGINE,PLACE,9061,BUY_LIMIT,L,9,ENT,1.11828,0.00000
29,-1,1791396100727,DEAL,PLACE,9062,BUY_LIMIT,S,4,EXT,1.11844,0.00000
29,-1,1791396101264,DEAL,PLACE,9063,SELL_LIMIT,S,5,ENT,1.12024,0.00000
29,-1,1791396101801,DEAL,REMOVE,9058,BUY_LIMIT,S,3,EXT,1.11774,0.00000
29,-1,1791396101844,DEAL,FILL,9059,SELL_LIMIT,S,4,ENT,1.11954,0.00000
29,-1,1791396824287,DEAL,FILL,9060,SELL_LIMIT,L,8,EXT,1.12008,0.00000
29,-1,1791396824926,CB_DONE,PLACE,9064,SELL_LIMIT,L,2,EXT,1.12078,0.00000
29,-1,1791396825629,ENGINE,REMOVE,9061,BUY_LIMIT,L,9,ENT,1.11828,0.00000
29,-1,1791396825828,ENGINE,PLACE,9065,BUY_LIMIT,L,8,ENT,1.11898,0.00000
29,-1,1791396826492,DEAL,PLACE,9066,BUY_LIMIT,S,5,EXT,1.11913,0.00000
29,-1,1791396827029,DEAL,PLACE,9067,SELL_LIMIT,S,6,ENT,1.12093,0.00000
29,-1,1791396827566,DEAL,REMOVE,9062,BUY_LIMIT,S,4,EXT,1.11844,0.00000
29,-1,1791396827609,DEAL,FILL,9063,SELL_LIMIT,S,5,ENT,1.12024,0.00000
29,-1,1791397064649,DEAL,FILL,9066,BUY_LIMIT,S,5,EXT,1.11913,0.00000
29,-1,1791397065093,CB_DONE,PLACE,9068,BUY_LIMIT,S,4,EXT,1.11844,0.00000
29,-1,1791397065630,ENGINE,REMOVE,9067,SELL_LIMIT,S,6,ENT,1.12093,0.00000
29,-1,1791397065799,ENGINE,PLACE,9069,SELL_LIMIT,S,5,ENT,1.12024,0.00000
29,-1,1791397081722,DEAL,PLACE,9070,SELL_LIMIT,L,8,EXT,1.12010,0.00000
29,-1,1791397082259,DEAL,PLACE,9071,BUY_LIMIT,L,9,ENT,1.11830,0.00000
29,-1,1791397082796,DEAL,REMOVE,9064,SELL_LIMIT,L,2,EXT,1.12078,0.00000
29,-1,1791397082839,DEAL,FILL,9065,BUY_LIMIT,L,8,ENT,1.11898,0.00000
29,-1,1791398971110,DEAL,FILL,9068,BUY_LIMIT,S,4,EXT,1.11844,0.00000
29,-1,1791398975375,CB_DONE,PLACE,9072,BUY_LIMIT,S,3,EXT,1.11774,0.00000
29,-1,1791398975912,ENGINE,REMOVE,9069,SELL_LIMIT,S,5,ENT,1.12024,0.00000
29,-1,1791398976477,ENGINE,PLACE,9073,SELL_LIMIT,S,4,ENT,1.11954,0.00000
29,-1,1791398996638,DEAL,PLACE,9074,SELL_LIMIT,L,9,EXT,1.11939,0.00000
29,-1,1791398997175,DEAL,PLACE,9075,BUY_LIMIT,L,10,ENT,1.11759,0.00000
29,-1,1791398997712,DEAL,REMOVE,9070,SELL_LIMIT,L,8,EXT,1.12010,0.00000
29,-1,1791398997755,DEAL,FILL,9071,BUY_LIMIT,L,9,ENT,1.11830,0.00000
29,-1,1791400066424,DEAL,FILL,9074,SELL_LIMIT,L,9,EXT,1.11939,0.00000
29,-1,1791400067059,CB_DONE,PLACE,9076,SELL_LIMIT,L,8,EXT,1.12010,0.00000
29,-1,1791400067596,ENGINE,REMOVE,9075,BUY_LIMIT,L,10,ENT,1.11759,0.00000
29,-1,1791400067769,ENGINE,PLACE,9077,BUY_LIMIT,L,9,ENT,1.11830,0.00000
29,-1,1791400644989,DEAL,PLACE,9078,BUY_LIMIT,S,4,EXT,1.11846,0.00000
29,-1,1791400645526,DEAL,PLACE,9079,SELL_LIMIT,S,5,ENT,1.12026,0.00000
29,-1,1791400646063,DEAL,REMOVE,9072,BUY_LIMIT,S,3,EXT,1.11774,0.00000
29,-1,1791400646106,DEAL,FILL,9073,SELL_LIMIT,S,4,ENT,1.11954,0.00000
29,-1,1791406805308,DEAL,FILL,9076,SELL_LIMIT,L,8,EXT,1.12010,0.00000
29,-1,1791406806149,CB_DONE,PLACE,9080,SELL_LIMIT,L,2,EXT,1.12078,0.00000
29,-1,1791406806686,ENGINE,REMOVE,9077,BUY_LIMIT,L,9,ENT,1.11830,0.00000
29,-1,1791406806854,ENGINE,PLACE,9081,BUY_LIMIT,L,8,ENT,1.11898,0.00000
29,-1,1791407133748,DEAL,PLACE,9082,BUY_LIMIT,S,5,EXT,1.11916,0.00000
29,-1,1791407134285,DEAL,PLACE,9083,SELL_LIMIT,S,6,ENT,1.12096,0.00000
29,-1,1791407134822,DEAL,REMOVE,9078,BUY_LIMIT,S,4,EXT,1.11846,0.00000
29,-1,1791407134865,DEAL,FILL,9079,SELL_LIMIT,S,5,ENT,1.12026,0.00000
29,-1,1791417096000,TIMER,MODIFY,9044,SELL_LIMIT,L,7,EXT,1.12296,1.12288
29,-1,1791417096538,TIMER,MODIFY,9080,SELL_LIMIT,L,2,EXT,1.12086,1.12078
29,-1,1791417156000,TIMER,MODIFY,9045,BUY_LIMIT,S,0,EXT,1.11567,1.11566
29,-1,1791417276000,TIMER,MODIFY,9082,BUY_LIMIT,S,5,EXT,1.11917,1.11916
29,-1,1791435510877,DEAL,FILL,9080,SELL_LIMIT,L,2,EXT,1.12086,0.00000
29,-1,1791435511919,CB_DONE,PLACE,9084,SELL_LIMIT,L,1,EXT,1.12164,0.00000
29,-1,1791435514827,ENGINE,MODIFY,9081,BUY_LIMIT,L,8,ENT,1.11968,1.11898
29,-1,1791435989800,DEAL,PLACE,9085,BUY_LIMIT,S,6,EXT,1.11986,0.00000
29,-1,1791435990337,DEAL,PLACE,9086,SELL_LIMIT,S,7,ENT,1.12166,0.00000
29,-1,1791435990874,DEAL,REMOVE,9082,BUY_LIMIT,S,5,EXT,1.11917,0.00000
29,-1,1791435990917,DEAL,FILL,9083,SELL_LIMIT,S,6,ENT,1.12096,0.00000
29,-1,1791440080479,DEAL,FILL,9085,BUY_LIMIT,S,6,EXT,1.11986,0.00000
29,-1,1791440083928,CB_DONE,PLACE,9087,BUY_LIMIT,S,5,EXT,1.11917,0.00000
29,-1,1791440084465,ENGINE,REMOVE,9086,SELL_LIMIT,S,7,ENT,1.12166,0.00000
29,-1,1791440086852,ENGINE,PLACE,9088,SELL_LIMIT,S,6,ENT,1.12096,0.00000
29,-1,1791449489550,DEAL,PLACE,9089,SELL_LIMIT,L,8,EXT,1.12074,0.00000
29,-1,1791449490087,DEAL,PLACE,9090,BUY_LIMIT,L,9,ENT,1.11894,0.00000
29,-1,1791449490624,DEAL,FILL,9081,BUY_LIMIT,L,8,ENT,1.11968,0.00000
29,-1,1791449490624,DEAL,REMOVE,9084,SELL_LIMIT,L,1,EXT,1.12164,0.00000
29,-1,1791450146455,DEAL,FILL,9087,BUY_LIMIT,S,5,EXT,1.11917,0.00000
29,-1,1791450147092,CB_DONE,PLACE,9091,BUY_LIMIT,S,4,EXT,1.11847,0.00000
29,-1,1791450147629,ENGINE,REMOVE,9088,SELL_LIMIT,S,6,ENT,1.12096,0.00000
29,-1,1791450150609,ENGINE,PLACE,9092,SELL_LIMIT,S,5,ENT,1.12026,0.00000
29,-1,1791451442947,DEAL,PLACE,9093,BUY_LIMIT,S,5,EXT,1.11919,0.00000
29,-1,1791451443484,DEAL,PLACE,9094,SELL_LIMIT,S,6,ENT,1.12099,0.00000
29,-1,1791451444021,DEAL,REMOVE,9091,BUY_LIMIT,S,4,EXT,1.11847,0.00000
29,-1,1791451444064,DEAL,FILL,9092,SELL_LIMIT,S,5,ENT,1.12026,0.00000
29,-1,1791453585670,DEAL,FILL,9093,BUY_LIMIT,S,5,EXT,1.11919,0.00000
29,-1,1791453586507,CB_DONE,PLACE,9095,BUY_LIMIT,S,4,EXT,1.11847,0.00000
29,-1,1791453587821,ENGINE,REMOVE,9094,SELL_LIMIT,S,6,ENT,1.12099,0.00000
29,-1,1791453590490,ENGINE,PLACE,9096,SELL_LIMIT,S,5,ENT,1.12026,0.00000
29,-1,1791453623061,DEAL,PLACE,9097,SELL_LIMIT,L,9,EXT,1.12001,0.00000
29,-1,1791453623598,DEAL,PLACE,9098,BUY_LIMIT,L,10,ENT,1.11821,0.00000
29,-1,1791453624135,DEAL,REMOVE,9089,SELL_LIMIT,L,8,EXT,1.12074,0.00000
29,-1,1791453624178,DEAL,FILL,9090,BUY_LIMIT,L,9,ENT,1.11894,0.00000
29,-1,1791453723568,DEAL,FILL,9095,BUY_LIMIT,S,4,EXT,1.11847,0.00000
29,-1,1791453728816,CB_DONE,PLACE,9099,BUY_LIMIT,S,3,EXT,1.11775,0.00000
29,-1,1791453729353,ENGINE,REMOVE,9096,SELL_LIMIT,S,5,ENT,1.12026,0.00000
29,-1,1791453730534,ENGINE,PLACE,9100,SELL_LIMIT,S,4,ENT,1.11954,0.00000
29,-1,1791454005195,DEAL,PLACE,9101,SELL_LIMIT,L,10,EXT,1.11932,0.00000
29,-1,1791454005732,DEAL,PLACE,9102,BUY_LIMIT,L,11,ENT,1.11752,0.00000
29,-1,1791454006269,DEAL,REMOVE,9097,SELL_LIMIT,L,9,EXT,1.12001,0.00000
29,-1,1791454006312,DEAL,FILL,9098,BUY_LIMIT,L,10,ENT,1.11821,0.00000
29,-1,1791454435072,DEAL,FILL,9101,SELL_LIMIT,L,10,EXT,1.11932,0.00000
29,-1,1791454435501,CB_DONE,PLACE,9103,SELL_LIMIT,L,9,EXT,1.12001,0.00000
29,-1,1791454436038,ENGINE,REMOVE,9102,BUY_LIMIT,L,11,ENT,1.11752,0.00000
29,-1,1791454436206,ENGINE,PLACE,9104,BUY_LIMIT,L,10,ENT,1.11821,0.00000
29,-1,1791454616387,DEAL,PLACE,9105,BUY_LIMIT,S,4,EXT,1.11844,0.00000
29,-1,1791454616924,DEAL,PLACE,9106,SELL_LIMIT,S,5,ENT,1.12024,0.00000
29,-1,1791454617461,DEAL,REMOVE,9099,BUY_LIMIT,S,3,EXT,1.11775,0.00000
29,-1,1791454617504,DEAL,FILL,9100,SELL_LIMIT,S,4,ENT,1.11954,0.00000
29,-1,1791458314704,DEAL,FILL,9103,SELL_LIMIT,L,9,EXT,1.12001,0.00000
29,-1,1791458316959,CB_DONE,PLACE,9107,SELL_LIMIT,L,8,EXT,1.12074,0.00000
29,-1,1791458318674,ENGINE,REMOVE,9104,BUY_LIMIT,L,10,ENT,1.11821,0.00000
29,-1,1791458318865,ENGINE,PLACE,9108,BUY_LIMIT,L,9,ENT,1.11894,0.00000
29,-1,1791459263658,DEAL,PLACE,9109,SELL_LIMIT,L,9,EXT,1.12002,0.00000
29,-1,1791459264195,DEAL,PLACE,9110,BUY_LIMIT,L,10,ENT,1.11822,0.00000
29,-1,1791459264732,DEAL,REMOVE,9107,SELL_LIMIT,L,8,EXT,1.12074,0.00000
29,-1,1791459264775,DEAL,FILL,9108,BUY_LIMIT,L,9,ENT,1.11894,0.00000
29,-1,1791461513107,DEAL,FILL,9105,BUY_LIMIT,S,4,EXT,1.11844,0.00000
29,-1,1791461513536,CB_DONE,PLACE,9111,BUY_LIMIT,S,3,EXT,1.11775,0.00000
29,-1,1791461514073,ENGINE,REMOVE,9106,SELL_LIMIT,S,5,ENT,1.12024,0.00000
29,-1,1791461516675,ENGINE,PLACE,9112,SELL_LIMIT,S,4,ENT,1.11954,0.00000
29,-1,1791461582468,DEAL,PLACE,9113,SELL_LIMIT,L,10,EXT,1.11932,0.00000
29,-1,1791461583005,DEAL,PLACE,9114,BUY_LIMIT,L,11,ENT,1.11752,0.00000
29,-1,1791461583542,DEAL,REMOVE,9109,SELL_LIMIT,L,9,EXT,1.12002,0.00000
29,-1,1791461583585,DEAL,FILL,9110,BUY_LIMIT,L,10,ENT,1.11822,0.00000
29,-1,1791466444079,DEAL,FILL,9111,BUY_LIMIT,S,3,EXT,1.11775,0.00000
29,-1,1791466445123,CB_DONE,PLACE,9115,BUY_LIMIT,S,2,EXT,1.11705,0.00000
29,-1,1791466445660,ENGINE,REMOVE,9112,SELL_LIMIT,S,4,ENT,1.11954,0.00000
29,-1,1791466448231,ENGINE,PLACE,9116,SELL_LIMIT,S,3,ENT,1.11884,0.00000
29,-1,1791468417513,DEAL,PLACE,9117,SELL_LIMIT,L,11,EXT,1.11861,0.00000
29,-1,1791468418050,DEAL,PLACE,9118,BUY_LIMIT,L,12,ENT,1.11681,0.00000
29,-1,1791468418587,DEAL,REMOVE,9113,SELL_LIMIT,L,10,EXT,1.11932,0.00000
29,-1,1791468418630,DEAL,FILL,9114,BUY_LIMIT,L,11,ENT,1.11752,0.00000
29,-1,1791471999972,DEAL,FILL,9117,SELL_LIMIT,L,11,EXT,1.11861,0.00000
29,-1,1791472000403,CB_DONE,PLACE,9119,SELL_LIMIT,L,10,EXT,1.11932,0.00000
29,-1,1791472000940,ENGINE,REMOVE,9118,BUY_LIMIT,L,12,ENT,1.11681,0.00000
29,-1,1791472001119,ENGINE,PLACE,9120,BUY_LIMIT,L,11,ENT,1.11752,0.00000
29,-1,1791472623068,DEAL,PLACE,9121,BUY_LIMIT,S,3,EXT,1.11778,0.00000
29,-1,1791472623605,DEAL,PLACE,9122,SELL_LIMIT,S,4,ENT,1.11958,0.00000
29,-1,1791472624142,DEAL,REMOVE,9115,BUY_LIMIT,S,2,EXT,1.11705,0.00000
29,-1,1791472624185,DEAL,FILL,9116,SELL_LIMIT,S,3,ENT,1.11884,0.00000
29,-1,1791473106242,DEAL,FILL,9119,SELL_LIMIT,L,10,EXT,1.11932,0.00000
29,-1,1791473106674,CB_DONE,PLACE,9123,SELL_LIMIT,L,9,EXT,1.12002,0.00000
29,-1,1791473108594,ENGINE,REMOVE,9120,BUY_LIMIT,L,11,ENT,1.11752,0.00000
29,-1,1791473108808,ENGINE,PLACE,9124,BUY_LIMIT,L,10,ENT,1.11822,0.00000
29,-1,1791473166192,DEAL,PLACE,9125,BUY_LIMIT,S,4,EXT,1.11848,0.00000
29,-1,1791473166729,DEAL,PLACE,9126,SELL_LIMIT,S,5,ENT,1.12028,0.00000
29,-1,1791473167266,DEAL,REMOVE,9121,BUY_LIMIT,S,3,EXT,1.11778,0.00000
29,-1,1791473167309,DEAL,FILL,9122,SELL_LIMIT,S,4,ENT,1.11958,0.00000
29,-1,1791474337557,DEAL,FILL,9125,BUY_LIMIT,S,4,EXT,1.11848,0.00000
29,-1,1791474337995,CB_DONE,PLACE,9127,BUY_LIMIT,S,3,EXT,1.11778,0.00000
29,-1,1791474338532,ENGINE,REMOVE,9126,SELL_LIMIT,S,5,ENT,1.12028,0.00000
29,-1,1791474338694,ENGINE,PLACE,9128,SELL_LIMIT,S,4,ENT,1.11958,0.00000
29,-1,1791474981338,DEAL,PLACE,9129,SELL_LIMIT,L,10,EXT,1.11932,0.00000
29,-1,1791474981875,DEAL,PLACE,9130,BUY_LIMIT,L,11,ENT,1.11752,0.00000
29,-1,1791474982412,DEAL,REMOVE,9123,SELL_LIMIT,L,9,EXT,1.12002,0.00000
29,-1,1791474982455,DEAL,FILL,9124,BUY_LIMIT,L,10,ENT,1.11822,0.00000
29,-1,1791475690737,DEAL,FILL,9129,SELL_LIMIT,L,10,EXT,1.11932,0.00000
29,-1,1791475691163,CB_DONE,PLACE,9131,SELL_LIMIT,L,9,EXT,1.12002,0.00000
29,-1,1791475691700,ENGINE,REMOVE,9130,BUY_LIMIT,L,11,ENT,1.11752,0.00000
29,-1,1791475692078,ENGINE,PLACE,9132,BUY_LIMIT,L,10,ENT,1.11822,0.00000
29,-1,1791477123435,DEAL,PLACE,9133,BUY_LIMIT,S,4,EXT,1.11848,0.00000
29,-1,1791477123972,DEAL,PLACE,9134,SELL_LIMIT,S,5,ENT,1.12028,0.00000
29,-1,1791477124509,DEAL,REMOVE,9127,BUY_LIMIT,S,3,EXT,1.11778,0.00000
29,-1,1791477124552,DEAL,FILL,9128,SELL_LIMIT,S,4,ENT,1.11958,0.00000
29,-1,1791478285577,DEAL,FILL,9131,SELL_LIMIT,L,9,EXT,1.12002,0.00000
29,-1,1791478286219,CB_DONE,PLACE,9135,SELL_LIMIT,L,8,EXT,1.12074,0.00000
29,-1,1791478286756,ENGINE,REMOVE,9132,BUY_LIMIT,L,10,ENT,1.11822,0.00000
29,-1,1791478286929,ENGINE,PLACE,9136,BUY_LIMIT,L,9,ENT,1.11894,0.00000
29,-1,1791479899274,DEAL,PLACE,9137,BUY_LIMIT,S,5,EXT,1.11918,0.00000
29,-1,1791479899811,DEAL,PLACE,9138,SELL_LIMIT,S,6,ENT,1.12098,0.00000
29,-1,1791479900348,DEAL,REMOVE,9133,BUY_LIMIT,S,4,EXT,1.11848,0.00000
29,-1,1791479900391,DEAL,FILL,9134,SELL_LIMIT,S,5,ENT,1.12028,0.00000
29,-1,1791480267983,DEAL,FILL,9135,SELL_LIMIT,L,8,EXT,1.12074,0.00000
29,-1,1791480268414,CB_DONE,PLACE,9139,SELL_LIMIT,L,1,EXT,1.12164,0.00000
29,-1,1791480269531,ENGINE,REMOVE,9136,BUY_LIMIT,L,9,ENT,1.11894,0.00000
29,-1,1791480269736,ENGINE,PLACE,9140,BUY_LIMIT,L,8,ENT,1.11968,0.00000
29,-1,1791480318655,DEAL,PLACE,9141,BUY_LIMIT,S,6,EXT,1.11992,0.00000
29,-1,1791480319192,DEAL,PLACE,9142,SELL_LIMIT,S,7,ENT,1.12172,0.00000
29,-1,1791480319729,DEAL,REMOVE,9137,BUY_LIMIT,S,5,EXT,1.11918,0.00000
29,-1,1791480319772,DEAL,FILL,9138,SELL_LIMIT,S,6,ENT,1.12098,0.00000
29,-1,1791480542254,DEAL,FILL,9139,SELL_LIMIT,L,1,EXT,1.12164,0.00000
29,-1,1791480543504,CB_DONE,PLACE,9143,SELL_LIMIT,L,0,EXT,1.12234,0.00000
29,-1,1791480544041,ENGINE,MODIFY,9140,BUY_LIMIT,L,8,ENT,1.12038,1.11968
29,-1,1791480634055,DEAL,PLACE,9144,BUY_LIMIT,S,7,EXT,1.12060,0.00000
29,-1,1791480634592,DEAL,REMOVE,9141,BUY_LIMIT,S,6,EXT,1.11992,0.00000
29,-1,1791480634635,DEAL,FILL,9142,SELL_LIMIT,S,7,ENT,1.12172,0.00000
29,-1,1791480867678,DEAL,FILL,9143,SELL_LIMIT,L,0,EXT,1.12234,0.00000
29,-1,1791480869221,ENGINE,MODIFY,9140,BUY_LIMIT,L,8,ENT,1.12108,1.12038
29,-1,1791481993111,DEAL,PLACE,9145,SELL_LIMIT,L,8,EXT,1.12218,0.00000
29,-1,1791481993648,DEAL,PLACE,9146,BUY_LIMIT,L,9,ENT,1.12038,0.00000
29,-1,1791481994185,DEAL,FILL,9140,BUY_LIMIT,L,8,ENT,1.12108,0.00000
29,-1,1791482565564,DEAL,FILL,9144,BUY_LIMIT,S,7,EXT,1.12060,0.00000
29,-1,1791482566203,CB_DONE,PLACE,9147,BUY_LIMIT,S,6,EXT,1.11992,0.00000
29,-1,1791482566740,ENGINE,PLACE,9148,SELL_LIMIT,S,7,ENT,1.12172,0.00000
29,-1,1791483302391,DEAL,PLACE,9149,SELL_LIMIT,L,9,EXT,1.12145,0.00000
29,-1,1791483302928,DEAL,PLACE,9150,BUY_LIMIT,L,10,ENT,1.11965,0.00000
29,-1,1791483303465,DEAL,REMOVE,9145,SELL_LIMIT,L,8,EXT,1.12218,0.00000
29,-1,1791483303508,DEAL,FILL,9146,BUY_LIMIT,L,9,ENT,1.12038,0.00000
29,-1,1791483548359,DEAL,FILL,9147,BUY_LIMIT,S,6,EXT,1.11992,0.00000
29,-1,1791483548795,CB_DONE,PLACE,9151,BUY_LIMIT,S,5,EXT,1.11918,0.00000
29,-1,1791483549332,ENGINE,REMOVE,9148,SELL_LIMIT,S,7,ENT,1.12172,0.00000
29,-1,1791483549508,ENGINE,PLACE,9152,SELL_LIMIT,S,6,ENT,1.12098,0.00000
29,-1,1791484665526,DEAL,PLACE,9153,SELL_LIMIT,L,10,EXT,1.12075,0.00000
29,-1,1791484666063,DEAL,PLACE,9154,BUY_LIMIT,L,11,ENT,1.11895,0.00000
29,-1,1791484666600,DEAL,REMOVE,9149,SELL_LIMIT,L,9,EXT,1.12145,0.00000
29,-1,1791484666643,DEAL,FILL,9150,BUY_LIMIT,L,10,ENT,1.11965,0.00000
29,-1,1791485328705,DEAL,FILL,9151,BUY_LIMIT,S,5,EXT,1.11918,0.00000
29,-1,1791485329139,CB_DONE,PLACE,9155,BUY_LIMIT,S,4,EXT,1.11848,0.00000
29,-1,1791485329676,ENGINE,REMOVE,9152,SELL_LIMIT,S,6,ENT,1.12098,0.00000
29,-1,1791485329847,ENGINE,PLACE,9156,SELL_LIMIT,S,5,ENT,1.12028,0.00000
29,-1,1791485643821,DEAL,PLACE,9157,SELL_LIMIT,L,11,EXT,1.12007,0.00000
29,-1,1791485644358,DEAL,PLACE,9158,BUY_LIMIT,L,12,ENT,1.11827,0.00000
29,-1,1791485644895,DEAL,REMOVE,9153,SELL_LIMIT,L,10,EXT,1.12075,0.00000
29,-1,1791485644938,DEAL,FILL,9154,BUY_LIMIT,L,11,ENT,1.11895,0.00000
29,-1,1791486523322,DEAL,FILL,9155,BUY_LIMIT,S,4,EXT,1.11848,0.00000
29,-1,1791486523760,CB_DONE,PLACE,9159,BUY_LIMIT,S,3,EXT,1.11778,0.00000
29,-1,1791486524297,ENGINE,REMOVE,9156,SELL_LIMIT,S,5,ENT,1.12028,0.00000
29,-1,1791486525076,ENGINE,PLACE,9160,SELL_LIMIT,S,4,ENT,1.11958,0.00000
29,-1,1791487037237,DEAL,PLACE,9161,BUY_LIMIT,S,4,EXT,1.11859,0.00000
29,-1,1791487037774,DEAL,PLACE,9162,SELL_LIMIT,S,5,ENT,1.12039,0.00000
29,-1,1791487038311,DEAL,REMOVE,9159,BUY_LIMIT,S,3,EXT,1.11778,0.00000
29,-1,1791487038354,DEAL,FILL,9160,SELL_LIMIT,S,4,ENT,1.11958,0.00000
29,-1,1791487051910,DEAL,FILL,9157,SELL_LIMIT,L,11,EXT,1.12007,0.00000
29,-1,1791487052345,CB_DONE,PLACE,9163,SELL_LIMIT,L,10,EXT,1.12075,0.00000
29,-1,1791487052882,ENGINE,REMOVE,9158,BUY_LIMIT,L,12,ENT,1.11827,0.00000
29,-1,1791487053055,ENGINE,PLACE,9164,BUY_LIMIT,L,11,ENT,1.11895,0.00000
29,-1,1791487821912,DEAL,PLACE,9165,SELL_LIMIT,L,11,EXT,1.12005,0.00000
29,-1,1791487822449,DEAL,PLACE,9166,BUY_LIMIT,L,12,ENT,1.11825,0.00000
29,-1,1791487822986,DEAL,REMOVE,9163,SELL_LIMIT,L,10,EXT,1.12075,0.00000
29,-1,1791487823029,DEAL,FILL,9164,BUY_LIMIT,L,11,ENT,1.11895,0.00000
29,-1,1791488231474,DEAL,FILL,9161,BUY_LIMIT,S,4,EXT,1.11859,0.00000
29,-1,1791488231910,CB_DONE,PLACE,9167,BUY_LIMIT,S,3,EXT,1.11778,0.00000
29,-1,1791488232626,ENGINE,REMOVE,9162,SELL_LIMIT,S,5,ENT,1.12039,0.00000
29,-1,1791488233033,ENGINE,PLACE,9168,SELL_LIMIT,S,4,ENT,1.11958,0.00000
29,-1,1791489003866,DEAL,PLACE,9169,BUY_LIMIT,S,4,EXT,1.11849,0.00000
29,-1,1791489004403,DEAL,PLACE,9170,SELL_LIMIT,S,5,ENT,1.12029,0.00000
29,-1,1791489004940,DEAL,REMOVE,9167,BUY_LIMIT,S,3,EXT,1.11778,0.00000
29,-1,1791489004983,DEAL,FILL,9168,SELL_LIMIT,S,4,ENT,1.11958,0.00000
29,-1,1791489728519,DEAL,FILL,9165,SELL_LIMIT,L,11,EXT,1.12005,0.00000
29,-1,1791489728957,CB_DONE,PLACE,9171,SELL_LIMIT,L,10,EXT,1.12075,0.00000
29,-1,1791489729494,ENGINE,REMOVE,9166,BUY_LIMIT,L,12,ENT,1.11825,0.00000
29,-1,1791489729664,ENGINE,PLACE,9172,BUY_LIMIT,L,11,ENT,1.11895,0.00000
29,-1,1791490083849,DEAL,PLACE,9173,BUY_LIMIT,S,5,EXT,1.11921,0.00000
29,-1,1791490084386,DEAL,PLACE,9174,SELL_LIMIT,S,6,ENT,1.12101,0.00000
29,-1,1791490084923,DEAL,REMOVE,9169,BUY_LIMIT,S,4,EXT,1.11849,0.00000
29,-1,1791490084966,DEAL,FILL,9170,SELL_LIMIT,S,5,ENT,1.12029,0.00000
29,-1,1791490415551,DEAL,FILL,9171,SELL_LIMIT,L,10,EXT,1.12075,0.00000
29,-1,1791490416799,CB_DONE,PLACE,9175,SELL_LIMIT,L,9,EXT,1.12145,0.00000
29,-1,1791490417902,ENGINE,REMOVE,9172,BUY_LIMIT,L,11,ENT,1.11895,0.00000
29,-1,1791490418110,ENGINE,PLACE,9176,BUY_LIMIT,L,10,ENT,1.11965,0.00000
29,-1,1791490562471,DEAL,PLACE,9177,BUY_LIMIT,S,6,EXT,1.11997,0.00000
29,-1,1791490563008,DEAL,PLACE,9178,SELL_LIMIT,S,7,ENT,1.12177,0.00000
29,-1,1791490563545,DEAL,REMOVE,9173,BUY_LIMIT,S,5,EXT,1.11921,0.00000
29,-1,1791490563588,DEAL,FILL,9174,SELL_LIMIT,S,6,ENT,1.12101,0.00000
29,-1,1791490674590,DEAL,FILL,9175,SELL_LIMIT,L,9,EXT,1.12145,0.00000
29,-1,1791490675223,CB_DONE,PLACE,9179,SELL_LIMIT,L,8,EXT,1.12218,0.00000
29,-1,1791490675760,ENGINE,REMOVE,9176,BUY_LIMIT,L,10,ENT,1.11965,0.00000
29,-1,1791490676536,ENGINE,PLACE,9180,BUY_LIMIT,L,9,ENT,1.12038,0.00000
29,-1,1791490695480,DEAL,PLACE,9181,BUY_LIMIT,S,7,EXT,1.12067,0.00000
29,-1,1791490696017,DEAL,REMOVE,9177,BUY_LIMIT,S,6,EXT,1.11997,0.00000
29,-1,1791490696060,DEAL,FILL,9178,SELL_LIMIT,S,7,ENT,1.12177,0.00000
29,-1,1791493624622,DEAL,FILL,9181,BUY_LIMIT,S,7,EXT,1.12067,0.00000
29,-1,1791493625271,CB_DONE,PLACE,9182,BUY_LIMIT,S,6,EXT,1.11997,0.00000
29,-1,1791493625808,ENGINE,PLACE,9183,SELL_LIMIT,S,7,ENT,1.12177,0.00000
29,-1,1791493781809,DEAL,PLACE,9184,SELL_LIMIT,L,9,EXT,1.12147,0.00000
29,-1,1791493782346,DEAL,PLACE,9185,BUY_LIMIT,L,10,ENT,1.11967,0.00000
29,-1,1791493782883,DEAL,REMOVE,9179,SELL_LIMIT,L,8,EXT,1.12218,0.00000
29,-1,1791493782926,DEAL,FILL,9180,BUY_LIMIT,L,9,ENT,1.12038,0.00000
29,-1,1791500561191,DEAL,FILL,9184,SELL_LIMIT,L,9,EXT,1.12147,0.00000
29,-1,1791500562640,CB_DONE,PLACE,9186,SELL_LIMIT,L,8,EXT,1.12218,0.00000
29,-1,1791500565764,ENGINE,REMOVE,9185,BUY_LIMIT,L,10,ENT,1.11967,0.00000
29,-1,1791500567558,ENGINE,PLACE,9187,BUY_LIMIT,L,9,ENT,1.12038,0.00000
29,-1,1791503436000,TIMER,MODIFY,9044,SELL_LIMIT,L,7,EXT,1.12320,1.12296
29,-1,1791503436538,TIMER,MODIFY,9186,SELL_LIMIT,L,8,EXT,1.12226,1.12218
29,-1,1791503496000,TIMER,MODIFY,9045,BUY_LIMIT,S,0,EXT,1.11571,1.11567
29,-1,1791503676000,TIMER,MODIFY,9182,BUY_LIMIT,S,6,EXT,1.11998,1.11997
29,-1,1791504584797,ENGINE,MODIFY,9183,SELL_LIMIT,S,7,ENT,1.12199,1.12177
29,-1,1791504585335,ENGINE,MODIFY,9187,BUY_LIMIT,L,9,ENT,1.11998,1.12038
29,-1,1791504600023,ENGINE,MODIFY,9183,SELL_LIMIT,S,7,ENT,1.12177,1.12199
29,-1,1791504600561,ENGINE,MODIFY,9187,BUY_LIMIT,L,9,ENT,1.12038,1.11998
29,-1,1791504900466,ENGINE,MODIFY,9187,BUY_LIMIT,L,9,ENT,1.11998,1.12038
29,-1,1791504901269,ENGINE,MODIFY,9187,BUY_LIMIT,L,9,ENT,1.12038,1.11998
