seg_id,sync_idx,time_ms,kind,code,json
10,2,1790841684319,ea_event,,{"type":"fill_log","seq":0,"ea_time_ms":96490953,"magic":22260201,"deal_ticket":800000001,"order_ticket":1977728168,"position_id":900000001,"entry_type":"IN","deal_type":"BUY","side":"L","layer_index":7,"role":"ENT","deal_price":1.13174,"order_price_open":null,"slippage_pips":null,"volume":0.00,"profit":0.00,"swap":0.00,"commission":0.00,"deal_time_broker":"2026-10-01 08:01:24","deal_time_broker_msc":1790841684000,"halted_at_receipt":false,"quarantined_at_receipt":false}
10,3,1790847652134,ea_event,ROLL_ACCEPTED,{"type":"ea_event","seq":1,"ea_time_ms":96491015,"magic":null,"level":"INFO","code":"ROLL_ACCEPTED","reason":null,"ticket":1975880673,"detail":{"ticket":1975880673,"side":"L","layer_index":0,"entry":1.13670,"level":1.13104,"target":1.13212,"accrued":0.00008,"clamped":false,"cost":0.00466,"cost_pips":46.6,"rolled":1,"was_ejected":false,"source":"auto","reroll":false,"from_level":0.00000}}
11,0,1790850226385,ea_event,ROLL_ACCEPTED,{"type":"ea_event","seq":0,"ea_time_ms":96491093,"magic":null,"level":"INFO","code":"ROLL_ACCEPTED","reason":null,"ticket":1975959171,"detail":{"ticket":1975959171,"side":"L","layer_index":1,"entry":1.13600,"level":1.13044,"target":1.13152,"accrued":0.00008,"clamped":false,"cost":0.00456,"cost_pips":45.6,"rolled":2,"was_ejected":false,"source":"auto","reroll":false,"from_level":0.00000}}
11,1,1790850771470,ea_event,STRAY_L0_CANCEL,{"type":"ea_event","seq":1,"ea_time_ms":96491109,"magic":null,"level":"WARN","code":"STRAY_L0_CANCEL","reason":null,"ticket":1978014571,"detail":{"side":"S","depth":1}}
11,2,1790852585540,ea_event,ROLL_ACCEPTED,{"type":"ea_event","seq":2,"ea_time_ms":96491187,"magic":null,"level":"INFO","code":"ROLL_ACCEPTED","reason":null,"ticket":1976074198,"detail":{"ticket":1976074198,"side":"L","layer_index":2,"entry":1.13530,"level":1.12984,"target":1.13092,"accrued":0.00008,"clamped":false,"cost":0.00446,"cost_pips":44.6,"rolled":3,"was_ejected":false,"source":"auto","reroll":false,"from_level":0.00000}}
11,2,1790853131673,ea_event,,{"type":"fill_log","seq":3,"ea_time_ms":96491203,"magic":22260201,"deal_ticket":800000001,"order_ticket":9001,"position_id":900000001,"entry_type":"IN","deal_type":"SELL","side":"S","layer_index":0,"role":"EXT","deal_price":1.12963,"order_price_open":null,"slippage_pips":null,"volume":0.00,"profit":0.00,"swap":0.00,"commission":0.00,"deal_time_broker":"2026-10-01 11:12:11","deal_time_broker_msc":1790853131000,"halted_at_receipt":false,"quarantined_at_receipt":false}
11,6,1790853145897,ea_event,ROLL_ACCEPTED,{"type":"ea_event","seq":4,"ea_time_ms":96491203,"magic":null,"level":"INFO","code":"ROLL_ACCEPTED","reason":null,"ticket":1976558640,"detail":{"ticket":1976558640,"side":"L","layer_index":3,"entry":1.13460,"level":1.12924,"target":1.13032,"accrued":0.00008,"clamped":false,"cost":0.00436,"cost_pips":43.6,"rolled":4,"was_ejected":false,"source":"auto","reroll":false,"from_level":0.00000}}
11,7,1790853977915,ea_event,STRAY_L0_CANCEL,{"type":"ea_event","seq":5,"ea_time_ms":96491234,"magic":null,"level":"WARN","code":"STRAY_L0_CANCEL","reason":null,"ticket":9004,"detail":{"side":"S","depth":1}}
11,10,1790854742124,ea_event,,{"type":"fill_log","seq":6,"ea_time_ms":96491250,"magic":22260201,"deal_ticket":800000002,"order_ticket":9006,"position_id":900000002,"entry_type":"IN","deal_type":"SELL","side":"S","layer_index":0,"role":"EXT","deal_price":1.12922,"order_price_open":null,"slippage_pips":null,"volume":0.00,"profit":0.00,"swap":0.00,"commission":0.00,"deal_time_broker":"2026-10-01 11:39:02","deal_time_broker_msc":1790854742000,"halted_at_receipt":false,"quarantined_at_receipt":false}
11,10,1790854742124,ea_event,,{"type":"fill_log","seq":7,"ea_time_ms":96491250,"magic":22260201,"deal_ticket":800000003,"order_ticket":9009,"position_id":900000003,"entry_type":"IN","deal_type":"BUY","side":"L","layer_index":8,"role":"ENT","deal_price":1.12922,"order_price_open":null,"slippage_pips":null,"volume":0.00,"profit":0.00,"swap":0.00,"commission":0.00,"deal_time_broker":"2026-10-01 11:39:02","deal_time_broker_msc":1790854742000,"halted_at_receipt":false,"quarantined_at_receipt":false}
11,15,1790857054765,ea_event,STRAY_L0_CANCEL,{"type":"ea_event","seq":8,"ea_time_ms":96491328,"magic":null,"level":"WARN","code":"STRAY_L0_CANCEL","reason":null,"ticket":9012,"detail":{"side":"S","depth":1}}
11,19,1790859011261,ea_event,ROLL_ACCEPTED,{"type":"ea_event","seq":9,"ea_time_ms":96491375,"magic":null,"level":"INFO","code":"ROLL_ACCEPTED","reason":null,"ticket":1976761826,"detail":{"ticket":1976761826,"side":"L","layer_index":4,"entry":1.13389,"level":1.12862,"target":1.12970,"accrued":0.00008,"clamped":false,"cost":0.00427,"cost_pips":42.7,"rolled":4,"was_ejected":false,"source":"auto","reroll":false,"from_level":0.00000}}
11,20,1790859311636,ea_event,ROLL_ACCEPTED,{"type":"ea_event","seq":10,"ea_time_ms":96491375,"magic":null,"level":"INFO","code":"ROLL_ACCEPTED","reason":null,"ticket":1976795819,"detail":{"ticket":1976795819,"side":"L","layer_index":5,"entry":1.13319,"level":1.12802,"target":1.12910,"accrued":0.00008,"clamped":false,"cost":0.00417,"cost_pips":41.7,"rolled":5,"was_ejected":false,"source":"auto","reroll":false,"from_level":0.00000}}
11,21,1790859565921,ea_event,ROLL_ACCEPTED,{"type":"ea_event","seq":11,"ea_time_ms":96491390,"magic":null,"level":"INFO","code":"ROLL_ACCEPTED","reason":null,"ticket":1977659141,"detail":{"ticket":1977659141,"side":"L","layer_index":6,"entry":1.13249,"level":1.12742,"target":1.12842,"accrued":0.00000,"clamped":false,"cost":0.00407,"cost_pips":40.7,"rolled":6,"was_ejected":false,"source":"auto","reroll":false,"from_level":0.00000}}
11,22,1790859610146,ea_event,ROLL_ACCEPTED,{"type":"ea_event","seq":12,"ea_time_ms":96491390,"magic":null,"level":"INFO","code":"ROLL_ACCEPTED","reason":null,"ticket":1977728168,"detail":{"ticket":1977728168,"side":"L","layer_index":7,"entry":1.13174,"level":1.12682,"target":1.12782,"accrued":0.00000,"clamped":false,"cost":0.00392,"cost_pips":39.2,"rolled":7,"was_ejected":false,"source":"auto","reroll":false,"from_level":0.00000}}
11,23,1790860094597,ea_event,STRAY_L0_CANCEL,{"type":"ea_event","seq":13,"ea_time_ms":96491406,"magic":null,"level":"WARN","code":"STRAY_L0_CANCEL","reason":null,"ticket":9015,"detail":{"side":"S","depth":1}}
11,27,1790861069230,ea_event,,{"type":"fill_log","seq":14,"ea_time_ms":96491453,"magic":22260201,"deal_ticket":800000004,"order_ticket":9022,"position_id":900000004,"entry_type":"IN","deal_type":"BUY","side":"L","layer_index":6,"role":"EXT","deal_price":1.12843,"order_price_open":null,"slippage_pips":null,"volume":0.00,"profit":0.00,"swap":0.00,"commission":0.00,"deal_time_broker":"2026-10-01 13:24:29","deal_time_broker_msc":1790861069000,"halted_at_receipt":false,"quarantined_at_receipt":false}
11,30,1790861235773,ea_event,,{"type":"fill_log","seq":15,"ea_time_ms":96491453,"magic":22260201,"deal_ticket":800000005,"order_ticket":9025,"position_id":900000005,"entry_type":"IN","deal_type":"SELL","side":"S","layer_index":2,"role":"ENT","deal_price":1.12870,"order_price_open":null,"slippage_pips":null,"volume":0.00,"profit":0.00,"swap":0.00,"commission":0.00,"deal_time_broker":"2026-10-01 13:27:15","deal_time_broker_msc":1790861235000,"halted_at_receipt":false,"quarantined_at_receipt":false}
11,31,1790861462347,ea_event,,{"type":"fill_log","seq":16,"ea_time_ms":96491468,"magic":22260201,"deal_ticket":800000006,"order_ticket":9026,"position_id":900000006,"entry_type":"IN","deal_type":"BUY","side":"L","layer_index":5,"role":"EXT","deal_price":1.12912,"order_price_open":null,"slippage_pips":null,"volume":0.00,"profit":0.00,"swap":0.00,"commission":0.00,"deal_time_broker":"2026-10-01 13:31:02","deal_time_broker_msc":1790861462000,"halted_at_receipt":false,"quarantined_at_receipt":false}
11,39,1790864643340,ea_event,,{"type":"fill_log","seq":17,"ea_time_ms":96491593,"magic":22260201,"deal_ticket":800000007,"order_ticket":9031,"position_id":900000007,"entry_type":"IN","deal_type":"SELL","side":"S","layer_index":3,"role":"EXT","deal_price":1.12828,"order_price_open":null,"slippage_pips":null,"volume":0.00,"profit":0.00,"swap":0.00,"commission":0.00,"deal_time_broker":"2026-10-01 14:24:03","deal_time_broker_msc":1790864643000,"halted_at_receipt":false,"quarantined_at_receipt":false}
11,42,1790865577653,ea_event,,{"type":"fill_log","seq":18,"ea_time_ms":96491625,"magic":22260201,"deal_ticket":800000008,"order_ticket":9037,"position_id":900000008,"entry_type":"IN","deal_type":"SELL","side":"S","layer_index":3,"role":"ENT","deal_price":1.12932,"order_price_open":null,"slippage_pips":null,"volume":0.00,"profit":0.00,"swap":0.00,"commission":0.00,"deal_time_broker":"2026-10-01 14:39:37","deal_time_broker_msc":1790865577000,"halted_at_receipt":false,"quarantined_at_receipt":false}
11,43,1790865760045,ea_event,,{"type":"fill_log","seq":19,"ea_time_ms":96491625,"magic":22260201,"deal_ticket":800000009,"order_ticket":9034,"position_id":900000009,"entry_type":"IN","deal_type":"BUY","side":"L","layer_index":9,"role":"EXT","deal_price":1.12963,"order_price_open":null,"slippage_pips":null,"volume":0.00,"profit":0.00,"swap":0.00,"commission":0.00,"deal_time_broker":"2026-10-01 14:42:40","deal_time_broker_msc":1790865760000,"halted_at_receipt":false,"quarantined_at_receipt":false}
11,50,1790866348658,ea_event,,{"type":"fill_log","seq":20,"ea_time_ms":96491656,"magic":22260201,"deal_ticket":800000010,"order_ticket":9044,"position_id":900000010,"entry_type":"IN","deal_type":"SELL","side":"S","layer_index":5,"role":"ENT","deal_price":1.13053,"order_price_open":null,"slippage_pips":null,"volume":0.00,"profit":0.00,"swap":0.00,"commission":0.00,"deal_time_broker":"2026-10-01 14:52:28","deal_time_broker_msc":1790866348000,"halted_at_receipt":false,"quarantined_at_receipt":false}
11,51,1790866503795,ea_event,,{"type":"fill_log","seq":21,"ea_time_ms":96491656,"magic":22260201,"deal_ticket":800000011,"order_ticket":9045,"position_id":900000011,"entry_type":"IN","deal_type":"BUY","side":"L","layer_index":2,"role":"EXT","deal_price":1.13094,"order_price_open":null,"slippage_pips":null,"volume":0.00,"profit":0.00,"swap":0.00,"commission":0.00,"deal_time_broker":"2026-10-01 14:55:03","deal_time_broker_msc":1790866503000,"halted_at_receipt":false,"quarantined_at_receipt":false}
11,54,1790866621491,ea_event,,{"type":"fill_log","seq":22,"ea_time_ms":96491656,"magic":22260201,"deal_ticket":800000012,"order_ticket":9048,"position_id":900000012,"entry_type":"IN","deal_type":"SELL","side":"S","layer_index":6,"role":"ENT","deal_price":1.13114,"order_price_open":null,"slippage_pips":null,"volume":0.00,"profit":0.00,"swap":0.00,"commission":0.00,"deal_time_broker":"2026-10-01 14:57:01","deal_time_broker_msc":1790866621000,"halted_at_receipt":false,"quarantined_at_receipt":false}
11,62,1790868364695,ea_event,,{"type":"fill_log","seq":23,"ea_time_ms":96491718,"magic":22260201,"deal_ticket":800000013,"order_ticket":9058,"position_id":900000013,"entry_type":"IN","deal_type":"BUY","side":"L","layer_index":3,"role":"ENT","deal_price":1.12922,"order_price_open":null,"slippage_pips":null,"volume":0.00,"profit":0.00,"swap":0.00,"commission":0.00,"deal_time_broker":"2026-10-01 15:26:04","deal_time_broker_msc":1790868364000,"halted_at_receipt":false,"quarantined_at_receipt":false}
11,70,1790873328696,ea_event,,{"type":"fill_log","seq":24,"ea_time_ms":96491890,"magic":22260201,"deal_ticket":800000014,"order_ticket":9069,"position_id":900000014,"entry_type":"IN","deal_type":"SELL","side":"S","layer_index":3,"role":"ENT","deal_price":1.12931,"order_price_open":null,"slippage_pips":null,"volume":0.00,"profit":0.00,"swap":0.00,"commission":0.00,"deal_time_broker":"2026-10-01 16:48:48","deal_time_broker_msc":1790873328000,"halted_at_receipt":false,"quarantined_at_receipt":false}
11,75,1790875847181,ea_event,,{"type":"fill_log","seq":25,"ea_time_ms":96492015,"magic":22260201,"deal_ticket":800000015,"order_ticket":9072,"position_id":900000015,"entry_type":"IN","deal_type":"SELL","side":"S","layer_index":3,"role":"EXT","deal_price":1.12831,"order_price_open":null,"slippage_pips":null,"volume":0.00,"profit":0.00,"swap":0.00,"commission":0.00,"deal_time_broker":"2026-10-01 17:30:47","deal_time_broker_msc":1790875847000,"halted_at_receipt":false,"quarantined_at_receipt":false}
11,86,1790876806100,ea_event,,{"type":"fill_log","seq":26,"ea_time_ms":96492078,"magic":22260201,"deal_ticket":800000016,"order_ticket":9084,"position_id":900000016,"entry_type":"IN","deal_type":"BUY","side":"L","layer_index":7,"role":"ENT","deal_price":1.12683,"order_price_open":null,"slippage_pips":null,"volume":0.00,"profit":0.00,"swap":0.00,"commission":0.00,"deal_time_broker":"2026-10-01 17:46:46","deal_time_broker_msc":1790876806000,"halted_at_receipt":false,"quarantined_at_receipt":false}
11,87,1790877042278,ea_event,,{"type":"fill_log","seq":27,"ea_time_ms":96492093,"magic":22260201,"deal_ticket":800000017,"order_ticket":9020,"position_id":900000017,"entry_type":"IN","deal_type":"SELL","side":"S","layer_index":0,"role":"EXT","deal_price":1.12648,"order_price_open":null,"slippage_pips":null,"volume":0.00,"profit":0.00,"swap":0.00,"commission":0.00,"deal_time_broker":"2026-10-01 17:50:42","deal_time_broker_msc":1790877042000,"halted_at_receipt":false,"quarantined_at_receipt":false}
11,91,1790877132806,ea_event,ROLL_ACCEPTED,{"type":"ea_event","seq":28,"ea_time_ms":96492093,"magic":null,"level":"INFO","code":"ROLL_ACCEPTED","reason":null,"ticket":1979255056,"detail":{"ticket":1979255056,"side":"L","layer_index":2,"entry":1.12984,"level":1.12623,"target":1.12723,"accrued":0.00000,"clamped":false,"cost":0.00261,"cost_pips":26.1,"rolled":3,"was_ejected":false,"source":"auto","reroll":false,"from_level":0.00000}}
11,92,1790877934543,ea_event,ROLL_ACCEPTED,{"type":"ea_event","seq":29,"ea_time_ms":96492140,"magic":null,"level":"INFO","code":"ROLL_ACCEPTED","reason":null,"ticket":1979299035,"detail":{"ticket":1979299035,"side":"L","layer_index":3,"entry":1.12922,"level":1.12563,"target":1.12663,"accrued":0.00000,"clamped":false,"cost":0.00259,"cost_pips":25.9,"rolled":4,"was_ejected":false,"source":"auto","reroll":false,"from_level":0.00000}}
11,93,1790879405342,ea_event,ROLL_ACCEPTED,{"type":"ea_event","seq":30,"ea_time_ms":96492203,"magic":null,"level":"INFO","code":"ROLL_ACCEPTED","reason":null,"ticket":1979634190,"detail":{"ticket":1979634190,"side":"L","layer_index":4,"entry":1.12863,"level":1.12503,"target":1.12603,"accrued":0.00000,"clamped":false,"cost":0.00260,"cost_pips":26.0,"rolled":5,"was_ejected":false,"source":"auto","reroll":false,"from_level":0.00000}}
11,94,1790879436257,ea_event,ROLL_ACCEPTED,{"type":"ea_event","seq":31,"ea_time_ms":96492218,"magic":null,"level":"INFO","code":"ROLL_ACCEPTED","reason":null,"ticket":1979688111,"detail":{"ticket":1979688111,"side":"L","layer_index":5,"entry":1.12803,"level":1.12443,"target":1.12543,"accrued":0.00000,"clamped":false,"cost":0.00260,"cost_pips":26.0,"rolled":6,"was_ejected":false,"source":"auto","reroll":false,"from_level":0.00000}}
11,95,1790879492719,ea_event,ROLL_ACCEPTED,{"type":"ea_event","seq":32,"ea_time_ms":96492218,"magic":null,"level":"INFO","code":"ROLL_ACCEPTED","reason":null,"ticket":1979865377,"detail":{"ticket":1979865377,"side":"L","layer_index":6,"entry":1.12743,"level":1.12383,"target":1.12483,"accrued":0.00000,"clamped":false,"cost":0.00260,"cost_pips":26.0,"rolled":7,"was_ejected":false,"source":"auto","reroll":false,"from_level":0.00000}}
11,96,1790879661027,ea_event,ROLL_ACCEPTED,{"type":"ea_event","seq":33,"ea_time_ms":96492218,"magic":null,"level":"INFO","code":"ROLL_ACCEPTED","reason":null,"ticket":1979871657,"detail":{"ticket":1979871657,"side":"L","layer_index":7,"entry":1.12683,"level":1.12323,"target":1.12423,"accrued":0.00000,"clamped":false,"cost":0.00260,"cost_pips":26.0,"rolled":8,"was_ejected":false,"source":"auto","reroll":false,"from_level":0.00000}}
11,96,1790879816092,ea_event,,{"type":"fill_log","seq":34,"ea_time_ms":96492234,"magic":22260201,"deal_ticket":800000018,"order_ticket":9088,"position_id":900000018,"entry_type":"IN","deal_type":"SELL","side":"S","layer_index":0,"role":"ENT","deal_price":1.12393,"order_price_open":null,"slippage_pips":null,"volume":0.00,"profit":0.00,"swap":0.00,"commission":0.00,"deal_time_broker":"2026-10-01 18:36:56","deal_time_broker_msc":1790879816000,"halted_at_receipt":false,"quarantined_at_receipt":false}
11,97,1790879856298,ea_event,,{"type":"fill_log","seq":35,"ea_time_ms":96492234,"magic":22260201,"deal_ticket":800000019,"order_ticket":9094,"position_id":900000019,"entry_type":"IN","deal_type":"BUY","side":"L","layer_index":7,"role":"EXT","deal_price":1.12424,"order_price_open":null,"slippage_pips":null,"volume":0.00,"profit":0.00,"swap":0.00,"commission":0.00,"deal_time_broker":"2026-10-01 18:37:36","deal_time_broker_msc":1790879856000,"halted_at_receipt":false,"quarantined_at_receipt":false}
11,100,1790880685428,ea_event,,{"type":"fill_log","seq":36,"ea_time_ms":96492296,"magic":22260201,"deal_ticket":800000020,"order_ticket":9096,"position_id":900000020,"entry_type":"IN","deal_type":"SELL","side":"S","layer_index":0,"role":"EXT","deal_price":1.12290,"order_price_open":null,"slippage_pips":null,"volume":0.00,"profit":0.00,"swap":0.00,"commission":0.00,"deal_time_broker":"2026-10-01 18:51:25","deal_time_broker_msc":1790880685000,"halted_at_receipt":false,"quarantined_at_receipt":false}
11,103,1790898609001,ea_event,CARRY_SNAPSHOT,{"type":"ea_event","seq":37,"ea_time_ms":96492843,"magic":null,"level":"INFO","code":"CARRY_SNAPSHOT","reason":"EURUSD","ticket":null,"detail":{"symbol":"EURUSD","swap_mode":1,"swap_long":-7.9900,"swap_short":1.3100,"multiplier":1,"day_of_week":4,"rollover3days":3,"digits":5,"point":0.00001000,"tick_value":1.00000000,"tick_size":0.00001000,"stops_level":0,"freeze_level":0,"long_pips":-0.799,"short_pips":0.131,"eligible_long":7,"eligible_short":0,"trade_mode_full":true,"mult_today":1,"mult_tomorrow":1,"accrued_swap_long":0.00,"accrued_swap_short":0.00}}
11,103,1790898609001,ea_event,CARRY_EXIT_SHIFT,{"type":"ea_event","seq":38,"ea_time_ms":96492843,"magic":null,"level":"INFO","code":"CARRY_EXIT_SHIFT","reason":"EURUSD","ticket":null,"detail":{"position_ticket":1975880673,"side":"long","layer_index":0,"accrued_ledger_pips":-2.500,"pending_pips":-0.799,"accrued_pips_total":-3.299,"old_price":1.13212,"new_price":1.13237,"clamped":false,"sign_guard_skipped":false,"retcode":10009,"points_native_pips":-0.799}}
11,103,1790898789001,ea_event,CARRY_EXIT_SHIFT,{"type":"ea_event","seq":39,"ea_time_ms":96492843,"magic":null,"level":"INFO","code":"CARRY_EXIT_SHIFT","reason":"EURUSD","ticket":null,"detail":{"position_ticket":1979865377,"side":"long","layer_index":6,"accrued_ledger_pips":0.000,"pending_pips":-0.799,"accrued_pips_total":-0.799,"old_price":1.12483,"new_price":1.12491,"clamped":false,"sign_guard_skipped":false,"retcode":10009,"points_native_pips":-0.799}}
11,103,1790898789001,ea_event,CARRY_PASS_SUMMARY,{"type":"ea_event","seq":40,"ea_time_ms":96492843,"magic":null,"level":"INFO","code":"CARRY_PASS_SUMMARY","reason":"EURUSD","ticket":null,"detail":{"eligible":7,"shifted":2,"clamped":0,"skipped":0,"failed":0,"incomplete":false}}
12,-1,1790909138795,ea_event,,{"type":"fill_log","seq":0,"ea_time_ms":96492906,"magic":22260201,"deal_ticket":800000001,"order_ticket":9000,"position_id":900000001,"entry_type":"IN","deal_type":"SELL","side":"S","layer_index":0,"role":"ENT","deal_price":1.12458,"order_price_open":null,"slippage_pips":null,"volume":0.00,"profit":0.00,"swap":0.00,"commission":0.00,"deal_time_broker":"2026-10-02 02:45:38","deal_time_broker_msc":1790909138000,"halted_at_receipt":false,"quarantined_at_receipt":false}
12,0,1790910024415,ea_event,,{"type":"fill_log","seq":1,"ea_time_ms":96492921,"magic":22260201,"deal_ticket":800000002,"order_ticket":1980106131,"position_id":900000002,"entry_type":"IN","deal_type":"BUY","side":"L","layer_index":6,"role":"EXT","deal_price":1.12494,"order_price_open":null,"slippage_pips":null,"volume":0.00,"profit":0.00,"swap":0.00,"commission":0.00,"deal_time_broker":"2026-10-02 03:00:24","deal_time_broker_msc":1790910024000,"halted_at_receipt":false,"quarantined_at_receipt":false}
12,7,1790915683586,ea_event,,{"type":"fill_log","seq":2,"ea_time_ms":96493031,"magic":22260201,"deal_ticket":800000003,"order_ticket":9008,"position_id":900000003,"entry_type":"IN","deal_type":"BUY","side":"L","layer_index":7,"role":"ENT","deal_price":1.12323,"order_price_open":null,"slippage_pips":null,"volume":0.00,"profit":0.00,"swap":0.00,"commission":0.00,"deal_time_broker":"2026-10-02 04:34:43","deal_time_broker_msc":1790915683000,"halted_at_receipt":false,"quarantined_at_receipt":false}
12,12,1790919099207,ea_event,STRAY_L0_CANCEL,{"type":"ea_event","seq":3,"ea_time_ms":96493093,"magic":null,"level":"WARN","code":"STRAY_L0_CANCEL","reason":null,"ticket":9009,"detail":{"side":"S","depth":1}}
13,2,1790922322327,ea_event,,{"type":"fill_log","seq":0,"ea_time_ms":96493140,"magic":22260201,"deal_ticket":800000001,"order_ticket":1981380746,"position_id":900000001,"entry_type":"IN","deal_type":"SELL","side":"S","layer_index":1,"role":"ENT","deal_price":1.12489,"order_price_open":null,"slippage_pips":null,"volume":0.00,"profit":0.00,"swap":0.00,"commission":0.00,"deal_time_broker":"2026-10-02 06:25:22","deal_time_broker_msc":1790922322000,"halted_at_receipt":false,"quarantined_at_receipt":false}
13,4,1790926337599,ea_event,,{"type":"fill_log","seq":1,"ea_time_ms":96493187,"magic":22260201,"deal_ticket":800000002,"order_ticket":9000,"position_id":900000002,"entry_type":"IN","deal_type":"BUY","side":"L","layer_index":5,"role":"EXT","deal_price":1.12552,"order_price_open":null,"slippage_pips":null,"volume":0.00,"profit":0.00,"swap":0.00,"commission":0.00,"deal_time_broker":"2026-10-02 07:32:17","deal_time_broker_msc":1790926337000,"halted_at_receipt":false,"quarantined_at_receipt":false}
13,8,1790934969061,ea_event,,{"type":"fill_log","seq":2,"ea_time_ms":96493375,"magic":22260201,"deal_ticket":800000003,"order_ticket":9007,"position_id":900000003,"entry_type":"IN","deal_type":"BUY","side":"L","layer_index":4,"role":"EXT","deal_price":1.12614,"order_price_open":null,"slippage_pips":null,"volume":0.00,"profit":0.00,"swap":0.00,"commission":0.00,"deal_time_broker":"2026-10-02 09:56:09","deal_time_broker_msc":1790934969000,"halted_at_receipt":false,"quarantined_at_receipt":false}
13,11,1790939277422,ea_event,,{"type":"fill_log","seq":3,"ea_time_ms":96493515,"magic":22260201,"deal_ticket":800000004,"order_ticket":9010,"position_id":900000004,"entry_type":"IN","deal_type":"SELL","side":"S","layer_index":4,"role":"ENT","deal_price":1.12671,"order_price_open":null,"slippage_pips":null,"volume":0.00,"profit":0.00,"swap":0.00,"commission":0.00,"deal_time_broker":"2026-10-02 11:07:57","deal_time_broker_msc":1790939277000,"halted_at_receipt":false,"quarantined_at_receipt":false}
13,15,1790939895778,ea_event,,{"type":"fill_log","seq":4,"ea_time_ms":96493531,"magic":22260201,"deal_ticket":800000005,"order_ticket":9016,"position_id":900000005,"entry_type":"IN","deal_type":"SELL","side":"S","layer_index":4,"role":"EXT","deal_price":1.12569,"order_price_open":null,"slippage_pips":null,"volume":0.00,"profit":0.00,"swap":0.00,"commission":0.00,"deal_time_broker":"2026-10-02 11:18:15","deal_time_broker_msc":1790939895000,"halted_at_receipt":false,"quarantined_at_receipt":false}
13,27,1790946929193,ea_event,,{"type":"fill_log","seq":5,"ea_time_ms":96493750,"magic":22260201,"deal_ticket":800000006,"order_ticket":9026,"position_id":900000006,"entry_type":"IN","deal_type":"SELL","side":"S","layer_index":1,"role":"EXT","deal_price":1.12388,"order_price_open":null,"slippage_pips":null,"volume":0.00,"profit":0.00,"swap":0.00,"commission":0.00,"deal_time_broker":"2026-10-02 13:15:29","deal_time_broker_msc":1790946929000,"halted_at_receipt":false,"quarantined_at_receipt":false}
13,32,1790947244381,ea_event,,{"type":"fill_log","seq":6,"ea_time_ms":96493765,"magic":22260201,"deal_ticket":800000007,"order_ticket":9032,"position_id":900000007,"entry_type":"IN","deal_type":"BUY","side":"L","layer_index":7,"role":"ENT","deal_price":1.12322,"order_price_open":null,"slippage_pips":null,"volume":0.00,"profit":0.00,"swap":0.00,"commission":0.00,"deal_time_broker":"2026-10-02 13:20:43","deal_time_broker_msc":1790947243000,"halted_at_receipt":false,"quarantined_at_receipt":false}
13,36,1790947830232,ea_event,STRAY_L0_CANCEL,{"type":"ea_event","seq":7,"ea_time_ms":96493781,"magic":null,"level":"WARN","code":"STRAY_L0_CANCEL","reason":null,"ticket":9033,"detail":{"side":"S","depth":1}}
13,36,1790949812236,ea_event,,{"type":"fill_log","seq":8,"ea_time_ms":96493843,"magic":22260201,"deal_ticket":800000008,"order_ticket":9036,"position_id":900000008,"entry_type":"IN","deal_type":"SELL","side":"S","layer_index":0,"role":"EXT","deal_price":1.12286,"order_price_open":null,"slippage_pips":null,"volume":0.00,"profit":0.00,"swap":0.00,"commission":0.00,"deal_time_broker":"2026-10-02 14:03:32","deal_time_broker_msc":1790949812000,"halted_at_receipt":false,"quarantined_at_receipt":false}
13,39,1790950585967,ea_event,,{"type":"fill_log","seq":9,"ea_time_ms":96493875,"magic":22260201,"deal_ticket":800000009,"order_ticket":9038,"position_id":900000009,"entry_type":"IN","deal_type":"SELL","side":"S","layer_index":0,"role":"ENT","deal_price":1.12357,"order_price_open":null,"slippage_pips":null,"volume":0.00,"profit":0.00,"swap":0.00,"commission":0.00,"deal_time_broker":"2026-10-02 14:16:25","deal_time_broker_msc":1790950585000,"halted_at_receipt":false,"quarantined_at_receipt":false}
13,44,1790952789838,ea_event,,{"type":"fill_log","seq":10,"ea_time_ms":96493953,"magic":22260201,"deal_ticket":800000010,"order_ticket":9045,"position_id":900000010,"entry_type":"IN","deal_type":"BUY","side":"L","layer_index":7,"role":"ENT","deal_price":1.12322,"order_price_open":null,"slippage_pips":null,"volume":0.00,"profit":0.00,"swap":0.00,"commission":0.00,"deal_time_broker":"2026-10-02 14:53:09","deal_time_broker_msc":1790952789000,"halted_at_receipt":false,"quarantined_at_receipt":false}
13,48,1790953563369,ea_event,ROLL_ACCEPTED,{"type":"ea_event","seq":11,"ea_time_ms":96493984,"magic":null,"level":"INFO","code":"ROLL_ACCEPTED","reason":null,"ticket":1982129007,"detail":{"ticket":1982129007,"side":"L","layer_index":3,"entry":1.12563,"level":1.12262,"target":1.12362,"accrued":0.00000,"clamped":false,"cost":0.00201,"cost_pips":20.1,"rolled":4,"was_ejected":false,"source":"auto","reroll":false,"from_level":0.00000}}
13,49,1790953608019,ea_event,,{"type":"fill_log","seq":12,"ea_time_ms":96493984,"magic":22260201,"deal_ticket":800000011,"order_ticket":9041,"position_id":900000011,"entry_type":"IN","deal_type":"SELL","side":"S","layer_index":0,"role":"EXT","deal_price":1.12256,"order_price_open":null,"slippage_pips":null,"volume":0.00,"profit":0.00,"swap":0.00,"commission":0.00,"deal_time_broker":"2026-10-02 15:06:48","deal_time_broker_msc":1790953608000,"halted_at_receipt":false,"quarantined_at_receipt":false}
13,52,1790954738684,ea_event,,{"type":"fill_log","seq":13,"ea_time_ms":96494031,"magic":22260201,"deal_ticket":800000012,"order_ticket":9050,"position_id":900000012,"entry_type":"IN","deal_type":"SELL","side":"S","layer_index":0,"role":"ENT","deal_price":1.12287,"order_price_open":null,"slippage_pips":null,"volume":0.00,"profit":0.00,"swap":0.00,"commission":0.00,"deal_time_broker":"2026-10-02 15:25:38","deal_time_broker_msc":1790954738000,"halted_at_receipt":false,"quarantined_at_receipt":false}
13,53,1790955002349,ea_event,,{"type":"fill_log","seq":14,"ea_time_ms":96494046,"magic":22260201,"deal_ticket":800000013,"order_ticket":9049,"position_id":900000013,"entry_type":"IN","deal_type":"BUY","side":"L","layer_index":3,"role":"EXT","deal_price":1.12573,"order_price_open":null,"slippage_pips":null,"volume":0.00,"profit":0.00,"swap":0.00,"commission":0.00,"deal_time_broker":"2026-10-02 15:30:02","deal_time_broker_msc":1790955002000,"halted_at_receipt":false,"quarantined_at_receipt":false}
13,53,1790955002349,ea_event,,{"type":"fill_log","seq":15,"ea_time_ms":96494046,"magic":22260201,"deal_ticket":800000014,"order_ticket":9052,"position_id":900000014,"entry_type":"IN","deal_type":"SELL","side":"S","layer_index":1,"role":"ENT","deal_price":1.12573,"order_price_open":null,"slippage_pips":null,"volume":0.00,"profit":0.00,"swap":0.00,"commission":0.00,"deal_time_broker":"2026-10-02 15:30:02","deal_time_broker_msc":1790955002000,"halted_at_receipt":false,"quarantined_at_receipt":false}
13,53,1790955003760,ea_event,,{"type":"fill_log","seq":16,"ea_time_ms":96494046,"magic":22260201,"deal_ticket":800000015,"order_ticket":700000015,"position_id":1982129007,"entry_type":"OUT_BY","deal_type":"SELL","side":null,"layer_index":null,"role":null,"deal_price":1.12573,"order_price_open":null,"slippage_pips":null,"volume":0.00,"profit":0.10,"swap":0.00,"commission":0.00,"deal_time_broker":"2026-10-02 15:30:03","deal_time_broker_msc":1790955003000,"halted_at_receipt":false,"quarantined_at_receipt":false}
13,53,1790955003760,ea_event,ROLL_FILLED,{"type":"ea_event","seq":17,"ea_time_ms":96494046,"magic":null,"level":"INFO","code":"ROLL_FILLED","reason":null,"ticket":1982129007,"detail":{"ticket":1982129007,"level":1.12262}}
13,53,1790955003760,ea_event,,{"type":"fill_log","seq":18,"ea_time_ms":96494046,"magic":22260201,"deal_ticket":800000016,"order_ticket":700000015,"position_id":900000013,"entry_type":"OUT_BY","deal_type":"SELL","side":null,"layer_index":null,"role":null,"deal_price":1.12563,"order_price_open":null,"slippage_pips":null,"volume":0.00,"profit":0.00,"swap":0.00,"commission":0.00,"deal_time_broker":"2026-10-02 15:30:03","deal_time_broker_msc":1790955003000,"halted_at_receipt":false,"quarantined_at_receipt":false}
13,53,1790955003760,scalp,SCALP_CLOSED,{"close_time":"2026-10-02T15:30:03Z","instrument":"EURUSD","direction":"LONG","entry_price":1.12563,"exit_price":1.12573,"layer_depth":3,"stack_depth":8,"gross_pnl":0.10,"instance_id":"GRIND_EURUSD_OPTC","ejected":false,"rolled":true,"broker_utc_offset_s":10800,"account_login":53077984}
13,53,1790955005731,ea_event,,{"type":"fill_log","seq":19,"ea_time_ms":96494046,"magic":22260201,"deal_ticket":800000017,"order_ticket":9056,"position_id":900000015,"entry_type":"IN","deal_type":"BUY","side":"L","layer_index":7,"role":"EXT","deal_price":1.12600,"order_price_open":null,"slippage_pips":null,"volume":0.00,"profit":0.00,"swap":0.00,"commission":0.00,"deal_time_broker":"2026-10-02 15:30:05","deal_time_broker_msc":1790955005000,"halted_at_receipt":false,"quarantined_at_receipt":false}
13,53,1790955006966,ea_event,,{"type":"fill_log","seq":20,"ea_time_ms":96494046,"magic":22260201,"deal_ticket":800000018,"order_ticket":700000018,"position_id":1982637495,"entry_type":"OUT_BY","deal_type":"SELL","side":null,"layer_index":null,"role":null,"deal_price":1.12600,"order_price_open":null,"slippage_pips":null,"volume":0.00,"profit":2.78,"swap":0.00,"commission":0.00,"deal_time_broker":"2026-10-02 15:30:06","deal_time_broker_msc":1790955006000,"halted_at_receipt":false,"quarantined_at_receipt":false}
13,53,1790955006966,ea_event,,{"type":"fill_log","seq":21,"ea_time_ms":96494046,"magic":22260201,"deal_ticket":800000019,"order_ticket":700000018,"position_id":900000015,"entry_type":"OUT_BY","deal_type":"SELL","side":null,"layer_index":null,"role":null,"deal_price":1.12322,"order_price_open":null,"slippage_pips":null,"volume":0.00,"profit":0.00,"swap":0.00,"commission":0.00,"deal_time_broker":"2026-10-02 15:30:06","deal_time_broker_msc":1790955006000,"halted_at_receipt":false,"quarantined_at_receipt":false}
13,53,1790955006966,scalp,SCALP_CLOSED,{"close_time":"2026-10-02T15:30:06Z","instrument":"EURUSD","direction":"LONG","entry_price":1.12322,"exit_price":1.12600,"layer_depth":7,"stack_depth":7,"gross_pnl":2.78,"instance_id":"GRIND_EURUSD_OPTC","ejected":false,"rolled":false,"broker_utc_offset_s":10800,"account_login":53077984}
13,53,1790955010946,ea_event,,{"type":"fill_log","seq":22,"ea_time_ms":96494046,"magic":22260201,"deal_ticket":800000020,"order_ticket":9054,"position_id":900000016,"entry_type":"IN","deal_type":"SELL","side":"S","layer_index":1,"role":"EXT","deal_price":1.12469,"order_price_open":null,"slippage_pips":null,"volume":0.00,"profit":0.00,"swap":0.00,"commission":0.00,"deal_time_broker":"2026-10-02 15:30:10","deal_time_broker_msc":1790955010000,"halted_at_receipt":false,"quarantined_at_receipt":false}
13,55,1790955014358,ea_event,,{"type":"fill_log","seq":23,"ea_time_ms":96494046,"magic":22260201,"deal_ticket":800000021,"order_ticket":9060,"position_id":900000017,"entry_type":"IN","deal_type":"BUY","side":"L","layer_index":7,"role":"EXT","deal_price":1.12455,"order_price_open":null,"slippage_pips":null,"volume":0.00,"profit":0.00,"swap":0.00,"commission":0.00,"deal_time_broker":"2026-10-02 15:30:14","deal_time_broker_msc":1790955014000,"halted_at_receipt":false,"quarantined_at_receipt":false}
13,55,1790955015193,ea_event,,{"type":"fill_log","seq":24,"ea_time_ms":96494046,"magic":22260201,"deal_ticket":800000022,"order_ticket":700000022,"position_id":1982637495,"entry_type":"OUT_BY","deal_type":"SELL","side":null,"layer_index":null,"role":null,"deal_price":1.12455,"order_price_open":null,"slippage_pips":null,"volume":0.00,"profit":1.33,"swap":0.00,"commission":0.00,"deal_time_broker":"2026-10-02 15:30:15","deal_time_broker_msc":1790955015000,"halted_at_receipt":false,"quarantined_at_receipt":false}
13,55,1790955015193,ea_event,,{"type":"fill_log","seq":25,"ea_time_ms":96494046,"magic":22260201,"deal_ticket":800000023,"order_ticket":700000022,"position_id":900000017,"entry_type":"OUT_BY","deal_type":"SELL","side":null,"layer_index":null,"role":null,"deal_price":1.12322,"order_price_open":null,"slippage_pips":null,"volume":0.00,"profit":0.00,"swap":0.00,"commission":0.00,"deal_time_broker":"2026-10-02 15:30:15","deal_time_broker_msc":1790955015000,"halted_at_receipt":false,"quarantined_at_receipt":false}
13,55,1790955015193,scalp,SCALP_CLOSED,{"close_time":"2026-10-02T15:30:15Z","instrument":"EURUSD","direction":"LONG","entry_price":1.12322,"exit_price":1.12455,"layer_depth":7,"stack_depth":7,"gross_pnl":1.33,"instance_id":"GRIND_EURUSD_OPTC","ejected":false,"rolled":false,"broker_utc_offset_s":10800,"account_login":53077984}
13,57,1790955019198,ea_event,,{"type":"fill_log","seq":26,"ea_time_ms":96494046,"magic":22260201,"deal_ticket":800000024,"order_ticket":9065,"position_id":900000018,"entry_type":"IN","deal_type":"BUY","side":"L","layer_index":7,"role":"EXT","deal_price":1.12435,"order_price_open":null,"slippage_pips":null,"volume":0.00,"profit":0.00,"swap":0.00,"commission":0.00,"deal_time_broker":"2026-10-02 15:30:19","deal_time_broker_msc":1790955019000,"halted_at_receipt":false,"quarantined_at_receipt":false}
13,57,1790955019605,ea_event,,{"type":"fill_log","seq":27,"ea_time_ms":96494046,"magic":22260201,"deal_ticket":800000025,"order_ticket":700000025,"position_id":1982637495,"entry_type":"OUT_BY","deal_type":"SELL","side":null,"layer_index":null,"role":null,"deal_price":1.12435,"order_price_open":null,"slippage_pips":null,"volume":0.00,"profit":1.13,"swap":0.00,"commission":0.00,"deal_time_broker":"2026-10-02 15:30:19","deal_time_broker_msc":1790955019000,"halted_at_receipt":false,"quarantined_at_receipt":false}
13,57,1790955019605,ea_event,,{"type":"fill_log","seq":28,"ea_time_ms":96494046,"magic":22260201,"deal_ticket":800000026,"order_ticket":700000025,"position_id":900000018,"entry_type":"OUT_BY","deal_type":"SELL","side":null,"layer_index":null,"role":null,"deal_price":1.12322,"order_price_open":null,"slippage_pips":null,"volume":0.00,"profit":0.00,"swap":0.00,"commission":0.00,"deal_time_broker":"2026-10-02 15:30:19","deal_time_broker_msc":1790955019000,"halted_at_receipt":false,"quarantined_at_receipt":false}
13,57,1790955019605,scalp,SCALP_CLOSED,{"close_time":"2026-10-02T15:30:19Z","instrument":"EURUSD","direction":"LONG","entry_price":1.12322,"exit_price":1.12435,"layer_depth":7,"stack_depth":7,"gross_pnl":1.13,"instance_id":"GRIND_EURUSD_OPTC","ejected":false,"rolled":false,"broker_utc_offset_s":10800,"account_login":53077984}
13,66,1790955057736,ea_event,,{"type":"fill_log","seq":29,"ea_time_ms":96494046,"magic":22260201,"deal_ticket":800000027,"order_ticket":9071,"position_id":900000019,"entry_type":"IN","deal_type":"SELL","side":"S","layer_index":1,"role":"ENT","deal_price":1.12414,"order_price_open":null,"slippage_pips":null,"volume":0.00,"profit":0.00,"swap":0.00,"commission":0.00,"deal_time_broker":"2026-10-02 15:30:57","deal_time_broker_msc":1790955057000,"halted_at_receipt":false,"quarantined_at_receipt":false}
13,67,1790955071953,ea_event,,{"type":"fill_log","seq":30,"ea_time_ms":96494046,"magic":22260201,"deal_ticket":800000028,"order_ticket":9073,"position_id":900000020,"entry_type":"IN","deal_type":"SELL","side":"S","layer_index":2,"role":"ENT","deal_price":1.12485,"order_price_open":null,"slippage_pips":null,"volume":0.00,"profit":0.00,"swap":0.00,"commission":0.00,"deal_time_broker":"2026-10-02 15:31:11","deal_time_broker_msc":1790955071000,"halted_at_receipt":false,"quarantined_at_receipt":false}
13,76,1790955770439,ea_event,,{"type":"fill_log","seq":31,"ea_time_ms":96494109,"magic":22260201,"deal_ticket":800000029,"order_ticket":9083,"position_id":900000021,"entry_type":"IN","deal_type":"SELL","side":"S","layer_index":2,"role":"EXT","deal_price":1.12384,"order_price_open":null,"slippage_pips":null,"volume":0.00,"profit":0.00,"swap":0.00,"commission":0.00,"deal_time_broker":"2026-10-02 15:42:50","deal_time_broker_msc":1790955770000,"halted_at_receipt":false,"quarantined_at_receipt":false}
13,80,1790956165786,ea_event,,{"type":"fill_log","seq":32,"ea_time_ms":96494140,"magic":22260201,"deal_ticket":800000030,"order_ticket":9087,"position_id":900000022,"entry_type":"IN","deal_type":"SELL","side":"S","layer_index":2,"role":"ENT","deal_price":1.12483,"order_price_open":null,"slippage_pips":null,"volume":0.00,"profit":0.00,"swap":0.00,"commission":0.00,"deal_time_broker":"2026-10-02 15:49:25","deal_time_broker_msc":1790956165000,"halted_at_receipt":false,"quarantined_at_receipt":false}
13,84,1790956249064,ea_event,,{"type":"fill_log","seq":33,"ea_time_ms":96494140,"magic":22260201,"deal_ticket":800000031,"order_ticket":9091,"position_id":900000023,"entry_type":"IN","deal_type":"SELL","side":"S","layer_index":3,"role":"ENT","deal_price":1.12543,"order_price_open":null,"slippage_pips":null,"volume":0.00,"profit":0.00,"swap":0.00,"commission":0.00,"deal_time_broker":"2026-10-02 15:50:49","deal_time_broker_msc":1790956249000,"halted_at_receipt":false,"quarantined_at_receipt":false}
13,84,1790956249681,ea_event,,{"type":"fill_log","seq":34,"ea_time_ms":96494140,"magic":22260201,"deal_ticket":800000032,"order_ticket":9092,"position_id":900000024,"entry_type":"IN","deal_type":"BUY","side":"L","layer_index":5,"role":"EXT","deal_price":1.12543,"order_price_open":null,"slippage_pips":null,"volume":0.00,"profit":0.00,"swap":0.00,"commission":0.00,"deal_time_broker":"2026-10-02 15:50:49","deal_time_broker_msc":1790956249000,"halted_at_receipt":false,"quarantined_at_receipt":false}
13,89,1790956547764,ea_event,,{"type":"fill_log","seq":35,"ea_time_ms":96494171,"magic":22260201,"deal_ticket":800000033,"order_ticket":9097,"position_id":900000025,"entry_type":"IN","deal_type":"BUY","side":"L","layer_index":4,"role":"EXT","deal_price":1.12605,"order_price_open":null,"slippage_pips":null,"volume":0.00,"profit":0.00,"swap":0.00,"commission":0.00,"deal_time_broker":"2026-10-02 15:55:47","deal_time_broker_msc":1790956547000,"halted_at_receipt":false,"quarantined_at_receipt":false}
13,92,1790957145047,ea_event,,{"type":"fill_log","seq":36,"ea_time_ms":96494218,"magic":22260201,"deal_ticket":800000034,"order_ticket":9103,"position_id":900000026,"entry_type":"IN","deal_type":"BUY","side":"L","layer_index":3,"role":"ENT","deal_price":1.12560,"order_price_open":null,"slippage_pips":null,"volume":0.00,"profit":0.00,"swap":0.00,"commission":0.00,"deal_time_broker":"2026-10-02 16:05:45","deal_time_broker_msc":1790957145000,"halted_at_receipt":false,"quarantined_at_receipt":false}
13,96,1790957405684,ea_event,,{"type":"fill_log","seq":37,"ea_time_ms":96494234,"magic":22260201,"deal_ticket":800000035,"order_ticket":9105,"position_id":900000027,"entry_type":"IN","deal_type":"BUY","side":"L","layer_index":4,"role":"ENT","deal_price":1.12498,"order_price_open":null,"slippage_pips":null,"volume":0.00,"profit":0.00,"swap":0.00,"commission":0.00,"deal_time_broker":"2026-10-02 16:10:05","deal_time_broker_msc":1790957405000,"halted_at_receipt":false,"quarantined_at_receipt":false}
13,97,1790958101755,ea_event,,{"type":"fill_log","seq":38,"ea_time_ms":96494265,"magic":22260201,"deal_ticket":800000036,"order_ticket":9107,"position_id":900000028,"entry_type":"IN","deal_type":"SELL","side":"S","layer_index":3,"role":"EXT","deal_price":1.12441,"order_price_open":null,"slippage_pips":null,"volume":0.00,"profit":0.00,"swap":0.00,"commission":0.00,"deal_time_broker":"2026-10-02 16:21:41","deal_time_broker_msc":1790958101000,"halted_at_receipt":false,"quarantined_at_receipt":false}
13,105,1790959636407,ea_event,,{"type":"fill_log","seq":39,"ea_time_ms":96494359,"magic":22260201,"deal_ticket":800000037,"order_ticket":9116,"position_id":900000029,"entry_type":"IN","deal_type":"BUY","side":"L","layer_index":4,"role":"EXT","deal_price":1.12599,"order_price_open":null,"slippage_pips":null,"volume":0.00,"profit":0.00,"swap":0.00,"commission":0.00,"deal_time_broker":"2026-10-02 16:47:16","deal_time_broker_msc":1790959636000,"halted_at_receipt":false,"quarantined_at_receipt":false}
13,108,1790959652690,ea_event,,{"type":"fill_log","seq":40,"ea_time_ms":96494359,"magic":22260201,"deal_ticket":800000038,"order_ticket":9119,"position_id":900000030,"entry_type":"IN","deal_type":"SELL","side":"S","layer_index":4,"role":"ENT","deal_price":1.12606,"order_price_open":null,"slippage_pips":null,"volume":0.00,"profit":0.00,"swap":0.00,"commission":0.00,"deal_time_broker":"2026-10-02 16:47:32","deal_time_broker_msc":1790959652000,"halted_at_receipt":false,"quarantined_at_receipt":false}
13,112,1790959803167,ea_event,,{"type":"fill_log","seq":41,"ea_time_ms":96494375,"magic":22260201,"deal_ticket":800000039,"order_ticket":9123,"position_id":900000031,"entry_type":"IN","deal_type":"SELL","side":"S","layer_index":5,"role":"ENT","deal_price":1.12667,"order_price_open":null,"slippage_pips":null,"volume":0.00,"profit":0.00,"swap":0.00,"commission":0.00,"deal_time_broker":"2026-10-02 16:50:03","deal_time_broker_msc":1790959803000,"halted_at_receipt":false,"quarantined_at_receipt":false}
13,113,1790960281299,ea_event,,{"type":"fill_log","seq":42,"ea_time_ms":96494406,"magic":22260201,"deal_ticket":800000040,"order_ticket":9128,"position_id":900000032,"entry_type":"IN","deal_type":"SELL","side":"S","layer_index":6,"role":"ENT","deal_price":1.12728,"order_price_open":null,"slippage_pips":null,"volume":0.00,"profit":0.00,"swap":0.00,"commission":0.00,"deal_time_broker":"2026-10-02 16:58:01","deal_time_broker_msc":1790960281000,"halted_at_receipt":false,"quarantined_at_receipt":false}
13,118,1790960654681,ea_event,,{"type":"fill_log","seq":43,"ea_time_ms":96494421,"magic":22260201,"deal_ticket":800000041,"order_ticket":9131,"position_id":900000033,"entry_type":"IN","deal_type":"SELL","side":"S","layer_index":7,"role":"ENT","deal_price":1.12796,"order_price_open":null,"slippage_pips":null,"volume":0.00,"profit":0.00,"swap":0.00,"commission":0.00,"deal_time_broker":"2026-10-02 17:04:14","deal_time_broker_msc":1790960654000,"halted_at_receipt":false,"quarantined_at_receipt":false}
13,122,1790960914857,ea_event,,{"type":"fill_log","seq":44,"ea_time_ms":96494453,"magic":22260201,"deal_ticket":800000042,"order_ticket":9140,"position_id":900000034,"entry_type":"IN","deal_type":"BUY","side":"L","layer_index":2,"role":"ENT","deal_price":1.12841,"order_price_open":null,"slippage_pips":null,"volume":0.00,"profit":0.00,"swap":0.00,"commission":0.00,"deal_time_broker":"2026-10-02 17:08:34","deal_time_broker_msc":1790960914000,"halted_at_receipt":false,"quarantined_at_receipt":false}
13,123,1790961083660,ea_event,,{"type":"fill_log","seq":45,"ea_time_ms":96494453,"magic":22260201,"deal_ticket":800000043,"order_ticket":9142,"position_id":900000035,"entry_type":"IN","deal_type":"BUY","side":"L","layer_index":3,"role":"ENT","deal_price":1.12774,"order_price_open":null,"slippage_pips":null,"volume":0.00,"profit":0.00,"swap":0.00,"commission":0.00,"deal_time_broker":"2026-10-02 17:11:23","deal_time_broker_msc":1790961083000,"halted_at_receipt":false,"quarantined_at_receipt":false}
14,15,1790970510820,ea_event,,{"type":"fill_log","seq":0,"ea_time_ms":96495187,"magic":22260201,"deal_ticket":800000001,"order_ticket":9014,"position_id":900000001,"entry_type":"IN","deal_type":"SELL","side":"S","layer_index":4,"role":"ENT","deal_price":1.12609,"order_price_open":null,"slippage_pips":null,"volume":0.00,"profit":0.00,"swap":0.00,"commission":0.00,"deal_time_broker":"2026-10-02 19:48:30","deal_time_broker_msc":1790970510000,"halted_at_receipt":false,"quarantined_at_receipt":false}
14,19,1790985010001,ea_event,CARRY_SNAPSHOT,{"type":"ea_event","seq":1,"ea_time_ms":96495453,"magic":null,"level":"INFO","code":"CARRY_SNAPSHOT","reason":"EURUSD","ticket":null,"detail":{"symbol":"EURUSD","swap_mode":1,"swap_long":-7.9900,"swap_short":1.3100,"multiplier":1,"day_of_week":5,"rollover3days":3,"digits":5,"point":0.00001000,"tick_value":1.00000000,"tick_size":0.00001000,"stops_level":0,"freeze_level":0,"long_pips":-0.799,"short_pips":0.131,"eligible_long":8,"eligible_short":4,"trade_mode_full":true,"mult_today":1,"mult_tomorrow":0,"accrued_swap_long":0.00,"accrued_swap_short":0.00}}
14,19,1790985010001,ea_event,CARRY_EXIT_SHIFT,{"type":"ea_event","seq":2,"ea_time_ms":96495453,"magic":null,"level":"INFO","code":"CARRY_EXIT_SHIFT","reason":"EURUSD","ticket":null,"detail":{"position_ticket":1975880673,"side":"long","layer_index":0,"accrued_ledger_pips":-3.300,"pending_pips":0.000,"accrued_pips_total":-3.300,"old_price":1.13237,"new_price":1.13237,"clamped":false,"sign_guard_skipped":false,"retcode":10009,"points_native_pips":-1.598}}
14,19,1790985190001,ea_event,CARRY_EXIT_SHIFT,{"type":"ea_event","seq":3,"ea_time_ms":96495453,"magic":null,"level":"INFO","code":"CARRY_EXIT_SHIFT","reason":"EURUSD","ticket":null,"detail":{"position_ticket":1983760582,"side":"long","layer_index":7,"accrued_ledger_pips":0.000,"pending_pips":0.000,"accrued_pips_total":0.000,"old_price":1.12637,"new_price":1.12637,"clamped":false,"sign_guard_skipped":false,"retcode":10009,"points_native_pips":-0.799}}
14,19,1790985250001,ea_event,CARRY_EXIT_SHIFT,{"type":"ea_event","seq":4,"ea_time_ms":96495453,"magic":null,"level":"INFO","code":"CARRY_EXIT_SHIFT","reason":"EURUSD","ticket":null,"detail":{"position_ticket":1982703072,"side":"short","layer_index":0,"accrued_ledger_pips":0.000,"pending_pips":0.000,"accrued_pips_total":0.000,"old_price":1.12187,"new_price":1.12187,"clamped":false,"sign_guard_skipped":false,"retcode":10009,"points_native_pips":0.131}}
14,19,1790985310001,ea_event,CARRY_EXIT_SHIFT,{"type":"ea_event","seq":5,"ea_time_ms":96495453,"magic":null,"level":"INFO","code":"CARRY_EXIT_SHIFT","reason":"EURUSD","ticket":null,"detail":{"position_ticket":1983146288,"side":"short","layer_index":3,"accrued_ledger_pips":0.000,"pending_pips":0.000,"accrued_pips_total":0.000,"old_price":1.12443,"new_price":1.12443,"clamped":false,"sign_guard_skipped":false,"retcode":10009,"points_native_pips":0.131}}
14,19,1790985310001,ea_event,CARRY_PASS_SUMMARY,{"type":"ea_event","seq":6,"ea_time_ms":96495453,"magic":null,"level":"INFO","code":"CARRY_PASS_SUMMARY","reason":"EURUSD","ticket":null,"detail":{"eligible":12,"shifted":4,"clamped":0,"skipped":0,"failed":0,"incomplete":false}}
14,19,1791071410001,ea_event,CARRY_SNAPSHOT,{"type":"ea_event","seq":7,"ea_time_ms":96495515,"magic":null,"level":"INFO","code":"CARRY_SNAPSHOT","reason":"EURUSD","ticket":null,"detail":{"symbol":"EURUSD","swap_mode":1,"swap_long":-7.9900,"swap_short":1.3100,"multiplier":0,"day_of_week":6,"rollover3days":3,"digits":5,"point":0.00001000,"tick_value":1.00000000,"tick_size":0.00001000,"stops_level":0,"freeze_level":0,"long_pips":0.000,"short_pips":0.000,"eligible_long":8,"eligible_short":4,"trade_mode_full":true,"mult_today":0,"mult_tomorrow":0,"accrued_swap_long":0.00,"accrued_swap_short":0.00}}
14,19,1791072010001,ea_event,CARRY_PASS_INCOMPLETE,{"type":"ea_event","seq":8,"ea_time_ms":96495515,"magic":null,"level":"INFO","code":"CARRY_PASS_INCOMPLETE","reason":"EURUSD","ticket":null,"detail":{"eligible":12,"shifted":0,"clamped":0,"skipped":0,"failed":0,"incomplete":true}}
14,19,1791158410001,ea_event,CARRY_PASS_INCOMPLETE,{"type":"ea_event","seq":9,"ea_time_ms":96495562,"magic":null,"level":"INFO","code":"CARRY_PASS_INCOMPLETE","reason":"EURUSD","ticket":null,"detail":{"eligible":12,"shifted":0,"clamped":0,"skipped":0,"failed":0,"incomplete":true}}
14,19,1791164991985,ea_event,,{"type":"fill_log","seq":10,"ea_time_ms":96495609,"magic":22260201,"deal_ticket":800000002,"order_ticket":9019,"position_id":900000002,"entry_type":"IN","deal_type":"SELL","side":"S","layer_index":4,"role":"ENT","deal_price":1.12605,"order_price_open":null,"slippage_pips":null,"volume":0.00,"profit":0.00,"swap":0.00,"commission":0.00,"deal_time_broker":"2026-10-05 01:49:51","deal_time_broker_msc":1791164991000,"halted_at_receipt":false,"quarantined_at_receipt":false}
14,24,1791170222977,ea_event,ROLL_ACCEPTED,{"type":"ea_event","seq":11,"ea_time_ms":96495703,"magic":null,"level":"INFO","code":"ROLL_ACCEPTED","reason":null,"ticket":1983434019,"detail":{"ticket":1983434019,"side":"L","layer_index":2,"entry":1.12835,"level":1.12477,"target":1.12577,"accrued":0.00000,"clamped":false,"cost":0.00258,"cost_pips":25.8,"rolled":3,"was_ejected":false,"source":"auto","reroll":false,"from_level":0.00000}}
14,28,1791172615723,ea_event,ROLL_ACCEPTED,{"type":"ea_event","seq":12,"ea_time_ms":96495750,"magic":null,"level":"INFO","code":"ROLL_ACCEPTED","reason":null,"ticket":1983434147,"detail":{"ticket":1983434147,"side":"L","layer_index":3,"entry":1.12774,"level":1.12417,"target":1.12517,"accrued":0.00000,"clamped":false,"cost":0.00257,"cost_pips":25.7,"rolled":4,"was_ejected":false,"source":"auto","reroll":false,"from_level":0.00000}}
14,32,1791173859508,ea_event,ROLL_ACCEPTED,{"type":"ea_event","seq":13,"ea_time_ms":96495781,"magic":null,"level":"INFO","code":"ROLL_ACCEPTED","reason":null,"ticket":1983447980,"detail":{"ticket":1983447980,"side":"L","layer_index":4,"entry":1.12717,"level":1.12357,"target":1.12457,"accrued":0.00000,"clamped":false,"cost":0.00260,"cost_pips":26.0,"rolled":5,"was_ejected":false,"source":"auto","reroll":false,"from_level":0.00000}}
14,32,1791175564460,ea_event,,{"type":"fill_log","seq":14,"ea_time_ms":96495812,"magic":22260201,"deal_ticket":800000003,"order_ticket":9029,"position_id":900000003,"entry_type":"IN","deal_type":"SELL","side":"S","layer_index":1,"role":"EXT","deal_price":1.12312,"order_price_open":null,"slippage_pips":null,"volume":0.00,"profit":0.00,"swap":0.00,"commission":0.00,"deal_time_broker":"2026-10-05 04:46:04","deal_time_broker_msc":1791175564000,"halted_at_receipt":false,"quarantined_at_receipt":false}
14,36,1791176122009,ea_event,ROLL_ACCEPTED,{"type":"ea_event","seq":15,"ea_time_ms":96495828,"magic":null,"level":"INFO","code":"ROLL_ACCEPTED","reason":null,"ticket":1983680771,"detail":{"ticket":1983680771,"side":"L","layer_index":5,"entry":1.12657,"level":1.12297,"target":1.12397,"accrued":0.00000,"clamped":false,"cost":0.00260,"cost_pips":26.0,"rolled":6,"was_ejected":false,"source":"auto","reroll":false,"from_level":0.00000}}
14,37,1791177152285,ea_event,ROLL_ACCEPTED,{"type":"ea_event","seq":16,"ea_time_ms":96495859,"magic":null,"level":"INFO","code":"ROLL_ACCEPTED","reason":null,"ticket":1983699077,"detail":{"ticket":1983699077,"side":"L","layer_index":6,"entry":1.12597,"level":1.12237,"target":1.12337,"accrued":0.00000,"clamped":false,"cost":0.00260,"cost_pips":26.0,"rolled":7,"was_ejected":false,"source":"auto","reroll":false,"from_level":0.00000}}
14,41,1791177543974,ea_event,ROLL_ACCEPTED,{"type":"ea_event","seq":17,"ea_time_ms":96495859,"magic":null,"level":"INFO","code":"ROLL_ACCEPTED","reason":null,"ticket":1983760582,"detail":{"ticket":1983760582,"side":"L","layer_index":7,"entry":1.12537,"level":1.12177,"target":1.12277,"accrued":0.00000,"clamped":false,"cost":0.00260,"cost_pips":26.0,"rolled":8,"was_ejected":false,"source":"auto","reroll":false,"from_level":0.00000}}
14,41,1791179003065,ea_event,ROLL_STRANDED,{"type":"ea_event","seq":18,"ea_time_ms":96495906,"magic":null,"level":"WARN","code":"ROLL_STRANDED","reason":"L","ticket":null,"detail":{"side":"L","depth":8,"rolled":8,"lowest_effective":1.12177,"market":1.12045,"steps":2}}
14,42,1791179453172,ea_event,STRAY_L0_CANCEL,{"type":"ea_event","seq":19,"ea_time_ms":96495921,"magic":null,"level":"WARN","code":"STRAY_L0_CANCEL","reason":null,"ticket":9035,"detail":{"side":"S","depth":1}}
14,45,1791179889575,ea_event,,{"type":"fill_log","seq":20,"ea_time_ms":96495953,"magic":22260201,"deal_ticket":800000004,"order_ticket":9039,"position_id":900000004,"entry_type":"IN","deal_type":"SELL","side":"S","layer_index":0,"role":"ENT","deal_price":1.11749,"order_price_open":null,"slippage_pips":null,"volume":0.00,"profit":0.00,"swap":0.00,"commission":0.00,"deal_time_broker":"2026-10-05 05:58:09","deal_time_broker_msc":1791179889000,"halted_at_receipt":false,"quarantined_at_receipt":false}
14,46,1791180112684,ea_event,,{"type":"fill_log","seq":21,"ea_time_ms":96495968,"magic":22260201,"deal_ticket":800000005,"order_ticket":9041,"position_id":900000005,"entry_type":"IN","deal_type":"SELL","side":"S","layer_index":1,"role":"ENT","deal_price":1.11809,"order_price_open":null,"slippage_pips":null,"volume":0.00,"profit":0.00,"swap":0.00,"commission":0.00,"deal_time_broker":"2026-10-05 06:01:52","deal_time_broker_msc":1791180112000,"halted_at_receipt":false,"quarantined_at_receipt":false}
14,47,1791180380115,ea_event,,{"type":"fill_log","seq":22,"ea_time_ms":96495984,"magic":22260201,"deal_ticket":800000006,"order_ticket":9045,"position_id":900000006,"entry_type":"IN","deal_type":"SELL","side":"S","layer_index":1,"role":"EXT","deal_price":1.11705,"order_price_open":null,"slippage_pips":null,"volume":0.00,"profit":0.00,"swap":0.00,"commission":0.00,"deal_time_broker":"2026-10-05 06:06:20","deal_time_broker_msc":1791180380000,"halted_at_receipt":false,"quarantined_at_receipt":false}
14,50,1791180431446,ea_event,,{"type":"fill_log","seq":23,"ea_time_ms":96495984,"magic":22260201,"deal_ticket":800000007,"order_ticket":9042,"position_id":900000007,"entry_type":"IN","deal_type":"SELL","side":"S","layer_index":0,"role":"EXT","deal_price":1.11642,"order_price_open":null,"slippage_pips":null,"volume":0.00,"profit":0.00,"swap":0.00,"commission":0.00,"deal_time_broker":"2026-10-05 06:07:11","deal_time_broker_msc":1791180431000,"halted_at_receipt":false,"quarantined_at_receipt":false}
14,53,1791180566871,ea_event,,{"type":"fill_log","seq":24,"ea_time_ms":96495984,"magic":22260201,"deal_ticket":800000008,"order_ticket":9047,"position_id":900000008,"entry_type":"IN","deal_type":"SELL","side":"S","layer_index":0,"role":"ENT","deal_price":1.11713,"order_price_open":null,"slippage_pips":null,"volume":0.00,"profit":0.00,"swap":0.00,"commission":0.00,"deal_time_broker":"2026-10-05 06:09:26","deal_time_broker_msc":1791180566000,"halted_at_receipt":false,"quarantined_at_receipt":false}
14,55,1791181220401,ea_event,,{"type":"fill_log","seq":25,"ea_time_ms":96496015,"magic":22260201,"deal_ticket":800000009,"order_ticket":9052,"position_id":900000009,"entry_type":"IN","deal_type":"SELL","side":"S","layer_index":2,"role":"ENT","deal_price":1.11835,"order_price_open":null,"slippage_pips":null,"volume":0.00,"profit":0.00,"swap":0.00,"commission":0.00,"deal_time_broker":"2026-10-05 06:20:20","deal_time_broker_msc":1791181220000,"halted_at_receipt":false,"quarantined_at_receipt":false}
14,56,1791182583867,ea_event,,{"type":"fill_log","seq":26,"ea_time_ms":96496062,"magic":22260201,"deal_ticket":800000010,"order_ticket":9055,"position_id":900000010,"entry_type":"IN","deal_type":"SELL","side":"S","layer_index":2,"role":"EXT","deal_price":1.11733,"order_price_open":null,"slippage_pips":null,"volume":0.00,"profit":0.00,"swap":0.00,"commission":0.00,"deal_time_broker":"2026-10-05 06:43:03","deal_time_broker_msc":1791182583000,"halted_at_receipt":false,"quarantined_at_receipt":false}
14,59,1791183170472,ea_event,,{"type":"fill_log","seq":27,"ea_time_ms":96496078,"magic":22260201,"deal_ticket":800000011,"order_ticket":9056,"position_id":900000011,"entry_type":"IN","deal_type":"SELL","side":"S","layer_index":1,"role":"EXT","deal_price":1.11668,"order_price_open":null,"slippage_pips":null,"volume":0.00,"profit":0.00,"swap":0.00,"commission":0.00,"deal_time_broker":"2026-10-05 06:52:50","deal_time_broker_msc":1791183170000,"halted_at_receipt":false,"quarantined_at_receipt":false}
14,65,1791183998991,ea_event,,{"type":"fill_log","seq":28,"ea_time_ms":96496109,"magic":22260201,"deal_ticket":800000012,"order_ticket":9059,"position_id":900000012,"entry_type":"IN","deal_type":"SELL","side":"S","layer_index":0,"role":"ENT","deal_price":1.11684,"order_price_open":null,"slippage_pips":null,"volume":0.00,"profit":0.00,"swap":0.00,"commission":0.00,"deal_time_broker":"2026-10-05 07:06:38","deal_time_broker_msc":1791183998000,"halted_at_receipt":false,"quarantined_at_receipt":false}
14,83,1791193372380,ea_event,,{"type":"fill_log","seq":29,"ea_time_ms":96496421,"magic":22260201,"deal_ticket":800000013,"order_ticket":9080,"position_id":900000013,"entry_type":"IN","deal_type":"SELL","side":"S","layer_index":2,"role":"ENT","deal_price":1.11813,"order_price_open":null,"slippage_pips":null,"volume":0.00,"profit":0.00,"swap":0.00,"commission":0.00,"deal_time_broker":"2026-10-05 09:42:52","deal_time_broker_msc":1791193372000,"halted_at_receipt":false,"quarantined_at_receipt":false}
14,92,1791200829773,ea_event,,{"type":"fill_log","seq":30,"ea_time_ms":96496843,"magic":22260201,"deal_ticket":800000014,"order_ticket":9095,"position_id":900000014,"entry_type":"IN","deal_type":"SELL","side":"S","layer_index":7,"role":"ENT","deal_price":1.12118,"order_price_open":null,"slippage_pips":null,"volume":0.00,"profit":0.00,"swap":0.00,"commission":0.00,"deal_time_broker":"2026-10-05 11:47:09","deal_time_broker_msc":1791200829000,"halted_at_receipt":false,"quarantined_at_receipt":false}
14,94,1791202441908,ea_event,ROLL_ACCEPTED,{"type":"ea_event","seq":31,"ea_time_ms":96496906,"magic":null,"level":"INFO","code":"ROLL_ACCEPTED","reason":null,"ticket":1985806852,"detail":{"ticket":1985806852,"side":"S","layer_index":0,"entry":1.11684,"level":1.12178,"target":1.12078,"accrued":0.00000,"clamped":false,"cost":0.00394,"cost_pips":39.4,"rolled":1,"was_ejected":false,"source":"auto","reroll":false,"from_level":0.00000}}
14,100,1791210519566,ea_event,,{"type":"fill_log","seq":32,"ea_time_ms":96497250,"magic":22260201,"deal_ticket":800000015,"order_ticket":9102,"position_id":900000015,"entry_type":"IN","deal_type":"SELL","side":"S","layer_index":7,"role":"ENT","deal_price":1.12115,"order_price_open":null,"slippage_pips":null,"volume":0.00,"profit":0.00,"swap":0.00,"commission":0.00,"deal_time_broker":"2026-10-05 14:28:39","deal_time_broker_msc":1791210519000,"halted_at_receipt":false,"quarantined_at_receipt":false}
14,108,1791218162147,ea_event,,{"type":"fill_log","seq":33,"ea_time_ms":96497656,"magic":22260201,"deal_ticket":800000016,"order_ticket":9110,"position_id":900000016,"entry_type":"IN","deal_type":"SELL","side":"S","layer_index":6,"role":"EXT","deal_price":1.11952,"order_price_open":null,"slippage_pips":null,"volume":0.00,"profit":0.00,"swap":0.00,"commission":0.00,"deal_time_broker":"2026-10-05 16:36:02","deal_time_broker_msc":1791218162000,"halted_at_receipt":false,"quarantined_at_receipt":false}
14,111,1791218749479,ea_event,,{"type":"fill_log","seq":34,"ea_time_ms":96497703,"magic":22260201,"deal_ticket":800000017,"order_ticket":9112,"position_id":900000017,"entry_type":"IN","deal_type":"SELL","side":"S","layer_index":5,"role":"EXT","deal_price":1.11895,"order_price_open":null,"slippage_pips":null,"volume":0.00,"profit":0.00,"swap":0.00,"commission":0.00,"deal_time_broker":"2026-10-05 16:45:49","deal_time_broker_msc":1791218749000,"halted_at_receipt":false,"quarantined_at_receipt":false}
14,114,1791222083982,ea_event,,{"type":"fill_log","seq":35,"ea_time_ms":96497937,"magic":22260201,"deal_ticket":800000018,"order_ticket":9115,"position_id":900000018,"entry_type":"IN","deal_type":"SELL","side":"S","layer_index":5,"role":"ENT","deal_price":1.11996,"order_price_open":null,"slippage_pips":null,"volume":0.00,"profit":0.00,"swap":0.00,"commission":0.00,"deal_time_broker":"2026-10-05 17:41:23","deal_time_broker_msc":1791222083000,"halted_at_receipt":false,"quarantined_at_receipt":false}
14,117,1791228362434,ea_event,,{"type":"fill_log","seq":36,"ea_time_ms":96498250,"magic":22260201,"deal_ticket":800000019,"order_ticket":9121,"position_id":900000019,"entry_type":"IN","deal_type":"SELL","side":"S","layer_index":7,"role":"EXT","deal_price":1.12013,"order_price_open":null,"slippage_pips":null,"volume":0.00,"profit":0.00,"swap":0.00,"commission":0.00,"deal_time_broker":"2026-10-05 19:26:02","deal_time_broker_msc":1791228362000,"halted_at_receipt":false,"quarantined_at_receipt":false}
14,122,1791244201125,ea_event,ROLL_ACCEPTED,{"type":"ea_event","seq":37,"ea_time_ms":96498671,"magic":null,"level":"INFO","code":"ROLL_ACCEPTED","reason":null,"ticket":1985808617,"detail":{"ticket":1985808617,"side":"S","layer_index":1,"entry":1.11744,"level":1.12233,"target":1.12133,"accrued":0.00000,"clamped":false,"cost":0.00389,"cost_pips":38.9,"rolled":1,"was_ejected":false,"source":"auto","reroll":false,"from_level":0.00000}}
14,123,1791244210001,ea_event,CARRY_EXIT_SHIFT,{"type":"ea_event","seq":38,"ea_time_ms":96498671,"magic":null,"level":"INFO","code":"CARRY_EXIT_SHIFT","reason":"EURUSD","ticket":null,"detail":{"position_ticket":1975880673,"side":"long","layer_index":0,"accrued_ledger_pips":-4.100,"pending_pips":-0.799,"accrued_pips_total":-4.899,"old_price":1.13237,"new_price":1.13253,"clamped":false,"sign_guard_skipped":false,"retcode":10009,"points_native_pips":-3.995}}
14,123,1791244390001,ea_event,CARRY_EXIT_SHIFT,{"type":"ea_event","seq":39,"ea_time_ms":96498671,"magic":null,"level":"INFO","code":"CARRY_EXIT_SHIFT","reason":"EURUSD","ticket":null,"detail":{"position_ticket":1983760582,"side":"long","layer_index":7,"accrued_ledger_pips":-0.800,"pending_pips":-0.799,"accrued_pips_total":-1.599,"old_price":1.12277,"new_price":1.12293,"clamped":false,"sign_guard_skipped":false,"retcode":10009,"points_native_pips":-2.397}}
14,123,1791244450001,ea_event,CARRY_EXIT_SHIFT,{"type":"ea_event","seq":40,"ea_time_ms":96498671,"magic":null,"level":"INFO","code":"CARRY_EXIT_SHIFT","reason":"EURUSD","ticket":null,"detail":{"position_ticket":1985808617,"side":"short","layer_index":1,"accrued_ledger_pips":0.000,"pending_pips":0.131,"accrued_pips_total":0.131,"old_price":1.12133,"new_price":1.12134,"clamped":false,"sign_guard_skipped":false,"retcode":10009,"points_native_pips":0.131}}
14,123,1791244450001,ea_event,CARRY_EXIT_SHIFT,{"type":"ea_event","seq":41,"ea_time_ms":96498671,"magic":null,"level":"INFO","code":"CARRY_EXIT_SHIFT","reason":"EURUSD","ticket":null,"detail":{"position_ticket":1986169985,"side":"short","layer_index":2,"accrued_ledger_pips":0.000,"pending_pips":0.131,"accrued_pips_total":0.131,"old_price":1.11713,"new_price":1.11714,"clamped":false,"sign_guard_skipped":false,"retcode":10009,"points_native_pips":0.131}}
14,123,1791244630001,ea_event,CARRY_PASS_SUMMARY,{"type":"ea_event","seq":42,"ea_time_ms":96498671,"magic":null,"level":"INFO","code":"CARRY_PASS_SUMMARY","reason":"EURUSD","ticket":null,"detail":{"eligible":16,"shifted":4,"clamped":0,"skipped":0,"failed":0,"incomplete":false}}
16,0,1791252111247,ea_event,ROLL_ACCEPTED,{"type":"ea_event","seq":0,"ea_time_ms":96564375,"magic":null,"level":"INFO","code":"ROLL_ACCEPTED","reason":null,"ticket":1975880673,"detail":{"ticket":1975880673,"side":"L","layer_index":0,"entry":1.13670,"level":1.12117,"target":1.12266,"accrued":0.00049,"clamped":false,"cost":0.01453,"cost_pips":145.3,"rolled":8,"was_ejected":false,"source":"reroll","reroll":true,"from_level":1.13104}}
16,1,1791252120092,ea_event,ROLL_ACCEPTED,{"type":"ea_event","seq":1,"ea_time_ms":96564375,"magic":null,"level":"INFO","code":"ROLL_ACCEPTED","reason":null,"ticket":1975959171,"detail":{"ticket":1975959171,"side":"L","layer_index":1,"entry":1.13600,"level":1.12057,"target":1.12206,"accrued":0.00049,"clamped":false,"cost":0.01443,"cost_pips":144.3,"rolled":8,"was_ejected":false,"source":"reroll","reroll":true,"from_level":1.13044}}
16,2,1791252123728,ea_event,ROLL_ACCEPTED,{"type":"ea_event","seq":2,"ea_time_ms":96564375,"magic":null,"level":"INFO","code":"ROLL_ACCEPTED","reason":null,"ticket":1983434019,"detail":{"ticket":1983434019,"side":"L","layer_index":2,"entry":1.12835,"level":1.11997,"target":1.12201,"accrued":0.00016,"clamped":true,"cost":0.00738,"cost_pips":73.8,"rolled":8,"was_ejected":false,"source":"reroll","reroll":true,"from_level":1.12477}}
16,3,1791252126110,ea_event,ROLL_ACCEPTED,{"type":"ea_event","seq":3,"ea_time_ms":96564375,"magic":null,"level":"INFO","code":"ROLL_ACCEPTED","reason":null,"ticket":1983434147,"detail":{"ticket":1983434147,"side":"L","layer_index":3,"entry":1.12774,"level":1.11937,"target":1.12202,"accrued":0.00016,"clamped":true,"cost":0.00737,"cost_pips":73.7,"rolled":8,"was_ejected":false,"source":"reroll","reroll":true,"from_level":1.12417}}
16,4,1791252133761,ea_event,ROLL_ACCEPTED,{"type":"ea_event","seq":4,"ea_time_ms":96564375,"magic":null,"level":"INFO","code":"ROLL_ACCEPTED","reason":null,"ticket":1983447980,"detail":{"ticket":1983447980,"side":"L","layer_index":4,"entry":1.12717,"level":1.11877,"target":1.12202,"accrued":0.00016,"clamped":true,"cost":0.00740,"cost_pips":74.0,"rolled":8,"was_ejected":false,"source":"reroll","reroll":true,"from_level":1.12357}}
16,5,1791252134977,ea_event,ROLL_ACCEPTED,{"type":"ea_event","seq":5,"ea_time_ms":96564375,"magic":null,"level":"INFO","code":"ROLL_ACCEPTED","reason":null,"ticket":1983680771,"detail":{"ticket":1983680771,"side":"L","layer_index":5,"entry":1.12657,"level":1.11817,"target":1.12201,"accrued":0.00016,"clamped":true,"cost":0.00740,"cost_pips":74.0,"rolled":8,"was_ejected":false,"source":"reroll","reroll":true,"from_level":1.12297}}
16,6,1791252136166,ea_event,ROLL_ACCEPTED,{"type":"ea_event","seq":6,"ea_time_ms":96564375,"magic":null,"level":"INFO","code":"ROLL_ACCEPTED","reason":null,"ticket":1983699077,"detail":{"ticket":1983699077,"side":"L","layer_index":6,"entry":1.12597,"level":1.11757,"target":1.12202,"accrued":0.00016,"clamped":true,"cost":0.00740,"cost_pips":74.0,"rolled":8,"was_ejected":false,"source":"reroll","reroll":true,"from_level":1.12237}}
16,7,1791252137610,ea_event,ROLL_ACCEPTED,{"type":"ea_event","seq":7,"ea_time_ms":96564375,"magic":null,"level":"INFO","code":"ROLL_ACCEPTED","reason":null,"ticket":1983760582,"detail":{"ticket":1983760582,"side":"L","layer_index":7,"entry":1.12537,"level":1.11697,"target":1.12195,"accrued":0.00016,"clamped":true,"cost":0.00740,"cost_pips":74.0,"rolled":8,"was_ejected":false,"source":"reroll","reroll":true,"from_level":1.12177}}
16,8,1791252139007,ea_event,ROLL_ACCEPTED,{"type":"ea_event","seq":8,"ea_time_ms":96564375,"magic":null,"level":"INFO","code":"ROLL_ACCEPTED","reason":null,"ticket":1975880673,"detail":{"ticket":1975880673,"side":"L","layer_index":0,"entry":1.13670,"level":1.11637,"target":1.12195,"accrued":0.00049,"clamped":true,"cost":0.01933,"cost_pips":193.3,"rolled":8,"was_ejected":false,"source":"reroll","reroll":true,"from_level":1.12117}}
16,8,1791253040726,ea_event,,{"type":"fill_log","seq":9,"ea_time_ms":96564375,"magic":22260201,"deal_ticket":800000001,"order_ticket":9007,"position_id":900000001,"entry_type":"IN","deal_type":"BUY","side":"L","layer_index":0,"role":"EXT","deal_price":1.12196,"order_price_open":null,"slippage_pips":null,"volume":0.00,"profit":0.00,"swap":0.00,"commission":0.00,"deal_time_broker":"2026-10-06 02:17:20","deal_time_broker_msc":1791253040000,"halted_at_receipt":false,"quarantined_at_receipt":false}
16,11,1791253073321,ea_event,,{"type":"fill_log","seq":10,"ea_time_ms":96564375,"magic":22260201,"deal_ticket":800000002,"order_ticket":9009,"position_id":900000002,"entry_type":"IN","deal_type":"BUY","side":"L","layer_index":7,"role":"EXT","deal_price":1.12196,"order_price_open":null,"slippage_pips":null,"volume":0.00,"profit":0.00,"swap":0.00,"commission":0.00,"deal_time_broker":"2026-10-06 02:17:53","deal_time_broker_msc":1791253073000,"halted_at_receipt":false,"quarantined_at_receipt":false}
16,20,1791253432920,ea_event,,{"type":"fill_log","seq":11,"ea_time_ms":96564375,"magic":22260201,"deal_ticket":800000003,"order_ticket":9015,"position_id":900000003,"entry_type":"IN","deal_type":"BUY","side":"L","layer_index":4,"role":"EXT","deal_price":1.12204,"order_price_open":null,"slippage_pips":null,"volume":0.00,"profit":0.00,"swap":0.00,"commission":0.00,"deal_time_broker":"2026-10-06 02:23:52","deal_time_broker_msc":1791253432000,"halted_at_receipt":false,"quarantined_at_receipt":false}
16,29,1791253890238,ea_event,,{"type":"fill_log","seq":12,"ea_time_ms":96564390,"magic":22260201,"deal_ticket":800000004,"order_ticket":9019,"position_id":900000004,"entry_type":"IN","deal_type":"BUY","side":"L","layer_index":2,"role":"EXT","deal_price":1.12207,"order_price_open":null,"slippage_pips":null,"volume":0.00,"profit":0.00,"swap":0.00,"commission":0.00,"deal_time_broker":"2026-10-06 02:31:30","deal_time_broker_msc":1791253890000,"halted_at_receipt":false,"quarantined_at_receipt":false}
16,33,1791256016909,ea_event,STRAY_L0_CANCEL,{"type":"ea_event","seq":13,"ea_time_ms":96564406,"magic":null,"level":"WARN","code":"STRAY_L0_CANCEL","reason":null,"ticket":9021,"detail":{"side":"L","depth":1}}
16,33,1791259209832,ea_event,,{"type":"fill_log","seq":14,"ea_time_ms":96564437,"magic":22260201,"deal_ticket":800000005,"order_ticket":9022,"position_id":900000005,"entry_type":"IN","deal_type":"BUY","side":"L","layer_index":0,"role":"EXT","deal_price":1.12241,"order_price_open":null,"slippage_pips":null,"volume":0.00,"profit":0.00,"swap":0.00,"commission":0.00,"deal_time_broker":"2026-10-06 04:00:09","deal_time_broker_msc":1791259209000,"halted_at_receipt":false,"quarantined_at_receipt":false}
16,37,1791260841919,ea_event,ROLL_ACCEPTED,{"type":"ea_event","seq":15,"ea_time_ms":96564468,"magic":null,"level":"INFO","code":"ROLL_ACCEPTED","reason":null,"ticket":1986169985,"detail":{"ticket":1986169985,"side":"S","layer_index":2,"entry":1.11813,"level":1.12293,"target":1.12194,"accrued":0.00001,"clamped":false,"cost":0.00380,"cost_pips":38.0,"rolled":2,"was_ejected":false,"source":"auto","reroll":false,"from_level":0.00000}}
16,38,1791262328582,ea_event,STRAY_L0_CANCEL,{"type":"ea_event","seq":16,"ea_time_ms":96564500,"magic":null,"level":"WARN","code":"STRAY_L0_CANCEL","reason":null,"ticket":9024,"detail":{"side":"L","depth":1}}
16,38,1791262495799,ea_event,,{"type":"fill_log","seq":17,"ea_time_ms":96564500,"magic":22260201,"deal_ticket":800000006,"order_ticket":1988240215,"position_id":900000006,"entry_type":"IN","deal_type":"SELL","side":"S","layer_index":2,"role":"EXT","deal_price":1.12189,"order_price_open":null,"slippage_pips":null,"volume":0.00,"profit":0.00,"swap":0.00,"commission":0.00,"deal_time_broker":"2026-10-06 04:54:55","deal_time_broker_msc":1791262495000,"halted_at_receipt":false,"quarantined_at_receipt":false}
17,0,1791276619906,ea_event,,{"type":"fill_log","seq":0,"ea_time_ms":96564671,"magic":22260201,"deal_ticket":800000001,"order_ticket":9000,"position_id":900000001,"entry_type":"IN","deal_type":"SELL","side":"S","layer_index":9,"role":"EXT","deal_price":1.12127,"order_price_open":null,"slippage_pips":null,"volume":0.00,"profit":0.00,"swap":0.00,"commission":0.00,"deal_time_broker":"2026-10-06 08:50:19","deal_time_broker_msc":1791276619000,"halted_at_receipt":false,"quarantined_at_receipt":false}
17,3,1791277520857,ea_event,,{"type":"fill_log","seq":1,"ea_time_ms":96564687,"magic":22260201,"deal_ticket":800000002,"order_ticket":1988684397,"position_id":900000002,"entry_type":"IN","deal_type":"BUY","side":"L","layer_index":2,"role":"ENT","deal_price":1.12096,"order_price_open":null,"slippage_pips":null,"volume":0.00,"profit":0.00,"swap":0.00,"commission":0.00,"deal_time_broker":"2026-10-06 09:05:20","deal_time_broker_msc":1791277520000,"halted_at_receipt":false,"quarantined_at_receipt":false}
17,4,1791277597316,ea_event,,{"type":"fill_log","seq":2,"ea_time_ms":96564687,"magic":22260201,"deal_ticket":800000003,"order_ticket":9002,"position_id":900000003,"entry_type":"IN","deal_type":"SELL","side":"S","layer_index":8,"role":"EXT","deal_price":1.12069,"order_price_open":null,"slippage_pips":null,"volume":0.00,"profit":0.00,"swap":0.00,"commission":0.00,"deal_time_broker":"2026-10-06 09:06:37","deal_time_broker_msc":1791277597000,"halted_at_receipt":false,"quarantined_at_receipt":false}
17,11,1791281281870,ea_event,,{"type":"fill_log","seq":3,"ea_time_ms":96564765,"magic":22260201,"deal_ticket":800000004,"order_ticket":9012,"position_id":900000004,"entry_type":"IN","deal_type":"BUY","side":"L","layer_index":3,"role":"ENT","deal_price":1.12035,"order_price_open":null,"slippage_pips":null,"volume":0.00,"profit":0.00,"swap":0.00,"commission":0.00,"deal_time_broker":"2026-10-06 10:08:01","deal_time_broker_msc":1791281281000,"halted_at_receipt":false,"quarantined_at_receipt":false}
17,12,1791281695094,ea_event,,{"type":"fill_log","seq":4,"ea_time_ms":96564781,"magic":22260201,"deal_ticket":800000005,"order_ticket":9015,"position_id":900000005,"entry_type":"IN","deal_type":"BUY","side":"L","layer_index":3,"role":"EXT","deal_price":1.12141,"order_price_open":null,"slippage_pips":null,"volume":0.00,"profit":0.00,"swap":0.00,"commission":0.00,"deal_time_broker":"2026-10-06 10:14:55","deal_time_broker_msc":1791281695000,"halted_at_receipt":false,"quarantined_at_receipt":false}
17,15,1791281709382,ea_event,,{"type":"fill_log","seq":5,"ea_time_ms":96564781,"magic":22260201,"deal_ticket":800000006,"order_ticket":9008,"position_id":900000006,"entry_type":"IN","deal_type":"SELL","side":"S","layer_index":8,"role":"ENT","deal_price":1.12175,"order_price_open":null,"slippage_pips":null,"volume":0.00,"profit":0.00,"swap":0.00,"commission":0.00,"deal_time_broker":"2026-10-06 10:15:09","deal_time_broker_msc":1791281709000,"halted_at_receipt":false,"quarantined_at_receipt":false}
17,19,1791282864262,ea_event,,{"type":"fill_log","seq":6,"ea_time_ms":96564828,"magic":22260201,"deal_ticket":800000007,"order_ticket":9019,"position_id":900000007,"entry_type":"IN","deal_type":"SELL","side":"S","layer_index":9,"role":"ENT","deal_price":1.12239,"order_price_open":null,"slippage_pips":null,"volume":0.00,"profit":0.00,"swap":0.00,"commission":0.00,"deal_time_broker":"2026-10-06 10:34:24","deal_time_broker_msc":1791282864000,"halted_at_receipt":false,"quarantined_at_receipt":false}
17,20,1791283190081,ea_event,,{"type":"fill_log","seq":7,"ea_time_ms":96564828,"magic":22260201,"deal_ticket":800000008,"order_ticket":9021,"position_id":900000008,"entry_type":"IN","deal_type":"BUY","side":"L","layer_index":1,"role":"EXT","deal_price":1.12260,"order_price_open":null,"slippage_pips":null,"volume":0.00,"profit":0.00,"swap":0.00,"commission":0.00,"deal_time_broker":"2026-10-06 10:39:50","deal_time_broker_msc":1791283190000,"halted_at_receipt":false,"quarantined_at_receipt":false}
17,23,1791283223265,ea_event,,{"type":"fill_log","seq":8,"ea_time_ms":96564828,"magic":22260201,"deal_ticket":800000009,"order_ticket":9024,"position_id":900000009,"entry_type":"IN","deal_type":"SELL","side":"S","layer_index":10,"role":"ENT","deal_price":1.12308,"order_price_open":null,"slippage_pips":null,"volume":0.00,"profit":0.00,"swap":0.00,"commission":0.00,"deal_time_broker":"2026-10-06 10:40:23","deal_time_broker_msc":1791283223000,"halted_at_receipt":false,"quarantined_at_receipt":false}
17,28,1791284005085,ea_event,ROLL_ACCEPTED,{"type":"ea_event","seq":9,"ea_time_ms":96564859,"magic":null,"level":"INFO","code":"ROLL_ACCEPTED","reason":null,"ticket":1986183935,"detail":{"ticket":1986183935,"side":"S","layer_index":3,"entry":1.11873,"level":1.12368,"target":1.12269,"accrued":0.00001,"clamped":false,"cost":0.00395,"cost_pips":39.5,"rolled":1,"was_ejected":false,"source":"auto","reroll":false,"from_level":0.00000}}
17,28,1791284073226,ea_event,,{"type":"fill_log","seq":10,"ea_time_ms":96564859,"magic":22260201,"deal_ticket":800000010,"order_ticket":9029,"position_id":900000010,"entry_type":"IN","deal_type":"BUY","side":"L","layer_index":0,"role":"ENT","deal_price":1.12351,"order_price_open":null,"slippage_pips":null,"volume":0.00,"profit":0.00,"swap":0.00,"commission":0.00,"deal_time_broker":"2026-10-06 10:54:33","deal_time_broker_msc":1791284073000,"halted_at_receipt":false,"quarantined_at_receipt":false}
17,30,1791284302281,ea_event,ROLL_ACCEPTED,{"type":"ea_event","seq":11,"ea_time_ms":96564859,"magic":null,"level":"INFO","code":"ROLL_ACCEPTED","reason":null,"ticket":1986209324,"detail":{"ticket":1986209324,"side":"S","layer_index":4,"entry":1.11933,"level":1.12428,"target":1.12329,"accrued":0.00001,"clamped":false,"cost":0.00395,"cost_pips":39.5,"rolled":2,"was_ejected":false,"source":"auto","reroll":false,"from_level":0.00000}}
17,30,1791284821313,ea_event,,{"type":"fill_log","seq":12,"ea_time_ms":96564890,"magic":22260201,"deal_ticket":800000011,"order_ticket":9030,"position_id":900000011,"entry_type":"IN","deal_type":"SELL","side":"S","layer_index":4,"role":"EXT","deal_price":1.12327,"order_price_open":null,"slippage_pips":null,"volume":0.00,"profit":0.00,"swap":0.00,"commission":0.00,"deal_time_broker":"2026-10-06 11:07:01","deal_time_broker_msc":1791284821000,"halted_at_receipt":false,"quarantined_at_receipt":false}
17,30,1791284821749,ea_event,,{"type":"fill_log","seq":13,"ea_time_ms":96564890,"magic":22260201,"deal_ticket":800000012,"order_ticket":700000012,"position_id":1986209324,"entry_type":"OUT_BY","deal_type":"SELL","side":null,"layer_index":null,"role":null,"deal_price":1.12327,"order_price_open":null,"slippage_pips":null,"volume":0.00,"profit":-3.94,"swap":0.01,"commission":0.00,"deal_time_broker":"2026-10-06 11:07:01","deal_time_broker_msc":1791284821000,"halted_at_receipt":false,"quarantined_at_receipt":false}
17,30,1791284821749,ea_event,ROLL_FILLED,{"type":"ea_event","seq":14,"ea_time_ms":96564890,"magic":null,"level":"INFO","code":"ROLL_FILLED","reason":null,"ticket":1986209324,"detail":{"ticket":1986209324,"level":1.12428}}
17,30,1791284821749,ea_event,,{"type":"fill_log","seq":15,"ea_time_ms":96564890,"magic":22260201,"deal_ticket":800000013,"order_ticket":700000012,"position_id":900000011,"entry_type":"OUT_BY","deal_type":"SELL","side":null,"layer_index":null,"role":null,"deal_price":1.11933,"order_price_open":null,"slippage_pips":null,"volume":0.00,"profit":0.00,"swap":0.00,"commission":0.00,"deal_time_broker":"2026-10-06 11:07:01","deal_time_broker_msc":1791284821000,"halted_at_receipt":false,"quarantined_at_receipt":false}
17,30,1791284821749,scalp,SCALP_CLOSED,{"close_time":"2026-10-06T11:07:01Z","instrument":"EURUSD","direction":"SHORT","entry_price":1.11933,"exit_price":1.12327,"layer_depth":4,"stack_depth":8,"gross_pnl":-3.93,"instance_id":"GRIND_EURUSD_OPTC","ejected":false,"rolled":true,"broker_utc_offset_s":10800,"account_login":53077984}
17,34,1791285377810,ea_event,,{"type":"fill_log","seq":16,"ea_time_ms":96564906,"magic":22260201,"deal_ticket":800000014,"order_ticket":9035,"position_id":900000012,"entry_type":"IN","deal_type":"SELL","side":"S","layer_index":3,"role":"EXT","deal_price":1.12265,"order_price_open":null,"slippage_pips":null,"volume":0.00,"profit":0.00,"swap":0.00,"commission":0.00,"deal_time_broker":"2026-10-06 11:16:17","deal_time_broker_msc":1791285377000,"halted_at_receipt":false,"quarantined_at_receipt":false}
17,42,1791286878212,ea_event,,{"type":"fill_log","seq":17,"ea_time_ms":96564937,"magic":22260201,"deal_ticket":800000015,"order_ticket":9033,"position_id":900000013,"entry_type":"IN","deal_type":"BUY","side":"L","layer_index":0,"role":"EXT","deal_price":1.12458,"order_price_open":null,"slippage_pips":null,"volume":0.00,"profit":0.00,"swap":0.00,"commission":0.00,"deal_time_broker":"2026-10-06 11:41:18","deal_time_broker_msc":1791286878000,"halted_at_receipt":false,"quarantined_at_receipt":false}
17,45,1791286908645,ea_event,,{"type":"fill_log","seq":18,"ea_time_ms":96564937,"magic":22260201,"deal_ticket":800000016,"order_ticket":9044,"position_id":900000014,"entry_type":"IN","deal_type":"BUY","side":"L","layer_index":0,"role":"ENT","deal_price":1.12435,"order_price_open":null,"slippage_pips":null,"volume":0.00,"profit":0.00,"swap":0.00,"commission":0.00,"deal_time_broker":"2026-10-06 11:41:48","deal_time_broker_msc":1791286908000,"halted_at_receipt":false,"quarantined_at_receipt":false}
17,47,1791291111880,ea_event,,{"type":"fill_log","seq":19,"ea_time_ms":96565031,"magic":22260201,"deal_ticket":800000017,"order_ticket":9048,"position_id":900000015,"entry_type":"IN","deal_type":"BUY","side":"L","layer_index":1,"role":"EXT","deal_price":1.12478,"order_price_open":null,"slippage_pips":null,"volume":0.00,"profit":0.00,"swap":0.00,"commission":0.00,"deal_time_broker":"2026-10-06 12:51:51","deal_time_broker_msc":1791291111000,"halted_at_receipt":false,"quarantined_at_receipt":false}
17,51,1791295981127,ea_event,ROLL_ACCEPTED,{"type":"ea_event","seq":20,"ea_time_ms":96565125,"magic":null,"level":"INFO","code":"ROLL_ACCEPTED","reason":null,"ticket":1987309445,"detail":{"ticket":1987309445,"side":"S","layer_index":5,"entry":1.11996,"level":1.12488,"target":1.12389,"accrued":0.00001,"clamped":false,"cost":0.00392,"cost_pips":39.2,"rolled":1,"was_ejected":false,"source":"auto","reroll":false,"from_level":0.00000}}
17,51,1791296132708,ea_event,,{"type":"fill_log","seq":21,"ea_time_ms":96565140,"magic":22260201,"deal_ticket":800000018,"order_ticket":9047,"position_id":900000016,"entry_type":"IN","deal_type":"BUY","side":"L","layer_index":0,"role":"EXT","deal_price":1.12537,"order_price_open":null,"slippage_pips":null,"volume":0.00,"profit":0.00,"swap":0.00,"commission":0.00,"deal_time_broker":"2026-10-06 14:15:32","deal_time_broker_msc":1791296132000,"halted_at_receipt":false,"quarantined_at_receipt":false}
17,55,1791296302069,ea_event,ROLL_ACCEPTED,{"type":"ea_event","seq":22,"ea_time_ms":96565140,"magic":null,"level":"INFO","code":"ROLL_ACCEPTED","reason":null,"ticket":1987529553,"detail":{"ticket":1987529553,"side":"S","layer_index":6,"entry":1.12056,"level":1.12548,"target":1.12449,"accrued":0.00001,"clamped":false,"cost":0.00392,"cost_pips":39.2,"rolled":2,"was_ejected":false,"source":"auto","reroll":false,"from_level":0.00000}}
17,55,1791296658618,ea_event,,{"type":"fill_log","seq":23,"ea_time_ms":96565156,"magic":22260201,"deal_ticket":800000019,"order_ticket":9052,"position_id":900000017,"entry_type":"IN","deal_type":"BUY","side":"L","layer_index":0,"role":"ENT","deal_price":1.12564,"order_price_open":null,"slippage_pips":null,"volume":0.00,"profit":0.00,"swap":0.00,"commission":0.00,"deal_time_broker":"2026-10-06 14:24:18","deal_time_broker_msc":1791296658000,"halted_at_receipt":false,"quarantined_at_receipt":false}
17,56,1791296733664,ea_event,ROLL_ACCEPTED,{"type":"ea_event","seq":24,"ea_time_ms":96565156,"magic":null,"level":"INFO","code":"ROLL_ACCEPTED","reason":null,"ticket":1987827917,"detail":{"ticket":1987827917,"side":"S","layer_index":7,"entry":1.12114,"level":1.12608,"target":1.12509,"accrued":0.00001,"clamped":false,"cost":0.00394,"cost_pips":39.4,"rolled":3,"was_ejected":false,"source":"auto","reroll":false,"from_level":0.00000}}
17,57,1791296791213,ea_event,STRAY_L0_CANCEL,{"type":"ea_event","seq":25,"ea_time_ms":96565156,"magic":null,"level":"WARN","code":"STRAY_L0_CANCEL","reason":null,"ticket":9057,"detail":{"side":"L","depth":1}}
17,58,1791296859386,ea_event,ROLL_ACCEPTED,{"type":"ea_event","seq":26,"ea_time_ms":96565156,"magic":null,"level":"INFO","code":"ROLL_ACCEPTED","reason":null,"ticket":1989193495,"detail":{"ticket":1989193495,"side":"S","layer_index":8,"entry":1.12175,"level":1.12668,"target":1.12568,"accrued":0.00000,"clamped":false,"cost":0.00393,"cost_pips":39.3,"rolled":4,"was_ejected":false,"source":"auto","reroll":false,"from_level":0.00000}}
17,59,1791298984556,ea_event,ROLL_ACCEPTED,{"type":"ea_event","seq":27,"ea_time_ms":96565250,"magic":null,"level":"INFO","code":"ROLL_ACCEPTED","reason":null,"ticket":1989375864,"detail":{"ticket":1989375864,"side":"S","layer_index":9,"entry":1.12239,"level":1.12728,"target":1.12628,"accrued":0.00000,"clamped":false,"cost":0.00389,"cost_pips":38.9,"rolled":5,"was_ejected":false,"source":"auto","reroll":false,"from_level":0.00000}}
17,62,1791299118602,ea_event,,{"type":"fill_log","seq":28,"ea_time_ms":96565250,"magic":22260201,"deal_ticket":800000020,"order_ticket":9062,"position_id":900000018,"entry_type":"IN","deal_type":"BUY","side":"L","layer_index":0,"role":"ENT","deal_price":1.12736,"order_price_open":null,"slippage_pips":null,"volume":0.00,"profit":0.00,"swap":0.00,"commission":0.00,"deal_time_broker":"2026-10-06 15:05:18","deal_time_broker_msc":1791299118000,"halted_at_receipt":false,"quarantined_at_receipt":false}
17,63,1791299206322,ea_event,,{"type":"fill_log","seq":29,"ea_time_ms":96565265,"magic":22260201,"deal_ticket":800000021,"order_ticket":9064,"position_id":900000019,"entry_type":"IN","deal_type":"BUY","side":"L","layer_index":1,"role":"ENT","deal_price":1.12671,"order_price_open":null,"slippage_pips":null,"volume":0.00,"profit":0.00,"swap":0.00,"commission":0.00,"deal_time_broker":"2026-10-06 15:06:46","deal_time_broker_msc":1791299206000,"halted_at_receipt":false,"quarantined_at_receipt":false}
17,71,1791303853392,ea_event,,{"type":"fill_log","seq":30,"ea_time_ms":96565437,"magic":22260201,"deal_ticket":800000022,"order_ticket":9072,"position_id":900000020,"entry_type":"IN","deal_type":"BUY","side":"L","layer_index":3,"role":"ENT","deal_price":1.12545,"order_price_open":null,"slippage_pips":null,"volume":0.00,"profit":0.00,"swap":0.00,"commission":0.00,"deal_time_broker":"2026-10-06 16:24:13","deal_time_broker_msc":1791303853000,"halted_at_receipt":false,"quarantined_at_receipt":false}
17,76,1791308545634,ea_event,,{"type":"fill_log","seq":31,"ea_time_ms":96565593,"magic":22260201,"deal_ticket":800000023,"order_ticket":9077,"position_id":900000021,"entry_type":"IN","deal_type":"SELL","side":"S","layer_index":6,"role":"EXT","deal_price":1.12448,"order_price_open":null,"slippage_pips":null,"volume":0.00,"profit":0.00,"swap":0.00,"commission":0.00,"deal_time_broker":"2026-10-06 17:42:25","deal_time_broker_msc":1791308545000,"halted_at_receipt":false,"quarantined_at_receipt":false}
17,84,1791310788718,ea_event,,{"type":"fill_log","seq":32,"ea_time_ms":96565671,"magic":22260201,"deal_ticket":800000024,"order_ticket":9083,"position_id":900000022,"entry_type":"IN","deal_type":"BUY","side":"L","layer_index":3,"role":"EXT","deal_price":1.12646,"order_price_open":null,"slippage_pips":null,"volume":0.00,"profit":0.00,"swap":0.00,"commission":0.00,"deal_time_broker":"2026-10-06 18:19:48","deal_time_broker_msc":1791310788000,"halted_at_receipt":false,"quarantined_at_receipt":false}
17,87,1791311611409,ea_event,,{"type":"fill_log","seq":33,"ea_time_ms":96565687,"magic":22260201,"deal_ticket":800000025,"order_ticket":9086,"position_id":900000023,"entry_type":"IN","deal_type":"SELL","side":"S","layer_index":15,"role":"ENT","deal_price":1.12668,"order_price_open":null,"slippage_pips":null,"volume":0.00,"profit":0.00,"swap":0.00,"commission":0.00,"deal_time_broker":"2026-10-06 18:33:31","deal_time_broker_msc":1791311611000,"halted_at_receipt":false,"quarantined_at_receipt":false}
17,95,1791330612000,ea_event,CARRY_SNAPSHOT,{"type":"ea_event","seq":34,"ea_time_ms":96566015,"magic":null,"level":"INFO","code":"CARRY_SNAPSHOT","reason":"EURUSD","ticket":null,"detail":{"symbol":"EURUSD","swap_mode":1,"swap_long":-7.9900,"swap_short":1.3100,"multiplier":1,"day_of_week":2,"rollover3days":3,"digits":5,"point":0.00001000,"tick_value":1.00000000,"tick_size":0.00001000,"stops_level":0,"freeze_level":0,"long_pips":-0.799,"short_pips":0.131,"eligible_long":3,"eligible_short":6,"trade_mode_full":true,"mult_today":1,"mult_tomorrow":3,"accrued_swap_long":0.00,"accrued_swap_short":0.00}}
17,95,1791330612000,ea_event,CARRY_EXIT_SHIFT,{"type":"ea_event","seq":35,"ea_time_ms":96566015,"magic":null,"level":"INFO","code":"CARRY_EXIT_SHIFT","reason":"EURUSD","ticket":null,"detail":{"position_ticket":1990101837,"side":"long","layer_index":0,"accrued_ledger_pips":0.000,"pending_pips":-2.397,"accrued_pips_total":-2.397,"old_price":1.12833,"new_price":1.12857,"clamped":false,"sign_guard_skipped":false,"retcode":10009,"points_native_pips":-0.799}}
17,95,1791330672000,ea_event,CARRY_EXIT_SHIFT,{"type":"ea_event","seq":36,"ea_time_ms":96566015,"magic":null,"level":"INFO","code":"CARRY_EXIT_SHIFT","reason":"EURUSD","ticket":null,"detail":{"position_ticket":1990112560,"side":"long","layer_index":2,"accrued_ledger_pips":0.000,"pending_pips":-2.397,"accrued_pips_total":-2.397,"old_price":1.12711,"new_price":1.12735,"clamped":false,"sign_guard_skipped":false,"retcode":10009,"points_native_pips":-0.799}}
17,95,1791330732000,ea_event,CARRY_EXIT_SHIFT,{"type":"ea_event","seq":37,"ea_time_ms":96566015,"magic":null,"level":"INFO","code":"CARRY_EXIT_SHIFT","reason":"EURUSD","ticket":null,"detail":{"position_ticket":1989438379,"side":"short","layer_index":10,"accrued_ledger_pips":0.000,"pending_pips":0.393,"accrued_pips_total":0.393,"old_price":1.12208,"new_price":1.12212,"clamped":false,"sign_guard_skipped":false,"retcode":10009,"points_native_pips":0.131}}
17,95,1791330852000,ea_event,CARRY_EXIT_SHIFT,{"type":"ea_event","seq":38,"ea_time_ms":96566015,"magic":null,"level":"INFO","code":"CARRY_EXIT_SHIFT","reason":"EURUSD","ticket":null,"detail":{"position_ticket":1990664107,"side":"short","layer_index":14,"accrued_ledger_pips":0.000,"pending_pips":0.393,"accrued_pips_total":0.393,"old_price":1.12509,"new_price":1.12513,"clamped":false,"sign_guard_skipped":false,"retcode":10009,"points_native_pips":0.131}}
17,95,1791330852000,ea_event,CARRY_PASS_SUMMARY,{"type":"ea_event","seq":39,"ea_time_ms":96566015,"magic":null,"level":"INFO","code":"CARRY_PASS_SUMMARY","reason":"EURUSD","ticket":null,"detail":{"eligible":9,"shifted":4,"clamped":0,"skipped":0,"failed":0,"incomplete":false}}
17,95,1791340731284,ea_event,,{"type":"fill_log","seq":40,"ea_time_ms":96566078,"magic":22260201,"deal_ticket":800000026,"order_ticket":9097,"position_id":900000024,"entry_type":"IN","deal_type":"BUY","side":"L","layer_index":3,"role":"ENT","deal_price":1.12550,"order_price_open":null,"slippage_pips":null,"volume":0.00,"profit":0.00,"swap":0.00,"commission":0.00,"deal_time_broker":"2026-10-07 02:38:51","deal_time_broker_msc":1791340731000,"halted_at_receipt":false,"quarantined_at_receipt":false}
17,99,1791345327698,ea_event,,{"type":"fill_log","seq":41,"ea_time_ms":96566156,"magic":22260201,"deal_ticket":800000027,"order_ticket":9099,"position_id":900000025,"entry_type":"IN","deal_type":"BUY","side":"L","layer_index":4,"role":"ENT","deal_price":1.12489,"order_price_open":null,"slippage_pips":null,"volume":0.00,"profit":0.00,"swap":0.00,"commission":0.00,"deal_time_broker":"2026-10-07 03:55:27","deal_time_broker_msc":1791345327000,"halted_at_receipt":false,"quarantined_at_receipt":false}
17,103,1791347084771,ea_event,,{"type":"fill_log","seq":42,"ea_time_ms":96566187,"magic":22260201,"deal_ticket":800000028,"order_ticket":9104,"position_id":900000026,"entry_type":"IN","deal_type":"BUY","side":"L","layer_index":5,"role":"ENT","deal_price":1.12427,"order_price_open":null,"slippage_pips":null,"volume":0.00,"profit":0.00,"swap":0.00,"commission":0.00,"deal_time_broker":"2026-10-07 04:24:44","deal_time_broker_msc":1791347084000,"halted_at_receipt":false,"quarantined_at_receipt":false}
17,104,1791348872223,ea_event,,{"type":"fill_log","seq":43,"ea_time_ms":96566203,"magic":22260201,"deal_ticket":800000029,"order_ticket":9106,"position_id":900000027,"entry_type":"IN","deal_type":"SELL","side":"S","layer_index":5,"role":"EXT","deal_price":1.12391,"order_price_open":null,"slippage_pips":null,"volume":0.00,"profit":0.00,"swap":0.00,"commission":0.00,"deal_time_broker":"2026-10-07 04:54:32","deal_time_broker_msc":1791348872000,"halted_at_receipt":false,"quarantined_at_receipt":false}
19,3,1791363708937,ea_event,,{"type":"fill_log","seq":0,"ea_time_ms":96566375,"magic":22260201,"deal_ticket":800000001,"order_ticket":9000,"position_id":900000001,"entry_type":"IN","deal_type":"SELL","side":"S","layer_index":11,"role":"EXT","deal_price":1.12267,"order_price_open":null,"slippage_pips":null,"volume":0.00,"profit":0.00,"swap":0.00,"commission":0.00,"deal_time_broker":"2026-10-07 09:01:48","deal_time_broker_msc":1791363708000,"halted_at_receipt":false,"quarantined_at_receipt":false}
19,6,1791363738027,ea_event,ROLL_DEFERRED,{"type":"ea_event","seq":1,"ea_time_ms":96566375,"magic":null,"level":"INFO","code":"ROLL_DEFERRED","reason":"L","ticket":null,"detail":{"side":"L","depth":8,"opposite_depth":1,"gate":0,"level":1.12247,"market":1.12246}}
19,7,1791368126424,ea_event,ROLL_ACCEPTED,{"type":"ea_event","seq":2,"ea_time_ms":96566437,"magic":null,"level":"INFO","code":"ROLL_ACCEPTED","reason":null,"ticket":1990101837,"detail":{"ticket":1990101837,"side":"L","layer_index":0,"entry":1.12733,"level":1.12247,"target":1.12371,"accrued":0.00024,"clamped":false,"cost":0.00386,"cost_pips":38.6,"rolled":1,"was_ejected":false,"source":"auto","reroll":false,"from_level":0.00000}}
19,11,1791368150353,ea_event,ROLL_ACCEPTED,{"type":"ea_event","seq":3,"ea_time_ms":96566437,"magic":null,"level":"INFO","code":"ROLL_ACCEPTED","reason":null,"ticket":1990109088,"detail":{"ticket":1990109088,"side":"L","layer_index":1,"entry":1.12671,"level":1.12187,"target":1.12311,"accrued":0.00024,"clamped":false,"cost":0.00384,"cost_pips":38.4,"rolled":2,"was_ejected":false,"source":"auto","reroll":false,"from_level":0.00000}}
19,11,1791368416510,ea_event,,{"type":"fill_log","seq":4,"ea_time_ms":96566453,"magic":22260201,"deal_ticket":800000002,"order_ticket":9005,"position_id":900000002,"entry_type":"IN","deal_type":"SELL","side":"S","layer_index":0,"role":"ENT","deal_price":1.12176,"order_price_open":null,"slippage_pips":null,"volume":0.00,"profit":0.00,"swap":0.00,"commission":0.00,"deal_time_broker":"2026-10-07 10:20:16","deal_time_broker_msc":1791368416000,"halted_at_receipt":false,"quarantined_at_receipt":false}
19,12,1791368516544,ea_event,ROLL_DEFERRED,{"type":"ea_event","seq":5,"ea_time_ms":96566453,"magic":null,"level":"INFO","code":"ROLL_DEFERRED","reason":"L","ticket":null,"detail":{"side":"L","depth":8,"opposite_depth":1,"gate":0,"level":1.12127,"market":1.12127}}
19,13,1791369301040,ea_event,ROLL_ACCEPTED,{"type":"ea_event","seq":6,"ea_time_ms":96566468,"magic":null,"level":"INFO","code":"ROLL_ACCEPTED","reason":null,"ticket":1990112560,"detail":{"ticket":1990112560,"side":"L","layer_index":2,"entry":1.12611,"level":1.12127,"target":1.12251,"accrued":0.00024,"clamped":false,"cost":0.00384,"cost_pips":38.4,"rolled":3,"was_ejected":false,"source":"auto","reroll":false,"from_level":0.00000}}
19,17,1791369378026,ea_event,ROLL_ACCEPTED,{"type":"ea_event","seq":7,"ea_time_ms":96566484,"magic":null,"level":"INFO","code":"ROLL_ACCEPTED","reason":null,"ticket":1991069591,"detail":{"ticket":1991069591,"side":"L","layer_index":3,"entry":1.12550,"level":1.12067,"target":1.12167,"accrued":0.00000,"clamped":false,"cost":0.00383,"cost_pips":38.3,"rolled":4,"was_ejected":false,"source":"auto","reroll":false,"from_level":0.00000}}
19,17,1791369746766,ea_event,,{"type":"fill_log","seq":8,"ea_time_ms":96566484,"magic":22260201,"deal_ticket":800000003,"order_ticket":9011,"position_id":900000003,"entry_type":"IN","deal_type":"SELL","side":"S","layer_index":0,"role":"ENT","deal_price":1.12076,"order_price_open":null,"slippage_pips":null,"volume":0.00,"profit":0.00,"swap":0.00,"commission":0.00,"deal_time_broker":"2026-10-07 10:42:26","deal_time_broker_msc":1791369746000,"halted_at_receipt":false,"quarantined_at_receipt":false}
19,18,1791370345059,ea_event,ROLL_DEFERRED,{"type":"ea_event","seq":9,"ea_time_ms":96566515,"magic":null,"level":"INFO","code":"ROLL_DEFERRED","reason":"L","ticket":null,"detail":{"side":"L","depth":8,"opposite_depth":1,"gate":0,"level":1.12007,"market":1.12004}}
19,18,1791370356618,ea_event,,{"type":"fill_log","seq":10,"ea_time_ms":96566515,"magic":22260201,"deal_ticket":800000004,"order_ticket":9015,"position_id":900000004,"entry_type":"IN","deal_type":"SELL","side":"S","layer_index":0,"role":"EXT","deal_price":1.11972,"order_price_open":null,"slippage_pips":null,"volume":0.00,"profit":0.00,"swap":0.00,"commission":0.00,"deal_time_broker":"2026-10-07 10:52:36","deal_time_broker_msc":1791370356000,"halted_at_receipt":false,"quarantined_at_receipt":false}
19,19,1791370356758,ea_event,ROLL_ACCEPTED,{"type":"ea_event","seq":11,"ea_time_ms":96566515,"magic":null,"level":"INFO","code":"ROLL_ACCEPTED","reason":null,"ticket":1991419957,"detail":{"ticket":1991419957,"side":"L","layer_index":4,"entry":1.12489,"level":1.12007,"target":1.12107,"accrued":0.00000,"clamped":false,"cost":0.00382,"cost_pips":38.2,"rolled":5,"was_ejected":false,"source":"auto","reroll":false,"from_level":0.00000}}
19,23,1791370393735,ea_event,ROLL_ACCEPTED,{"type":"ea_event","seq":12,"ea_time_ms":96566515,"magic":null,"level":"INFO","code":"ROLL_ACCEPTED","reason":null,"ticket":1991561135,"detail":{"ticket":1991561135,"side":"L","layer_index":5,"entry":1.12427,"level":1.11947,"target":1.12047,"accrued":0.00000,"clamped":false,"cost":0.00380,"cost_pips":38.0,"rolled":6,"was_ejected":false,"source":"auto","reroll":false,"from_level":0.00000}}
19,24,1791370466391,ea_event,STRAY_L0_CANCEL,{"type":"ea_event","seq":13,"ea_time_ms":96566515,"magic":null,"level":"WARN","code":"STRAY_L0_CANCEL","reason":null,"ticket":9017,"detail":{"side":"S","depth":1}}
19,24,1791370518481,ea_event,ROLL_DEFERRED,{"type":"ea_event","seq":14,"ea_time_ms":96566515,"magic":null,"level":"INFO","code":"ROLL_DEFERRED","reason":"L","ticket":null,"detail":{"side":"L","depth":8,"opposite_depth":1,"gate":0,"level":1.11887,"market":1.11885}}
19,25,1791370628536,ea_event,ROLL_ACCEPTED,{"type":"ea_event","seq":15,"ea_time_ms":96566531,"magic":null,"level":"INFO","code":"ROLL_ACCEPTED","reason":null,"ticket":1991618499,"detail":{"ticket":1991618499,"side":"L","layer_index":6,"entry":1.12367,"level":1.11887,"target":1.11987,"accrued":0.00000,"clamped":false,"cost":0.00380,"cost_pips":38.0,"rolled":7,"was_ejected":false,"source":"auto","reroll":false,"from_level":0.00000}}
19,25,1791370628536,ea_event,ROLL_ACCEPTED,{"type":"ea_event","seq":16,"ea_time_ms":96566531,"magic":null,"level":"INFO","code":"ROLL_ACCEPTED","reason":null,"ticket":1991706517,"detail":{"ticket":1991706517,"side":"L","layer_index":7,"entry":1.12307,"level":1.11827,"target":1.11927,"accrued":0.00000,"clamped":false,"cost":0.00380,"cost_pips":38.0,"rolled":8,"was_ejected":false,"source":"auto","reroll":false,"from_level":0.00000}}
19,29,1791370642045,ea_event,,{"type":"fill_log","seq":17,"ea_time_ms":96566531,"magic":22260201,"deal_ticket":800000005,"order_ticket":9023,"position_id":900000005,"entry_type":"IN","deal_type":"SELL","side":"S","layer_index":0,"role":"ENT","deal_price":1.11843,"order_price_open":null,"slippage_pips":null,"volume":0.00,"profit":0.00,"swap":0.00,"commission":0.00,"deal_time_broker":"2026-10-07 10:57:22","deal_time_broker_msc":1791370642000,"halted_at_receipt":false,"quarantined_at_receipt":false}
19,31,1791371031448,ea_event,,{"type":"fill_log","seq":18,"ea_time_ms":96566546,"magic":22260201,"deal_ticket":800000006,"order_ticket":9021,"position_id":900000006,"entry_type":"IN","deal_type":"BUY","side":"L","layer_index":7,"role":"EXT","deal_price":1.11928,"order_price_open":null,"slippage_pips":null,"volume":0.00,"profit":0.00,"swap":0.00,"commission":0.00,"deal_time_broker":"2026-10-07 11:03:51","deal_time_broker_msc":1791371031000,"halted_at_receipt":false,"quarantined_at_receipt":false}
19,35,1791371781316,ea_event,,{"type":"fill_log","seq":19,"ea_time_ms":96566593,"magic":22260201,"deal_ticket":800000007,"order_ticket":9027,"position_id":900000007,"entry_type":"IN","deal_type":"SELL","side":"S","layer_index":1,"role":"EXT","deal_price":1.11814,"order_price_open":null,"slippage_pips":null,"volume":0.00,"profit":0.00,"swap":0.00,"commission":0.00,"deal_time_broker":"2026-10-07 11:16:21","deal_time_broker_msc":1791371781000,"halted_at_receipt":false,"quarantined_at_receipt":false}
19,42,1791373485323,ea_event,,{"type":"fill_log","seq":20,"ea_time_ms":96566656,"magic":22260201,"deal_ticket":800000008,"order_ticket":9034,"position_id":900000008,"entry_type":"IN","deal_type":"SELL","side":"S","layer_index":2,"role":"ENT","deal_price":1.11983,"order_price_open":null,"slippage_pips":null,"volume":0.00,"profit":0.00,"swap":0.00,"commission":0.00,"deal_time_broker":"2026-10-07 11:44:45","deal_time_broker_msc":1791373485000,"halted_at_receipt":false,"quarantined_at_receipt":false}
19,50,1791383307765,ea_event,,{"type":"fill_log","seq":21,"ea_time_ms":96566968,"magic":22260201,"deal_ticket":800000009,"order_ticket":9043,"position_id":900000009,"entry_type":"IN","deal_type":"BUY","side":"L","layer_index":7,"role":"ENT","deal_price":1.11823,"order_price_open":null,"slippage_pips":null,"volume":0.00,"profit":0.00,"swap":0.00,"commission":0.00,"deal_time_broker":"2026-10-07 14:28:27","deal_time_broker_msc":1791383307000,"halted_at_receipt":false,"quarantined_at_receipt":false}
19,51,1791383766760,ea_event,,{"type":"fill_log","seq":22,"ea_time_ms":96567000,"magic":22260201,"deal_ticket":800000010,"order_ticket":9044,"position_id":900000010,"entry_type":"IN","deal_type":"SELL","side":"S","layer_index":1,"role":"EXT","deal_price":1.11818,"order_price_open":null,"slippage_pips":null,"volume":0.00,"profit":0.00,"swap":0.00,"commission":0.00,"deal_time_broker":"2026-10-07 14:36:06","deal_time_broker_msc":1791383766000,"halted_at_receipt":false,"quarantined_at_receipt":false}
19,54,1791384255233,ea_event,ROLL_DEFERRED,{"type":"ea_event","seq":23,"ea_time_ms":96567015,"magic":null,"level":"INFO","code":"ROLL_DEFERRED","reason":"L","ticket":null,"detail":{"side":"L","depth":8,"opposite_depth":1,"gate":0,"level":1.11763,"market":1.11763}}
19,55,1791384260844,ea_event,ROLL_ACCEPTED,{"type":"ea_event","seq":24,"ea_time_ms":96567015,"magic":null,"level":"INFO","code":"ROLL_ACCEPTED","reason":null,"ticket":1992468215,"detail":{"ticket":1992468215,"side":"L","layer_index":6,"entry":1.11887,"level":1.11763,"target":1.11863,"accrued":0.00000,"clamped":false,"cost":0.00024,"cost_pips":2.4,"rolled":7,"was_ejected":false,"source":"auto","reroll":false,"from_level":0.00000}}
19,58,1791384311197,ea_event,,{"type":"fill_log","seq":25,"ea_time_ms":96567015,"magic":22260201,"deal_ticket":800000011,"order_ticket":9050,"position_id":900000011,"entry_type":"IN","deal_type":"SELL","side":"S","layer_index":0,"role":"ENT","deal_price":1.11783,"order_price_open":null,"slippage_pips":null,"volume":0.00,"profit":0.00,"swap":0.00,"commission":0.00,"deal_time_broker":"2026-10-07 14:45:11","deal_time_broker_msc":1791384311000,"halted_at_receipt":false,"quarantined_at_receipt":false}
19,63,1791385825005,ea_event,,{"type":"fill_log","seq":26,"ea_time_ms":96567093,"magic":22260201,"deal_ticket":800000012,"order_ticket":9057,"position_id":900000012,"entry_type":"IN","deal_type":"BUY","side":"L","layer_index":8,"role":"ENT","deal_price":1.11758,"order_price_open":null,"slippage_pips":null,"volume":0.00,"profit":0.00,"swap":0.00,"commission":0.00,"deal_time_broker":"2026-10-07 15:10:25","deal_time_broker_msc":1791385825000,"halted_at_receipt":false,"quarantined_at_receipt":false}
19,64,1791385843708,ea_event,,{"type":"fill_log","seq":27,"ea_time_ms":96567093,"magic":22260201,"deal_ticket":800000013,"order_ticket":9054,"position_id":900000013,"entry_type":"IN","deal_type":"SELL","side":"S","layer_index":1,"role":"EXT","deal_price":1.11739,"order_price_open":null,"slippage_pips":null,"volume":0.00,"profit":0.00,"swap":0.00,"commission":0.00,"deal_time_broker":"2026-10-07 15:10:43","deal_time_broker_msc":1791385843000,"halted_at_receipt":false,"quarantined_at_receipt":false}
19,67,1791386593091,ea_event,ROLL_DEFERRED,{"type":"ea_event","seq":28,"ea_time_ms":96567109,"magic":null,"level":"INFO","code":"ROLL_DEFERRED","reason":"L","ticket":null,"detail":{"side":"L","depth":8,"opposite_depth":1,"gate":0,"level":1.11698,"market":1.11698}}
19,67,1791386596955,ea_event,,{"type":"fill_log","seq":29,"ea_time_ms":96567125,"magic":22260201,"deal_ticket":800000014,"order_ticket":9053,"position_id":900000014,"entry_type":"IN","deal_type":"SELL","side":"S","layer_index":0,"role":"EXT","deal_price":1.11682,"order_price_open":null,"slippage_pips":null,"volume":0.00,"profit":0.00,"swap":0.00,"commission":0.00,"deal_time_broker":"2026-10-07 15:23:16","deal_time_broker_msc":1791386596000,"halted_at_receipt":false,"quarantined_at_receipt":false}
19,69,1791386597089,ea_event,ROLL_ACCEPTED,{"type":"ea_event","seq":30,"ea_time_ms":96567125,"magic":null,"level":"INFO","code":"ROLL_ACCEPTED","reason":null,"ticket":1992573709,"detail":{"ticket":1992573709,"side":"L","layer_index":7,"entry":1.11823,"level":1.11698,"target":1.11798,"accrued":0.00000,"clamped":false,"cost":0.00025,"cost_pips":2.5,"rolled":7,"was_ejected":false,"source":"auto","reroll":false,"from_level":0.00000}}
19,72,1791386712042,ea_event,STRAY_L0_CANCEL,{"type":"ea_event","seq":31,"ea_time_ms":96567125,"magic":null,"level":"WARN","code":"STRAY_L0_CANCEL","reason":null,"ticket":9062,"detail":{"side":"S","depth":1}}
19,72,1791387315728,ea_event,,{"type":"fill_log","seq":32,"ea_time_ms":96567156,"magic":22260201,"deal_ticket":800000015,"order_ticket":9064,"position_id":900000015,"entry_type":"IN","deal_type":"SELL","side":"S","layer_index":1,"role":"ENT","deal_price":1.11743,"order_price_open":null,"slippage_pips":null,"volume":0.00,"profit":0.00,"swap":0.00,"commission":0.00,"deal_time_broker":"2026-10-07 15:35:15","deal_time_broker_msc":1791387315000,"halted_at_receipt":false,"quarantined_at_receipt":false}
19,80,1791392027644,ea_event,,{"type":"fill_log","seq":33,"ea_time_ms":96567343,"magic":22260201,"deal_ticket":800000016,"order_ticket":9073,"position_id":900000016,"entry_type":"IN","deal_type":"BUY","side":"L","layer_index":6,"role":"ENT","deal_price":1.11855,"order_price_open":null,"slippage_pips":null,"volume":0.00,"profit":0.00,"swap":0.00,"commission":0.00,"deal_time_broker":"2026-10-07 16:53:47","deal_time_broker_msc":1791392027000,"halted_at_receipt":false,"quarantined_at_receipt":false}
19,82,1791392779414,ea_event,,{"type":"fill_log","seq":34,"ea_time_ms":96567390,"magic":22260201,"deal_ticket":800000017,"order_ticket":9075,"position_id":900000017,"entry_type":"IN","deal_type":"BUY","side":"L","layer_index":7,"role":"ENT","deal_price":1.11789,"order_price_open":null,"slippage_pips":null,"volume":0.00,"profit":0.00,"swap":0.00,"commission":0.00,"deal_time_broker":"2026-10-07 17:06:19","deal_time_broker_msc":1791392779000,"halted_at_receipt":false,"quarantined_at_receipt":false}
19,83,1791394771627,ea_event,,{"type":"fill_log","seq":35,"ea_time_ms":96567468,"magic":22260201,"deal_ticket":800000018,"order_ticket":9080,"position_id":900000018,"entry_type":"IN","deal_type":"BUY","side":"L","layer_index":7,"role":"EXT","deal_price":1.11889,"order_price_open":null,"slippage_pips":null,"volume":0.00,"profit":0.00,"swap":0.00,"commission":0.00,"deal_time_broker":"2026-10-07 17:39:31","deal_time_broker_msc":1791394771000,"halted_at_receipt":false,"quarantined_at_receipt":false}
19,86,1791395432771,ea_event,,{"type":"fill_log","seq":36,"ea_time_ms":96567500,"magic":22260201,"deal_ticket":800000019,"order_ticket":9078,"position_id":900000019,"entry_type":"IN","deal_type":"SELL","side":"S","layer_index":4,"role":"ENT","deal_price":1.11927,"order_price_open":null,"slippage_pips":null,"volume":0.00,"profit":0.00,"swap":0.00,"commission":0.00,"deal_time_broker":"2026-10-07 17:50:32","deal_time_broker_msc":1791395432000,"halted_at_receipt":false,"quarantined_at_receipt":false}
19,90,1791396798781,ea_event,,{"type":"fill_log","seq":37,"ea_time_ms":96567562,"magic":22260201,"deal_ticket":800000020,"order_ticket":9084,"position_id":900000020,"entry_type":"IN","deal_type":"SELL","side":"S","layer_index":5,"role":"ENT","deal_price":1.11995,"order_price_open":null,"slippage_pips":null,"volume":0.00,"profit":0.00,"swap":0.00,"commission":0.00,"deal_time_broker":"2026-10-07 18:13:18","deal_time_broker_msc":1791396798000,"halted_at_receipt":false,"quarantined_at_receipt":false}
19,100,1791400048143,ea_event,,{"type":"fill_log","seq":38,"ea_time_ms":96567703,"magic":22260201,"deal_ticket":800000021,"order_ticket":9095,"position_id":900000021,"entry_type":"IN","deal_type":"BUY","side":"L","layer_index":7,"role":"EXT","deal_price":1.11928,"order_price_open":null,"slippage_pips":null,"volume":0.00,"profit":0.00,"swap":0.00,"commission":0.00,"deal_time_broker":"2026-10-07 19:07:28","deal_time_broker_msc":1791400048000,"halted_at_receipt":false,"quarantined_at_receipt":false}
19,107,1791417036002,ea_event,CARRY_SNAPSHOT,{"type":"ea_event","seq":39,"ea_time_ms":96568156,"magic":null,"level":"INFO","code":"CARRY_SNAPSHOT","reason":"EURUSD","ticket":null,"detail":{"symbol":"EURUSD","swap_mode":1,"swap_long":-7.9900,"swap_short":1.3100,"multiplier":3,"day_of_week":3,"rollover3days":3,"digits":5,"point":0.00001000,"tick_value":1.00000000,"tick_size":0.00001000,"stops_level":0,"freeze_level":0,"long_pips":-2.397,"short_pips":0.393,"eligible_long":6,"eligible_short":6,"trade_mode_full":true,"mult_today":3,"mult_tomorrow":1,"accrued_swap_long":0.00,"accrued_swap_short":0.00}}
19,107,1791417036002,ea_event,CARRY_EXIT_SHIFT,{"type":"ea_event","seq":40,"ea_time_ms":96568156,"magic":null,"level":"INFO","code":"CARRY_EXIT_SHIFT","reason":"EURUSD","ticket":null,"detail":{"position_ticket":1990101837,"side":"long","layer_index":0,"accrued_ledger_pips":-0.800,"pending_pips":-0.799,"accrued_pips_total":-1.599,"old_price":1.12371,"new_price":1.12363,"clamped":false,"sign_guard_skipped":false,"retcode":10009,"points_native_pips":-0.799}}
19,107,1791417156002,ea_event,CARRY_EXIT_SHIFT,{"type":"ea_event","seq":41,"ea_time_ms":96568156,"magic":null,"level":"INFO","code":"CARRY_EXIT_SHIFT","reason":"EURUSD","ticket":null,"detail":{"position_ticket":1991561135,"side":"long","layer_index":5,"accrued_ledger_pips":0.000,"pending_pips":-0.799,"accrued_pips_total":-0.799,"old_price":1.12047,"new_price":1.12055,"clamped":false,"sign_guard_skipped":false,"retcode":10009,"points_native_pips":-0.799}}
19,107,1791417216002,ea_event,CARRY_EXIT_SHIFT,{"type":"ea_event","seq":42,"ea_time_ms":96568156,"magic":null,"level":"INFO","code":"CARRY_EXIT_SHIFT","reason":"EURUSD","ticket":null,"detail":{"position_ticket":1993015112,"side":"short","layer_index":0,"accrued_ledger_pips":0.000,"pending_pips":0.131,"accrued_pips_total":0.131,"old_price":1.11581,"new_price":1.11582,"clamped":false,"sign_guard_skipped":false,"retcode":10009,"points_native_pips":0.131}}
19,107,1791417336002,ea_event,CARRY_EXIT_SHIFT,{"type":"ea_event","seq":43,"ea_time_ms":96568171,"magic":null,"level":"INFO","code":"CARRY_EXIT_SHIFT","reason":"EURUSD","ticket":null,"detail":{"position_ticket":1993949703,"side":"short","layer_index":5,"accrued_ledger_pips":0.000,"pending_pips":0.131,"accrued_pips_total":0.131,"old_price":1.11883,"new_price":1.11884,"clamped":false,"sign_guard_skipped":false,"retcode":10009,"points_native_pips":0.131}}
19,107,1791417336002,ea_event,CARRY_PASS_SUMMARY,{"type":"ea_event","seq":44,"ea_time_ms":96568171,"magic":null,"level":"INFO","code":"CARRY_PASS_SUMMARY","reason":"EURUSD","ticket":null,"detail":{"eligible":12,"shifted":4,"clamped":0,"skipped":0,"failed":0,"incomplete":false}}
19,111,1791436484669,ea_event,,{"type":"fill_log","seq":45,"ea_time_ms":96568468,"magic":22260201,"deal_ticket":800000022,"order_ticket":9107,"position_id":900000022,"entry_type":"IN","deal_type":"SELL","side":"S","layer_index":7,"role":"ENT","deal_price":1.12104,"order_price_open":null,"slippage_pips":null,"volume":0.00,"profit":0.00,"swap":0.00,"commission":0.00,"deal_time_broker":"2026-10-08 05:14:44","deal_time_broker_msc":1791436484000,"halted_at_receipt":false,"quarantined_at_receipt":false}
19,112,1791436502951,ea_event,,{"type":"fill_log","seq":46,"ea_time_ms":96568468,"magic":22260201,"deal_ticket":800000023,"order_ticket":9108,"position_id":900000023,"entry_type":"IN","deal_type":"BUY","side":"L","layer_index":4,"role":"EXT","deal_price":1.12116,"order_price_open":null,"slippage_pips":null,"volume":0.00,"profit":0.00,"swap":0.00,"commission":0.00,"deal_time_broker":"2026-10-08 05:15:02","deal_time_broker_msc":1791436502000,"halted_at_receipt":false,"quarantined_at_receipt":false}
19,115,1791439307349,ea_event,,{"type":"fill_log","seq":47,"ea_time_ms":96568515,"magic":22260201,"deal_ticket":800000024,"order_ticket":9113,"position_id":900000024,"entry_type":"IN","deal_type":"BUY","side":"L","layer_index":4,"role":"ENT","deal_price":1.12002,"order_price_open":null,"slippage_pips":null,"volume":0.00,"profit":0.00,"swap":0.00,"commission":0.00,"deal_time_broker":"2026-10-08 06:01:47","deal_time_broker_msc":1791439307000,"halted_at_receipt":false,"quarantined_at_receipt":false}
19,115,1791439307966,ea_event,,{"type":"fill_log","seq":48,"ea_time_ms":96568515,"magic":22260201,"deal_ticket":800000025,"order_ticket":9111,"position_id":900000025,"entry_type":"IN","deal_type":"SELL","side":"S","layer_index":7,"role":"EXT","deal_price":1.12002,"order_price_open":null,"slippage_pips":null,"volume":0.00,"profit":0.00,"swap":0.00,"commission":0.00,"deal_time_broker":"2026-10-08 06:01:47","deal_time_broker_msc":1791439307000,"halted_at_receipt":false,"quarantined_at_receipt":false}
19,126,1791453630508,ea_event,,{"type":"fill_log","seq":49,"ea_time_ms":96568812,"magic":22260201,"deal_ticket":800000026,"order_ticket":9122,"position_id":900000026,"entry_type":"IN","deal_type":"BUY","side":"L","layer_index":6,"role":"ENT","deal_price":1.11880,"order_price_open":null,"slippage_pips":null,"volume":0.00,"profit":0.00,"swap":0.00,"commission":0.00,"deal_time_broker":"2026-10-08 10:00:30","deal_time_broker_msc":1791453630000,"halted_at_receipt":false,"quarantined_at_receipt":false}
19,130,1791454427820,ea_event,,{"type":"fill_log","seq":50,"ea_time_ms":96568859,"magic":22260201,"deal_ticket":800000027,"order_ticket":9129,"position_id":900000027,"entry_type":"IN","deal_type":"SELL","side":"S","layer_index":4,"role":"ENT","deal_price":1.11925,"order_price_open":null,"slippage_pips":null,"volume":0.00,"profit":0.00,"swap":0.00,"commission":0.00,"deal_time_broker":"2026-10-08 10:13:47","deal_time_broker_msc":1791454427000,"halted_at_receipt":false,"quarantined_at_receipt":false}
19,131,1791457569291,ea_event,,{"type":"fill_log","seq":51,"ea_time_ms":96568968,"magic":22260201,"deal_ticket":800000028,"order_ticket":9127,"position_id":900000028,"entry_type":"IN","deal_type":"BUY","side":"L","layer_index":6,"role":"EXT","deal_price":1.11983,"order_price_open":null,"slippage_pips":null,"volume":0.00,"profit":0.00,"swap":0.00,"commission":0.00,"deal_time_broker":"2026-10-08 11:06:09","deal_time_broker_msc":1791457569000,"halted_at_receipt":false,"quarantined_at_receipt":false}
19,134,1791458022316,ea_event,,{"type":"fill_log","seq":52,"ea_time_ms":96568984,"magic":22260201,"deal_ticket":800000029,"order_ticket":9131,"position_id":900000029,"entry_type":"IN","deal_type":"SELL","side":"S","layer_index":5,"role":"ENT","deal_price":1.11986,"order_price_open":null,"slippage_pips":null,"volume":0.00,"profit":0.00,"swap":0.00,"commission":0.00,"deal_time_broker":"2026-10-08 11:13:42","deal_time_broker_msc":1791458022000,"halted_at_receipt":false,"quarantined_at_receipt":false}
19,155,1791468392999,ea_event,,{"type":"fill_log","seq":53,"ea_time_ms":96569328,"magic":22260201,"deal_ticket":800000030,"order_ticket":9154,"position_id":900000030,"entry_type":"IN","deal_type":"SELL","side":"S","layer_index":3,"role":"EXT","deal_price":1.11761,"order_price_open":null,"slippage_pips":null,"volume":0.00,"profit":0.00,"swap":0.00,"commission":0.00,"deal_time_broker":"2026-10-08 14:06:32","deal_time_broker_msc":1791468392000,"halted_at_receipt":false,"quarantined_at_receipt":false}
19,156,1791468394141,ea_event,ROLL_DEFERRED,{"type":"ea_event","seq":54,"ea_time_ms":96569328,"magic":null,"level":"INFO","code":"ROLL_DEFERRED","reason":"L","ticket":null,"detail":{"side":"L","depth":8,"opposite_depth":3,"gate":0,"level":1.11760,"market":1.11760}}
19,163,1791473346871,ea_event,,{"type":"fill_log","seq":55,"ea_time_ms":96569484,"magic":22260201,"deal_ticket":800000031,"order_ticket":9160,"position_id":900000031,"entry_type":"IN","deal_type":"BUY","side":"L","layer_index":6,"role":"EXT","deal_price":1.11981,"order_price_open":null,"slippage_pips":null,"volume":0.00,"profit":0.00,"swap":0.00,"commission":0.00,"deal_time_broker":"2026-10-08 15:29:06","deal_time_broker_msc":1791473346000,"halted_at_receipt":false,"quarantined_at_receipt":false}
19,167,1791474070880,ea_event,,{"type":"fill_log","seq":56,"ea_time_ms":96569515,"magic":22260201,"deal_ticket":800000032,"order_ticket":9165,"position_id":900000032,"entry_type":"IN","deal_type":"BUY","side":"L","layer_index":6,"role":"ENT","deal_price":1.11880,"order_price_open":null,"slippage_pips":null,"volume":0.00,"profit":0.00,"swap":0.00,"commission":0.00,"deal_time_broker":"2026-10-08 15:41:10","deal_time_broker_msc":1791474070000,"halted_at_receipt":false,"quarantined_at_receipt":false}
19,167,1791474071497,ea_event,,{"type":"fill_log","seq":57,"ea_time_ms":96569515,"magic":22260201,"deal_ticket":800000033,"order_ticket":9166,"position_id":900000033,"entry_type":"IN","deal_type":"SELL","side":"S","layer_index":5,"role":"EXT","deal_price":1.11880,"order_price_open":null,"slippage_pips":null,"volume":0.00,"profit":0.00,"swap":0.00,"commission":0.00,"deal_time_broker":"2026-10-08 15:41:10","deal_time_broker_msc":1791474070000,"halted_at_receipt":false,"quarantined_at_receipt":false}
19,174,1791475014916,ea_event,,{"type":"fill_log","seq":58,"ea_time_ms":96569562,"magic":22260201,"deal_ticket":800000034,"order_ticket":9169,"position_id":900000034,"entry_type":"IN","deal_type":"BUY","side":"L","layer_index":7,"role":"ENT","deal_price":1.11819,"order_price_open":null,"slippage_pips":null,"volume":0.00,"profit":0.00,"swap":0.00,"commission":0.00,"deal_time_broker":"2026-10-08 15:56:54","deal_time_broker_msc":1791475014000,"halted_at_receipt":false,"quarantined_at_receipt":false}
19,175,1791475675875,ea_event,,{"type":"fill_log","seq":59,"ea_time_ms":96569593,"magic":22260201,"deal_ticket":800000035,"order_ticket":9176,"position_id":900000035,"entry_type":"IN","deal_type":"BUY","side":"L","layer_index":7,"role":"EXT","deal_price":1.11919,"order_price_open":null,"slippage_pips":null,"volume":0.00,"profit":0.00,"swap":0.00,"commission":0.00,"deal_time_broker":"2026-10-08 16:07:55","deal_time_broker_msc":1791475675000,"halted_at_receipt":false,"quarantined_at_receipt":false}
19,179,1791478103420,ea_event,,{"type":"fill_log","seq":60,"ea_time_ms":96569703,"magic":22260201,"deal_ticket":800000036,"order_ticket":9177,"position_id":900000036,"entry_type":"IN","deal_type":"BUY","side":"L","layer_index":6,"role":"EXT","deal_price":1.11981,"order_price_open":null,"slippage_pips":null,"volume":0.00,"profit":0.00,"swap":0.00,"commission":0.00,"deal_time_broker":"2026-10-08 16:48:23","deal_time_broker_msc":1791478103000,"halted_at_receipt":false,"quarantined_at_receipt":false}
19,182,1791478106954,ea_event,,{"type":"fill_log","seq":61,"ea_time_ms":96569703,"magic":22260201,"deal_ticket":800000037,"order_ticket":9180,"position_id":900000037,"entry_type":"IN","deal_type":"SELL","side":"S","layer_index":5,"role":"ENT","deal_price":1.11990,"order_price_open":null,"slippage_pips":null,"volume":0.00,"profit":0.00,"swap":0.00,"commission":0.00,"deal_time_broker":"2026-10-08 16:48:26","deal_time_broker_msc":1791478106000,"halted_at_receipt":false,"quarantined_at_receipt":false}
19,183,1791479949103,ea_event,,{"type":"fill_log","seq":62,"ea_time_ms":96569796,"magic":22260201,"deal_ticket":800000038,"order_ticket":9181,"position_id":900000038,"entry_type":"IN","deal_type":"BUY","side":"L","layer_index":5,"role":"EXT","deal_price":1.12042,"order_price_open":null,"slippage_pips":null,"volume":0.00,"profit":0.00,"swap":0.00,"commission":0.00,"deal_time_broker":"2026-10-08 17:19:09","deal_time_broker_msc":1791479949000,"halted_at_receipt":false,"quarantined_at_receipt":false}
19,190,1791480327098,ea_event,,{"type":"fill_log","seq":63,"ea_time_ms":96569812,"magic":22260201,"deal_ticket":800000039,"order_ticket":9189,"position_id":900000039,"entry_type":"IN","deal_type":"SELL","side":"S","layer_index":7,"role":"ENT","deal_price":1.12122,"order_price_open":null,"slippage_pips":null,"volume":0.00,"profit":0.00,"swap":0.00,"commission":0.00,"deal_time_broker":"2026-10-08 17:25:27","deal_time_broker_msc":1791480327000,"halted_at_receipt":false,"quarantined_at_receipt":false}
19,194,1791480698356,ea_event,ROLL_DEFERRED,{"type":"ea_event","seq":64,"ea_time_ms":96569843,"magic":null,"level":"INFO","code":"ROLL_DEFERRED","reason":"S","ticket":null,"detail":{"side":"S","depth":8,"opposite_depth":3,"gate":0,"level":1.12182,"market":1.12182}}
19,197,1791481590321,ea_event,,{"type":"fill_log","seq":65,"ea_time_ms":96569890,"magic":22260201,"deal_ticket":800000040,"order_ticket":9197,"position_id":900000040,"entry_type":"IN","deal_type":"BUY","side":"L","layer_index":2,"role":"ENT","deal_price":1.12126,"order_price_open":null,"slippage_pips":null,"volume":0.00,"profit":0.00,"swap":0.00,"commission":0.00,"deal_time_broker":"2026-10-08 17:46:30","deal_time_broker_msc":1791481590000,"halted_at_receipt":false,"quarantined_at_receipt":false}
19,198,1791482525173,ea_event,,{"type":"fill_log","seq":66,"ea_time_ms":96569921,"magic":22260201,"deal_ticket":800000041,"order_ticket":9199,"position_id":900000041,"entry_type":"IN","deal_type":"BUY","side":"L","layer_index":3,"role":"ENT","deal_price":1.12066,"order_price_open":null,"slippage_pips":null,"volume":0.00,"profit":0.00,"swap":0.00,"commission":0.00,"deal_time_broker":"2026-10-08 18:02:05","deal_time_broker_msc":1791482525000,"halted_at_receipt":false,"quarantined_at_receipt":false}
19,203,1791485200158,ea_event,,{"type":"fill_log","seq":67,"ea_time_ms":96570046,"magic":22260201,"deal_ticket":800000042,"order_ticket":9204,"position_id":900000042,"entry_type":"IN","deal_type":"SELL","side":"S","layer_index":6,"role":"EXT","deal_price":1.11952,"order_price_open":null,"slippage_pips":null,"volume":0.00,"profit":0.00,"swap":0.00,"commission":0.00,"deal_time_broker":"2026-10-08 18:46:40","deal_time_broker_msc":1791485200000,"halted_at_receipt":false,"quarantined_at_receipt":false}
19,206,1791485263018,ea_event,,{"type":"fill_log","seq":68,"ea_time_ms":96570046,"magic":22260201,"deal_ticket":800000043,"order_ticket":9207,"position_id":900000043,"entry_type":"IN","deal_type":"BUY","side":"L","layer_index":5,"role":"ENT","deal_price":1.11944,"order_price_open":null,"slippage_pips":null,"volume":0.00,"profit":0.00,"swap":0.00,"commission":0.00,"deal_time_broker":"2026-10-08 18:47:43","deal_time_broker_msc":1791485263000,"halted_at_receipt":false,"quarantined_at_receipt":false}
19,211,1791487048901,ea_event,,{"type":"fill_log","seq":69,"ea_time_ms":96570125,"magic":22260201,"deal_ticket":800000044,"order_ticket":9214,"position_id":900000044,"entry_type":"IN","deal_type":"SELL","side":"S","layer_index":5,"role":"ENT","deal_price":1.11988,"order_price_open":null,"slippage_pips":null,"volume":0.00,"profit":0.00,"swap":0.00,"commission":0.00,"deal_time_broker":"2026-10-08 19:17:28","deal_time_broker_msc":1791487048000,"halted_at_receipt":false,"quarantined_at_receipt":false}
19,211,1791487049518,ea_event,,{"type":"fill_log","seq":70,"ea_time_ms":96570125,"magic":22260201,"deal_ticket":800000045,"order_ticket":9215,"position_id":900000045,"entry_type":"IN","deal_type":"BUY","side":"L","layer_index":6,"role":"EXT","deal_price":1.11988,"order_price_open":null,"slippage_pips":null,"volume":0.00,"profit":0.00,"swap":0.00,"commission":0.00,"deal_time_broker":"2026-10-08 19:17:28","deal_time_broker_msc":1791487048000,"halted_at_receipt":false,"quarantined_at_receipt":false}
19,211,1791487049812,ea_event,,{"type":"fill_log","seq":71,"ea_time_ms":96570125,"magic":22260201,"deal_ticket":800000046,"order_ticket":700000046,"position_id":1996863453,"entry_type":"OUT_BY","deal_type":"SELL","side":null,"layer_index":null,"role":null,"deal_price":1.11988,"order_price_open":null,"slippage_pips":null,"volume":0.00,"profit":1.02,"swap":0.00,"commission":0.00,"deal_time_broker":"2026-10-08 19:17:29","deal_time_broker_msc":1791487049000,"halted_at_receipt":false,"quarantined_at_receipt":false}
19,211,1791487049812,ea_event,,{"type":"fill_log","seq":72,"ea_time_ms":96570125,"magic":22260201,"deal_ticket":800000047,"order_ticket":700000046,"position_id":900000045,"entry_type":"OUT_BY","deal_type":"SELL","side":null,"layer_index":null,"role":null,"deal_price":1.11886,"order_price_open":null,"slippage_pips":null,"volume":0.00,"profit":0.00,"swap":0.00,"commission":0.00,"deal_time_broker":"2026-10-08 19:17:29","deal_time_broker_msc":1791487049000,"halted_at_receipt":false,"quarantined_at_receipt":false}
19,211,1791487049812,scalp,SCALP_CLOSED,{"close_time":"2026-10-08T19:17:29Z","instrument":"EURUSD","direction":"LONG","entry_price":1.11886,"exit_price":1.11988,"layer_depth":6,"stack_depth":7,"gross_pnl":1.02,"instance_id":"GRIND_EURUSD_OPTC","ejected":false,"rolled":false,"broker_utc_offset_s":10800,"account_login":53077984}
19,214,1791487054316,ea_event,,{"type":"fill_log","seq":73,"ea_time_ms":96570125,"magic":22260201,"deal_ticket":800000048,"order_ticket":9222,"position_id":900000046,"entry_type":"IN","deal_type":"SELL","side":"S","layer_index":5,"role":"ENT","deal_price":1.12011,"order_price_open":null,"slippage_pips":null,"volume":0.00,"profit":0.00,"swap":0.00,"commission":0.00,"deal_time_broker":"2026-10-08 19:17:34","deal_time_broker_msc":1791487054000,"halted_at_receipt":false,"quarantined_at_receipt":false}
19,218,1791487853268,ea_event,,{"type":"fill_log","seq":74,"ea_time_ms":96570203,"magic":22260201,"deal_ticket":800000049,"order_ticket":9220,"position_id":900000047,"entry_type":"IN","deal_type":"BUY","side":"L","layer_index":6,"role":"ENT","deal_price":1.11880,"order_price_open":null,"slippage_pips":null,"volume":0.00,"profit":0.00,"swap":0.00,"commission":0.00,"deal_time_broker":"2026-10-08 19:30:53","deal_time_broker_msc":1791487853000,"halted_at_receipt":false,"quarantined_at_receipt":false}
19,219,1791489182195,ea_event,,{"type":"fill_log","seq":75,"ea_time_ms":96570296,"magic":22260201,"deal_ticket":800000050,"order_ticket":9230,"position_id":900000048,"entry_type":"IN","deal_type":"BUY","side":"L","layer_index":6,"role":"EXT","deal_price":1.11981,"order_price_open":null,"slippage_pips":null,"volume":0.00,"profit":0.00,"swap":0.00,"commission":0.00,"deal_time_broker":"2026-10-08 19:53:02","deal_time_broker_msc":1791489182000,"halted_at_receipt":false,"quarantined_at_receipt":false}
19,227,1791490562471,ea_event,,{"type":"fill_log","seq":76,"ea_time_ms":96570390,"magic":22260201,"deal_ticket":800000051,"order_ticket":9236,"position_id":900000049,"entry_type":"IN","deal_type":"BUY","side":"L","layer_index":4,"role":"EXT","deal_price":1.12107,"order_price_open":null,"slippage_pips":null,"volume":0.00,"profit":0.00,"swap":0.00,"commission":0.00,"deal_time_broker":"2026-10-08 20:16:02","deal_time_broker_msc":1791490562000,"halted_at_receipt":false,"quarantined_at_receipt":false}
19,227,1791490562471,ea_event,,{"type":"fill_log","seq":77,"ea_time_ms":96570390,"magic":22260201,"deal_ticket":800000052,"order_ticket":9237,"position_id":900000050,"entry_type":"IN","deal_type":"SELL","side":"S","layer_index":7,"role":"ENT","deal_price":1.12107,"order_price_open":null,"slippage_pips":null,"volume":0.00,"profit":0.00,"swap":0.00,"commission":0.00,"deal_time_broker":"2026-10-08 20:16:02","deal_time_broker_msc":1791490562000,"halted_at_receipt":false,"quarantined_at_receipt":false}
19,231,1791490686983,ea_event,ROLL_DEFERRED,{"type":"ea_event","seq":78,"ea_time_ms":96570390,"magic":null,"level":"INFO","code":"ROLL_DEFERRED","reason":"S","ticket":null,"detail":{"side":"S","depth":8,"opposite_depth":4,"gate":0,"level":1.12167,"market":1.12167}}
19,235,1791500907957,ea_event,,{"type":"fill_log","seq":79,"ea_time_ms":96570640,"magic":22260201,"deal_ticket":800000053,"order_ticket":9245,"position_id":900000051,"entry_type":"IN","deal_type":"BUY","side":"L","layer_index":3,"role":"EXT","deal_price":1.12168,"order_price_open":null,"slippage_pips":null,"volume":0.00,"profit":0.00,"swap":0.00,"commission":0.00,"deal_time_broker":"2026-10-08 23:08:27","deal_time_broker_msc":1791500907000,"halted_at_receipt":false,"quarantined_at_receipt":false}
19,238,1791503436002,ea_event,CARRY_SNAPSHOT,{"type":"ea_event","seq":80,"ea_time_ms":96570671,"magic":null,"level":"INFO","code":"CARRY_SNAPSHOT","reason":"EURUSD","ticket":null,"detail":{"symbol":"EURUSD","swap_mode":1,"swap_long":-7.9900,"swap_short":1.3100,"multiplier":1,"day_of_week":4,"rollover3days":3,"digits":5,"point":0.00001000,"tick_value":1.00000000,"tick_size":0.00001000,"stops_level":0,"freeze_level":0,"long_pips":-0.799,"short_pips":0.131,"eligible_long":3,"eligible_short":8,"trade_mode_full":true,"mult_today":1,"mult_tomorrow":1,"accrued_swap_long":0.00,"accrued_swap_short":0.00}}
19,238,1791503436002,ea_event,CARRY_EXIT_SHIFT,{"type":"ea_event","seq":81,"ea_time_ms":96570671,"magic":null,"level":"INFO","code":"CARRY_EXIT_SHIFT","reason":"EURUSD","ticket":null,"detail":{"position_ticket":1990101837,"side":"long","layer_index":0,"accrued_ledger_pips":-3.200,"pending_pips":-0.799,"accrued_pips_total":-3.999,"old_price":1.12363,"new_price":1.12387,"clamped":false,"sign_guard_skipped":false,"retcode":10009,"points_native_pips":-1.598}}
19,238,1791503496002,ea_event,CARRY_EXIT_SHIFT,{"type":"ea_event","seq":82,"ea_time_ms":96570671,"magic":null,"level":"INFO","code":"CARRY_EXIT_SHIFT","reason":"EURUSD","ticket":null,"detail":{"position_ticket":1996651309,"side":"long","layer_index":2,"accrued_ledger_pips":0.000,"pending_pips":-0.799,"accrued_pips_total":-0.799,"old_price":1.12226,"new_price":1.12234,"clamped":false,"sign_guard_skipped":false,"retcode":10009,"points_native_pips":-0.799}}
19,238,1791503496002,ea_event,CARRY_EXIT_SHIFT,{"type":"ea_event","seq":83,"ea_time_ms":96570671,"magic":null,"level":"INFO","code":"CARRY_EXIT_SHIFT","reason":"EURUSD","ticket":null,"detail":{"position_ticket":1993015112,"side":"short","layer_index":0,"accrued_ledger_pips":0.400,"pending_pips":0.131,"accrued_pips_total":0.531,"old_price":1.11582,"new_price":1.11586,"clamped":false,"sign_guard_skipped":false,"retcode":10009,"points_native_pips":0.131}}
19,238,1791503736002,ea_event,CARRY_EXIT_SHIFT,{"type":"ea_event","seq":84,"ea_time_ms":96570671,"magic":null,"level":"INFO","code":"CARRY_EXIT_SHIFT","reason":"EURUSD","ticket":null,"detail":{"position_ticket":1997125818,"side":"short","layer_index":7,"accrued_ledger_pips":0.000,"pending_pips":0.131,"accrued_pips_total":0.131,"old_price":1.12007,"new_price":1.12008,"clamped":false,"sign_guard_skipped":false,"retcode":10009,"points_native_pips":0.131}}
19,238,1791503736002,ea_event,CARRY_PASS_SUMMARY,{"type":"ea_event","seq":85,"ea_time_ms":96570671,"magic":null,"level":"INFO","code":"CARRY_PASS_SUMMARY","reason":"EURUSD","ticket":null,"detail":{"eligible":11,"shifted":4,"clamped":0,"skipped":0,"failed":0,"incomplete":false}}
