seg_id,sync_idx,time_ms,stage,action,ticket,type,side,layer,role,price,old_price
10,-1,1790838868001,SEED,PLACE,1975959124,SELL_LIMIT,L,0,EXT,1.13778,0.00000
10,-1,1790838868001,SEED,PLACE,1977728137,SELL_LIMIT,L,6,EXT,1.13349,0.00000
10,-1,1790838868001,SEED,PLACE,1977728168,BUY_LIMIT,L,7,ENT,1.13179,0.00000
10,-1,1790838868001,SEED,PLACE,1977312356,BUY_LIMIT,S,0,EXT,1.13207,0.00000
10,-1,1790838868001,SEED,PLACE,1977312359,SELL_LIMIT,S,1,ENT,1.13376,0.00000
10,-1,1790839277477,DEAL,FILL,1977312356,BUY_LIMIT,S,0,EXT,1.13207,0.00000
10,0,1790839279433,ENGINE,PLACE,9000,SELL_LIMIT,S,0,ENT,1.13275,0.00000
10,0,1790839279970,ENGINE,REMOVE,1977312359,SELL_LIMIT,S,1,ENT,1.13376,0.00000
10,2,1790841684319,DEAL,PLACE,9001,SELL_LIMIT,L,7,EXT,1.13274,0.00000
10,2,1790841684856,DEAL,REMOVE,1977728137,SELL_LIMIT,L,6,EXT,1.13349,0.00000
10,2,1790841684899,DEAL,FILL,1977728168,BUY_LIMIT,L,7,ENT,1.13179,0.00000
10,3,1790841685265,SYNC,REMOVE,9001,SELL_LIMIT,L,7,EXT,1.13274,0.00000
10,3,1790841685265,ENGINE,PLACE,9002,SELL_LIMIT,L,7,EXT,1.13274,0.00000
10,3,1790847623591,ENGINE,MODIFY,9000,SELL_LIMIT,S,0,ENT,1.13205,1.13275
10,3,1790847652134,LATTICE,MODIFY,1975959124,SELL_LIMIT,L,0,EXT,1.13212,1.13778
10,3,1790847652672,LATTICE,PLACE,9003,SELL_LIMIT,L,1,EXT,1.13708,0.00000
10,3,1790847653209,LATTICE,REMOVE,9002,SELL_LIMIT,L,7,EXT,1.13274,0.00000
11,-1,1790847969001,SEED,PLACE,1975959124,SELL_LIMIT,L,0,EXT,1.13212,0.00000
11,-1,1790847969001,SEED,PLACE,1978335558,SELL_LIMIT,L,1,EXT,1.13708,0.00000
11,-1,1790847969001,SEED,PLACE,1978014571,SELL_LIMIT,S,0,ENT,1.13206,0.00000
11,-1,1790850220964,ENGINE,MODIFY,1978014571,SELL_LIMIT,S,0,ENT,1.13136,1.13206
11,0,1790850226385,LATTICE,MODIFY,1978335558,SELL_LIMIT,L,1,EXT,1.13152,1.13708
11,0,1790850226923,LATTICE,PLACE,9000,SELL_LIMIT,L,2,EXT,1.13638,0.00000
11,0,1790850227460,LATTICE,REMOVE,1975959124,SELL_LIMIT,L,0,EXT,1.13212,0.00000
11,0,1790850678396,ENGINE,MODIFY,1978014571,SELL_LIMIT,S,0,ENT,1.13064,1.13136
11,0,1790850771328,DEAL,PLACE,9001,BUY_LIMIT,S,0,EXT,1.12964,0.00000
11,0,1790850771865,DEAL,PLACE,9002,SELL_LIMIT,S,1,ENT,1.13124,0.00000
11,0,1790850772402,DEAL,FILL,1978014571,SELL_LIMIT,S,0,ENT,1.13064,0.00000
11,1,1790850771470,SYNC,REMOVE,9001,BUY_LIMIT,S,0,EXT,1.12964,0.00000
11,1,1790850772402,ENGINE,PLACE,9003,BUY_LIMIT,S,0,EXT,1.12964,0.00000
11,2,1790852585540,LATTICE,MODIFY,9000,SELL_LIMIT,L,2,EXT,1.13092,1.13638
11,2,1790852586078,LATTICE,PLACE,9004,SELL_LIMIT,L,3,EXT,1.13568,0.00000
11,2,1790852586615,LATTICE,REMOVE,1978335558,SELL_LIMIT,L,1,EXT,1.13152,0.00000
11,2,1790853131469,DEAL,FILL,9003,BUY_LIMIT,S,0,EXT,1.12964,0.00000
11,3,1790853132212,ENGINE,PLACE,9005,SELL_LIMIT,S,0,ENT,1.13034,0.00000
11,3,1790853132749,ENGINE,REMOVE,9002,SELL_LIMIT,S,1,ENT,1.13124,0.00000
11,6,1790853145897,LATTICE,MODIFY,9004,SELL_LIMIT,L,3,EXT,1.13032,1.13568
11,6,1790853146435,LATTICE,PLACE,9006,SELL_LIMIT,L,4,EXT,1.13497,0.00000
11,6,1790853146972,LATTICE,REMOVE,9000,SELL_LIMIT,L,2,EXT,1.13092,0.00000
11,7,1790853977915,ENGINE,PLACE,9007,BUY_LIMIT,S,0,EXT,1.12925,0.00000
11,7,1790853978452,ENGINE,PLACE,9008,SELL_LIMIT,S,1,ENT,1.13085,0.00000
11,7,1790853978989,ENGINE,REMOVE,9005,SELL_LIMIT,S,0,ENT,1.13034,0.00000
11,7,1790853983814,DEAL,FILL,9004,SELL_LIMIT,L,3,EXT,1.13032,0.00000
11,8,1790853983954,ENGINE,PLACE,9009,SELL_LIMIT,L,2,EXT,1.13092,0.00000
11,8,1790853984491,ENGINE,PLACE,9010,BUY_LIMIT,L,8,ENT,1.12924,0.00000
11,10,1790854742124,DEAL,FILL,9007,BUY_LIMIT,S,0,EXT,1.12925,0.00000
11,10,1790854742124,DEAL,PLACE,9011,SELL_LIMIT,L,8,EXT,1.13022,0.00000
11,10,1790854742661,DEAL,REMOVE,9009,SELL_LIMIT,L,2,EXT,1.13092,0.00000
11,10,1790854742704,DEAL,FILL,9010,BUY_LIMIT,L,8,ENT,1.12924,0.00000
11,12,1790854742265,SYNC,REMOVE,9011,SELL_LIMIT,L,8,EXT,1.13022,0.00000
11,12,1790854742704,ENGINE,PLACE,9012,SELL_LIMIT,L,8,EXT,1.13022,0.00000
11,12,1790854743241,ENGINE,PLACE,9013,SELL_LIMIT,S,0,ENT,1.12993,0.00000
11,12,1790854743778,ENGINE,REMOVE,9008,SELL_LIMIT,S,1,ENT,1.13085,0.00000
11,15,1790857054765,ENGINE,PLACE,9014,BUY_LIMIT,S,0,EXT,1.12892,0.00000
11,15,1790857055302,ENGINE,PLACE,9015,SELL_LIMIT,S,1,ENT,1.13052,0.00000
11,15,1790857055839,ENGINE,REMOVE,9013,SELL_LIMIT,S,0,ENT,1.12993,0.00000
11,15,1790858429866,DEAL,FILL,9014,BUY_LIMIT,S,0,EXT,1.12892,0.00000
11,16,1790858431422,ENGINE,PLACE,9016,SELL_LIMIT,S,0,ENT,1.12962,0.00000
11,16,1790858431959,ENGINE,REMOVE,9015,SELL_LIMIT,S,1,ENT,1.13052,0.00000
11,19,1790859011261,LATTICE,MODIFY,9006,SELL_LIMIT,L,4,EXT,1.12970,1.13497
11,19,1790859011799,LATTICE,PLACE,9017,SELL_LIMIT,L,5,EXT,1.13427,0.00000
11,19,1790859012336,LATTICE,REMOVE,9012,SELL_LIMIT,L,8,EXT,1.13022,0.00000
11,19,1790859260985,ENGINE,MODIFY,9016,SELL_LIMIT,S,0,ENT,1.12891,1.12962
11,20,1790859311636,LATTICE,MODIFY,9017,SELL_LIMIT,L,5,EXT,1.12910,1.13427
11,20,1790859312174,LATTICE,PLACE,9018,SELL_LIMIT,L,6,EXT,1.13349,0.00000
11,20,1790859312711,LATTICE,REMOVE,9006,SELL_LIMIT,L,4,EXT,1.12970,0.00000
11,20,1790859450886,ENGINE,MODIFY,9016,SELL_LIMIT,S,0,ENT,1.12819,1.12891
11,21,1790859565921,LATTICE,MODIFY,9018,SELL_LIMIT,L,6,EXT,1.12842,1.13349
11,21,1790859566459,LATTICE,PLACE,9019,SELL_LIMIT,L,7,EXT,1.13274,0.00000
11,21,1790859566996,LATTICE,REMOVE,9017,SELL_LIMIT,L,5,EXT,1.12910,0.00000
11,22,1790859610146,LATTICE,MODIFY,9019,SELL_LIMIT,L,7,EXT,1.12782,1.13274
11,22,1790859610684,LATTICE,PLACE,9020,SELL_LIMIT,L,0,EXT,1.13212,0.00000
11,22,1790859611221,LATTICE,REMOVE,9018,SELL_LIMIT,L,6,EXT,1.12842,0.00000
11,22,1790859611264,ENGINE,MODIFY,9016,SELL_LIMIT,S,0,ENT,1.12741,1.12819
11,22,1790860062122,DEAL,PLACE,9021,BUY_LIMIT,S,0,EXT,1.12643,0.00000
11,22,1790860062659,DEAL,PLACE,9022,SELL_LIMIT,S,1,ENT,1.12803,0.00000
11,22,1790860063196,DEAL,FILL,9016,SELL_LIMIT,S,0,ENT,1.12741,0.00000
11,23,1790860094597,SYNC,REMOVE,9021,BUY_LIMIT,S,0,EXT,1.12643,0.00000
11,23,1790860094597,ENGINE,MODIFY,9022,SELL_LIMIT,S,1,ENT,1.12809,1.12803
11,23,1790860095135,ENGINE,PLACE,9023,BUY_LIMIT,S,0,EXT,1.12649,0.00000
11,23,1790860504419,DEAL,FILL,9019,SELL_LIMIT,L,7,EXT,1.12782,0.00000
11,24,1790860504563,ENGINE,PLACE,9024,SELL_LIMIT,L,6,EXT,1.12842,0.00000
11,24,1790860505100,ENGINE,PLACE,9025,BUY_LIMIT,L,9,ENT,1.12682,0.00000
11,26,1790860721134,DEAL,PLACE,9026,BUY_LIMIT,S,1,EXT,1.12709,0.00000
11,26,1790860721671,DEAL,PLACE,9027,SELL_LIMIT,S,2,ENT,1.12869,0.00000
11,26,1790860722208,DEAL,FILL,9022,SELL_LIMIT,S,1,ENT,1.12809,0.00000
11,27,1790860721281,SYNC,REMOVE,9026,BUY_LIMIT,S,1,EXT,1.12709,0.00000
11,27,1790860722208,ENGINE,PLACE,9028,BUY_LIMIT,S,1,EXT,1.12709,0.00000
11,27,1790861069031,DEAL,FILL,9024,SELL_LIMIT,L,6,EXT,1.12842,0.00000
11,28,1790861069778,ENGINE,MODIFY,9025,BUY_LIMIT,L,9,ENT,1.12742,1.12682
11,28,1790861070316,ENGINE,PLACE,9029,SELL_LIMIT,L,5,EXT,1.12910,0.00000
11,30,1790861235570,DEAL,PLACE,9030,BUY_LIMIT,S,2,EXT,1.12770,0.00000
11,30,1790861236107,DEAL,PLACE,9031,SELL_LIMIT,S,3,ENT,1.12930,0.00000
11,30,1790861236644,DEAL,FILL,9027,SELL_LIMIT,S,2,ENT,1.12869,0.00000
11,30,1790861236644,DEAL,REMOVE,9028,BUY_LIMIT,S,1,EXT,1.12709,0.00000
11,31,1790861236705,SYNC,REMOVE,9030,BUY_LIMIT,S,2,EXT,1.12770,0.00000
11,31,1790861236705,ENGINE,PLACE,9032,BUY_LIMIT,S,2,EXT,1.12770,0.00000
11,31,1790861462347,DEAL,FILL,9029,SELL_LIMIT,L,5,EXT,1.12910,0.00000
11,32,1790861463517,ENGINE,MODIFY,9025,BUY_LIMIT,L,9,ENT,1.12802,1.12742
11,32,1790861464055,ENGINE,PLACE,9033,SELL_LIMIT,L,4,EXT,1.12970,0.00000
11,34,1790861696767,DEAL,PLACE,9034,BUY_LIMIT,S,3,EXT,1.12830,0.00000
11,34,1790861697304,DEAL,PLACE,9035,SELL_LIMIT,S,4,ENT,1.12990,0.00000
11,34,1790861697841,DEAL,FILL,9031,SELL_LIMIT,S,3,ENT,1.12930,0.00000
11,34,1790861697841,DEAL,REMOVE,9032,BUY_LIMIT,S,2,EXT,1.12770,0.00000
11,35,1790861696915,SYNC,REMOVE,9034,BUY_LIMIT,S,3,EXT,1.12830,0.00000
11,35,1790861697884,ENGINE,PLACE,9036,BUY_LIMIT,S,3,EXT,1.12830,0.00000
11,35,1790862848743,DEAL,FILL,9033,SELL_LIMIT,L,4,EXT,1.12970,0.00000
11,36,1790862848891,ENGINE,MODIFY,9025,BUY_LIMIT,L,9,ENT,1.12862,1.12802
11,36,1790862849429,ENGINE,PLACE,9037,SELL_LIMIT,L,8,EXT,1.13022,0.00000
11,38,1790864161677,DEAL,PLACE,9038,SELL_LIMIT,L,9,EXT,1.12962,0.00000
11,38,1790864162214,DEAL,PLACE,9039,BUY_LIMIT,L,10,ENT,1.12802,0.00000
11,38,1790864162751,DEAL,FILL,9025,BUY_LIMIT,L,9,ENT,1.12862,0.00000
11,38,1790864162751,DEAL,REMOVE,9037,SELL_LIMIT,L,8,EXT,1.13022,0.00000
11,39,1790864162014,SYNC,REMOVE,9038,SELL_LIMIT,L,9,EXT,1.12962,0.00000
11,39,1790864162794,ENGINE,PLACE,9040,SELL_LIMIT,L,9,EXT,1.12962,0.00000
11,39,1790864643340,DEAL,FILL,9036,BUY_LIMIT,S,3,EXT,1.12830,0.00000
11,40,1790864643484,ENGINE,PLACE,9041,BUY_LIMIT,S,2,EXT,1.12770,0.00000
11,40,1790864644021,ENGINE,REMOVE,9035,SELL_LIMIT,S,4,ENT,1.12990,0.00000
11,42,1790864644895,ENGINE,PLACE,9042,SELL_LIMIT,S,3,ENT,1.12930,0.00000
11,42,1790865577653,DEAL,PLACE,9043,BUY_LIMIT,S,3,EXT,1.12832,0.00000
11,42,1790865578190,DEAL,PLACE,9044,SELL_LIMIT,S,4,ENT,1.12992,0.00000
11,42,1790865578727,DEAL,REMOVE,9041,BUY_LIMIT,S,2,EXT,1.12770,0.00000
11,42,1790865578770,DEAL,FILL,9042,SELL_LIMIT,S,3,ENT,1.12930,0.00000
11,43,1790865578384,SYNC,REMOVE,9043,BUY_LIMIT,S,3,EXT,1.12832,0.00000
11,43,1790865578770,ENGINE,PLACE,9045,BUY_LIMIT,S,3,EXT,1.12832,0.00000
11,43,1790865760045,DEAL,FILL,9040,SELL_LIMIT,L,9,EXT,1.12962,0.00000
11,44,1790865760188,ENGINE,PLACE,9046,SELL_LIMIT,L,8,EXT,1.13022,0.00000
11,44,1790865760725,ENGINE,REMOVE,9039,BUY_LIMIT,L,10,ENT,1.12802,0.00000
11,46,1790865761392,ENGINE,PLACE,9047,BUY_LIMIT,L,9,ENT,1.12862,0.00000
11,46,1790865914307,DEAL,PLACE,9048,BUY_LIMIT,S,4,EXT,1.12892,0.00000
11,46,1790865914844,DEAL,PLACE,9049,SELL_LIMIT,S,5,ENT,1.13052,0.00000
11,46,1790865915381,DEAL,FILL,9044,SELL_LIMIT,S,4,ENT,1.12992,0.00000
11,46,1790865915381,DEAL,REMOVE,9045,BUY_LIMIT,S,3,EXT,1.12832,0.00000
11,47,1790865914648,SYNC,REMOVE,9048,BUY_LIMIT,S,4,EXT,1.12892,0.00000
11,47,1790865915424,ENGINE,PLACE,9050,BUY_LIMIT,S,4,EXT,1.12892,0.00000
11,47,1790866087806,DEAL,FILL,9046,SELL_LIMIT,L,8,EXT,1.13022,0.00000
11,48,1790866087952,ENGINE,PLACE,9051,SELL_LIMIT,L,2,EXT,1.13092,0.00000
11,48,1790866088489,ENGINE,REMOVE,9047,BUY_LIMIT,L,9,ENT,1.12862,0.00000
11,50,1790866088955,ENGINE,PLACE,9052,BUY_LIMIT,L,3,ENT,1.12924,0.00000
11,50,1790866348658,DEAL,PLACE,9053,BUY_LIMIT,S,5,EXT,1.12953,0.00000
11,50,1790866349195,DEAL,PLACE,9054,SELL_LIMIT,S,6,ENT,1.13113,0.00000
11,50,1790866349732,DEAL,FILL,9049,SELL_LIMIT,S,5,ENT,1.13052,0.00000
11,50,1790866349732,DEAL,REMOVE,9050,BUY_LIMIT,S,4,EXT,1.12892,0.00000
11,51,1790866348796,SYNC,REMOVE,9053,BUY_LIMIT,S,5,EXT,1.12953,0.00000
11,51,1790866349775,ENGINE,PLACE,9055,BUY_LIMIT,S,5,EXT,1.12953,0.00000
11,51,1790866503795,DEAL,FILL,9051,SELL_LIMIT,L,2,EXT,1.13092,0.00000
11,52,1790866503935,ENGINE,PLACE,9056,SELL_LIMIT,L,1,EXT,1.13152,0.00000
11,52,1790866504472,ENGINE,REMOVE,9052,BUY_LIMIT,L,3,ENT,1.12924,0.00000
11,54,1790866504539,ENGINE,PLACE,9057,BUY_LIMIT,L,2,ENT,1.12984,0.00000
11,54,1790866621289,DEAL,PLACE,9058,BUY_LIMIT,S,6,EXT,1.13014,0.00000
11,54,1790866621826,DEAL,PLACE,9059,SELL_LIMIT,S,7,ENT,1.13174,0.00000
11,54,1790866622363,DEAL,FILL,9054,SELL_LIMIT,S,6,ENT,1.13113,0.00000
11,54,1790866622363,DEAL,REMOVE,9055,BUY_LIMIT,S,5,EXT,1.12953,0.00000
11,55,1790866622230,SYNC,REMOVE,9058,BUY_LIMIT,S,6,EXT,1.13014,0.00000
11,55,1790866622406,ENGINE,PLACE,9060,BUY_LIMIT,S,6,EXT,1.13014,0.00000
11,55,1790867255257,DEAL,FILL,9060,BUY_LIMIT,S,6,EXT,1.13014,0.00000
11,56,1790867255398,ENGINE,PLACE,9061,BUY_LIMIT,S,5,EXT,1.12953,0.00000
11,56,1790867255935,ENGINE,REMOVE,9059,SELL_LIMIT,S,7,ENT,1.13174,0.00000
11,58,1790867256810,ENGINE,PLACE,9062,SELL_LIMIT,S,6,ENT,1.13113,0.00000
11,58,1790867401248,DEAL,PLACE,9063,SELL_LIMIT,L,2,EXT,1.13084,0.00000
11,58,1790867401785,DEAL,PLACE,9064,BUY_LIMIT,L,3,ENT,1.12924,0.00000
11,58,1790867402322,DEAL,REMOVE,9056,SELL_LIMIT,L,1,EXT,1.13152,0.00000
11,58,1790867402365,DEAL,FILL,9057,BUY_LIMIT,L,2,ENT,1.12984,0.00000
11,59,1790867401587,SYNC,REMOVE,9063,SELL_LIMIT,L,2,EXT,1.13084,0.00000
11,59,1790867402365,ENGINE,PLACE,9065,SELL_LIMIT,L,2,EXT,1.13084,0.00000
11,59,1790868172719,DEAL,FILL,9061,BUY_LIMIT,S,5,EXT,1.12953,0.00000
11,60,1790868173261,ENGINE,PLACE,9066,BUY_LIMIT,S,4,EXT,1.12892,0.00000
11,60,1790868173798,ENGINE,REMOVE,9062,SELL_LIMIT,S,6,ENT,1.13113,0.00000
11,62,1790868174063,ENGINE,PLACE,9067,SELL_LIMIT,S,5,ENT,1.13052,0.00000
11,62,1790868364695,DEAL,PLACE,9068,SELL_LIMIT,L,3,EXT,1.13022,0.00000
11,62,1790868365232,DEAL,PLACE,9069,BUY_LIMIT,L,4,ENT,1.12862,0.00000
11,62,1790868365769,DEAL,FILL,9064,BUY_LIMIT,L,3,ENT,1.12924,0.00000
11,62,1790868365769,DEAL,REMOVE,9065,SELL_LIMIT,L,2,EXT,1.13084,0.00000
11,63,1790868364838,SYNC,REMOVE,9068,SELL_LIMIT,L,3,EXT,1.13022,0.00000
11,63,1790868365812,ENGINE,PLACE,9070,SELL_LIMIT,L,3,EXT,1.13022,0.00000
11,63,1790869493038,DEAL,FILL,9066,BUY_LIMIT,S,4,EXT,1.12892,0.00000
11,64,1790869493576,ENGINE,PLACE,9071,BUY_LIMIT,S,3,EXT,1.12832,0.00000
11,64,1790869494113,ENGINE,REMOVE,9067,SELL_LIMIT,S,5,ENT,1.13052,0.00000
11,66,1790869494384,ENGINE,PLACE,9072,SELL_LIMIT,S,4,ENT,1.12992,0.00000
11,66,1790869746554,DEAL,PLACE,9073,SELL_LIMIT,L,4,EXT,1.12962,0.00000
11,66,1790869747091,DEAL,PLACE,9074,BUY_LIMIT,L,5,ENT,1.12802,0.00000
11,66,1790869747628,DEAL,FILL,9069,BUY_LIMIT,L,4,ENT,1.12862,0.00000
11,66,1790869747628,DEAL,REMOVE,9070,SELL_LIMIT,L,3,EXT,1.13022,0.00000
11,67,1790869749512,SYNC,REMOVE,9073,SELL_LIMIT,L,4,EXT,1.12962,0.00000
11,67,1790869749512,ENGINE,PLACE,9075,SELL_LIMIT,L,4,EXT,1.12962,0.00000
11,67,1790871427366,DEAL,FILL,9071,BUY_LIMIT,S,3,EXT,1.12832,0.00000
11,68,1790871428115,ENGINE,PLACE,9076,BUY_LIMIT,S,2,EXT,1.12770,0.00000
11,68,1790871428652,ENGINE,REMOVE,9072,SELL_LIMIT,S,4,ENT,1.12992,0.00000
11,70,1790871428722,ENGINE,PLACE,9077,SELL_LIMIT,S,3,ENT,1.12930,0.00000
11,70,1790873328696,DEAL,PLACE,9078,BUY_LIMIT,S,3,EXT,1.12831,0.00000
11,70,1790873329233,DEAL,PLACE,9079,SELL_LIMIT,S,4,ENT,1.12991,0.00000
11,70,1790873329770,DEAL,REMOVE,9076,BUY_LIMIT,S,2,EXT,1.12770,0.00000
11,70,1790873329813,DEAL,FILL,9077,SELL_LIMIT,S,3,ENT,1.12930,0.00000
11,71,1790873330246,SYNC,REMOVE,9078,BUY_LIMIT,S,3,EXT,1.12831,0.00000
11,71,1790873330246,ENGINE,PLACE,9080,BUY_LIMIT,S,3,EXT,1.12831,0.00000
11,71,1790873703275,DEAL,FILL,9075,SELL_LIMIT,L,4,EXT,1.12962,0.00000
11,72,1790873703824,ENGINE,PLACE,9081,SELL_LIMIT,L,3,EXT,1.13022,0.00000
11,72,1790873704361,ENGINE,REMOVE,9074,BUY_LIMIT,L,5,ENT,1.12802,0.00000
11,74,1790873704628,ENGINE,PLACE,9082,BUY_LIMIT,L,4,ENT,1.12862,0.00000
11,74,1790874311522,DEAL,PLACE,9083,SELL_LIMIT,L,4,EXT,1.12963,0.00000
11,74,1790874312059,DEAL,PLACE,9084,BUY_LIMIT,L,5,ENT,1.12803,0.00000
11,74,1790874312596,DEAL,REMOVE,9081,SELL_LIMIT,L,3,EXT,1.13022,0.00000
11,74,1790874312639,DEAL,FILL,9082,BUY_LIMIT,L,4,ENT,1.12862,0.00000
11,75,1790874311663,SYNC,REMOVE,9083,SELL_LIMIT,L,4,EXT,1.12963,0.00000
11,75,1790874312639,ENGINE,PLACE,9085,SELL_LIMIT,L,4,EXT,1.12963,0.00000
11,75,1790875847181,DEAL,FILL,9080,BUY_LIMIT,S,3,EXT,1.12831,0.00000
11,76,1790875847321,ENGINE,PLACE,9086,BUY_LIMIT,S,2,EXT,1.12770,0.00000
11,76,1790875847858,ENGINE,REMOVE,9079,SELL_LIMIT,S,4,ENT,1.12991,0.00000
11,78,1790875848133,ENGINE,PLACE,9087,SELL_LIMIT,S,3,ENT,1.12930,0.00000
11,78,1790876512257,DEAL,PLACE,9088,SELL_LIMIT,L,5,EXT,1.12903,0.00000
11,78,1790876512794,DEAL,PLACE,9089,BUY_LIMIT,L,6,ENT,1.12743,0.00000
11,78,1790876513331,DEAL,FILL,9084,BUY_LIMIT,L,5,ENT,1.12803,0.00000
11,78,1790876513331,DEAL,REMOVE,9085,SELL_LIMIT,L,4,EXT,1.12963,0.00000
11,79,1790876512397,SYNC,REMOVE,9088,SELL_LIMIT,L,5,EXT,1.12903,0.00000
11,79,1790876513374,ENGINE,PLACE,9090,SELL_LIMIT,L,5,EXT,1.12903,0.00000
11,79,1790876595465,DEAL,FILL,9086,BUY_LIMIT,S,2,EXT,1.12770,0.00000
11,80,1790876595607,ENGINE,PLACE,9091,BUY_LIMIT,S,1,EXT,1.12709,0.00000
11,80,1790876596144,ENGINE,REMOVE,9087,SELL_LIMIT,S,3,ENT,1.12930,0.00000
11,82,1790876596213,ENGINE,PLACE,9092,SELL_LIMIT,S,2,ENT,1.12869,0.00000
11,82,1790876625626,DEAL,PLACE,9093,SELL_LIMIT,L,6,EXT,1.12843,0.00000
11,82,1790876626163,DEAL,PLACE,9094,BUY_LIMIT,L,7,ENT,1.12683,0.00000
11,82,1790876626700,DEAL,FILL,9089,BUY_LIMIT,L,6,ENT,1.12743,0.00000
11,82,1790876626700,DEAL,REMOVE,9090,SELL_LIMIT,L,5,EXT,1.12903,0.00000
11,83,1790876625768,SYNC,REMOVE,9093,SELL_LIMIT,L,6,EXT,1.12843,0.00000
11,83,1790876626743,ENGINE,PLACE,9095,SELL_LIMIT,L,6,EXT,1.12843,0.00000
11,83,1790876786391,DEAL,FILL,9091,BUY_LIMIT,S,1,EXT,1.12709,0.00000
11,84,1790876786729,ENGINE,REMOVE,9092,SELL_LIMIT,S,2,ENT,1.12869,0.00000
11,84,1790876786932,ENGINE,PLACE,9096,SELL_LIMIT,S,1,ENT,1.12809,0.00000
11,86,1790876806100,DEAL,PLACE,9097,SELL_LIMIT,L,7,EXT,1.12783,0.00000
11,86,1790876806637,DEAL,FILL,9094,BUY_LIMIT,L,7,ENT,1.12683,0.00000
11,86,1790876806637,DEAL,REMOVE,9095,SELL_LIMIT,L,6,EXT,1.12843,0.00000
11,87,1790876806240,SYNC,REMOVE,9097,SELL_LIMIT,L,7,EXT,1.12783,0.00000
11,87,1790876806680,ENGINE,PLACE,9098,SELL_LIMIT,L,7,EXT,1.12783,0.00000
11,87,1790877042278,DEAL,FILL,9023,BUY_LIMIT,S,0,EXT,1.12649,0.00000
11,88,1790877042824,ENGINE,PLACE,9099,SELL_LIMIT,S,0,ENT,1.12716,0.00000
11,88,1790877043361,ENGINE,REMOVE,9096,SELL_LIMIT,S,1,ENT,1.12809,0.00000
11,91,1790877132806,LATTICE,PLACE,9100,SELL_LIMIT,L,2,EXT,1.12723,0.00000
11,91,1790877133343,LATTICE,REMOVE,9098,SELL_LIMIT,L,7,EXT,1.12783,0.00000
11,91,1790877928111,ENGINE,MODIFY,9099,SELL_LIMIT,S,0,ENT,1.12644,1.12716
11,92,1790877934543,LATTICE,PLACE,9101,SELL_LIMIT,L,3,EXT,1.12663,0.00000
11,92,1790877935080,LATTICE,REMOVE,9100,SELL_LIMIT,L,2,EXT,1.12723,0.00000
11,93,1790879405342,LATTICE,PLACE,9102,SELL_LIMIT,L,4,EXT,1.12603,0.00000
11,93,1790879405879,LATTICE,REMOVE,9101,SELL_LIMIT,L,3,EXT,1.12663,0.00000
11,93,1790879405922,ENGINE,MODIFY,9099,SELL_LIMIT,S,0,ENT,1.12568,1.12644
11,94,1790879436257,LATTICE,PLACE,9103,SELL_LIMIT,L,5,EXT,1.12543,0.00000
11,94,1790879436794,LATTICE,REMOVE,9102,SELL_LIMIT,L,4,EXT,1.12603,0.00000
11,94,1790879436837,ENGINE,MODIFY,9099,SELL_LIMIT,S,0,ENT,1.12462,1.12568
11,95,1790879492719,LATTICE,PLACE,9104,SELL_LIMIT,L,6,EXT,1.12483,0.00000
11,95,1790879493256,LATTICE,REMOVE,9103,SELL_LIMIT,L,5,EXT,1.12543,0.00000
11,96,1790879661027,LATTICE,PLACE,9105,SELL_LIMIT,L,7,EXT,1.12423,0.00000
11,96,1790879661564,LATTICE,REMOVE,9104,SELL_LIMIT,L,6,EXT,1.12483,0.00000
11,96,1790879661607,ENGINE,MODIFY,9099,SELL_LIMIT,S,0,ENT,1.12389,1.12462
11,96,1790879816092,DEAL,PLACE,9106,BUY_LIMIT,S,0,EXT,1.12293,0.00000
11,96,1790879816629,DEAL,FILL,9099,SELL_LIMIT,S,0,ENT,1.12389,0.00000
11,97,1790879816238,SYNC,REMOVE,9106,BUY_LIMIT,S,0,EXT,1.12293,0.00000
11,97,1790879816629,ENGINE,PLACE,9107,BUY_LIMIT,S,0,EXT,1.12293,0.00000
11,97,1790879856298,DEAL,FILL,9105,SELL_LIMIT,L,7,EXT,1.12423,0.00000
11,98,1790879856437,ENGINE,PLACE,9108,SELL_LIMIT,L,6,EXT,1.12483,0.00000
11,100,1790880685428,DEAL,FILL,9107,BUY_LIMIT,S,0,EXT,1.12293,0.00000
11,103,1790898609001,TIMER,MODIFY,9020,SELL_LIMIT,L,0,EXT,1.13237,1.13212
11,103,1790898789001,TIMER,MODIFY,9108,SELL_LIMIT,L,6,EXT,1.12491,1.12483
12,-1,1790900610001,SEED,PLACE,1978943308,SELL_LIMIT,L,0,EXT,1.13237,0.00000
12,-1,1790900610001,SEED,PLACE,1980106131,SELL_LIMIT,L,6,EXT,1.12491,0.00000
12,-1,1790900612173,ENGINE,PLACE,9000,SELL_LIMIT,S,0,ENT,1.12536,0.00000
12,-1,1790900622040,ENGINE,PLACE,9001,BUY_LIMIT,L,7,ENT,1.12323,0.00000
12,-1,1790902256543,ENGINE,MODIFY,9000,SELL_LIMIT,S,0,ENT,1.12459,1.12536
12,-1,1790909138795,DEAL,PLACE,9002,BUY_LIMIT,S,0,EXT,1.12358,0.00000
12,-1,1790909139332,DEAL,PLACE,9003,SELL_LIMIT,S,1,ENT,1.12518,0.00000
12,-1,1790909139869,DEAL,FILL,9000,SELL_LIMIT,S,0,ENT,1.12459,0.00000
12,0,1790909139131,SYNC,REMOVE,9002,BUY_LIMIT,S,0,EXT,1.12358,0.00000
12,0,1790909139869,ENGINE,PLACE,9004,BUY_LIMIT,S,0,EXT,1.12358,0.00000
12,0,1790910024415,DEAL,FILL,1980106131,SELL_LIMIT,L,6,EXT,1.12491,0.00000
12,1,1790910024565,ENGINE,PLACE,9005,SELL_LIMIT,L,5,EXT,1.12551,0.00000
12,1,1790910025102,ENGINE,REMOVE,9001,BUY_LIMIT,L,7,ENT,1.12323,0.00000
12,3,1790910025156,ENGINE,PLACE,9006,BUY_LIMIT,L,6,ENT,1.12383,0.00000
12,3,1790911803698,DEAL,PLACE,9007,SELL_LIMIT,L,6,EXT,1.12484,0.00000
12,3,1790911804235,DEAL,PLACE,9008,BUY_LIMIT,L,7,ENT,1.12324,0.00000
12,3,1790911804772,DEAL,REMOVE,9005,SELL_LIMIT,L,5,EXT,1.12551,0.00000
12,3,1790911804815,DEAL,FILL,9006,BUY_LIMIT,L,6,ENT,1.12383,0.00000
12,4,1790911804038,SYNC,REMOVE,9007,SELL_LIMIT,L,6,EXT,1.12484,0.00000
12,4,1790911804815,ENGINE,PLACE,9009,SELL_LIMIT,L,6,EXT,1.12484,0.00000
12,4,1790912323373,DEAL,FILL,9004,BUY_LIMIT,S,0,EXT,1.12358,0.00000
12,5,1790912323913,ENGINE,PLACE,9010,SELL_LIMIT,S,0,ENT,1.12429,0.00000
12,5,1790912324450,ENGINE,REMOVE,9003,SELL_LIMIT,S,1,ENT,1.12518,0.00000
12,7,1790915683586,DEAL,PLACE,9011,SELL_LIMIT,L,7,EXT,1.12423,0.00000
12,7,1790915684123,DEAL,FILL,9008,BUY_LIMIT,L,7,ENT,1.12324,0.00000
12,7,1790915684123,DEAL,REMOVE,9009,SELL_LIMIT,L,6,EXT,1.12484,0.00000
12,8,1790915684334,SYNC,REMOVE,9011,SELL_LIMIT,L,7,EXT,1.12423,0.00000
12,8,1790915684334,ENGINE,PLACE,9012,SELL_LIMIT,L,7,EXT,1.12423,0.00000
12,8,1790917641851,DEAL,FILL,9012,SELL_LIMIT,L,7,EXT,1.12423,0.00000
12,9,1790917644394,ENGINE,PLACE,9013,SELL_LIMIT,L,6,EXT,1.12484,0.00000
12,9,1790917644931,ENGINE,PLACE,9014,BUY_LIMIT,L,7,ENT,1.12324,0.00000
12,12,1790919099207,ENGINE,PLACE,9015,BUY_LIMIT,S,0,EXT,1.12326,0.00000
12,12,1790919099744,ENGINE,PLACE,9016,SELL_LIMIT,S,1,ENT,1.12486,0.00000
12,12,1790919100281,ENGINE,REMOVE,9010,SELL_LIMIT,S,0,ENT,1.12429,0.00000
13,-1,1790920824000,SEED,PLACE,1978943308,SELL_LIMIT,L,0,EXT,1.13237,0.00000
13,-1,1790920824000,SEED,PLACE,1981329208,SELL_LIMIT,L,6,EXT,1.12484,0.00000
13,-1,1790920824000,SEED,PLACE,1981329219,BUY_LIMIT,L,7,ENT,1.12324,0.00000
13,-1,1790920824000,SEED,PLACE,1981380736,BUY_LIMIT,S,0,EXT,1.12326,0.00000
13,-1,1790920824000,SEED,PLACE,1981380746,SELL_LIMIT,S,1,ENT,1.12486,0.00000
13,-1,1790921933362,DEAL,FILL,1981329208,SELL_LIMIT,L,6,EXT,1.12484,0.00000
13,0,1790921938522,ENGINE,PLACE,9000,SELL_LIMIT,L,5,EXT,1.12551,0.00000
13,0,1790921939059,ENGINE,REMOVE,1981329219,BUY_LIMIT,L,7,ENT,1.12324,0.00000
13,2,1790921940129,ENGINE,PLACE,9001,BUY_LIMIT,L,6,ENT,1.12383,0.00000
13,2,1790922322327,DEAL,PLACE,9002,BUY_LIMIT,S,1,EXT,1.12389,0.00000
13,2,1790922322864,DEAL,PLACE,9003,SELL_LIMIT,S,2,ENT,1.12549,0.00000
13,2,1790922323401,DEAL,FILL,1981380746,SELL_LIMIT,S,1,ENT,1.12486,0.00000
13,3,1790922322470,SYNC,REMOVE,9002,BUY_LIMIT,S,1,EXT,1.12389,0.00000
13,3,1790922323401,ENGINE,PLACE,9004,BUY_LIMIT,S,1,EXT,1.12389,0.00000
13,3,1790926328331,DEAL,PLACE,9005,BUY_LIMIT,S,2,EXT,1.12450,0.00000
13,3,1790926328868,DEAL,PLACE,9006,SELL_LIMIT,S,3,ENT,1.12610,0.00000
13,3,1790926329405,DEAL,FILL,9003,SELL_LIMIT,S,2,ENT,1.12549,0.00000
13,3,1790926329405,DEAL,REMOVE,9004,BUY_LIMIT,S,1,EXT,1.12389,0.00000
13,4,1790926328670,SYNC,REMOVE,9005,BUY_LIMIT,S,2,EXT,1.12450,0.00000
13,4,1790926329448,ENGINE,PLACE,9007,BUY_LIMIT,S,2,EXT,1.12450,0.00000
13,4,1790926337573,DEAL,FILL,9000,SELL_LIMIT,L,5,EXT,1.12551,0.00000
13,5,1790926338321,ENGINE,PLACE,9008,SELL_LIMIT,L,4,EXT,1.12611,0.00000
13,5,1790926338858,ENGINE,REMOVE,9001,BUY_LIMIT,L,6,ENT,1.12383,0.00000
13,7,1790926340541,ENGINE,PLACE,9009,BUY_LIMIT,L,5,ENT,1.12443,0.00000
13,7,1790934965610,DEAL,PLACE,9010,BUY_LIMIT,S,3,EXT,1.12510,0.00000
13,7,1790934966147,DEAL,PLACE,9011,SELL_LIMIT,S,4,ENT,1.12670,0.00000
13,7,1790934966684,DEAL,FILL,9006,SELL_LIMIT,S,3,ENT,1.12610,0.00000
13,7,1790934966684,DEAL,REMOVE,9007,BUY_LIMIT,S,2,EXT,1.12450,0.00000
13,8,1790934967376,SYNC,REMOVE,9010,BUY_LIMIT,S,3,EXT,1.12510,0.00000
13,8,1790934967376,ENGINE,PLACE,9012,BUY_LIMIT,S,3,EXT,1.12510,0.00000
13,8,1790934969035,DEAL,FILL,9008,SELL_LIMIT,L,4,EXT,1.12611,0.00000
13,9,1790934969183,ENGINE,PLACE,9013,SELL_LIMIT,L,3,EXT,1.12671,0.00000
13,9,1790934969720,ENGINE,REMOVE,9009,BUY_LIMIT,L,5,ENT,1.12443,0.00000
13,11,1790934969981,ENGINE,PLACE,9014,BUY_LIMIT,L,4,ENT,1.12503,0.00000
13,11,1790939277422,DEAL,PLACE,9015,BUY_LIMIT,S,4,EXT,1.12571,0.00000
13,11,1790939277959,DEAL,PLACE,9016,SELL_LIMIT,S,5,ENT,1.12731,0.00000
13,11,1790939278496,DEAL,FILL,9011,SELL_LIMIT,S,4,ENT,1.12670,0.00000
13,11,1790939278496,DEAL,REMOVE,9012,BUY_LIMIT,S,3,EXT,1.12510,0.00000
13,11,1790939278539,DEAL,FILL,9013,SELL_LIMIT,L,3,EXT,1.12671,0.00000
13,13,1790939277578,SYNC,REMOVE,9015,BUY_LIMIT,S,4,EXT,1.12571,0.00000
13,15,1790939278539,ENGINE,PLACE,9017,SELL_LIMIT,L,2,EXT,1.12731,0.00000
13,15,1790939279076,ENGINE,PLACE,9018,BUY_LIMIT,S,4,EXT,1.12571,0.00000
13,15,1790939279613,ENGINE,REMOVE,9014,BUY_LIMIT,L,4,ENT,1.12503,0.00000
13,15,1790939279981,ENGINE,PLACE,9019,BUY_LIMIT,L,3,ENT,1.12563,0.00000
13,15,1790939895778,DEAL,FILL,9018,BUY_LIMIT,S,4,EXT,1.12571,0.00000
13,16,1790939896321,ENGINE,PLACE,9020,BUY_LIMIT,S,3,EXT,1.12510,0.00000
13,16,1790939896858,ENGINE,REMOVE,9016,SELL_LIMIT,S,5,ENT,1.12731,0.00000
13,18,1790939896921,ENGINE,PLACE,9021,SELL_LIMIT,S,4,ENT,1.12670,0.00000
13,18,1790939916667,DEAL,PLACE,9022,SELL_LIMIT,L,3,EXT,1.12663,0.00000
13,18,1790939917204,DEAL,PLACE,9023,BUY_LIMIT,L,4,ENT,1.12503,0.00000
13,18,1790939917741,DEAL,REMOVE,9017,SELL_LIMIT,L,2,EXT,1.12731,0.00000
13,18,1790939917784,DEAL,FILL,9019,BUY_LIMIT,L,3,ENT,1.12563,0.00000
13,19,1790939917410,SYNC,REMOVE,9022,SELL_LIMIT,L,3,EXT,1.12663,0.00000
13,19,1790939917784,ENGINE,PLACE,9024,SELL_LIMIT,L,3,EXT,1.12663,0.00000
13,19,1790941163658,DEAL,FILL,9020,BUY_LIMIT,S,3,EXT,1.12510,0.00000
13,20,1790941163797,ENGINE,PLACE,9025,BUY_LIMIT,S,2,EXT,1.12450,0.00000
13,20,1790941164334,ENGINE,REMOVE,9021,SELL_LIMIT,S,4,ENT,1.12670,0.00000
13,22,1790941164377,ENGINE,PLACE,9026,SELL_LIMIT,S,3,ENT,1.12610,0.00000
13,22,1790941410710,DEAL,PLACE,9027,SELL_LIMIT,L,4,EXT,1.12604,0.00000
13,22,1790941411247,DEAL,PLACE,9028,BUY_LIMIT,L,5,ENT,1.12444,0.00000
13,22,1790941411784,DEAL,FILL,9023,BUY_LIMIT,L,4,ENT,1.12503,0.00000
13,22,1790941411784,DEAL,REMOVE,9024,SELL_LIMIT,L,3,EXT,1.12663,0.00000
13,23,1790941411259,SYNC,REMOVE,9027,SELL_LIMIT,L,4,EXT,1.12604,0.00000
13,23,1790941411827,ENGINE,PLACE,9029,SELL_LIMIT,L,4,EXT,1.12604,0.00000
13,23,1790946640433,DEAL,FILL,9025,BUY_LIMIT,S,2,EXT,1.12450,0.00000
13,24,1790946641788,ENGINE,PLACE,9030,BUY_LIMIT,S,1,EXT,1.12389,0.00000
13,24,1790946642325,ENGINE,REMOVE,9026,SELL_LIMIT,S,3,ENT,1.12610,0.00000
13,26,1790946642391,ENGINE,PLACE,9031,SELL_LIMIT,S,2,ENT,1.12549,0.00000
13,26,1790946662579,DEAL,PLACE,9032,SELL_LIMIT,L,5,EXT,1.12544,0.00000
13,26,1790946663116,DEAL,PLACE,9033,BUY_LIMIT,L,6,ENT,1.12384,0.00000
13,26,1790946663653,DEAL,FILL,9028,BUY_LIMIT,L,5,ENT,1.12444,0.00000
13,26,1790946663653,DEAL,REMOVE,9029,SELL_LIMIT,L,4,EXT,1.12604,0.00000
13,27,1790946663117,SYNC,REMOVE,9032,SELL_LIMIT,L,5,EXT,1.12544,0.00000
13,27,1790946663696,ENGINE,PLACE,9034,SELL_LIMIT,L,5,EXT,1.12544,0.00000
13,27,1790946929193,DEAL,FILL,9030,BUY_LIMIT,S,1,EXT,1.12389,0.00000
13,28,1790946929734,ENGINE,REMOVE,9031,SELL_LIMIT,S,2,ENT,1.12549,0.00000
13,28,1790946929940,ENGINE,PLACE,9035,SELL_LIMIT,S,1,ENT,1.12486,0.00000
13,30,1790946930949,ENGINE,MODIFY,9033,BUY_LIMIT,L,6,ENT,1.12383,1.12384
13,31,1790946933364,ENGINE,PLACE,9036,SELL_LIMIT,L,6,EXT,1.12484,0.00000
13,31,1790946933901,ENGINE,REMOVE,9033,BUY_LIMIT,L,6,ENT,1.12383,0.00000
13,31,1790946933944,ENGINE,REMOVE,9034,SELL_LIMIT,L,5,EXT,1.12544,0.00000
13,31,1790946933987,ENGINE,PLACE,9037,BUY_LIMIT,L,7,ENT,1.12324,0.00000
13,31,1790947243631,DEAL,FILL,1981380736,BUY_LIMIT,S,0,EXT,1.12326,0.00000
13,32,1790947243763,ENGINE,MODIFY,9037,BUY_LIMIT,L,7,ENT,1.12320,1.12324
13,32,1790947244301,ENGINE,PLACE,9038,SELL_LIMIT,S,0,ENT,1.12392,0.00000
13,32,1790947244838,ENGINE,REMOVE,9035,SELL_LIMIT,S,1,ENT,1.12486,0.00000
13,32,1790947244881,DEAL,PLACE,9039,SELL_LIMIT,L,7,EXT,1.12422,0.00000
13,32,1790947245418,DEAL,REMOVE,9036,SELL_LIMIT,L,6,EXT,1.12484,0.00000
13,32,1790947245461,DEAL,FILL,9037,BUY_LIMIT,L,7,ENT,1.12324,0.00000
13,33,1790947243963,SYNC,REMOVE,9039,SELL_LIMIT,L,7,EXT,1.12422,0.00000
13,35,1790947245461,ENGINE,PLACE,9040,SELL_LIMIT,L,7,EXT,1.12422,0.00000
13,36,1790947830232,ENGINE,PLACE,9041,BUY_LIMIT,S,0,EXT,1.12287,0.00000
13,36,1790947830769,ENGINE,PLACE,9042,SELL_LIMIT,S,1,ENT,1.12447,0.00000
13,36,1790947831306,ENGINE,REMOVE,9038,SELL_LIMIT,S,0,ENT,1.12392,0.00000
13,36,1790949812035,DEAL,FILL,9041,BUY_LIMIT,S,0,EXT,1.12287,0.00000
13,37,1790949812577,ENGINE,PLACE,9043,SELL_LIMIT,S,0,ENT,1.12355,0.00000
13,37,1790949813114,ENGINE,REMOVE,9042,SELL_LIMIT,S,1,ENT,1.12447,0.00000
13,39,1790950585967,DEAL,PLACE,9044,BUY_LIMIT,S,0,EXT,1.12257,0.00000
13,39,1790950586504,DEAL,PLACE,9045,SELL_LIMIT,S,1,ENT,1.12417,0.00000
13,39,1790950587041,DEAL,FILL,9043,SELL_LIMIT,S,0,ENT,1.12355,0.00000
13,40,1790950586510,SYNC,REMOVE,9044,BUY_LIMIT,S,0,EXT,1.12257,0.00000
13,40,1790950587041,ENGINE,PLACE,9046,BUY_LIMIT,S,0,EXT,1.12257,0.00000
13,40,1790951759006,DEAL,PLACE,9047,BUY_LIMIT,S,1,EXT,1.12317,0.00000
13,40,1790951759543,DEAL,PLACE,9048,SELL_LIMIT,S,2,ENT,1.12477,0.00000
13,40,1790951760080,DEAL,FILL,9045,SELL_LIMIT,S,1,ENT,1.12417,0.00000
13,41,1790951759955,SYNC,REMOVE,9047,BUY_LIMIT,S,1,EXT,1.12317,0.00000
13,41,1790951760080,ENGINE,PLACE,9049,BUY_LIMIT,S,1,EXT,1.12317,0.00000
13,41,1790952261997,DEAL,FILL,9040,SELL_LIMIT,L,7,EXT,1.12422,0.00000
13,42,1790952262142,ENGINE,PLACE,9050,SELL_LIMIT,L,6,EXT,1.12484,0.00000
13,42,1790952262679,ENGINE,PLACE,9051,BUY_LIMIT,L,7,ENT,1.12324,0.00000
13,44,1790952789838,DEAL,PLACE,9052,SELL_LIMIT,L,7,EXT,1.12422,0.00000
13,44,1790952790375,DEAL,REMOVE,9050,SELL_LIMIT,L,6,EXT,1.12484,0.00000
13,44,1790952790418,DEAL,FILL,9051,BUY_LIMIT,L,7,ENT,1.12324,0.00000
13,45,1790952789969,SYNC,REMOVE,9052,SELL_LIMIT,L,7,EXT,1.12422,0.00000
13,45,1790952790418,ENGINE,PLACE,9053,SELL_LIMIT,L,7,EXT,1.12422,0.00000
13,45,1790952797266,DEAL,FILL,9049,BUY_LIMIT,S,1,EXT,1.12317,0.00000
13,46,1790952797601,ENGINE,REMOVE,9048,SELL_LIMIT,S,2,ENT,1.12477,0.00000
13,46,1790952797803,ENGINE,PLACE,9054,SELL_LIMIT,S,1,ENT,1.12417,0.00000
13,48,1790953563369,LATTICE,PLACE,9055,SELL_LIMIT,L,3,EXT,1.12362,0.00000
13,48,1790953563906,LATTICE,REMOVE,9053,SELL_LIMIT,L,7,EXT,1.12422,0.00000
13,49,1790953608019,DEAL,FILL,9046,BUY_LIMIT,S,0,EXT,1.12257,0.00000
13,50,1790953608149,ENGINE,PLACE,9056,SELL_LIMIT,S,0,ENT,1.12326,0.00000
13,50,1790953608686,ENGINE,REMOVE,9054,SELL_LIMIT,S,1,ENT,1.12417,0.00000
13,52,1790954236546,ENGINE,MODIFY,9056,SELL_LIMIT,S,0,ENT,1.12283,1.12326
13,52,1790954738684,DEAL,PLACE,9057,BUY_LIMIT,S,0,EXT,1.12187,0.00000
13,52,1790954739221,DEAL,PLACE,9058,SELL_LIMIT,S,1,ENT,1.12347,0.00000
13,52,1790954739758,DEAL,FILL,9056,SELL_LIMIT,S,0,ENT,1.12283,0.00000
13,53,1790954739018,SYNC,REMOVE,9057,BUY_LIMIT,S,0,EXT,1.12187,0.00000
13,53,1790954739758,ENGINE,PLACE,9059,BUY_LIMIT,S,0,EXT,1.12187,0.00000
13,53,1790955002061,ENGINE,MODIFY,9058,SELL_LIMIT,S,1,ENT,1.12579,1.12347
13,53,1790955002599,DEAL,FILL,9055,SELL_LIMIT,L,3,EXT,1.12362,0.00000
13,53,1790955002599,DEAL,PLACE,9060,BUY_LIMIT,S,1,EXT,1.12473,0.00000
13,53,1790955003136,DEAL,PLACE,9061,SELL_LIMIT,S,2,ENT,1.12633,0.00000
13,53,1790955003673,DEAL,FILL,9058,SELL_LIMIT,S,1,ENT,1.12347,0.00000
13,53,1790955003967,CB_DONE,PLACE,9062,SELL_LIMIT,L,7,EXT,1.12590,0.00000
13,53,1790955005470,ENGINE,PLACE,9063,BUY_LIMIT,L,8,ENT,1.12262,0.00000
13,53,1790955006007,DEAL,FILL,9062,SELL_LIMIT,L,7,EXT,1.12590,0.00000
13,53,1790955006966,CB_DONE,PLACE,9064,SELL_LIMIT,L,6,EXT,1.12585,0.00000
13,53,1790955007503,ENGINE,REMOVE,9063,BUY_LIMIT,L,8,ENT,1.12262,0.00000
13,53,1790955007675,ENGINE,PLACE,9065,BUY_LIMIT,L,7,ENT,1.12324,0.00000
13,53,1790955010946,DEAL,FILL,9060,BUY_LIMIT,S,1,EXT,1.12473,0.00000
13,55,1790955011288,ENGINE,MODIFY,9061,SELL_LIMIT,S,2,ENT,1.12563,1.12633
13,55,1790955011826,ENGINE,PLACE,9066,SELL_LIMIT,L,7,EXT,1.12453,0.00000
13,55,1790955012363,ENGINE,PLACE,9067,BUY_LIMIT,S,1,EXT,1.12403,0.00000
13,55,1790955012900,ENGINE,REMOVE,9064,SELL_LIMIT,L,6,EXT,1.12585,0.00000
13,55,1790955012943,ENGINE,REMOVE,9065,BUY_LIMIT,L,7,ENT,1.12324,0.00000
13,55,1790955013495,ENGINE,PLACE,9068,BUY_LIMIT,L,8,ENT,1.12262,0.00000
13,55,1790955014358,DEAL,FILL,9066,SELL_LIMIT,L,7,EXT,1.12453,0.00000
13,55,1790955015193,CB_DONE,PLACE,9069,SELL_LIMIT,L,6,EXT,1.12484,0.00000
13,55,1790955015730,ENGINE,REMOVE,9068,BUY_LIMIT,L,8,ENT,1.12262,0.00000
13,55,1790955016100,ENGINE,PLACE,9070,BUY_LIMIT,L,7,ENT,1.12324,0.00000
13,57,1790955018509,ENGINE,PLACE,9071,SELL_LIMIT,L,7,EXT,1.12428,0.00000
13,57,1790955019046,ENGINE,REMOVE,9069,SELL_LIMIT,L,6,EXT,1.12484,0.00000
13,57,1790955019089,ENGINE,REMOVE,9070,BUY_LIMIT,L,7,ENT,1.12324,0.00000
13,57,1790955019311,ENGINE,PLACE,9072,BUY_LIMIT,L,8,ENT,1.12262,0.00000
13,57,1790955019848,DEAL,FILL,9071,SELL_LIMIT,L,7,EXT,1.12428,0.00000
13,58,1790955020313,ENGINE,PLACE,9073,SELL_LIMIT,L,6,EXT,1.12484,0.00000
13,58,1790955020850,ENGINE,REMOVE,9072,BUY_LIMIT,L,8,ENT,1.12262,0.00000
13,58,1790955020916,ENGINE,PLACE,9074,BUY_LIMIT,L,7,ENT,1.12324,0.00000
13,60,1790955028402,DEAL,FILL,9073,SELL_LIMIT,L,6,EXT,1.12484,0.00000
13,60,1790955028836,CB_DONE,PLACE,9075,SELL_LIMIT,L,5,EXT,1.12544,0.00000
13,60,1790955029373,ENGINE,REMOVE,9074,BUY_LIMIT,L,7,ENT,1.12324,0.00000
13,60,1790955029552,ENGINE,PLACE,9076,BUY_LIMIT,L,6,ENT,1.12384,0.00000
13,63,1790955056706,DEAL,FILL,9067,BUY_LIMIT,S,1,EXT,1.12403,0.00000
13,64,1790955056846,ENGINE,REMOVE,9061,SELL_LIMIT,S,2,ENT,1.12563,0.00000
13,64,1790955057046,ENGINE,PLACE,9077,SELL_LIMIT,S,1,ENT,1.12408,0.00000
13,66,1790955057651,ENGINE,MODIFY,9077,SELL_LIMIT,S,1,ENT,1.12416,1.12408
13,66,1790955058189,DEAL,PLACE,9078,BUY_LIMIT,S,1,EXT,1.12316,0.00000
13,66,1790955058726,DEAL,PLACE,9079,SELL_LIMIT,S,2,ENT,1.12476,0.00000
13,66,1790955059263,DEAL,FILL,9077,SELL_LIMIT,S,1,ENT,1.12408,0.00000
13,67,1790955058852,SYNC,REMOVE,9078,BUY_LIMIT,S,1,EXT,1.12316,0.00000
13,67,1790955059263,ENGINE,MODIFY,9079,SELL_LIMIT,S,2,ENT,1.12479,1.12476
13,67,1790955059801,ENGINE,PLACE,9080,BUY_LIMIT,S,1,EXT,1.12319,0.00000
13,67,1790955071953,DEAL,PLACE,9081,BUY_LIMIT,S,2,EXT,1.12385,0.00000
13,67,1790955072490,DEAL,PLACE,9082,SELL_LIMIT,S,3,ENT,1.12545,0.00000
13,67,1790955073027,DEAL,FILL,9079,SELL_LIMIT,S,2,ENT,1.12479,0.00000
13,67,1790955073027,DEAL,REMOVE,9080,BUY_LIMIT,S,1,EXT,1.12319,0.00000
13,68,1790955072093,SYNC,REMOVE,9081,BUY_LIMIT,S,2,EXT,1.12385,0.00000
13,68,1790955073070,ENGINE,PLACE,9083,BUY_LIMIT,S,2,EXT,1.12385,0.00000
13,68,1790955082384,DEAL,FILL,9075,SELL_LIMIT,L,5,EXT,1.12544,0.00000
13,69,1790955082526,ENGINE,MODIFY,9082,SELL_LIMIT,S,3,ENT,1.12546,1.12545
13,69,1790955083064,ENGINE,PLACE,9084,SELL_LIMIT,L,4,EXT,1.12604,0.00000
13,69,1790955083601,ENGINE,REMOVE,9076,BUY_LIMIT,L,6,ENT,1.12384,0.00000
13,69,1790955083644,DEAL,PLACE,9085,BUY_LIMIT,S,3,EXT,1.12444,0.00000
13,69,1790955084181,DEAL,PLACE,9086,SELL_LIMIT,S,4,ENT,1.12604,0.00000
13,69,1790955084718,DEAL,FILL,9082,SELL_LIMIT,S,3,ENT,1.12545,0.00000
13,69,1790955084718,DEAL,REMOVE,9083,BUY_LIMIT,S,2,EXT,1.12385,0.00000
13,70,1790955082726,SYNC,REMOVE,9085,BUY_LIMIT,S,3,EXT,1.12444,0.00000
13,70,1790955084761,ENGINE,PLACE,9087,BUY_LIMIT,S,3,EXT,1.12444,0.00000
13,70,1790955085298,ENGINE,PLACE,9088,BUY_LIMIT,L,5,ENT,1.12444,0.00000
13,72,1790955215105,DEAL,FILL,9087,BUY_LIMIT,S,3,EXT,1.12444,0.00000
13,72,1790955215105,DEAL,PLACE,9089,SELL_LIMIT,L,5,EXT,1.12543,0.00000
13,72,1790955215642,DEAL,PLACE,9090,BUY_LIMIT,L,6,ENT,1.12383,0.00000
13,72,1790955216179,DEAL,REMOVE,9084,SELL_LIMIT,L,4,EXT,1.12604,0.00000
13,72,1790955216222,DEAL,FILL,9088,BUY_LIMIT,L,5,ENT,1.12444,0.00000
13,74,1790955215245,SYNC,REMOVE,9089,SELL_LIMIT,L,5,EXT,1.12543,0.00000
13,74,1790955216222,ENGINE,PLACE,9091,SELL_LIMIT,L,5,EXT,1.12543,0.00000
13,74,1790955216759,ENGINE,PLACE,9092,BUY_LIMIT,S,2,EXT,1.12385,0.00000
13,74,1790955217296,ENGINE,REMOVE,9086,SELL_LIMIT,S,4,ENT,1.12604,0.00000
13,76,1790955217454,ENGINE,PLACE,9093,SELL_LIMIT,S,3,ENT,1.12545,0.00000
13,76,1790955770439,DEAL,FILL,9092,BUY_LIMIT,S,2,EXT,1.12385,0.00000
13,77,1790955770982,ENGINE,PLACE,9094,BUY_LIMIT,S,1,EXT,1.12319,0.00000
13,77,1790955771519,ENGINE,REMOVE,9093,SELL_LIMIT,S,3,ENT,1.12545,0.00000
13,79,1790955771991,ENGINE,PLACE,9095,SELL_LIMIT,S,2,ENT,1.12479,0.00000
13,79,1790955774661,DEAL,PLACE,9096,SELL_LIMIT,L,6,EXT,1.12483,0.00000
13,79,1790955775198,DEAL,PLACE,9097,BUY_LIMIT,L,7,ENT,1.12323,0.00000
13,79,1790955775735,DEAL,FILL,9090,BUY_LIMIT,L,6,ENT,1.12383,0.00000
13,79,1790955775735,DEAL,REMOVE,9091,SELL_LIMIT,L,5,EXT,1.12543,0.00000
13,80,1790955775203,SYNC,REMOVE,9096,SELL_LIMIT,L,6,EXT,1.12483,0.00000
13,80,1790955775778,ENGINE,PLACE,9098,SELL_LIMIT,L,6,EXT,1.12483,0.00000
13,80,1790956165786,DEAL,PLACE,9099,BUY_LIMIT,S,2,EXT,1.12383,0.00000
13,80,1790956166323,DEAL,PLACE,9100,SELL_LIMIT,S,3,ENT,1.12543,0.00000
13,80,1790956166860,DEAL,REMOVE,9094,BUY_LIMIT,S,1,EXT,1.12319,0.00000
13,80,1790956166903,DEAL,FILL,9095,SELL_LIMIT,S,2,ENT,1.12479,0.00000
13,80,1790956166903,DEAL,FILL,9098,SELL_LIMIT,L,6,EXT,1.12483,0.00000
13,82,1790956166328,SYNC,REMOVE,9099,BUY_LIMIT,S,2,EXT,1.12383,0.00000
13,82,1790956166903,ENGINE,PLACE,9101,SELL_LIMIT,L,5,EXT,1.12543,0.00000
13,82,1790956167440,ENGINE,PLACE,9102,BUY_LIMIT,S,2,EXT,1.12383,0.00000
13,82,1790956167977,ENGINE,REMOVE,9097,BUY_LIMIT,L,7,ENT,1.12323,0.00000
13,84,1790956168134,ENGINE,PLACE,9103,BUY_LIMIT,L,6,ENT,1.12383,0.00000
13,84,1790956249064,DEAL,PLACE,9104,BUY_LIMIT,S,3,EXT,1.12443,0.00000
13,84,1790956249601,DEAL,PLACE,9105,SELL_LIMIT,S,4,ENT,1.12603,0.00000
13,84,1790956250138,DEAL,FILL,9100,SELL_LIMIT,S,3,ENT,1.12543,0.00000
13,84,1790956250138,DEAL,REMOVE,9102,BUY_LIMIT,S,2,EXT,1.12383,0.00000
13,84,1790956250181,DEAL,FILL,9101,SELL_LIMIT,L,5,EXT,1.12543,0.00000
13,86,1790956249198,SYNC,REMOVE,9104,BUY_LIMIT,S,3,EXT,1.12443,0.00000
13,86,1790956250181,ENGINE,PLACE,9106,SELL_LIMIT,L,4,EXT,1.12604,0.00000
13,86,1790956250718,ENGINE,PLACE,9107,BUY_LIMIT,S,3,EXT,1.12443,0.00000
13,86,1790956251255,ENGINE,REMOVE,9103,BUY_LIMIT,L,6,ENT,1.12383,0.00000
13,88,1790956251808,ENGINE,PLACE,9108,BUY_LIMIT,L,5,ENT,1.12444,0.00000
13,88,1790956547048,DEAL,PLACE,9109,BUY_LIMIT,S,4,EXT,1.12502,0.00000
13,88,1790956547585,DEAL,PLACE,9110,SELL_LIMIT,S,5,ENT,1.12662,0.00000
13,88,1790956548122,DEAL,FILL,9105,SELL_LIMIT,S,4,ENT,1.12603,0.00000
13,88,1790956548122,DEAL,REMOVE,9107,BUY_LIMIT,S,3,EXT,1.12443,0.00000
13,89,1790956547391,SYNC,REMOVE,9109,BUY_LIMIT,S,4,EXT,1.12502,0.00000
13,89,1790956548165,DEAL,FILL,9106,SELL_LIMIT,L,4,EXT,1.12604,0.00000
13,90,1790956548165,ENGINE,PLACE,9111,SELL_LIMIT,L,2,EXT,1.12731,0.00000
13,90,1790956548702,ENGINE,PLACE,9112,BUY_LIMIT,S,4,EXT,1.12502,0.00000
13,90,1790956549239,ENGINE,REMOVE,9108,BUY_LIMIT,L,5,ENT,1.12444,0.00000
13,92,1790956549408,ENGINE,PLACE,9113,BUY_LIMIT,L,3,ENT,1.12563,0.00000
13,92,1790957145047,DEAL,PLACE,9114,SELL_LIMIT,L,3,EXT,1.12660,0.00000
13,92,1790957145584,DEAL,PLACE,9115,BUY_LIMIT,L,4,ENT,1.12500,0.00000
13,92,1790957146121,DEAL,REMOVE,9111,SELL_LIMIT,L,2,EXT,1.12731,0.00000
13,92,1790957146164,DEAL,FILL,9113,BUY_LIMIT,L,3,ENT,1.12563,0.00000
13,93,1790957145186,SYNC,REMOVE,9114,SELL_LIMIT,L,3,EXT,1.12660,0.00000
13,93,1790957146164,ENGINE,PLACE,9116,SELL_LIMIT,L,3,EXT,1.12660,0.00000
13,93,1790957388981,DEAL,FILL,9112,BUY_LIMIT,S,4,EXT,1.12502,0.00000
13,94,1790957389118,ENGINE,PLACE,9117,BUY_LIMIT,S,3,EXT,1.12443,0.00000
13,94,1790957389655,ENGINE,REMOVE,9110,SELL_LIMIT,S,5,ENT,1.12662,0.00000
13,96,1790957390125,ENGINE,PLACE,9118,SELL_LIMIT,S,4,ENT,1.12603,0.00000
13,96,1790957405684,DEAL,PLACE,9119,SELL_LIMIT,L,4,EXT,1.12598,0.00000
13,96,1790957406221,DEAL,PLACE,9120,BUY_LIMIT,L,5,ENT,1.12438,0.00000
13,96,1790957406758,DEAL,FILL,9115,BUY_LIMIT,L,4,ENT,1.12500,0.00000
13,96,1790957406758,DEAL,REMOVE,9116,SELL_LIMIT,L,3,EXT,1.12660,0.00000
13,97,1790957406033,SYNC,REMOVE,9119,SELL_LIMIT,L,4,EXT,1.12598,0.00000
13,97,1790957406801,ENGINE,PLACE,9121,SELL_LIMIT,L,4,EXT,1.12598,0.00000
13,97,1790958101755,DEAL,FILL,9117,BUY_LIMIT,S,3,EXT,1.12443,0.00000
13,98,1790958102694,ENGINE,PLACE,9122,BUY_LIMIT,S,2,EXT,1.12383,0.00000
13,98,1790958103231,ENGINE,REMOVE,9118,SELL_LIMIT,S,4,ENT,1.12603,0.00000
13,100,1790958103297,ENGINE,PLACE,9123,SELL_LIMIT,S,3,ENT,1.12543,0.00000
13,100,1790958129095,DEAL,PLACE,9124,SELL_LIMIT,L,5,EXT,1.12537,0.00000
13,100,1790958129632,DEAL,PLACE,9125,BUY_LIMIT,L,6,ENT,1.12377,0.00000
13,100,1790958130169,DEAL,FILL,9120,BUY_LIMIT,L,5,ENT,1.12438,0.00000
13,100,1790958130169,DEAL,REMOVE,9121,SELL_LIMIT,L,4,EXT,1.12598,0.00000
13,101,1790958129234,SYNC,REMOVE,9124,SELL_LIMIT,L,5,EXT,1.12537,0.00000
13,101,1790958130212,ENGINE,PLACE,9126,SELL_LIMIT,L,5,EXT,1.12537,0.00000
13,101,1790958563007,DEAL,FILL,9126,SELL_LIMIT,L,5,EXT,1.12537,0.00000
13,102,1790958563359,ENGINE,PLACE,9127,SELL_LIMIT,L,4,EXT,1.12598,0.00000
13,102,1790958563896,ENGINE,REMOVE,9125,BUY_LIMIT,L,6,ENT,1.12377,0.00000
13,104,1790958565165,ENGINE,PLACE,9128,BUY_LIMIT,L,5,ENT,1.12438,0.00000
13,104,1790959433156,DEAL,PLACE,9129,BUY_LIMIT,S,3,EXT,1.12443,0.00000
13,104,1790959433693,DEAL,PLACE,9130,SELL_LIMIT,S,4,ENT,1.12603,0.00000
13,104,1790959434230,DEAL,REMOVE,9122,BUY_LIMIT,S,2,EXT,1.12383,0.00000
13,104,1790959434273,DEAL,FILL,9123,SELL_LIMIT,S,3,ENT,1.12543,0.00000
13,105,1790959433305,SYNC,REMOVE,9129,BUY_LIMIT,S,3,EXT,1.12443,0.00000
13,105,1790959434273,ENGINE,PLACE,9131,BUY_LIMIT,S,3,EXT,1.12443,0.00000
13,105,1790959636407,DEAL,FILL,9127,SELL_LIMIT,L,4,EXT,1.12598,0.00000
13,106,1790959636550,ENGINE,PLACE,9132,SELL_LIMIT,L,3,EXT,1.12660,0.00000
13,106,1790959637087,ENGINE,REMOVE,9128,BUY_LIMIT,L,5,ENT,1.12438,0.00000
13,108,1790959637358,ENGINE,PLACE,9133,BUY_LIMIT,L,4,ENT,1.12500,0.00000
13,108,1790959652690,DEAL,PLACE,9134,BUY_LIMIT,S,4,EXT,1.12506,0.00000
13,108,1790959653227,DEAL,PLACE,9135,SELL_LIMIT,S,5,ENT,1.12666,0.00000
13,108,1790959653764,DEAL,FILL,9130,SELL_LIMIT,S,4,ENT,1.12603,0.00000
13,108,1790959653764,DEAL,REMOVE,9131,BUY_LIMIT,S,3,EXT,1.12443,0.00000
13,109,1790959652831,SYNC,REMOVE,9134,BUY_LIMIT,S,4,EXT,1.12506,0.00000
13,109,1790959653807,ENGINE,PLACE,9136,BUY_LIMIT,S,4,EXT,1.12506,0.00000
13,109,1790959779255,DEAL,FILL,9132,SELL_LIMIT,L,3,EXT,1.12660,0.00000
13,110,1790959779997,ENGINE,PLACE,9137,SELL_LIMIT,L,2,EXT,1.12731,0.00000
13,110,1790959780534,ENGINE,REMOVE,9133,BUY_LIMIT,L,4,ENT,1.12500,0.00000
13,112,1790959780598,ENGINE,PLACE,9138,BUY_LIMIT,L,3,ENT,1.12563,0.00000
13,112,1790959803167,DEAL,PLACE,9139,BUY_LIMIT,S,5,EXT,1.12567,0.00000
13,112,1790959803704,DEAL,PLACE,9140,SELL_LIMIT,S,6,ENT,1.12727,0.00000
13,112,1790959804241,DEAL,FILL,9135,SELL_LIMIT,S,5,ENT,1.12666,0.00000
13,112,1790959804241,DEAL,REMOVE,9136,BUY_LIMIT,S,4,EXT,1.12506,0.00000
13,113,1790959803511,SYNC,REMOVE,9139,BUY_LIMIT,S,5,EXT,1.12567,0.00000
13,113,1790959804284,ENGINE,PLACE,9141,BUY_LIMIT,S,5,EXT,1.12567,0.00000
13,113,1790960281299,DEAL,PLACE,9142,BUY_LIMIT,S,6,EXT,1.12628,0.00000
13,113,1790960281836,DEAL,PLACE,9143,SELL_LIMIT,S,7,ENT,1.12788,0.00000
13,113,1790960282373,DEAL,FILL,9140,SELL_LIMIT,S,6,ENT,1.12727,0.00000
13,113,1790960282373,DEAL,REMOVE,9141,BUY_LIMIT,S,5,EXT,1.12567,0.00000
13,114,1790960281439,SYNC,REMOVE,9142,BUY_LIMIT,S,6,EXT,1.12628,0.00000
13,114,1790960282416,DEAL,FILL,9137,SELL_LIMIT,L,2,EXT,1.12731,0.00000
13,115,1790960282416,ENGINE,PLACE,9144,SELL_LIMIT,L,1,EXT,1.13177,0.00000
13,115,1790960282953,ENGINE,PLACE,9145,BUY_LIMIT,S,6,EXT,1.12628,0.00000
13,115,1790960283490,ENGINE,REMOVE,9138,BUY_LIMIT,L,3,ENT,1.12563,0.00000
13,117,1790960283642,ENGINE,PLACE,9146,BUY_LIMIT,L,2,ENT,1.12743,0.00000
13,117,1790960285109,DEAL,PLACE,9147,SELL_LIMIT,L,2,EXT,1.12843,0.00000
13,117,1790960285646,DEAL,PLACE,9148,BUY_LIMIT,L,3,ENT,1.12683,0.00000
13,117,1790960286183,DEAL,REMOVE,9144,SELL_LIMIT,L,1,EXT,1.13177,0.00000
13,117,1790960286226,DEAL,FILL,9146,BUY_LIMIT,L,2,ENT,1.12743,0.00000
13,118,1790960285250,SYNC,REMOVE,9147,SELL_LIMIT,L,2,EXT,1.12843,0.00000
13,118,1790960286226,ENGINE,PLACE,9149,SELL_LIMIT,L,2,EXT,1.12843,0.00000
13,118,1790960654681,DEAL,PLACE,9150,BUY_LIMIT,S,7,EXT,1.12696,0.00000
13,118,1790960655218,DEAL,FILL,9143,SELL_LIMIT,S,7,ENT,1.12788,0.00000
13,118,1790960655218,DEAL,REMOVE,9145,BUY_LIMIT,S,6,EXT,1.12628,0.00000
13,119,1790960655629,SYNC,REMOVE,9150,BUY_LIMIT,S,7,EXT,1.12696,0.00000
13,119,1790960655629,ENGINE,PLACE,9151,BUY_LIMIT,S,7,EXT,1.12696,0.00000
13,119,1790960911450,DEAL,FILL,9149,SELL_LIMIT,L,2,EXT,1.12843,0.00000
13,120,1790960912590,ENGINE,PLACE,9152,SELL_LIMIT,L,1,EXT,1.13177,0.00000
13,120,1790960913127,ENGINE,REMOVE,9148,BUY_LIMIT,L,3,ENT,1.12683,0.00000
13,120,1790960913190,ENGINE,PLACE,9153,BUY_LIMIT,L,2,ENT,1.12843,0.00000
13,122,1790960913992,ENGINE,MODIFY,9153,BUY_LIMIT,L,2,ENT,1.12842,1.12843
13,122,1790960914530,DEAL,PLACE,9154,SELL_LIMIT,L,2,EXT,1.12943,0.00000
13,122,1790960915067,DEAL,PLACE,9155,BUY_LIMIT,L,3,ENT,1.12783,0.00000
13,122,1790960915604,DEAL,REMOVE,9152,SELL_LIMIT,L,1,EXT,1.13177,0.00000
13,122,1790960915647,DEAL,FILL,9153,BUY_LIMIT,L,2,ENT,1.12843,0.00000
13,123,1790960918011,SYNC,REMOVE,9154,SELL_LIMIT,L,2,EXT,1.12943,0.00000
13,123,1790960918011,ENGINE,MODIFY,9155,BUY_LIMIT,L,3,ENT,1.12775,1.12783
13,123,1790960918549,ENGINE,PLACE,9156,SELL_LIMIT,L,2,EXT,1.12935,0.00000
13,123,1790961083660,DEAL,PLACE,9157,SELL_LIMIT,L,3,EXT,1.12874,0.00000
13,123,1790961084197,DEAL,PLACE,9158,BUY_LIMIT,L,4,ENT,1.12714,0.00000
13,123,1790961084734,DEAL,FILL,9155,BUY_LIMIT,L,3,ENT,1.12775,0.00000
13,123,1790961084734,DEAL,REMOVE,9156,SELL_LIMIT,L,2,EXT,1.12935,0.00000
13,124,1790961084199,SYNC,REMOVE,9157,SELL_LIMIT,L,3,EXT,1.12874,0.00000
13,124,1790961084777,ENGINE,PLACE,9159,SELL_LIMIT,L,3,EXT,1.12874,0.00000
14,-1,1790961550001,SEED,PLACE,1978943308,SELL_LIMIT,L,0,EXT,1.13237,0.00000
14,-1,1790961550001,SEED,PLACE,1983447956,SELL_LIMIT,L,3,EXT,1.12874,0.00000
14,-1,1790961550001,SEED,PLACE,1983447980,BUY_LIMIT,L,4,ENT,1.12714,0.00000
14,-1,1790961550001,SEED,PLACE,1982763985,BUY_LIMIT,S,0,EXT,1.12187,0.00000
14,-1,1790961550001,SEED,PLACE,1983407004,BUY_LIMIT,S,7,EXT,1.12696,0.00000
14,-1,1790964242756,DEAL,PLACE,9000,SELL_LIMIT,L,4,EXT,1.12817,0.00000
14,-1,1790964243293,DEAL,PLACE,9001,BUY_LIMIT,L,5,ENT,1.12657,0.00000
14,-1,1790964243830,DEAL,REMOVE,1983447956,SELL_LIMIT,L,3,EXT,1.12874,0.00000
14,-1,1790964243873,DEAL,FILL,1983447980,BUY_LIMIT,L,4,ENT,1.12714,0.00000
14,0,1790964243497,SYNC,REMOVE,9000,SELL_LIMIT,L,4,EXT,1.12817,0.00000
14,0,1790964243873,ENGINE,PLACE,9002,SELL_LIMIT,L,4,EXT,1.12817,0.00000
14,0,1790964275522,DEAL,FILL,1983407004,BUY_LIMIT,S,7,EXT,1.12696,0.00000
14,1,1790964275863,ENGINE,PLACE,9003,BUY_LIMIT,S,6,EXT,1.12628,0.00000
14,1,1790964276400,ENGINE,PLACE,9004,SELL_LIMIT,S,7,ENT,1.12788,0.00000
14,3,1790964466870,DEAL,PLACE,9005,SELL_LIMIT,L,5,EXT,1.12757,0.00000
14,3,1790964467407,DEAL,PLACE,9006,BUY_LIMIT,L,6,ENT,1.12597,0.00000
14,3,1790964467944,DEAL,FILL,9001,BUY_LIMIT,L,5,ENT,1.12657,0.00000
14,3,1790964467944,DEAL,REMOVE,9002,SELL_LIMIT,L,4,EXT,1.12817,0.00000
14,4,1790964467407,SYNC,REMOVE,9005,SELL_LIMIT,L,5,EXT,1.12757,0.00000
14,4,1790964467987,ENGINE,PLACE,9007,SELL_LIMIT,L,5,EXT,1.12757,0.00000
14,4,1790965144883,DEAL,FILL,9003,BUY_LIMIT,S,6,EXT,1.12628,0.00000
14,5,1790965145026,ENGINE,PLACE,9008,BUY_LIMIT,S,5,EXT,1.12567,0.00000
14,5,1790965145563,ENGINE,REMOVE,9004,SELL_LIMIT,S,7,ENT,1.12788,0.00000
14,7,1790965147828,ENGINE,PLACE,9009,SELL_LIMIT,S,6,ENT,1.12727,0.00000
14,7,1790965403171,DEAL,PLACE,9010,SELL_LIMIT,L,6,EXT,1.12697,0.00000
14,7,1790965403708,DEAL,PLACE,9011,BUY_LIMIT,L,7,ENT,1.12537,0.00000
14,7,1790965404245,DEAL,FILL,9006,BUY_LIMIT,L,6,ENT,1.12597,0.00000
14,7,1790965404245,DEAL,REMOVE,9007,SELL_LIMIT,L,5,EXT,1.12757,0.00000
14,8,1790965403314,SYNC,REMOVE,9010,SELL_LIMIT,L,6,EXT,1.12697,0.00000
14,8,1790965404288,ENGINE,PLACE,9012,SELL_LIMIT,L,6,EXT,1.12697,0.00000
14,8,1790965481300,DEAL,FILL,9008,BUY_LIMIT,S,5,EXT,1.12567,0.00000
14,9,1790965481439,ENGINE,PLACE,9013,BUY_LIMIT,S,4,EXT,1.12506,0.00000
14,9,1790965481976,ENGINE,REMOVE,9009,SELL_LIMIT,S,6,ENT,1.12727,0.00000
14,11,1790965482242,ENGINE,PLACE,9014,SELL_LIMIT,S,5,ENT,1.12666,0.00000
14,11,1790968314215,DEAL,PLACE,9015,SELL_LIMIT,L,7,EXT,1.12637,0.00000
14,11,1790968314752,DEAL,FILL,9011,BUY_LIMIT,L,7,ENT,1.12537,0.00000
14,11,1790968314752,DEAL,REMOVE,9012,SELL_LIMIT,L,6,EXT,1.12697,0.00000
14,12,1790968316568,SYNC,REMOVE,9015,SELL_LIMIT,L,7,EXT,1.12637,0.00000
14,12,1790968316568,ENGINE,PLACE,9016,SELL_LIMIT,L,7,EXT,1.12637,0.00000
14,12,1790969155183,DEAL,FILL,9013,BUY_LIMIT,S,4,EXT,1.12506,0.00000
14,13,1790969155525,ENGINE,PLACE,9017,BUY_LIMIT,S,3,EXT,1.12443,0.00000
14,13,1790969156062,ENGINE,REMOVE,9014,SELL_LIMIT,S,5,ENT,1.12666,0.00000
14,15,1790969156122,ENGINE,PLACE,9018,SELL_LIMIT,S,4,ENT,1.12603,0.00000
14,15,1790970510820,DEAL,PLACE,9019,BUY_LIMIT,S,4,EXT,1.12509,0.00000
14,15,1790970511357,DEAL,PLACE,9020,SELL_LIMIT,S,5,ENT,1.12669,0.00000
14,15,1790970511894,DEAL,REMOVE,9017,BUY_LIMIT,S,3,EXT,1.12443,0.00000
14,15,1790970511937,DEAL,FILL,9018,SELL_LIMIT,S,4,ENT,1.12603,0.00000
14,16,1790970510963,SYNC,REMOVE,9019,BUY_LIMIT,S,4,EXT,1.12509,0.00000
14,16,1790970511937,ENGINE,PLACE,9021,BUY_LIMIT,S,4,EXT,1.12509,0.00000
14,16,1790976201287,DEAL,FILL,9021,BUY_LIMIT,S,4,EXT,1.12509,0.00000
14,17,1790976202434,ENGINE,PLACE,9022,BUY_LIMIT,S,3,EXT,1.12443,0.00000
14,17,1790976202971,ENGINE,REMOVE,9020,SELL_LIMIT,S,5,ENT,1.12669,0.00000
14,19,1790976203238,ENGINE,PLACE,9023,SELL_LIMIT,S,4,ENT,1.12603,0.00000
14,19,1791071410001,TIMER,MODIFY,1978943308,SELL_LIMIT,L,0,EXT,1.13245,1.13237
14,19,1791071590001,TIMER,MODIFY,9016,SELL_LIMIT,L,7,EXT,1.12645,1.12637
14,19,1791071650001,TIMER,MODIFY,1982763985,BUY_LIMIT,S,0,EXT,1.12189,1.12187
14,19,1791071710001,TIMER,MODIFY,9022,BUY_LIMIT,S,3,EXT,1.12445,1.12443
14,19,1791164991985,DEAL,PLACE,9024,BUY_LIMIT,S,4,EXT,1.12505,0.00000
14,19,1791164992522,DEAL,PLACE,9025,SELL_LIMIT,S,5,ENT,1.12665,0.00000
14,19,1791164993059,DEAL,REMOVE,9022,BUY_LIMIT,S,3,EXT,1.12445,0.00000
14,19,1791164993102,DEAL,FILL,9023,SELL_LIMIT,S,4,ENT,1.12603,0.00000
14,20,1791164992524,SYNC,REMOVE,9024,BUY_LIMIT,S,4,EXT,1.12505,0.00000
14,20,1791164993102,ENGINE,PLACE,9026,BUY_LIMIT,S,4,EXT,1.12505,0.00000
14,20,1791169937617,DEAL,FILL,9026,BUY_LIMIT,S,4,EXT,1.12505,0.00000
14,21,1791169937955,ENGINE,PLACE,9027,BUY_LIMIT,S,3,EXT,1.12445,0.00000
14,21,1791169938492,ENGINE,REMOVE,9025,SELL_LIMIT,S,5,ENT,1.12665,0.00000
14,23,1791169938562,ENGINE,PLACE,9028,SELL_LIMIT,S,4,ENT,1.12603,0.00000
14,24,1791170222977,LATTICE,PLACE,9029,SELL_LIMIT,L,2,EXT,1.12585,0.00000
14,24,1791170223514,LATTICE,REMOVE,9016,SELL_LIMIT,L,7,EXT,1.12645,0.00000
14,24,1791171923006,DEAL,FILL,9027,BUY_LIMIT,S,3,EXT,1.12445,0.00000
14,24,1791171923675,CB_DONE,PLACE,9030,BUY_LIMIT,S,2,EXT,1.12385,0.00000
14,24,1791171924347,ENGINE,REMOVE,9028,SELL_LIMIT,S,4,ENT,1.12603,0.00000
14,24,1791171924559,ENGINE,PLACE,9031,SELL_LIMIT,S,3,ENT,1.12543,0.00000
14,28,1791172615723,LATTICE,PLACE,9032,SELL_LIMIT,L,3,EXT,1.12525,0.00000
14,28,1791172616260,LATTICE,REMOVE,9029,SELL_LIMIT,L,2,EXT,1.12585,0.00000
14,28,1791173363696,DEAL,FILL,9030,BUY_LIMIT,S,2,EXT,1.12385,0.00000
14,28,1791173364537,CB_DONE,PLACE,9033,BUY_LIMIT,S,1,EXT,1.12321,0.00000
14,28,1791173365074,ENGINE,REMOVE,9031,SELL_LIMIT,S,3,ENT,1.12543,0.00000
14,29,1791173365241,ENGINE,PLACE,9034,SELL_LIMIT,S,2,ENT,1.12479,0.00000
14,32,1791173859508,LATTICE,PLACE,9035,SELL_LIMIT,L,4,EXT,1.12465,0.00000
14,32,1791173860045,LATTICE,REMOVE,9032,SELL_LIMIT,L,3,EXT,1.12525,0.00000
14,32,1791175408550,DEAL,FILL,9033,BUY_LIMIT,S,1,EXT,1.12321,0.00000
14,32,1791175410311,ENGINE,REMOVE,9034,SELL_LIMIT,S,2,ENT,1.12479,0.00000
14,32,1791175411141,ENGINE,PLACE,9036,SELL_LIMIT,S,1,ENT,1.12347,0.00000
14,36,1791176122009,LATTICE,PLACE,9037,SELL_LIMIT,L,5,EXT,1.12405,0.00000
14,36,1791176122546,LATTICE,REMOVE,9035,SELL_LIMIT,L,4,EXT,1.12465,0.00000
14,37,1791177152285,LATTICE,PLACE,9038,SELL_LIMIT,L,6,EXT,1.12345,0.00000
14,37,1791177152822,LATTICE,REMOVE,9037,SELL_LIMIT,L,5,EXT,1.12405,0.00000
14,37,1791177541623,DEAL,FILL,1982763985,BUY_LIMIT,S,0,EXT,1.12189,0.00000
14,38,1791177541762,ENGINE,PLACE,9039,SELL_LIMIT,S,0,ENT,1.12257,0.00000
14,38,1791177542299,ENGINE,REMOVE,9036,SELL_LIMIT,S,1,ENT,1.12347,0.00000
14,41,1791177543974,LATTICE,PLACE,9040,SELL_LIMIT,L,7,EXT,1.12285,0.00000
14,41,1791177544511,LATTICE,REMOVE,9038,SELL_LIMIT,L,6,EXT,1.12345,0.00000
14,41,1791177556640,ENGINE,MODIFY,9039,SELL_LIMIT,S,0,ENT,1.12215,1.12257
14,41,1791177664399,ENGINE,MODIFY,9039,SELL_LIMIT,S,0,ENT,1.12175,1.12215
14,41,1791178870459,ENGINE,MODIFY,9039,SELL_LIMIT,S,0,ENT,1.12134,1.12175
14,41,1791179172468,ENGINE,MODIFY,9039,SELL_LIMIT,S,0,ENT,1.12094,1.12134
14,41,1791179348711,ENGINE,MODIFY,9039,SELL_LIMIT,S,0,ENT,1.12014,1.12094
14,41,1791179375721,ENGINE,MODIFY,9039,SELL_LIMIT,S,0,ENT,1.11945,1.12014
14,41,1791179453027,DEAL,PLACE,9041,BUY_LIMIT,S,0,EXT,1.11850,0.00000
14,41,1791179453564,DEAL,PLACE,9042,SELL_LIMIT,S,1,ENT,1.12010,0.00000
14,41,1791179454101,DEAL,FILL,9039,SELL_LIMIT,S,0,ENT,1.11945,0.00000
14,42,1791179453172,SYNC,REMOVE,9041,BUY_LIMIT,S,0,EXT,1.11850,0.00000
14,42,1791179454101,ENGINE,PLACE,9043,BUY_LIMIT,S,0,EXT,1.11850,0.00000
14,42,1791179685063,DEAL,FILL,9043,BUY_LIMIT,S,0,EXT,1.11850,0.00000
14,43,1791179685200,ENGINE,PLACE,9044,SELL_LIMIT,S,0,ENT,1.11922,0.00000
14,43,1791179685737,ENGINE,REMOVE,9042,SELL_LIMIT,S,1,ENT,1.12010,0.00000
14,45,1791179704503,ENGINE,MODIFY,9044,SELL_LIMIT,S,0,ENT,1.11874,1.11922
14,45,1791179731069,ENGINE,MODIFY,9044,SELL_LIMIT,S,0,ENT,1.11833,1.11874
14,45,1791179835334,ENGINE,MODIFY,9044,SELL_LIMIT,S,0,ENT,1.11787,1.11833
14,45,1791179847009,ENGINE,MODIFY,9044,SELL_LIMIT,S,0,ENT,1.11737,1.11787
14,45,1791179889575,DEAL,PLACE,9045,BUY_LIMIT,S,0,EXT,1.11649,0.00000
14,45,1791179890112,DEAL,PLACE,9046,SELL_LIMIT,S,1,ENT,1.11809,0.00000
14,45,1791179890649,DEAL,FILL,9044,SELL_LIMIT,S,0,ENT,1.11737,0.00000
14,46,1791179889710,SYNC,REMOVE,9045,BUY_LIMIT,S,0,EXT,1.11649,0.00000
14,46,1791179890649,ENGINE,PLACE,9047,BUY_LIMIT,S,0,EXT,1.11649,0.00000
14,46,1791180112684,DEAL,PLACE,9048,BUY_LIMIT,S,1,EXT,1.11709,0.00000
14,46,1791180113221,DEAL,PLACE,9049,SELL_LIMIT,S,2,ENT,1.11869,0.00000
14,46,1791180113758,DEAL,FILL,9046,SELL_LIMIT,S,1,ENT,1.11809,0.00000
14,47,1791180113444,SYNC,REMOVE,9048,BUY_LIMIT,S,1,EXT,1.11709,0.00000
14,47,1791180113758,ENGINE,PLACE,9050,BUY_LIMIT,S,1,EXT,1.11709,0.00000
14,47,1791180380115,DEAL,FILL,9050,BUY_LIMIT,S,1,EXT,1.11709,0.00000
14,48,1791180380255,ENGINE,REMOVE,9049,SELL_LIMIT,S,2,ENT,1.11869,0.00000
14,48,1791180380455,ENGINE,PLACE,9051,SELL_LIMIT,S,1,ENT,1.11809,0.00000
14,50,1791180431446,DEAL,FILL,9047,BUY_LIMIT,S,0,EXT,1.11649,0.00000
14,51,1791180431587,ENGINE,PLACE,9052,SELL_LIMIT,S,0,ENT,1.11711,0.00000
14,51,1791180432124,ENGINE,REMOVE,9051,SELL_LIMIT,S,1,ENT,1.11809,0.00000
14,53,1791180566871,DEAL,PLACE,9053,BUY_LIMIT,S,0,EXT,1.11613,0.00000
14,53,1791180567408,DEAL,PLACE,9054,SELL_LIMIT,S,1,ENT,1.11773,0.00000
14,53,1791180567945,DEAL,FILL,9052,SELL_LIMIT,S,0,ENT,1.11711,0.00000
14,54,1791180567218,SYNC,REMOVE,9053,BUY_LIMIT,S,0,EXT,1.11613,0.00000
14,54,1791180567945,ENGINE,PLACE,9055,BUY_LIMIT,S,0,EXT,1.11613,0.00000
14,54,1791180720921,DEAL,PLACE,9056,BUY_LIMIT,S,1,EXT,1.11672,0.00000
14,54,1791180721458,DEAL,PLACE,9057,SELL_LIMIT,S,2,ENT,1.11832,0.00000
14,54,1791180721995,DEAL,FILL,9054,SELL_LIMIT,S,1,ENT,1.11773,0.00000
14,55,1791180721858,SYNC,REMOVE,9056,BUY_LIMIT,S,1,EXT,1.11672,0.00000
14,55,1791180721995,ENGINE,PLACE,9058,BUY_LIMIT,S,1,EXT,1.11672,0.00000
14,55,1791181220401,DEAL,PLACE,9059,BUY_LIMIT,S,2,EXT,1.11735,0.00000
14,55,1791181220938,DEAL,PLACE,9060,SELL_LIMIT,S,3,ENT,1.11895,0.00000
14,55,1791181221475,DEAL,FILL,9057,SELL_LIMIT,S,2,ENT,1.11832,0.00000
14,55,1791181221475,DEAL,REMOVE,9058,BUY_LIMIT,S,1,EXT,1.11672,0.00000
14,56,1791181220525,SYNC,REMOVE,9059,BUY_LIMIT,S,2,EXT,1.11735,0.00000
14,56,1791181221518,ENGINE,PLACE,9061,BUY_LIMIT,S,2,EXT,1.11735,0.00000
14,56,1791182583867,DEAL,FILL,9061,BUY_LIMIT,S,2,EXT,1.11735,0.00000
14,57,1791182584583,ENGINE,PLACE,9062,BUY_LIMIT,S,1,EXT,1.11672,0.00000
14,57,1791182585120,ENGINE,REMOVE,9060,SELL_LIMIT,S,3,ENT,1.11895,0.00000
14,59,1791182585183,ENGINE,PLACE,9063,SELL_LIMIT,S,2,ENT,1.11832,0.00000
14,59,1791183170472,DEAL,FILL,9062,BUY_LIMIT,S,1,EXT,1.11672,0.00000
14,60,1791183170812,ENGINE,REMOVE,9063,SELL_LIMIT,S,2,ENT,1.11832,0.00000
14,60,1791183171014,ENGINE,PLACE,9064,SELL_LIMIT,S,1,ENT,1.11773,0.00000
14,62,1791183921945,DEAL,FILL,9055,BUY_LIMIT,S,0,EXT,1.11613,0.00000
14,63,1791183923688,ENGINE,PLACE,9065,SELL_LIMIT,S,0,ENT,1.11683,0.00000
14,63,1791183924225,ENGINE,REMOVE,9064,SELL_LIMIT,S,1,ENT,1.11773,0.00000
14,65,1791183998991,DEAL,PLACE,9066,BUY_LIMIT,S,0,EXT,1.11584,0.00000
14,65,1791183999528,DEAL,PLACE,9067,SELL_LIMIT,S,1,ENT,1.11744,0.00000
14,65,1791184000065,DEAL,FILL,9065,SELL_LIMIT,S,0,ENT,1.11683,0.00000
14,66,1791183999325,SYNC,REMOVE,9066,BUY_LIMIT,S,0,EXT,1.11584,0.00000
14,66,1791184000065,ENGINE,PLACE,9068,BUY_LIMIT,S,0,EXT,1.11584,0.00000
14,66,1791186061765,DEAL,PLACE,9069,BUY_LIMIT,S,1,EXT,1.11644,0.00000
14,66,1791186062302,DEAL,PLACE,9070,SELL_LIMIT,S,2,ENT,1.11804,0.00000
14,66,1791186062839,DEAL,FILL,9067,SELL_LIMIT,S,1,ENT,1.11744,0.00000
14,67,1791186062305,SYNC,REMOVE,9069,BUY_LIMIT,S,1,EXT,1.11644,0.00000
14,67,1791186062839,ENGINE,PLACE,9071,BUY_LIMIT,S,1,EXT,1.11644,0.00000
14,67,1791187050589,DEAL,PLACE,9072,BUY_LIMIT,S,2,EXT,1.11704,0.00000
14,67,1791187051126,DEAL,PLACE,9073,SELL_LIMIT,S,3,ENT,1.11864,0.00000
14,67,1791187051663,DEAL,FILL,9070,SELL_LIMIT,S,2,ENT,1.11804,0.00000
14,67,1791187051663,DEAL,REMOVE,9071,BUY_LIMIT,S,1,EXT,1.11644,0.00000
14,68,1791187050726,SYNC,REMOVE,9072,BUY_LIMIT,S,2,EXT,1.11704,0.00000
14,68,1791187051706,ENGINE,PLACE,9074,BUY_LIMIT,S,2,EXT,1.11704,0.00000
14,68,1791188540406,DEAL,PLACE,9075,BUY_LIMIT,S,3,EXT,1.11763,0.00000
14,68,1791188540943,DEAL,PLACE,9076,SELL_LIMIT,S,4,ENT,1.11923,0.00000
14,68,1791188541480,DEAL,FILL,9073,SELL_LIMIT,S,3,ENT,1.11864,0.00000
14,68,1791188541480,DEAL,REMOVE,9074,BUY_LIMIT,S,2,EXT,1.11704,0.00000
14,69,1791188541344,SYNC,REMOVE,9075,BUY_LIMIT,S,3,EXT,1.11763,0.00000
14,69,1791188541523,ENGINE,PLACE,9077,BUY_LIMIT,S,3,EXT,1.11763,0.00000
14,69,1791190701072,DEAL,PLACE,9078,BUY_LIMIT,S,4,EXT,1.11823,0.00000
14,69,1791190701609,DEAL,PLACE,9079,SELL_LIMIT,S,5,ENT,1.11983,0.00000
14,69,1791190702146,DEAL,FILL,9076,SELL_LIMIT,S,4,ENT,1.11923,0.00000
14,69,1791190702146,DEAL,REMOVE,9077,BUY_LIMIT,S,3,EXT,1.11763,0.00000
14,70,1791190702220,SYNC,REMOVE,9078,BUY_LIMIT,S,4,EXT,1.11823,0.00000
14,70,1791190702220,ENGINE,PLACE,9080,BUY_LIMIT,S,4,EXT,1.11823,0.00000
14,70,1791191942804,DEAL,PLACE,9081,BUY_LIMIT,S,5,EXT,1.11883,0.00000
14,70,1791191943341,DEAL,PLACE,9082,SELL_LIMIT,S,6,ENT,1.12043,0.00000
14,70,1791191943878,DEAL,FILL,9079,SELL_LIMIT,S,5,ENT,1.11983,0.00000
14,70,1791191943878,DEAL,REMOVE,9080,BUY_LIMIT,S,4,EXT,1.11823,0.00000
14,71,1791191943356,SYNC,REMOVE,9081,BUY_LIMIT,S,5,EXT,1.11883,0.00000
14,71,1791191943921,ENGINE,PLACE,9083,BUY_LIMIT,S,5,EXT,1.11883,0.00000
14,71,1791192462106,DEAL,FILL,9083,BUY_LIMIT,S,5,EXT,1.11883,0.00000
14,72,1791192462240,ENGINE,PLACE,9084,BUY_LIMIT,S,4,EXT,1.11823,0.00000
14,72,1791192462777,ENGINE,REMOVE,9082,SELL_LIMIT,S,6,ENT,1.12043,0.00000
14,74,1791192466056,ENGINE,PLACE,9085,SELL_LIMIT,S,5,ENT,1.11983,0.00000
14,74,1791192772367,DEAL,FILL,9084,BUY_LIMIT,S,4,EXT,1.11823,0.00000
14,75,1791192773922,ENGINE,PLACE,9086,BUY_LIMIT,S,3,EXT,1.11763,0.00000
14,75,1791192774459,ENGINE,REMOVE,9085,SELL_LIMIT,S,5,ENT,1.11983,0.00000
14,77,1791192775728,ENGINE,PLACE,9087,SELL_LIMIT,S,4,ENT,1.11923,0.00000
14,77,1791192863820,DEAL,FILL,9086,BUY_LIMIT,S,3,EXT,1.11763,0.00000
14,78,1791192865974,ENGINE,PLACE,9088,BUY_LIMIT,S,2,EXT,1.11704,0.00000
14,78,1791192866511,ENGINE,REMOVE,9087,SELL_LIMIT,S,4,ENT,1.11923,0.00000
14,80,1791192867180,ENGINE,PLACE,9089,SELL_LIMIT,S,3,ENT,1.11864,0.00000
14,80,1791192953161,DEAL,FILL,9088,BUY_LIMIT,S,2,EXT,1.11704,0.00000
14,81,1791192953495,ENGINE,PLACE,9090,BUY_LIMIT,S,1,EXT,1.11644,0.00000
14,81,1791192954032,ENGINE,REMOVE,9089,SELL_LIMIT,S,3,ENT,1.11864,0.00000
14,83,1791192954111,ENGINE,PLACE,9091,SELL_LIMIT,S,2,ENT,1.11804,0.00000
14,83,1791193372380,DEAL,PLACE,9092,BUY_LIMIT,S,2,EXT,1.11713,0.00000
14,83,1791193372917,DEAL,PLACE,9093,SELL_LIMIT,S,3,ENT,1.11873,0.00000
14,83,1791193373454,DEAL,REMOVE,9090,BUY_LIMIT,S,1,EXT,1.11644,0.00000
14,83,1791193373497,DEAL,FILL,9091,SELL_LIMIT,S,2,ENT,1.11804,0.00000
14,84,1791193372527,SYNC,REMOVE,9092,BUY_LIMIT,S,2,EXT,1.11713,0.00000
14,84,1791193373497,ENGINE,PLACE,9094,BUY_LIMIT,S,2,EXT,1.11713,0.00000
14,84,1791194095012,DEAL,PLACE,9095,BUY_LIMIT,S,3,EXT,1.11773,0.00000
14,84,1791194095549,DEAL,PLACE,9096,SELL_LIMIT,S,4,ENT,1.11933,0.00000
14,84,1791194096086,DEAL,FILL,9093,SELL_LIMIT,S,3,ENT,1.11873,0.00000
14,84,1791194096086,DEAL,REMOVE,9094,BUY_LIMIT,S,2,EXT,1.11713,0.00000
14,85,1791194095752,SYNC,REMOVE,9095,BUY_LIMIT,S,3,EXT,1.11773,0.00000
14,85,1791194096129,ENGINE,PLACE,9097,BUY_LIMIT,S,3,EXT,1.11773,0.00000
14,85,1791194797350,DEAL,PLACE,9098,BUY_LIMIT,S,4,EXT,1.11833,0.00000
14,85,1791194797887,DEAL,PLACE,9099,SELL_LIMIT,S,5,ENT,1.11993,0.00000
14,85,1791194798424,DEAL,FILL,9096,SELL_LIMIT,S,4,ENT,1.11933,0.00000
14,85,1791194798424,DEAL,REMOVE,9097,BUY_LIMIT,S,3,EXT,1.11773,0.00000
14,86,1791194797492,SYNC,REMOVE,9098,BUY_LIMIT,S,4,EXT,1.11833,0.00000
14,86,1791194798467,ENGINE,PLACE,9100,BUY_LIMIT,S,4,EXT,1.11833,0.00000
14,86,1791196552579,DEAL,PLACE,9101,BUY_LIMIT,S,5,EXT,1.11894,0.00000
14,86,1791196553116,DEAL,PLACE,9102,SELL_LIMIT,S,6,ENT,1.12054,0.00000
14,86,1791196553653,DEAL,FILL,9099,SELL_LIMIT,S,5,ENT,1.11993,0.00000
14,86,1791196553653,DEAL,REMOVE,9100,BUY_LIMIT,S,4,EXT,1.11833,0.00000
14,87,1791196552931,SYNC,REMOVE,9101,BUY_LIMIT,S,5,EXT,1.11894,0.00000
14,87,1791196553696,ENGINE,PLACE,9103,BUY_LIMIT,S,5,EXT,1.11894,0.00000
14,87,1791196944626,DEAL,PLACE,9104,BUY_LIMIT,S,6,EXT,1.11954,0.00000
14,87,1791196945163,DEAL,PLACE,9105,SELL_LIMIT,S,7,ENT,1.12114,0.00000
14,87,1791196945700,DEAL,FILL,9102,SELL_LIMIT,S,6,ENT,1.12054,0.00000
14,87,1791196945700,DEAL,REMOVE,9103,BUY_LIMIT,S,5,EXT,1.11894,0.00000
14,88,1791196944984,SYNC,REMOVE,9104,BUY_LIMIT,S,6,EXT,1.11954,0.00000
14,88,1791196945743,ENGINE,PLACE,9106,BUY_LIMIT,S,6,EXT,1.11954,0.00000
14,88,1791198503749,DEAL,FILL,9106,BUY_LIMIT,S,6,EXT,1.11954,0.00000
14,89,1791198503902,ENGINE,PLACE,9107,BUY_LIMIT,S,5,EXT,1.11894,0.00000
14,89,1791198504439,ENGINE,REMOVE,9105,SELL_LIMIT,S,7,ENT,1.12114,0.00000
14,91,1791198504900,ENGINE,PLACE,9108,SELL_LIMIT,S,6,ENT,1.12054,0.00000
14,91,1791198885951,DEAL,PLACE,9109,BUY_LIMIT,S,6,EXT,1.11954,0.00000
14,91,1791198886488,DEAL,PLACE,9110,SELL_LIMIT,S,7,ENT,1.12114,0.00000
14,91,1791198887025,DEAL,REMOVE,9107,BUY_LIMIT,S,5,EXT,1.11894,0.00000
14,91,1791198887068,DEAL,FILL,9108,SELL_LIMIT,S,6,ENT,1.12054,0.00000
14,92,1791198893128,SYNC,REMOVE,9109,BUY_LIMIT,S,6,EXT,1.11954,0.00000
14,92,1791198893128,ENGINE,PLACE,9111,BUY_LIMIT,S,6,EXT,1.11954,0.00000
14,92,1791200829773,DEAL,PLACE,9112,BUY_LIMIT,S,7,EXT,1.12018,0.00000
14,92,1791200830310,DEAL,FILL,9110,SELL_LIMIT,S,7,ENT,1.12114,0.00000
14,92,1791200830310,DEAL,REMOVE,9111,BUY_LIMIT,S,6,EXT,1.11954,0.00000
14,93,1791200830314,SYNC,REMOVE,9112,BUY_LIMIT,S,7,EXT,1.12018,0.00000
14,93,1791200830353,ENGINE,PLACE,9113,BUY_LIMIT,S,7,EXT,1.12018,0.00000
14,94,1791202441908,LATTICE,MODIFY,9068,BUY_LIMIT,S,0,EXT,1.12078,1.11584
14,94,1791202442446,LATTICE,PLACE,9114,BUY_LIMIT,S,1,EXT,1.11644,0.00000
14,94,1791202442983,LATTICE,REMOVE,9113,BUY_LIMIT,S,7,EXT,1.12018,0.00000
14,94,1791204284516,DEAL,FILL,9068,BUY_LIMIT,S,0,EXT,1.12078,0.00000
14,95,1791204284653,ENGINE,PLACE,9115,BUY_LIMIT,S,7,EXT,1.12018,0.00000
14,95,1791204285190,ENGINE,PLACE,9116,SELL_LIMIT,S,8,ENT,1.12178,0.00000
14,97,1791206371579,DEAL,FILL,9115,BUY_LIMIT,S,7,EXT,1.12018,0.00000
14,98,1791206373334,ENGINE,PLACE,9117,BUY_LIMIT,S,6,EXT,1.11954,0.00000
14,98,1791206373871,ENGINE,REMOVE,9116,SELL_LIMIT,S,8,ENT,1.12178,0.00000
14,100,1791206374332,ENGINE,PLACE,9118,SELL_LIMIT,S,7,ENT,1.12114,0.00000
14,100,1791210519566,DEAL,PLACE,9119,BUY_LIMIT,S,7,EXT,1.12015,0.00000
14,100,1791210520103,DEAL,PLACE,9120,SELL_LIMIT,S,8,ENT,1.12175,0.00000
14,100,1791210520640,DEAL,REMOVE,9117,BUY_LIMIT,S,6,EXT,1.11954,0.00000
14,100,1791210520683,DEAL,FILL,9118,SELL_LIMIT,S,7,ENT,1.12114,0.00000
14,101,1791210519705,SYNC,REMOVE,9119,BUY_LIMIT,S,7,EXT,1.12015,0.00000
14,101,1791210520683,ENGINE,PLACE,9121,BUY_LIMIT,S,7,EXT,1.12015,0.00000
14,101,1791213194322,DEAL,FILL,9121,BUY_LIMIT,S,7,EXT,1.12015,0.00000
14,102,1791213194467,ENGINE,PLACE,9122,BUY_LIMIT,S,6,EXT,1.11954,0.00000
14,102,1791213195004,ENGINE,REMOVE,9120,SELL_LIMIT,S,8,ENT,1.12175,0.00000
14,104,1791213195283,ENGINE,PLACE,9123,SELL_LIMIT,S,7,ENT,1.12114,0.00000
14,104,1791214248365,DEAL,PLACE,9124,BUY_LIMIT,S,7,EXT,1.12014,0.00000
14,104,1791214248902,DEAL,PLACE,9125,SELL_LIMIT,S,8,ENT,1.12174,0.00000
14,104,1791214249439,DEAL,REMOVE,9122,BUY_LIMIT,S,6,EXT,1.11954,0.00000
14,104,1791214249482,DEAL,FILL,9123,SELL_LIMIT,S,7,ENT,1.12114,0.00000
14,105,1791214249104,SYNC,REMOVE,9124,BUY_LIMIT,S,7,EXT,1.12014,0.00000
14,105,1791214249482,ENGINE,PLACE,9126,BUY_LIMIT,S,7,EXT,1.12014,0.00000
14,105,1791217700063,DEAL,FILL,9126,BUY_LIMIT,S,7,EXT,1.12014,0.00000
14,106,1791217701209,ENGINE,PLACE,9127,BUY_LIMIT,S,6,EXT,1.11954,0.00000
14,106,1791217701746,ENGINE,REMOVE,9125,SELL_LIMIT,S,8,ENT,1.12174,0.00000
14,108,1791217701809,ENGINE,PLACE,9128,SELL_LIMIT,S,7,ENT,1.12114,0.00000
14,108,1791218162147,DEAL,FILL,9127,BUY_LIMIT,S,6,EXT,1.11954,0.00000
14,109,1791218163089,ENGINE,PLACE,9129,BUY_LIMIT,S,5,EXT,1.11894,0.00000
14,109,1791218163626,ENGINE,REMOVE,9128,SELL_LIMIT,S,7,ENT,1.12114,0.00000
14,111,1791218163894,ENGINE,PLACE,9130,SELL_LIMIT,S,6,ENT,1.12054,0.00000
14,111,1791218749479,DEAL,FILL,9129,BUY_LIMIT,S,5,EXT,1.11894,0.00000
14,112,1791218749615,ENGINE,PLACE,9131,BUY_LIMIT,S,4,EXT,1.11833,0.00000
14,112,1791218750152,ENGINE,REMOVE,9130,SELL_LIMIT,S,6,ENT,1.12054,0.00000
14,114,1791218750219,ENGINE,PLACE,9132,SELL_LIMIT,S,5,ENT,1.11993,0.00000
14,114,1791222083982,DEAL,PLACE,9133,BUY_LIMIT,S,5,EXT,1.11896,0.00000
14,114,1791222084519,DEAL,PLACE,9134,SELL_LIMIT,S,6,ENT,1.12056,0.00000
14,114,1791222085056,DEAL,REMOVE,9131,BUY_LIMIT,S,4,EXT,1.11833,0.00000
14,114,1791222085099,DEAL,FILL,9132,SELL_LIMIT,S,5,ENT,1.11993,0.00000
14,115,1791222084124,SYNC,REMOVE,9133,BUY_LIMIT,S,5,EXT,1.11896,0.00000
14,115,1791222085099,ENGINE,PLACE,9135,BUY_LIMIT,S,5,EXT,1.11896,0.00000
14,115,1791222792289,DEAL,PLACE,9136,BUY_LIMIT,S,6,EXT,1.11956,0.00000
14,115,1791222792826,DEAL,PLACE,9137,SELL_LIMIT,S,7,ENT,1.12116,0.00000
14,115,1791222793363,DEAL,FILL,9134,SELL_LIMIT,S,6,ENT,1.12056,0.00000
14,115,1791222793363,DEAL,REMOVE,9135,BUY_LIMIT,S,5,EXT,1.11896,0.00000
14,116,1791222792831,SYNC,REMOVE,9136,BUY_LIMIT,S,6,EXT,1.11956,0.00000
14,116,1791222793406,ENGINE,PLACE,9138,BUY_LIMIT,S,6,EXT,1.11956,0.00000
14,116,1791223450394,DEAL,PLACE,9139,BUY_LIMIT,S,7,EXT,1.12016,0.00000
14,116,1791223450931,DEAL,PLACE,9140,SELL_LIMIT,S,8,ENT,1.12176,0.00000
14,116,1791223451468,DEAL,FILL,9137,SELL_LIMIT,S,7,ENT,1.12116,0.00000
14,116,1791223451468,DEAL,REMOVE,9138,BUY_LIMIT,S,6,EXT,1.11956,0.00000
14,117,1791223450532,SYNC,REMOVE,9139,BUY_LIMIT,S,7,EXT,1.12016,0.00000
14,117,1791223451511,ENGINE,PLACE,9141,BUY_LIMIT,S,7,EXT,1.12016,0.00000
14,117,1791228362434,DEAL,FILL,9141,BUY_LIMIT,S,7,EXT,1.12016,0.00000
14,118,1791228362978,ENGINE,PLACE,9142,BUY_LIMIT,S,6,EXT,1.11956,0.00000
14,118,1791228363515,ENGINE,REMOVE,9140,SELL_LIMIT,S,8,ENT,1.12176,0.00000
14,120,1791228363582,ENGINE,PLACE,9143,SELL_LIMIT,S,7,ENT,1.12116,0.00000
14,120,1791234007211,DEAL,PLACE,9144,BUY_LIMIT,S,7,EXT,1.12014,0.00000
14,120,1791234007748,DEAL,PLACE,9145,SELL_LIMIT,S,8,ENT,1.12174,0.00000
14,120,1791234008285,DEAL,REMOVE,9142,BUY_LIMIT,S,6,EXT,1.11956,0.00000
14,120,1791234008328,DEAL,FILL,9143,SELL_LIMIT,S,7,ENT,1.12116,0.00000
14,121,1791234007351,SYNC,REMOVE,9144,BUY_LIMIT,S,7,EXT,1.12014,0.00000
14,121,1791234008328,ENGINE,PLACE,9146,BUY_LIMIT,S,7,EXT,1.12014,0.00000
14,121,1791238744209,DEAL,PLACE,9147,BUY_LIMIT,S,8,EXT,1.12073,0.00000
14,121,1791238744746,DEAL,FILL,9145,SELL_LIMIT,S,8,ENT,1.12174,0.00000
14,121,1791238744746,DEAL,REMOVE,9146,BUY_LIMIT,S,7,EXT,1.12014,0.00000
14,122,1791238744951,SYNC,REMOVE,9147,BUY_LIMIT,S,8,EXT,1.12073,0.00000
14,122,1791238744951,ENGINE,PLACE,9148,BUY_LIMIT,S,8,EXT,1.12073,0.00000
14,122,1791244201125,LATTICE,MODIFY,9114,BUY_LIMIT,S,1,EXT,1.12133,1.11644
14,122,1791244201663,LATTICE,PLACE,9149,BUY_LIMIT,S,2,EXT,1.11713,0.00000
14,122,1791244202200,LATTICE,REMOVE,9148,BUY_LIMIT,S,8,EXT,1.12073,0.00000
14,123,1791244210001,TIMER,MODIFY,1978943308,SELL_LIMIT,L,0,EXT,1.13253,1.13245
14,123,1791244390001,TIMER,MODIFY,9040,SELL_LIMIT,L,7,EXT,1.12293,1.12285
14,123,1791244450001,TIMER,MODIFY,9114,BUY_LIMIT,S,1,EXT,1.12134,1.12133
14,123,1791244450539,TIMER,MODIFY,9149,BUY_LIMIT,S,2,EXT,1.11714,1.11713
15,-1,1791251939001,SEED,PLACE,1978943308,SELL_LIMIT,L,0,EXT,1.13253,0.00000
15,-1,1791251939001,SEED,PLACE,1985507377,SELL_LIMIT,L,7,EXT,1.12293,0.00000
15,-1,1791251939001,SEED,PLACE,1986609652,BUY_LIMIT,S,1,EXT,1.12134,0.00000
15,-1,1791251939001,SEED,PLACE,1988240215,BUY_LIMIT,S,2,EXT,1.11714,0.00000
16,-1,1791252107002,SEED,PLACE,1978943308,SELL_LIMIT,L,0,EXT,1.13253,0.00000
16,-1,1791252107002,SEED,PLACE,1985507377,SELL_LIMIT,L,7,EXT,1.12293,0.00000
16,-1,1791252107002,SEED,PLACE,1986609652,BUY_LIMIT,S,1,EXT,1.12134,0.00000
16,-1,1791252107002,SEED,PLACE,1988240215,BUY_LIMIT,S,2,EXT,1.11714,0.00000
16,0,1791252111247,LATTICE,MODIFY,1978943308,SELL_LIMIT,L,0,EXT,1.12266,1.13253
16,0,1791252111785,LATTICE,PLACE,9000,SELL_LIMIT,L,1,EXT,1.13193,0.00000
16,0,1791252112322,LATTICE,REMOVE,1985507377,SELL_LIMIT,L,7,EXT,1.12293,0.00000
16,1,1791252120092,LATTICE,MODIFY,9000,SELL_LIMIT,L,1,EXT,1.12206,1.13193
16,1,1791252120630,LATTICE,PLACE,9001,SELL_LIMIT,L,2,EXT,1.12593,0.00000
16,1,1791252121167,LATTICE,REMOVE,1978943308,SELL_LIMIT,L,0,EXT,1.12266,0.00000
16,2,1791252123728,LATTICE,MODIFY,9001,SELL_LIMIT,L,2,EXT,1.12201,1.12593
16,2,1791252124266,LATTICE,PLACE,9002,SELL_LIMIT,L,3,EXT,1.12533,0.00000
16,2,1791252124803,LATTICE,REMOVE,9000,SELL_LIMIT,L,1,EXT,1.12206,0.00000
16,3,1791252126110,LATTICE,MODIFY,9002,SELL_LIMIT,L,3,EXT,1.12202,1.12533
16,3,1791252126648,LATTICE,PLACE,9003,SELL_LIMIT,L,4,EXT,1.12473,0.00000
16,3,1791252127185,LATTICE,REMOVE,9001,SELL_LIMIT,L,2,EXT,1.12201,0.00000
16,4,1791252133761,LATTICE,MODIFY,9003,SELL_LIMIT,L,4,EXT,1.12202,1.12473
16,4,1791252134299,LATTICE,PLACE,9004,SELL_LIMIT,L,5,EXT,1.12413,0.00000
16,4,1791252134836,LATTICE,REMOVE,9002,SELL_LIMIT,L,3,EXT,1.12202,0.00000
16,5,1791252134977,LATTICE,MODIFY,9004,SELL_LIMIT,L,5,EXT,1.12201,1.12413
16,5,1791252135515,LATTICE,PLACE,9005,SELL_LIMIT,L,6,EXT,1.12353,0.00000
16,5,1791252136052,LATTICE,REMOVE,9003,SELL_LIMIT,L,4,EXT,1.12202,0.00000
16,6,1791252136166,LATTICE,MODIFY,9005,SELL_LIMIT,L,6,EXT,1.12202,1.12353
16,6,1791252136704,LATTICE,PLACE,9006,SELL_LIMIT,L,7,EXT,1.12293,0.00000
16,6,1791252137241,LATTICE,REMOVE,9004,SELL_LIMIT,L,5,EXT,1.12201,0.00000
16,7,1791252137610,LATTICE,MODIFY,9006,SELL_LIMIT,L,7,EXT,1.12195,1.12293
16,7,1791252138148,LATTICE,PLACE,9007,SELL_LIMIT,L,0,EXT,1.12266,0.00000
16,7,1791252138685,LATTICE,REMOVE,9005,SELL_LIMIT,L,6,EXT,1.12202,0.00000
16,8,1791252139007,LATTICE,MODIFY,9007,SELL_LIMIT,L,0,EXT,1.12195,1.12266
16,8,1791252139545,LATTICE,PLACE,9008,SELL_LIMIT,L,1,EXT,1.12206,0.00000
16,8,1791252140082,LATTICE,REMOVE,9006,SELL_LIMIT,L,7,EXT,1.12195,0.00000
16,8,1791253040726,DEAL,FILL,9007,SELL_LIMIT,L,0,EXT,1.12195,0.00000
16,9,1791253041264,ENGINE,PLACE,9009,SELL_LIMIT,L,7,EXT,1.12195,0.00000
16,9,1791253041801,ENGINE,PLACE,9010,BUY_LIMIT,L,8,ENT,1.11637,0.00000
16,11,1791253046147,DEAL,FILL,9009,SELL_LIMIT,L,7,EXT,1.12195,0.00000
16,11,1791253047181,CB_DONE,PLACE,9011,SELL_LIMIT,L,6,EXT,1.12197,0.00000
16,11,1791253073060,ENGINE,REMOVE,9010,BUY_LIMIT,L,8,ENT,1.11637,0.00000
16,12,1791253077079,ENGINE,PLACE,9012,BUY_LIMIT,L,7,ENT,1.11697,0.00000
16,12,1791253077616,DEAL,FILL,9011,SELL_LIMIT,L,6,EXT,1.12197,0.00000
16,14,1791253078204,CB_DONE,PLACE,9013,SELL_LIMIT,L,5,EXT,1.12198,0.00000
16,14,1791253080093,ENGINE,REMOVE,9012,BUY_LIMIT,L,7,ENT,1.11697,0.00000
16,14,1791253081695,ENGINE,PLACE,9014,BUY_LIMIT,L,6,ENT,1.11757,0.00000
16,14,1791253090434,DEAL,FILL,9013,SELL_LIMIT,L,5,EXT,1.12198,0.00000
16,14,1791253091871,CB_DONE,PLACE,9015,SELL_LIMIT,L,4,EXT,1.12199,0.00000
16,14,1791253095794,ENGINE,REMOVE,9014,BUY_LIMIT,L,6,ENT,1.11757,0.00000
16,14,1791253097010,ENGINE,PLACE,9016,BUY_LIMIT,L,5,ENT,1.11817,0.00000
16,14,1791253097547,DEAL,FILL,9015,SELL_LIMIT,L,4,EXT,1.12199,0.00000
16,15,1791253099505,ENGINE,PLACE,9017,SELL_LIMIT,L,5,EXT,1.12201,0.00000
16,15,1791253100042,ENGINE,REMOVE,9016,BUY_LIMIT,L,5,ENT,1.11817,0.00000
16,17,1791253104039,ENGINE,PLACE,9018,BUY_LIMIT,L,6,ENT,1.11757,0.00000
16,17,1791253111329,DEAL,FILL,9017,SELL_LIMIT,L,5,EXT,1.12201,0.00000
16,18,1791253111870,ENGINE,PLACE,9019,SELL_LIMIT,L,4,EXT,1.12202,0.00000
16,18,1791253112407,ENGINE,REMOVE,9018,BUY_LIMIT,L,6,ENT,1.11757,0.00000
16,20,1791253113675,ENGINE,PLACE,9020,BUY_LIMIT,L,5,ENT,1.11817,0.00000
16,20,1791253432920,DEAL,FILL,9019,SELL_LIMIT,L,4,EXT,1.12202,0.00000
16,21,1791253434070,ENGINE,PLACE,9021,SELL_LIMIT,L,3,EXT,1.12206,0.00000
16,21,1791253434607,ENGINE,REMOVE,9020,BUY_LIMIT,L,5,ENT,1.11817,0.00000
16,23,1791253435511,ENGINE,PLACE,9022,BUY_LIMIT,L,4,ENT,1.11877,0.00000
16,23,1791253469913,DEAL,FILL,9008,SELL_LIMIT,L,1,EXT,1.12206,0.00000
16,23,1791253469913,DEAL,FILL,9021,SELL_LIMIT,L,3,EXT,1.12206,0.00000
16,25,1791253471017,ENGINE,PLACE,9023,SELL_LIMIT,L,2,EXT,1.12207,0.00000
16,25,1791253471554,ENGINE,REMOVE,9022,BUY_LIMIT,L,4,ENT,1.11877,0.00000
16,29,1791253475028,ENGINE,PLACE,9024,BUY_LIMIT,L,3,ENT,1.11937,0.00000
16,29,1791253890238,DEAL,FILL,9023,SELL_LIMIT,L,2,EXT,1.12207,0.00000
16,30,1791253891187,ENGINE,PLACE,9025,BUY_LIMIT,L,0,ENT,1.12138,0.00000
16,30,1791253891724,ENGINE,REMOVE,9024,BUY_LIMIT,L,3,ENT,1.11937,0.00000
16,33,1791256016909,ENGINE,PLACE,9026,SELL_LIMIT,L,0,EXT,1.12239,0.00000
16,33,1791256017446,ENGINE,PLACE,9027,BUY_LIMIT,L,1,ENT,1.12079,0.00000
16,33,1791256017983,ENGINE,REMOVE,9025,BUY_LIMIT,L,0,ENT,1.12138,0.00000
16,33,1791259209647,DEAL,FILL,9026,SELL_LIMIT,L,0,EXT,1.12239,0.00000
16,34,1791259209975,ENGINE,PLACE,9028,BUY_LIMIT,L,0,ENT,1.12173,0.00000
16,34,1791259210512,ENGINE,REMOVE,9027,BUY_LIMIT,L,1,ENT,1.12079,0.00000
16,36,1791259229486,ENGINE,MODIFY,9028,BUY_LIMIT,L,0,ENT,1.12221,1.12173
16,37,1791260841919,LATTICE,MODIFY,1988240215,BUY_LIMIT,S,2,EXT,1.12194,1.11714
16,37,1791260842457,LATTICE,PLACE,9029,BUY_LIMIT,S,3,EXT,1.11774,0.00000
16,37,1791260842994,LATTICE,REMOVE,1986609652,BUY_LIMIT,S,1,EXT,1.12134,0.00000
16,37,1791262328035,DEAL,PLACE,9030,SELL_LIMIT,L,0,EXT,1.12321,0.00000
16,37,1791262328572,DEAL,PLACE,9031,BUY_LIMIT,L,1,ENT,1.12161,0.00000
16,37,1791262329109,DEAL,FILL,9028,BUY_LIMIT,L,0,ENT,1.12221,0.00000
16,38,1791262328582,SYNC,REMOVE,9030,SELL_LIMIT,L,0,EXT,1.12321,0.00000
16,38,1791262329109,ENGINE,PLACE,9032,SELL_LIMIT,L,0,EXT,1.12321,0.00000
16,38,1791262495799,DEAL,FILL,1988240215,BUY_LIMIT,S,2,EXT,1.12194,0.00000
16,39,1791262496949,ENGINE,PLACE,9033,BUY_LIMIT,S,1,EXT,1.12134,0.00000
16,39,1791262497486,ENGINE,PLACE,9034,SELL_LIMIT,S,9,ENT,1.12293,0.00000
16,41,1791263398858,DEAL,PLACE,9035,SELL_LIMIT,L,1,EXT,1.12261,0.00000
16,41,1791263399395,DEAL,PLACE,9036,BUY_LIMIT,L,2,ENT,1.12101,0.00000
16,41,1791263399932,DEAL,FILL,9031,BUY_LIMIT,L,1,ENT,1.12161,0.00000
16,42,1791263400202,SYNC,REMOVE,9035,SELL_LIMIT,L,1,EXT,1.12261,0.00000
16,42,1791263400202,ENGINE,PLACE,9037,SELL_LIMIT,L,1,EXT,1.12261,0.00000
16,42,1791264898509,DEAL,FILL,9033,BUY_LIMIT,S,1,EXT,1.12134,0.00000
16,43,1791264898649,ENGINE,MODIFY,9034,SELL_LIMIT,S,9,ENT,1.12233,1.12293
16,43,1791264899187,ENGINE,PLACE,9038,BUY_LIMIT,S,8,EXT,1.12074,0.00000
17,-1,1791268032000,SEED,PLACE,1988651286,SELL_LIMIT,L,0,EXT,1.12321,0.00000
17,-1,1791268032000,SEED,PLACE,1988684389,SELL_LIMIT,L,1,EXT,1.12261,0.00000
17,-1,1791268032000,SEED,PLACE,1988684397,BUY_LIMIT,L,2,ENT,1.12101,0.00000
17,-1,1791268032000,SEED,PLACE,1988601469,BUY_LIMIT,S,3,EXT,1.11774,0.00000
17,-1,1791268032000,SEED,PLACE,1988730284,BUY_LIMIT,S,8,EXT,1.12074,0.00000
17,-1,1791268032000,SEED,PLACE,1988656572,SELL_LIMIT,S,9,ENT,1.12233,0.00000
17,-1,1791268984344,DEAL,PLACE,9000,BUY_LIMIT,S,9,EXT,1.12132,0.00000
17,-1,1791268984881,DEAL,PLACE,9001,SELL_LIMIT,S,10,ENT,1.12292,0.00000
17,-1,1791268985418,DEAL,REMOVE,1988730284,BUY_LIMIT,S,8,EXT,1.12074,0.00000
17,-1,1791268985461,DEAL,FILL,1988656572,SELL_LIMIT,S,9,ENT,1.12233,0.00000
17,0,1791268984889,SYNC,REMOVE,9000,BUY_LIMIT,S,9,EXT,1.12132,0.00000
17,0,1791268985461,ENGINE,PLACE,9002,BUY_LIMIT,S,9,EXT,1.12132,0.00000
17,0,1791276619906,DEAL,FILL,9002,BUY_LIMIT,S,9,EXT,1.12132,0.00000
17,1,1791276620259,ENGINE,PLACE,9003,BUY_LIMIT,S,8,EXT,1.12074,0.00000
17,1,1791276620796,ENGINE,REMOVE,9001,SELL_LIMIT,S,10,ENT,1.12292,0.00000
17,3,1791276622273,ENGINE,PLACE,9004,SELL_LIMIT,S,9,ENT,1.12233,0.00000
17,3,1791277520857,DEAL,PLACE,9005,SELL_LIMIT,L,2,EXT,1.12196,0.00000
17,3,1791277521394,DEAL,PLACE,9006,BUY_LIMIT,L,3,ENT,1.12036,0.00000
17,3,1791277521931,DEAL,REMOVE,1988684389,SELL_LIMIT,L,1,EXT,1.12261,0.00000
17,3,1791277521974,DEAL,FILL,1988684397,BUY_LIMIT,L,2,ENT,1.12101,0.00000
17,4,1791277521193,SYNC,REMOVE,9005,SELL_LIMIT,L,2,EXT,1.12196,0.00000
17,4,1791277521974,ENGINE,PLACE,9007,SELL_LIMIT,L,2,EXT,1.12196,0.00000
17,4,1791277597316,DEAL,FILL,9003,BUY_LIMIT,S,8,EXT,1.12074,0.00000
17,5,1791277597655,ENGINE,PLACE,9008,BUY_LIMIT,S,7,EXT,1.12015,0.00000
17,5,1791277598192,ENGINE,REMOVE,9004,SELL_LIMIT,S,9,ENT,1.12233,0.00000
17,7,1791277598256,ENGINE,PLACE,9009,SELL_LIMIT,S,8,ENT,1.12174,0.00000
17,7,1791277874222,DEAL,PLACE,9010,SELL_LIMIT,L,3,EXT,1.12136,0.00000
17,7,1791277874759,DEAL,PLACE,9011,BUY_LIMIT,L,4,ENT,1.11976,0.00000
17,7,1791277875296,DEAL,FILL,9006,BUY_LIMIT,L,3,ENT,1.12036,0.00000
17,7,1791277875296,DEAL,REMOVE,9007,SELL_LIMIT,L,2,EXT,1.12196,0.00000
17,8,1791277876770,SYNC,REMOVE,9010,SELL_LIMIT,L,3,EXT,1.12136,0.00000
17,8,1791277876770,ENGINE,PLACE,9012,SELL_LIMIT,L,3,EXT,1.12136,0.00000
17,8,1791281054775,DEAL,FILL,9012,SELL_LIMIT,L,3,EXT,1.12136,0.00000
17,9,1791281056124,ENGINE,PLACE,9013,SELL_LIMIT,L,2,EXT,1.12196,0.00000
17,9,1791281056661,ENGINE,REMOVE,9011,BUY_LIMIT,L,4,ENT,1.11976,0.00000
17,11,1791281056728,ENGINE,PLACE,9014,BUY_LIMIT,L,3,ENT,1.12036,0.00000
17,11,1791281281870,DEAL,PLACE,9015,SELL_LIMIT,L,3,EXT,1.12135,0.00000
17,11,1791281282407,DEAL,PLACE,9016,BUY_LIMIT,L,4,ENT,1.11975,0.00000
17,11,1791281282944,DEAL,REMOVE,9013,SELL_LIMIT,L,2,EXT,1.12196,0.00000
17,11,1791281282987,DEAL,FILL,9014,BUY_LIMIT,L,3,ENT,1.12036,0.00000
17,12,1791281282213,SYNC,REMOVE,9015,SELL_LIMIT,L,3,EXT,1.12135,0.00000
17,12,1791281282987,ENGINE,PLACE,9017,SELL_LIMIT,L,3,EXT,1.12135,0.00000
17,12,1791281695094,DEAL,FILL,9017,SELL_LIMIT,L,3,EXT,1.12135,0.00000
17,13,1791281695241,ENGINE,PLACE,9018,SELL_LIMIT,L,2,EXT,1.12196,0.00000
17,13,1791281695778,ENGINE,REMOVE,9016,BUY_LIMIT,L,4,ENT,1.11975,0.00000
17,15,1791281696043,ENGINE,PLACE,9019,BUY_LIMIT,L,3,ENT,1.12036,0.00000
17,15,1791281709382,DEAL,PLACE,9020,BUY_LIMIT,S,8,EXT,1.12075,0.00000
17,15,1791281709919,DEAL,PLACE,9021,SELL_LIMIT,S,9,ENT,1.12235,0.00000
17,15,1791281710456,DEAL,REMOVE,9008,BUY_LIMIT,S,7,EXT,1.12015,0.00000
17,15,1791281710499,DEAL,FILL,9009,SELL_LIMIT,S,8,ENT,1.12174,0.00000
17,16,1791281709525,SYNC,REMOVE,9020,BUY_LIMIT,S,8,EXT,1.12075,0.00000
17,16,1791281710499,ENGINE,PLACE,9022,BUY_LIMIT,S,8,EXT,1.12075,0.00000
17,16,1791281738412,DEAL,FILL,9018,SELL_LIMIT,L,2,EXT,1.12196,0.00000
17,17,1791281738956,ENGINE,PLACE,9023,SELL_LIMIT,L,1,EXT,1.12261,0.00000
17,17,1791281739493,ENGINE,REMOVE,9019,BUY_LIMIT,L,3,ENT,1.12036,0.00000
17,19,1791281740359,ENGINE,PLACE,9024,BUY_LIMIT,L,2,ENT,1.12101,0.00000
17,19,1791282864262,DEAL,PLACE,9025,BUY_LIMIT,S,9,EXT,1.12139,0.00000
17,19,1791282864799,DEAL,PLACE,9026,SELL_LIMIT,S,10,ENT,1.12299,0.00000
17,19,1791282865336,DEAL,FILL,9021,SELL_LIMIT,S,9,ENT,1.12235,0.00000
17,19,1791282865336,DEAL,REMOVE,9022,BUY_LIMIT,S,8,EXT,1.12075,0.00000
17,20,1791282864802,SYNC,REMOVE,9025,BUY_LIMIT,S,9,EXT,1.12139,0.00000
17,20,1791282865379,ENGINE,PLACE,9027,BUY_LIMIT,S,9,EXT,1.12139,0.00000
17,20,1791283190081,DEAL,FILL,9023,SELL_LIMIT,L,1,EXT,1.12261,0.00000
17,21,1791283190239,ENGINE,REMOVE,9024,BUY_LIMIT,L,2,ENT,1.12101,0.00000
17,23,1791283190637,ENGINE,PLACE,9028,BUY_LIMIT,L,1,ENT,1.12161,0.00000
17,23,1791283223265,DEAL,PLACE,9029,BUY_LIMIT,S,10,EXT,1.12208,0.00000
17,23,1791283223802,DEAL,FILL,9026,SELL_LIMIT,S,10,ENT,1.12299,0.00000
17,23,1791283223802,DEAL,REMOVE,9027,BUY_LIMIT,S,9,EXT,1.12139,0.00000
17,24,1791283223403,SYNC,REMOVE,9029,BUY_LIMIT,S,10,EXT,1.12208,0.00000
17,24,1791283223845,ENGINE,PLACE,9030,BUY_LIMIT,S,10,EXT,1.12208,0.00000
17,24,1791283864937,DEAL,FILL,1988651286,SELL_LIMIT,L,0,EXT,1.12321,0.00000
17,25,1791283866701,ENGINE,PLACE,9031,BUY_LIMIT,L,0,ENT,1.12301,0.00000
17,25,1791283867238,ENGINE,REMOVE,9028,BUY_LIMIT,L,1,ENT,1.12161,0.00000
17,27,1791284001644,ENGINE,MODIFY,9031,BUY_LIMIT,L,0,ENT,1.12331,1.12301
17,28,1791284005085,LATTICE,MODIFY,1988601469,BUY_LIMIT,S,3,EXT,1.12269,1.11774
17,28,1791284005623,LATTICE,PLACE,9032,BUY_LIMIT,S,4,EXT,1.11834,0.00000
17,28,1791284006160,LATTICE,REMOVE,9030,BUY_LIMIT,S,10,EXT,1.12208,0.00000
17,28,1791284007506,ENGINE,MODIFY,9031,BUY_LIMIT,L,0,ENT,1.12354,1.12331
17,28,1791284073226,DEAL,PLACE,9033,SELL_LIMIT,L,0,EXT,1.12451,0.00000
17,28,1791284073763,DEAL,PLACE,9034,BUY_LIMIT,L,1,ENT,1.12291,0.00000
17,28,1791284074300,DEAL,FILL,9031,BUY_LIMIT,L,0,ENT,1.12354,0.00000
17,29,1791284073359,SYNC,REMOVE,9033,SELL_LIMIT,L,0,EXT,1.12451,0.00000
17,29,1791284074300,ENGINE,PLACE,9035,SELL_LIMIT,L,0,EXT,1.12451,0.00000
17,30,1791284302281,LATTICE,MODIFY,9032,BUY_LIMIT,S,4,EXT,1.12329,1.11834
17,30,1791284302819,LATTICE,PLACE,9036,BUY_LIMIT,S,5,EXT,1.11897,0.00000
17,30,1791284303356,LATTICE,REMOVE,1988601469,BUY_LIMIT,S,3,EXT,1.12269,0.00000
17,30,1791284821313,DEAL,FILL,9032,BUY_LIMIT,S,4,EXT,1.12329,0.00000
17,30,1791284821749,CB_DONE,PLACE,9037,BUY_LIMIT,S,3,EXT,1.12269,0.00000
17,31,1791284822286,ENGINE,PLACE,9038,SELL_LIMIT,S,11,ENT,1.12428,0.00000
17,33,1791284902270,DEAL,PLACE,9039,SELL_LIMIT,L,1,EXT,1.12391,0.00000
17,33,1791284902807,DEAL,PLACE,9040,BUY_LIMIT,L,2,ENT,1.12231,0.00000
17,33,1791284903344,DEAL,FILL,9034,BUY_LIMIT,L,1,ENT,1.12291,0.00000
17,34,1791284902407,SYNC,REMOVE,9039,SELL_LIMIT,L,1,EXT,1.12391,0.00000
17,34,1791284903344,ENGINE,PLACE,9041,SELL_LIMIT,L,1,EXT,1.12391,0.00000
17,34,1791285377810,DEAL,FILL,9037,BUY_LIMIT,S,3,EXT,1.12269,0.00000
17,35,1791285377950,ENGINE,MODIFY,9038,SELL_LIMIT,S,11,ENT,1.12368,1.12428
17,35,1791285378488,ENGINE,PLACE,9042,BUY_LIMIT,S,10,EXT,1.12208,0.00000
17,37,1791286570274,DEAL,PLACE,9043,BUY_LIMIT,S,11,EXT,1.12268,0.00000
17,37,1791286570811,DEAL,PLACE,9044,SELL_LIMIT,S,12,ENT,1.12428,0.00000
17,37,1791286571348,DEAL,FILL,9038,SELL_LIMIT,S,11,ENT,1.12368,0.00000
17,37,1791286571348,DEAL,REMOVE,9042,BUY_LIMIT,S,10,EXT,1.12208,0.00000
17,38,1791286570409,SYNC,REMOVE,9043,BUY_LIMIT,S,11,EXT,1.12268,0.00000
17,38,1791286571391,ENGINE,PLACE,9045,BUY_LIMIT,S,11,EXT,1.12268,0.00000
17,38,1791286628245,DEAL,FILL,9041,SELL_LIMIT,L,1,EXT,1.12391,0.00000
17,39,1791286628388,ENGINE,REMOVE,9040,BUY_LIMIT,L,2,ENT,1.12231,0.00000
17,39,1791286628589,ENGINE,PLACE,9046,BUY_LIMIT,L,1,ENT,1.12291,0.00000
17,41,1791286862946,DEAL,PLACE,9047,BUY_LIMIT,S,12,EXT,1.12328,0.00000
17,41,1791286863483,DEAL,FILL,9044,SELL_LIMIT,S,12,ENT,1.12428,0.00000
17,41,1791286863483,DEAL,REMOVE,9045,BUY_LIMIT,S,11,EXT,1.12268,0.00000
17,42,1791286863099,SYNC,REMOVE,9047,BUY_LIMIT,S,12,EXT,1.12328,0.00000
17,42,1791286863526,ENGINE,PLACE,9048,BUY_LIMIT,S,12,EXT,1.12328,0.00000
17,42,1791286878212,DEAL,FILL,9035,SELL_LIMIT,L,0,EXT,1.12451,0.00000
17,43,1791286878356,ENGINE,PLACE,9049,BUY_LIMIT,L,0,ENT,1.12439,0.00000
17,43,1791286878893,ENGINE,REMOVE,9046,BUY_LIMIT,L,1,ENT,1.12291,0.00000
17,45,1791286903183,DEAL,PLACE,9050,SELL_LIMIT,L,0,EXT,1.12540,0.00000
17,45,1791286903720,DEAL,PLACE,9051,BUY_LIMIT,L,1,ENT,1.12380,0.00000
17,45,1791286904257,DEAL,FILL,9049,BUY_LIMIT,L,0,ENT,1.12439,0.00000
17,46,1791286909783,SYNC,REMOVE,9050,SELL_LIMIT,L,0,EXT,1.12540,0.00000
17,46,1791286909783,ENGINE,MODIFY,9051,BUY_LIMIT,L,1,ENT,1.12375,1.12380
17,46,1791286910321,ENGINE,PLACE,9052,SELL_LIMIT,L,0,EXT,1.12535,0.00000
17,46,1791288797283,DEAL,PLACE,9053,SELL_LIMIT,L,1,EXT,1.12474,0.00000
17,46,1791288797820,DEAL,PLACE,9054,BUY_LIMIT,L,2,ENT,1.12314,0.00000
17,46,1791288798357,DEAL,FILL,9051,BUY_LIMIT,L,1,ENT,1.12375,0.00000
17,47,1791288797416,SYNC,REMOVE,9053,SELL_LIMIT,L,1,EXT,1.12474,0.00000
17,47,1791288798357,ENGINE,PLACE,9055,SELL_LIMIT,L,1,EXT,1.12474,0.00000
17,47,1791291111880,DEAL,FILL,9055,SELL_LIMIT,L,1,EXT,1.12474,0.00000
17,48,1791291112018,ENGINE,REMOVE,9054,BUY_LIMIT,L,2,ENT,1.12314,0.00000
17,48,1791291112225,ENGINE,PLACE,9056,BUY_LIMIT,L,1,ENT,1.12375,0.00000
17,51,1791295981127,LATTICE,MODIFY,9036,BUY_LIMIT,S,5,EXT,1.12389,1.11897
17,51,1791295981665,LATTICE,PLACE,9057,BUY_LIMIT,S,6,EXT,1.11957,0.00000
17,51,1791295982202,LATTICE,REMOVE,9048,BUY_LIMIT,S,12,EXT,1.12328,0.00000
17,51,1791296132708,DEAL,FILL,9052,SELL_LIMIT,L,0,EXT,1.12535,0.00000
17,52,1791296132849,ENGINE,PLACE,9058,BUY_LIMIT,L,0,ENT,1.12521,0.00000
17,52,1791296133386,ENGINE,REMOVE,9056,BUY_LIMIT,L,1,ENT,1.12375,0.00000
17,55,1791296302069,LATTICE,MODIFY,9057,BUY_LIMIT,S,6,EXT,1.12449,1.11957
17,55,1791296302607,LATTICE,PLACE,9059,BUY_LIMIT,S,7,EXT,1.12015,0.00000
17,55,1791296303144,LATTICE,REMOVE,9036,BUY_LIMIT,S,5,EXT,1.12389,0.00000
17,55,1791296317987,ENGINE,MODIFY,9058,BUY_LIMIT,L,0,ENT,1.12543,1.12521
17,55,1791296526848,ENGINE,MODIFY,9058,BUY_LIMIT,L,0,ENT,1.12564,1.12543
17,55,1791296657814,DEAL,PLACE,9060,SELL_LIMIT,L,0,EXT,1.12664,0.00000
17,55,1791296658351,DEAL,PLACE,9061,BUY_LIMIT,L,1,ENT,1.12504,0.00000
17,55,1791296658888,DEAL,FILL,9058,BUY_LIMIT,L,0,ENT,1.12564,0.00000
17,56,1791296733664,SYNC,REMOVE,9060,SELL_LIMIT,L,0,EXT,1.12664,0.00000
17,56,1791296733664,LATTICE,MODIFY,9059,BUY_LIMIT,S,7,EXT,1.12509,1.12015
17,56,1791296734202,LATTICE,PLACE,9062,BUY_LIMIT,S,8,EXT,1.12075,0.00000
17,56,1791296734739,LATTICE,REMOVE,9057,BUY_LIMIT,S,6,EXT,1.12449,0.00000
17,56,1791296734782,ENGINE,PLACE,9063,BUY_LIMIT,L,0,ENT,1.12599,0.00000
17,56,1791296735319,ENGINE,REMOVE,9061,BUY_LIMIT,L,1,ENT,1.12504,0.00000
17,56,1791296765679,ENGINE,MODIFY,9063,BUY_LIMIT,L,0,ENT,1.12624,1.12599
17,57,1791296791213,ENGINE,PLACE,9064,SELL_LIMIT,L,0,EXT,1.12734,0.00000
17,57,1791296791750,ENGINE,PLACE,9065,BUY_LIMIT,L,1,ENT,1.12574,0.00000
17,57,1791296792287,ENGINE,REMOVE,9063,BUY_LIMIT,L,0,ENT,1.12624,0.00000
17,58,1791296859386,LATTICE,MODIFY,9062,BUY_LIMIT,S,8,EXT,1.12568,1.12075
17,58,1791296859924,LATTICE,PLACE,9066,BUY_LIMIT,S,9,EXT,1.12139,0.00000
17,58,1791296860461,LATTICE,REMOVE,9059,BUY_LIMIT,S,7,EXT,1.12509,0.00000
17,59,1791298984556,LATTICE,MODIFY,9066,BUY_LIMIT,S,9,EXT,1.12628,1.12139
17,59,1791298985094,LATTICE,PLACE,9067,BUY_LIMIT,S,10,EXT,1.12208,0.00000
17,59,1791298985631,LATTICE,REMOVE,9062,BUY_LIMIT,S,8,EXT,1.12568,0.00000
17,59,1791298985674,DEAL,FILL,9064,SELL_LIMIT,L,0,EXT,1.12734,0.00000
17,60,1791298985674,ENGINE,PLACE,9068,BUY_LIMIT,L,0,ENT,1.12715,0.00000
17,60,1791298986211,ENGINE,REMOVE,9065,BUY_LIMIT,L,1,ENT,1.12574,0.00000
17,62,1791299025810,ENGINE,MODIFY,9068,BUY_LIMIT,L,0,ENT,1.12737,1.12715
17,62,1791299116992,DEAL,PLACE,9069,SELL_LIMIT,L,0,EXT,1.12838,0.00000
17,62,1791299117529,DEAL,PLACE,9070,BUY_LIMIT,L,1,ENT,1.12678,0.00000
17,62,1791299118066,DEAL,FILL,9068,BUY_LIMIT,L,0,ENT,1.12737,0.00000
17,63,1791299121161,SYNC,REMOVE,9069,SELL_LIMIT,L,0,EXT,1.12838,0.00000
17,63,1791299121161,ENGINE,MODIFY,9070,BUY_LIMIT,L,1,ENT,1.12673,1.12678
17,63,1791299121699,ENGINE,PLACE,9071,SELL_LIMIT,L,0,EXT,1.12833,0.00000
17,63,1791299206322,DEAL,PLACE,9072,SELL_LIMIT,L,1,EXT,1.12771,0.00000
17,63,1791299206859,DEAL,PLACE,9073,BUY_LIMIT,L,2,ENT,1.12611,0.00000
17,63,1791299207396,DEAL,FILL,9070,BUY_LIMIT,L,1,ENT,1.12673,0.00000
17,64,1791299206460,SYNC,REMOVE,9072,SELL_LIMIT,L,1,EXT,1.12771,0.00000
17,64,1791299207396,ENGINE,PLACE,9074,SELL_LIMIT,L,1,EXT,1.12771,0.00000
17,64,1791300556569,DEAL,FILL,9066,BUY_LIMIT,S,9,EXT,1.12628,0.00000
17,65,1791300556715,ENGINE,PLACE,9075,BUY_LIMIT,S,8,EXT,1.12568,0.00000
17,65,1791300557252,ENGINE,PLACE,9076,SELL_LIMIT,S,13,ENT,1.12728,0.00000
17,67,1791301443853,DEAL,PLACE,9077,SELL_LIMIT,L,2,EXT,1.12711,0.00000
17,67,1791301444390,DEAL,PLACE,9078,BUY_LIMIT,L,3,ENT,1.12551,0.00000
17,67,1791301444927,DEAL,FILL,9073,BUY_LIMIT,L,2,ENT,1.12611,0.00000
17,67,1791301444927,DEAL,REMOVE,9074,SELL_LIMIT,L,1,EXT,1.12771,0.00000
17,68,1791301444193,SYNC,REMOVE,9077,SELL_LIMIT,L,2,EXT,1.12711,0.00000
17,68,1791301444970,ENGINE,PLACE,9079,SELL_LIMIT,L,2,EXT,1.12711,0.00000
17,68,1791301992539,DEAL,FILL,9075,BUY_LIMIT,S,8,EXT,1.12568,0.00000
17,69,1791301992680,ENGINE,MODIFY,9076,SELL_LIMIT,S,13,ENT,1.12668,1.12728
17,69,1791301993218,ENGINE,PLACE,9080,BUY_LIMIT,S,7,EXT,1.12509,0.00000
17,71,1791303853392,DEAL,PLACE,9081,SELL_LIMIT,L,3,EXT,1.12645,0.00000
17,71,1791303853929,DEAL,PLACE,9082,BUY_LIMIT,L,4,ENT,1.12485,0.00000
17,71,1791303854466,DEAL,FILL,9078,BUY_LIMIT,L,3,ENT,1.12551,0.00000
17,71,1791303854466,DEAL,REMOVE,9079,SELL_LIMIT,L,2,EXT,1.12711,0.00000
17,72,1791303853726,SYNC,REMOVE,9081,SELL_LIMIT,L,3,EXT,1.12645,0.00000
17,72,1791303854509,ENGINE,PLACE,9083,SELL_LIMIT,L,3,EXT,1.12645,0.00000
17,72,1791304717412,DEAL,FILL,9080,BUY_LIMIT,S,7,EXT,1.12509,0.00000
17,73,1791304717957,ENGINE,MODIFY,9076,SELL_LIMIT,S,13,ENT,1.12608,1.12668
17,73,1791304718495,ENGINE,PLACE,9084,BUY_LIMIT,S,6,EXT,1.12449,0.00000
17,75,1791304915208,DEAL,PLACE,9085,SELL_LIMIT,L,4,EXT,1.12585,0.00000
17,75,1791304915745,DEAL,PLACE,9086,BUY_LIMIT,L,5,ENT,1.12425,0.00000
17,75,1791304916282,DEAL,FILL,9082,BUY_LIMIT,L,4,ENT,1.12485,0.00000
17,75,1791304916282,DEAL,REMOVE,9083,SELL_LIMIT,L,3,EXT,1.12645,0.00000
17,76,1791304918576,SYNC,REMOVE,9085,SELL_LIMIT,L,4,EXT,1.12585,0.00000
17,76,1791304918576,ENGINE,PLACE,9087,SELL_LIMIT,L,4,EXT,1.12585,0.00000
17,76,1791308545429,DEAL,FILL,9084,BUY_LIMIT,S,6,EXT,1.12449,0.00000
17,77,1791308545780,ENGINE,MODIFY,9076,SELL_LIMIT,S,13,ENT,1.12548,1.12608
17,77,1791308546318,ENGINE,PLACE,9088,BUY_LIMIT,S,5,EXT,1.12389,0.00000
17,79,1791309133549,DEAL,PLACE,9089,BUY_LIMIT,S,13,EXT,1.12449,0.00000
17,79,1791309134086,DEAL,PLACE,9090,SELL_LIMIT,S,14,ENT,1.12609,0.00000
17,79,1791309134623,DEAL,FILL,9076,SELL_LIMIT,S,13,ENT,1.12548,0.00000
17,79,1791309134623,DEAL,REMOVE,9088,BUY_LIMIT,S,5,EXT,1.12389,0.00000
17,80,1791309133691,SYNC,REMOVE,9089,BUY_LIMIT,S,13,EXT,1.12449,0.00000
17,80,1791309134666,ENGINE,PLACE,9091,BUY_LIMIT,S,13,EXT,1.12449,0.00000
17,80,1791309845294,DEAL,FILL,9087,SELL_LIMIT,L,4,EXT,1.12585,0.00000
17,81,1791309845432,ENGINE,PLACE,9092,SELL_LIMIT,L,3,EXT,1.12645,0.00000
17,81,1791309845969,ENGINE,REMOVE,9086,BUY_LIMIT,L,5,ENT,1.12425,0.00000
17,83,1791309846244,ENGINE,PLACE,9093,BUY_LIMIT,L,4,ENT,1.12485,0.00000
17,83,1791310464422,DEAL,PLACE,9094,BUY_LIMIT,S,14,EXT,1.12509,0.00000
17,83,1791310464959,DEAL,PLACE,9095,SELL_LIMIT,S,15,ENT,1.12669,0.00000
17,83,1791310465496,DEAL,FILL,9090,SELL_LIMIT,S,14,ENT,1.12609,0.00000
17,83,1791310465496,DEAL,REMOVE,9091,BUY_LIMIT,S,13,EXT,1.12449,0.00000
17,84,1791310465177,SYNC,REMOVE,9094,BUY_LIMIT,S,14,EXT,1.12509,0.00000
17,84,1791310465539,ENGINE,PLACE,9096,BUY_LIMIT,S,14,EXT,1.12509,0.00000
17,84,1791310788515,DEAL,FILL,9092,SELL_LIMIT,L,3,EXT,1.12645,0.00000
17,85,1791310789063,ENGINE,PLACE,9097,SELL_LIMIT,L,2,EXT,1.12711,0.00000
17,85,1791310789600,ENGINE,REMOVE,9093,BUY_LIMIT,L,4,ENT,1.12485,0.00000
17,87,1791310790675,ENGINE,PLACE,9098,BUY_LIMIT,L,3,ENT,1.12551,0.00000
17,87,1791311611409,DEAL,PLACE,9099,BUY_LIMIT,S,15,EXT,1.12568,0.00000
17,87,1791311611946,DEAL,PLACE,9100,SELL_LIMIT,S,16,ENT,1.12728,0.00000
17,87,1791311612483,DEAL,FILL,9095,SELL_LIMIT,S,15,ENT,1.12669,0.00000
17,87,1791311612483,DEAL,REMOVE,9096,BUY_LIMIT,S,14,EXT,1.12509,0.00000
17,88,1791311611950,SYNC,REMOVE,9099,BUY_LIMIT,S,15,EXT,1.12568,0.00000
17,88,1791311612526,ENGINE,PLACE,9101,BUY_LIMIT,S,15,EXT,1.12568,0.00000
17,88,1791313904266,DEAL,FILL,9101,BUY_LIMIT,S,15,EXT,1.12568,0.00000
17,89,1791313905207,ENGINE,PLACE,9102,BUY_LIMIT,S,14,EXT,1.12509,0.00000
17,89,1791313905744,ENGINE,REMOVE,9100,SELL_LIMIT,S,16,ENT,1.12728,0.00000
17,91,1791313906010,ENGINE,PLACE,9103,SELL_LIMIT,S,15,ENT,1.12669,0.00000
17,91,1791315465384,DEAL,PLACE,9104,SELL_LIMIT,L,3,EXT,1.12651,0.00000
17,91,1791315465921,DEAL,PLACE,9105,BUY_LIMIT,L,4,ENT,1.12491,0.00000
17,91,1791315466458,DEAL,REMOVE,9097,SELL_LIMIT,L,2,EXT,1.12711,0.00000
17,91,1791315466501,DEAL,FILL,9098,BUY_LIMIT,L,3,ENT,1.12551,0.00000
17,92,1791315466922,SYNC,REMOVE,9104,SELL_LIMIT,L,3,EXT,1.12651,0.00000
17,92,1791315466922,ENGINE,PLACE,9106,SELL_LIMIT,L,3,EXT,1.12651,0.00000
17,92,1791320972955,DEAL,FILL,9106,SELL_LIMIT,L,3,EXT,1.12651,0.00000
17,93,1791320977928,ENGINE,PLACE,9107,SELL_LIMIT,L,2,EXT,1.12711,0.00000
17,93,1791320978465,ENGINE,REMOVE,9105,BUY_LIMIT,L,4,ENT,1.12491,0.00000
17,95,1791320979729,ENGINE,PLACE,9108,BUY_LIMIT,L,3,ENT,1.12551,0.00000
17,95,1791330612000,TIMER,MODIFY,9071,SELL_LIMIT,L,0,EXT,1.12857,1.12833
17,95,1791330672000,TIMER,MODIFY,9107,SELL_LIMIT,L,2,EXT,1.12735,1.12711
17,95,1791330732000,TIMER,MODIFY,9067,BUY_LIMIT,S,10,EXT,1.12212,1.12208
17,95,1791330852000,TIMER,MODIFY,9102,BUY_LIMIT,S,14,EXT,1.12513,1.12509
17,95,1791331201154,ENGINE,MODIFY,9108,BUY_LIMIT,L,3,ENT,1.12495,1.12551
17,95,1791331201863,ENGINE,MODIFY,9108,BUY_LIMIT,L,3,ENT,1.12551,1.12495
17,95,1791331587259,ENGINE,MODIFY,9108,BUY_LIMIT,L,3,ENT,1.12530,1.12551
17,95,1791331588056,ENGINE,MODIFY,9108,BUY_LIMIT,L,3,ENT,1.12551,1.12530
17,95,1791331591685,ENGINE,MODIFY,9108,BUY_LIMIT,L,3,ENT,1.12530,1.12551
17,95,1791331592288,ENGINE,MODIFY,9108,BUY_LIMIT,L,3,ENT,1.12551,1.12530
17,95,1791332100219,ENGINE,MODIFY,9108,BUY_LIMIT,L,3,ENT,1.12530,1.12551
17,95,1791332101036,ENGINE,MODIFY,9108,BUY_LIMIT,L,3,ENT,1.12551,1.12530
17,95,1791340731284,DEAL,PLACE,9109,SELL_LIMIT,L,3,EXT,1.12650,0.00000
17,95,1791340731821,DEAL,PLACE,9110,BUY_LIMIT,L,4,ENT,1.12490,0.00000
17,95,1791340732358,DEAL,REMOVE,9107,SELL_LIMIT,L,2,EXT,1.12735,0.00000
17,95,1791340732401,DEAL,FILL,9108,BUY_LIMIT,L,3,ENT,1.12551,0.00000
17,96,1791340732240,SYNC,REMOVE,9109,SELL_LIMIT,L,3,EXT,1.12650,0.00000
17,96,1791340732401,ENGINE,PLACE,9111,SELL_LIMIT,L,3,EXT,1.12650,0.00000
17,96,1791342022775,DEAL,FILL,9102,BUY_LIMIT,S,14,EXT,1.12513,0.00000
17,97,1791342024928,ENGINE,PLACE,9112,BUY_LIMIT,S,13,EXT,1.12453,0.00000
17,97,1791342025465,ENGINE,REMOVE,9103,SELL_LIMIT,S,15,ENT,1.12669,0.00000
17,99,1791342033182,ENGINE,PLACE,9113,SELL_LIMIT,S,14,ENT,1.12609,0.00000
17,99,1791345327698,DEAL,PLACE,9114,SELL_LIMIT,L,4,EXT,1.12589,0.00000
17,99,1791345328235,DEAL,PLACE,9115,BUY_LIMIT,L,5,ENT,1.12429,0.00000
17,99,1791345328772,DEAL,FILL,9110,BUY_LIMIT,L,4,ENT,1.12490,0.00000
17,99,1791345328772,DEAL,REMOVE,9111,SELL_LIMIT,L,3,EXT,1.12650,0.00000
17,100,1791345327844,SYNC,REMOVE,9114,SELL_LIMIT,L,4,EXT,1.12589,0.00000
17,100,1791345328815,ENGINE,PLACE,9116,SELL_LIMIT,L,4,EXT,1.12589,0.00000
17,100,1791346075148,DEAL,FILL,9112,BUY_LIMIT,S,13,EXT,1.12453,0.00000
17,101,1791346080105,ENGINE,PLACE,9117,BUY_LIMIT,S,5,EXT,1.12393,0.00000
17,101,1791346080642,ENGINE,REMOVE,9113,SELL_LIMIT,S,14,ENT,1.12609,0.00000
17,103,1791346083920,ENGINE,PLACE,9118,SELL_LIMIT,S,13,ENT,1.12548,0.00000
17,103,1791347084771,DEAL,PLACE,9119,SELL_LIMIT,L,5,EXT,1.12527,0.00000
17,103,1791347085308,DEAL,PLACE,9120,BUY_LIMIT,L,6,ENT,1.12367,0.00000
17,103,1791347085845,DEAL,FILL,9115,BUY_LIMIT,L,5,ENT,1.12429,0.00000
17,103,1791347085845,DEAL,REMOVE,9116,SELL_LIMIT,L,4,EXT,1.12589,0.00000
17,104,1791347086118,SYNC,REMOVE,9119,SELL_LIMIT,L,5,EXT,1.12527,0.00000
17,104,1791347086118,ENGINE,PLACE,9121,SELL_LIMIT,L,5,EXT,1.12527,0.00000
17,104,1791348872223,DEAL,FILL,9117,BUY_LIMIT,S,5,EXT,1.12393,0.00000
17,105,1791348872768,ENGINE,MODIFY,9118,SELL_LIMIT,S,13,ENT,1.12488,1.12548
17,105,1791348873306,ENGINE,PLACE,9122,BUY_LIMIT,S,12,EXT,1.12332,0.00000
17,107,1791349414668,DEAL,PLACE,9123,SELL_LIMIT,L,6,EXT,1.12467,0.00000
17,107,1791349415205,DEAL,PLACE,9124,BUY_LIMIT,L,7,ENT,1.12307,0.00000
17,107,1791349415742,DEAL,FILL,9120,BUY_LIMIT,L,6,ENT,1.12367,0.00000
17,107,1791349415742,DEAL,REMOVE,9121,SELL_LIMIT,L,5,EXT,1.12527,0.00000
17,108,1791349415811,SYNC,REMOVE,9123,SELL_LIMIT,L,6,EXT,1.12467,0.00000
17,108,1791349415811,ENGINE,PLACE,9125,SELL_LIMIT,L,6,EXT,1.12467,0.00000
18,-1,1791349611003,SEED,PLACE,1990109082,SELL_LIMIT,L,0,EXT,1.12857,0.00000
18,-1,1791349611003,SEED,PLACE,1991706508,SELL_LIMIT,L,6,EXT,1.12467,0.00000
18,-1,1791349611003,SEED,PLACE,1991706517,BUY_LIMIT,L,7,ENT,1.12307,0.00000
18,-1,1791349611003,SEED,PLACE,1990101682,BUY_LIMIT,S,10,EXT,1.12212,0.00000
18,-1,1791349611003,SEED,PLACE,1991677746,BUY_LIMIT,S,12,EXT,1.12332,0.00000
18,-1,1791349611003,SEED,PLACE,1991591985,SELL_LIMIT,S,13,ENT,1.12488,0.00000
19,-1,1791349956002,SEED,PLACE,1990109082,SELL_LIMIT,L,0,EXT,1.12857,0.00000
19,-1,1791349956002,SEED,PLACE,1991706508,SELL_LIMIT,L,6,EXT,1.12467,0.00000
19,-1,1791349956002,SEED,PLACE,1991706517,BUY_LIMIT,L,7,ENT,1.12307,0.00000
19,-1,1791349956002,SEED,PLACE,1990101682,BUY_LIMIT,S,10,EXT,1.12212,0.00000
19,-1,1791349956002,SEED,PLACE,1991677746,BUY_LIMIT,S,12,EXT,1.12332,0.00000
19,-1,1791349956002,SEED,PLACE,1991591985,SELL_LIMIT,S,13,ENT,1.12488,0.00000
19,-1,1791357550557,DEAL,FILL,1991677746,BUY_LIMIT,S,12,EXT,1.12332,0.00000
19,0,1791357556108,ENGINE,PLACE,9000,BUY_LIMIT,S,11,EXT,1.12272,0.00000
19,0,1791357556645,ENGINE,REMOVE,1991591985,SELL_LIMIT,S,13,ENT,1.12488,0.00000
19,2,1791357557125,ENGINE,PLACE,9001,SELL_LIMIT,S,12,ENT,1.12428,0.00000
19,2,1791358027408,DEAL,PLACE,9002,SELL_LIMIT,L,7,EXT,1.12407,0.00000
19,2,1791358027945,DEAL,REMOVE,1991706508,SELL_LIMIT,L,6,EXT,1.12467,0.00000
19,2,1791358027988,DEAL,FILL,1991706517,BUY_LIMIT,L,7,ENT,1.12307,0.00000
19,3,1791358028351,SYNC,REMOVE,9002,SELL_LIMIT,L,7,EXT,1.12407,0.00000
19,3,1791358028351,ENGINE,PLACE,9003,SELL_LIMIT,L,7,EXT,1.12407,0.00000
19,3,1791363708937,DEAL,FILL,9000,BUY_LIMIT,S,11,EXT,1.12272,0.00000
19,4,1791363709280,ENGINE,REMOVE,9001,SELL_LIMIT,S,12,ENT,1.12428,0.00000
19,6,1791363710084,ENGINE,PLACE,9004,SELL_LIMIT,S,11,ENT,1.12368,0.00000
19,6,1791368126097,DEAL,FILL,1990101682,BUY_LIMIT,S,10,EXT,1.12212,0.00000
19,7,1791368126424,LATTICE,MODIFY,1990109082,SELL_LIMIT,L,0,EXT,1.12371,1.12857
19,7,1791368126962,LATTICE,PLACE,9005,SELL_LIMIT,L,1,EXT,1.12795,0.00000
19,7,1791368127499,LATTICE,REMOVE,9003,SELL_LIMIT,L,7,EXT,1.12407,0.00000
19,7,1791368127542,ENGINE,PLACE,9006,SELL_LIMIT,S,0,ENT,1.12233,0.00000
19,7,1791368128079,ENGINE,REMOVE,9004,SELL_LIMIT,S,11,ENT,1.12368,0.00000
19,10,1791368141101,ENGINE,MODIFY,9006,SELL_LIMIT,S,0,ENT,1.12213,1.12233
19,11,1791368150353,LATTICE,MODIFY,9005,SELL_LIMIT,L,1,EXT,1.12311,1.12795
19,11,1791368150891,LATTICE,PLACE,9007,SELL_LIMIT,L,2,EXT,1.12735,0.00000
19,11,1791368151428,LATTICE,REMOVE,1990109082,SELL_LIMIT,L,0,EXT,1.12371,0.00000
19,11,1791368220540,ENGINE,MODIFY,9006,SELL_LIMIT,S,0,ENT,1.12193,1.12213
19,11,1791368368831,ENGINE,MODIFY,9006,SELL_LIMIT,S,0,ENT,1.12173,1.12193
19,11,1791368416510,DEAL,PLACE,9008,BUY_LIMIT,S,0,EXT,1.12076,0.00000
19,11,1791368417047,DEAL,PLACE,9009,SELL_LIMIT,S,1,ENT,1.12236,0.00000
19,11,1791368417584,DEAL,FILL,9006,SELL_LIMIT,S,0,ENT,1.12173,0.00000
19,12,1791368417251,SYNC,REMOVE,9008,BUY_LIMIT,S,0,EXT,1.12076,0.00000
19,12,1791368417584,ENGINE,PLACE,9010,BUY_LIMIT,S,0,EXT,1.12076,0.00000
19,12,1791369300704,DEAL,FILL,9010,BUY_LIMIT,S,0,EXT,1.12076,0.00000
19,13,1791369301040,LATTICE,MODIFY,9007,SELL_LIMIT,L,2,EXT,1.12251,1.12735
19,13,1791369301578,LATTICE,PLACE,9011,SELL_LIMIT,L,3,EXT,1.12650,0.00000
19,13,1791369302115,LATTICE,REMOVE,9005,SELL_LIMIT,L,1,EXT,1.12311,0.00000
19,13,1791369302158,ENGINE,PLACE,9012,SELL_LIMIT,S,0,ENT,1.12096,0.00000
19,13,1791369302695,ENGINE,REMOVE,9009,SELL_LIMIT,S,1,ENT,1.12236,0.00000
19,17,1791369378026,LATTICE,MODIFY,9011,SELL_LIMIT,L,3,EXT,1.12167,1.12650
19,17,1791369378564,LATTICE,PLACE,9013,SELL_LIMIT,L,4,EXT,1.12589,0.00000
19,17,1791369379101,LATTICE,REMOVE,9007,SELL_LIMIT,L,2,EXT,1.12251,0.00000
19,17,1791369544576,ENGINE,MODIFY,9012,SELL_LIMIT,S,0,ENT,1.12075,1.12096
19,17,1791369746766,DEAL,PLACE,9014,BUY_LIMIT,S,0,EXT,1.11976,0.00000
19,17,1791369747303,DEAL,PLACE,9015,SELL_LIMIT,S,1,ENT,1.12136,0.00000
19,17,1791369747840,DEAL,FILL,9012,SELL_LIMIT,S,0,ENT,1.12075,0.00000
19,18,1791369747315,SYNC,REMOVE,9014,BUY_LIMIT,S,0,EXT,1.11976,0.00000
19,18,1791369747840,ENGINE,PLACE,9016,BUY_LIMIT,S,0,EXT,1.11976,0.00000
19,18,1791370356618,DEAL,FILL,9016,BUY_LIMIT,S,0,EXT,1.11976,0.00000
19,19,1791370356758,LATTICE,MODIFY,9013,SELL_LIMIT,L,4,EXT,1.12107,1.12589
19,19,1791370357296,LATTICE,PLACE,9017,SELL_LIMIT,L,5,EXT,1.12527,0.00000
19,19,1791370357833,LATTICE,REMOVE,9011,SELL_LIMIT,L,3,EXT,1.12167,0.00000
19,19,1791370357876,ENGINE,PLACE,9018,SELL_LIMIT,S,0,ENT,1.11991,0.00000
19,19,1791370358413,ENGINE,REMOVE,9015,SELL_LIMIT,S,1,ENT,1.12136,0.00000
19,22,1791370393118,ENGINE,MODIFY,9018,SELL_LIMIT,S,0,ENT,1.11970,1.11991
19,23,1791370393735,LATTICE,MODIFY,9017,SELL_LIMIT,L,5,EXT,1.12047,1.12527
19,23,1791370394273,LATTICE,PLACE,9019,SELL_LIMIT,L,6,EXT,1.12467,0.00000
19,23,1791370394810,LATTICE,REMOVE,9013,SELL_LIMIT,L,4,EXT,1.12107,0.00000
19,23,1791370406806,ENGINE,MODIFY,9018,SELL_LIMIT,S,0,ENT,1.11943,1.11970
19,23,1791370456517,ENGINE,MODIFY,9018,SELL_LIMIT,S,0,ENT,1.11921,1.11943
19,23,1791370465634,DEAL,PLACE,9020,BUY_LIMIT,S,0,EXT,1.11819,0.00000
19,23,1791370466171,DEAL,PLACE,9021,SELL_LIMIT,S,1,ENT,1.11979,0.00000
19,23,1791370466708,DEAL,FILL,9018,SELL_LIMIT,S,0,ENT,1.11921,0.00000
19,24,1791370466391,SYNC,REMOVE,9020,BUY_LIMIT,S,0,EXT,1.11819,0.00000
19,24,1791370466708,ENGINE,PLACE,9022,BUY_LIMIT,S,0,EXT,1.11819,0.00000
19,24,1791370628393,DEAL,FILL,9022,BUY_LIMIT,S,0,EXT,1.11819,0.00000
19,25,1791370628536,LATTICE,PLACE,9023,SELL_LIMIT,L,7,EXT,1.11927,0.00000
19,25,1791370629073,LATTICE,PLACE,9024,SELL_LIMIT,L,0,EXT,1.12371,0.00000
19,25,1791370629610,LATTICE,REMOVE,9017,SELL_LIMIT,L,5,EXT,1.12047,0.00000
19,25,1791370629653,LATTICE,REMOVE,9019,SELL_LIMIT,L,6,EXT,1.12467,0.00000
19,25,1791370629696,ENGINE,PLACE,9025,SELL_LIMIT,S,0,ENT,1.11848,0.00000
19,25,1791370630233,ENGINE,REMOVE,9021,SELL_LIMIT,S,1,ENT,1.11979,0.00000
19,29,1791370642443,DEAL,PLACE,9026,BUY_LIMIT,S,0,EXT,1.11748,0.00000
19,29,1791370642980,DEAL,PLACE,9027,SELL_LIMIT,S,1,ENT,1.11908,0.00000
19,29,1791370643517,DEAL,FILL,9025,SELL_LIMIT,S,0,ENT,1.11848,0.00000
19,30,1791370651030,SYNC,REMOVE,9026,BUY_LIMIT,S,0,EXT,1.11748,0.00000
19,30,1791370651030,ENGINE,MODIFY,9027,SELL_LIMIT,S,1,ENT,1.11918,1.11908
19,30,1791370651568,ENGINE,PLACE,9028,BUY_LIMIT,S,0,EXT,1.11758,0.00000
19,30,1791370806938,DEAL,PLACE,9029,BUY_LIMIT,S,1,EXT,1.11818,0.00000
19,30,1791370807475,DEAL,PLACE,9030,SELL_LIMIT,S,2,ENT,1.11978,0.00000
19,30,1791370808012,DEAL,FILL,9027,SELL_LIMIT,S,1,ENT,1.11918,0.00000
19,31,1791370807481,SYNC,REMOVE,9029,BUY_LIMIT,S,1,EXT,1.11818,0.00000
19,31,1791370808012,ENGINE,PLACE,9031,BUY_LIMIT,S,1,EXT,1.11818,0.00000
19,31,1791371031251,DEAL,FILL,9023,SELL_LIMIT,L,7,EXT,1.11927,0.00000
19,32,1791371031995,ENGINE,PLACE,9032,SELL_LIMIT,L,6,EXT,1.11987,0.00000
19,32,1791371032532,ENGINE,PLACE,9033,BUY_LIMIT,L,7,ENT,1.11827,0.00000
19,34,1791371734470,DEAL,PLACE,9034,SELL_LIMIT,L,7,EXT,1.11927,0.00000
19,34,1791371735007,DEAL,REMOVE,9032,SELL_LIMIT,L,6,EXT,1.11987,0.00000
19,34,1791371735050,DEAL,FILL,9033,BUY_LIMIT,L,7,ENT,1.11827,0.00000
19,35,1791371735806,SYNC,REMOVE,9034,SELL_LIMIT,L,7,EXT,1.11927,0.00000
19,35,1791371735806,ENGINE,PLACE,9035,SELL_LIMIT,L,7,EXT,1.11927,0.00000
19,35,1791371781316,DEAL,FILL,9031,BUY_LIMIT,S,1,EXT,1.11818,0.00000
19,36,1791371782462,ENGINE,REMOVE,9030,SELL_LIMIT,S,2,ENT,1.11978,0.00000
19,36,1791371782659,ENGINE,PLACE,9036,SELL_LIMIT,S,1,ENT,1.11918,0.00000
19,38,1791372089490,DEAL,PLACE,9037,BUY_LIMIT,S,1,EXT,1.11820,0.00000
19,38,1791372090027,DEAL,PLACE,9038,SELL_LIMIT,S,2,ENT,1.11980,0.00000
19,38,1791372090564,DEAL,FILL,9036,SELL_LIMIT,S,1,ENT,1.11918,0.00000
19,39,1791372089631,SYNC,REMOVE,9037,BUY_LIMIT,S,1,EXT,1.11820,0.00000
19,39,1791372090564,ENGINE,PLACE,9039,BUY_LIMIT,S,1,EXT,1.11820,0.00000
19,39,1791372098331,DEAL,FILL,9035,SELL_LIMIT,L,7,EXT,1.11927,0.00000
19,40,1791372098490,ENGINE,PLACE,9040,SELL_LIMIT,L,6,EXT,1.11987,0.00000
19,40,1791372099027,ENGINE,PLACE,9041,BUY_LIMIT,L,7,ENT,1.11827,0.00000
19,42,1791373485323,DEAL,PLACE,9042,BUY_LIMIT,S,2,EXT,1.11883,0.00000
19,42,1791373485860,DEAL,PLACE,9043,SELL_LIMIT,S,3,ENT,1.12043,0.00000
19,42,1791373486397,DEAL,FILL,9038,SELL_LIMIT,S,2,ENT,1.11980,0.00000
19,42,1791373486397,DEAL,REMOVE,9039,BUY_LIMIT,S,1,EXT,1.11820,0.00000
19,43,1791373485865,SYNC,REMOVE,9042,BUY_LIMIT,S,2,EXT,1.11883,0.00000
19,43,1791373486440,ENGINE,PLACE,9044,BUY_LIMIT,S,2,EXT,1.11883,0.00000
19,43,1791373556208,DEAL,FILL,9040,SELL_LIMIT,L,6,EXT,1.11987,0.00000
19,44,1791373556349,ENGINE,PLACE,9045,SELL_LIMIT,L,5,EXT,1.12047,0.00000
19,44,1791373556886,ENGINE,REMOVE,9041,BUY_LIMIT,L,7,ENT,1.11827,0.00000
19,46,1791373558965,ENGINE,PLACE,9046,BUY_LIMIT,L,6,ENT,1.11887,0.00000
19,46,1791376251074,DEAL,PLACE,9047,SELL_LIMIT,L,6,EXT,1.11987,0.00000
19,46,1791376251611,DEAL,PLACE,9048,BUY_LIMIT,L,7,ENT,1.11827,0.00000
19,46,1791376252148,DEAL,REMOVE,9045,SELL_LIMIT,L,5,EXT,1.12047,0.00000
19,46,1791376252191,DEAL,FILL,9046,BUY_LIMIT,L,6,ENT,1.11887,0.00000
19,47,1791376251195,SYNC,REMOVE,9047,SELL_LIMIT,L,6,EXT,1.11987,0.00000
19,47,1791376252191,ENGINE,PLACE,9049,SELL_LIMIT,L,6,EXT,1.11987,0.00000
19,47,1791376255492,DEAL,FILL,9044,BUY_LIMIT,S,2,EXT,1.11883,0.00000
19,48,1791376258045,ENGINE,PLACE,9050,BUY_LIMIT,S,1,EXT,1.11820,0.00000
19,48,1791376258582,ENGINE,REMOVE,9043,SELL_LIMIT,S,3,ENT,1.12043,0.00000
19,50,1791376258650,ENGINE,PLACE,9051,SELL_LIMIT,S,2,ENT,1.11980,0.00000
19,50,1791383307765,DEAL,PLACE,9052,SELL_LIMIT,L,7,EXT,1.11923,0.00000
19,50,1791383308302,DEAL,FILL,9048,BUY_LIMIT,L,7,ENT,1.11827,0.00000
19,50,1791383308302,DEAL,REMOVE,9049,SELL_LIMIT,L,6,EXT,1.11987,0.00000
19,51,1791383308109,SYNC,REMOVE,9052,SELL_LIMIT,L,7,EXT,1.11923,0.00000
19,51,1791383308345,ENGINE,PLACE,9053,SELL_LIMIT,L,7,EXT,1.11923,0.00000
19,51,1791383766760,DEAL,FILL,9050,BUY_LIMIT,S,1,EXT,1.11820,0.00000
19,52,1791383767500,ENGINE,REMOVE,9051,SELL_LIMIT,S,2,ENT,1.11980,0.00000
19,52,1791383767701,ENGINE,PLACE,9054,SELL_LIMIT,S,1,ENT,1.11918,0.00000
19,54,1791384259303,DEAL,FILL,9028,BUY_LIMIT,S,0,EXT,1.11758,0.00000
19,55,1791384260844,LATTICE,PLACE,9055,SELL_LIMIT,L,6,EXT,1.11863,0.00000
19,55,1791384261381,LATTICE,REMOVE,9053,SELL_LIMIT,L,7,EXT,1.11923,0.00000
19,55,1791384261424,ENGINE,PLACE,9056,SELL_LIMIT,S,0,ENT,1.11782,0.00000
19,55,1791384261961,ENGINE,REMOVE,9054,SELL_LIMIT,S,1,ENT,1.11918,0.00000
19,58,1791384311197,DEAL,PLACE,9057,BUY_LIMIT,S,0,EXT,1.11683,0.00000
19,58,1791384311734,DEAL,PLACE,9058,SELL_LIMIT,S,1,ENT,1.11843,0.00000
19,58,1791384312271,DEAL,FILL,9056,SELL_LIMIT,S,0,ENT,1.11782,0.00000
19,59,1791384311537,SYNC,REMOVE,9057,BUY_LIMIT,S,0,EXT,1.11683,0.00000
19,59,1791384312271,ENGINE,PLACE,9059,BUY_LIMIT,S,0,EXT,1.11683,0.00000
19,59,1791385212360,DEAL,PLACE,9060,BUY_LIMIT,S,1,EXT,1.11741,0.00000
19,59,1791385212897,DEAL,PLACE,9061,SELL_LIMIT,S,2,ENT,1.11901,0.00000
19,59,1791385213434,DEAL,FILL,9058,SELL_LIMIT,S,1,ENT,1.11843,0.00000
19,60,1791385213303,SYNC,REMOVE,9060,BUY_LIMIT,S,1,EXT,1.11741,0.00000
19,60,1791385213434,ENGINE,PLACE,9062,BUY_LIMIT,S,1,EXT,1.11741,0.00000
19,60,1791385227841,DEAL,FILL,9055,SELL_LIMIT,L,6,EXT,1.11863,0.00000
19,61,1791385227981,ENGINE,PLACE,9063,SELL_LIMIT,L,7,EXT,1.11923,0.00000
19,61,1791385228518,ENGINE,PLACE,9064,BUY_LIMIT,L,8,ENT,1.11763,0.00000
19,63,1791385825005,DEAL,PLACE,9065,SELL_LIMIT,L,8,EXT,1.11858,0.00000
19,63,1791385825542,DEAL,REMOVE,9063,SELL_LIMIT,L,7,EXT,1.11923,0.00000
19,63,1791385825585,DEAL,FILL,9064,BUY_LIMIT,L,8,ENT,1.11763,0.00000
19,64,1791385826347,SYNC,REMOVE,9065,SELL_LIMIT,L,8,EXT,1.11858,0.00000
19,64,1791385826347,ENGINE,PLACE,9066,SELL_LIMIT,L,8,EXT,1.11858,0.00000
19,64,1791385843708,DEAL,FILL,9062,BUY_LIMIT,S,1,EXT,1.11741,0.00000
19,65,1791385844458,ENGINE,REMOVE,9061,SELL_LIMIT,S,2,ENT,1.11901,0.00000
19,67,1791385845660,ENGINE,PLACE,9067,SELL_LIMIT,S,1,ENT,1.11843,0.00000
19,67,1791386596955,DEAL,FILL,9059,BUY_LIMIT,S,0,EXT,1.11683,0.00000
19,69,1791386597089,LATTICE,PLACE,9068,SELL_LIMIT,L,7,EXT,1.11798,0.00000
19,69,1791386597626,LATTICE,REMOVE,9066,SELL_LIMIT,L,8,EXT,1.11858,0.00000
19,69,1791386597669,ENGINE,PLACE,9069,SELL_LIMIT,S,0,ENT,1.11702,0.00000
19,69,1791386598206,ENGINE,REMOVE,9067,SELL_LIMIT,S,1,ENT,1.11843,0.00000
19,71,1791386686130,ENGINE,MODIFY,9069,SELL_LIMIT,S,0,ENT,1.11679,1.11702
19,71,1791386711708,DEAL,PLACE,9070,BUY_LIMIT,S,0,EXT,1.11581,0.00000
19,71,1791386712245,DEAL,PLACE,9071,SELL_LIMIT,S,1,ENT,1.11741,0.00000
19,71,1791386712782,DEAL,FILL,9069,SELL_LIMIT,S,0,ENT,1.11679,0.00000
19,72,1791386712042,SYNC,REMOVE,9070,BUY_LIMIT,S,0,EXT,1.11581,0.00000
19,72,1791386712782,ENGINE,PLACE,9072,BUY_LIMIT,S,0,EXT,1.11581,0.00000
19,72,1791387315728,DEAL,PLACE,9073,BUY_LIMIT,S,1,EXT,1.11643,0.00000
19,72,1791387316265,DEAL,PLACE,9074,SELL_LIMIT,S,2,ENT,1.11803,0.00000
19,72,1791387316802,DEAL,FILL,9071,SELL_LIMIT,S,1,ENT,1.11741,0.00000
19,73,1791387315869,SYNC,REMOVE,9073,BUY_LIMIT,S,1,EXT,1.11643,0.00000
19,73,1791387316802,ENGINE,PLACE,9075,BUY_LIMIT,S,1,EXT,1.11643,0.00000
19,73,1791388904001,DEAL,FILL,9068,SELL_LIMIT,L,7,EXT,1.11798,0.00000
19,74,1791388904957,ENGINE,PLACE,9076,SELL_LIMIT,L,8,EXT,1.11858,0.00000
19,74,1791388905494,ENGINE,PLACE,9077,BUY_LIMIT,L,9,ENT,1.11698,0.00000
19,76,1791389197874,DEAL,PLACE,9078,BUY_LIMIT,S,2,EXT,1.11703,0.00000
19,76,1791389198411,DEAL,PLACE,9079,SELL_LIMIT,S,3,ENT,1.11863,0.00000
19,76,1791389198948,DEAL,FILL,9074,SELL_LIMIT,S,2,ENT,1.11803,0.00000
19,76,1791389198948,DEAL,REMOVE,9075,BUY_LIMIT,S,1,EXT,1.11643,0.00000
19,77,1791389198016,SYNC,REMOVE,9078,BUY_LIMIT,S,2,EXT,1.11703,0.00000
19,77,1791389198991,ENGINE,PLACE,9080,BUY_LIMIT,S,2,EXT,1.11703,0.00000
19,77,1791392025242,DEAL,FILL,9076,SELL_LIMIT,L,8,EXT,1.11858,0.00000
19,78,1791392025377,ENGINE,PLACE,9081,SELL_LIMIT,L,5,EXT,1.12047,0.00000
19,78,1791392025914,ENGINE,REMOVE,9077,BUY_LIMIT,L,9,ENT,1.11698,0.00000
19,80,1791392025984,ENGINE,PLACE,9082,BUY_LIMIT,L,6,ENT,1.11855,0.00000
19,80,1791392027644,DEAL,PLACE,9083,SELL_LIMIT,L,6,EXT,1.11955,0.00000
19,80,1791392028181,DEAL,PLACE,9084,BUY_LIMIT,L,7,ENT,1.11795,0.00000
19,80,1791392028718,DEAL,REMOVE,9081,SELL_LIMIT,L,5,EXT,1.12047,0.00000
19,80,1791392028761,DEAL,FILL,9082,BUY_LIMIT,L,6,ENT,1.11855,0.00000
19,81,1791392028194,SYNC,REMOVE,9083,SELL_LIMIT,L,6,EXT,1.11955,0.00000
19,81,1791392028761,ENGINE,PLACE,9085,SELL_LIMIT,L,6,EXT,1.11955,0.00000
19,81,1791392064786,DEAL,PLACE,9086,BUY_LIMIT,S,3,EXT,1.11761,0.00000
19,81,1791392065323,DEAL,PLACE,9087,SELL_LIMIT,S,4,ENT,1.11921,0.00000
19,81,1791392065860,DEAL,FILL,9079,SELL_LIMIT,S,3,ENT,1.11863,0.00000
19,81,1791392065860,DEAL,REMOVE,9080,BUY_LIMIT,S,2,EXT,1.11703,0.00000
19,82,1791392064927,SYNC,REMOVE,9086,BUY_LIMIT,S,3,EXT,1.11761,0.00000
19,82,1791392065903,ENGINE,PLACE,9088,BUY_LIMIT,S,3,EXT,1.11761,0.00000
19,82,1791392779414,DEAL,PLACE,9089,SELL_LIMIT,L,7,EXT,1.11889,0.00000
19,82,1791392779951,DEAL,FILL,9084,BUY_LIMIT,L,7,ENT,1.11795,0.00000
19,82,1791392779951,DEAL,REMOVE,9085,SELL_LIMIT,L,6,EXT,1.11955,0.00000
19,83,1791392779757,SYNC,REMOVE,9089,SELL_LIMIT,L,7,EXT,1.11889,0.00000
19,83,1791392779994,ENGINE,PLACE,9090,SELL_LIMIT,L,7,EXT,1.11889,0.00000
19,83,1791394771627,DEAL,FILL,9090,SELL_LIMIT,L,7,EXT,1.11889,0.00000
19,84,1791394772383,ENGINE,PLACE,9091,SELL_LIMIT,L,6,EXT,1.11955,0.00000
19,84,1791394772920,ENGINE,PLACE,9092,BUY_LIMIT,L,7,ENT,1.11795,0.00000
19,86,1791395432771,DEAL,PLACE,9093,BUY_LIMIT,S,4,EXT,1.11827,0.00000
19,86,1791395433308,DEAL,PLACE,9094,SELL_LIMIT,S,5,ENT,1.11987,0.00000
19,86,1791395433845,DEAL,FILL,9087,SELL_LIMIT,S,4,ENT,1.11921,0.00000
19,86,1791395433845,DEAL,REMOVE,9088,BUY_LIMIT,S,3,EXT,1.11761,0.00000
19,87,1791395432908,SYNC,REMOVE,9093,BUY_LIMIT,S,4,EXT,1.11827,0.00000
19,87,1791395433888,ENGINE,PLACE,9095,BUY_LIMIT,S,4,EXT,1.11827,0.00000
19,87,1791396101733,DEAL,FILL,9091,SELL_LIMIT,L,6,EXT,1.11955,0.00000
19,88,1791396101872,ENGINE,PLACE,9096,SELL_LIMIT,L,5,EXT,1.12047,0.00000
19,88,1791396102409,ENGINE,REMOVE,9092,BUY_LIMIT,L,7,ENT,1.11795,0.00000
19,90,1791396103279,ENGINE,PLACE,9097,BUY_LIMIT,L,6,ENT,1.11887,0.00000
19,90,1791396798781,DEAL,PLACE,9098,BUY_LIMIT,S,5,EXT,1.11895,0.00000
19,90,1791396799318,DEAL,PLACE,9099,SELL_LIMIT,S,6,ENT,1.12055,0.00000
19,90,1791396799855,DEAL,FILL,9094,SELL_LIMIT,S,5,ENT,1.11987,0.00000
19,90,1791396799855,DEAL,REMOVE,9095,BUY_LIMIT,S,4,EXT,1.11827,0.00000
19,91,1791396798919,SYNC,REMOVE,9098,BUY_LIMIT,S,5,EXT,1.11895,0.00000
19,91,1791396799898,ENGINE,PLACE,9100,BUY_LIMIT,S,5,EXT,1.11895,0.00000
19,91,1791397082133,DEAL,FILL,9100,BUY_LIMIT,S,5,EXT,1.11895,0.00000
19,92,1791397082266,ENGINE,PLACE,9101,BUY_LIMIT,S,4,EXT,1.11827,0.00000
19,92,1791397082803,ENGINE,REMOVE,9099,SELL_LIMIT,S,6,ENT,1.12055,0.00000
19,94,1791397083467,ENGINE,PLACE,9102,SELL_LIMIT,S,5,ENT,1.11987,0.00000
19,94,1791397231590,DEAL,PLACE,9103,SELL_LIMIT,L,6,EXT,1.11987,0.00000
19,94,1791397232127,DEAL,PLACE,9104,BUY_LIMIT,L,7,ENT,1.11827,0.00000
19,94,1791397232664,DEAL,REMOVE,9096,SELL_LIMIT,L,5,EXT,1.12047,0.00000
19,94,1791397232707,DEAL,FILL,9097,BUY_LIMIT,L,6,ENT,1.11887,0.00000
19,95,1791397231724,SYNC,REMOVE,9103,SELL_LIMIT,L,6,EXT,1.11987,0.00000
19,95,1791397232707,ENGINE,PLACE,9105,SELL_LIMIT,L,6,EXT,1.11987,0.00000
19,95,1791399186781,DEAL,FILL,9101,BUY_LIMIT,S,4,EXT,1.11827,0.00000
19,95,1791399186781,DEAL,PLACE,9106,SELL_LIMIT,L,7,EXT,1.11927,0.00000
19,95,1791399187318,DEAL,FILL,9104,BUY_LIMIT,L,7,ENT,1.11827,0.00000
19,95,1791399187318,DEAL,REMOVE,9105,SELL_LIMIT,L,6,EXT,1.11987,0.00000
19,97,1791399187734,SYNC,REMOVE,9106,SELL_LIMIT,L,7,EXT,1.11927,0.00000
19,97,1791399187734,ENGINE,PLACE,9107,SELL_LIMIT,L,7,EXT,1.11927,0.00000
19,97,1791399188271,ENGINE,PLACE,9108,BUY_LIMIT,S,3,EXT,1.11761,0.00000
19,97,1791399188808,ENGINE,REMOVE,9102,SELL_LIMIT,S,5,ENT,1.11987,0.00000
19,99,1791399191345,ENGINE,PLACE,9109,SELL_LIMIT,S,4,ENT,1.11921,0.00000
19,99,1791400033874,DEAL,PLACE,9110,BUY_LIMIT,S,4,EXT,1.11823,0.00000
19,99,1791400034411,DEAL,PLACE,9111,SELL_LIMIT,S,5,ENT,1.11983,0.00000
19,99,1791400034948,DEAL,REMOVE,9108,BUY_LIMIT,S,3,EXT,1.11761,0.00000
19,99,1791400034991,DEAL,FILL,9109,SELL_LIMIT,S,4,ENT,1.11921,0.00000
19,100,1791400034012,SYNC,REMOVE,9110,BUY_LIMIT,S,4,EXT,1.11823,0.00000
19,100,1791400034991,ENGINE,PLACE,9112,BUY_LIMIT,S,4,EXT,1.11823,0.00000
19,100,1791400048143,DEAL,FILL,9107,SELL_LIMIT,L,7,EXT,1.11927,0.00000
19,101,1791400048483,ENGINE,PLACE,9113,SELL_LIMIT,L,6,EXT,1.11987,0.00000
19,101,1791400049020,ENGINE,PLACE,9114,BUY_LIMIT,L,7,ENT,1.11827,0.00000
19,103,1791403831610,DEAL,PLACE,9115,BUY_LIMIT,S,5,EXT,1.11883,0.00000
19,103,1791403832147,DEAL,PLACE,9116,SELL_LIMIT,S,6,ENT,1.12043,0.00000
19,103,1791403832684,DEAL,FILL,9111,SELL_LIMIT,S,5,ENT,1.11983,0.00000
19,103,1791403832684,DEAL,REMOVE,9112,BUY_LIMIT,S,4,EXT,1.11823,0.00000
19,104,1791403832755,SYNC,REMOVE,9115,BUY_LIMIT,S,5,EXT,1.11883,0.00000
19,104,1791403832755,ENGINE,PLACE,9117,BUY_LIMIT,S,5,EXT,1.11883,0.00000
19,104,1791403833292,DEAL,FILL,9113,SELL_LIMIT,L,6,EXT,1.11987,0.00000
19,105,1791403835770,ENGINE,PLACE,9118,SELL_LIMIT,L,5,EXT,1.12047,0.00000
19,105,1791403836307,ENGINE,REMOVE,9114,BUY_LIMIT,L,7,ENT,1.11827,0.00000
19,107,1791403836574,ENGINE,PLACE,9119,BUY_LIMIT,L,6,ENT,1.11887,0.00000
19,107,1791417036002,TIMER,MODIFY,9024,SELL_LIMIT,L,0,EXT,1.12363,1.12371
19,107,1791417156002,TIMER,MODIFY,9118,SELL_LIMIT,L,5,EXT,1.12055,1.12047
19,107,1791417216002,TIMER,MODIFY,9072,BUY_LIMIT,S,0,EXT,1.11582,1.11581
19,107,1791417336002,TIMER,MODIFY,9117,BUY_LIMIT,S,5,EXT,1.11884,1.11883
19,107,1791434490105,DEAL,PLACE,9120,BUY_LIMIT,S,6,EXT,1.11943,0.00000
19,107,1791434490642,DEAL,PLACE,9121,SELL_LIMIT,S,7,ENT,1.12103,0.00000
19,107,1791434491179,DEAL,FILL,9116,SELL_LIMIT,S,6,ENT,1.12043,0.00000
19,107,1791434491179,DEAL,REMOVE,9117,BUY_LIMIT,S,5,EXT,1.11884,0.00000
19,108,1791434490245,SYNC,REMOVE,9120,BUY_LIMIT,S,6,EXT,1.11943,0.00000
19,108,1791434491222,ENGINE,PLACE,9122,BUY_LIMIT,S,6,EXT,1.11943,0.00000
19,108,1791434902648,DEAL,FILL,9118,SELL_LIMIT,L,5,EXT,1.12055,0.00000
19,109,1791434902984,ENGINE,PLACE,9123,SELL_LIMIT,L,4,EXT,1.12115,0.00000
19,109,1791434903521,ENGINE,REMOVE,9119,BUY_LIMIT,L,6,ENT,1.11887,0.00000
19,111,1791434904005,ENGINE,PLACE,9124,BUY_LIMIT,L,5,ENT,1.11947,0.00000
19,111,1791436484669,DEAL,PLACE,9125,BUY_LIMIT,S,7,EXT,1.12004,0.00000
19,111,1791436485206,DEAL,FILL,9121,SELL_LIMIT,S,7,ENT,1.12103,0.00000
19,111,1791436485206,DEAL,REMOVE,9122,BUY_LIMIT,S,6,EXT,1.11943,0.00000
19,112,1791436484798,SYNC,REMOVE,9125,BUY_LIMIT,S,7,EXT,1.12004,0.00000
19,112,1791436485249,ENGINE,PLACE,9126,BUY_LIMIT,S,7,EXT,1.12004,0.00000
19,112,1791436502951,DEAL,FILL,9123,SELL_LIMIT,L,4,EXT,1.12115,0.00000
19,113,1791436514352,ENGINE,PLACE,9127,SELL_LIMIT,L,3,EXT,1.12175,0.00000
19,113,1791436514889,ENGINE,REMOVE,9124,BUY_LIMIT,L,5,ENT,1.11947,0.00000
19,115,1791436523786,ENGINE,PLACE,9128,BUY_LIMIT,L,4,ENT,1.12007,0.00000
19,115,1791439307349,DEAL,FILL,9126,BUY_LIMIT,S,7,EXT,1.12004,0.00000
19,115,1791439307349,DEAL,PLACE,9129,SELL_LIMIT,L,4,EXT,1.12102,0.00000
19,115,1791439307886,DEAL,PLACE,9130,BUY_LIMIT,L,5,ENT,1.11942,0.00000
19,115,1791439308423,DEAL,REMOVE,9127,SELL_LIMIT,L,3,EXT,1.12175,0.00000
19,115,1791439308466,DEAL,FILL,9128,BUY_LIMIT,L,4,ENT,1.12007,0.00000
19,117,1791439308091,SYNC,REMOVE,9129,SELL_LIMIT,L,4,EXT,1.12102,0.00000
19,117,1791439308466,ENGINE,PLACE,9131,SELL_LIMIT,L,4,EXT,1.12102,0.00000
19,117,1791439309003,ENGINE,PLACE,9132,BUY_LIMIT,S,6,EXT,1.11943,0.00000
19,117,1791439309540,ENGINE,PLACE,9133,SELL_LIMIT,S,7,ENT,1.12103,0.00000
19,119,1791449618033,DEAL,FILL,9132,BUY_LIMIT,S,6,EXT,1.11943,0.00000
19,120,1791449618161,ENGINE,MODIFY,9130,BUY_LIMIT,L,5,ENT,1.11940,1.11942
19,120,1791449618699,ENGINE,PLACE,9134,BUY_LIMIT,S,5,EXT,1.11884,0.00000
19,120,1791449619236,ENGINE,REMOVE,9133,SELL_LIMIT,S,7,ENT,1.12103,0.00000
19,120,1791449619279,DEAL,PLACE,9135,SELL_LIMIT,L,5,EXT,1.12042,0.00000
19,120,1791449619816,DEAL,PLACE,9136,BUY_LIMIT,L,6,ENT,1.11882,0.00000
19,120,1791449620353,DEAL,FILL,9130,BUY_LIMIT,L,5,ENT,1.11942,0.00000
19,120,1791449620353,DEAL,REMOVE,9131,SELL_LIMIT,L,4,EXT,1.12102,0.00000
19,123,1791449618762,SYNC,REMOVE,9135,SELL_LIMIT,L,5,EXT,1.12042,0.00000
19,123,1791449620396,ENGINE,PLACE,9137,SELL_LIMIT,L,5,EXT,1.12042,0.00000
19,123,1791449620933,ENGINE,PLACE,9138,SELL_LIMIT,S,6,ENT,1.12043,0.00000
19,123,1791453626478,DEAL,FILL,9134,BUY_LIMIT,S,5,EXT,1.11884,0.00000
19,124,1791453626616,ENGINE,MODIFY,9136,BUY_LIMIT,L,6,ENT,1.11881,1.11882
19,124,1791453627154,ENGINE,PLACE,9139,BUY_LIMIT,S,4,EXT,1.11824,0.00000
19,124,1791453627691,ENGINE,REMOVE,9138,SELL_LIMIT,S,6,ENT,1.12043,0.00000
19,126,1791453629446,ENGINE,MODIFY,9136,BUY_LIMIT,L,6,ENT,1.11882,1.11881
19,126,1791453629984,ENGINE,PLACE,9140,SELL_LIMIT,S,5,ENT,1.11983,0.00000
19,126,1791453630521,DEAL,PLACE,9141,SELL_LIMIT,L,6,EXT,1.11980,0.00000
19,126,1791453631058,DEAL,FILL,9136,BUY_LIMIT,L,6,ENT,1.11882,0.00000
19,126,1791453631058,DEAL,REMOVE,9137,SELL_LIMIT,L,5,EXT,1.12042,0.00000
19,127,1791453630847,SYNC,REMOVE,9141,SELL_LIMIT,L,6,EXT,1.11980,0.00000
19,127,1791453631101,ENGINE,PLACE,9142,SELL_LIMIT,L,6,EXT,1.11980,0.00000
19,127,1791453631638,ENGINE,PLACE,9143,BUY_LIMIT,L,7,ENT,1.11820,0.00000
19,127,1791453998971,DEAL,FILL,9139,BUY_LIMIT,S,4,EXT,1.11824,0.00000
19,128,1791454000311,ENGINE,PLACE,9144,BUY_LIMIT,S,3,EXT,1.11762,0.00000
19,128,1791454000848,ENGINE,REMOVE,9140,SELL_LIMIT,S,5,ENT,1.11983,0.00000
19,130,1791454001920,ENGINE,PLACE,9145,SELL_LIMIT,S,4,ENT,1.11921,0.00000
19,130,1791454427820,DEAL,PLACE,9146,BUY_LIMIT,S,4,EXT,1.11825,0.00000
19,130,1791454428357,DEAL,PLACE,9147,SELL_LIMIT,S,5,ENT,1.11985,0.00000
19,130,1791454428894,DEAL,REMOVE,9144,BUY_LIMIT,S,3,EXT,1.11762,0.00000
19,130,1791454428937,DEAL,FILL,9145,SELL_LIMIT,S,4,ENT,1.11921,0.00000
19,131,1791454428172,SYNC,REMOVE,9146,BUY_LIMIT,S,4,EXT,1.11825,0.00000
19,131,1791454428937,ENGINE,PLACE,9148,BUY_LIMIT,S,4,EXT,1.11825,0.00000
19,131,1791457569291,DEAL,FILL,9142,SELL_LIMIT,L,6,EXT,1.11980,0.00000
19,132,1791457569431,ENGINE,MODIFY,9147,SELL_LIMIT,S,5,ENT,1.11986,1.11985
19,132,1791457569969,ENGINE,PLACE,9149,SELL_LIMIT,L,5,EXT,1.12042,0.00000
19,132,1791457570506,ENGINE,REMOVE,9143,BUY_LIMIT,L,7,ENT,1.11820,0.00000
19,134,1791457571241,ENGINE,MODIFY,9147,SELL_LIMIT,S,5,ENT,1.11985,1.11986
19,134,1791457571779,ENGINE,PLACE,9150,BUY_LIMIT,L,6,ENT,1.11882,0.00000
19,134,1791458022112,DEAL,PLACE,9151,BUY_LIMIT,S,5,EXT,1.11886,0.00000
19,134,1791458022649,DEAL,PLACE,9152,SELL_LIMIT,S,6,ENT,1.12046,0.00000
19,134,1791458023186,DEAL,FILL,9147,SELL_LIMIT,S,5,ENT,1.11985,0.00000
19,134,1791458023186,DEAL,REMOVE,9148,BUY_LIMIT,S,4,EXT,1.11825,0.00000
19,135,1791458025054,SYNC,REMOVE,9151,BUY_LIMIT,S,5,EXT,1.11886,0.00000
19,135,1791458025054,ENGINE,PLACE,9153,BUY_LIMIT,S,5,EXT,1.11886,0.00000
19,135,1791459271909,DEAL,FILL,9153,BUY_LIMIT,S,5,EXT,1.11886,0.00000
19,136,1791459273059,ENGINE,PLACE,9154,BUY_LIMIT,S,4,EXT,1.11825,0.00000
19,136,1791459273596,ENGINE,REMOVE,9152,SELL_LIMIT,S,6,ENT,1.12046,0.00000
19,138,1791459273665,ENGINE,PLACE,9155,SELL_LIMIT,S,5,ENT,1.11985,0.00000
19,138,1791459286991,DEAL,PLACE,9156,SELL_LIMIT,L,6,EXT,1.11980,0.00000
19,138,1791459287528,DEAL,PLACE,9157,BUY_LIMIT,L,7,ENT,1.11820,0.00000
19,138,1791459288065,DEAL,REMOVE,9149,SELL_LIMIT,L,5,EXT,1.12042,0.00000
19,138,1791459288108,DEAL,FILL,9150,BUY_LIMIT,L,6,ENT,1.11882,0.00000
19,139,1791459287133,SYNC,REMOVE,9156,SELL_LIMIT,L,6,EXT,1.11980,0.00000
19,139,1791459288108,ENGINE,PLACE,9158,SELL_LIMIT,L,6,EXT,1.11980,0.00000
19,139,1791461578850,DEAL,FILL,9154,BUY_LIMIT,S,4,EXT,1.11825,0.00000
19,140,1791461578987,ENGINE,PLACE,9159,BUY_LIMIT,S,3,EXT,1.11762,0.00000
19,140,1791461579524,ENGINE,REMOVE,9155,SELL_LIMIT,S,5,ENT,1.11985,0.00000
19,142,1791461580196,ENGINE,PLACE,9160,SELL_LIMIT,S,4,ENT,1.11921,0.00000
19,142,1791461590704,DEAL,PLACE,9161,SELL_LIMIT,L,7,EXT,1.11920,0.00000
19,142,1791461591241,DEAL,FILL,9157,BUY_LIMIT,L,7,ENT,1.11820,0.00000
19,142,1791461591241,DEAL,REMOVE,9158,SELL_LIMIT,L,6,EXT,1.11980,0.00000
19,143,1791461590854,SYNC,REMOVE,9161,SELL_LIMIT,L,7,EXT,1.11920,0.00000
19,143,1791461591284,ENGINE,PLACE,9162,SELL_LIMIT,L,7,EXT,1.11920,0.00000
19,143,1791462936236,DEAL,FILL,9162,SELL_LIMIT,L,7,EXT,1.11920,0.00000
19,144,1791462936388,ENGINE,MODIFY,9160,SELL_LIMIT,S,4,ENT,1.11923,1.11921
19,144,1791462936926,ENGINE,PLACE,9163,SELL_LIMIT,L,6,EXT,1.11980,0.00000
19,144,1791462937463,ENGINE,PLACE,9164,BUY_LIMIT,L,7,ENT,1.11820,0.00000
19,144,1791462938000,DEAL,PLACE,9165,BUY_LIMIT,S,4,EXT,1.11821,0.00000
19,144,1791462938537,DEAL,REMOVE,9159,BUY_LIMIT,S,3,EXT,1.11762,0.00000
19,144,1791462938580,DEAL,FILL,9160,SELL_LIMIT,S,4,ENT,1.11921,0.00000
19,147,1791462937590,SYNC,REMOVE,9165,BUY_LIMIT,S,4,EXT,1.11821,0.00000
19,147,1791462938580,ENGINE,PLACE,9166,BUY_LIMIT,S,4,EXT,1.11821,0.00000
19,147,1791462939117,ENGINE,PLACE,9167,SELL_LIMIT,S,5,ENT,1.11981,0.00000
19,147,1791464115530,DEAL,FILL,9166,BUY_LIMIT,S,4,EXT,1.11821,0.00000
19,148,1791464115867,ENGINE,PLACE,9168,BUY_LIMIT,S,3,EXT,1.11762,0.00000
19,148,1791464116404,ENGINE,REMOVE,9167,SELL_LIMIT,S,5,ENT,1.11981,0.00000
19,150,1791464118086,ENGINE,MODIFY,9164,BUY_LIMIT,L,7,ENT,1.11819,1.11820
19,150,1791464118624,ENGINE,PLACE,9169,SELL_LIMIT,S,4,ENT,1.11921,0.00000
19,150,1791464233205,DEAL,PLACE,9170,SELL_LIMIT,L,7,EXT,1.11920,0.00000
19,150,1791464233742,DEAL,REMOVE,9163,SELL_LIMIT,L,6,EXT,1.11980,0.00000
19,150,1791464233785,DEAL,FILL,9164,BUY_LIMIT,L,7,ENT,1.11819,0.00000
19,151,1791464233960,SYNC,REMOVE,9170,SELL_LIMIT,L,7,EXT,1.11920,0.00000
19,151,1791464233960,ENGINE,PLACE,9171,SELL_LIMIT,L,7,EXT,1.11920,0.00000
19,151,1791466467000,DEAL,FILL,9168,BUY_LIMIT,S,3,EXT,1.11762,0.00000
19,152,1791466467141,ENGINE,PLACE,9172,BUY_LIMIT,S,2,EXT,1.11704,0.00000
19,152,1791466467678,ENGINE,REMOVE,9169,SELL_LIMIT,S,4,ENT,1.11921,0.00000
19,154,1791466469346,ENGINE,PLACE,9173,SELL_LIMIT,S,3,ENT,1.11863,0.00000
19,154,1791467575152,DEAL,PLACE,9174,BUY_LIMIT,S,3,EXT,1.11762,0.00000
19,154,1791467575689,DEAL,PLACE,9175,SELL_LIMIT,S,4,ENT,1.11922,0.00000
19,154,1791467576226,DEAL,REMOVE,9172,BUY_LIMIT,S,2,EXT,1.11704,0.00000
19,154,1791467576269,DEAL,FILL,9173,SELL_LIMIT,S,3,ENT,1.11863,0.00000
19,155,1791467575699,SYNC,REMOVE,9174,BUY_LIMIT,S,3,EXT,1.11762,0.00000
19,155,1791467576269,ENGINE,PLACE,9176,BUY_LIMIT,S,3,EXT,1.11762,0.00000
19,155,1791468392799,DEAL,FILL,9176,BUY_LIMIT,S,3,EXT,1.11762,0.00000
19,156,1791468394141,ENGINE,PLACE,9177,BUY_LIMIT,S,2,EXT,1.11704,0.00000
19,156,1791468394678,ENGINE,REMOVE,9175,SELL_LIMIT,S,4,ENT,1.11922,0.00000
19,158,1791468394743,ENGINE,PLACE,9178,SELL_LIMIT,S,3,ENT,1.11863,0.00000
19,158,1791472001778,DEAL,PLACE,9179,BUY_LIMIT,S,3,EXT,1.11763,0.00000
19,158,1791472002315,DEAL,PLACE,9180,SELL_LIMIT,S,4,ENT,1.11923,0.00000
19,158,1791472002852,DEAL,REMOVE,9177,BUY_LIMIT,S,2,EXT,1.11704,0.00000
19,158,1791472002895,DEAL,FILL,9178,SELL_LIMIT,S,3,ENT,1.11863,0.00000
19,159,1791472001919,SYNC,REMOVE,9179,BUY_LIMIT,S,3,EXT,1.11763,0.00000
19,159,1791472002895,ENGINE,PLACE,9181,BUY_LIMIT,S,3,EXT,1.11763,0.00000
19,159,1791472779670,DEAL,FILL,9171,SELL_LIMIT,L,7,EXT,1.11920,0.00000
19,160,1791472779996,ENGINE,PLACE,9182,SELL_LIMIT,L,6,EXT,1.11980,0.00000
19,160,1791472780533,ENGINE,PLACE,9183,BUY_LIMIT,L,7,ENT,1.11820,0.00000
19,162,1791472782211,ENGINE,MODIFY,9180,SELL_LIMIT,S,4,ENT,1.11924,1.11923
19,163,1791473090097,ENGINE,PLACE,9184,BUY_LIMIT,S,4,EXT,1.11823,0.00000
19,163,1791473090634,ENGINE,REMOVE,9180,SELL_LIMIT,S,4,ENT,1.11924,0.00000
19,163,1791473090677,ENGINE,REMOVE,9181,BUY_LIMIT,S,3,EXT,1.11763,0.00000
19,163,1791473091108,ENGINE,PLACE,9185,SELL_LIMIT,S,5,ENT,1.11983,0.00000
19,163,1791473346871,DEAL,FILL,9182,SELL_LIMIT,L,6,EXT,1.11980,0.00000
19,164,1791473347018,ENGINE,MODIFY,9185,SELL_LIMIT,S,5,ENT,1.11984,1.11983
19,164,1791473347556,ENGINE,PLACE,9186,SELL_LIMIT,L,5,EXT,1.12042,0.00000
19,164,1791473348093,ENGINE,REMOVE,9183,BUY_LIMIT,L,7,ENT,1.11820,0.00000
19,166,1791473350632,ENGINE,MODIFY,9185,SELL_LIMIT,S,5,ENT,1.11985,1.11984
19,166,1791473351170,ENGINE,PLACE,9187,BUY_LIMIT,L,6,ENT,1.11882,0.00000
19,167,1791473352656,ENGINE,PLACE,9188,BUY_LIMIT,S,5,EXT,1.11883,0.00000
19,167,1791473353193,ENGINE,REMOVE,9184,BUY_LIMIT,S,4,EXT,1.11823,0.00000
19,167,1791473353236,ENGINE,REMOVE,9185,SELL_LIMIT,S,5,ENT,1.11985,0.00000
19,167,1791473353447,ENGINE,PLACE,9189,SELL_LIMIT,S,6,ENT,1.12043,0.00000
19,167,1791474070880,DEAL,PLACE,9190,SELL_LIMIT,L,6,EXT,1.11980,0.00000
19,167,1791474071417,DEAL,PLACE,9191,BUY_LIMIT,L,7,ENT,1.11820,0.00000
19,167,1791474071954,DEAL,REMOVE,9186,SELL_LIMIT,L,5,EXT,1.12042,0.00000
19,167,1791474071997,DEAL,FILL,9187,BUY_LIMIT,L,6,ENT,1.11882,0.00000
19,167,1791474071997,DEAL,FILL,9188,BUY_LIMIT,S,5,EXT,1.11883,0.00000
19,169,1791474071031,SYNC,REMOVE,9190,SELL_LIMIT,L,6,EXT,1.11980,0.00000
19,169,1791474071997,ENGINE,PLACE,9192,SELL_LIMIT,L,6,EXT,1.11980,0.00000
19,169,1791474072534,ENGINE,PLACE,9193,BUY_LIMIT,S,4,EXT,1.11823,0.00000
19,169,1791474073071,ENGINE,REMOVE,9189,SELL_LIMIT,S,6,ENT,1.12043,0.00000
19,171,1791474074243,ENGINE,PLACE,9194,SELL_LIMIT,S,5,ENT,1.11983,0.00000
19,171,1791474977125,DEAL,FILL,9193,BUY_LIMIT,S,4,EXT,1.11823,0.00000
19,172,1791474977669,ENGINE,PLACE,9195,BUY_LIMIT,S,3,EXT,1.11763,0.00000
19,172,1791474978206,ENGINE,REMOVE,9194,SELL_LIMIT,S,5,ENT,1.11983,0.00000
19,174,1791474978680,ENGINE,PLACE,9196,SELL_LIMIT,S,4,ENT,1.11923,0.00000
19,174,1791475014916,DEAL,PLACE,9197,SELL_LIMIT,L,7,EXT,1.11919,0.00000
19,174,1791475015453,DEAL,FILL,9191,BUY_LIMIT,L,7,ENT,1.11820,0.00000
19,174,1791475015453,DEAL,REMOVE,9192,SELL_LIMIT,L,6,EXT,1.11980,0.00000
19,175,1791475016263,SYNC,REMOVE,9197,SELL_LIMIT,L,7,EXT,1.11919,0.00000
19,175,1791475016263,ENGINE,PLACE,9198,SELL_LIMIT,L,7,EXT,1.11919,0.00000
19,175,1791475675875,DEAL,FILL,9198,SELL_LIMIT,L,7,EXT,1.11919,0.00000
19,176,1791475677026,ENGINE,PLACE,9199,SELL_LIMIT,L,6,EXT,1.11980,0.00000
19,176,1791475677563,ENGINE,PLACE,9200,BUY_LIMIT,L,7,ENT,1.11820,0.00000
19,178,1791475684704,DEAL,PLACE,9201,BUY_LIMIT,S,4,EXT,1.11823,0.00000
19,178,1791475685241,DEAL,PLACE,9202,SELL_LIMIT,S,5,ENT,1.11983,0.00000
19,178,1791475685778,DEAL,REMOVE,9195,BUY_LIMIT,S,3,EXT,1.11763,0.00000
19,178,1791475685821,DEAL,FILL,9196,SELL_LIMIT,S,4,ENT,1.11923,0.00000
19,179,1791475684843,SYNC,REMOVE,9201,BUY_LIMIT,S,4,EXT,1.11823,0.00000
19,179,1791475685821,ENGINE,PLACE,9203,BUY_LIMIT,S,4,EXT,1.11823,0.00000
19,179,1791478103420,DEAL,FILL,9199,SELL_LIMIT,L,6,EXT,1.11980,0.00000
19,180,1791478105164,ENGINE,PLACE,9204,SELL_LIMIT,L,5,EXT,1.12042,0.00000
19,180,1791478105701,ENGINE,REMOVE,9200,BUY_LIMIT,L,7,ENT,1.11820,0.00000
19,182,1791478106379,ENGINE,MODIFY,9202,SELL_LIMIT,S,5,ENT,1.11992,1.11983
19,182,1791478106917,ENGINE,PLACE,9205,BUY_LIMIT,L,6,ENT,1.11882,0.00000
19,182,1791478107454,DEAL,PLACE,9206,BUY_LIMIT,S,5,EXT,1.11890,0.00000
19,182,1791478107991,DEAL,FILL,9202,SELL_LIMIT,S,5,ENT,1.11983,0.00000
19,182,1791478107991,DEAL,REMOVE,9203,BUY_LIMIT,S,4,EXT,1.11823,0.00000
19,183,1791478106777,SYNC,REMOVE,9206,BUY_LIMIT,S,5,EXT,1.11890,0.00000
19,183,1791478108034,ENGINE,PLACE,9207,BUY_LIMIT,S,5,EXT,1.11890,0.00000
19,183,1791478108571,ENGINE,PLACE,9208,SELL_LIMIT,S,6,ENT,1.12050,0.00000
19,183,1791479949103,DEAL,FILL,9204,SELL_LIMIT,L,5,EXT,1.12042,0.00000
19,184,1791479950249,ENGINE,PLACE,9209,SELL_LIMIT,L,4,EXT,1.12102,0.00000
19,184,1791479950786,ENGINE,REMOVE,9205,BUY_LIMIT,L,6,ENT,1.11882,0.00000
19,186,1791479950853,ENGINE,PLACE,9210,BUY_LIMIT,L,5,ENT,1.11942,0.00000
19,186,1791480082459,DEAL,PLACE,9211,BUY_LIMIT,S,6,EXT,1.11951,0.00000
19,186,1791480082996,DEAL,PLACE,9212,SELL_LIMIT,S,7,ENT,1.12111,0.00000
19,186,1791480083533,DEAL,REMOVE,9207,BUY_LIMIT,S,5,EXT,1.11890,0.00000
19,186,1791480083576,DEAL,FILL,9208,SELL_LIMIT,S,6,ENT,1.12050,0.00000
19,187,1791480084005,SYNC,REMOVE,9211,BUY_LIMIT,S,6,EXT,1.11951,0.00000
19,187,1791480084005,ENGINE,PLACE,9213,BUY_LIMIT,S,6,EXT,1.11951,0.00000
19,187,1791480318655,DEAL,FILL,9209,SELL_LIMIT,L,4,EXT,1.12102,0.00000
19,188,1791480318794,ENGINE,PLACE,9214,SELL_LIMIT,L,3,EXT,1.12175,0.00000
19,188,1791480319331,ENGINE,REMOVE,9210,BUY_LIMIT,L,5,ENT,1.11942,0.00000
19,190,1791480319802,ENGINE,PLACE,9215,BUY_LIMIT,L,4,ENT,1.12007,0.00000
19,190,1791480327098,DEAL,PLACE,9216,BUY_LIMIT,S,7,EXT,1.12022,0.00000
19,190,1791480327635,DEAL,FILL,9212,SELL_LIMIT,S,7,ENT,1.12111,0.00000
19,190,1791480327635,DEAL,REMOVE,9213,BUY_LIMIT,S,6,EXT,1.11951,0.00000
19,191,1791480327234,SYNC,REMOVE,9216,BUY_LIMIT,S,7,EXT,1.12022,0.00000
19,191,1791480327678,ENGINE,PLACE,9217,BUY_LIMIT,S,7,EXT,1.12022,0.00000
19,191,1791480638480,DEAL,FILL,9214,SELL_LIMIT,L,3,EXT,1.12175,0.00000
19,192,1791480638620,ENGINE,PLACE,9218,SELL_LIMIT,L,2,EXT,1.12243,0.00000
19,192,1791480639157,ENGINE,REMOVE,9215,BUY_LIMIT,L,4,ENT,1.12007,0.00000
19,194,1791480639227,ENGINE,PLACE,9219,BUY_LIMIT,L,3,ENT,1.12067,0.00000
19,194,1791480871697,DEAL,FILL,9218,SELL_LIMIT,L,2,EXT,1.12243,0.00000
19,195,1791480872442,ENGINE,PLACE,9220,SELL_LIMIT,L,1,EXT,1.12303,0.00000
19,195,1791480872979,ENGINE,REMOVE,9219,BUY_LIMIT,L,3,ENT,1.12067,0.00000
19,197,1791480873045,ENGINE,PLACE,9221,BUY_LIMIT,L,2,ENT,1.12127,0.00000
19,197,1791481590119,DEAL,PLACE,9222,SELL_LIMIT,L,2,EXT,1.12226,0.00000
19,197,1791481590656,DEAL,PLACE,9223,BUY_LIMIT,L,3,ENT,1.12066,0.00000
19,197,1791481591193,DEAL,REMOVE,9220,SELL_LIMIT,L,1,EXT,1.12303,0.00000
19,197,1791481591236,DEAL,FILL,9221,BUY_LIMIT,L,2,ENT,1.12127,0.00000
19,198,1791481591063,SYNC,REMOVE,9222,SELL_LIMIT,L,2,EXT,1.12226,0.00000
19,198,1791481591236,ENGINE,PLACE,9224,SELL_LIMIT,L,2,EXT,1.12226,0.00000
19,198,1791482525173,DEAL,PLACE,9225,SELL_LIMIT,L,3,EXT,1.12166,0.00000
19,198,1791482525710,DEAL,PLACE,9226,BUY_LIMIT,L,4,ENT,1.12006,0.00000
19,198,1791482526247,DEAL,FILL,9223,BUY_LIMIT,L,3,ENT,1.12066,0.00000
19,198,1791482526247,DEAL,REMOVE,9224,SELL_LIMIT,L,2,EXT,1.12226,0.00000
19,199,1791482525717,SYNC,REMOVE,9225,SELL_LIMIT,L,3,EXT,1.12166,0.00000
19,199,1791482526290,ENGINE,PLACE,9227,SELL_LIMIT,L,3,EXT,1.12166,0.00000
19,199,1791483487468,DEAL,FILL,9217,BUY_LIMIT,S,7,EXT,1.12022,0.00000
19,200,1791483488214,ENGINE,PLACE,9228,BUY_LIMIT,S,6,EXT,1.11951,0.00000
19,200,1791483488751,ENGINE,PLACE,9229,SELL_LIMIT,S,7,ENT,1.12111,0.00000
19,202,1791483533693,DEAL,PLACE,9230,SELL_LIMIT,L,4,EXT,1.12106,0.00000
19,202,1791483534230,DEAL,PLACE,9231,BUY_LIMIT,L,5,ENT,1.11946,0.00000
19,202,1791483534767,DEAL,FILL,9226,BUY_LIMIT,L,4,ENT,1.12006,0.00000
19,202,1791483534767,DEAL,REMOVE,9227,SELL_LIMIT,L,3,EXT,1.12166,0.00000
19,203,1791483533834,SYNC,REMOVE,9230,SELL_LIMIT,L,4,EXT,1.12106,0.00000
19,203,1791483534810,ENGINE,PLACE,9232,SELL_LIMIT,L,4,EXT,1.12106,0.00000
19,203,1791485200158,DEAL,FILL,9228,BUY_LIMIT,S,6,EXT,1.11951,0.00000
19,204,1791485200301,ENGINE,PLACE,9233,BUY_LIMIT,S,5,EXT,1.11890,0.00000
19,204,1791485200838,ENGINE,REMOVE,9229,SELL_LIMIT,S,7,ENT,1.12111,0.00000
19,206,1791485200903,ENGINE,PLACE,9234,SELL_LIMIT,S,6,ENT,1.12050,0.00000
19,206,1791485262823,DEAL,PLACE,9235,SELL_LIMIT,L,5,EXT,1.12044,0.00000
19,206,1791485263360,DEAL,PLACE,9236,BUY_LIMIT,L,6,ENT,1.11884,0.00000
19,206,1791485263897,DEAL,FILL,9231,BUY_LIMIT,L,5,ENT,1.11946,0.00000
19,206,1791485263897,DEAL,REMOVE,9232,SELL_LIMIT,L,4,EXT,1.12106,0.00000
19,207,1791485264363,SYNC,REMOVE,9235,SELL_LIMIT,L,5,EXT,1.12044,0.00000
19,207,1791485264363,ENGINE,PLACE,9237,SELL_LIMIT,L,5,EXT,1.12044,0.00000
19,207,1791486097215,DEAL,FILL,9233,BUY_LIMIT,S,5,EXT,1.11890,0.00000
19,208,1791486097763,ENGINE,PLACE,9238,BUY_LIMIT,S,4,EXT,1.11823,0.00000
19,208,1791486098300,ENGINE,REMOVE,9234,SELL_LIMIT,S,6,ENT,1.12050,0.00000
19,210,1791486099169,ENGINE,PLACE,9239,SELL_LIMIT,S,5,ENT,1.11983,0.00000
19,210,1791486185196,DEAL,PLACE,9240,SELL_LIMIT,L,6,EXT,1.11986,0.00000
19,210,1791486185733,DEAL,PLACE,9241,BUY_LIMIT,L,7,ENT,1.11826,0.00000
19,210,1791486186270,DEAL,FILL,9236,BUY_LIMIT,L,6,ENT,1.11884,0.00000
19,210,1791486186270,DEAL,REMOVE,9237,SELL_LIMIT,L,5,EXT,1.12044,0.00000
19,211,1791486185542,SYNC,REMOVE,9240,SELL_LIMIT,L,6,EXT,1.11986,0.00000
19,211,1791486186313,ENGINE,PLACE,9242,SELL_LIMIT,L,6,EXT,1.11986,0.00000
19,211,1791487048901,DEAL,PLACE,9243,BUY_LIMIT,S,5,EXT,1.11888,0.00000
19,211,1791487049438,DEAL,PLACE,9244,SELL_LIMIT,S,6,ENT,1.12048,0.00000
19,211,1791487049975,DEAL,REMOVE,9238,BUY_LIMIT,S,4,EXT,1.11823,0.00000
19,211,1791487050018,DEAL,FILL,9239,SELL_LIMIT,S,5,ENT,1.11983,0.00000
19,211,1791487050018,DEAL,FILL,9242,SELL_LIMIT,L,6,EXT,1.11986,0.00000
19,211,1791487050312,CB_DONE,PLACE,9245,SELL_LIMIT,L,5,EXT,1.12044,0.00000
19,211,1791487050849,ENGINE,REMOVE,9241,BUY_LIMIT,L,7,ENT,1.11826,0.00000
19,211,1791487051048,ENGINE,PLACE,9246,BUY_LIMIT,L,6,ENT,1.11884,0.00000
19,212,1791487052862,SYNC,REMOVE,9243,BUY_LIMIT,S,5,EXT,1.11888,0.00000
19,212,1791487052862,ENGINE,PLACE,9247,BUY_LIMIT,S,4,EXT,1.11823,0.00000
19,212,1791487053399,ENGINE,REMOVE,9244,SELL_LIMIT,S,6,ENT,1.12048,0.00000
19,214,1791487053654,ENGINE,PLACE,9248,SELL_LIMIT,S,5,ENT,1.12013,0.00000
19,214,1791487054722,DEAL,PLACE,9249,BUY_LIMIT,S,5,EXT,1.11915,0.00000
19,214,1791487055259,DEAL,PLACE,9250,SELL_LIMIT,S,6,ENT,1.12075,0.00000
19,214,1791487055796,DEAL,REMOVE,9247,BUY_LIMIT,S,4,EXT,1.11823,0.00000
19,214,1791487055839,DEAL,FILL,9248,SELL_LIMIT,S,5,ENT,1.12013,0.00000
19,215,1791487055659,SYNC,REMOVE,9249,BUY_LIMIT,S,5,EXT,1.11915,0.00000
19,215,1791487055839,ENGINE,MODIFY,9250,SELL_LIMIT,S,6,ENT,1.12076,1.12075
19,215,1791487056377,ENGINE,PLACE,9251,BUY_LIMIT,S,5,EXT,1.11916,0.00000
19,215,1791487274124,DEAL,FILL,9251,BUY_LIMIT,S,5,EXT,1.11916,0.00000
19,216,1791487274261,ENGINE,PLACE,9252,BUY_LIMIT,S,4,EXT,1.11823,0.00000
19,216,1791487274798,ENGINE,REMOVE,9250,SELL_LIMIT,S,6,ENT,1.12076,0.00000
19,218,1791487274868,ENGINE,PLACE,9253,SELL_LIMIT,S,5,ENT,1.11983,0.00000
19,218,1791487853268,DEAL,PLACE,9254,SELL_LIMIT,L,6,EXT,1.11980,0.00000
19,218,1791487853805,DEAL,PLACE,9255,BUY_LIMIT,L,7,ENT,1.11820,0.00000
19,218,1791487854342,DEAL,REMOVE,9245,SELL_LIMIT,L,5,EXT,1.12044,0.00000
19,218,1791487854385,DEAL,FILL,9246,BUY_LIMIT,L,6,ENT,1.11884,0.00000
19,219,1791487853614,SYNC,REMOVE,9254,SELL_LIMIT,L,6,EXT,1.11980,0.00000
19,219,1791487854385,ENGINE,PLACE,9256,SELL_LIMIT,L,6,EXT,1.11980,0.00000
19,219,1791489182195,DEAL,FILL,9256,SELL_LIMIT,L,6,EXT,1.11980,0.00000
19,220,1791489182933,ENGINE,MODIFY,9253,SELL_LIMIT,S,5,ENT,1.11984,1.11983
19,220,1791489183471,ENGINE,PLACE,9257,SELL_LIMIT,L,5,EXT,1.12044,0.00000
19,220,1791489184008,ENGINE,REMOVE,9255,BUY_LIMIT,L,7,ENT,1.11820,0.00000
19,223,1791489184138,ENGINE,PLACE,9258,BUY_LIMIT,S,5,EXT,1.11883,0.00000
19,223,1791489184675,ENGINE,PLACE,9259,BUY_LIMIT,L,6,ENT,1.11884,0.00000
19,223,1791489185212,ENGINE,REMOVE,9252,BUY_LIMIT,S,4,EXT,1.11823,0.00000
19,223,1791489185255,ENGINE,REMOVE,9253,SELL_LIMIT,S,5,ENT,1.11984,0.00000
19,223,1791489185298,ENGINE,PLACE,9260,SELL_LIMIT,S,6,ENT,1.12043,0.00000
19,223,1791490128219,DEAL,PLACE,9261,BUY_LIMIT,S,6,EXT,1.11943,0.00000
19,223,1791490128756,DEAL,PLACE,9262,SELL_LIMIT,S,7,ENT,1.12103,0.00000
19,223,1791490129293,DEAL,REMOVE,9258,BUY_LIMIT,S,5,EXT,1.11883,0.00000
19,223,1791490129336,DEAL,FILL,9260,SELL_LIMIT,S,6,ENT,1.12043,0.00000
19,224,1791490128362,SYNC,REMOVE,9261,BUY_LIMIT,S,6,EXT,1.11943,0.00000
19,224,1791490129336,DEAL,FILL,9257,SELL_LIMIT,L,5,EXT,1.12044,0.00000
19,225,1791490129336,ENGINE,PLACE,9263,SELL_LIMIT,L,4,EXT,1.12106,0.00000
19,225,1791490129873,ENGINE,PLACE,9264,BUY_LIMIT,S,6,EXT,1.11943,0.00000
19,225,1791490130410,ENGINE,REMOVE,9259,BUY_LIMIT,L,6,ENT,1.11884,0.00000
19,227,1791490130572,ENGINE,PLACE,9265,BUY_LIMIT,L,5,ENT,1.11946,0.00000
19,227,1791490562471,DEAL,PLACE,9266,BUY_LIMIT,S,7,EXT,1.12007,0.00000
19,227,1791490563008,DEAL,FILL,9262,SELL_LIMIT,S,7,ENT,1.12103,0.00000
19,227,1791490563008,DEAL,REMOVE,9264,BUY_LIMIT,S,6,EXT,1.11943,0.00000
19,227,1791490563051,DEAL,FILL,9263,SELL_LIMIT,L,4,EXT,1.12106,0.00000
19,229,1791490562807,SYNC,REMOVE,9266,BUY_LIMIT,S,7,EXT,1.12007,0.00000
19,229,1791490563051,ENGINE,PLACE,9267,SELL_LIMIT,L,3,EXT,1.12166,0.00000
19,229,1791490563588,ENGINE,PLACE,9268,BUY_LIMIT,S,7,EXT,1.12007,0.00000
19,229,1791490564125,ENGINE,REMOVE,9265,BUY_LIMIT,L,5,ENT,1.11946,0.00000
19,231,1791490564222,ENGINE,PLACE,9269,BUY_LIMIT,L,4,ENT,1.12006,0.00000
19,231,1791490687244,DEAL,FILL,9267,SELL_LIMIT,L,3,EXT,1.12166,0.00000
19,232,1791490687585,ENGINE,PLACE,9270,SELL_LIMIT,L,2,EXT,1.12226,0.00000
19,232,1791490688122,ENGINE,REMOVE,9269,BUY_LIMIT,L,4,ENT,1.12006,0.00000
19,234,1791490688192,ENGINE,PLACE,9271,BUY_LIMIT,L,3,ENT,1.12066,0.00000
19,234,1791493625238,DEAL,PLACE,9272,SELL_LIMIT,L,3,EXT,1.12166,0.00000
19,234,1791493625775,DEAL,PLACE,9273,BUY_LIMIT,L,4,ENT,1.12006,0.00000
19,234,1791493626312,DEAL,REMOVE,9270,SELL_LIMIT,L,2,EXT,1.12226,0.00000
19,234,1791493626355,DEAL,FILL,9271,BUY_LIMIT,L,3,ENT,1.12066,0.00000
19,235,1791493625573,SYNC,REMOVE,9272,SELL_LIMIT,L,3,EXT,1.12166,0.00000
19,235,1791493626355,ENGINE,PLACE,9274,SELL_LIMIT,L,3,EXT,1.12166,0.00000
19,235,1791500907957,DEAL,FILL,9274,SELL_LIMIT,L,3,EXT,1.12166,0.00000
19,236,1791500908903,ENGINE,PLACE,9275,SELL_LIMIT,L,2,EXT,1.12226,0.00000
19,236,1791500909440,ENGINE,REMOVE,9273,BUY_LIMIT,L,4,ENT,1.12006,0.00000
19,238,1791500909700,ENGINE,PLACE,9276,BUY_LIMIT,L,3,ENT,1.12066,0.00000
19,238,1791503436002,TIMER,MODIFY,9024,SELL_LIMIT,L,0,EXT,1.12387,1.12363
19,238,1791503496002,TIMER,MODIFY,9072,BUY_LIMIT,S,0,EXT,1.11586,1.11582
19,238,1791503496540,TIMER,MODIFY,9275,SELL_LIMIT,L,2,EXT,1.12234,1.12226
19,238,1791503736002,TIMER,MODIFY,9268,BUY_LIMIT,S,7,EXT,1.12008,1.12007
19,238,1791504584797,ENGINE,MODIFY,9276,BUY_LIMIT,L,3,ENT,1.11998,1.12066
19,238,1791504585395,ENGINE,MODIFY,9276,BUY_LIMIT,L,3,ENT,1.12066,1.11998
19,238,1791504900466,ENGINE,MODIFY,9276,BUY_LIMIT,L,3,ENT,1.11998,1.12066
19,238,1791504901269,ENGINE,MODIFY,9276,BUY_LIMIT,L,3,ENT,1.12066,1.11998
