seg_id,sync_idx,time_ms,kind,code,json
10,-1,1790839277472,ea_event,,{"type":"fill_log","seq":0,"ea_time_ms":96765015,"magic":22260201,"deal_ticket":800000001,"order_ticket":1977312356,"position_id":900000001,"entry_type":"IN","deal_type":"SELL","side":"S","layer_index":0,"role":"EXT","deal_price":1.13206,"order_price_open":null,"slippage_pips":null,"volume":0.00,"profit":0.00,"swap":0.00,"commission":0.00,"deal_time_broker":"2026-10-01 07:21:17","deal_time_broker_msc":1790839277000,"halted_at_receipt":false,"quarantined_at_receipt":false}
10,2,1790841684314,ea_event,,{"type":"fill_log","seq":1,"ea_time_ms":96765031,"magic":22260201,"deal_ticket":800000002,"order_ticket":1977728168,"position_id":900000002,"entry_type":"IN","deal_type":"BUY","side":"L","layer_index":7,"role":"ENT","deal_price":1.13174,"order_price_open":null,"slippage_pips":null,"volume":0.00,"profit":0.00,"swap":0.00,"commission":0.00,"deal_time_broker":"2026-10-01 08:01:24","deal_time_broker_msc":1790841684000,"halted_at_receipt":false,"quarantined_at_receipt":false}
10,3,1790847652134,ea_event,ROLL_ACCEPTED,{"type":"ea_event","seq":2,"ea_time_ms":96765093,"magic":null,"level":"INFO","code":"ROLL_ACCEPTED","reason":null,"ticket":1975880673,"detail":{"ticket":1975880673,"side":"L","layer_index":0,"entry":1.13670,"level":1.13104,"target":1.13212,"accrued":0.00008,"clamped":false,"cost":0.00466,"cost_pips":46.6,"rolled":1,"was_ejected":false,"source":"auto","reroll":false,"from_level":0.00000}}
11,0,1790850226385,ea_event,ROLL_ACCEPTED,{"type":"ea_event","seq":0,"ea_time_ms":96765156,"magic":null,"level":"INFO","code":"ROLL_ACCEPTED","reason":null,"ticket":1975959171,"detail":{"ticket":1975959171,"side":"L","layer_index":1,"entry":1.13600,"level":1.13044,"target":1.13152,"accrued":0.00008,"clamped":false,"cost":0.00456,"cost_pips":45.6,"rolled":2,"was_ejected":false,"source":"auto","reroll":false,"from_level":0.00000}}
11,0,1790850771323,ea_event,,{"type":"fill_log","seq":1,"ea_time_ms":96765187,"magic":22260201,"deal_ticket":800000001,"order_ticket":1978014571,"position_id":900000001,"entry_type":"IN","deal_type":"SELL","side":"S","layer_index":0,"role":"ENT","deal_price":1.13064,"order_price_open":null,"slippage_pips":null,"volume":0.00,"profit":0.00,"swap":0.00,"commission":0.00,"deal_time_broker":"2026-10-01 10:32:51","deal_time_broker_msc":1790850771000,"halted_at_receipt":false,"quarantined_at_receipt":false}
11,2,1790852585540,ea_event,ROLL_ACCEPTED,{"type":"ea_event","seq":2,"ea_time_ms":96765265,"magic":null,"level":"INFO","code":"ROLL_ACCEPTED","reason":null,"ticket":1976074198,"detail":{"ticket":1976074198,"side":"L","layer_index":2,"entry":1.13530,"level":1.12984,"target":1.13092,"accrued":0.00008,"clamped":false,"cost":0.00446,"cost_pips":44.6,"rolled":3,"was_ejected":false,"source":"auto","reroll":false,"from_level":0.00000}}
11,2,1790853131464,ea_event,,{"type":"fill_log","seq":3,"ea_time_ms":96765281,"magic":22260201,"deal_ticket":800000002,"order_ticket":9003,"position_id":900000002,"entry_type":"IN","deal_type":"SELL","side":"S","layer_index":0,"role":"EXT","deal_price":1.12963,"order_price_open":null,"slippage_pips":null,"volume":0.00,"profit":0.00,"swap":0.00,"commission":0.00,"deal_time_broker":"2026-10-01 11:12:11","deal_time_broker_msc":1790853131000,"halted_at_receipt":false,"quarantined_at_receipt":false}
11,6,1790853145897,ea_event,ROLL_ACCEPTED,{"type":"ea_event","seq":4,"ea_time_ms":96765281,"magic":null,"level":"INFO","code":"ROLL_ACCEPTED","reason":null,"ticket":1976558640,"detail":{"ticket":1976558640,"side":"L","layer_index":3,"entry":1.13460,"level":1.12924,"target":1.13032,"accrued":0.00008,"clamped":false,"cost":0.00436,"cost_pips":43.6,"rolled":4,"was_ejected":false,"source":"auto","reroll":false,"from_level":0.00000}}
11,7,1790853977915,ea_event,STRAY_L0_CANCEL,{"type":"ea_event","seq":5,"ea_time_ms":96765312,"magic":null,"level":"WARN","code":"STRAY_L0_CANCEL","reason":null,"ticket":9005,"detail":{"side":"S","depth":1}}
11,7,1790853983809,ea_event,,{"type":"fill_log","seq":6,"ea_time_ms":96765312,"magic":22260201,"deal_ticket":800000003,"order_ticket":9004,"position_id":900000003,"entry_type":"IN","deal_type":"BUY","side":"L","layer_index":3,"role":"EXT","deal_price":1.13032,"order_price_open":null,"slippage_pips":null,"volume":0.00,"profit":0.00,"swap":0.00,"commission":0.00,"deal_time_broker":"2026-10-01 11:26:23","deal_time_broker_msc":1790853983000,"halted_at_receipt":false,"quarantined_at_receipt":false}
11,10,1790854742119,ea_event,,{"type":"fill_log","seq":7,"ea_time_ms":96765328,"magic":22260201,"deal_ticket":800000004,"order_ticket":9007,"position_id":900000004,"entry_type":"IN","deal_type":"SELL","side":"S","layer_index":0,"role":"EXT","deal_price":1.12922,"order_price_open":null,"slippage_pips":null,"volume":0.00,"profit":0.00,"swap":0.00,"commission":0.00,"deal_time_broker":"2026-10-01 11:39:02","deal_time_broker_msc":1790854742000,"halted_at_receipt":false,"quarantined_at_receipt":false}
11,10,1790854742119,ea_event,,{"type":"fill_log","seq":8,"ea_time_ms":96765328,"magic":22260201,"deal_ticket":800000005,"order_ticket":9010,"position_id":900000005,"entry_type":"IN","deal_type":"BUY","side":"L","layer_index":8,"role":"ENT","deal_price":1.12922,"order_price_open":null,"slippage_pips":null,"volume":0.00,"profit":0.00,"swap":0.00,"commission":0.00,"deal_time_broker":"2026-10-01 11:39:02","deal_time_broker_msc":1790854742000,"halted_at_receipt":false,"quarantined_at_receipt":false}
11,15,1790857054765,ea_event,STRAY_L0_CANCEL,{"type":"ea_event","seq":9,"ea_time_ms":96765390,"magic":null,"level":"WARN","code":"STRAY_L0_CANCEL","reason":null,"ticket":9013,"detail":{"side":"S","depth":1}}
11,15,1790858429861,ea_event,,{"type":"fill_log","seq":10,"ea_time_ms":96765437,"magic":22260201,"deal_ticket":800000006,"order_ticket":9014,"position_id":900000006,"entry_type":"IN","deal_type":"SELL","side":"S","layer_index":0,"role":"EXT","deal_price":1.12892,"order_price_open":null,"slippage_pips":null,"volume":0.00,"profit":0.00,"swap":0.00,"commission":0.00,"deal_time_broker":"2026-10-01 12:40:29","deal_time_broker_msc":1790858429000,"halted_at_receipt":false,"quarantined_at_receipt":false}
11,19,1790859011261,ea_event,ROLL_ACCEPTED,{"type":"ea_event","seq":11,"ea_time_ms":96765453,"magic":null,"level":"INFO","code":"ROLL_ACCEPTED","reason":null,"ticket":1976761826,"detail":{"ticket":1976761826,"side":"L","layer_index":4,"entry":1.13389,"level":1.12862,"target":1.12970,"accrued":0.00008,"clamped":false,"cost":0.00427,"cost_pips":42.7,"rolled":4,"was_ejected":false,"source":"auto","reroll":false,"from_level":0.00000}}
11,20,1790859311636,ea_event,ROLL_ACCEPTED,{"type":"ea_event","seq":12,"ea_time_ms":96765453,"magic":null,"level":"INFO","code":"ROLL_ACCEPTED","reason":null,"ticket":1976795819,"detail":{"ticket":1976795819,"side":"L","layer_index":5,"entry":1.13319,"level":1.12802,"target":1.12910,"accrued":0.00008,"clamped":false,"cost":0.00417,"cost_pips":41.7,"rolled":5,"was_ejected":false,"source":"auto","reroll":false,"from_level":0.00000}}
11,21,1790859565921,ea_event,ROLL_ACCEPTED,{"type":"ea_event","seq":13,"ea_time_ms":96765468,"magic":null,"level":"INFO","code":"ROLL_ACCEPTED","reason":null,"ticket":1977659141,"detail":{"ticket":1977659141,"side":"L","layer_index":6,"entry":1.13249,"level":1.12742,"target":1.12842,"accrued":0.00000,"clamped":false,"cost":0.00407,"cost_pips":40.7,"rolled":6,"was_ejected":false,"source":"auto","reroll":false,"from_level":0.00000}}
11,22,1790859610146,ea_event,ROLL_ACCEPTED,{"type":"ea_event","seq":14,"ea_time_ms":96765468,"magic":null,"level":"INFO","code":"ROLL_ACCEPTED","reason":null,"ticket":1977728168,"detail":{"ticket":1977728168,"side":"L","layer_index":7,"entry":1.13174,"level":1.12682,"target":1.12782,"accrued":0.00000,"clamped":false,"cost":0.00392,"cost_pips":39.2,"rolled":7,"was_ejected":false,"source":"auto","reroll":false,"from_level":0.00000}}
11,22,1790860094253,ea_event,,{"type":"fill_log","seq":15,"ea_time_ms":96765484,"magic":22260201,"deal_ticket":800000007,"order_ticket":9016,"position_id":900000007,"entry_type":"IN","deal_type":"SELL","side":"S","layer_index":0,"role":"ENT","deal_price":1.12749,"order_price_open":null,"slippage_pips":null,"volume":0.00,"profit":0.00,"swap":0.00,"commission":0.00,"deal_time_broker":"2026-10-01 13:08:14","deal_time_broker_msc":1790860094000,"halted_at_receipt":false,"quarantined_at_receipt":false}
11,23,1790860504414,ea_event,,{"type":"fill_log","seq":16,"ea_time_ms":96765500,"magic":22260201,"deal_ticket":800000008,"order_ticket":9019,"position_id":900000008,"entry_type":"IN","deal_type":"BUY","side":"L","layer_index":7,"role":"EXT","deal_price":1.12782,"order_price_open":null,"slippage_pips":null,"volume":0.00,"profit":0.00,"swap":0.00,"commission":0.00,"deal_time_broker":"2026-10-01 13:15:04","deal_time_broker_msc":1790860504000,"halted_at_receipt":false,"quarantined_at_receipt":false}
11,26,1790860721129,ea_event,,{"type":"fill_log","seq":17,"ea_time_ms":96765515,"magic":22260201,"deal_ticket":800000009,"order_ticket":9022,"position_id":900000009,"entry_type":"IN","deal_type":"SELL","side":"S","layer_index":1,"role":"ENT","deal_price":1.12809,"order_price_open":null,"slippage_pips":null,"volume":0.00,"profit":0.00,"swap":0.00,"commission":0.00,"deal_time_broker":"2026-10-01 13:18:41","deal_time_broker_msc":1790860721000,"halted_at_receipt":false,"quarantined_at_receipt":false}
11,27,1790861069026,ea_event,,{"type":"fill_log","seq":18,"ea_time_ms":96765531,"magic":22260201,"deal_ticket":800000010,"order_ticket":9024,"position_id":900000010,"entry_type":"IN","deal_type":"BUY","side":"L","layer_index":6,"role":"EXT","deal_price":1.12843,"order_price_open":null,"slippage_pips":null,"volume":0.00,"profit":0.00,"swap":0.00,"commission":0.00,"deal_time_broker":"2026-10-01 13:24:29","deal_time_broker_msc":1790861069000,"halted_at_receipt":false,"quarantined_at_receipt":false}
11,30,1790861235565,ea_event,,{"type":"fill_log","seq":19,"ea_time_ms":96765531,"magic":22260201,"deal_ticket":800000011,"order_ticket":9027,"position_id":900000011,"entry_type":"IN","deal_type":"SELL","side":"S","layer_index":2,"role":"ENT","deal_price":1.12870,"order_price_open":null,"slippage_pips":null,"volume":0.00,"profit":0.00,"swap":0.00,"commission":0.00,"deal_time_broker":"2026-10-01 13:27:15","deal_time_broker_msc":1790861235000,"halted_at_receipt":false,"quarantined_at_receipt":false}
11,31,1790861462342,ea_event,,{"type":"fill_log","seq":20,"ea_time_ms":96765546,"magic":22260201,"deal_ticket":800000012,"order_ticket":9029,"position_id":900000012,"entry_type":"IN","deal_type":"BUY","side":"L","layer_index":5,"role":"EXT","deal_price":1.12912,"order_price_open":null,"slippage_pips":null,"volume":0.00,"profit":0.00,"swap":0.00,"commission":0.00,"deal_time_broker":"2026-10-01 13:31:02","deal_time_broker_msc":1790861462000,"halted_at_receipt":false,"quarantined_at_receipt":false}
11,34,1790861696762,ea_event,,{"type":"fill_log","seq":21,"ea_time_ms":96765546,"magic":22260201,"deal_ticket":800000013,"order_ticket":9031,"position_id":900000013,"entry_type":"IN","deal_type":"SELL","side":"S","layer_index":3,"role":"ENT","deal_price":1.12930,"order_price_open":null,"slippage_pips":null,"volume":0.00,"profit":0.00,"swap":0.00,"commission":0.00,"deal_time_broker":"2026-10-01 13:34:56","deal_time_broker_msc":1790861696000,"halted_at_receipt":false,"quarantined_at_receipt":false}
11,35,1790862848738,ea_event,,{"type":"fill_log","seq":22,"ea_time_ms":96765593,"magic":22260201,"deal_ticket":800000014,"order_ticket":9033,"position_id":900000014,"entry_type":"IN","deal_type":"BUY","side":"L","layer_index":4,"role":"EXT","deal_price":1.12970,"order_price_open":null,"slippage_pips":null,"volume":0.00,"profit":0.00,"swap":0.00,"commission":0.00,"deal_time_broker":"2026-10-01 13:54:08","deal_time_broker_msc":1790862848000,"halted_at_receipt":false,"quarantined_at_receipt":false}
11,38,1790864161672,ea_event,,{"type":"fill_log","seq":23,"ea_time_ms":96765640,"magic":22260201,"deal_ticket":800000015,"order_ticket":9025,"position_id":900000015,"entry_type":"IN","deal_type":"BUY","side":"L","layer_index":9,"role":"ENT","deal_price":1.12862,"order_price_open":null,"slippage_pips":null,"volume":0.00,"profit":0.00,"swap":0.00,"commission":0.00,"deal_time_broker":"2026-10-01 14:16:01","deal_time_broker_msc":1790864161000,"halted_at_receipt":false,"quarantined_at_receipt":false}
11,39,1790864643335,ea_event,,{"type":"fill_log","seq":24,"ea_time_ms":96765656,"magic":22260201,"deal_ticket":800000016,"order_ticket":9036,"position_id":900000016,"entry_type":"IN","deal_type":"SELL","side":"S","layer_index":3,"role":"EXT","deal_price":1.12828,"order_price_open":null,"slippage_pips":null,"volume":0.00,"profit":0.00,"swap":0.00,"commission":0.00,"deal_time_broker":"2026-10-01 14:24:03","deal_time_broker_msc":1790864643000,"halted_at_receipt":false,"quarantined_at_receipt":false}
11,42,1790865577648,ea_event,,{"type":"fill_log","seq":25,"ea_time_ms":96765687,"magic":22260201,"deal_ticket":800000017,"order_ticket":9042,"position_id":900000017,"entry_type":"IN","deal_type":"SELL","side":"S","layer_index":3,"role":"ENT","deal_price":1.12932,"order_price_open":null,"slippage_pips":null,"volume":0.00,"profit":0.00,"swap":0.00,"commission":0.00,"deal_time_broker":"2026-10-01 14:39:37","deal_time_broker_msc":1790865577000,"halted_at_receipt":false,"quarantined_at_receipt":false}
11,43,1790865760040,ea_event,,{"type":"fill_log","seq":26,"ea_time_ms":96765703,"magic":22260201,"deal_ticket":800000018,"order_ticket":9040,"position_id":900000018,"entry_type":"IN","deal_type":"BUY","side":"L","layer_index":9,"role":"EXT","deal_price":1.12963,"order_price_open":null,"slippage_pips":null,"volume":0.00,"profit":0.00,"swap":0.00,"commission":0.00,"deal_time_broker":"2026-10-01 14:42:40","deal_time_broker_msc":1790865760000,"halted_at_receipt":false,"quarantined_at_receipt":false}
11,46,1790865914302,ea_event,,{"type":"fill_log","seq":27,"ea_time_ms":96765703,"magic":22260201,"deal_ticket":800000019,"order_ticket":9044,"position_id":900000019,"entry_type":"IN","deal_type":"SELL","side":"S","layer_index":4,"role":"ENT","deal_price":1.12992,"order_price_open":null,"slippage_pips":null,"volume":0.00,"profit":0.00,"swap":0.00,"commission":0.00,"deal_time_broker":"2026-10-01 14:45:14","deal_time_broker_msc":1790865914000,"halted_at_receipt":false,"quarantined_at_receipt":false}
11,47,1790866087801,ea_event,,{"type":"fill_log","seq":28,"ea_time_ms":96765718,"magic":22260201,"deal_ticket":800000020,"order_ticket":9046,"position_id":900000020,"entry_type":"IN","deal_type":"BUY","side":"L","layer_index":8,"role":"EXT","deal_price":1.13022,"order_price_open":null,"slippage_pips":null,"volume":0.00,"profit":0.00,"swap":0.00,"commission":0.00,"deal_time_broker":"2026-10-01 14:48:07","deal_time_broker_msc":1790866087000,"halted_at_receipt":false,"quarantined_at_receipt":false}
11,50,1790866348653,ea_event,,{"type":"fill_log","seq":29,"ea_time_ms":96765718,"magic":22260201,"deal_ticket":800000021,"order_ticket":9049,"position_id":900000021,"entry_type":"IN","deal_type":"SELL","side":"S","layer_index":5,"role":"ENT","deal_price":1.13053,"order_price_open":null,"slippage_pips":null,"volume":0.00,"profit":0.00,"swap":0.00,"commission":0.00,"deal_time_broker":"2026-10-01 14:52:28","deal_time_broker_msc":1790866348000,"halted_at_receipt":false,"quarantined_at_receipt":false}
11,51,1790866503790,ea_event,,{"type":"fill_log","seq":30,"ea_time_ms":96765734,"magic":22260201,"deal_ticket":800000022,"order_ticket":9051,"position_id":900000022,"entry_type":"IN","deal_type":"BUY","side":"L","layer_index":2,"role":"EXT","deal_price":1.13094,"order_price_open":null,"slippage_pips":null,"volume":0.00,"profit":0.00,"swap":0.00,"commission":0.00,"deal_time_broker":"2026-10-01 14:55:03","deal_time_broker_msc":1790866503000,"halted_at_receipt":false,"quarantined_at_receipt":false}
11,54,1790866621284,ea_event,,{"type":"fill_log","seq":31,"ea_time_ms":96765734,"magic":22260201,"deal_ticket":800000023,"order_ticket":9054,"position_id":900000023,"entry_type":"IN","deal_type":"SELL","side":"S","layer_index":6,"role":"ENT","deal_price":1.13114,"order_price_open":null,"slippage_pips":null,"volume":0.00,"profit":0.00,"swap":0.00,"commission":0.00,"deal_time_broker":"2026-10-01 14:57:01","deal_time_broker_msc":1790866621000,"halted_at_receipt":false,"quarantined_at_receipt":false}
11,55,1790867255252,ea_event,,{"type":"fill_log","seq":32,"ea_time_ms":96765765,"magic":22260201,"deal_ticket":800000024,"order_ticket":9060,"position_id":900000024,"entry_type":"IN","deal_type":"SELL","side":"S","layer_index":6,"role":"EXT","deal_price":1.13014,"order_price_open":null,"slippage_pips":null,"volume":0.00,"profit":0.00,"swap":0.00,"commission":0.00,"deal_time_broker":"2026-10-01 15:07:35","deal_time_broker_msc":1790867255000,"halted_at_receipt":false,"quarantined_at_receipt":false}
11,58,1790867401243,ea_event,,{"type":"fill_log","seq":33,"ea_time_ms":96765765,"magic":22260201,"deal_ticket":800000025,"order_ticket":9057,"position_id":900000025,"entry_type":"IN","deal_type":"BUY","side":"L","layer_index":2,"role":"ENT","deal_price":1.12984,"order_price_open":null,"slippage_pips":null,"volume":0.00,"profit":0.00,"swap":0.00,"commission":0.00,"deal_time_broker":"2026-10-01 15:10:01","deal_time_broker_msc":1790867401000,"halted_at_receipt":false,"quarantined_at_receipt":false}
11,59,1790868172714,ea_event,,{"type":"fill_log","seq":34,"ea_time_ms":96765796,"magic":22260201,"deal_ticket":800000026,"order_ticket":9061,"position_id":900000026,"entry_type":"IN","deal_type":"SELL","side":"S","layer_index":5,"role":"EXT","deal_price":1.12953,"order_price_open":null,"slippage_pips":null,"volume":0.00,"profit":0.00,"swap":0.00,"commission":0.00,"deal_time_broker":"2026-10-01 15:22:52","deal_time_broker_msc":1790868172000,"halted_at_receipt":false,"quarantined_at_receipt":false}
11,62,1790868364690,ea_event,,{"type":"fill_log","seq":35,"ea_time_ms":96765796,"magic":22260201,"deal_ticket":800000027,"order_ticket":9064,"position_id":900000027,"entry_type":"IN","deal_type":"BUY","side":"L","layer_index":3,"role":"ENT","deal_price":1.12922,"order_price_open":null,"slippage_pips":null,"volume":0.00,"profit":0.00,"swap":0.00,"commission":0.00,"deal_time_broker":"2026-10-01 15:26:04","deal_time_broker_msc":1790868364000,"halted_at_receipt":false,"quarantined_at_receipt":false}
11,63,1790869493033,ea_event,,{"type":"fill_log","seq":36,"ea_time_ms":96765843,"magic":22260201,"deal_ticket":800000028,"order_ticket":9066,"position_id":900000028,"entry_type":"IN","deal_type":"SELL","side":"S","layer_index":4,"role":"EXT","deal_price":1.12893,"order_price_open":null,"slippage_pips":null,"volume":0.00,"profit":0.00,"swap":0.00,"commission":0.00,"deal_time_broker":"2026-10-01 15:44:53","deal_time_broker_msc":1790869493000,"halted_at_receipt":false,"quarantined_at_receipt":false}
11,66,1790869746549,ea_event,,{"type":"fill_log","seq":37,"ea_time_ms":96765843,"magic":22260201,"deal_ticket":800000029,"order_ticket":9069,"position_id":900000029,"entry_type":"IN","deal_type":"BUY","side":"L","layer_index":4,"role":"ENT","deal_price":1.12862,"order_price_open":null,"slippage_pips":null,"volume":0.00,"profit":0.00,"swap":0.00,"commission":0.00,"deal_time_broker":"2026-10-01 15:49:06","deal_time_broker_msc":1790869746000,"halted_at_receipt":false,"quarantined_at_receipt":false}
11,67,1790871427361,ea_event,,{"type":"fill_log","seq":38,"ea_time_ms":96765890,"magic":22260201,"deal_ticket":800000030,"order_ticket":9071,"position_id":900000030,"entry_type":"IN","deal_type":"SELL","side":"S","layer_index":3,"role":"EXT","deal_price":1.12832,"order_price_open":null,"slippage_pips":null,"volume":0.00,"profit":0.00,"swap":0.00,"commission":0.00,"deal_time_broker":"2026-10-01 16:17:07","deal_time_broker_msc":1790871427000,"halted_at_receipt":false,"quarantined_at_receipt":false}
11,70,1790873328691,ea_event,,{"type":"fill_log","seq":39,"ea_time_ms":96765953,"magic":22260201,"deal_ticket":800000031,"order_ticket":9077,"position_id":900000031,"entry_type":"IN","deal_type":"SELL","side":"S","layer_index":3,"role":"ENT","deal_price":1.12931,"order_price_open":null,"slippage_pips":null,"volume":0.00,"profit":0.00,"swap":0.00,"commission":0.00,"deal_time_broker":"2026-10-01 16:48:48","deal_time_broker_msc":1790873328000,"halted_at_receipt":false,"quarantined_at_receipt":false}
11,71,1790873703270,ea_event,,{"type":"fill_log","seq":40,"ea_time_ms":96765984,"magic":22260201,"deal_ticket":800000032,"order_ticket":9075,"position_id":900000032,"entry_type":"IN","deal_type":"BUY","side":"L","layer_index":4,"role":"EXT","deal_price":1.12961,"order_price_open":null,"slippage_pips":null,"volume":0.00,"profit":0.00,"swap":0.00,"commission":0.00,"deal_time_broker":"2026-10-01 16:55:03","deal_time_broker_msc":1790873703000,"halted_at_receipt":false,"quarantined_at_receipt":false}
11,74,1790874311517,ea_event,,{"type":"fill_log","seq":41,"ea_time_ms":96766000,"magic":22260201,"deal_ticket":800000033,"order_ticket":9082,"position_id":900000033,"entry_type":"IN","deal_type":"BUY","side":"L","layer_index":4,"role":"ENT","deal_price":1.12863,"order_price_open":null,"slippage_pips":null,"volume":0.00,"profit":0.00,"swap":0.00,"commission":0.00,"deal_time_broker":"2026-10-01 17:05:11","deal_time_broker_msc":1790874311000,"halted_at_receipt":false,"quarantined_at_receipt":false}
11,75,1790875847176,ea_event,,{"type":"fill_log","seq":42,"ea_time_ms":96766078,"magic":22260201,"deal_ticket":800000034,"order_ticket":9080,"position_id":900000034,"entry_type":"IN","deal_type":"SELL","side":"S","layer_index":3,"role":"EXT","deal_price":1.12831,"order_price_open":null,"slippage_pips":null,"volume":0.00,"profit":0.00,"swap":0.00,"commission":0.00,"deal_time_broker":"2026-10-01 17:30:47","deal_time_broker_msc":1790875847000,"halted_at_receipt":false,"quarantined_at_receipt":false}
11,78,1790876512252,ea_event,,{"type":"fill_log","seq":43,"ea_time_ms":96766125,"magic":22260201,"deal_ticket":800000035,"order_ticket":9084,"position_id":900000035,"entry_type":"IN","deal_type":"BUY","side":"L","layer_index":5,"role":"ENT","deal_price":1.12803,"order_price_open":null,"slippage_pips":null,"volume":0.00,"profit":0.00,"swap":0.00,"commission":0.00,"deal_time_broker":"2026-10-01 17:41:52","deal_time_broker_msc":1790876512000,"halted_at_receipt":false,"quarantined_at_receipt":false}
11,79,1790876595460,ea_event,,{"type":"fill_log","seq":44,"ea_time_ms":96766125,"magic":22260201,"deal_ticket":800000036,"order_ticket":9086,"position_id":900000036,"entry_type":"IN","deal_type":"SELL","side":"S","layer_index":2,"role":"EXT","deal_price":1.12769,"order_price_open":null,"slippage_pips":null,"volume":0.00,"profit":0.00,"swap":0.00,"commission":0.00,"deal_time_broker":"2026-10-01 17:43:15","deal_time_broker_msc":1790876595000,"halted_at_receipt":false,"quarantined_at_receipt":false}
11,82,1790876625621,ea_event,,{"type":"fill_log","seq":45,"ea_time_ms":96766125,"magic":22260201,"deal_ticket":800000037,"order_ticket":9089,"position_id":900000037,"entry_type":"IN","deal_type":"BUY","side":"L","layer_index":6,"role":"ENT","deal_price":1.12743,"order_price_open":null,"slippage_pips":null,"volume":0.00,"profit":0.00,"swap":0.00,"commission":0.00,"deal_time_broker":"2026-10-01 17:43:45","deal_time_broker_msc":1790876625000,"halted_at_receipt":false,"quarantined_at_receipt":false}
11,83,1790876786386,ea_event,,{"type":"fill_log","seq":46,"ea_time_ms":96766140,"magic":22260201,"deal_ticket":800000038,"order_ticket":9091,"position_id":900000038,"entry_type":"IN","deal_type":"SELL","side":"S","layer_index":1,"role":"EXT","deal_price":1.12708,"order_price_open":null,"slippage_pips":null,"volume":0.00,"profit":0.00,"swap":0.00,"commission":0.00,"deal_time_broker":"2026-10-01 17:46:26","deal_time_broker_msc":1790876786000,"halted_at_receipt":false,"quarantined_at_receipt":false}
11,86,1790876806095,ea_event,,{"type":"fill_log","seq":47,"ea_time_ms":96766140,"magic":22260201,"deal_ticket":800000039,"order_ticket":9094,"position_id":900000039,"entry_type":"IN","deal_type":"BUY","side":"L","layer_index":7,"role":"ENT","deal_price":1.12683,"order_price_open":null,"slippage_pips":null,"volume":0.00,"profit":0.00,"swap":0.00,"commission":0.00,"deal_time_broker":"2026-10-01 17:46:46","deal_time_broker_msc":1790876806000,"halted_at_receipt":false,"quarantined_at_receipt":false}
11,87,1790877042273,ea_event,,{"type":"fill_log","seq":48,"ea_time_ms":96766156,"magic":22260201,"deal_ticket":800000040,"order_ticket":9023,"position_id":900000040,"entry_type":"IN","deal_type":"SELL","side":"S","layer_index":0,"role":"EXT","deal_price":1.12648,"order_price_open":null,"slippage_pips":null,"volume":0.00,"profit":0.00,"swap":0.00,"commission":0.00,"deal_time_broker":"2026-10-01 17:50:42","deal_time_broker_msc":1790877042000,"halted_at_receipt":false,"quarantined_at_receipt":false}
11,91,1790877132806,ea_event,ROLL_ACCEPTED,{"type":"ea_event","seq":49,"ea_time_ms":96766171,"magic":null,"level":"INFO","code":"ROLL_ACCEPTED","reason":null,"ticket":1979255056,"detail":{"ticket":1979255056,"side":"L","layer_index":2,"entry":1.12984,"level":1.12623,"target":1.12723,"accrued":0.00000,"clamped":false,"cost":0.00261,"cost_pips":26.1,"rolled":3,"was_ejected":false,"source":"auto","reroll":false,"from_level":0.00000}}
11,92,1790877934543,ea_event,ROLL_ACCEPTED,{"type":"ea_event","seq":50,"ea_time_ms":96766203,"magic":null,"level":"INFO","code":"ROLL_ACCEPTED","reason":null,"ticket":1979299035,"detail":{"ticket":1979299035,"side":"L","layer_index":3,"entry":1.12922,"level":1.12563,"target":1.12663,"accrued":0.00000,"clamped":false,"cost":0.00259,"cost_pips":25.9,"rolled":4,"was_ejected":false,"source":"auto","reroll":false,"from_level":0.00000}}
11,93,1790879405342,ea_event,ROLL_ACCEPTED,{"type":"ea_event","seq":51,"ea_time_ms":96766281,"magic":null,"level":"INFO","code":"ROLL_ACCEPTED","reason":null,"ticket":1979634190,"detail":{"ticket":1979634190,"side":"L","layer_index":4,"entry":1.12863,"level":1.12503,"target":1.12603,"accrued":0.00000,"clamped":false,"cost":0.00260,"cost_pips":26.0,"rolled":5,"was_ejected":false,"source":"auto","reroll":false,"from_level":0.00000}}
11,94,1790879436257,ea_event,ROLL_ACCEPTED,{"type":"ea_event","seq":52,"ea_time_ms":96766281,"magic":null,"level":"INFO","code":"ROLL_ACCEPTED","reason":null,"ticket":1979688111,"detail":{"ticket":1979688111,"side":"L","layer_index":5,"entry":1.12803,"level":1.12443,"target":1.12543,"accrued":0.00000,"clamped":false,"cost":0.00260,"cost_pips":26.0,"rolled":6,"was_ejected":false,"source":"auto","reroll":false,"from_level":0.00000}}
11,95,1790879492719,ea_event,ROLL_ACCEPTED,{"type":"ea_event","seq":53,"ea_time_ms":96766296,"magic":null,"level":"INFO","code":"ROLL_ACCEPTED","reason":null,"ticket":1979865377,"detail":{"ticket":1979865377,"side":"L","layer_index":6,"entry":1.12743,"level":1.12383,"target":1.12483,"accrued":0.00000,"clamped":false,"cost":0.00260,"cost_pips":26.0,"rolled":7,"was_ejected":false,"source":"auto","reroll":false,"from_level":0.00000}}
11,96,1790879661027,ea_event,ROLL_ACCEPTED,{"type":"ea_event","seq":54,"ea_time_ms":96766296,"magic":null,"level":"INFO","code":"ROLL_ACCEPTED","reason":null,"ticket":1979871657,"detail":{"ticket":1979871657,"side":"L","layer_index":7,"entry":1.12683,"level":1.12323,"target":1.12423,"accrued":0.00000,"clamped":false,"cost":0.00260,"cost_pips":26.0,"rolled":8,"was_ejected":false,"source":"auto","reroll":false,"from_level":0.00000}}
11,96,1790879816087,ea_event,,{"type":"fill_log","seq":55,"ea_time_ms":96766312,"magic":22260201,"deal_ticket":800000041,"order_ticket":9099,"position_id":900000041,"entry_type":"IN","deal_type":"SELL","side":"S","layer_index":0,"role":"ENT","deal_price":1.12393,"order_price_open":null,"slippage_pips":null,"volume":0.00,"profit":0.00,"swap":0.00,"commission":0.00,"deal_time_broker":"2026-10-01 18:36:56","deal_time_broker_msc":1790879816000,"halted_at_receipt":false,"quarantined_at_receipt":false}
11,97,1790879856293,ea_event,,{"type":"fill_log","seq":56,"ea_time_ms":96766312,"magic":22260201,"deal_ticket":800000042,"order_ticket":9105,"position_id":900000042,"entry_type":"IN","deal_type":"BUY","side":"L","layer_index":7,"role":"EXT","deal_price":1.12424,"order_price_open":null,"slippage_pips":null,"volume":0.00,"profit":0.00,"swap":0.00,"commission":0.00,"deal_time_broker":"2026-10-01 18:37:36","deal_time_broker_msc":1790879856000,"halted_at_receipt":false,"quarantined_at_receipt":false}
11,100,1790880685423,ea_event,,{"type":"fill_log","seq":57,"ea_time_ms":96766359,"magic":22260201,"deal_ticket":800000043,"order_ticket":9107,"position_id":900000043,"entry_type":"IN","deal_type":"SELL","side":"S","layer_index":0,"role":"EXT","deal_price":1.12290,"order_price_open":null,"slippage_pips":null,"volume":0.00,"profit":0.00,"swap":0.00,"commission":0.00,"deal_time_broker":"2026-10-01 18:51:25","deal_time_broker_msc":1790880685000,"halted_at_receipt":false,"quarantined_at_receipt":false}
11,103,1790898609001,ea_event,CARRY_SNAPSHOT,{"type":"ea_event","seq":58,"ea_time_ms":96766890,"magic":null,"level":"INFO","code":"CARRY_SNAPSHOT","reason":"EURUSD","ticket":null,"detail":{"symbol":"EURUSD","swap_mode":1,"swap_long":-7.9900,"swap_short":1.3100,"multiplier":1,"day_of_week":4,"rollover3days":3,"digits":5,"point":0.00001000,"tick_value":1.00000000,"tick_size":0.00001000,"stops_level":0,"freeze_level":0,"long_pips":-0.799,"short_pips":0.131,"eligible_long":7,"eligible_short":0,"trade_mode_full":true,"mult_today":1,"mult_tomorrow":1,"accrued_swap_long":0.00,"accrued_swap_short":0.00}}
11,103,1790898609001,ea_event,CARRY_EXIT_SHIFT,{"type":"ea_event","seq":59,"ea_time_ms":96766890,"magic":null,"level":"INFO","code":"CARRY_EXIT_SHIFT","reason":"EURUSD","ticket":null,"detail":{"position_ticket":1975880673,"side":"long","layer_index":0,"accrued_ledger_pips":-2.500,"pending_pips":-0.799,"accrued_pips_total":-3.299,"old_price":1.13212,"new_price":1.13237,"clamped":false,"sign_guard_skipped":false,"retcode":10009,"points_native_pips":-0.799}}
11,103,1790898789001,ea_event,CARRY_EXIT_SHIFT,{"type":"ea_event","seq":60,"ea_time_ms":96766890,"magic":null,"level":"INFO","code":"CARRY_EXIT_SHIFT","reason":"EURUSD","ticket":null,"detail":{"position_ticket":1979865377,"side":"long","layer_index":6,"accrued_ledger_pips":0.000,"pending_pips":-0.799,"accrued_pips_total":-0.799,"old_price":1.12483,"new_price":1.12491,"clamped":false,"sign_guard_skipped":false,"retcode":10009,"points_native_pips":-0.799}}
11,103,1790898789001,ea_event,CARRY_PASS_SUMMARY,{"type":"ea_event","seq":61,"ea_time_ms":96766890,"magic":null,"level":"INFO","code":"CARRY_PASS_SUMMARY","reason":"EURUSD","ticket":null,"detail":{"eligible":7,"shifted":2,"clamped":0,"skipped":0,"failed":0,"incomplete":false}}
12,-1,1790909138790,ea_event,,{"type":"fill_log","seq":0,"ea_time_ms":96766953,"magic":22260201,"deal_ticket":800000001,"order_ticket":9000,"position_id":900000001,"entry_type":"IN","deal_type":"SELL","side":"S","layer_index":0,"role":"ENT","deal_price":1.12458,"order_price_open":null,"slippage_pips":null,"volume":0.00,"profit":0.00,"swap":0.00,"commission":0.00,"deal_time_broker":"2026-10-02 02:45:38","deal_time_broker_msc":1790909138000,"halted_at_receipt":false,"quarantined_at_receipt":false}
12,0,1790910024410,ea_event,,{"type":"fill_log","seq":1,"ea_time_ms":96766968,"magic":22260201,"deal_ticket":800000002,"order_ticket":1980106131,"position_id":900000002,"entry_type":"IN","deal_type":"BUY","side":"L","layer_index":6,"role":"EXT","deal_price":1.12494,"order_price_open":null,"slippage_pips":null,"volume":0.00,"profit":0.00,"swap":0.00,"commission":0.00,"deal_time_broker":"2026-10-02 03:00:24","deal_time_broker_msc":1790910024000,"halted_at_receipt":false,"quarantined_at_receipt":false}
12,3,1790911803693,ea_event,,{"type":"fill_log","seq":2,"ea_time_ms":96767000,"magic":22260201,"deal_ticket":800000003,"order_ticket":9006,"position_id":900000003,"entry_type":"IN","deal_type":"BUY","side":"L","layer_index":6,"role":"ENT","deal_price":1.12384,"order_price_open":null,"slippage_pips":null,"volume":0.00,"profit":0.00,"swap":0.00,"commission":0.00,"deal_time_broker":"2026-10-02 03:30:03","deal_time_broker_msc":1790911803000,"halted_at_receipt":false,"quarantined_at_receipt":false}
12,4,1790912323368,ea_event,,{"type":"fill_log","seq":3,"ea_time_ms":96767015,"magic":22260201,"deal_ticket":800000004,"order_ticket":9004,"position_id":900000004,"entry_type":"IN","deal_type":"SELL","side":"S","layer_index":0,"role":"EXT","deal_price":1.12358,"order_price_open":null,"slippage_pips":null,"volume":0.00,"profit":0.00,"swap":0.00,"commission":0.00,"deal_time_broker":"2026-10-02 03:38:43","deal_time_broker_msc":1790912323000,"halted_at_receipt":false,"quarantined_at_receipt":false}
12,7,1790915683581,ea_event,,{"type":"fill_log","seq":4,"ea_time_ms":96767062,"magic":22260201,"deal_ticket":800000005,"order_ticket":9008,"position_id":900000005,"entry_type":"IN","deal_type":"BUY","side":"L","layer_index":7,"role":"ENT","deal_price":1.12323,"order_price_open":null,"slippage_pips":null,"volume":0.00,"profit":0.00,"swap":0.00,"commission":0.00,"deal_time_broker":"2026-10-02 04:34:43","deal_time_broker_msc":1790915683000,"halted_at_receipt":false,"quarantined_at_receipt":false}
12,8,1790917641846,ea_event,,{"type":"fill_log","seq":5,"ea_time_ms":96767093,"magic":22260201,"deal_ticket":800000006,"order_ticket":9012,"position_id":900000006,"entry_type":"IN","deal_type":"BUY","side":"L","layer_index":7,"role":"EXT","deal_price":1.12422,"order_price_open":null,"slippage_pips":null,"volume":0.00,"profit":0.00,"swap":0.00,"commission":0.00,"deal_time_broker":"2026-10-02 05:07:21","deal_time_broker_msc":1790917641000,"halted_at_receipt":false,"quarantined_at_receipt":false}
12,12,1790919099207,ea_event,STRAY_L0_CANCEL,{"type":"ea_event","seq":6,"ea_time_ms":96767125,"magic":null,"level":"WARN","code":"STRAY_L0_CANCEL","reason":null,"ticket":9010,"detail":{"side":"S","depth":1}}
13,-1,1790921933357,ea_event,,{"type":"fill_log","seq":0,"ea_time_ms":96767156,"magic":22260201,"deal_ticket":800000001,"order_ticket":1981329208,"position_id":900000001,"entry_type":"IN","deal_type":"BUY","side":"L","layer_index":6,"role":"EXT","deal_price":1.12483,"order_price_open":null,"slippage_pips":null,"volume":0.00,"profit":0.00,"swap":0.00,"commission":0.00,"deal_time_broker":"2026-10-02 06:18:53","deal_time_broker_msc":1790921933000,"halted_at_receipt":false,"quarantined_at_receipt":false}
13,2,1790922322322,ea_event,,{"type":"fill_log","seq":1,"ea_time_ms":96767171,"magic":22260201,"deal_ticket":800000002,"order_ticket":1981380746,"position_id":900000002,"entry_type":"IN","deal_type":"SELL","side":"S","layer_index":1,"role":"ENT","deal_price":1.12489,"order_price_open":null,"slippage_pips":null,"volume":0.00,"profit":0.00,"swap":0.00,"commission":0.00,"deal_time_broker":"2026-10-02 06:25:22","deal_time_broker_msc":1790922322000,"halted_at_receipt":false,"quarantined_at_receipt":false}
13,3,1790926328326,ea_event,,{"type":"fill_log","seq":2,"ea_time_ms":96767218,"magic":22260201,"deal_ticket":800000003,"order_ticket":9003,"position_id":900000003,"entry_type":"IN","deal_type":"SELL","side":"S","layer_index":2,"role":"ENT","deal_price":1.12550,"order_price_open":null,"slippage_pips":null,"volume":0.00,"profit":0.00,"swap":0.00,"commission":0.00,"deal_time_broker":"2026-10-02 07:32:08","deal_time_broker_msc":1790926328000,"halted_at_receipt":false,"quarantined_at_receipt":false}
13,4,1790926337568,ea_event,,{"type":"fill_log","seq":3,"ea_time_ms":96767218,"magic":22260201,"deal_ticket":800000004,"order_ticket":9000,"position_id":900000004,"entry_type":"IN","deal_type":"BUY","side":"L","layer_index":5,"role":"EXT","deal_price":1.12552,"order_price_open":null,"slippage_pips":null,"volume":0.00,"profit":0.00,"swap":0.00,"commission":0.00,"deal_time_broker":"2026-10-02 07:32:17","deal_time_broker_msc":1790926337000,"halted_at_receipt":false,"quarantined_at_receipt":false}
13,7,1790934965605,ea_event,,{"type":"fill_log","seq":4,"ea_time_ms":96767468,"magic":22260201,"deal_ticket":800000005,"order_ticket":9006,"position_id":900000005,"entry_type":"IN","deal_type":"SELL","side":"S","layer_index":3,"role":"ENT","deal_price":1.12610,"order_price_open":null,"slippage_pips":null,"volume":0.00,"profit":0.00,"swap":0.00,"commission":0.00,"deal_time_broker":"2026-10-02 09:56:05","deal_time_broker_msc":1790934965000,"halted_at_receipt":false,"quarantined_at_receipt":false}
13,8,1790934969030,ea_event,,{"type":"fill_log","seq":5,"ea_time_ms":96767468,"magic":22260201,"deal_ticket":800000006,"order_ticket":9008,"position_id":900000006,"entry_type":"IN","deal_type":"BUY","side":"L","layer_index":4,"role":"EXT","deal_price":1.12614,"order_price_open":null,"slippage_pips":null,"volume":0.00,"profit":0.00,"swap":0.00,"commission":0.00,"deal_time_broker":"2026-10-02 09:56:09","deal_time_broker_msc":1790934969000,"halted_at_receipt":false,"quarantined_at_receipt":false}
13,11,1790939277417,ea_event,,{"type":"fill_log","seq":6,"ea_time_ms":96767625,"magic":22260201,"deal_ticket":800000007,"order_ticket":9011,"position_id":900000007,"entry_type":"IN","deal_type":"SELL","side":"S","layer_index":4,"role":"ENT","deal_price":1.12671,"order_price_open":null,"slippage_pips":null,"volume":0.00,"profit":0.00,"swap":0.00,"commission":0.00,"deal_time_broker":"2026-10-02 11:07:57","deal_time_broker_msc":1790939277000,"halted_at_receipt":false,"quarantined_at_receipt":false}
13,11,1790939278021,ea_event,,{"type":"fill_log","seq":7,"ea_time_ms":96767625,"magic":22260201,"deal_ticket":800000008,"order_ticket":9013,"position_id":900000008,"entry_type":"IN","deal_type":"BUY","side":"L","layer_index":3,"role":"EXT","deal_price":1.12671,"order_price_open":null,"slippage_pips":null,"volume":0.00,"profit":0.00,"swap":0.00,"commission":0.00,"deal_time_broker":"2026-10-02 11:07:57","deal_time_broker_msc":1790939277000,"halted_at_receipt":false,"quarantined_at_receipt":false}
13,15,1790939895773,ea_event,,{"type":"fill_log","seq":8,"ea_time_ms":96767656,"magic":22260201,"deal_ticket":800000009,"order_ticket":9018,"position_id":900000009,"entry_type":"IN","deal_type":"SELL","side":"S","layer_index":4,"role":"EXT","deal_price":1.12569,"order_price_open":null,"slippage_pips":null,"volume":0.00,"profit":0.00,"swap":0.00,"commission":0.00,"deal_time_broker":"2026-10-02 11:18:15","deal_time_broker_msc":1790939895000,"halted_at_receipt":false,"quarantined_at_receipt":false}
13,18,1790939916662,ea_event,,{"type":"fill_log","seq":9,"ea_time_ms":96767656,"magic":22260201,"deal_ticket":800000010,"order_ticket":9019,"position_id":900000010,"entry_type":"IN","deal_type":"BUY","side":"L","layer_index":3,"role":"ENT","deal_price":1.12563,"order_price_open":null,"slippage_pips":null,"volume":0.00,"profit":0.00,"swap":0.00,"commission":0.00,"deal_time_broker":"2026-10-02 11:18:36","deal_time_broker_msc":1790939916000,"halted_at_receipt":false,"quarantined_at_receipt":false}
13,19,1790941163653,ea_event,,{"type":"fill_log","seq":10,"ea_time_ms":96767687,"magic":22260201,"deal_ticket":800000011,"order_ticket":9020,"position_id":900000011,"entry_type":"IN","deal_type":"SELL","side":"S","layer_index":3,"role":"EXT","deal_price":1.12509,"order_price_open":null,"slippage_pips":null,"volume":0.00,"profit":0.00,"swap":0.00,"commission":0.00,"deal_time_broker":"2026-10-02 11:39:23","deal_time_broker_msc":1790941163000,"halted_at_receipt":false,"quarantined_at_receipt":false}
13,22,1790941410705,ea_event,,{"type":"fill_log","seq":11,"ea_time_ms":96767703,"magic":22260201,"deal_ticket":800000012,"order_ticket":9023,"position_id":900000012,"entry_type":"IN","deal_type":"BUY","side":"L","layer_index":4,"role":"ENT","deal_price":1.12504,"order_price_open":null,"slippage_pips":null,"volume":0.00,"profit":0.00,"swap":0.00,"commission":0.00,"deal_time_broker":"2026-10-02 11:43:30","deal_time_broker_msc":1790941410000,"halted_at_receipt":false,"quarantined_at_receipt":false}
13,23,1790946640428,ea_event,,{"type":"fill_log","seq":12,"ea_time_ms":96767843,"magic":22260201,"deal_ticket":800000013,"order_ticket":9025,"position_id":900000013,"entry_type":"IN","deal_type":"SELL","side":"S","layer_index":2,"role":"EXT","deal_price":1.12451,"order_price_open":null,"slippage_pips":null,"volume":0.00,"profit":0.00,"swap":0.00,"commission":0.00,"deal_time_broker":"2026-10-02 13:10:40","deal_time_broker_msc":1790946640000,"halted_at_receipt":false,"quarantined_at_receipt":false}
13,26,1790946662574,ea_event,,{"type":"fill_log","seq":13,"ea_time_ms":96767843,"magic":22260201,"deal_ticket":800000014,"order_ticket":9028,"position_id":900000014,"entry_type":"IN","deal_type":"BUY","side":"L","layer_index":5,"role":"ENT","deal_price":1.12444,"order_price_open":null,"slippage_pips":null,"volume":0.00,"profit":0.00,"swap":0.00,"commission":0.00,"deal_time_broker":"2026-10-02 13:11:02","deal_time_broker_msc":1790946662000,"halted_at_receipt":false,"quarantined_at_receipt":false}
13,27,1790946929188,ea_event,,{"type":"fill_log","seq":14,"ea_time_ms":96767859,"magic":22260201,"deal_ticket":800000015,"order_ticket":9030,"position_id":900000015,"entry_type":"IN","deal_type":"SELL","side":"S","layer_index":1,"role":"EXT","deal_price":1.12388,"order_price_open":null,"slippage_pips":null,"volume":0.00,"profit":0.00,"swap":0.00,"commission":0.00,"deal_time_broker":"2026-10-02 13:15:29","deal_time_broker_msc":1790946929000,"halted_at_receipt":false,"quarantined_at_receipt":false}
13,31,1790947243626,ea_event,,{"type":"fill_log","seq":15,"ea_time_ms":96767875,"magic":22260201,"deal_ticket":800000016,"order_ticket":1981380736,"position_id":900000016,"entry_type":"IN","deal_type":"SELL","side":"S","layer_index":0,"role":"EXT","deal_price":1.12323,"order_price_open":null,"slippage_pips":null,"volume":0.00,"profit":0.00,"swap":0.00,"commission":0.00,"deal_time_broker":"2026-10-02 13:20:43","deal_time_broker_msc":1790947243000,"halted_at_receipt":false,"quarantined_at_receipt":false}
13,32,1790947244368,ea_event,,{"type":"fill_log","seq":16,"ea_time_ms":96767875,"magic":22260201,"deal_ticket":800000017,"order_ticket":9037,"position_id":900000017,"entry_type":"IN","deal_type":"BUY","side":"L","layer_index":7,"role":"ENT","deal_price":1.12322,"order_price_open":null,"slippage_pips":null,"volume":0.00,"profit":0.00,"swap":0.00,"commission":0.00,"deal_time_broker":"2026-10-02 13:20:43","deal_time_broker_msc":1790947243000,"halted_at_receipt":false,"quarantined_at_receipt":false}
13,36,1790947830232,ea_event,STRAY_L0_CANCEL,{"type":"ea_event","seq":17,"ea_time_ms":96767890,"magic":null,"level":"WARN","code":"STRAY_L0_CANCEL","reason":null,"ticket":9038,"detail":{"side":"S","depth":1}}
13,36,1790949812030,ea_event,,{"type":"fill_log","seq":18,"ea_time_ms":96767968,"magic":22260201,"deal_ticket":800000018,"order_ticket":9041,"position_id":900000018,"entry_type":"IN","deal_type":"SELL","side":"S","layer_index":0,"role":"EXT","deal_price":1.12286,"order_price_open":null,"slippage_pips":null,"volume":0.00,"profit":0.00,"swap":0.00,"commission":0.00,"deal_time_broker":"2026-10-02 14:03:32","deal_time_broker_msc":1790949812000,"halted_at_receipt":false,"quarantined_at_receipt":false}
13,39,1790950585962,ea_event,,{"type":"fill_log","seq":19,"ea_time_ms":96767984,"magic":22260201,"deal_ticket":800000019,"order_ticket":9043,"position_id":900000019,"entry_type":"IN","deal_type":"SELL","side":"S","layer_index":0,"role":"ENT","deal_price":1.12357,"order_price_open":null,"slippage_pips":null,"volume":0.00,"profit":0.00,"swap":0.00,"commission":0.00,"deal_time_broker":"2026-10-02 14:16:25","deal_time_broker_msc":1790950585000,"halted_at_receipt":false,"quarantined_at_receipt":false}
13,40,1790951759001,ea_event,,{"type":"fill_log","seq":20,"ea_time_ms":96768031,"magic":22260201,"deal_ticket":800000020,"order_ticket":9045,"position_id":900000020,"entry_type":"IN","deal_type":"SELL","side":"S","layer_index":1,"role":"ENT","deal_price":1.12417,"order_price_open":null,"slippage_pips":null,"volume":0.00,"profit":0.00,"swap":0.00,"commission":0.00,"deal_time_broker":"2026-10-02 14:35:59","deal_time_broker_msc":1790951759000,"halted_at_receipt":false,"quarantined_at_receipt":false}
13,41,1790952261992,ea_event,,{"type":"fill_log","seq":21,"ea_time_ms":96768046,"magic":22260201,"deal_ticket":800000021,"order_ticket":9040,"position_id":900000021,"entry_type":"IN","deal_type":"BUY","side":"L","layer_index":7,"role":"EXT","deal_price":1.12422,"order_price_open":null,"slippage_pips":null,"volume":0.00,"profit":0.00,"swap":0.00,"commission":0.00,"deal_time_broker":"2026-10-02 14:44:21","deal_time_broker_msc":1790952261000,"halted_at_receipt":false,"quarantined_at_receipt":false}
13,44,1790952789833,ea_event,,{"type":"fill_log","seq":22,"ea_time_ms":96768062,"magic":22260201,"deal_ticket":800000022,"order_ticket":9051,"position_id":900000022,"entry_type":"IN","deal_type":"BUY","side":"L","layer_index":7,"role":"ENT","deal_price":1.12322,"order_price_open":null,"slippage_pips":null,"volume":0.00,"profit":0.00,"swap":0.00,"commission":0.00,"deal_time_broker":"2026-10-02 14:53:09","deal_time_broker_msc":1790952789000,"halted_at_receipt":false,"quarantined_at_receipt":false}
13,45,1790952797261,ea_event,,{"type":"fill_log","seq":23,"ea_time_ms":96768062,"magic":22260201,"deal_ticket":800000023,"order_ticket":9049,"position_id":900000023,"entry_type":"IN","deal_type":"SELL","side":"S","layer_index":1,"role":"EXT","deal_price":1.12318,"order_price_open":null,"slippage_pips":null,"volume":0.00,"profit":0.00,"swap":0.00,"commission":0.00,"deal_time_broker":"2026-10-02 14:53:17","deal_time_broker_msc":1790952797000,"halted_at_receipt":false,"quarantined_at_receipt":false}
13,48,1790953563369,ea_event,ROLL_ACCEPTED,{"type":"ea_event","seq":24,"ea_time_ms":96768093,"magic":null,"level":"INFO","code":"ROLL_ACCEPTED","reason":null,"ticket":1982129007,"detail":{"ticket":1982129007,"side":"L","layer_index":3,"entry":1.12563,"level":1.12262,"target":1.12362,"accrued":0.00000,"clamped":false,"cost":0.00201,"cost_pips":20.1,"rolled":4,"was_ejected":false,"source":"auto","reroll":false,"from_level":0.00000}}
13,49,1790953608014,ea_event,,{"type":"fill_log","seq":25,"ea_time_ms":96768093,"magic":22260201,"deal_ticket":800000024,"order_ticket":9046,"position_id":900000024,"entry_type":"IN","deal_type":"SELL","side":"S","layer_index":0,"role":"EXT","deal_price":1.12256,"order_price_open":null,"slippage_pips":null,"volume":0.00,"profit":0.00,"swap":0.00,"commission":0.00,"deal_time_broker":"2026-10-02 15:06:48","deal_time_broker_msc":1790953608000,"halted_at_receipt":false,"quarantined_at_receipt":false}
13,52,1790954738679,ea_event,,{"type":"fill_log","seq":26,"ea_time_ms":96768140,"magic":22260201,"deal_ticket":800000025,"order_ticket":9056,"position_id":900000025,"entry_type":"IN","deal_type":"SELL","side":"S","layer_index":0,"role":"ENT","deal_price":1.12287,"order_price_open":null,"slippage_pips":null,"volume":0.00,"profit":0.00,"swap":0.00,"commission":0.00,"deal_time_broker":"2026-10-02 15:25:38","deal_time_broker_msc":1790954738000,"halted_at_receipt":false,"quarantined_at_receipt":false}
13,53,1790955002345,ea_event,,{"type":"fill_log","seq":27,"ea_time_ms":96768156,"magic":22260201,"deal_ticket":800000026,"order_ticket":9055,"position_id":900000026,"entry_type":"IN","deal_type":"BUY","side":"L","layer_index":3,"role":"EXT","deal_price":1.12573,"order_price_open":null,"slippage_pips":null,"volume":0.00,"profit":0.00,"swap":0.00,"commission":0.00,"deal_time_broker":"2026-10-02 15:30:02","deal_time_broker_msc":1790955002000,"halted_at_receipt":false,"quarantined_at_receipt":false}
13,53,1790955002345,ea_event,,{"type":"fill_log","seq":28,"ea_time_ms":96768156,"magic":22260201,"deal_ticket":800000027,"order_ticket":9058,"position_id":900000027,"entry_type":"IN","deal_type":"SELL","side":"S","layer_index":1,"role":"ENT","deal_price":1.12573,"order_price_open":null,"slippage_pips":null,"volume":0.00,"profit":0.00,"swap":0.00,"commission":0.00,"deal_time_broker":"2026-10-02 15:30:02","deal_time_broker_msc":1790955002000,"halted_at_receipt":false,"quarantined_at_receipt":false}
13,53,1790955003755,ea_event,,{"type":"fill_log","seq":29,"ea_time_ms":96768156,"magic":22260201,"deal_ticket":800000028,"order_ticket":700000028,"position_id":1982129007,"entry_type":"OUT_BY","deal_type":"SELL","side":null,"layer_index":null,"role":null,"deal_price":1.12573,"order_price_open":null,"slippage_pips":null,"volume":0.00,"profit":0.10,"swap":0.00,"commission":0.00,"deal_time_broker":"2026-10-02 15:30:03","deal_time_broker_msc":1790955003000,"halted_at_receipt":false,"quarantined_at_receipt":false}
13,53,1790955003755,ea_event,ROLL_FILLED,{"type":"ea_event","seq":30,"ea_time_ms":96768156,"magic":null,"level":"INFO","code":"ROLL_FILLED","reason":null,"ticket":1982129007,"detail":{"ticket":1982129007,"level":1.12262}}
13,53,1790955003755,ea_event,,{"type":"fill_log","seq":31,"ea_time_ms":96768156,"magic":22260201,"deal_ticket":800000029,"order_ticket":700000028,"position_id":900000026,"entry_type":"OUT_BY","deal_type":"SELL","side":null,"layer_index":null,"role":null,"deal_price":1.12563,"order_price_open":null,"slippage_pips":null,"volume":0.00,"profit":0.00,"swap":0.00,"commission":0.00,"deal_time_broker":"2026-10-02 15:30:03","deal_time_broker_msc":1790955003000,"halted_at_receipt":false,"quarantined_at_receipt":false}
13,53,1790955003755,scalp,SCALP_CLOSED,{"close_time":"2026-10-02T15:30:03Z","instrument":"EURUSD","direction":"LONG","entry_price":1.12563,"exit_price":1.12573,"layer_depth":3,"stack_depth":8,"gross_pnl":0.10,"instance_id":"GRIND_EURUSD_OPTC","ejected":false,"rolled":true,"broker_utc_offset_s":10800,"account_login":53077984}
13,53,1790955005726,ea_event,,{"type":"fill_log","seq":32,"ea_time_ms":96768156,"magic":22260201,"deal_ticket":800000030,"order_ticket":9062,"position_id":900000028,"entry_type":"IN","deal_type":"BUY","side":"L","layer_index":7,"role":"EXT","deal_price":1.12600,"order_price_open":null,"slippage_pips":null,"volume":0.00,"profit":0.00,"swap":0.00,"commission":0.00,"deal_time_broker":"2026-10-02 15:30:05","deal_time_broker_msc":1790955005000,"halted_at_receipt":false,"quarantined_at_receipt":false}
13,53,1790955006961,ea_event,,{"type":"fill_log","seq":33,"ea_time_ms":96768156,"magic":22260201,"deal_ticket":800000031,"order_ticket":700000031,"position_id":1982637495,"entry_type":"OUT_BY","deal_type":"SELL","side":null,"layer_index":null,"role":null,"deal_price":1.12600,"order_price_open":null,"slippage_pips":null,"volume":0.00,"profit":2.78,"swap":0.00,"commission":0.00,"deal_time_broker":"2026-10-02 15:30:06","deal_time_broker_msc":1790955006000,"halted_at_receipt":false,"quarantined_at_receipt":false}
13,53,1790955006961,ea_event,,{"type":"fill_log","seq":34,"ea_time_ms":96768156,"magic":22260201,"deal_ticket":800000032,"order_ticket":700000031,"position_id":900000028,"entry_type":"OUT_BY","deal_type":"SELL","side":null,"layer_index":null,"role":null,"deal_price":1.12322,"order_price_open":null,"slippage_pips":null,"volume":0.00,"profit":0.00,"swap":0.00,"commission":0.00,"deal_time_broker":"2026-10-02 15:30:06","deal_time_broker_msc":1790955006000,"halted_at_receipt":false,"quarantined_at_receipt":false}
13,53,1790955006961,scalp,SCALP_CLOSED,{"close_time":"2026-10-02T15:30:06Z","instrument":"EURUSD","direction":"LONG","entry_price":1.12322,"exit_price":1.12600,"layer_depth":7,"stack_depth":7,"gross_pnl":2.78,"instance_id":"GRIND_EURUSD_OPTC","ejected":false,"rolled":false,"broker_utc_offset_s":10800,"account_login":53077984}
13,53,1790955010941,ea_event,,{"type":"fill_log","seq":35,"ea_time_ms":96768156,"magic":22260201,"deal_ticket":800000033,"order_ticket":9060,"position_id":900000029,"entry_type":"IN","deal_type":"SELL","side":"S","layer_index":1,"role":"EXT","deal_price":1.12469,"order_price_open":null,"slippage_pips":null,"volume":0.00,"profit":0.00,"swap":0.00,"commission":0.00,"deal_time_broker":"2026-10-02 15:30:10","deal_time_broker_msc":1790955010000,"halted_at_receipt":false,"quarantined_at_receipt":false}
13,55,1790955014353,ea_event,,{"type":"fill_log","seq":36,"ea_time_ms":96768156,"magic":22260201,"deal_ticket":800000034,"order_ticket":9066,"position_id":900000030,"entry_type":"IN","deal_type":"BUY","side":"L","layer_index":7,"role":"EXT","deal_price":1.12455,"order_price_open":null,"slippage_pips":null,"volume":0.00,"profit":0.00,"swap":0.00,"commission":0.00,"deal_time_broker":"2026-10-02 15:30:14","deal_time_broker_msc":1790955014000,"halted_at_receipt":false,"quarantined_at_receipt":false}
13,55,1790955015188,ea_event,,{"type":"fill_log","seq":37,"ea_time_ms":96768156,"magic":22260201,"deal_ticket":800000035,"order_ticket":700000035,"position_id":1982637495,"entry_type":"OUT_BY","deal_type":"SELL","side":null,"layer_index":null,"role":null,"deal_price":1.12455,"order_price_open":null,"slippage_pips":null,"volume":0.00,"profit":1.33,"swap":0.00,"commission":0.00,"deal_time_broker":"2026-10-02 15:30:15","deal_time_broker_msc":1790955015000,"halted_at_receipt":false,"quarantined_at_receipt":false}
13,55,1790955015188,ea_event,,{"type":"fill_log","seq":38,"ea_time_ms":96768156,"magic":22260201,"deal_ticket":800000036,"order_ticket":700000035,"position_id":900000030,"entry_type":"OUT_BY","deal_type":"SELL","side":null,"layer_index":null,"role":null,"deal_price":1.12322,"order_price_open":null,"slippage_pips":null,"volume":0.00,"profit":0.00,"swap":0.00,"commission":0.00,"deal_time_broker":"2026-10-02 15:30:15","deal_time_broker_msc":1790955015000,"halted_at_receipt":false,"quarantined_at_receipt":false}
13,55,1790955015188,scalp,SCALP_CLOSED,{"close_time":"2026-10-02T15:30:15Z","instrument":"EURUSD","direction":"LONG","entry_price":1.12322,"exit_price":1.12455,"layer_depth":7,"stack_depth":7,"gross_pnl":1.33,"instance_id":"GRIND_EURUSD_OPTC","ejected":false,"rolled":false,"broker_utc_offset_s":10800,"account_login":53077984}
13,57,1790955019194,ea_event,,{"type":"fill_log","seq":39,"ea_time_ms":96768156,"magic":22260201,"deal_ticket":800000037,"order_ticket":9071,"position_id":900000031,"entry_type":"IN","deal_type":"BUY","side":"L","layer_index":7,"role":"EXT","deal_price":1.12435,"order_price_open":null,"slippage_pips":null,"volume":0.00,"profit":0.00,"swap":0.00,"commission":0.00,"deal_time_broker":"2026-10-02 15:30:19","deal_time_broker_msc":1790955019000,"halted_at_receipt":false,"quarantined_at_receipt":false}
13,57,1790955019600,ea_event,,{"type":"fill_log","seq":40,"ea_time_ms":96768156,"magic":22260201,"deal_ticket":800000038,"order_ticket":700000038,"position_id":1982637495,"entry_type":"OUT_BY","deal_type":"SELL","side":null,"layer_index":null,"role":null,"deal_price":1.12435,"order_price_open":null,"slippage_pips":null,"volume":0.00,"profit":1.13,"swap":0.00,"commission":0.00,"deal_time_broker":"2026-10-02 15:30:19","deal_time_broker_msc":1790955019000,"halted_at_receipt":false,"quarantined_at_receipt":false}
13,57,1790955019600,ea_event,,{"type":"fill_log","seq":41,"ea_time_ms":96768156,"magic":22260201,"deal_ticket":800000039,"order_ticket":700000038,"position_id":900000031,"entry_type":"OUT_BY","deal_type":"SELL","side":null,"layer_index":null,"role":null,"deal_price":1.12322,"order_price_open":null,"slippage_pips":null,"volume":0.00,"profit":0.00,"swap":0.00,"commission":0.00,"deal_time_broker":"2026-10-02 15:30:19","deal_time_broker_msc":1790955019000,"halted_at_receipt":false,"quarantined_at_receipt":false}
13,57,1790955019600,scalp,SCALP_CLOSED,{"close_time":"2026-10-02T15:30:19Z","instrument":"EURUSD","direction":"LONG","entry_price":1.12322,"exit_price":1.12435,"layer_depth":7,"stack_depth":7,"gross_pnl":1.13,"instance_id":"GRIND_EURUSD_OPTC","ejected":false,"rolled":false,"broker_utc_offset_s":10800,"account_login":53077984}
13,60,1790955028397,ea_event,,{"type":"fill_log","seq":42,"ea_time_ms":96768156,"magic":22260201,"deal_ticket":800000040,"order_ticket":9073,"position_id":900000032,"entry_type":"IN","deal_type":"BUY","side":"L","layer_index":6,"role":"EXT","deal_price":1.12480,"order_price_open":null,"slippage_pips":null,"volume":0.00,"profit":0.00,"swap":0.00,"commission":0.00,"deal_time_broker":"2026-10-02 15:30:28","deal_time_broker_msc":1790955028000,"halted_at_receipt":false,"quarantined_at_receipt":false}
13,60,1790955028831,ea_event,,{"type":"fill_log","seq":43,"ea_time_ms":96768156,"magic":22260201,"deal_ticket":800000041,"order_ticket":700000041,"position_id":1982416531,"entry_type":"OUT_BY","deal_type":"SELL","side":null,"layer_index":null,"role":null,"deal_price":1.12480,"order_price_open":null,"slippage_pips":null,"volume":0.00,"profit":0.96,"swap":0.00,"commission":0.00,"deal_time_broker":"2026-10-02 15:30:28","deal_time_broker_msc":1790955028000,"halted_at_receipt":false,"quarantined_at_receipt":false}
13,60,1790955028831,ea_event,,{"type":"fill_log","seq":44,"ea_time_ms":96768156,"magic":22260201,"deal_ticket":800000042,"order_ticket":700000041,"position_id":900000032,"entry_type":"OUT_BY","deal_type":"SELL","side":null,"layer_index":null,"role":null,"deal_price":1.12384,"order_price_open":null,"slippage_pips":null,"volume":0.00,"profit":0.00,"swap":0.00,"commission":0.00,"deal_time_broker":"2026-10-02 15:30:28","deal_time_broker_msc":1790955028000,"halted_at_receipt":false,"quarantined_at_receipt":false}
13,60,1790955028831,scalp,SCALP_CLOSED,{"close_time":"2026-10-02T15:30:28Z","instrument":"EURUSD","direction":"LONG","entry_price":1.12384,"exit_price":1.12480,"layer_depth":6,"stack_depth":6,"gross_pnl":0.96,"instance_id":"GRIND_EURUSD_OPTC","ejected":false,"rolled":false,"broker_utc_offset_s":10800,"account_login":53077984}
13,63,1790955056701,ea_event,,{"type":"fill_log","seq":45,"ea_time_ms":96768156,"magic":22260201,"deal_ticket":800000043,"order_ticket":9067,"position_id":900000033,"entry_type":"IN","deal_type":"SELL","side":"S","layer_index":1,"role":"EXT","deal_price":1.12401,"order_price_open":null,"slippage_pips":null,"volume":0.00,"profit":0.00,"swap":0.00,"commission":0.00,"deal_time_broker":"2026-10-02 15:30:56","deal_time_broker_msc":1790955056000,"halted_at_receipt":false,"quarantined_at_receipt":false}
13,66,1790955057732,ea_event,,{"type":"fill_log","seq":46,"ea_time_ms":96768156,"magic":22260201,"deal_ticket":800000044,"order_ticket":9077,"position_id":900000034,"entry_type":"IN","deal_type":"SELL","side":"S","layer_index":1,"role":"ENT","deal_price":1.12414,"order_price_open":null,"slippage_pips":null,"volume":0.00,"profit":0.00,"swap":0.00,"commission":0.00,"deal_time_broker":"2026-10-02 15:30:57","deal_time_broker_msc":1790955057000,"halted_at_receipt":false,"quarantined_at_receipt":false}
13,67,1790955071948,ea_event,,{"type":"fill_log","seq":47,"ea_time_ms":96768156,"magic":22260201,"deal_ticket":800000045,"order_ticket":9079,"position_id":900000035,"entry_type":"IN","deal_type":"SELL","side":"S","layer_index":2,"role":"ENT","deal_price":1.12485,"order_price_open":null,"slippage_pips":null,"volume":0.00,"profit":0.00,"swap":0.00,"commission":0.00,"deal_time_broker":"2026-10-02 15:31:11","deal_time_broker_msc":1790955071000,"halted_at_receipt":false,"quarantined_at_receipt":false}
13,68,1790955082379,ea_event,,{"type":"fill_log","seq":48,"ea_time_ms":96768171,"magic":22260201,"deal_ticket":800000046,"order_ticket":9075,"position_id":900000036,"entry_type":"IN","deal_type":"BUY","side":"L","layer_index":5,"role":"EXT","deal_price":1.12546,"order_price_open":null,"slippage_pips":null,"volume":0.00,"profit":0.00,"swap":0.00,"commission":0.00,"deal_time_broker":"2026-10-02 15:31:22","deal_time_broker_msc":1790955082000,"halted_at_receipt":false,"quarantined_at_receipt":false}
13,69,1790955083131,ea_event,,{"type":"fill_log","seq":49,"ea_time_ms":96768171,"magic":22260201,"deal_ticket":800000047,"order_ticket":9082,"position_id":900000037,"entry_type":"IN","deal_type":"SELL","side":"S","layer_index":3,"role":"ENT","deal_price":1.12544,"order_price_open":null,"slippage_pips":null,"volume":0.00,"profit":0.00,"swap":0.00,"commission":0.00,"deal_time_broker":"2026-10-02 15:31:22","deal_time_broker_msc":1790955082000,"halted_at_receipt":false,"quarantined_at_receipt":false}
13,72,1790955215100,ea_event,,{"type":"fill_log","seq":50,"ea_time_ms":96768171,"magic":22260201,"deal_ticket":800000048,"order_ticket":9087,"position_id":900000038,"entry_type":"IN","deal_type":"SELL","side":"S","layer_index":3,"role":"EXT","deal_price":1.12443,"order_price_open":null,"slippage_pips":null,"volume":0.00,"profit":0.00,"swap":0.00,"commission":0.00,"deal_time_broker":"2026-10-02 15:33:35","deal_time_broker_msc":1790955215000,"halted_at_receipt":false,"quarantined_at_receipt":false}
13,72,1790955215100,ea_event,,{"type":"fill_log","seq":51,"ea_time_ms":96768171,"magic":22260201,"deal_ticket":800000049,"order_ticket":9088,"position_id":900000039,"entry_type":"IN","deal_type":"BUY","side":"L","layer_index":5,"role":"ENT","deal_price":1.12443,"order_price_open":null,"slippage_pips":null,"volume":0.00,"profit":0.00,"swap":0.00,"commission":0.00,"deal_time_broker":"2026-10-02 15:33:35","deal_time_broker_msc":1790955215000,"halted_at_receipt":false,"quarantined_at_receipt":false}
13,76,1790955770434,ea_event,,{"type":"fill_log","seq":52,"ea_time_ms":96768218,"magic":22260201,"deal_ticket":800000050,"order_ticket":9092,"position_id":900000040,"entry_type":"IN","deal_type":"SELL","side":"S","layer_index":2,"role":"EXT","deal_price":1.12384,"order_price_open":null,"slippage_pips":null,"volume":0.00,"profit":0.00,"swap":0.00,"commission":0.00,"deal_time_broker":"2026-10-02 15:42:50","deal_time_broker_msc":1790955770000,"halted_at_receipt":false,"quarantined_at_receipt":false}
13,79,1790955774656,ea_event,,{"type":"fill_log","seq":53,"ea_time_ms":96768218,"magic":22260201,"deal_ticket":800000051,"order_ticket":9090,"position_id":900000041,"entry_type":"IN","deal_type":"BUY","side":"L","layer_index":6,"role":"ENT","deal_price":1.12383,"order_price_open":null,"slippage_pips":null,"volume":0.00,"profit":0.00,"swap":0.00,"commission":0.00,"deal_time_broker":"2026-10-02 15:42:54","deal_time_broker_msc":1790955774000,"halted_at_receipt":false,"quarantined_at_receipt":false}
13,80,1790956165781,ea_event,,{"type":"fill_log","seq":54,"ea_time_ms":96768250,"magic":22260201,"deal_ticket":800000052,"order_ticket":9095,"position_id":900000042,"entry_type":"IN","deal_type":"SELL","side":"S","layer_index":2,"role":"ENT","deal_price":1.12483,"order_price_open":null,"slippage_pips":null,"volume":0.00,"profit":0.00,"swap":0.00,"commission":0.00,"deal_time_broker":"2026-10-02 15:49:25","deal_time_broker_msc":1790956165000,"halted_at_receipt":false,"quarantined_at_receipt":false}
13,80,1790956166385,ea_event,,{"type":"fill_log","seq":55,"ea_time_ms":96768250,"magic":22260201,"deal_ticket":800000053,"order_ticket":9098,"position_id":900000043,"entry_type":"IN","deal_type":"BUY","side":"L","layer_index":6,"role":"EXT","deal_price":1.12483,"order_price_open":null,"slippage_pips":null,"volume":0.00,"profit":0.00,"swap":0.00,"commission":0.00,"deal_time_broker":"2026-10-02 15:49:25","deal_time_broker_msc":1790956165000,"halted_at_receipt":false,"quarantined_at_receipt":false}
13,84,1790956249059,ea_event,,{"type":"fill_log","seq":56,"ea_time_ms":96768265,"magic":22260201,"deal_ticket":800000054,"order_ticket":9100,"position_id":900000044,"entry_type":"IN","deal_type":"SELL","side":"S","layer_index":3,"role":"ENT","deal_price":1.12543,"order_price_open":null,"slippage_pips":null,"volume":0.00,"profit":0.00,"swap":0.00,"commission":0.00,"deal_time_broker":"2026-10-02 15:50:49","deal_time_broker_msc":1790956249000,"halted_at_receipt":false,"quarantined_at_receipt":false}
13,84,1790956249663,ea_event,,{"type":"fill_log","seq":57,"ea_time_ms":96768265,"magic":22260201,"deal_ticket":800000055,"order_ticket":9101,"position_id":900000045,"entry_type":"IN","deal_type":"BUY","side":"L","layer_index":5,"role":"EXT","deal_price":1.12543,"order_price_open":null,"slippage_pips":null,"volume":0.00,"profit":0.00,"swap":0.00,"commission":0.00,"deal_time_broker":"2026-10-02 15:50:49","deal_time_broker_msc":1790956249000,"halted_at_receipt":false,"quarantined_at_receipt":false}
13,88,1790956547043,ea_event,,{"type":"fill_log","seq":58,"ea_time_ms":96768281,"magic":22260201,"deal_ticket":800000056,"order_ticket":9105,"position_id":900000046,"entry_type":"IN","deal_type":"SELL","side":"S","layer_index":4,"role":"ENT","deal_price":1.12602,"order_price_open":null,"slippage_pips":null,"volume":0.00,"profit":0.00,"swap":0.00,"commission":0.00,"deal_time_broker":"2026-10-02 15:55:47","deal_time_broker_msc":1790956547000,"halted_at_receipt":false,"quarantined_at_receipt":false}
13,89,1790956547647,ea_event,,{"type":"fill_log","seq":59,"ea_time_ms":96768281,"magic":22260201,"deal_ticket":800000057,"order_ticket":9106,"position_id":900000047,"entry_type":"IN","deal_type":"BUY","side":"L","layer_index":4,"role":"EXT","deal_price":1.12605,"order_price_open":null,"slippage_pips":null,"volume":0.00,"profit":0.00,"swap":0.00,"commission":0.00,"deal_time_broker":"2026-10-02 15:55:47","deal_time_broker_msc":1790956547000,"halted_at_receipt":false,"quarantined_at_receipt":false}
13,92,1790957145042,ea_event,,{"type":"fill_log","seq":60,"ea_time_ms":96768328,"magic":22260201,"deal_ticket":800000058,"order_ticket":9113,"position_id":900000048,"entry_type":"IN","deal_type":"BUY","side":"L","layer_index":3,"role":"ENT","deal_price":1.12560,"order_price_open":null,"slippage_pips":null,"volume":0.00,"profit":0.00,"swap":0.00,"commission":0.00,"deal_time_broker":"2026-10-02 16:05:45","deal_time_broker_msc":1790957145000,"halted_at_receipt":false,"quarantined_at_receipt":false}
13,93,1790957388976,ea_event,,{"type":"fill_log","seq":61,"ea_time_ms":96768343,"magic":22260201,"deal_ticket":800000059,"order_ticket":9111,"position_id":900000049,"entry_type":"IN","deal_type":"SELL","side":"S","layer_index":4,"role":"EXT","deal_price":1.12503,"order_price_open":null,"slippage_pips":null,"volume":0.00,"profit":0.00,"swap":0.00,"commission":0.00,"deal_time_broker":"2026-10-02 16:09:48","deal_time_broker_msc":1790957388000,"halted_at_receipt":false,"quarantined_at_receipt":false}
13,96,1790957405679,ea_event,,{"type":"fill_log","seq":62,"ea_time_ms":96768343,"magic":22260201,"deal_ticket":800000060,"order_ticket":9115,"position_id":900000050,"entry_type":"IN","deal_type":"BUY","side":"L","layer_index":4,"role":"ENT","deal_price":1.12498,"order_price_open":null,"slippage_pips":null,"volume":0.00,"profit":0.00,"swap":0.00,"commission":0.00,"deal_time_broker":"2026-10-02 16:10:05","deal_time_broker_msc":1790957405000,"halted_at_receipt":false,"quarantined_at_receipt":false}
13,97,1790958101750,ea_event,,{"type":"fill_log","seq":63,"ea_time_ms":96768375,"magic":22260201,"deal_ticket":800000061,"order_ticket":9117,"position_id":900000051,"entry_type":"IN","deal_type":"SELL","side":"S","layer_index":3,"role":"EXT","deal_price":1.12441,"order_price_open":null,"slippage_pips":null,"volume":0.00,"profit":0.00,"swap":0.00,"commission":0.00,"deal_time_broker":"2026-10-02 16:21:41","deal_time_broker_msc":1790958101000,"halted_at_receipt":false,"quarantined_at_receipt":false}
13,100,1790958129090,ea_event,,{"type":"fill_log","seq":64,"ea_time_ms":96768375,"magic":22260201,"deal_ticket":800000062,"order_ticket":9120,"position_id":900000052,"entry_type":"IN","deal_type":"BUY","side":"L","layer_index":5,"role":"ENT","deal_price":1.12437,"order_price_open":null,"slippage_pips":null,"volume":0.00,"profit":0.00,"swap":0.00,"commission":0.00,"deal_time_broker":"2026-10-02 16:22:09","deal_time_broker_msc":1790958129000,"halted_at_receipt":false,"quarantined_at_receipt":false}
13,101,1790958563002,ea_event,,{"type":"fill_log","seq":65,"ea_time_ms":96768406,"magic":22260201,"deal_ticket":800000063,"order_ticket":9126,"position_id":900000053,"entry_type":"IN","deal_type":"BUY","side":"L","layer_index":5,"role":"EXT","deal_price":1.12537,"order_price_open":null,"slippage_pips":null,"volume":0.00,"profit":0.00,"swap":0.00,"commission":0.00,"deal_time_broker":"2026-10-02 16:29:23","deal_time_broker_msc":1790958563000,"halted_at_receipt":false,"quarantined_at_receipt":false}
13,104,1790959433151,ea_event,,{"type":"fill_log","seq":66,"ea_time_ms":96768453,"magic":22260201,"deal_ticket":800000064,"order_ticket":9123,"position_id":900000054,"entry_type":"IN","deal_type":"SELL","side":"S","layer_index":3,"role":"ENT","deal_price":1.12543,"order_price_open":null,"slippage_pips":null,"volume":0.00,"profit":0.00,"swap":0.00,"commission":0.00,"deal_time_broker":"2026-10-02 16:43:53","deal_time_broker_msc":1790959433000,"halted_at_receipt":false,"quarantined_at_receipt":false}
13,105,1790959636402,ea_event,,{"type":"fill_log","seq":67,"ea_time_ms":96768468,"magic":22260201,"deal_ticket":800000065,"order_ticket":9127,"position_id":900000055,"entry_type":"IN","deal_type":"BUY","side":"L","layer_index":4,"role":"EXT","deal_price":1.12599,"order_price_open":null,"slippage_pips":null,"volume":0.00,"profit":0.00,"swap":0.00,"commission":0.00,"deal_time_broker":"2026-10-02 16:47:16","deal_time_broker_msc":1790959636000,"halted_at_receipt":false,"quarantined_at_receipt":false}
13,108,1790959652685,ea_event,,{"type":"fill_log","seq":68,"ea_time_ms":96768468,"magic":22260201,"deal_ticket":800000066,"order_ticket":9130,"position_id":900000056,"entry_type":"IN","deal_type":"SELL","side":"S","layer_index":4,"role":"ENT","deal_price":1.12606,"order_price_open":null,"slippage_pips":null,"volume":0.00,"profit":0.00,"swap":0.00,"commission":0.00,"deal_time_broker":"2026-10-02 16:47:32","deal_time_broker_msc":1790959652000,"halted_at_receipt":false,"quarantined_at_receipt":false}
13,109,1790959779250,ea_event,,{"type":"fill_log","seq":69,"ea_time_ms":96768484,"magic":22260201,"deal_ticket":800000067,"order_ticket":9132,"position_id":900000057,"entry_type":"IN","deal_type":"BUY","side":"L","layer_index":3,"role":"EXT","deal_price":1.12658,"order_price_open":null,"slippage_pips":null,"volume":0.00,"profit":0.00,"swap":0.00,"commission":0.00,"deal_time_broker":"2026-10-02 16:49:39","deal_time_broker_msc":1790959779000,"halted_at_receipt":false,"quarantined_at_receipt":false}
13,112,1790959803162,ea_event,,{"type":"fill_log","seq":70,"ea_time_ms":96768484,"magic":22260201,"deal_ticket":800000068,"order_ticket":9135,"position_id":900000058,"entry_type":"IN","deal_type":"SELL","side":"S","layer_index":5,"role":"ENT","deal_price":1.12667,"order_price_open":null,"slippage_pips":null,"volume":0.00,"profit":0.00,"swap":0.00,"commission":0.00,"deal_time_broker":"2026-10-02 16:50:03","deal_time_broker_msc":1790959803000,"halted_at_receipt":false,"quarantined_at_receipt":false}
13,113,1790960281294,ea_event,,{"type":"fill_log","seq":71,"ea_time_ms":96768515,"magic":22260201,"deal_ticket":800000069,"order_ticket":9140,"position_id":900000059,"entry_type":"IN","deal_type":"SELL","side":"S","layer_index":6,"role":"ENT","deal_price":1.12728,"order_price_open":null,"slippage_pips":null,"volume":0.00,"profit":0.00,"swap":0.00,"commission":0.00,"deal_time_broker":"2026-10-02 16:58:01","deal_time_broker_msc":1790960281000,"halted_at_receipt":false,"quarantined_at_receipt":false}
13,114,1790960281898,ea_event,,{"type":"fill_log","seq":72,"ea_time_ms":96768515,"magic":22260201,"deal_ticket":800000070,"order_ticket":9137,"position_id":900000060,"entry_type":"IN","deal_type":"BUY","side":"L","layer_index":2,"role":"EXT","deal_price":1.12734,"order_price_open":null,"slippage_pips":null,"volume":0.00,"profit":0.00,"swap":0.00,"commission":0.00,"deal_time_broker":"2026-10-02 16:58:01","deal_time_broker_msc":1790960281000,"halted_at_receipt":false,"quarantined_at_receipt":false}
13,117,1790960283926,ea_event,,{"type":"fill_log","seq":73,"ea_time_ms":96768515,"magic":22260201,"deal_ticket":800000071,"order_ticket":9146,"position_id":900000061,"entry_type":"IN","deal_type":"BUY","side":"L","layer_index":2,"role":"ENT","deal_price":1.12746,"order_price_open":null,"slippage_pips":null,"volume":0.00,"profit":0.00,"swap":0.00,"commission":0.00,"deal_time_broker":"2026-10-02 16:58:03","deal_time_broker_msc":1790960283000,"halted_at_receipt":false,"quarantined_at_receipt":false}
13,118,1790960654676,ea_event,,{"type":"fill_log","seq":74,"ea_time_ms":96768531,"magic":22260201,"deal_ticket":800000072,"order_ticket":9143,"position_id":900000062,"entry_type":"IN","deal_type":"SELL","side":"S","layer_index":7,"role":"ENT","deal_price":1.12796,"order_price_open":null,"slippage_pips":null,"volume":0.00,"profit":0.00,"swap":0.00,"commission":0.00,"deal_time_broker":"2026-10-02 17:04:14","deal_time_broker_msc":1790960654000,"halted_at_receipt":false,"quarantined_at_receipt":false}
13,119,1790960911445,ea_event,,{"type":"fill_log","seq":75,"ea_time_ms":96768546,"magic":22260201,"deal_ticket":800000073,"order_ticket":9149,"position_id":900000063,"entry_type":"IN","deal_type":"BUY","side":"L","layer_index":2,"role":"EXT","deal_price":1.12843,"order_price_open":null,"slippage_pips":null,"volume":0.00,"profit":0.00,"swap":0.00,"commission":0.00,"deal_time_broker":"2026-10-02 17:08:31","deal_time_broker_msc":1790960911000,"halted_at_receipt":false,"quarantined_at_receipt":false}
13,122,1790960914276,ea_event,,{"type":"fill_log","seq":76,"ea_time_ms":96768546,"magic":22260201,"deal_ticket":800000074,"order_ticket":9153,"position_id":900000064,"entry_type":"IN","deal_type":"BUY","side":"L","layer_index":2,"role":"ENT","deal_price":1.12843,"order_price_open":null,"slippage_pips":null,"volume":0.00,"profit":0.00,"swap":0.00,"commission":0.00,"deal_time_broker":"2026-10-02 17:08:34","deal_time_broker_msc":1790960914000,"halted_at_receipt":false,"quarantined_at_receipt":false}
13,123,1790961083655,ea_event,,{"type":"fill_log","seq":77,"ea_time_ms":96768562,"magic":22260201,"deal_ticket":800000075,"order_ticket":9155,"position_id":900000065,"entry_type":"IN","deal_type":"BUY","side":"L","layer_index":3,"role":"ENT","deal_price":1.12774,"order_price_open":null,"slippage_pips":null,"volume":0.00,"profit":0.00,"swap":0.00,"commission":0.00,"deal_time_broker":"2026-10-02 17:11:23","deal_time_broker_msc":1790961083000,"halted_at_receipt":false,"quarantined_at_receipt":false}
14,-1,1790964242751,ea_event,,{"type":"fill_log","seq":0,"ea_time_ms":96769062,"magic":22260201,"deal_ticket":800000001,"order_ticket":1983447980,"position_id":900000001,"entry_type":"IN","deal_type":"BUY","side":"L","layer_index":4,"role":"ENT","deal_price":1.12717,"order_price_open":null,"slippage_pips":null,"volume":0.00,"profit":0.00,"swap":0.00,"commission":0.00,"deal_time_broker":"2026-10-02 18:04:02","deal_time_broker_msc":1790964242000,"halted_at_receipt":false,"quarantined_at_receipt":false}
14,0,1790964275517,ea_event,,{"type":"fill_log","seq":1,"ea_time_ms":96769078,"magic":22260201,"deal_ticket":800000002,"order_ticket":1983407004,"position_id":900000002,"entry_type":"IN","deal_type":"SELL","side":"S","layer_index":7,"role":"EXT","deal_price":1.12696,"order_price_open":null,"slippage_pips":null,"volume":0.00,"profit":0.00,"swap":0.00,"commission":0.00,"deal_time_broker":"2026-10-02 18:04:35","deal_time_broker_msc":1790964275000,"halted_at_receipt":false,"quarantined_at_receipt":false}
14,3,1790964466865,ea_event,,{"type":"fill_log","seq":2,"ea_time_ms":96769078,"magic":22260201,"deal_ticket":800000003,"order_ticket":9001,"position_id":900000003,"entry_type":"IN","deal_type":"BUY","side":"L","layer_index":5,"role":"ENT","deal_price":1.12657,"order_price_open":null,"slippage_pips":null,"volume":0.00,"profit":0.00,"swap":0.00,"commission":0.00,"deal_time_broker":"2026-10-02 18:07:46","deal_time_broker_msc":1790964466000,"halted_at_receipt":false,"quarantined_at_receipt":false}
14,4,1790965144878,ea_event,,{"type":"fill_log","seq":3,"ea_time_ms":96769109,"magic":22260201,"deal_ticket":800000004,"order_ticket":9003,"position_id":900000004,"entry_type":"IN","deal_type":"SELL","side":"S","layer_index":6,"role":"EXT","deal_price":1.12627,"order_price_open":null,"slippage_pips":null,"volume":0.00,"profit":0.00,"swap":0.00,"commission":0.00,"deal_time_broker":"2026-10-02 18:19:04","deal_time_broker_msc":1790965144000,"halted_at_receipt":false,"quarantined_at_receipt":false}
14,7,1790965403166,ea_event,,{"type":"fill_log","seq":4,"ea_time_ms":96769109,"magic":22260201,"deal_ticket":800000005,"order_ticket":9006,"position_id":900000005,"entry_type":"IN","deal_type":"BUY","side":"L","layer_index":6,"role":"ENT","deal_price":1.12597,"order_price_open":null,"slippage_pips":null,"volume":0.00,"profit":0.00,"swap":0.00,"commission":0.00,"deal_time_broker":"2026-10-02 18:23:23","deal_time_broker_msc":1790965403000,"halted_at_receipt":false,"quarantined_at_receipt":false}
14,8,1790965481295,ea_event,,{"type":"fill_log","seq":5,"ea_time_ms":96769125,"magic":22260201,"deal_ticket":800000006,"order_ticket":9008,"position_id":900000006,"entry_type":"IN","deal_type":"SELL","side":"S","layer_index":5,"role":"EXT","deal_price":1.12567,"order_price_open":null,"slippage_pips":null,"volume":0.00,"profit":0.00,"swap":0.00,"commission":0.00,"deal_time_broker":"2026-10-02 18:24:41","deal_time_broker_msc":1790965481000,"halted_at_receipt":false,"quarantined_at_receipt":false}
14,11,1790968314210,ea_event,,{"type":"fill_log","seq":6,"ea_time_ms":96769218,"magic":22260201,"deal_ticket":800000007,"order_ticket":9011,"position_id":900000007,"entry_type":"IN","deal_type":"BUY","side":"L","layer_index":7,"role":"ENT","deal_price":1.12537,"order_price_open":null,"slippage_pips":null,"volume":0.00,"profit":0.00,"swap":0.00,"commission":0.00,"deal_time_broker":"2026-10-02 19:11:54","deal_time_broker_msc":1790968314000,"halted_at_receipt":false,"quarantined_at_receipt":false}
14,12,1790969155178,ea_event,,{"type":"fill_log","seq":7,"ea_time_ms":96769234,"magic":22260201,"deal_ticket":800000008,"order_ticket":9013,"position_id":900000008,"entry_type":"IN","deal_type":"SELL","side":"S","layer_index":4,"role":"EXT","deal_price":1.12506,"order_price_open":null,"slippage_pips":null,"volume":0.00,"profit":0.00,"swap":0.00,"commission":0.00,"deal_time_broker":"2026-10-02 19:25:55","deal_time_broker_msc":1790969155000,"halted_at_receipt":false,"quarantined_at_receipt":false}
14,15,1790970510815,ea_event,,{"type":"fill_log","seq":8,"ea_time_ms":96769281,"magic":22260201,"deal_ticket":800000009,"order_ticket":9018,"position_id":900000009,"entry_type":"IN","deal_type":"SELL","side":"S","layer_index":4,"role":"ENT","deal_price":1.12609,"order_price_open":null,"slippage_pips":null,"volume":0.00,"profit":0.00,"swap":0.00,"commission":0.00,"deal_time_broker":"2026-10-02 19:48:30","deal_time_broker_msc":1790970510000,"halted_at_receipt":false,"quarantined_at_receipt":false}
14,16,1790976201282,ea_event,,{"type":"fill_log","seq":9,"ea_time_ms":96769406,"magic":22260201,"deal_ticket":800000010,"order_ticket":9021,"position_id":900000010,"entry_type":"IN","deal_type":"SELL","side":"S","layer_index":4,"role":"EXT","deal_price":1.12509,"order_price_open":null,"slippage_pips":null,"volume":0.00,"profit":0.00,"swap":0.00,"commission":0.00,"deal_time_broker":"2026-10-02 21:23:21","deal_time_broker_msc":1790976201000,"halted_at_receipt":false,"quarantined_at_receipt":false}
14,19,1790985010001,ea_event,CARRY_SNAPSHOT,{"type":"ea_event","seq":10,"ea_time_ms":96769546,"magic":null,"level":"INFO","code":"CARRY_SNAPSHOT","reason":"EURUSD","ticket":null,"detail":{"symbol":"EURUSD","swap_mode":1,"swap_long":-7.9900,"swap_short":1.3100,"multiplier":1,"day_of_week":5,"rollover3days":3,"digits":5,"point":0.00001000,"tick_value":1.00000000,"tick_size":0.00001000,"stops_level":0,"freeze_level":0,"long_pips":-0.799,"short_pips":0.131,"eligible_long":8,"eligible_short":4,"trade_mode_full":true,"mult_today":1,"mult_tomorrow":0,"accrued_swap_long":0.00,"accrued_swap_short":0.00}}
14,19,1790985010001,ea_event,CARRY_EXIT_SHIFT,{"type":"ea_event","seq":11,"ea_time_ms":96769546,"magic":null,"level":"INFO","code":"CARRY_EXIT_SHIFT","reason":"EURUSD","ticket":null,"detail":{"position_ticket":1975880673,"side":"long","layer_index":0,"accrued_ledger_pips":-3.300,"pending_pips":0.000,"accrued_pips_total":-3.300,"old_price":1.13237,"new_price":1.13237,"clamped":false,"sign_guard_skipped":false,"retcode":10009,"points_native_pips":-1.598}}
14,19,1790985190001,ea_event,CARRY_EXIT_SHIFT,{"type":"ea_event","seq":12,"ea_time_ms":96769546,"magic":null,"level":"INFO","code":"CARRY_EXIT_SHIFT","reason":"EURUSD","ticket":null,"detail":{"position_ticket":1983760582,"side":"long","layer_index":7,"accrued_ledger_pips":0.000,"pending_pips":0.000,"accrued_pips_total":0.000,"old_price":1.12637,"new_price":1.12637,"clamped":false,"sign_guard_skipped":false,"retcode":10009,"points_native_pips":-0.799}}
14,19,1790985250001,ea_event,CARRY_EXIT_SHIFT,{"type":"ea_event","seq":13,"ea_time_ms":96769546,"magic":null,"level":"INFO","code":"CARRY_EXIT_SHIFT","reason":"EURUSD","ticket":null,"detail":{"position_ticket":1982703072,"side":"short","layer_index":0,"accrued_ledger_pips":0.000,"pending_pips":0.000,"accrued_pips_total":0.000,"old_price":1.12187,"new_price":1.12187,"clamped":false,"sign_guard_skipped":false,"retcode":10009,"points_native_pips":0.131}}
14,19,1790985310001,ea_event,CARRY_EXIT_SHIFT,{"type":"ea_event","seq":14,"ea_time_ms":96769546,"magic":null,"level":"INFO","code":"CARRY_EXIT_SHIFT","reason":"EURUSD","ticket":null,"detail":{"position_ticket":1983146288,"side":"short","layer_index":3,"accrued_ledger_pips":0.000,"pending_pips":0.000,"accrued_pips_total":0.000,"old_price":1.12443,"new_price":1.12443,"clamped":false,"sign_guard_skipped":false,"retcode":10009,"points_native_pips":0.131}}
14,19,1790985310001,ea_event,CARRY_PASS_SUMMARY,{"type":"ea_event","seq":15,"ea_time_ms":96769546,"magic":null,"level":"INFO","code":"CARRY_PASS_SUMMARY","reason":"EURUSD","ticket":null,"detail":{"eligible":12,"shifted":4,"clamped":0,"skipped":0,"failed":0,"incomplete":false}}
14,19,1791071410001,ea_event,CARRY_SNAPSHOT,{"type":"ea_event","seq":16,"ea_time_ms":96769609,"magic":null,"level":"INFO","code":"CARRY_SNAPSHOT","reason":"EURUSD","ticket":null,"detail":{"symbol":"EURUSD","swap_mode":1,"swap_long":-7.9900,"swap_short":1.3100,"multiplier":0,"day_of_week":6,"rollover3days":3,"digits":5,"point":0.00001000,"tick_value":1.00000000,"tick_size":0.00001000,"stops_level":0,"freeze_level":0,"long_pips":0.000,"short_pips":0.000,"eligible_long":8,"eligible_short":4,"trade_mode_full":true,"mult_today":0,"mult_tomorrow":0,"accrued_swap_long":0.00,"accrued_swap_short":0.00}}
14,19,1791072010001,ea_event,CARRY_PASS_INCOMPLETE,{"type":"ea_event","seq":17,"ea_time_ms":96769609,"magic":null,"level":"INFO","code":"CARRY_PASS_INCOMPLETE","reason":"EURUSD","ticket":null,"detail":{"eligible":12,"shifted":0,"clamped":0,"skipped":0,"failed":0,"incomplete":true}}
14,19,1791158410001,ea_event,CARRY_PASS_INCOMPLETE,{"type":"ea_event","seq":18,"ea_time_ms":96769656,"magic":null,"level":"INFO","code":"CARRY_PASS_INCOMPLETE","reason":"EURUSD","ticket":null,"detail":{"eligible":12,"shifted":0,"clamped":0,"skipped":0,"failed":0,"incomplete":true}}
14,19,1791164991980,ea_event,,{"type":"fill_log","seq":19,"ea_time_ms":96769703,"magic":22260201,"deal_ticket":800000011,"order_ticket":9023,"position_id":900000011,"entry_type":"IN","deal_type":"SELL","side":"S","layer_index":4,"role":"ENT","deal_price":1.12605,"order_price_open":null,"slippage_pips":null,"volume":0.00,"profit":0.00,"swap":0.00,"commission":0.00,"deal_time_broker":"2026-10-05 01:49:51","deal_time_broker_msc":1791164991000,"halted_at_receipt":false,"quarantined_at_receipt":false}
14,20,1791169937612,ea_event,,{"type":"fill_log","seq":20,"ea_time_ms":96769781,"magic":22260201,"deal_ticket":800000012,"order_ticket":9026,"position_id":900000012,"entry_type":"IN","deal_type":"SELL","side":"S","layer_index":4,"role":"EXT","deal_price":1.12505,"order_price_open":null,"slippage_pips":null,"volume":0.00,"profit":0.00,"swap":0.00,"commission":0.00,"deal_time_broker":"2026-10-05 03:12:17","deal_time_broker_msc":1791169937000,"halted_at_receipt":false,"quarantined_at_receipt":false}
14,24,1791170222977,ea_event,ROLL_ACCEPTED,{"type":"ea_event","seq":21,"ea_time_ms":96769781,"magic":null,"level":"INFO","code":"ROLL_ACCEPTED","reason":null,"ticket":1983434019,"detail":{"ticket":1983434019,"side":"L","layer_index":2,"entry":1.12835,"level":1.12477,"target":1.12577,"accrued":0.00000,"clamped":false,"cost":0.00258,"cost_pips":25.8,"rolled":3,"was_ejected":false,"source":"auto","reroll":false,"from_level":0.00000}}
14,24,1791171948697,ea_event,,{"type":"fill_log","seq":22,"ea_time_ms":96769828,"magic":22260201,"deal_ticket":800000013,"order_ticket":9027,"position_id":900000013,"entry_type":"IN","deal_type":"SELL","side":"S","layer_index":3,"role":"EXT","deal_price":1.12441,"order_price_open":null,"slippage_pips":null,"volume":0.00,"profit":0.00,"swap":0.00,"commission":0.00,"deal_time_broker":"2026-10-05 03:45:48","deal_time_broker_msc":1791171948000,"halted_at_receipt":false,"quarantined_at_receipt":false}
14,28,1791172615723,ea_event,ROLL_ACCEPTED,{"type":"ea_event","seq":23,"ea_time_ms":96769843,"magic":null,"level":"INFO","code":"ROLL_ACCEPTED","reason":null,"ticket":1983434147,"detail":{"ticket":1983434147,"side":"L","layer_index":3,"entry":1.12774,"level":1.12417,"target":1.12517,"accrued":0.00000,"clamped":false,"cost":0.00257,"cost_pips":25.7,"rolled":4,"was_ejected":false,"source":"auto","reroll":false,"from_level":0.00000}}
14,28,1791173365099,ea_event,,{"type":"fill_log","seq":24,"ea_time_ms":96769859,"magic":22260201,"deal_ticket":800000014,"order_ticket":9030,"position_id":900000014,"entry_type":"IN","deal_type":"SELL","side":"S","layer_index":2,"role":"EXT","deal_price":1.12383,"order_price_open":null,"slippage_pips":null,"volume":0.00,"profit":0.00,"swap":0.00,"commission":0.00,"deal_time_broker":"2026-10-05 04:09:25","deal_time_broker_msc":1791173365000,"halted_at_receipt":false,"quarantined_at_receipt":false}
14,32,1791173859508,ea_event,ROLL_ACCEPTED,{"type":"ea_event","seq":25,"ea_time_ms":96769859,"magic":null,"level":"INFO","code":"ROLL_ACCEPTED","reason":null,"ticket":1983447980,"detail":{"ticket":1983447980,"side":"L","layer_index":4,"entry":1.12717,"level":1.12357,"target":1.12457,"accrued":0.00000,"clamped":false,"cost":0.00260,"cost_pips":26.0,"rolled":5,"was_ejected":false,"source":"auto","reroll":false,"from_level":0.00000}}
14,32,1791175564455,ea_event,,{"type":"fill_log","seq":26,"ea_time_ms":96769906,"magic":22260201,"deal_ticket":800000015,"order_ticket":9033,"position_id":900000015,"entry_type":"IN","deal_type":"SELL","side":"S","layer_index":1,"role":"EXT","deal_price":1.12312,"order_price_open":null,"slippage_pips":null,"volume":0.00,"profit":0.00,"swap":0.00,"commission":0.00,"deal_time_broker":"2026-10-05 04:46:04","deal_time_broker_msc":1791175564000,"halted_at_receipt":false,"quarantined_at_receipt":false}
14,36,1791176122009,ea_event,ROLL_ACCEPTED,{"type":"ea_event","seq":27,"ea_time_ms":96769906,"magic":null,"level":"INFO","code":"ROLL_ACCEPTED","reason":null,"ticket":1983680771,"detail":{"ticket":1983680771,"side":"L","layer_index":5,"entry":1.12657,"level":1.12297,"target":1.12397,"accrued":0.00000,"clamped":false,"cost":0.00260,"cost_pips":26.0,"rolled":6,"was_ejected":false,"source":"auto","reroll":false,"from_level":0.00000}}
14,37,1791177152285,ea_event,ROLL_ACCEPTED,{"type":"ea_event","seq":28,"ea_time_ms":96769937,"magic":null,"level":"INFO","code":"ROLL_ACCEPTED","reason":null,"ticket":1983699077,"detail":{"ticket":1983699077,"side":"L","layer_index":6,"entry":1.12597,"level":1.12237,"target":1.12337,"accrued":0.00000,"clamped":false,"cost":0.00260,"cost_pips":26.0,"rolled":7,"was_ejected":false,"source":"auto","reroll":false,"from_level":0.00000}}
14,37,1791177541618,ea_event,,{"type":"fill_log","seq":29,"ea_time_ms":96769937,"magic":22260201,"deal_ticket":800000016,"order_ticket":1982763985,"position_id":900000016,"entry_type":"IN","deal_type":"SELL","side":"S","layer_index":0,"role":"EXT","deal_price":1.12187,"order_price_open":null,"slippage_pips":null,"volume":0.00,"profit":0.00,"swap":0.00,"commission":0.00,"deal_time_broker":"2026-10-05 05:19:01","deal_time_broker_msc":1791177541000,"halted_at_receipt":false,"quarantined_at_receipt":false}
14,41,1791177543974,ea_event,ROLL_ACCEPTED,{"type":"ea_event","seq":30,"ea_time_ms":96769937,"magic":null,"level":"INFO","code":"ROLL_ACCEPTED","reason":null,"ticket":1983760582,"detail":{"ticket":1983760582,"side":"L","layer_index":7,"entry":1.12537,"level":1.12177,"target":1.12277,"accrued":0.00000,"clamped":false,"cost":0.00260,"cost_pips":26.0,"rolled":8,"was_ejected":false,"source":"auto","reroll":false,"from_level":0.00000}}
14,41,1791179003065,ea_event,ROLL_STRANDED,{"type":"ea_event","seq":31,"ea_time_ms":96769984,"magic":null,"level":"WARN","code":"ROLL_STRANDED","reason":"L","ticket":null,"detail":{"side":"L","depth":8,"rolled":8,"lowest_effective":1.12177,"market":1.12045,"steps":2}}
14,41,1791179453022,ea_event,,{"type":"fill_log","seq":32,"ea_time_ms":96770015,"magic":22260201,"deal_ticket":800000017,"order_ticket":9039,"position_id":900000017,"entry_type":"IN","deal_type":"SELL","side":"S","layer_index":0,"role":"ENT","deal_price":1.11950,"order_price_open":null,"slippage_pips":null,"volume":0.00,"profit":0.00,"swap":0.00,"commission":0.00,"deal_time_broker":"2026-10-05 05:50:53","deal_time_broker_msc":1791179453000,"halted_at_receipt":false,"quarantined_at_receipt":false}
14,42,1791179685058,ea_event,,{"type":"fill_log","seq":33,"ea_time_ms":96770015,"magic":22260201,"deal_ticket":800000018,"order_ticket":9043,"position_id":900000018,"entry_type":"IN","deal_type":"SELL","side":"S","layer_index":0,"role":"EXT","deal_price":1.11851,"order_price_open":null,"slippage_pips":null,"volume":0.00,"profit":0.00,"swap":0.00,"commission":0.00,"deal_time_broker":"2026-10-05 05:54:45","deal_time_broker_msc":1791179685000,"halted_at_receipt":false,"quarantined_at_receipt":false}
14,45,1791179889570,ea_event,,{"type":"fill_log","seq":34,"ea_time_ms":96770031,"magic":22260201,"deal_ticket":800000019,"order_ticket":9044,"position_id":900000019,"entry_type":"IN","deal_type":"SELL","side":"S","layer_index":0,"role":"ENT","deal_price":1.11749,"order_price_open":null,"slippage_pips":null,"volume":0.00,"profit":0.00,"swap":0.00,"commission":0.00,"deal_time_broker":"2026-10-05 05:58:09","deal_time_broker_msc":1791179889000,"halted_at_receipt":false,"quarantined_at_receipt":false}
14,46,1791180112679,ea_event,,{"type":"fill_log","seq":35,"ea_time_ms":96770046,"magic":22260201,"deal_ticket":800000020,"order_ticket":9046,"position_id":900000020,"entry_type":"IN","deal_type":"SELL","side":"S","layer_index":1,"role":"ENT","deal_price":1.11809,"order_price_open":null,"slippage_pips":null,"volume":0.00,"profit":0.00,"swap":0.00,"commission":0.00,"deal_time_broker":"2026-10-05 06:01:52","deal_time_broker_msc":1791180112000,"halted_at_receipt":false,"quarantined_at_receipt":false}
14,47,1791180380110,ea_event,,{"type":"fill_log","seq":36,"ea_time_ms":96770062,"magic":22260201,"deal_ticket":800000021,"order_ticket":9050,"position_id":900000021,"entry_type":"IN","deal_type":"SELL","side":"S","layer_index":1,"role":"EXT","deal_price":1.11705,"order_price_open":null,"slippage_pips":null,"volume":0.00,"profit":0.00,"swap":0.00,"commission":0.00,"deal_time_broker":"2026-10-05 06:06:20","deal_time_broker_msc":1791180380000,"halted_at_receipt":false,"quarantined_at_receipt":false}
14,50,1791180431441,ea_event,,{"type":"fill_log","seq":37,"ea_time_ms":96770062,"magic":22260201,"deal_ticket":800000022,"order_ticket":9047,"position_id":900000022,"entry_type":"IN","deal_type":"SELL","side":"S","layer_index":0,"role":"EXT","deal_price":1.11642,"order_price_open":null,"slippage_pips":null,"volume":0.00,"profit":0.00,"swap":0.00,"commission":0.00,"deal_time_broker":"2026-10-05 06:07:11","deal_time_broker_msc":1791180431000,"halted_at_receipt":false,"quarantined_at_receipt":false}
14,53,1791180566866,ea_event,,{"type":"fill_log","seq":38,"ea_time_ms":96770078,"magic":22260201,"deal_ticket":800000023,"order_ticket":9052,"position_id":900000023,"entry_type":"IN","deal_type":"SELL","side":"S","layer_index":0,"role":"ENT","deal_price":1.11713,"order_price_open":null,"slippage_pips":null,"volume":0.00,"profit":0.00,"swap":0.00,"commission":0.00,"deal_time_broker":"2026-10-05 06:09:26","deal_time_broker_msc":1791180566000,"halted_at_receipt":false,"quarantined_at_receipt":false}
14,54,1791180720916,ea_event,,{"type":"fill_log","seq":39,"ea_time_ms":96770078,"magic":22260201,"deal_ticket":800000024,"order_ticket":9054,"position_id":900000024,"entry_type":"IN","deal_type":"SELL","side":"S","layer_index":1,"role":"ENT","deal_price":1.11772,"order_price_open":null,"slippage_pips":null,"volume":0.00,"profit":0.00,"swap":0.00,"commission":0.00,"deal_time_broker":"2026-10-05 06:12:00","deal_time_broker_msc":1791180720000,"halted_at_receipt":false,"quarantined_at_receipt":false}
14,55,1791181220396,ea_event,,{"type":"fill_log","seq":40,"ea_time_ms":96770109,"magic":22260201,"deal_ticket":800000025,"order_ticket":9057,"position_id":900000025,"entry_type":"IN","deal_type":"SELL","side":"S","layer_index":2,"role":"ENT","deal_price":1.11835,"order_price_open":null,"slippage_pips":null,"volume":0.00,"profit":0.00,"swap":0.00,"commission":0.00,"deal_time_broker":"2026-10-05 06:20:20","deal_time_broker_msc":1791181220000,"halted_at_receipt":false,"quarantined_at_receipt":false}
14,56,1791182583862,ea_event,,{"type":"fill_log","seq":41,"ea_time_ms":96770140,"magic":22260201,"deal_ticket":800000026,"order_ticket":9061,"position_id":900000026,"entry_type":"IN","deal_type":"SELL","side":"S","layer_index":2,"role":"EXT","deal_price":1.11733,"order_price_open":null,"slippage_pips":null,"volume":0.00,"profit":0.00,"swap":0.00,"commission":0.00,"deal_time_broker":"2026-10-05 06:43:03","deal_time_broker_msc":1791182583000,"halted_at_receipt":false,"quarantined_at_receipt":false}
14,59,1791183170467,ea_event,,{"type":"fill_log","seq":42,"ea_time_ms":96770156,"magic":22260201,"deal_ticket":800000027,"order_ticket":9062,"position_id":900000027,"entry_type":"IN","deal_type":"SELL","side":"S","layer_index":1,"role":"EXT","deal_price":1.11668,"order_price_open":null,"slippage_pips":null,"volume":0.00,"profit":0.00,"swap":0.00,"commission":0.00,"deal_time_broker":"2026-10-05 06:52:50","deal_time_broker_msc":1791183170000,"halted_at_receipt":false,"quarantined_at_receipt":false}
14,62,1791183921940,ea_event,,{"type":"fill_log","seq":43,"ea_time_ms":96770187,"magic":22260201,"deal_ticket":800000028,"order_ticket":9055,"position_id":900000028,"entry_type":"IN","deal_type":"SELL","side":"S","layer_index":0,"role":"EXT","deal_price":1.11613,"order_price_open":null,"slippage_pips":null,"volume":0.00,"profit":0.00,"swap":0.00,"commission":0.00,"deal_time_broker":"2026-10-05 07:05:21","deal_time_broker_msc":1791183921000,"halted_at_receipt":false,"quarantined_at_receipt":false}
14,65,1791183998986,ea_event,,{"type":"fill_log","seq":44,"ea_time_ms":96770187,"magic":22260201,"deal_ticket":800000029,"order_ticket":9065,"position_id":900000029,"entry_type":"IN","deal_type":"SELL","side":"S","layer_index":0,"role":"ENT","deal_price":1.11684,"order_price_open":null,"slippage_pips":null,"volume":0.00,"profit":0.00,"swap":0.00,"commission":0.00,"deal_time_broker":"2026-10-05 07:06:38","deal_time_broker_msc":1791183998000,"halted_at_receipt":false,"quarantined_at_receipt":false}
14,66,1791186061760,ea_event,,{"type":"fill_log","seq":45,"ea_time_ms":96770265,"magic":22260201,"deal_ticket":800000030,"order_ticket":9067,"position_id":900000030,"entry_type":"IN","deal_type":"SELL","side":"S","layer_index":1,"role":"ENT","deal_price":1.11744,"order_price_open":null,"slippage_pips":null,"volume":0.00,"profit":0.00,"swap":0.00,"commission":0.00,"deal_time_broker":"2026-10-05 07:41:01","deal_time_broker_msc":1791186061000,"halted_at_receipt":false,"quarantined_at_receipt":false}
14,67,1791187050584,ea_event,,{"type":"fill_log","seq":46,"ea_time_ms":96770281,"magic":22260201,"deal_ticket":800000031,"order_ticket":9070,"position_id":900000031,"entry_type":"IN","deal_type":"SELL","side":"S","layer_index":2,"role":"ENT","deal_price":1.11804,"order_price_open":null,"slippage_pips":null,"volume":0.00,"profit":0.00,"swap":0.00,"commission":0.00,"deal_time_broker":"2026-10-05 07:57:30","deal_time_broker_msc":1791187050000,"halted_at_receipt":false,"quarantined_at_receipt":false}
14,68,1791188540401,ea_event,,{"type":"fill_log","seq":47,"ea_time_ms":96770328,"magic":22260201,"deal_ticket":800000032,"order_ticket":9073,"position_id":900000032,"entry_type":"IN","deal_type":"SELL","side":"S","layer_index":3,"role":"ENT","deal_price":1.11863,"order_price_open":null,"slippage_pips":null,"volume":0.00,"profit":0.00,"swap":0.00,"commission":0.00,"deal_time_broker":"2026-10-05 08:22:20","deal_time_broker_msc":1791188540000,"halted_at_receipt":false,"quarantined_at_receipt":false}
14,69,1791190701067,ea_event,,{"type":"fill_log","seq":48,"ea_time_ms":96770390,"magic":22260201,"deal_ticket":800000033,"order_ticket":9076,"position_id":900000033,"entry_type":"IN","deal_type":"SELL","side":"S","layer_index":4,"role":"ENT","deal_price":1.11923,"order_price_open":null,"slippage_pips":null,"volume":0.00,"profit":0.00,"swap":0.00,"commission":0.00,"deal_time_broker":"2026-10-05 08:58:21","deal_time_broker_msc":1791190701000,"halted_at_receipt":false,"quarantined_at_receipt":false}
14,70,1791191942799,ea_event,,{"type":"fill_log","seq":49,"ea_time_ms":96770437,"magic":22260201,"deal_ticket":800000034,"order_ticket":9079,"position_id":900000034,"entry_type":"IN","deal_type":"SELL","side":"S","layer_index":5,"role":"ENT","deal_price":1.11983,"order_price_open":null,"slippage_pips":null,"volume":0.00,"profit":0.00,"swap":0.00,"commission":0.00,"deal_time_broker":"2026-10-05 09:19:02","deal_time_broker_msc":1791191942000,"halted_at_receipt":false,"quarantined_at_receipt":false}
14,71,1791192462101,ea_event,,{"type":"fill_log","seq":50,"ea_time_ms":96770468,"magic":22260201,"deal_ticket":800000035,"order_ticket":9083,"position_id":900000035,"entry_type":"IN","deal_type":"SELL","side":"S","layer_index":5,"role":"EXT","deal_price":1.11883,"order_price_open":null,"slippage_pips":null,"volume":0.00,"profit":0.00,"swap":0.00,"commission":0.00,"deal_time_broker":"2026-10-05 09:27:42","deal_time_broker_msc":1791192462000,"halted_at_receipt":false,"quarantined_at_receipt":false}
14,74,1791192772362,ea_event,,{"type":"fill_log","seq":51,"ea_time_ms":96770484,"magic":22260201,"deal_ticket":800000036,"order_ticket":9084,"position_id":900000036,"entry_type":"IN","deal_type":"SELL","side":"S","layer_index":4,"role":"EXT","deal_price":1.11823,"order_price_open":null,"slippage_pips":null,"volume":0.00,"profit":0.00,"swap":0.00,"commission":0.00,"deal_time_broker":"2026-10-05 09:32:52","deal_time_broker_msc":1791192772000,"halted_at_receipt":false,"quarantined_at_receipt":false}
14,77,1791192863815,ea_event,,{"type":"fill_log","seq":52,"ea_time_ms":96770484,"magic":22260201,"deal_ticket":800000037,"order_ticket":9086,"position_id":900000037,"entry_type":"IN","deal_type":"SELL","side":"S","layer_index":3,"role":"EXT","deal_price":1.11763,"order_price_open":null,"slippage_pips":null,"volume":0.00,"profit":0.00,"swap":0.00,"commission":0.00,"deal_time_broker":"2026-10-05 09:34:23","deal_time_broker_msc":1791192863000,"halted_at_receipt":false,"quarantined_at_receipt":false}
14,80,1791192953156,ea_event,,{"type":"fill_log","seq":53,"ea_time_ms":96770484,"magic":22260201,"deal_ticket":800000038,"order_ticket":9088,"position_id":900000038,"entry_type":"IN","deal_type":"SELL","side":"S","layer_index":2,"role":"EXT","deal_price":1.11704,"order_price_open":null,"slippage_pips":null,"volume":0.00,"profit":0.00,"swap":0.00,"commission":0.00,"deal_time_broker":"2026-10-05 09:35:53","deal_time_broker_msc":1791192953000,"halted_at_receipt":false,"quarantined_at_receipt":false}
14,83,1791193372375,ea_event,,{"type":"fill_log","seq":54,"ea_time_ms":96770515,"magic":22260201,"deal_ticket":800000039,"order_ticket":9091,"position_id":900000039,"entry_type":"IN","deal_type":"SELL","side":"S","layer_index":2,"role":"ENT","deal_price":1.11813,"order_price_open":null,"slippage_pips":null,"volume":0.00,"profit":0.00,"swap":0.00,"commission":0.00,"deal_time_broker":"2026-10-05 09:42:52","deal_time_broker_msc":1791193372000,"halted_at_receipt":false,"quarantined_at_receipt":false}
14,84,1791194095007,ea_event,,{"type":"fill_log","seq":55,"ea_time_ms":96770546,"magic":22260201,"deal_ticket":800000040,"order_ticket":9093,"position_id":900000040,"entry_type":"IN","deal_type":"SELL","side":"S","layer_index":3,"role":"ENT","deal_price":1.11873,"order_price_open":null,"slippage_pips":null,"volume":0.00,"profit":0.00,"swap":0.00,"commission":0.00,"deal_time_broker":"2026-10-05 09:54:55","deal_time_broker_msc":1791194095000,"halted_at_receipt":false,"quarantined_at_receipt":false}
14,85,1791194797345,ea_event,,{"type":"fill_log","seq":56,"ea_time_ms":96770593,"magic":22260201,"deal_ticket":800000041,"order_ticket":9096,"position_id":900000041,"entry_type":"IN","deal_type":"SELL","side":"S","layer_index":4,"role":"ENT","deal_price":1.11933,"order_price_open":null,"slippage_pips":null,"volume":0.00,"profit":0.00,"swap":0.00,"commission":0.00,"deal_time_broker":"2026-10-05 10:06:37","deal_time_broker_msc":1791194797000,"halted_at_receipt":false,"quarantined_at_receipt":false}
14,86,1791196552574,ea_event,,{"type":"fill_log","seq":57,"ea_time_ms":96770703,"magic":22260201,"deal_ticket":800000042,"order_ticket":9099,"position_id":900000042,"entry_type":"IN","deal_type":"SELL","side":"S","layer_index":5,"role":"ENT","deal_price":1.11994,"order_price_open":null,"slippage_pips":null,"volume":0.00,"profit":0.00,"swap":0.00,"commission":0.00,"deal_time_broker":"2026-10-05 10:35:52","deal_time_broker_msc":1791196552000,"halted_at_receipt":false,"quarantined_at_receipt":false}
14,87,1791196944621,ea_event,,{"type":"fill_log","seq":58,"ea_time_ms":96770718,"magic":22260201,"deal_ticket":800000043,"order_ticket":9102,"position_id":900000043,"entry_type":"IN","deal_type":"SELL","side":"S","layer_index":6,"role":"ENT","deal_price":1.12054,"order_price_open":null,"slippage_pips":null,"volume":0.00,"profit":0.00,"swap":0.00,"commission":0.00,"deal_time_broker":"2026-10-05 10:42:24","deal_time_broker_msc":1791196944000,"halted_at_receipt":false,"quarantined_at_receipt":false}
14,88,1791198503744,ea_event,,{"type":"fill_log","seq":59,"ea_time_ms":96770812,"magic":22260201,"deal_ticket":800000044,"order_ticket":9106,"position_id":900000044,"entry_type":"IN","deal_type":"SELL","side":"S","layer_index":6,"role":"EXT","deal_price":1.11954,"order_price_open":null,"slippage_pips":null,"volume":0.00,"profit":0.00,"swap":0.00,"commission":0.00,"deal_time_broker":"2026-10-05 11:08:23","deal_time_broker_msc":1791198503000,"halted_at_receipt":false,"quarantined_at_receipt":false}
14,91,1791198885946,ea_event,,{"type":"fill_log","seq":60,"ea_time_ms":96770828,"magic":22260201,"deal_ticket":800000045,"order_ticket":9108,"position_id":900000045,"entry_type":"IN","deal_type":"SELL","side":"S","layer_index":6,"role":"ENT","deal_price":1.12054,"order_price_open":null,"slippage_pips":null,"volume":0.00,"profit":0.00,"swap":0.00,"commission":0.00,"deal_time_broker":"2026-10-05 11:14:45","deal_time_broker_msc":1791198885000,"halted_at_receipt":false,"quarantined_at_receipt":false}
14,92,1791200829768,ea_event,,{"type":"fill_log","seq":61,"ea_time_ms":96770921,"magic":22260201,"deal_ticket":800000046,"order_ticket":9110,"position_id":900000046,"entry_type":"IN","deal_type":"SELL","side":"S","layer_index":7,"role":"ENT","deal_price":1.12118,"order_price_open":null,"slippage_pips":null,"volume":0.00,"profit":0.00,"swap":0.00,"commission":0.00,"deal_time_broker":"2026-10-05 11:47:09","deal_time_broker_msc":1791200829000,"halted_at_receipt":false,"quarantined_at_receipt":false}
14,94,1791202441908,ea_event,ROLL_ACCEPTED,{"type":"ea_event","seq":62,"ea_time_ms":96770984,"magic":null,"level":"INFO","code":"ROLL_ACCEPTED","reason":null,"ticket":1985806852,"detail":{"ticket":1985806852,"side":"S","layer_index":0,"entry":1.11684,"level":1.12178,"target":1.12078,"accrued":0.00000,"clamped":false,"cost":0.00394,"cost_pips":39.4,"rolled":1,"was_ejected":false,"source":"auto","reroll":false,"from_level":0.00000}}
14,94,1791204284511,ea_event,,{"type":"fill_log","seq":63,"ea_time_ms":96771046,"magic":22260201,"deal_ticket":800000047,"order_ticket":9068,"position_id":900000047,"entry_type":"IN","deal_type":"SELL","side":"S","layer_index":0,"role":"EXT","deal_price":1.12078,"order_price_open":null,"slippage_pips":null,"volume":0.00,"profit":0.00,"swap":0.00,"commission":0.00,"deal_time_broker":"2026-10-05 12:44:44","deal_time_broker_msc":1791204284000,"halted_at_receipt":false,"quarantined_at_receipt":false}
14,97,1791206371574,ea_event,,{"type":"fill_log","seq":64,"ea_time_ms":96771125,"magic":22260201,"deal_ticket":800000048,"order_ticket":9115,"position_id":900000048,"entry_type":"IN","deal_type":"SELL","side":"S","layer_index":7,"role":"EXT","deal_price":1.12018,"order_price_open":null,"slippage_pips":null,"volume":0.00,"profit":0.00,"swap":0.00,"commission":0.00,"deal_time_broker":"2026-10-05 13:19:31","deal_time_broker_msc":1791206371000,"halted_at_receipt":false,"quarantined_at_receipt":false}
14,100,1791210519561,ea_event,,{"type":"fill_log","seq":65,"ea_time_ms":96771281,"magic":22260201,"deal_ticket":800000049,"order_ticket":9118,"position_id":900000049,"entry_type":"IN","deal_type":"SELL","side":"S","layer_index":7,"role":"ENT","deal_price":1.12115,"order_price_open":null,"slippage_pips":null,"volume":0.00,"profit":0.00,"swap":0.00,"commission":0.00,"deal_time_broker":"2026-10-05 14:28:39","deal_time_broker_msc":1791210519000,"halted_at_receipt":false,"quarantined_at_receipt":false}
14,101,1791213194317,ea_event,,{"type":"fill_log","seq":66,"ea_time_ms":96771437,"magic":22260201,"deal_ticket":800000050,"order_ticket":9121,"position_id":900000050,"entry_type":"IN","deal_type":"SELL","side":"S","layer_index":7,"role":"EXT","deal_price":1.12015,"order_price_open":null,"slippage_pips":null,"volume":0.00,"profit":0.00,"swap":0.00,"commission":0.00,"deal_time_broker":"2026-10-05 15:13:14","deal_time_broker_msc":1791213194000,"halted_at_receipt":false,"quarantined_at_receipt":false}
14,104,1791214248360,ea_event,,{"type":"fill_log","seq":67,"ea_time_ms":96771484,"magic":22260201,"deal_ticket":800000051,"order_ticket":9123,"position_id":900000051,"entry_type":"IN","deal_type":"SELL","side":"S","layer_index":7,"role":"ENT","deal_price":1.12114,"order_price_open":null,"slippage_pips":null,"volume":0.00,"profit":0.00,"swap":0.00,"commission":0.00,"deal_time_broker":"2026-10-05 15:30:48","deal_time_broker_msc":1791214248000,"halted_at_receipt":false,"quarantined_at_receipt":false}
14,105,1791217700058,ea_event,,{"type":"fill_log","seq":68,"ea_time_ms":96771656,"magic":22260201,"deal_ticket":800000052,"order_ticket":9126,"position_id":900000052,"entry_type":"IN","deal_type":"SELL","side":"S","layer_index":7,"role":"EXT","deal_price":1.12014,"order_price_open":null,"slippage_pips":null,"volume":0.00,"profit":0.00,"swap":0.00,"commission":0.00,"deal_time_broker":"2026-10-05 16:28:20","deal_time_broker_msc":1791217700000,"halted_at_receipt":false,"quarantined_at_receipt":false}
14,108,1791218162142,ea_event,,{"type":"fill_log","seq":69,"ea_time_ms":96771687,"magic":22260201,"deal_ticket":800000053,"order_ticket":9127,"position_id":900000053,"entry_type":"IN","deal_type":"SELL","side":"S","layer_index":6,"role":"EXT","deal_price":1.11952,"order_price_open":null,"slippage_pips":null,"volume":0.00,"profit":0.00,"swap":0.00,"commission":0.00,"deal_time_broker":"2026-10-05 16:36:02","deal_time_broker_msc":1791218162000,"halted_at_receipt":false,"quarantined_at_receipt":false}
14,111,1791218749474,ea_event,,{"type":"fill_log","seq":70,"ea_time_ms":96771718,"magic":22260201,"deal_ticket":800000054,"order_ticket":9129,"position_id":900000054,"entry_type":"IN","deal_type":"SELL","side":"S","layer_index":5,"role":"EXT","deal_price":1.11895,"order_price_open":null,"slippage_pips":null,"volume":0.00,"profit":0.00,"swap":0.00,"commission":0.00,"deal_time_broker":"2026-10-05 16:45:49","deal_time_broker_msc":1791218749000,"halted_at_receipt":false,"quarantined_at_receipt":false}
14,114,1791222083977,ea_event,,{"type":"fill_log","seq":71,"ea_time_ms":96771937,"magic":22260201,"deal_ticket":800000055,"order_ticket":9132,"position_id":900000055,"entry_type":"IN","deal_type":"SELL","side":"S","layer_index":5,"role":"ENT","deal_price":1.11996,"order_price_open":null,"slippage_pips":null,"volume":0.00,"profit":0.00,"swap":0.00,"commission":0.00,"deal_time_broker":"2026-10-05 17:41:23","deal_time_broker_msc":1791222083000,"halted_at_receipt":false,"quarantined_at_receipt":false}
14,115,1791222792284,ea_event,,{"type":"fill_log","seq":72,"ea_time_ms":96771984,"magic":22260201,"deal_ticket":800000056,"order_ticket":9134,"position_id":900000056,"entry_type":"IN","deal_type":"SELL","side":"S","layer_index":6,"role":"ENT","deal_price":1.12056,"order_price_open":null,"slippage_pips":null,"volume":0.00,"profit":0.00,"swap":0.00,"commission":0.00,"deal_time_broker":"2026-10-05 17:53:12","deal_time_broker_msc":1791222792000,"halted_at_receipt":false,"quarantined_at_receipt":false}
14,116,1791223450389,ea_event,,{"type":"fill_log","seq":73,"ea_time_ms":96772031,"magic":22260201,"deal_ticket":800000057,"order_ticket":9137,"position_id":900000057,"entry_type":"IN","deal_type":"SELL","side":"S","layer_index":7,"role":"ENT","deal_price":1.12116,"order_price_open":null,"slippage_pips":null,"volume":0.00,"profit":0.00,"swap":0.00,"commission":0.00,"deal_time_broker":"2026-10-05 18:04:10","deal_time_broker_msc":1791223450000,"halted_at_receipt":false,"quarantined_at_receipt":false}
14,117,1791228362429,ea_event,,{"type":"fill_log","seq":74,"ea_time_ms":96772250,"magic":22260201,"deal_ticket":800000058,"order_ticket":9141,"position_id":900000058,"entry_type":"IN","deal_type":"SELL","side":"S","layer_index":7,"role":"EXT","deal_price":1.12013,"order_price_open":null,"slippage_pips":null,"volume":0.00,"profit":0.00,"swap":0.00,"commission":0.00,"deal_time_broker":"2026-10-05 19:26:02","deal_time_broker_msc":1791228362000,"halted_at_receipt":false,"quarantined_at_receipt":false}
14,120,1791234007206,ea_event,,{"type":"fill_log","seq":75,"ea_time_ms":96772437,"magic":22260201,"deal_ticket":800000059,"order_ticket":9143,"position_id":900000059,"entry_type":"IN","deal_type":"SELL","side":"S","layer_index":7,"role":"ENT","deal_price":1.12114,"order_price_open":null,"slippage_pips":null,"volume":0.00,"profit":0.00,"swap":0.00,"commission":0.00,"deal_time_broker":"2026-10-05 21:00:07","deal_time_broker_msc":1791234007000,"halted_at_receipt":false,"quarantined_at_receipt":false}
14,121,1791238744204,ea_event,,{"type":"fill_log","seq":76,"ea_time_ms":96772562,"magic":22260201,"deal_ticket":800000060,"order_ticket":9145,"position_id":900000060,"entry_type":"IN","deal_type":"SELL","side":"S","layer_index":8,"role":"ENT","deal_price":1.12173,"order_price_open":null,"slippage_pips":null,"volume":0.00,"profit":0.00,"swap":0.00,"commission":0.00,"deal_time_broker":"2026-10-05 22:19:04","deal_time_broker_msc":1791238744000,"halted_at_receipt":false,"quarantined_at_receipt":false}
14,122,1791244201125,ea_event,ROLL_ACCEPTED,{"type":"ea_event","seq":77,"ea_time_ms":96772640,"magic":null,"level":"INFO","code":"ROLL_ACCEPTED","reason":null,"ticket":1985808617,"detail":{"ticket":1985808617,"side":"S","layer_index":1,"entry":1.11744,"level":1.12233,"target":1.12133,"accrued":0.00000,"clamped":false,"cost":0.00389,"cost_pips":38.9,"rolled":1,"was_ejected":false,"source":"auto","reroll":false,"from_level":0.00000}}
14,123,1791244210001,ea_event,CARRY_EXIT_SHIFT,{"type":"ea_event","seq":78,"ea_time_ms":96772640,"magic":null,"level":"INFO","code":"CARRY_EXIT_SHIFT","reason":"EURUSD","ticket":null,"detail":{"position_ticket":1975880673,"side":"long","layer_index":0,"accrued_ledger_pips":-4.100,"pending_pips":-0.799,"accrued_pips_total":-4.899,"old_price":1.13237,"new_price":1.13253,"clamped":false,"sign_guard_skipped":false,"retcode":10009,"points_native_pips":-3.995}}
14,123,1791244390001,ea_event,CARRY_EXIT_SHIFT,{"type":"ea_event","seq":79,"ea_time_ms":96772656,"magic":null,"level":"INFO","code":"CARRY_EXIT_SHIFT","reason":"EURUSD","ticket":null,"detail":{"position_ticket":1983760582,"side":"long","layer_index":7,"accrued_ledger_pips":-0.800,"pending_pips":-0.799,"accrued_pips_total":-1.599,"old_price":1.12277,"new_price":1.12293,"clamped":false,"sign_guard_skipped":false,"retcode":10009,"points_native_pips":-2.397}}
14,123,1791244450001,ea_event,CARRY_EXIT_SHIFT,{"type":"ea_event","seq":80,"ea_time_ms":96772656,"magic":null,"level":"INFO","code":"CARRY_EXIT_SHIFT","reason":"EURUSD","ticket":null,"detail":{"position_ticket":1985808617,"side":"short","layer_index":1,"accrued_ledger_pips":0.000,"pending_pips":0.131,"accrued_pips_total":0.131,"old_price":1.12133,"new_price":1.12134,"clamped":false,"sign_guard_skipped":false,"retcode":10009,"points_native_pips":0.131}}
14,123,1791244450001,ea_event,CARRY_EXIT_SHIFT,{"type":"ea_event","seq":81,"ea_time_ms":96772656,"magic":null,"level":"INFO","code":"CARRY_EXIT_SHIFT","reason":"EURUSD","ticket":null,"detail":{"position_ticket":1986169985,"side":"short","layer_index":2,"accrued_ledger_pips":0.000,"pending_pips":0.131,"accrued_pips_total":0.131,"old_price":1.11713,"new_price":1.11714,"clamped":false,"sign_guard_skipped":false,"retcode":10009,"points_native_pips":0.131}}
14,123,1791244630001,ea_event,CARRY_PASS_SUMMARY,{"type":"ea_event","seq":82,"ea_time_ms":96772656,"magic":null,"level":"INFO","code":"CARRY_PASS_SUMMARY","reason":"EURUSD","ticket":null,"detail":{"eligible":16,"shifted":4,"clamped":0,"skipped":0,"failed":0,"incomplete":false}}
16,0,1791252111247,ea_event,ROLL_ACCEPTED,{"type":"ea_event","seq":0,"ea_time_ms":96837515,"magic":null,"level":"INFO","code":"ROLL_ACCEPTED","reason":null,"ticket":1975880673,"detail":{"ticket":1975880673,"side":"L","layer_index":0,"entry":1.13670,"level":1.12117,"target":1.12266,"accrued":0.00049,"clamped":false,"cost":0.01453,"cost_pips":145.3,"rolled":8,"was_ejected":false,"source":"reroll","reroll":true,"from_level":1.13104}}
16,1,1791252120092,ea_event,ROLL_ACCEPTED,{"type":"ea_event","seq":1,"ea_time_ms":96837515,"magic":null,"level":"INFO","code":"ROLL_ACCEPTED","reason":null,"ticket":1975959171,"detail":{"ticket":1975959171,"side":"L","layer_index":1,"entry":1.13600,"level":1.12057,"target":1.12206,"accrued":0.00049,"clamped":false,"cost":0.01443,"cost_pips":144.3,"rolled":8,"was_ejected":false,"source":"reroll","reroll":true,"from_level":1.13044}}
16,2,1791252123728,ea_event,ROLL_ACCEPTED,{"type":"ea_event","seq":2,"ea_time_ms":96837515,"magic":null,"level":"INFO","code":"ROLL_ACCEPTED","reason":null,"ticket":1983434019,"detail":{"ticket":1983434019,"side":"L","layer_index":2,"entry":1.12835,"level":1.11997,"target":1.12201,"accrued":0.00016,"clamped":true,"cost":0.00738,"cost_pips":73.8,"rolled":8,"was_ejected":false,"source":"reroll","reroll":true,"from_level":1.12477}}
16,3,1791252126110,ea_event,ROLL_ACCEPTED,{"type":"ea_event","seq":3,"ea_time_ms":96837515,"magic":null,"level":"INFO","code":"ROLL_ACCEPTED","reason":null,"ticket":1983434147,"detail":{"ticket":1983434147,"side":"L","layer_index":3,"entry":1.12774,"level":1.11937,"target":1.12202,"accrued":0.00016,"clamped":true,"cost":0.00737,"cost_pips":73.7,"rolled":8,"was_ejected":false,"source":"reroll","reroll":true,"from_level":1.12417}}
16,4,1791252133761,ea_event,ROLL_ACCEPTED,{"type":"ea_event","seq":4,"ea_time_ms":96837515,"magic":null,"level":"INFO","code":"ROLL_ACCEPTED","reason":null,"ticket":1983447980,"detail":{"ticket":1983447980,"side":"L","layer_index":4,"entry":1.12717,"level":1.11877,"target":1.12202,"accrued":0.00016,"clamped":true,"cost":0.00740,"cost_pips":74.0,"rolled":8,"was_ejected":false,"source":"reroll","reroll":true,"from_level":1.12357}}
16,5,1791252134977,ea_event,ROLL_ACCEPTED,{"type":"ea_event","seq":5,"ea_time_ms":96837515,"magic":null,"level":"INFO","code":"ROLL_ACCEPTED","reason":null,"ticket":1983680771,"detail":{"ticket":1983680771,"side":"L","layer_index":5,"entry":1.12657,"level":1.11817,"target":1.12201,"accrued":0.00016,"clamped":true,"cost":0.00740,"cost_pips":74.0,"rolled":8,"was_ejected":false,"source":"reroll","reroll":true,"from_level":1.12297}}
16,6,1791252136166,ea_event,ROLL_ACCEPTED,{"type":"ea_event","seq":6,"ea_time_ms":96837515,"magic":null,"level":"INFO","code":"ROLL_ACCEPTED","reason":null,"ticket":1983699077,"detail":{"ticket":1983699077,"side":"L","layer_index":6,"entry":1.12597,"level":1.11757,"target":1.12202,"accrued":0.00016,"clamped":true,"cost":0.00740,"cost_pips":74.0,"rolled":8,"was_ejected":false,"source":"reroll","reroll":true,"from_level":1.12237}}
16,6,1791252136776,ea_event,ROLL_ACCEPTED,{"type":"ea_event","seq":7,"ea_time_ms":96837515,"magic":null,"level":"INFO","code":"ROLL_ACCEPTED","reason":null,"ticket":1983760582,"detail":{"ticket":1983760582,"side":"L","layer_index":7,"entry":1.12537,"level":1.11697,"target":1.12196,"accrued":0.00016,"clamped":true,"cost":0.00740,"cost_pips":74.0,"rolled":8,"was_ejected":false,"source":"reroll","reroll":true,"from_level":1.12177}}
16,7,1791252137610,ea_event,ROLL_ACCEPTED,{"type":"ea_event","seq":8,"ea_time_ms":96837515,"magic":null,"level":"INFO","code":"ROLL_ACCEPTED","reason":null,"ticket":1975880673,"detail":{"ticket":1975880673,"side":"L","layer_index":0,"entry":1.13670,"level":1.11637,"target":1.12195,"accrued":0.00049,"clamped":true,"cost":0.01933,"cost_pips":193.3,"rolled":8,"was_ejected":false,"source":"reroll","reroll":true,"from_level":1.12117}}
16,8,1791253040721,ea_event,,{"type":"fill_log","seq":9,"ea_time_ms":96837531,"magic":22260201,"deal_ticket":800000001,"order_ticket":9007,"position_id":900000001,"entry_type":"IN","deal_type":"BUY","side":"L","layer_index":0,"role":"EXT","deal_price":1.12196,"order_price_open":null,"slippage_pips":null,"volume":0.00,"profit":0.00,"swap":0.00,"commission":0.00,"deal_time_broker":"2026-10-06 02:17:20","deal_time_broker_msc":1791253040000,"halted_at_receipt":false,"quarantined_at_receipt":false}
16,11,1791253046142,ea_event,,{"type":"fill_log","seq":10,"ea_time_ms":96837531,"magic":22260201,"deal_ticket":800000002,"order_ticket":9009,"position_id":900000002,"entry_type":"IN","deal_type":"BUY","side":"L","layer_index":7,"role":"EXT","deal_price":1.12195,"order_price_open":null,"slippage_pips":null,"volume":0.00,"profit":0.00,"swap":0.00,"commission":0.00,"deal_time_broker":"2026-10-06 02:17:26","deal_time_broker_msc":1791253046000,"halted_at_receipt":false,"quarantined_at_receipt":false}
16,11,1791253047176,ea_event,,{"type":"fill_log","seq":11,"ea_time_ms":96837531,"magic":22260201,"deal_ticket":800000003,"order_ticket":700000003,"position_id":1983760582,"entry_type":"OUT_BY","deal_type":"SELL","side":null,"layer_index":null,"role":null,"deal_price":1.12195,"order_price_open":null,"slippage_pips":null,"volume":0.00,"profit":-3.42,"swap":-0.16,"commission":0.00,"deal_time_broker":"2026-10-06 02:17:27","deal_time_broker_msc":1791253047000,"halted_at_receipt":false,"quarantined_at_receipt":false}
16,11,1791253047176,ea_event,ROLL_FILLED,{"type":"ea_event","seq":12,"ea_time_ms":96837531,"magic":null,"level":"INFO","code":"ROLL_FILLED","reason":null,"ticket":1983760582,"detail":{"ticket":1983760582,"level":1.11697}}
16,11,1791253047176,ea_event,,{"type":"fill_log","seq":13,"ea_time_ms":96837531,"magic":22260201,"deal_ticket":800000004,"order_ticket":700000003,"position_id":900000002,"entry_type":"OUT_BY","deal_type":"SELL","side":null,"layer_index":null,"role":null,"deal_price":1.12537,"order_price_open":null,"slippage_pips":null,"volume":0.00,"profit":0.00,"swap":0.00,"commission":0.00,"deal_time_broker":"2026-10-06 02:17:27","deal_time_broker_msc":1791253047000,"halted_at_receipt":false,"quarantined_at_receipt":false}
16,11,1791253047176,scalp,SCALP_CLOSED,{"close_time":"2026-10-06T02:17:27Z","instrument":"EURUSD","direction":"LONG","entry_price":1.12537,"exit_price":1.12195,"layer_depth":7,"stack_depth":7,"gross_pnl":-3.58,"instance_id":"GRIND_EURUSD_OPTC","ejected":false,"rolled":true,"broker_utc_offset_s":10800,"account_login":53077984}
16,12,1791253077362,ea_event,,{"type":"fill_log","seq":14,"ea_time_ms":96837531,"magic":22260201,"deal_ticket":800000005,"order_ticket":9011,"position_id":900000003,"entry_type":"IN","deal_type":"BUY","side":"L","layer_index":6,"role":"EXT","deal_price":1.12197,"order_price_open":null,"slippage_pips":null,"volume":0.00,"profit":0.00,"swap":0.00,"commission":0.00,"deal_time_broker":"2026-10-06 02:17:57","deal_time_broker_msc":1791253077000,"halted_at_receipt":false,"quarantined_at_receipt":false}
16,14,1791253078199,ea_event,,{"type":"fill_log","seq":15,"ea_time_ms":96837531,"magic":22260201,"deal_ticket":800000006,"order_ticket":700000006,"position_id":1983699077,"entry_type":"OUT_BY","deal_type":"SELL","side":null,"layer_index":null,"role":null,"deal_price":1.12197,"order_price_open":null,"slippage_pips":null,"volume":0.00,"profit":-4.00,"swap":-0.16,"commission":0.00,"deal_time_broker":"2026-10-06 02:17:58","deal_time_broker_msc":1791253078000,"halted_at_receipt":false,"quarantined_at_receipt":false}
16,14,1791253078199,ea_event,ROLL_FILLED,{"type":"ea_event","seq":16,"ea_time_ms":96837531,"magic":null,"level":"INFO","code":"ROLL_FILLED","reason":null,"ticket":1983699077,"detail":{"ticket":1983699077,"level":1.11757}}
16,14,1791253078199,ea_event,,{"type":"fill_log","seq":17,"ea_time_ms":96837531,"magic":22260201,"deal_ticket":800000007,"order_ticket":700000006,"position_id":900000003,"entry_type":"OUT_BY","deal_type":"SELL","side":null,"layer_index":null,"role":null,"deal_price":1.12597,"order_price_open":null,"slippage_pips":null,"volume":0.00,"profit":0.00,"swap":0.00,"commission":0.00,"deal_time_broker":"2026-10-06 02:17:58","deal_time_broker_msc":1791253078000,"halted_at_receipt":false,"quarantined_at_receipt":false}
16,14,1791253078199,scalp,SCALP_CLOSED,{"close_time":"2026-10-06T02:17:58Z","instrument":"EURUSD","direction":"LONG","entry_price":1.12597,"exit_price":1.12197,"layer_depth":6,"stack_depth":6,"gross_pnl":-4.16,"instance_id":"GRIND_EURUSD_OPTC","ejected":false,"rolled":true,"broker_utc_offset_s":10800,"account_login":53077984}
16,14,1791253090429,ea_event,,{"type":"fill_log","seq":18,"ea_time_ms":96837531,"magic":22260201,"deal_ticket":800000008,"order_ticket":9013,"position_id":900000004,"entry_type":"IN","deal_type":"BUY","side":"L","layer_index":5,"role":"EXT","deal_price":1.12198,"order_price_open":null,"slippage_pips":null,"volume":0.00,"profit":0.00,"swap":0.00,"commission":0.00,"deal_time_broker":"2026-10-06 02:18:10","deal_time_broker_msc":1791253090000,"halted_at_receipt":false,"quarantined_at_receipt":false}
16,14,1791253091866,ea_event,,{"type":"fill_log","seq":19,"ea_time_ms":96837531,"magic":22260201,"deal_ticket":800000009,"order_ticket":700000009,"position_id":1983680771,"entry_type":"OUT_BY","deal_type":"SELL","side":null,"layer_index":null,"role":null,"deal_price":1.12198,"order_price_open":null,"slippage_pips":null,"volume":0.00,"profit":-4.59,"swap":-0.16,"commission":0.00,"deal_time_broker":"2026-10-06 02:18:11","deal_time_broker_msc":1791253091000,"halted_at_receipt":false,"quarantined_at_receipt":false}
16,14,1791253091866,ea_event,ROLL_FILLED,{"type":"ea_event","seq":20,"ea_time_ms":96837531,"magic":null,"level":"INFO","code":"ROLL_FILLED","reason":null,"ticket":1983680771,"detail":{"ticket":1983680771,"level":1.11817}}
16,14,1791253091866,ea_event,,{"type":"fill_log","seq":21,"ea_time_ms":96837531,"magic":22260201,"deal_ticket":800000010,"order_ticket":700000009,"position_id":900000004,"entry_type":"OUT_BY","deal_type":"SELL","side":null,"layer_index":null,"role":null,"deal_price":1.12657,"order_price_open":null,"slippage_pips":null,"volume":0.00,"profit":0.00,"swap":0.00,"commission":0.00,"deal_time_broker":"2026-10-06 02:18:11","deal_time_broker_msc":1791253091000,"halted_at_receipt":false,"quarantined_at_receipt":false}
16,14,1791253091866,scalp,SCALP_CLOSED,{"close_time":"2026-10-06T02:18:11Z","instrument":"EURUSD","direction":"LONG","entry_price":1.12657,"exit_price":1.12198,"layer_depth":5,"stack_depth":5,"gross_pnl":-4.75,"instance_id":"GRIND_EURUSD_OPTC","ejected":false,"rolled":true,"broker_utc_offset_s":10800,"account_login":53077984}
16,14,1791253097293,ea_event,,{"type":"fill_log","seq":22,"ea_time_ms":96837531,"magic":22260201,"deal_ticket":800000011,"order_ticket":9015,"position_id":900000005,"entry_type":"IN","deal_type":"BUY","side":"L","layer_index":4,"role":"EXT","deal_price":1.12199,"order_price_open":null,"slippage_pips":null,"volume":0.00,"profit":0.00,"swap":0.00,"commission":0.00,"deal_time_broker":"2026-10-06 02:18:17","deal_time_broker_msc":1791253097000,"halted_at_receipt":false,"quarantined_at_receipt":false}
16,15,1791253099821,ea_event,,{"type":"fill_log","seq":23,"ea_time_ms":96837531,"magic":22260201,"deal_ticket":800000012,"order_ticket":700000012,"position_id":1983447980,"entry_type":"OUT_BY","deal_type":"SELL","side":null,"layer_index":null,"role":null,"deal_price":1.12199,"order_price_open":null,"slippage_pips":null,"volume":0.00,"profit":-5.18,"swap":-0.16,"commission":0.00,"deal_time_broker":"2026-10-06 02:18:19","deal_time_broker_msc":1791253099000,"halted_at_receipt":false,"quarantined_at_receipt":false}
16,15,1791253099821,ea_event,ROLL_FILLED,{"type":"ea_event","seq":24,"ea_time_ms":96837531,"magic":null,"level":"INFO","code":"ROLL_FILLED","reason":null,"ticket":1983447980,"detail":{"ticket":1983447980,"level":1.11877}}
16,15,1791253099821,ea_event,,{"type":"fill_log","seq":25,"ea_time_ms":96837531,"magic":22260201,"deal_ticket":800000013,"order_ticket":700000012,"position_id":900000005,"entry_type":"OUT_BY","deal_type":"SELL","side":null,"layer_index":null,"role":null,"deal_price":1.12717,"order_price_open":null,"slippage_pips":null,"volume":0.00,"profit":0.00,"swap":0.00,"commission":0.00,"deal_time_broker":"2026-10-06 02:18:19","deal_time_broker_msc":1791253099000,"halted_at_receipt":false,"quarantined_at_receipt":false}
16,15,1791253099821,scalp,SCALP_CLOSED,{"close_time":"2026-10-06T02:18:19Z","instrument":"EURUSD","direction":"LONG","entry_price":1.12717,"exit_price":1.12199,"layer_depth":4,"stack_depth":5,"gross_pnl":-5.34,"instance_id":"GRIND_EURUSD_OPTC","ejected":false,"rolled":true,"broker_utc_offset_s":10800,"account_login":53077984}
16,17,1791253111324,ea_event,,{"type":"fill_log","seq":26,"ea_time_ms":96837531,"magic":22260201,"deal_ticket":800000014,"order_ticket":9017,"position_id":900000006,"entry_type":"IN","deal_type":"BUY","side":"L","layer_index":5,"role":"EXT","deal_price":1.12201,"order_price_open":null,"slippage_pips":null,"volume":0.00,"profit":0.00,"swap":0.00,"commission":0.00,"deal_time_broker":"2026-10-06 02:18:31","deal_time_broker_msc":1791253111000,"halted_at_receipt":false,"quarantined_at_receipt":false}
16,20,1791253432915,ea_event,,{"type":"fill_log","seq":27,"ea_time_ms":96837531,"magic":22260201,"deal_ticket":800000015,"order_ticket":9019,"position_id":900000007,"entry_type":"IN","deal_type":"BUY","side":"L","layer_index":4,"role":"EXT","deal_price":1.12204,"order_price_open":null,"slippage_pips":null,"volume":0.00,"profit":0.00,"swap":0.00,"commission":0.00,"deal_time_broker":"2026-10-06 02:23:52","deal_time_broker_msc":1791253432000,"halted_at_receipt":false,"quarantined_at_receipt":false}
16,23,1791253469908,ea_event,,{"type":"fill_log","seq":28,"ea_time_ms":96837531,"magic":22260201,"deal_ticket":800000016,"order_ticket":9008,"position_id":900000008,"entry_type":"IN","deal_type":"BUY","side":"L","layer_index":1,"role":"EXT","deal_price":1.12206,"order_price_open":null,"slippage_pips":null,"volume":0.00,"profit":0.00,"swap":0.00,"commission":0.00,"deal_time_broker":"2026-10-06 02:24:29","deal_time_broker_msc":1791253469000,"halted_at_receipt":false,"quarantined_at_receipt":false}
16,23,1791253469908,ea_event,,{"type":"fill_log","seq":29,"ea_time_ms":96837531,"magic":22260201,"deal_ticket":800000017,"order_ticket":9021,"position_id":900000009,"entry_type":"IN","deal_type":"BUY","side":"L","layer_index":3,"role":"EXT","deal_price":1.12206,"order_price_open":null,"slippage_pips":null,"volume":0.00,"profit":0.00,"swap":0.00,"commission":0.00,"deal_time_broker":"2026-10-06 02:24:29","deal_time_broker_msc":1791253469000,"halted_at_receipt":false,"quarantined_at_receipt":false}
16,29,1791253890233,ea_event,,{"type":"fill_log","seq":30,"ea_time_ms":96837531,"magic":22260201,"deal_ticket":800000018,"order_ticket":9023,"position_id":900000010,"entry_type":"IN","deal_type":"BUY","side":"L","layer_index":2,"role":"EXT","deal_price":1.12207,"order_price_open":null,"slippage_pips":null,"volume":0.00,"profit":0.00,"swap":0.00,"commission":0.00,"deal_time_broker":"2026-10-06 02:31:30","deal_time_broker_msc":1791253890000,"halted_at_receipt":false,"quarantined_at_receipt":false}
16,33,1791256016909,ea_event,STRAY_L0_CANCEL,{"type":"ea_event","seq":31,"ea_time_ms":96837546,"magic":null,"level":"WARN","code":"STRAY_L0_CANCEL","reason":null,"ticket":9025,"detail":{"side":"L","depth":1}}
16,33,1791259209642,ea_event,,{"type":"fill_log","seq":32,"ea_time_ms":96837593,"magic":22260201,"deal_ticket":800000019,"order_ticket":9026,"position_id":900000011,"entry_type":"IN","deal_type":"BUY","side":"L","layer_index":0,"role":"EXT","deal_price":1.12241,"order_price_open":null,"slippage_pips":null,"volume":0.00,"profit":0.00,"swap":0.00,"commission":0.00,"deal_time_broker":"2026-10-06 04:00:09","deal_time_broker_msc":1791259209000,"halted_at_receipt":false,"quarantined_at_receipt":false}
16,37,1791260841919,ea_event,ROLL_ACCEPTED,{"type":"ea_event","seq":33,"ea_time_ms":96837625,"magic":null,"level":"INFO","code":"ROLL_ACCEPTED","reason":null,"ticket":1986169985,"detail":{"ticket":1986169985,"side":"S","layer_index":2,"entry":1.11813,"level":1.12293,"target":1.12194,"accrued":0.00001,"clamped":false,"cost":0.00380,"cost_pips":38.0,"rolled":2,"was_ejected":false,"source":"auto","reroll":false,"from_level":0.00000}}
16,37,1791262328030,ea_event,,{"type":"fill_log","seq":34,"ea_time_ms":96837640,"magic":22260201,"deal_ticket":800000020,"order_ticket":9028,"position_id":900000012,"entry_type":"IN","deal_type":"BUY","side":"L","layer_index":0,"role":"ENT","deal_price":1.12221,"order_price_open":null,"slippage_pips":null,"volume":0.00,"profit":0.00,"swap":0.00,"commission":0.00,"deal_time_broker":"2026-10-06 04:52:08","deal_time_broker_msc":1791262328000,"halted_at_receipt":false,"quarantined_at_receipt":false}
16,38,1791262495794,ea_event,,{"type":"fill_log","seq":35,"ea_time_ms":96837640,"magic":22260201,"deal_ticket":800000021,"order_ticket":1988240215,"position_id":900000013,"entry_type":"IN","deal_type":"SELL","side":"S","layer_index":2,"role":"EXT","deal_price":1.12189,"order_price_open":null,"slippage_pips":null,"volume":0.00,"profit":0.00,"swap":0.00,"commission":0.00,"deal_time_broker":"2026-10-06 04:54:55","deal_time_broker_msc":1791262495000,"halted_at_receipt":false,"quarantined_at_receipt":false}
16,41,1791263398853,ea_event,,{"type":"fill_log","seq":36,"ea_time_ms":96837656,"magic":22260201,"deal_ticket":800000022,"order_ticket":9031,"position_id":900000014,"entry_type":"IN","deal_type":"BUY","side":"L","layer_index":1,"role":"ENT","deal_price":1.12161,"order_price_open":null,"slippage_pips":null,"volume":0.00,"profit":0.00,"swap":0.00,"commission":0.00,"deal_time_broker":"2026-10-06 05:09:58","deal_time_broker_msc":1791263398000,"halted_at_receipt":false,"quarantined_at_receipt":false}
16,42,1791264898504,ea_event,,{"type":"fill_log","seq":37,"ea_time_ms":96837687,"magic":22260201,"deal_ticket":800000023,"order_ticket":9033,"position_id":900000015,"entry_type":"IN","deal_type":"SELL","side":"S","layer_index":1,"role":"EXT","deal_price":1.12135,"order_price_open":null,"slippage_pips":null,"volume":0.00,"profit":0.00,"swap":0.00,"commission":0.00,"deal_time_broker":"2026-10-06 05:34:58","deal_time_broker_msc":1791264898000,"halted_at_receipt":false,"quarantined_at_receipt":false}
17,-1,1791268984339,ea_event,,{"type":"fill_log","seq":0,"ea_time_ms":96837734,"magic":22260201,"deal_ticket":800000001,"order_ticket":1988656572,"position_id":900000001,"entry_type":"IN","deal_type":"SELL","side":"S","layer_index":9,"role":"ENT","deal_price":1.12232,"order_price_open":null,"slippage_pips":null,"volume":0.00,"profit":0.00,"swap":0.00,"commission":0.00,"deal_time_broker":"2026-10-06 06:43:04","deal_time_broker_msc":1791268984000,"halted_at_receipt":false,"quarantined_at_receipt":false}
17,0,1791276619901,ea_event,,{"type":"fill_log","seq":1,"ea_time_ms":96837812,"magic":22260201,"deal_ticket":800000002,"order_ticket":9002,"position_id":900000002,"entry_type":"IN","deal_type":"SELL","side":"S","layer_index":9,"role":"EXT","deal_price":1.12127,"order_price_open":null,"slippage_pips":null,"volume":0.00,"profit":0.00,"swap":0.00,"commission":0.00,"deal_time_broker":"2026-10-06 08:50:19","deal_time_broker_msc":1791276619000,"halted_at_receipt":false,"quarantined_at_receipt":false}
17,3,1791277520852,ea_event,,{"type":"fill_log","seq":2,"ea_time_ms":96837828,"magic":22260201,"deal_ticket":800000003,"order_ticket":1988684397,"position_id":900000003,"entry_type":"IN","deal_type":"BUY","side":"L","layer_index":2,"role":"ENT","deal_price":1.12096,"order_price_open":null,"slippage_pips":null,"volume":0.00,"profit":0.00,"swap":0.00,"commission":0.00,"deal_time_broker":"2026-10-06 09:05:20","deal_time_broker_msc":1791277520000,"halted_at_receipt":false,"quarantined_at_receipt":false}
17,4,1791277597311,ea_event,,{"type":"fill_log","seq":3,"ea_time_ms":96837828,"magic":22260201,"deal_ticket":800000004,"order_ticket":9003,"position_id":900000004,"entry_type":"IN","deal_type":"SELL","side":"S","layer_index":8,"role":"EXT","deal_price":1.12069,"order_price_open":null,"slippage_pips":null,"volume":0.00,"profit":0.00,"swap":0.00,"commission":0.00,"deal_time_broker":"2026-10-06 09:06:37","deal_time_broker_msc":1791277597000,"halted_at_receipt":false,"quarantined_at_receipt":false}
17,7,1791277874217,ea_event,,{"type":"fill_log","seq":4,"ea_time_ms":96837843,"magic":22260201,"deal_ticket":800000005,"order_ticket":9006,"position_id":900000005,"entry_type":"IN","deal_type":"BUY","side":"L","layer_index":3,"role":"ENT","deal_price":1.12036,"order_price_open":null,"slippage_pips":null,"volume":0.00,"profit":0.00,"swap":0.00,"commission":0.00,"deal_time_broker":"2026-10-06 09:11:14","deal_time_broker_msc":1791277874000,"halted_at_receipt":false,"quarantined_at_receipt":false}
17,8,1791281054770,ea_event,,{"type":"fill_log","seq":5,"ea_time_ms":96837906,"magic":22260201,"deal_ticket":800000006,"order_ticket":9012,"position_id":900000006,"entry_type":"IN","deal_type":"BUY","side":"L","layer_index":3,"role":"EXT","deal_price":1.12135,"order_price_open":null,"slippage_pips":null,"volume":0.00,"profit":0.00,"swap":0.00,"commission":0.00,"deal_time_broker":"2026-10-06 10:04:14","deal_time_broker_msc":1791281054000,"halted_at_receipt":false,"quarantined_at_receipt":false}
17,11,1791281281865,ea_event,,{"type":"fill_log","seq":6,"ea_time_ms":96837921,"magic":22260201,"deal_ticket":800000007,"order_ticket":9014,"position_id":900000007,"entry_type":"IN","deal_type":"BUY","side":"L","layer_index":3,"role":"ENT","deal_price":1.12035,"order_price_open":null,"slippage_pips":null,"volume":0.00,"profit":0.00,"swap":0.00,"commission":0.00,"deal_time_broker":"2026-10-06 10:08:01","deal_time_broker_msc":1791281281000,"halted_at_receipt":false,"quarantined_at_receipt":false}
17,12,1791281695089,ea_event,,{"type":"fill_log","seq":7,"ea_time_ms":96837921,"magic":22260201,"deal_ticket":800000008,"order_ticket":9017,"position_id":900000008,"entry_type":"IN","deal_type":"BUY","side":"L","layer_index":3,"role":"EXT","deal_price":1.12141,"order_price_open":null,"slippage_pips":null,"volume":0.00,"profit":0.00,"swap":0.00,"commission":0.00,"deal_time_broker":"2026-10-06 10:14:55","deal_time_broker_msc":1791281695000,"halted_at_receipt":false,"quarantined_at_receipt":false}
17,15,1791281709377,ea_event,,{"type":"fill_log","seq":8,"ea_time_ms":96837921,"magic":22260201,"deal_ticket":800000009,"order_ticket":9009,"position_id":900000009,"entry_type":"IN","deal_type":"SELL","side":"S","layer_index":8,"role":"ENT","deal_price":1.12175,"order_price_open":null,"slippage_pips":null,"volume":0.00,"profit":0.00,"swap":0.00,"commission":0.00,"deal_time_broker":"2026-10-06 10:15:09","deal_time_broker_msc":1791281709000,"halted_at_receipt":false,"quarantined_at_receipt":false}
17,16,1791281738407,ea_event,,{"type":"fill_log","seq":9,"ea_time_ms":96837937,"magic":22260201,"deal_ticket":800000010,"order_ticket":9018,"position_id":900000010,"entry_type":"IN","deal_type":"BUY","side":"L","layer_index":2,"role":"EXT","deal_price":1.12197,"order_price_open":null,"slippage_pips":null,"volume":0.00,"profit":0.00,"swap":0.00,"commission":0.00,"deal_time_broker":"2026-10-06 10:15:38","deal_time_broker_msc":1791281738000,"halted_at_receipt":false,"quarantined_at_receipt":false}
17,19,1791282864257,ea_event,,{"type":"fill_log","seq":10,"ea_time_ms":96837968,"magic":22260201,"deal_ticket":800000011,"order_ticket":9021,"position_id":900000011,"entry_type":"IN","deal_type":"SELL","side":"S","layer_index":9,"role":"ENT","deal_price":1.12239,"order_price_open":null,"slippage_pips":null,"volume":0.00,"profit":0.00,"swap":0.00,"commission":0.00,"deal_time_broker":"2026-10-06 10:34:24","deal_time_broker_msc":1791282864000,"halted_at_receipt":false,"quarantined_at_receipt":false}
17,20,1791283190076,ea_event,,{"type":"fill_log","seq":11,"ea_time_ms":96837968,"magic":22260201,"deal_ticket":800000012,"order_ticket":9023,"position_id":900000012,"entry_type":"IN","deal_type":"BUY","side":"L","layer_index":1,"role":"EXT","deal_price":1.12260,"order_price_open":null,"slippage_pips":null,"volume":0.00,"profit":0.00,"swap":0.00,"commission":0.00,"deal_time_broker":"2026-10-06 10:39:50","deal_time_broker_msc":1791283190000,"halted_at_receipt":false,"quarantined_at_receipt":false}
17,23,1791283223260,ea_event,,{"type":"fill_log","seq":12,"ea_time_ms":96837984,"magic":22260201,"deal_ticket":800000013,"order_ticket":9026,"position_id":900000013,"entry_type":"IN","deal_type":"SELL","side":"S","layer_index":10,"role":"ENT","deal_price":1.12308,"order_price_open":null,"slippage_pips":null,"volume":0.00,"profit":0.00,"swap":0.00,"commission":0.00,"deal_time_broker":"2026-10-06 10:40:23","deal_time_broker_msc":1791283223000,"halted_at_receipt":false,"quarantined_at_receipt":false}
17,24,1791283864932,ea_event,,{"type":"fill_log","seq":13,"ea_time_ms":96838000,"magic":22260201,"deal_ticket":800000014,"order_ticket":1988651286,"position_id":900000014,"entry_type":"IN","deal_type":"BUY","side":"L","layer_index":0,"role":"EXT","deal_price":1.12321,"order_price_open":null,"slippage_pips":null,"volume":0.00,"profit":0.00,"swap":0.00,"commission":0.00,"deal_time_broker":"2026-10-06 10:51:04","deal_time_broker_msc":1791283864000,"halted_at_receipt":false,"quarantined_at_receipt":false}
17,28,1791284005085,ea_event,ROLL_ACCEPTED,{"type":"ea_event","seq":14,"ea_time_ms":96838000,"magic":null,"level":"INFO","code":"ROLL_ACCEPTED","reason":null,"ticket":1986183935,"detail":{"ticket":1986183935,"side":"S","layer_index":3,"entry":1.11873,"level":1.12368,"target":1.12269,"accrued":0.00001,"clamped":false,"cost":0.00395,"cost_pips":39.5,"rolled":1,"was_ejected":false,"source":"auto","reroll":false,"from_level":0.00000}}
17,28,1791284073221,ea_event,,{"type":"fill_log","seq":15,"ea_time_ms":96838000,"magic":22260201,"deal_ticket":800000015,"order_ticket":9031,"position_id":900000015,"entry_type":"IN","deal_type":"BUY","side":"L","layer_index":0,"role":"ENT","deal_price":1.12351,"order_price_open":null,"slippage_pips":null,"volume":0.00,"profit":0.00,"swap":0.00,"commission":0.00,"deal_time_broker":"2026-10-06 10:54:33","deal_time_broker_msc":1791284073000,"halted_at_receipt":false,"quarantined_at_receipt":false}
17,30,1791284302281,ea_event,ROLL_ACCEPTED,{"type":"ea_event","seq":16,"ea_time_ms":96838015,"magic":null,"level":"INFO","code":"ROLL_ACCEPTED","reason":null,"ticket":1986209324,"detail":{"ticket":1986209324,"side":"S","layer_index":4,"entry":1.11933,"level":1.12428,"target":1.12329,"accrued":0.00001,"clamped":false,"cost":0.00395,"cost_pips":39.5,"rolled":2,"was_ejected":false,"source":"auto","reroll":false,"from_level":0.00000}}
17,30,1791284821308,ea_event,,{"type":"fill_log","seq":17,"ea_time_ms":96838031,"magic":22260201,"deal_ticket":800000016,"order_ticket":9032,"position_id":900000016,"entry_type":"IN","deal_type":"SELL","side":"S","layer_index":4,"role":"EXT","deal_price":1.12327,"order_price_open":null,"slippage_pips":null,"volume":0.00,"profit":0.00,"swap":0.00,"commission":0.00,"deal_time_broker":"2026-10-06 11:07:01","deal_time_broker_msc":1791284821000,"halted_at_receipt":false,"quarantined_at_receipt":false}
17,30,1791284821744,ea_event,,{"type":"fill_log","seq":18,"ea_time_ms":96838031,"magic":22260201,"deal_ticket":800000017,"order_ticket":700000017,"position_id":1986209324,"entry_type":"OUT_BY","deal_type":"SELL","side":null,"layer_index":null,"role":null,"deal_price":1.12327,"order_price_open":null,"slippage_pips":null,"volume":0.00,"profit":-3.94,"swap":0.01,"commission":0.00,"deal_time_broker":"2026-10-06 11:07:01","deal_time_broker_msc":1791284821000,"halted_at_receipt":false,"quarantined_at_receipt":false}
17,30,1791284821744,ea_event,ROLL_FILLED,{"type":"ea_event","seq":19,"ea_time_ms":96838031,"magic":null,"level":"INFO","code":"ROLL_FILLED","reason":null,"ticket":1986209324,"detail":{"ticket":1986209324,"level":1.12428}}
17,30,1791284821744,ea_event,,{"type":"fill_log","seq":20,"ea_time_ms":96838031,"magic":22260201,"deal_ticket":800000018,"order_ticket":700000017,"position_id":900000016,"entry_type":"OUT_BY","deal_type":"SELL","side":null,"layer_index":null,"role":null,"deal_price":1.11933,"order_price_open":null,"slippage_pips":null,"volume":0.00,"profit":0.00,"swap":0.00,"commission":0.00,"deal_time_broker":"2026-10-06 11:07:01","deal_time_broker_msc":1791284821000,"halted_at_receipt":false,"quarantined_at_receipt":false}
17,30,1791284821744,scalp,SCALP_CLOSED,{"close_time":"2026-10-06T11:07:01Z","instrument":"EURUSD","direction":"SHORT","entry_price":1.11933,"exit_price":1.12327,"layer_depth":4,"stack_depth":8,"gross_pnl":-3.93,"instance_id":"GRIND_EURUSD_OPTC","ejected":false,"rolled":true,"broker_utc_offset_s":10800,"account_login":53077984}
17,33,1791284902265,ea_event,,{"type":"fill_log","seq":21,"ea_time_ms":96838031,"magic":22260201,"deal_ticket":800000019,"order_ticket":9034,"position_id":900000017,"entry_type":"IN","deal_type":"BUY","side":"L","layer_index":1,"role":"ENT","deal_price":1.12291,"order_price_open":null,"slippage_pips":null,"volume":0.00,"profit":0.00,"swap":0.00,"commission":0.00,"deal_time_broker":"2026-10-06 11:08:22","deal_time_broker_msc":1791284902000,"halted_at_receipt":false,"quarantined_at_receipt":false}
17,34,1791285377805,ea_event,,{"type":"fill_log","seq":22,"ea_time_ms":96838046,"magic":22260201,"deal_ticket":800000020,"order_ticket":9037,"position_id":900000018,"entry_type":"IN","deal_type":"SELL","side":"S","layer_index":3,"role":"EXT","deal_price":1.12265,"order_price_open":null,"slippage_pips":null,"volume":0.00,"profit":0.00,"swap":0.00,"commission":0.00,"deal_time_broker":"2026-10-06 11:16:17","deal_time_broker_msc":1791285377000,"halted_at_receipt":false,"quarantined_at_receipt":false}
17,37,1791286570269,ea_event,,{"type":"fill_log","seq":23,"ea_time_ms":96838078,"magic":22260201,"deal_ticket":800000021,"order_ticket":9038,"position_id":900000019,"entry_type":"IN","deal_type":"SELL","side":"S","layer_index":11,"role":"ENT","deal_price":1.12368,"order_price_open":null,"slippage_pips":null,"volume":0.00,"profit":0.00,"swap":0.00,"commission":0.00,"deal_time_broker":"2026-10-06 11:36:10","deal_time_broker_msc":1791286570000,"halted_at_receipt":false,"quarantined_at_receipt":false}
17,38,1791286628240,ea_event,,{"type":"fill_log","seq":24,"ea_time_ms":96838078,"magic":22260201,"deal_ticket":800000022,"order_ticket":9041,"position_id":900000020,"entry_type":"IN","deal_type":"BUY","side":"L","layer_index":1,"role":"EXT","deal_price":1.12392,"order_price_open":null,"slippage_pips":null,"volume":0.00,"profit":0.00,"swap":0.00,"commission":0.00,"deal_time_broker":"2026-10-06 11:37:08","deal_time_broker_msc":1791286628000,"halted_at_receipt":false,"quarantined_at_receipt":false}
17,41,1791286862941,ea_event,,{"type":"fill_log","seq":25,"ea_time_ms":96838093,"magic":22260201,"deal_ticket":800000023,"order_ticket":9044,"position_id":900000021,"entry_type":"IN","deal_type":"SELL","side":"S","layer_index":12,"role":"ENT","deal_price":1.12428,"order_price_open":null,"slippage_pips":null,"volume":0.00,"profit":0.00,"swap":0.00,"commission":0.00,"deal_time_broker":"2026-10-06 11:41:02","deal_time_broker_msc":1791286862000,"halted_at_receipt":false,"quarantined_at_receipt":false}
17,42,1791286878207,ea_event,,{"type":"fill_log","seq":26,"ea_time_ms":96838093,"magic":22260201,"deal_ticket":800000024,"order_ticket":9035,"position_id":900000022,"entry_type":"IN","deal_type":"BUY","side":"L","layer_index":0,"role":"EXT","deal_price":1.12458,"order_price_open":null,"slippage_pips":null,"volume":0.00,"profit":0.00,"swap":0.00,"commission":0.00,"deal_time_broker":"2026-10-06 11:41:18","deal_time_broker_msc":1791286878000,"halted_at_receipt":false,"quarantined_at_receipt":false}
17,45,1791286903178,ea_event,,{"type":"fill_log","seq":27,"ea_time_ms":96838093,"magic":22260201,"deal_ticket":800000025,"order_ticket":9049,"position_id":900000023,"entry_type":"IN","deal_type":"BUY","side":"L","layer_index":0,"role":"ENT","deal_price":1.12440,"order_price_open":null,"slippage_pips":null,"volume":0.00,"profit":0.00,"swap":0.00,"commission":0.00,"deal_time_broker":"2026-10-06 11:41:43","deal_time_broker_msc":1791286903000,"halted_at_receipt":false,"quarantined_at_receipt":false}
17,46,1791288797278,ea_event,,{"type":"fill_log","seq":28,"ea_time_ms":96838140,"magic":22260201,"deal_ticket":800000026,"order_ticket":9051,"position_id":900000024,"entry_type":"IN","deal_type":"BUY","side":"L","layer_index":1,"role":"ENT","deal_price":1.12374,"order_price_open":null,"slippage_pips":null,"volume":0.00,"profit":0.00,"swap":0.00,"commission":0.00,"deal_time_broker":"2026-10-06 12:13:17","deal_time_broker_msc":1791288797000,"halted_at_receipt":false,"quarantined_at_receipt":false}
17,47,1791291111875,ea_event,,{"type":"fill_log","seq":29,"ea_time_ms":96838187,"magic":22260201,"deal_ticket":800000027,"order_ticket":9055,"position_id":900000025,"entry_type":"IN","deal_type":"BUY","side":"L","layer_index":1,"role":"EXT","deal_price":1.12478,"order_price_open":null,"slippage_pips":null,"volume":0.00,"profit":0.00,"swap":0.00,"commission":0.00,"deal_time_broker":"2026-10-06 12:51:51","deal_time_broker_msc":1791291111000,"halted_at_receipt":false,"quarantined_at_receipt":false}
17,51,1791295981127,ea_event,ROLL_ACCEPTED,{"type":"ea_event","seq":30,"ea_time_ms":96838281,"magic":null,"level":"INFO","code":"ROLL_ACCEPTED","reason":null,"ticket":1987309445,"detail":{"ticket":1987309445,"side":"S","layer_index":5,"entry":1.11996,"level":1.12488,"target":1.12389,"accrued":0.00001,"clamped":false,"cost":0.00392,"cost_pips":39.2,"rolled":1,"was_ejected":false,"source":"auto","reroll":false,"from_level":0.00000}}
17,51,1791296132703,ea_event,,{"type":"fill_log","seq":31,"ea_time_ms":96838296,"magic":22260201,"deal_ticket":800000028,"order_ticket":9052,"position_id":900000026,"entry_type":"IN","deal_type":"BUY","side":"L","layer_index":0,"role":"EXT","deal_price":1.12537,"order_price_open":null,"slippage_pips":null,"volume":0.00,"profit":0.00,"swap":0.00,"commission":0.00,"deal_time_broker":"2026-10-06 14:15:32","deal_time_broker_msc":1791296132000,"halted_at_receipt":false,"quarantined_at_receipt":false}
17,55,1791296302069,ea_event,ROLL_ACCEPTED,{"type":"ea_event","seq":32,"ea_time_ms":96838296,"magic":null,"level":"INFO","code":"ROLL_ACCEPTED","reason":null,"ticket":1987529553,"detail":{"ticket":1987529553,"side":"S","layer_index":6,"entry":1.12056,"level":1.12548,"target":1.12449,"accrued":0.00001,"clamped":false,"cost":0.00392,"cost_pips":39.2,"rolled":2,"was_ejected":false,"source":"auto","reroll":false,"from_level":0.00000}}
17,55,1791296657809,ea_event,,{"type":"fill_log","seq":33,"ea_time_ms":96838312,"magic":22260201,"deal_ticket":800000029,"order_ticket":9058,"position_id":900000027,"entry_type":"IN","deal_type":"BUY","side":"L","layer_index":0,"role":"ENT","deal_price":1.12564,"order_price_open":null,"slippage_pips":null,"volume":0.00,"profit":0.00,"swap":0.00,"commission":0.00,"deal_time_broker":"2026-10-06 14:24:17","deal_time_broker_msc":1791296657000,"halted_at_receipt":false,"quarantined_at_receipt":false}
17,56,1791296733664,ea_event,ROLL_ACCEPTED,{"type":"ea_event","seq":34,"ea_time_ms":96838312,"magic":null,"level":"INFO","code":"ROLL_ACCEPTED","reason":null,"ticket":1987827917,"detail":{"ticket":1987827917,"side":"S","layer_index":7,"entry":1.12114,"level":1.12608,"target":1.12509,"accrued":0.00001,"clamped":false,"cost":0.00394,"cost_pips":39.4,"rolled":3,"was_ejected":false,"source":"auto","reroll":false,"from_level":0.00000}}
17,57,1791296791213,ea_event,STRAY_L0_CANCEL,{"type":"ea_event","seq":35,"ea_time_ms":96838312,"magic":null,"level":"WARN","code":"STRAY_L0_CANCEL","reason":null,"ticket":9063,"detail":{"side":"L","depth":1}}
17,58,1791296859386,ea_event,ROLL_ACCEPTED,{"type":"ea_event","seq":36,"ea_time_ms":96838312,"magic":null,"level":"INFO","code":"ROLL_ACCEPTED","reason":null,"ticket":1989193495,"detail":{"ticket":1989193495,"side":"S","layer_index":8,"entry":1.12175,"level":1.12668,"target":1.12568,"accrued":0.00000,"clamped":false,"cost":0.00393,"cost_pips":39.3,"rolled":4,"was_ejected":false,"source":"auto","reroll":false,"from_level":0.00000}}
17,59,1791298984556,ea_event,ROLL_ACCEPTED,{"type":"ea_event","seq":37,"ea_time_ms":96838406,"magic":null,"level":"INFO","code":"ROLL_ACCEPTED","reason":null,"ticket":1989375864,"detail":{"ticket":1989375864,"side":"S","layer_index":9,"entry":1.12239,"level":1.12728,"target":1.12628,"accrued":0.00000,"clamped":false,"cost":0.00389,"cost_pips":38.9,"rolled":5,"was_ejected":false,"source":"auto","reroll":false,"from_level":0.00000}}
17,59,1791298985161,ea_event,,{"type":"fill_log","seq":38,"ea_time_ms":96838406,"magic":22260201,"deal_ticket":800000030,"order_ticket":9064,"position_id":900000028,"entry_type":"IN","deal_type":"BUY","side":"L","layer_index":0,"role":"EXT","deal_price":1.12734,"order_price_open":null,"slippage_pips":null,"volume":0.00,"profit":0.00,"swap":0.00,"commission":0.00,"deal_time_broker":"2026-10-06 15:03:04","deal_time_broker_msc":1791298984000,"halted_at_receipt":false,"quarantined_at_receipt":false}
17,62,1791299116987,ea_event,,{"type":"fill_log","seq":39,"ea_time_ms":96838421,"magic":22260201,"deal_ticket":800000031,"order_ticket":9068,"position_id":900000029,"entry_type":"IN","deal_type":"BUY","side":"L","layer_index":0,"role":"ENT","deal_price":1.12738,"order_price_open":null,"slippage_pips":null,"volume":0.00,"profit":0.00,"swap":0.00,"commission":0.00,"deal_time_broker":"2026-10-06 15:05:16","deal_time_broker_msc":1791299116000,"halted_at_receipt":false,"quarantined_at_receipt":false}
17,63,1791299206317,ea_event,,{"type":"fill_log","seq":40,"ea_time_ms":96838421,"magic":22260201,"deal_ticket":800000032,"order_ticket":9070,"position_id":900000030,"entry_type":"IN","deal_type":"BUY","side":"L","layer_index":1,"role":"ENT","deal_price":1.12671,"order_price_open":null,"slippage_pips":null,"volume":0.00,"profit":0.00,"swap":0.00,"commission":0.00,"deal_time_broker":"2026-10-06 15:06:46","deal_time_broker_msc":1791299206000,"halted_at_receipt":false,"quarantined_at_receipt":false}
17,64,1791300556564,ea_event,,{"type":"fill_log","seq":41,"ea_time_ms":96838484,"magic":22260201,"deal_ticket":800000033,"order_ticket":9066,"position_id":900000031,"entry_type":"IN","deal_type":"SELL","side":"S","layer_index":9,"role":"EXT","deal_price":1.12628,"order_price_open":null,"slippage_pips":null,"volume":0.00,"profit":0.00,"swap":0.00,"commission":0.00,"deal_time_broker":"2026-10-06 15:29:16","deal_time_broker_msc":1791300556000,"halted_at_receipt":false,"quarantined_at_receipt":false}
17,67,1791301443848,ea_event,,{"type":"fill_log","seq":42,"ea_time_ms":96838500,"magic":22260201,"deal_ticket":800000034,"order_ticket":9073,"position_id":900000032,"entry_type":"IN","deal_type":"BUY","side":"L","layer_index":2,"role":"ENT","deal_price":1.12611,"order_price_open":null,"slippage_pips":null,"volume":0.00,"profit":0.00,"swap":0.00,"commission":0.00,"deal_time_broker":"2026-10-06 15:44:03","deal_time_broker_msc":1791301443000,"halted_at_receipt":false,"quarantined_at_receipt":false}
17,68,1791301992534,ea_event,,{"type":"fill_log","seq":43,"ea_time_ms":96838531,"magic":22260201,"deal_ticket":800000035,"order_ticket":9075,"position_id":900000033,"entry_type":"IN","deal_type":"SELL","side":"S","layer_index":8,"role":"EXT","deal_price":1.12570,"order_price_open":null,"slippage_pips":null,"volume":0.00,"profit":0.00,"swap":0.00,"commission":0.00,"deal_time_broker":"2026-10-06 15:53:12","deal_time_broker_msc":1791301992000,"halted_at_receipt":false,"quarantined_at_receipt":false}
17,71,1791303853387,ea_event,,{"type":"fill_log","seq":44,"ea_time_ms":96838609,"magic":22260201,"deal_ticket":800000036,"order_ticket":9078,"position_id":900000034,"entry_type":"IN","deal_type":"BUY","side":"L","layer_index":3,"role":"ENT","deal_price":1.12545,"order_price_open":null,"slippage_pips":null,"volume":0.00,"profit":0.00,"swap":0.00,"commission":0.00,"deal_time_broker":"2026-10-06 16:24:13","deal_time_broker_msc":1791303853000,"halted_at_receipt":false,"quarantined_at_receipt":false}
17,72,1791304717407,ea_event,,{"type":"fill_log","seq":45,"ea_time_ms":96838640,"magic":22260201,"deal_ticket":800000037,"order_ticket":9080,"position_id":900000035,"entry_type":"IN","deal_type":"SELL","side":"S","layer_index":7,"role":"EXT","deal_price":1.12511,"order_price_open":null,"slippage_pips":null,"volume":0.00,"profit":0.00,"swap":0.00,"commission":0.00,"deal_time_broker":"2026-10-06 16:38:37","deal_time_broker_msc":1791304717000,"halted_at_receipt":false,"quarantined_at_receipt":false}
17,75,1791304915203,ea_event,,{"type":"fill_log","seq":46,"ea_time_ms":96838656,"magic":22260201,"deal_ticket":800000038,"order_ticket":9082,"position_id":900000036,"entry_type":"IN","deal_type":"BUY","side":"L","layer_index":4,"role":"ENT","deal_price":1.12485,"order_price_open":null,"slippage_pips":null,"volume":0.00,"profit":0.00,"swap":0.00,"commission":0.00,"deal_time_broker":"2026-10-06 16:41:55","deal_time_broker_msc":1791304915000,"halted_at_receipt":false,"quarantined_at_receipt":false}
17,76,1791308545424,ea_event,,{"type":"fill_log","seq":47,"ea_time_ms":96838765,"magic":22260201,"deal_ticket":800000039,"order_ticket":9084,"position_id":900000037,"entry_type":"IN","deal_type":"SELL","side":"S","layer_index":6,"role":"EXT","deal_price":1.12448,"order_price_open":null,"slippage_pips":null,"volume":0.00,"profit":0.00,"swap":0.00,"commission":0.00,"deal_time_broker":"2026-10-06 17:42:25","deal_time_broker_msc":1791308545000,"halted_at_receipt":false,"quarantined_at_receipt":false}
17,79,1791309133544,ea_event,,{"type":"fill_log","seq":48,"ea_time_ms":96838781,"magic":22260201,"deal_ticket":800000040,"order_ticket":9076,"position_id":900000038,"entry_type":"IN","deal_type":"SELL","side":"S","layer_index":13,"role":"ENT","deal_price":1.12549,"order_price_open":null,"slippage_pips":null,"volume":0.00,"profit":0.00,"swap":0.00,"commission":0.00,"deal_time_broker":"2026-10-06 17:52:13","deal_time_broker_msc":1791309133000,"halted_at_receipt":false,"quarantined_at_receipt":false}
17,80,1791309845289,ea_event,,{"type":"fill_log","seq":49,"ea_time_ms":96838796,"magic":22260201,"deal_ticket":800000041,"order_ticket":9087,"position_id":900000039,"entry_type":"IN","deal_type":"BUY","side":"L","layer_index":4,"role":"EXT","deal_price":1.12585,"order_price_open":null,"slippage_pips":null,"volume":0.00,"profit":0.00,"swap":0.00,"commission":0.00,"deal_time_broker":"2026-10-06 18:04:05","deal_time_broker_msc":1791309845000,"halted_at_receipt":false,"quarantined_at_receipt":false}
17,83,1791310464417,ea_event,,{"type":"fill_log","seq":50,"ea_time_ms":96838828,"magic":22260201,"deal_ticket":800000042,"order_ticket":9090,"position_id":900000040,"entry_type":"IN","deal_type":"SELL","side":"S","layer_index":14,"role":"ENT","deal_price":1.12609,"order_price_open":null,"slippage_pips":null,"volume":0.00,"profit":0.00,"swap":0.00,"commission":0.00,"deal_time_broker":"2026-10-06 18:14:24","deal_time_broker_msc":1791310464000,"halted_at_receipt":false,"quarantined_at_receipt":false}
17,84,1791310788510,ea_event,,{"type":"fill_log","seq":51,"ea_time_ms":96838828,"magic":22260201,"deal_ticket":800000043,"order_ticket":9092,"position_id":900000041,"entry_type":"IN","deal_type":"BUY","side":"L","layer_index":3,"role":"EXT","deal_price":1.12646,"order_price_open":null,"slippage_pips":null,"volume":0.00,"profit":0.00,"swap":0.00,"commission":0.00,"deal_time_broker":"2026-10-06 18:19:48","deal_time_broker_msc":1791310788000,"halted_at_receipt":false,"quarantined_at_receipt":false}
17,87,1791311611404,ea_event,,{"type":"fill_log","seq":52,"ea_time_ms":96838859,"magic":22260201,"deal_ticket":800000044,"order_ticket":9095,"position_id":900000042,"entry_type":"IN","deal_type":"SELL","side":"S","layer_index":15,"role":"ENT","deal_price":1.12668,"order_price_open":null,"slippage_pips":null,"volume":0.00,"profit":0.00,"swap":0.00,"commission":0.00,"deal_time_broker":"2026-10-06 18:33:31","deal_time_broker_msc":1791311611000,"halted_at_receipt":false,"quarantined_at_receipt":false}
17,88,1791313904261,ea_event,,{"type":"fill_log","seq":53,"ea_time_ms":96838906,"magic":22260201,"deal_ticket":800000045,"order_ticket":9101,"position_id":900000043,"entry_type":"IN","deal_type":"SELL","side":"S","layer_index":15,"role":"EXT","deal_price":1.12568,"order_price_open":null,"slippage_pips":null,"volume":0.00,"profit":0.00,"swap":0.00,"commission":0.00,"deal_time_broker":"2026-10-06 19:11:44","deal_time_broker_msc":1791313904000,"halted_at_receipt":false,"quarantined_at_receipt":false}
17,91,1791315465379,ea_event,,{"type":"fill_log","seq":54,"ea_time_ms":96838937,"magic":22260201,"deal_ticket":800000046,"order_ticket":9098,"position_id":900000044,"entry_type":"IN","deal_type":"BUY","side":"L","layer_index":3,"role":"ENT","deal_price":1.12551,"order_price_open":null,"slippage_pips":null,"volume":0.00,"profit":0.00,"swap":0.00,"commission":0.00,"deal_time_broker":"2026-10-06 19:37:45","deal_time_broker_msc":1791315465000,"halted_at_receipt":false,"quarantined_at_receipt":false}
17,92,1791320972950,ea_event,,{"type":"fill_log","seq":55,"ea_time_ms":96839031,"magic":22260201,"deal_ticket":800000047,"order_ticket":9106,"position_id":900000045,"entry_type":"IN","deal_type":"BUY","side":"L","layer_index":3,"role":"EXT","deal_price":1.12652,"order_price_open":null,"slippage_pips":null,"volume":0.00,"profit":0.00,"swap":0.00,"commission":0.00,"deal_time_broker":"2026-10-06 21:09:32","deal_time_broker_msc":1791320972000,"halted_at_receipt":false,"quarantined_at_receipt":false}
17,95,1791330612000,ea_event,CARRY_SNAPSHOT,{"type":"ea_event","seq":56,"ea_time_ms":96839156,"magic":null,"level":"INFO","code":"CARRY_SNAPSHOT","reason":"EURUSD","ticket":null,"detail":{"symbol":"EURUSD","swap_mode":1,"swap_long":-7.9900,"swap_short":1.3100,"multiplier":1,"day_of_week":2,"rollover3days":3,"digits":5,"point":0.00001000,"tick_value":1.00000000,"tick_size":0.00001000,"stops_level":0,"freeze_level":0,"long_pips":-0.799,"short_pips":0.131,"eligible_long":3,"eligible_short":6,"trade_mode_full":true,"mult_today":1,"mult_tomorrow":3,"accrued_swap_long":0.00,"accrued_swap_short":0.00}}
17,95,1791330612000,ea_event,CARRY_EXIT_SHIFT,{"type":"ea_event","seq":57,"ea_time_ms":96839156,"magic":null,"level":"INFO","code":"CARRY_EXIT_SHIFT","reason":"EURUSD","ticket":null,"detail":{"position_ticket":1990101837,"side":"long","layer_index":0,"accrued_ledger_pips":0.000,"pending_pips":-2.397,"accrued_pips_total":-2.397,"old_price":1.12833,"new_price":1.12857,"clamped":false,"sign_guard_skipped":false,"retcode":10009,"points_native_pips":-0.799}}
17,95,1791330672000,ea_event,CARRY_EXIT_SHIFT,{"type":"ea_event","seq":58,"ea_time_ms":96839156,"magic":null,"level":"INFO","code":"CARRY_EXIT_SHIFT","reason":"EURUSD","ticket":null,"detail":{"position_ticket":1990112560,"side":"long","layer_index":2,"accrued_ledger_pips":0.000,"pending_pips":-2.397,"accrued_pips_total":-2.397,"old_price":1.12711,"new_price":1.12735,"clamped":false,"sign_guard_skipped":false,"retcode":10009,"points_native_pips":-0.799}}
17,95,1791330732000,ea_event,CARRY_EXIT_SHIFT,{"type":"ea_event","seq":59,"ea_time_ms":96839156,"magic":null,"level":"INFO","code":"CARRY_EXIT_SHIFT","reason":"EURUSD","ticket":null,"detail":{"position_ticket":1989438379,"side":"short","layer_index":10,"accrued_ledger_pips":0.000,"pending_pips":0.393,"accrued_pips_total":0.393,"old_price":1.12208,"new_price":1.12212,"clamped":false,"sign_guard_skipped":false,"retcode":10009,"points_native_pips":0.131}}
17,95,1791330852000,ea_event,CARRY_EXIT_SHIFT,{"type":"ea_event","seq":60,"ea_time_ms":96839171,"magic":null,"level":"INFO","code":"CARRY_EXIT_SHIFT","reason":"EURUSD","ticket":null,"detail":{"position_ticket":1990664107,"side":"short","layer_index":14,"accrued_ledger_pips":0.000,"pending_pips":0.393,"accrued_pips_total":0.393,"old_price":1.12509,"new_price":1.12513,"clamped":false,"sign_guard_skipped":false,"retcode":10009,"points_native_pips":0.131}}
17,95,1791330852000,ea_event,CARRY_PASS_SUMMARY,{"type":"ea_event","seq":61,"ea_time_ms":96839171,"magic":null,"level":"INFO","code":"CARRY_PASS_SUMMARY","reason":"EURUSD","ticket":null,"detail":{"eligible":9,"shifted":4,"clamped":0,"skipped":0,"failed":0,"incomplete":false}}
17,95,1791340731279,ea_event,,{"type":"fill_log","seq":62,"ea_time_ms":96839234,"magic":22260201,"deal_ticket":800000048,"order_ticket":9108,"position_id":900000046,"entry_type":"IN","deal_type":"BUY","side":"L","layer_index":3,"role":"ENT","deal_price":1.12550,"order_price_open":null,"slippage_pips":null,"volume":0.00,"profit":0.00,"swap":0.00,"commission":0.00,"deal_time_broker":"2026-10-07 02:38:51","deal_time_broker_msc":1791340731000,"halted_at_receipt":false,"quarantined_at_receipt":false}
17,96,1791342022770,ea_event,,{"type":"fill_log","seq":63,"ea_time_ms":96839250,"magic":22260201,"deal_ticket":800000049,"order_ticket":9102,"position_id":900000047,"entry_type":"IN","deal_type":"SELL","side":"S","layer_index":14,"role":"EXT","deal_price":1.12514,"order_price_open":null,"slippage_pips":null,"volume":0.00,"profit":0.00,"swap":0.00,"commission":0.00,"deal_time_broker":"2026-10-07 03:00:22","deal_time_broker_msc":1791342022000,"halted_at_receipt":false,"quarantined_at_receipt":false}
17,99,1791345327693,ea_event,,{"type":"fill_log","seq":64,"ea_time_ms":96839296,"magic":22260201,"deal_ticket":800000050,"order_ticket":9110,"position_id":900000048,"entry_type":"IN","deal_type":"BUY","side":"L","layer_index":4,"role":"ENT","deal_price":1.12489,"order_price_open":null,"slippage_pips":null,"volume":0.00,"profit":0.00,"swap":0.00,"commission":0.00,"deal_time_broker":"2026-10-07 03:55:27","deal_time_broker_msc":1791345327000,"halted_at_receipt":false,"quarantined_at_receipt":false}
17,100,1791346075143,ea_event,,{"type":"fill_log","seq":65,"ea_time_ms":96839312,"magic":22260201,"deal_ticket":800000051,"order_ticket":9112,"position_id":900000049,"entry_type":"IN","deal_type":"SELL","side":"S","layer_index":13,"role":"EXT","deal_price":1.12454,"order_price_open":null,"slippage_pips":null,"volume":0.00,"profit":0.00,"swap":0.00,"commission":0.00,"deal_time_broker":"2026-10-07 04:07:55","deal_time_broker_msc":1791346075000,"halted_at_receipt":false,"quarantined_at_receipt":false}
17,103,1791347084766,ea_event,,{"type":"fill_log","seq":66,"ea_time_ms":96839328,"magic":22260201,"deal_ticket":800000052,"order_ticket":9115,"position_id":900000050,"entry_type":"IN","deal_type":"BUY","side":"L","layer_index":5,"role":"ENT","deal_price":1.12427,"order_price_open":null,"slippage_pips":null,"volume":0.00,"profit":0.00,"swap":0.00,"commission":0.00,"deal_time_broker":"2026-10-07 04:24:44","deal_time_broker_msc":1791347084000,"halted_at_receipt":false,"quarantined_at_receipt":false}
17,104,1791348872218,ea_event,,{"type":"fill_log","seq":67,"ea_time_ms":96839359,"magic":22260201,"deal_ticket":800000053,"order_ticket":9117,"position_id":900000051,"entry_type":"IN","deal_type":"SELL","side":"S","layer_index":5,"role":"EXT","deal_price":1.12391,"order_price_open":null,"slippage_pips":null,"volume":0.00,"profit":0.00,"swap":0.00,"commission":0.00,"deal_time_broker":"2026-10-07 04:54:32","deal_time_broker_msc":1791348872000,"halted_at_receipt":false,"quarantined_at_receipt":false}
17,107,1791349414663,ea_event,,{"type":"fill_log","seq":68,"ea_time_ms":96839359,"magic":22260201,"deal_ticket":800000054,"order_ticket":9120,"position_id":900000052,"entry_type":"IN","deal_type":"BUY","side":"L","layer_index":6,"role":"ENT","deal_price":1.12367,"order_price_open":null,"slippage_pips":null,"volume":0.00,"profit":0.00,"swap":0.00,"commission":0.00,"deal_time_broker":"2026-10-07 05:03:34","deal_time_broker_msc":1791349414000,"halted_at_receipt":false,"quarantined_at_receipt":false}
19,-1,1791357550552,ea_event,,{"type":"fill_log","seq":0,"ea_time_ms":96839453,"magic":22260201,"deal_ticket":800000001,"order_ticket":1991677746,"position_id":900000001,"entry_type":"IN","deal_type":"SELL","side":"S","layer_index":12,"role":"EXT","deal_price":1.12332,"order_price_open":null,"slippage_pips":null,"volume":0.00,"profit":0.00,"swap":0.00,"commission":0.00,"deal_time_broker":"2026-10-07 07:19:10","deal_time_broker_msc":1791357550000,"halted_at_receipt":false,"quarantined_at_receipt":false}
19,2,1791358027403,ea_event,,{"type":"fill_log","seq":1,"ea_time_ms":96839468,"magic":22260201,"deal_ticket":800000002,"order_ticket":1991706517,"position_id":900000002,"entry_type":"IN","deal_type":"BUY","side":"L","layer_index":7,"role":"ENT","deal_price":1.12307,"order_price_open":null,"slippage_pips":null,"volume":0.00,"profit":0.00,"swap":0.00,"commission":0.00,"deal_time_broker":"2026-10-07 07:27:07","deal_time_broker_msc":1791358027000,"halted_at_receipt":false,"quarantined_at_receipt":false}
19,3,1791363708932,ea_event,,{"type":"fill_log","seq":2,"ea_time_ms":96839515,"magic":22260201,"deal_ticket":800000003,"order_ticket":9000,"position_id":900000003,"entry_type":"IN","deal_type":"SELL","side":"S","layer_index":11,"role":"EXT","deal_price":1.12267,"order_price_open":null,"slippage_pips":null,"volume":0.00,"profit":0.00,"swap":0.00,"commission":0.00,"deal_time_broker":"2026-10-07 09:01:48","deal_time_broker_msc":1791363708000,"halted_at_receipt":false,"quarantined_at_receipt":false}
19,6,1791363738027,ea_event,ROLL_DEFERRED,{"type":"ea_event","seq":3,"ea_time_ms":96839515,"magic":null,"level":"INFO","code":"ROLL_DEFERRED","reason":"L","ticket":null,"detail":{"side":"L","depth":8,"opposite_depth":1,"gate":0,"level":1.12247,"market":1.12246}}
19,6,1791368126092,ea_event,,{"type":"fill_log","seq":4,"ea_time_ms":96839593,"magic":22260201,"deal_ticket":800000004,"order_ticket":1990101682,"position_id":900000004,"entry_type":"IN","deal_type":"SELL","side":"S","layer_index":10,"role":"EXT","deal_price":1.12213,"order_price_open":null,"slippage_pips":null,"volume":0.00,"profit":0.00,"swap":0.00,"commission":0.00,"deal_time_broker":"2026-10-07 10:15:26","deal_time_broker_msc":1791368126000,"halted_at_receipt":false,"quarantined_at_receipt":false}
19,7,1791368126424,ea_event,ROLL_ACCEPTED,{"type":"ea_event","seq":5,"ea_time_ms":96839593,"magic":null,"level":"INFO","code":"ROLL_ACCEPTED","reason":null,"ticket":1990101837,"detail":{"ticket":1990101837,"side":"L","layer_index":0,"entry":1.12733,"level":1.12247,"target":1.12371,"accrued":0.00024,"clamped":false,"cost":0.00386,"cost_pips":38.6,"rolled":1,"was_ejected":false,"source":"auto","reroll":false,"from_level":0.00000}}
19,11,1791368150353,ea_event,ROLL_ACCEPTED,{"type":"ea_event","seq":6,"ea_time_ms":96839593,"magic":null,"level":"INFO","code":"ROLL_ACCEPTED","reason":null,"ticket":1990109088,"detail":{"ticket":1990109088,"side":"L","layer_index":1,"entry":1.12671,"level":1.12187,"target":1.12311,"accrued":0.00024,"clamped":false,"cost":0.00384,"cost_pips":38.4,"rolled":2,"was_ejected":false,"source":"auto","reroll":false,"from_level":0.00000}}
19,11,1791368416505,ea_event,,{"type":"fill_log","seq":7,"ea_time_ms":96839593,"magic":22260201,"deal_ticket":800000005,"order_ticket":9006,"position_id":900000005,"entry_type":"IN","deal_type":"SELL","side":"S","layer_index":0,"role":"ENT","deal_price":1.12176,"order_price_open":null,"slippage_pips":null,"volume":0.00,"profit":0.00,"swap":0.00,"commission":0.00,"deal_time_broker":"2026-10-07 10:20:16","deal_time_broker_msc":1791368416000,"halted_at_receipt":false,"quarantined_at_receipt":false}
19,12,1791368516544,ea_event,ROLL_DEFERRED,{"type":"ea_event","seq":8,"ea_time_ms":96839593,"magic":null,"level":"INFO","code":"ROLL_DEFERRED","reason":"L","ticket":null,"detail":{"side":"L","depth":8,"opposite_depth":1,"gate":0,"level":1.12127,"market":1.12127}}
19,12,1791369300699,ea_event,,{"type":"fill_log","seq":9,"ea_time_ms":96839625,"magic":22260201,"deal_ticket":800000006,"order_ticket":9010,"position_id":900000006,"entry_type":"IN","deal_type":"SELL","side":"S","layer_index":0,"role":"EXT","deal_price":1.12077,"order_price_open":null,"slippage_pips":null,"volume":0.00,"profit":0.00,"swap":0.00,"commission":0.00,"deal_time_broker":"2026-10-07 10:35:00","deal_time_broker_msc":1791369300000,"halted_at_receipt":false,"quarantined_at_receipt":false}
19,13,1791369301040,ea_event,ROLL_ACCEPTED,{"type":"ea_event","seq":10,"ea_time_ms":96839625,"magic":null,"level":"INFO","code":"ROLL_ACCEPTED","reason":null,"ticket":1990112560,"detail":{"ticket":1990112560,"side":"L","layer_index":2,"entry":1.12611,"level":1.12127,"target":1.12251,"accrued":0.00024,"clamped":false,"cost":0.00384,"cost_pips":38.4,"rolled":3,"was_ejected":false,"source":"auto","reroll":false,"from_level":0.00000}}
19,17,1791369378026,ea_event,ROLL_ACCEPTED,{"type":"ea_event","seq":11,"ea_time_ms":96839625,"magic":null,"level":"INFO","code":"ROLL_ACCEPTED","reason":null,"ticket":1991069591,"detail":{"ticket":1991069591,"side":"L","layer_index":3,"entry":1.12550,"level":1.12067,"target":1.12167,"accrued":0.00000,"clamped":false,"cost":0.00383,"cost_pips":38.3,"rolled":4,"was_ejected":false,"source":"auto","reroll":false,"from_level":0.00000}}
19,17,1791369746761,ea_event,,{"type":"fill_log","seq":12,"ea_time_ms":96839640,"magic":22260201,"deal_ticket":800000007,"order_ticket":9012,"position_id":900000007,"entry_type":"IN","deal_type":"SELL","side":"S","layer_index":0,"role":"ENT","deal_price":1.12076,"order_price_open":null,"slippage_pips":null,"volume":0.00,"profit":0.00,"swap":0.00,"commission":0.00,"deal_time_broker":"2026-10-07 10:42:26","deal_time_broker_msc":1791369746000,"halted_at_receipt":false,"quarantined_at_receipt":false}
19,18,1791370345059,ea_event,ROLL_DEFERRED,{"type":"ea_event","seq":13,"ea_time_ms":96839656,"magic":null,"level":"INFO","code":"ROLL_DEFERRED","reason":"L","ticket":null,"detail":{"side":"L","depth":8,"opposite_depth":1,"gate":0,"level":1.12007,"market":1.12004}}
19,18,1791370356613,ea_event,,{"type":"fill_log","seq":14,"ea_time_ms":96839656,"magic":22260201,"deal_ticket":800000008,"order_ticket":9016,"position_id":900000008,"entry_type":"IN","deal_type":"SELL","side":"S","layer_index":0,"role":"EXT","deal_price":1.11972,"order_price_open":null,"slippage_pips":null,"volume":0.00,"profit":0.00,"swap":0.00,"commission":0.00,"deal_time_broker":"2026-10-07 10:52:36","deal_time_broker_msc":1791370356000,"halted_at_receipt":false,"quarantined_at_receipt":false}
19,19,1791370356758,ea_event,ROLL_ACCEPTED,{"type":"ea_event","seq":15,"ea_time_ms":96839656,"magic":null,"level":"INFO","code":"ROLL_ACCEPTED","reason":null,"ticket":1991419957,"detail":{"ticket":1991419957,"side":"L","layer_index":4,"entry":1.12489,"level":1.12007,"target":1.12107,"accrued":0.00000,"clamped":false,"cost":0.00382,"cost_pips":38.2,"rolled":5,"was_ejected":false,"source":"auto","reroll":false,"from_level":0.00000}}
19,23,1791370393735,ea_event,ROLL_ACCEPTED,{"type":"ea_event","seq":16,"ea_time_ms":96839656,"magic":null,"level":"INFO","code":"ROLL_ACCEPTED","reason":null,"ticket":1991561135,"detail":{"ticket":1991561135,"side":"L","layer_index":5,"entry":1.12427,"level":1.11947,"target":1.12047,"accrued":0.00000,"clamped":false,"cost":0.00380,"cost_pips":38.0,"rolled":6,"was_ejected":false,"source":"auto","reroll":false,"from_level":0.00000}}
19,23,1791370465629,ea_event,,{"type":"fill_log","seq":17,"ea_time_ms":96839656,"magic":22260201,"deal_ticket":800000009,"order_ticket":9018,"position_id":900000009,"entry_type":"IN","deal_type":"SELL","side":"S","layer_index":0,"role":"ENT","deal_price":1.11919,"order_price_open":null,"slippage_pips":null,"volume":0.00,"profit":0.00,"swap":0.00,"commission":0.00,"deal_time_broker":"2026-10-07 10:54:25","deal_time_broker_msc":1791370465000,"halted_at_receipt":false,"quarantined_at_receipt":false}
19,24,1791370518481,ea_event,ROLL_DEFERRED,{"type":"ea_event","seq":18,"ea_time_ms":96839671,"magic":null,"level":"INFO","code":"ROLL_DEFERRED","reason":"L","ticket":null,"detail":{"side":"L","depth":8,"opposite_depth":1,"gate":0,"level":1.11887,"market":1.11885}}
19,24,1791370628388,ea_event,,{"type":"fill_log","seq":19,"ea_time_ms":96839671,"magic":22260201,"deal_ticket":800000010,"order_ticket":9022,"position_id":900000010,"entry_type":"IN","deal_type":"SELL","side":"S","layer_index":0,"role":"EXT","deal_price":1.11819,"order_price_open":null,"slippage_pips":null,"volume":0.00,"profit":0.00,"swap":0.00,"commission":0.00,"deal_time_broker":"2026-10-07 10:57:08","deal_time_broker_msc":1791370628000,"halted_at_receipt":false,"quarantined_at_receipt":false}
19,25,1791370628536,ea_event,ROLL_ACCEPTED,{"type":"ea_event","seq":20,"ea_time_ms":96839671,"magic":null,"level":"INFO","code":"ROLL_ACCEPTED","reason":null,"ticket":1991618499,"detail":{"ticket":1991618499,"side":"L","layer_index":6,"entry":1.12367,"level":1.11887,"target":1.11987,"accrued":0.00000,"clamped":false,"cost":0.00380,"cost_pips":38.0,"rolled":7,"was_ejected":false,"source":"auto","reroll":false,"from_level":0.00000}}
19,25,1791370628536,ea_event,ROLL_ACCEPTED,{"type":"ea_event","seq":21,"ea_time_ms":96839671,"magic":null,"level":"INFO","code":"ROLL_ACCEPTED","reason":null,"ticket":1991706517,"detail":{"ticket":1991706517,"side":"L","layer_index":7,"entry":1.12307,"level":1.11827,"target":1.11927,"accrued":0.00000,"clamped":false,"cost":0.00380,"cost_pips":38.0,"rolled":8,"was_ejected":false,"source":"auto","reroll":false,"from_level":0.00000}}
19,29,1791370642040,ea_event,,{"type":"fill_log","seq":22,"ea_time_ms":96839671,"magic":22260201,"deal_ticket":800000011,"order_ticket":9025,"position_id":900000011,"entry_type":"IN","deal_type":"SELL","side":"S","layer_index":0,"role":"ENT","deal_price":1.11843,"order_price_open":null,"slippage_pips":null,"volume":0.00,"profit":0.00,"swap":0.00,"commission":0.00,"deal_time_broker":"2026-10-07 10:57:22","deal_time_broker_msc":1791370642000,"halted_at_receipt":false,"quarantined_at_receipt":false}
19,30,1791370806933,ea_event,,{"type":"fill_log","seq":23,"ea_time_ms":96839687,"magic":22260201,"deal_ticket":800000012,"order_ticket":9027,"position_id":900000012,"entry_type":"IN","deal_type":"SELL","side":"S","layer_index":1,"role":"ENT","deal_price":1.11918,"order_price_open":null,"slippage_pips":null,"volume":0.00,"profit":0.00,"swap":0.00,"commission":0.00,"deal_time_broker":"2026-10-07 11:00:06","deal_time_broker_msc":1791370806000,"halted_at_receipt":false,"quarantined_at_receipt":false}
19,31,1791371031246,ea_event,,{"type":"fill_log","seq":24,"ea_time_ms":96839703,"magic":22260201,"deal_ticket":800000013,"order_ticket":9023,"position_id":900000013,"entry_type":"IN","deal_type":"BUY","side":"L","layer_index":7,"role":"EXT","deal_price":1.11928,"order_price_open":null,"slippage_pips":null,"volume":0.00,"profit":0.00,"swap":0.00,"commission":0.00,"deal_time_broker":"2026-10-07 11:03:51","deal_time_broker_msc":1791371031000,"halted_at_receipt":false,"quarantined_at_receipt":false}
19,34,1791371734465,ea_event,,{"type":"fill_log","seq":25,"ea_time_ms":96839734,"magic":22260201,"deal_ticket":800000014,"order_ticket":9033,"position_id":900000014,"entry_type":"IN","deal_type":"BUY","side":"L","layer_index":7,"role":"ENT","deal_price":1.11827,"order_price_open":null,"slippage_pips":null,"volume":0.00,"profit":0.00,"swap":0.00,"commission":0.00,"deal_time_broker":"2026-10-07 11:15:34","deal_time_broker_msc":1791371734000,"halted_at_receipt":false,"quarantined_at_receipt":false}
19,35,1791371781311,ea_event,,{"type":"fill_log","seq":26,"ea_time_ms":96839734,"magic":22260201,"deal_ticket":800000015,"order_ticket":9031,"position_id":900000015,"entry_type":"IN","deal_type":"SELL","side":"S","layer_index":1,"role":"EXT","deal_price":1.11814,"order_price_open":null,"slippage_pips":null,"volume":0.00,"profit":0.00,"swap":0.00,"commission":0.00,"deal_time_broker":"2026-10-07 11:16:21","deal_time_broker_msc":1791371781000,"halted_at_receipt":false,"quarantined_at_receipt":false}
19,38,1791372089485,ea_event,,{"type":"fill_log","seq":27,"ea_time_ms":96839750,"magic":22260201,"deal_ticket":800000016,"order_ticket":9036,"position_id":900000016,"entry_type":"IN","deal_type":"SELL","side":"S","layer_index":1,"role":"ENT","deal_price":1.11920,"order_price_open":null,"slippage_pips":null,"volume":0.00,"profit":0.00,"swap":0.00,"commission":0.00,"deal_time_broker":"2026-10-07 11:21:29","deal_time_broker_msc":1791372089000,"halted_at_receipt":false,"quarantined_at_receipt":false}
19,39,1791372098326,ea_event,,{"type":"fill_log","seq":28,"ea_time_ms":96839750,"magic":22260201,"deal_ticket":800000017,"order_ticket":9035,"position_id":900000017,"entry_type":"IN","deal_type":"BUY","side":"L","layer_index":7,"role":"EXT","deal_price":1.11927,"order_price_open":null,"slippage_pips":null,"volume":0.00,"profit":0.00,"swap":0.00,"commission":0.00,"deal_time_broker":"2026-10-07 11:21:38","deal_time_broker_msc":1791372098000,"halted_at_receipt":false,"quarantined_at_receipt":false}
19,42,1791373485318,ea_event,,{"type":"fill_log","seq":29,"ea_time_ms":96839812,"magic":22260201,"deal_ticket":800000018,"order_ticket":9038,"position_id":900000018,"entry_type":"IN","deal_type":"SELL","side":"S","layer_index":2,"role":"ENT","deal_price":1.11983,"order_price_open":null,"slippage_pips":null,"volume":0.00,"profit":0.00,"swap":0.00,"commission":0.00,"deal_time_broker":"2026-10-07 11:44:45","deal_time_broker_msc":1791373485000,"halted_at_receipt":false,"quarantined_at_receipt":false}
19,43,1791373556203,ea_event,,{"type":"fill_log","seq":30,"ea_time_ms":96839812,"magic":22260201,"deal_ticket":800000019,"order_ticket":9040,"position_id":900000019,"entry_type":"IN","deal_type":"BUY","side":"L","layer_index":6,"role":"EXT","deal_price":1.11987,"order_price_open":null,"slippage_pips":null,"volume":0.00,"profit":0.00,"swap":0.00,"commission":0.00,"deal_time_broker":"2026-10-07 11:45:56","deal_time_broker_msc":1791373556000,"halted_at_receipt":false,"quarantined_at_receipt":false}
19,46,1791376251069,ea_event,,{"type":"fill_log","seq":31,"ea_time_ms":96839890,"magic":22260201,"deal_ticket":800000020,"order_ticket":9046,"position_id":900000020,"entry_type":"IN","deal_type":"BUY","side":"L","layer_index":6,"role":"ENT","deal_price":1.11887,"order_price_open":null,"slippage_pips":null,"volume":0.00,"profit":0.00,"swap":0.00,"commission":0.00,"deal_time_broker":"2026-10-07 12:30:51","deal_time_broker_msc":1791376251000,"halted_at_receipt":false,"quarantined_at_receipt":false}
19,47,1791376255487,ea_event,,{"type":"fill_log","seq":32,"ea_time_ms":96839890,"magic":22260201,"deal_ticket":800000021,"order_ticket":9044,"position_id":900000021,"entry_type":"IN","deal_type":"SELL","side":"S","layer_index":2,"role":"EXT","deal_price":1.11883,"order_price_open":null,"slippage_pips":null,"volume":0.00,"profit":0.00,"swap":0.00,"commission":0.00,"deal_time_broker":"2026-10-07 12:30:55","deal_time_broker_msc":1791376255000,"halted_at_receipt":false,"quarantined_at_receipt":false}
19,50,1791383307760,ea_event,,{"type":"fill_log","seq":33,"ea_time_ms":96840125,"magic":22260201,"deal_ticket":800000022,"order_ticket":9048,"position_id":900000022,"entry_type":"IN","deal_type":"BUY","side":"L","layer_index":7,"role":"ENT","deal_price":1.11823,"order_price_open":null,"slippage_pips":null,"volume":0.00,"profit":0.00,"swap":0.00,"commission":0.00,"deal_time_broker":"2026-10-07 14:28:27","deal_time_broker_msc":1791383307000,"halted_at_receipt":false,"quarantined_at_receipt":false}
19,51,1791383766755,ea_event,,{"type":"fill_log","seq":34,"ea_time_ms":96840140,"magic":22260201,"deal_ticket":800000023,"order_ticket":9050,"position_id":900000023,"entry_type":"IN","deal_type":"SELL","side":"S","layer_index":1,"role":"EXT","deal_price":1.11818,"order_price_open":null,"slippage_pips":null,"volume":0.00,"profit":0.00,"swap":0.00,"commission":0.00,"deal_time_broker":"2026-10-07 14:36:06","deal_time_broker_msc":1791383766000,"halted_at_receipt":false,"quarantined_at_receipt":false}
19,54,1791384255233,ea_event,ROLL_DEFERRED,{"type":"ea_event","seq":35,"ea_time_ms":96840171,"magic":null,"level":"INFO","code":"ROLL_DEFERRED","reason":"L","ticket":null,"detail":{"side":"L","depth":8,"opposite_depth":1,"gate":0,"level":1.11763,"market":1.11763}}
19,54,1791384259298,ea_event,,{"type":"fill_log","seq":36,"ea_time_ms":96840171,"magic":22260201,"deal_ticket":800000024,"order_ticket":9028,"position_id":900000024,"entry_type":"IN","deal_type":"SELL","side":"S","layer_index":0,"role":"EXT","deal_price":1.11761,"order_price_open":null,"slippage_pips":null,"volume":0.00,"profit":0.00,"swap":0.00,"commission":0.00,"deal_time_broker":"2026-10-07 14:44:19","deal_time_broker_msc":1791384259000,"halted_at_receipt":false,"quarantined_at_receipt":false}
19,55,1791384260844,ea_event,ROLL_ACCEPTED,{"type":"ea_event","seq":37,"ea_time_ms":96840171,"magic":null,"level":"INFO","code":"ROLL_ACCEPTED","reason":null,"ticket":1992468215,"detail":{"ticket":1992468215,"side":"L","layer_index":6,"entry":1.11887,"level":1.11763,"target":1.11863,"accrued":0.00000,"clamped":false,"cost":0.00024,"cost_pips":2.4,"rolled":7,"was_ejected":false,"source":"auto","reroll":false,"from_level":0.00000}}
19,58,1791384311192,ea_event,,{"type":"fill_log","seq":38,"ea_time_ms":96840171,"magic":22260201,"deal_ticket":800000025,"order_ticket":9056,"position_id":900000025,"entry_type":"IN","deal_type":"SELL","side":"S","layer_index":0,"role":"ENT","deal_price":1.11783,"order_price_open":null,"slippage_pips":null,"volume":0.00,"profit":0.00,"swap":0.00,"commission":0.00,"deal_time_broker":"2026-10-07 14:45:11","deal_time_broker_msc":1791384311000,"halted_at_receipt":false,"quarantined_at_receipt":false}
19,59,1791385212355,ea_event,,{"type":"fill_log","seq":39,"ea_time_ms":96840203,"magic":22260201,"deal_ticket":800000026,"order_ticket":9058,"position_id":900000026,"entry_type":"IN","deal_type":"SELL","side":"S","layer_index":1,"role":"ENT","deal_price":1.11841,"order_price_open":null,"slippage_pips":null,"volume":0.00,"profit":0.00,"swap":0.00,"commission":0.00,"deal_time_broker":"2026-10-07 15:00:12","deal_time_broker_msc":1791385212000,"halted_at_receipt":false,"quarantined_at_receipt":false}
19,60,1791385227836,ea_event,,{"type":"fill_log","seq":40,"ea_time_ms":96840218,"magic":22260201,"deal_ticket":800000027,"order_ticket":9055,"position_id":900000027,"entry_type":"IN","deal_type":"BUY","side":"L","layer_index":6,"role":"EXT","deal_price":1.11863,"order_price_open":null,"slippage_pips":null,"volume":0.00,"profit":0.00,"swap":0.00,"commission":0.00,"deal_time_broker":"2026-10-07 15:00:27","deal_time_broker_msc":1791385227000,"halted_at_receipt":false,"quarantined_at_receipt":false}
19,63,1791385825000,ea_event,,{"type":"fill_log","seq":41,"ea_time_ms":96840234,"magic":22260201,"deal_ticket":800000028,"order_ticket":9064,"position_id":900000028,"entry_type":"IN","deal_type":"BUY","side":"L","layer_index":8,"role":"ENT","deal_price":1.11758,"order_price_open":null,"slippage_pips":null,"volume":0.00,"profit":0.00,"swap":0.00,"commission":0.00,"deal_time_broker":"2026-10-07 15:10:25","deal_time_broker_msc":1791385825000,"halted_at_receipt":false,"quarantined_at_receipt":false}
19,64,1791385843703,ea_event,,{"type":"fill_log","seq":42,"ea_time_ms":96840234,"magic":22260201,"deal_ticket":800000029,"order_ticket":9062,"position_id":900000029,"entry_type":"IN","deal_type":"SELL","side":"S","layer_index":1,"role":"EXT","deal_price":1.11739,"order_price_open":null,"slippage_pips":null,"volume":0.00,"profit":0.00,"swap":0.00,"commission":0.00,"deal_time_broker":"2026-10-07 15:10:43","deal_time_broker_msc":1791385843000,"halted_at_receipt":false,"quarantined_at_receipt":false}
19,67,1791386593091,ea_event,ROLL_DEFERRED,{"type":"ea_event","seq":43,"ea_time_ms":96840265,"magic":null,"level":"INFO","code":"ROLL_DEFERRED","reason":"L","ticket":null,"detail":{"side":"L","depth":8,"opposite_depth":1,"gate":0,"level":1.11698,"market":1.11698}}
19,67,1791386596950,ea_event,,{"type":"fill_log","seq":44,"ea_time_ms":96840265,"magic":22260201,"deal_ticket":800000030,"order_ticket":9059,"position_id":900000030,"entry_type":"IN","deal_type":"SELL","side":"S","layer_index":0,"role":"EXT","deal_price":1.11682,"order_price_open":null,"slippage_pips":null,"volume":0.00,"profit":0.00,"swap":0.00,"commission":0.00,"deal_time_broker":"2026-10-07 15:23:16","deal_time_broker_msc":1791386596000,"halted_at_receipt":false,"quarantined_at_receipt":false}
19,69,1791386597089,ea_event,ROLL_ACCEPTED,{"type":"ea_event","seq":45,"ea_time_ms":96840265,"magic":null,"level":"INFO","code":"ROLL_ACCEPTED","reason":null,"ticket":1992573709,"detail":{"ticket":1992573709,"side":"L","layer_index":7,"entry":1.11823,"level":1.11698,"target":1.11798,"accrued":0.00000,"clamped":false,"cost":0.00025,"cost_pips":2.5,"rolled":7,"was_ejected":false,"source":"auto","reroll":false,"from_level":0.00000}}
19,72,1791386712042,ea_event,STRAY_L0_CANCEL,{"type":"ea_event","seq":46,"ea_time_ms":96840265,"magic":null,"level":"WARN","code":"STRAY_L0_CANCEL","reason":null,"ticket":9069,"detail":{"side":"S","depth":1}}
19,72,1791387315723,ea_event,,{"type":"fill_log","seq":47,"ea_time_ms":96840296,"magic":22260201,"deal_ticket":800000031,"order_ticket":9071,"position_id":900000031,"entry_type":"IN","deal_type":"SELL","side":"S","layer_index":1,"role":"ENT","deal_price":1.11743,"order_price_open":null,"slippage_pips":null,"volume":0.00,"profit":0.00,"swap":0.00,"commission":0.00,"deal_time_broker":"2026-10-07 15:35:15","deal_time_broker_msc":1791387315000,"halted_at_receipt":false,"quarantined_at_receipt":false}
19,73,1791388903996,ea_event,,{"type":"fill_log","seq":48,"ea_time_ms":96840359,"magic":22260201,"deal_ticket":800000032,"order_ticket":9068,"position_id":900000032,"entry_type":"IN","deal_type":"BUY","side":"L","layer_index":7,"role":"EXT","deal_price":1.11798,"order_price_open":null,"slippage_pips":null,"volume":0.00,"profit":0.00,"swap":0.00,"commission":0.00,"deal_time_broker":"2026-10-07 16:01:43","deal_time_broker_msc":1791388903000,"halted_at_receipt":false,"quarantined_at_receipt":false}
19,76,1791389197869,ea_event,,{"type":"fill_log","seq":49,"ea_time_ms":96840375,"magic":22260201,"deal_ticket":800000033,"order_ticket":9073,"position_id":900000033,"entry_type":"IN","deal_type":"SELL","side":"S","layer_index":2,"role":"ENT","deal_price":1.11803,"order_price_open":null,"slippage_pips":null,"volume":0.00,"profit":0.00,"swap":0.00,"commission":0.00,"deal_time_broker":"2026-10-07 16:06:37","deal_time_broker_msc":1791389197000,"halted_at_receipt":false,"quarantined_at_receipt":false}
19,77,1791392025237,ea_event,,{"type":"fill_log","seq":50,"ea_time_ms":96840484,"magic":22260201,"deal_ticket":800000034,"order_ticket":9075,"position_id":900000034,"entry_type":"IN","deal_type":"BUY","side":"L","layer_index":8,"role":"EXT","deal_price":1.11856,"order_price_open":null,"slippage_pips":null,"volume":0.00,"profit":0.00,"swap":0.00,"commission":0.00,"deal_time_broker":"2026-10-07 16:53:45","deal_time_broker_msc":1791392025000,"halted_at_receipt":false,"quarantined_at_receipt":false}
19,80,1791392027240,ea_event,,{"type":"fill_log","seq":51,"ea_time_ms":96840484,"magic":22260201,"deal_ticket":800000035,"order_ticket":9081,"position_id":900000035,"entry_type":"IN","deal_type":"BUY","side":"L","layer_index":6,"role":"ENT","deal_price":1.11856,"order_price_open":null,"slippage_pips":null,"volume":0.00,"profit":0.00,"swap":0.00,"commission":0.00,"deal_time_broker":"2026-10-07 16:53:47","deal_time_broker_msc":1791392027000,"halted_at_receipt":false,"quarantined_at_receipt":false}
19,81,1791392064781,ea_event,,{"type":"fill_log","seq":52,"ea_time_ms":96840484,"magic":22260201,"deal_ticket":800000036,"order_ticket":9078,"position_id":900000036,"entry_type":"IN","deal_type":"SELL","side":"S","layer_index":3,"role":"ENT","deal_price":1.11861,"order_price_open":null,"slippage_pips":null,"volume":0.00,"profit":0.00,"swap":0.00,"commission":0.00,"deal_time_broker":"2026-10-07 16:54:24","deal_time_broker_msc":1791392064000,"halted_at_receipt":false,"quarantined_at_receipt":false}
19,82,1791392779409,ea_event,,{"type":"fill_log","seq":53,"ea_time_ms":96840531,"magic":22260201,"deal_ticket":800000037,"order_ticket":9083,"position_id":900000037,"entry_type":"IN","deal_type":"BUY","side":"L","layer_index":7,"role":"ENT","deal_price":1.11789,"order_price_open":null,"slippage_pips":null,"volume":0.00,"profit":0.00,"swap":0.00,"commission":0.00,"deal_time_broker":"2026-10-07 17:06:19","deal_time_broker_msc":1791392779000,"halted_at_receipt":false,"quarantined_at_receipt":false}
19,83,1791394771622,ea_event,,{"type":"fill_log","seq":54,"ea_time_ms":96840609,"magic":22260201,"deal_ticket":800000038,"order_ticket":9089,"position_id":900000038,"entry_type":"IN","deal_type":"BUY","side":"L","layer_index":7,"role":"EXT","deal_price":1.11889,"order_price_open":null,"slippage_pips":null,"volume":0.00,"profit":0.00,"swap":0.00,"commission":0.00,"deal_time_broker":"2026-10-07 17:39:31","deal_time_broker_msc":1791394771000,"halted_at_receipt":false,"quarantined_at_receipt":false}
19,86,1791395432766,ea_event,,{"type":"fill_log","seq":55,"ea_time_ms":96840640,"magic":22260201,"deal_ticket":800000039,"order_ticket":9086,"position_id":900000039,"entry_type":"IN","deal_type":"SELL","side":"S","layer_index":4,"role":"ENT","deal_price":1.11927,"order_price_open":null,"slippage_pips":null,"volume":0.00,"profit":0.00,"swap":0.00,"commission":0.00,"deal_time_broker":"2026-10-07 17:50:32","deal_time_broker_msc":1791395432000,"halted_at_receipt":false,"quarantined_at_receipt":false}
19,87,1791396101728,ea_event,,{"type":"fill_log","seq":56,"ea_time_ms":96840671,"magic":22260201,"deal_ticket":800000040,"order_ticket":9090,"position_id":900000040,"entry_type":"IN","deal_type":"BUY","side":"L","layer_index":6,"role":"EXT","deal_price":1.11955,"order_price_open":null,"slippage_pips":null,"volume":0.00,"profit":0.00,"swap":0.00,"commission":0.00,"deal_time_broker":"2026-10-07 18:01:41","deal_time_broker_msc":1791396101000,"halted_at_receipt":false,"quarantined_at_receipt":false}
19,90,1791396798776,ea_event,,{"type":"fill_log","seq":57,"ea_time_ms":96840703,"magic":22260201,"deal_ticket":800000041,"order_ticket":9093,"position_id":900000041,"entry_type":"IN","deal_type":"SELL","side":"S","layer_index":5,"role":"ENT","deal_price":1.11995,"order_price_open":null,"slippage_pips":null,"volume":0.00,"profit":0.00,"swap":0.00,"commission":0.00,"deal_time_broker":"2026-10-07 18:13:18","deal_time_broker_msc":1791396798000,"halted_at_receipt":false,"quarantined_at_receipt":false}
19,91,1791397082128,ea_event,,{"type":"fill_log","seq":58,"ea_time_ms":96840718,"magic":22260201,"deal_ticket":800000042,"order_ticket":9099,"position_id":900000042,"entry_type":"IN","deal_type":"SELL","side":"S","layer_index":5,"role":"EXT","deal_price":1.11895,"order_price_open":null,"slippage_pips":null,"volume":0.00,"profit":0.00,"swap":0.00,"commission":0.00,"deal_time_broker":"2026-10-07 18:18:02","deal_time_broker_msc":1791397082000,"halted_at_receipt":false,"quarantined_at_receipt":false}
19,94,1791397231585,ea_event,,{"type":"fill_log","seq":59,"ea_time_ms":96840734,"magic":22260201,"deal_ticket":800000043,"order_ticket":9096,"position_id":900000043,"entry_type":"IN","deal_type":"BUY","side":"L","layer_index":6,"role":"ENT","deal_price":1.11887,"order_price_open":null,"slippage_pips":null,"volume":0.00,"profit":0.00,"swap":0.00,"commission":0.00,"deal_time_broker":"2026-10-07 18:20:31","deal_time_broker_msc":1791397231000,"halted_at_receipt":false,"quarantined_at_receipt":false}
19,95,1791399186776,ea_event,,{"type":"fill_log","seq":60,"ea_time_ms":96840796,"magic":22260201,"deal_ticket":800000044,"order_ticket":9100,"position_id":900000044,"entry_type":"IN","deal_type":"SELL","side":"S","layer_index":4,"role":"EXT","deal_price":1.11827,"order_price_open":null,"slippage_pips":null,"volume":0.00,"profit":0.00,"swap":0.00,"commission":0.00,"deal_time_broker":"2026-10-07 18:53:06","deal_time_broker_msc":1791399186000,"halted_at_receipt":false,"quarantined_at_receipt":false}
19,95,1791399186776,ea_event,,{"type":"fill_log","seq":61,"ea_time_ms":96840796,"magic":22260201,"deal_ticket":800000045,"order_ticket":9103,"position_id":900000045,"entry_type":"IN","deal_type":"BUY","side":"L","layer_index":7,"role":"ENT","deal_price":1.11827,"order_price_open":null,"slippage_pips":null,"volume":0.00,"profit":0.00,"swap":0.00,"commission":0.00,"deal_time_broker":"2026-10-07 18:53:06","deal_time_broker_msc":1791399186000,"halted_at_receipt":false,"quarantined_at_receipt":false}
19,99,1791400033869,ea_event,,{"type":"fill_log","seq":62,"ea_time_ms":96840828,"magic":22260201,"deal_ticket":800000046,"order_ticket":9108,"position_id":900000046,"entry_type":"IN","deal_type":"SELL","side":"S","layer_index":4,"role":"ENT","deal_price":1.11923,"order_price_open":null,"slippage_pips":null,"volume":0.00,"profit":0.00,"swap":0.00,"commission":0.00,"deal_time_broker":"2026-10-07 19:07:13","deal_time_broker_msc":1791400033000,"halted_at_receipt":false,"quarantined_at_receipt":false}
19,100,1791400048138,ea_event,,{"type":"fill_log","seq":63,"ea_time_ms":96840828,"magic":22260201,"deal_ticket":800000047,"order_ticket":9106,"position_id":900000047,"entry_type":"IN","deal_type":"BUY","side":"L","layer_index":7,"role":"EXT","deal_price":1.11928,"order_price_open":null,"slippage_pips":null,"volume":0.00,"profit":0.00,"swap":0.00,"commission":0.00,"deal_time_broker":"2026-10-07 19:07:28","deal_time_broker_msc":1791400048000,"halted_at_receipt":false,"quarantined_at_receipt":false}
19,103,1791403831605,ea_event,,{"type":"fill_log","seq":64,"ea_time_ms":96840953,"magic":22260201,"deal_ticket":800000048,"order_ticket":9110,"position_id":900000048,"entry_type":"IN","deal_type":"SELL","side":"S","layer_index":5,"role":"ENT","deal_price":1.11983,"order_price_open":null,"slippage_pips":null,"volume":0.00,"profit":0.00,"swap":0.00,"commission":0.00,"deal_time_broker":"2026-10-07 20:10:31","deal_time_broker_msc":1791403831000,"halted_at_receipt":false,"quarantined_at_receipt":false}
19,104,1791403833213,ea_event,,{"type":"fill_log","seq":65,"ea_time_ms":96840953,"magic":22260201,"deal_ticket":800000049,"order_ticket":9112,"position_id":900000049,"entry_type":"IN","deal_type":"BUY","side":"L","layer_index":6,"role":"EXT","deal_price":1.11987,"order_price_open":null,"slippage_pips":null,"volume":0.00,"profit":0.00,"swap":0.00,"commission":0.00,"deal_time_broker":"2026-10-07 20:10:33","deal_time_broker_msc":1791403833000,"halted_at_receipt":false,"quarantined_at_receipt":false}
19,107,1791417036002,ea_event,CARRY_SNAPSHOT,{"type":"ea_event","seq":66,"ea_time_ms":96841265,"magic":null,"level":"INFO","code":"CARRY_SNAPSHOT","reason":"EURUSD","ticket":null,"detail":{"symbol":"EURUSD","swap_mode":1,"swap_long":-7.9900,"swap_short":1.3100,"multiplier":3,"day_of_week":3,"rollover3days":3,"digits":5,"point":0.00001000,"tick_value":1.00000000,"tick_size":0.00001000,"stops_level":0,"freeze_level":0,"long_pips":-2.397,"short_pips":0.393,"eligible_long":6,"eligible_short":6,"trade_mode_full":true,"mult_today":3,"mult_tomorrow":1,"accrued_swap_long":0.00,"accrued_swap_short":0.00}}
19,107,1791417036002,ea_event,CARRY_EXIT_SHIFT,{"type":"ea_event","seq":67,"ea_time_ms":96841265,"magic":null,"level":"INFO","code":"CARRY_EXIT_SHIFT","reason":"EURUSD","ticket":null,"detail":{"position_ticket":1990101837,"side":"long","layer_index":0,"accrued_ledger_pips":-0.800,"pending_pips":-0.799,"accrued_pips_total":-1.599,"old_price":1.12371,"new_price":1.12363,"clamped":false,"sign_guard_skipped":false,"retcode":10009,"points_native_pips":-0.799}}
19,107,1791417156002,ea_event,CARRY_EXIT_SHIFT,{"type":"ea_event","seq":68,"ea_time_ms":96841265,"magic":null,"level":"INFO","code":"CARRY_EXIT_SHIFT","reason":"EURUSD","ticket":null,"detail":{"position_ticket":1991561135,"side":"long","layer_index":5,"accrued_ledger_pips":0.000,"pending_pips":-0.799,"accrued_pips_total":-0.799,"old_price":1.12047,"new_price":1.12055,"clamped":false,"sign_guard_skipped":false,"retcode":10009,"points_native_pips":-0.799}}
19,107,1791417216002,ea_event,CARRY_EXIT_SHIFT,{"type":"ea_event","seq":69,"ea_time_ms":96841265,"magic":null,"level":"INFO","code":"CARRY_EXIT_SHIFT","reason":"EURUSD","ticket":null,"detail":{"position_ticket":1993015112,"side":"short","layer_index":0,"accrued_ledger_pips":0.000,"pending_pips":0.131,"accrued_pips_total":0.131,"old_price":1.11581,"new_price":1.11582,"clamped":false,"sign_guard_skipped":false,"retcode":10009,"points_native_pips":0.131}}
19,107,1791417336002,ea_event,CARRY_EXIT_SHIFT,{"type":"ea_event","seq":70,"ea_time_ms":96841265,"magic":null,"level":"INFO","code":"CARRY_EXIT_SHIFT","reason":"EURUSD","ticket":null,"detail":{"position_ticket":1993949703,"side":"short","layer_index":5,"accrued_ledger_pips":0.000,"pending_pips":0.131,"accrued_pips_total":0.131,"old_price":1.11883,"new_price":1.11884,"clamped":false,"sign_guard_skipped":false,"retcode":10009,"points_native_pips":0.131}}
19,107,1791417336002,ea_event,CARRY_PASS_SUMMARY,{"type":"ea_event","seq":71,"ea_time_ms":96841265,"magic":null,"level":"INFO","code":"CARRY_PASS_SUMMARY","reason":"EURUSD","ticket":null,"detail":{"eligible":12,"shifted":4,"clamped":0,"skipped":0,"failed":0,"incomplete":false}}
19,107,1791434490100,ea_event,,{"type":"fill_log","seq":72,"ea_time_ms":96841515,"magic":22260201,"deal_ticket":800000050,"order_ticket":9115,"position_id":900000050,"entry_type":"IN","deal_type":"SELL","side":"S","layer_index":6,"role":"ENT","deal_price":1.12043,"order_price_open":null,"slippage_pips":null,"volume":0.00,"profit":0.00,"swap":0.00,"commission":0.00,"deal_time_broker":"2026-10-08 04:41:30","deal_time_broker_msc":1791434490000,"halted_at_receipt":false,"quarantined_at_receipt":false}
19,108,1791434902643,ea_event,,{"type":"fill_log","seq":73,"ea_time_ms":96841531,"magic":22260201,"deal_ticket":800000051,"order_ticket":9117,"position_id":900000051,"entry_type":"IN","deal_type":"BUY","side":"L","layer_index":5,"role":"EXT","deal_price":1.12055,"order_price_open":null,"slippage_pips":null,"volume":0.00,"profit":0.00,"swap":0.00,"commission":0.00,"deal_time_broker":"2026-10-08 04:48:22","deal_time_broker_msc":1791434902000,"halted_at_receipt":false,"quarantined_at_receipt":false}
19,111,1791436484664,ea_event,,{"type":"fill_log","seq":74,"ea_time_ms":96841562,"magic":22260201,"deal_ticket":800000052,"order_ticket":9120,"position_id":900000052,"entry_type":"IN","deal_type":"SELL","side":"S","layer_index":7,"role":"ENT","deal_price":1.12104,"order_price_open":null,"slippage_pips":null,"volume":0.00,"profit":0.00,"swap":0.00,"commission":0.00,"deal_time_broker":"2026-10-08 05:14:44","deal_time_broker_msc":1791436484000,"halted_at_receipt":false,"quarantined_at_receipt":false}
19,112,1791436502946,ea_event,,{"type":"fill_log","seq":75,"ea_time_ms":96841562,"magic":22260201,"deal_ticket":800000053,"order_ticket":9122,"position_id":900000053,"entry_type":"IN","deal_type":"BUY","side":"L","layer_index":4,"role":"EXT","deal_price":1.12116,"order_price_open":null,"slippage_pips":null,"volume":0.00,"profit":0.00,"swap":0.00,"commission":0.00,"deal_time_broker":"2026-10-08 05:15:02","deal_time_broker_msc":1791436502000,"halted_at_receipt":false,"quarantined_at_receipt":false}
19,115,1791439307344,ea_event,,{"type":"fill_log","seq":76,"ea_time_ms":96841609,"magic":22260201,"deal_ticket":800000054,"order_ticket":9125,"position_id":900000054,"entry_type":"IN","deal_type":"SELL","side":"S","layer_index":7,"role":"EXT","deal_price":1.12002,"order_price_open":null,"slippage_pips":null,"volume":0.00,"profit":0.00,"swap":0.00,"commission":0.00,"deal_time_broker":"2026-10-08 06:01:47","deal_time_broker_msc":1791439307000,"halted_at_receipt":false,"quarantined_at_receipt":false}
19,115,1791439307344,ea_event,,{"type":"fill_log","seq":77,"ea_time_ms":96841609,"magic":22260201,"deal_ticket":800000055,"order_ticket":9127,"position_id":900000055,"entry_type":"IN","deal_type":"BUY","side":"L","layer_index":4,"role":"ENT","deal_price":1.12002,"order_price_open":null,"slippage_pips":null,"volume":0.00,"profit":0.00,"swap":0.00,"commission":0.00,"deal_time_broker":"2026-10-08 06:01:47","deal_time_broker_msc":1791439307000,"halted_at_receipt":false,"quarantined_at_receipt":false}
19,119,1791449618028,ea_event,,{"type":"fill_log","seq":78,"ea_time_ms":96841750,"magic":22260201,"deal_ticket":800000056,"order_ticket":9131,"position_id":900000056,"entry_type":"IN","deal_type":"SELL","side":"S","layer_index":6,"role":"EXT","deal_price":1.11942,"order_price_open":null,"slippage_pips":null,"volume":0.00,"profit":0.00,"swap":0.00,"commission":0.00,"deal_time_broker":"2026-10-08 08:53:38","deal_time_broker_msc":1791449618000,"halted_at_receipt":false,"quarantined_at_receipt":false}
19,120,1791449618766,ea_event,,{"type":"fill_log","seq":79,"ea_time_ms":96841750,"magic":22260201,"deal_ticket":800000057,"order_ticket":9129,"position_id":900000057,"entry_type":"IN","deal_type":"BUY","side":"L","layer_index":5,"role":"ENT","deal_price":1.11942,"order_price_open":null,"slippage_pips":null,"volume":0.00,"profit":0.00,"swap":0.00,"commission":0.00,"deal_time_broker":"2026-10-08 08:53:38","deal_time_broker_msc":1791449618000,"halted_at_receipt":false,"quarantined_at_receipt":false}
19,123,1791453626473,ea_event,,{"type":"fill_log","seq":80,"ea_time_ms":96841890,"magic":22260201,"deal_ticket":800000058,"order_ticket":9133,"position_id":900000058,"entry_type":"IN","deal_type":"SELL","side":"S","layer_index":5,"role":"EXT","deal_price":1.11884,"order_price_open":null,"slippage_pips":null,"volume":0.00,"profit":0.00,"swap":0.00,"commission":0.00,"deal_time_broker":"2026-10-08 10:00:26","deal_time_broker_msc":1791453626000,"halted_at_receipt":false,"quarantined_at_receipt":false}
19,126,1791453630302,ea_event,,{"type":"fill_log","seq":81,"ea_time_ms":96841890,"magic":22260201,"deal_ticket":800000059,"order_ticket":9135,"position_id":900000059,"entry_type":"IN","deal_type":"BUY","side":"L","layer_index":6,"role":"ENT","deal_price":1.11880,"order_price_open":null,"slippage_pips":null,"volume":0.00,"profit":0.00,"swap":0.00,"commission":0.00,"deal_time_broker":"2026-10-08 10:00:30","deal_time_broker_msc":1791453630000,"halted_at_receipt":false,"quarantined_at_receipt":false}
19,127,1791453998966,ea_event,,{"type":"fill_log","seq":82,"ea_time_ms":96841906,"magic":22260201,"deal_ticket":800000060,"order_ticket":9138,"position_id":900000060,"entry_type":"IN","deal_type":"SELL","side":"S","layer_index":4,"role":"EXT","deal_price":1.11824,"order_price_open":null,"slippage_pips":null,"volume":0.00,"profit":0.00,"swap":0.00,"commission":0.00,"deal_time_broker":"2026-10-08 10:06:38","deal_time_broker_msc":1791453998000,"halted_at_receipt":false,"quarantined_at_receipt":false}
19,130,1791454427815,ea_event,,{"type":"fill_log","seq":83,"ea_time_ms":96841921,"magic":22260201,"deal_ticket":800000061,"order_ticket":9144,"position_id":900000061,"entry_type":"IN","deal_type":"SELL","side":"S","layer_index":4,"role":"ENT","deal_price":1.11925,"order_price_open":null,"slippage_pips":null,"volume":0.00,"profit":0.00,"swap":0.00,"commission":0.00,"deal_time_broker":"2026-10-08 10:13:47","deal_time_broker_msc":1791454427000,"halted_at_receipt":false,"quarantined_at_receipt":false}
19,131,1791457569286,ea_event,,{"type":"fill_log","seq":84,"ea_time_ms":96842031,"magic":22260201,"deal_ticket":800000062,"order_ticket":9142,"position_id":900000062,"entry_type":"IN","deal_type":"BUY","side":"L","layer_index":6,"role":"EXT","deal_price":1.11983,"order_price_open":null,"slippage_pips":null,"volume":0.00,"profit":0.00,"swap":0.00,"commission":0.00,"deal_time_broker":"2026-10-08 11:06:09","deal_time_broker_msc":1791457569000,"halted_at_receipt":false,"quarantined_at_receipt":false}
19,134,1791458022107,ea_event,,{"type":"fill_log","seq":85,"ea_time_ms":96842046,"magic":22260201,"deal_ticket":800000063,"order_ticket":9146,"position_id":900000063,"entry_type":"IN","deal_type":"SELL","side":"S","layer_index":5,"role":"ENT","deal_price":1.11986,"order_price_open":null,"slippage_pips":null,"volume":0.00,"profit":0.00,"swap":0.00,"commission":0.00,"deal_time_broker":"2026-10-08 11:13:42","deal_time_broker_msc":1791458022000,"halted_at_receipt":false,"quarantined_at_receipt":false}
19,135,1791459271904,ea_event,,{"type":"fill_log","seq":86,"ea_time_ms":96842093,"magic":22260201,"deal_ticket":800000064,"order_ticket":9152,"position_id":900000064,"entry_type":"IN","deal_type":"SELL","side":"S","layer_index":5,"role":"EXT","deal_price":1.11886,"order_price_open":null,"slippage_pips":null,"volume":0.00,"profit":0.00,"swap":0.00,"commission":0.00,"deal_time_broker":"2026-10-08 11:34:31","deal_time_broker_msc":1791459271000,"halted_at_receipt":false,"quarantined_at_receipt":false}
19,138,1791459286986,ea_event,,{"type":"fill_log","seq":87,"ea_time_ms":96842093,"magic":22260201,"deal_ticket":800000065,"order_ticket":9149,"position_id":900000065,"entry_type":"IN","deal_type":"BUY","side":"L","layer_index":6,"role":"ENT","deal_price":1.11880,"order_price_open":null,"slippage_pips":null,"volume":0.00,"profit":0.00,"swap":0.00,"commission":0.00,"deal_time_broker":"2026-10-08 11:34:46","deal_time_broker_msc":1791459286000,"halted_at_receipt":false,"quarantined_at_receipt":false}
19,139,1791461578845,ea_event,,{"type":"fill_log","seq":88,"ea_time_ms":96842171,"magic":22260201,"deal_ticket":800000066,"order_ticket":9153,"position_id":900000066,"entry_type":"IN","deal_type":"SELL","side":"S","layer_index":4,"role":"EXT","deal_price":1.11824,"order_price_open":null,"slippage_pips":null,"volume":0.00,"profit":0.00,"swap":0.00,"commission":0.00,"deal_time_broker":"2026-10-08 12:12:58","deal_time_broker_msc":1791461578000,"halted_at_receipt":false,"quarantined_at_receipt":false}
19,142,1791461590699,ea_event,,{"type":"fill_log","seq":89,"ea_time_ms":96842171,"magic":22260201,"deal_ticket":800000067,"order_ticket":9156,"position_id":900000067,"entry_type":"IN","deal_type":"BUY","side":"L","layer_index":7,"role":"ENT","deal_price":1.11820,"order_price_open":null,"slippage_pips":null,"volume":0.00,"profit":0.00,"swap":0.00,"commission":0.00,"deal_time_broker":"2026-10-08 12:13:10","deal_time_broker_msc":1791461590000,"halted_at_receipt":false,"quarantined_at_receipt":false}
19,143,1791462936231,ea_event,,{"type":"fill_log","seq":90,"ea_time_ms":96842218,"magic":22260201,"deal_ticket":800000068,"order_ticket":9161,"position_id":900000068,"entry_type":"IN","deal_type":"BUY","side":"L","layer_index":7,"role":"EXT","deal_price":1.11920,"order_price_open":null,"slippage_pips":null,"volume":0.00,"profit":0.00,"swap":0.00,"commission":0.00,"deal_time_broker":"2026-10-08 12:35:36","deal_time_broker_msc":1791462936000,"halted_at_receipt":false,"quarantined_at_receipt":false}
19,144,1791462937238,ea_event,,{"type":"fill_log","seq":91,"ea_time_ms":96842218,"magic":22260201,"deal_ticket":800000069,"order_ticket":9159,"position_id":900000069,"entry_type":"IN","deal_type":"SELL","side":"S","layer_index":4,"role":"ENT","deal_price":1.11921,"order_price_open":null,"slippage_pips":null,"volume":0.00,"profit":0.00,"swap":0.00,"commission":0.00,"deal_time_broker":"2026-10-08 12:35:36","deal_time_broker_msc":1791462936000,"halted_at_receipt":false,"quarantined_at_receipt":false}
19,147,1791464115525,ea_event,,{"type":"fill_log","seq":92,"ea_time_ms":96842250,"magic":22260201,"deal_ticket":800000070,"order_ticket":9165,"position_id":900000070,"entry_type":"IN","deal_type":"SELL","side":"S","layer_index":4,"role":"EXT","deal_price":1.11821,"order_price_open":null,"slippage_pips":null,"volume":0.00,"profit":0.00,"swap":0.00,"commission":0.00,"deal_time_broker":"2026-10-08 12:55:15","deal_time_broker_msc":1791464115000,"halted_at_receipt":false,"quarantined_at_receipt":false}
19,150,1791464233200,ea_event,,{"type":"fill_log","seq":93,"ea_time_ms":96842250,"magic":22260201,"deal_ticket":800000071,"order_ticket":9163,"position_id":900000071,"entry_type":"IN","deal_type":"BUY","side":"L","layer_index":7,"role":"ENT","deal_price":1.11820,"order_price_open":null,"slippage_pips":null,"volume":0.00,"profit":0.00,"swap":0.00,"commission":0.00,"deal_time_broker":"2026-10-08 12:57:13","deal_time_broker_msc":1791464233000,"halted_at_receipt":false,"quarantined_at_receipt":false}
19,151,1791466466995,ea_event,,{"type":"fill_log","seq":94,"ea_time_ms":96842296,"magic":22260201,"deal_ticket":800000072,"order_ticket":9167,"position_id":900000072,"entry_type":"IN","deal_type":"SELL","side":"S","layer_index":3,"role":"EXT","deal_price":1.11762,"order_price_open":null,"slippage_pips":null,"volume":0.00,"profit":0.00,"swap":0.00,"commission":0.00,"deal_time_broker":"2026-10-08 13:34:26","deal_time_broker_msc":1791466466000,"halted_at_receipt":false,"quarantined_at_receipt":false}
19,154,1791467575147,ea_event,,{"type":"fill_log","seq":95,"ea_time_ms":96842343,"magic":22260201,"deal_ticket":800000073,"order_ticket":9172,"position_id":900000073,"entry_type":"IN","deal_type":"SELL","side":"S","layer_index":3,"role":"ENT","deal_price":1.11862,"order_price_open":null,"slippage_pips":null,"volume":0.00,"profit":0.00,"swap":0.00,"commission":0.00,"deal_time_broker":"2026-10-08 13:52:55","deal_time_broker_msc":1791467575000,"halted_at_receipt":false,"quarantined_at_receipt":false}
19,155,1791468392794,ea_event,,{"type":"fill_log","seq":96,"ea_time_ms":96842359,"magic":22260201,"deal_ticket":800000074,"order_ticket":9175,"position_id":900000074,"entry_type":"IN","deal_type":"SELL","side":"S","layer_index":3,"role":"EXT","deal_price":1.11761,"order_price_open":null,"slippage_pips":null,"volume":0.00,"profit":0.00,"swap":0.00,"commission":0.00,"deal_time_broker":"2026-10-08 14:06:32","deal_time_broker_msc":1791468392000,"halted_at_receipt":false,"quarantined_at_receipt":false}
19,156,1791468394141,ea_event,ROLL_DEFERRED,{"type":"ea_event","seq":97,"ea_time_ms":96842359,"magic":null,"level":"INFO","code":"ROLL_DEFERRED","reason":"L","ticket":null,"detail":{"side":"L","depth":8,"opposite_depth":3,"gate":0,"level":1.11760,"market":1.11760}}
19,158,1791472001773,ea_event,,{"type":"fill_log","seq":98,"ea_time_ms":96842468,"magic":22260201,"deal_ticket":800000075,"order_ticket":9177,"position_id":900000075,"entry_type":"IN","deal_type":"SELL","side":"S","layer_index":3,"role":"ENT","deal_price":1.11863,"order_price_open":null,"slippage_pips":null,"volume":0.00,"profit":0.00,"swap":0.00,"commission":0.00,"deal_time_broker":"2026-10-08 15:06:41","deal_time_broker_msc":1791472001000,"halted_at_receipt":false,"quarantined_at_receipt":false}
19,159,1791472779665,ea_event,,{"type":"fill_log","seq":99,"ea_time_ms":96842500,"magic":22260201,"deal_ticket":800000076,"order_ticket":9170,"position_id":900000076,"entry_type":"IN","deal_type":"BUY","side":"L","layer_index":7,"role":"EXT","deal_price":1.11920,"order_price_open":null,"slippage_pips":null,"volume":0.00,"profit":0.00,"swap":0.00,"commission":0.00,"deal_time_broker":"2026-10-08 15:19:39","deal_time_broker_msc":1791472779000,"halted_at_receipt":false,"quarantined_at_receipt":false}
19,163,1791473346866,ea_event,,{"type":"fill_log","seq":100,"ea_time_ms":96842515,"magic":22260201,"deal_ticket":800000077,"order_ticket":9181,"position_id":900000077,"entry_type":"IN","deal_type":"BUY","side":"L","layer_index":6,"role":"EXT","deal_price":1.11981,"order_price_open":null,"slippage_pips":null,"volume":0.00,"profit":0.00,"swap":0.00,"commission":0.00,"deal_time_broker":"2026-10-08 15:29:06","deal_time_broker_msc":1791473346000,"halted_at_receipt":false,"quarantined_at_receipt":false}
19,167,1791474070875,ea_event,,{"type":"fill_log","seq":101,"ea_time_ms":96842546,"magic":22260201,"deal_ticket":800000078,"order_ticket":9186,"position_id":900000078,"entry_type":"IN","deal_type":"BUY","side":"L","layer_index":6,"role":"ENT","deal_price":1.11880,"order_price_open":null,"slippage_pips":null,"volume":0.00,"profit":0.00,"swap":0.00,"commission":0.00,"deal_time_broker":"2026-10-08 15:41:10","deal_time_broker_msc":1791474070000,"halted_at_receipt":false,"quarantined_at_receipt":false}
19,167,1791474071479,ea_event,,{"type":"fill_log","seq":102,"ea_time_ms":96842546,"magic":22260201,"deal_ticket":800000079,"order_ticket":9187,"position_id":900000079,"entry_type":"IN","deal_type":"SELL","side":"S","layer_index":5,"role":"EXT","deal_price":1.11880,"order_price_open":null,"slippage_pips":null,"volume":0.00,"profit":0.00,"swap":0.00,"commission":0.00,"deal_time_broker":"2026-10-08 15:41:10","deal_time_broker_msc":1791474070000,"halted_at_receipt":false,"quarantined_at_receipt":false}
19,171,1791474977120,ea_event,,{"type":"fill_log","seq":103,"ea_time_ms":96842593,"magic":22260201,"deal_ticket":800000080,"order_ticket":9192,"position_id":900000080,"entry_type":"IN","deal_type":"SELL","side":"S","layer_index":4,"role":"EXT","deal_price":1.11823,"order_price_open":null,"slippage_pips":null,"volume":0.00,"profit":0.00,"swap":0.00,"commission":0.00,"deal_time_broker":"2026-10-08 15:56:17","deal_time_broker_msc":1791474977000,"halted_at_receipt":false,"quarantined_at_receipt":false}
19,174,1791475014911,ea_event,,{"type":"fill_log","seq":104,"ea_time_ms":96842593,"magic":22260201,"deal_ticket":800000081,"order_ticket":9190,"position_id":900000081,"entry_type":"IN","deal_type":"BUY","side":"L","layer_index":7,"role":"ENT","deal_price":1.11819,"order_price_open":null,"slippage_pips":null,"volume":0.00,"profit":0.00,"swap":0.00,"commission":0.00,"deal_time_broker":"2026-10-08 15:56:54","deal_time_broker_msc":1791475014000,"halted_at_receipt":false,"quarantined_at_receipt":false}
19,175,1791475675870,ea_event,,{"type":"fill_log","seq":105,"ea_time_ms":96842625,"magic":22260201,"deal_ticket":800000082,"order_ticket":9197,"position_id":900000082,"entry_type":"IN","deal_type":"BUY","side":"L","layer_index":7,"role":"EXT","deal_price":1.11919,"order_price_open":null,"slippage_pips":null,"volume":0.00,"profit":0.00,"swap":0.00,"commission":0.00,"deal_time_broker":"2026-10-08 16:07:55","deal_time_broker_msc":1791475675000,"halted_at_receipt":false,"quarantined_at_receipt":false}
19,178,1791475684699,ea_event,,{"type":"fill_log","seq":106,"ea_time_ms":96842625,"magic":22260201,"deal_ticket":800000083,"order_ticket":9195,"position_id":900000083,"entry_type":"IN","deal_type":"SELL","side":"S","layer_index":4,"role":"ENT","deal_price":1.11923,"order_price_open":null,"slippage_pips":null,"volume":0.00,"profit":0.00,"swap":0.00,"commission":0.00,"deal_time_broker":"2026-10-08 16:08:04","deal_time_broker_msc":1791475684000,"halted_at_receipt":false,"quarantined_at_receipt":false}
19,179,1791478103415,ea_event,,{"type":"fill_log","seq":107,"ea_time_ms":96842734,"magic":22260201,"deal_ticket":800000084,"order_ticket":9198,"position_id":900000084,"entry_type":"IN","deal_type":"BUY","side":"L","layer_index":6,"role":"EXT","deal_price":1.11981,"order_price_open":null,"slippage_pips":null,"volume":0.00,"profit":0.00,"swap":0.00,"commission":0.00,"deal_time_broker":"2026-10-08 16:48:23","deal_time_broker_msc":1791478103000,"halted_at_receipt":false,"quarantined_at_receipt":false}
19,182,1791478106946,ea_event,,{"type":"fill_log","seq":108,"ea_time_ms":96842734,"magic":22260201,"deal_ticket":800000085,"order_ticket":9201,"position_id":900000085,"entry_type":"IN","deal_type":"SELL","side":"S","layer_index":5,"role":"ENT","deal_price":1.11990,"order_price_open":null,"slippage_pips":null,"volume":0.00,"profit":0.00,"swap":0.00,"commission":0.00,"deal_time_broker":"2026-10-08 16:48:26","deal_time_broker_msc":1791478106000,"halted_at_receipt":false,"quarantined_at_receipt":false}
19,183,1791479949098,ea_event,,{"type":"fill_log","seq":109,"ea_time_ms":96842812,"magic":22260201,"deal_ticket":800000086,"order_ticket":9203,"position_id":900000086,"entry_type":"IN","deal_type":"BUY","side":"L","layer_index":5,"role":"EXT","deal_price":1.12042,"order_price_open":null,"slippage_pips":null,"volume":0.00,"profit":0.00,"swap":0.00,"commission":0.00,"deal_time_broker":"2026-10-08 17:19:09","deal_time_broker_msc":1791479949000,"halted_at_receipt":false,"quarantined_at_receipt":false}
19,186,1791480082454,ea_event,,{"type":"fill_log","seq":110,"ea_time_ms":96842828,"magic":22260201,"deal_ticket":800000087,"order_ticket":9207,"position_id":900000087,"entry_type":"IN","deal_type":"SELL","side":"S","layer_index":6,"role":"ENT","deal_price":1.12051,"order_price_open":null,"slippage_pips":null,"volume":0.00,"profit":0.00,"swap":0.00,"commission":0.00,"deal_time_broker":"2026-10-08 17:21:22","deal_time_broker_msc":1791480082000,"halted_at_receipt":false,"quarantined_at_receipt":false}
19,187,1791480318650,ea_event,,{"type":"fill_log","seq":111,"ea_time_ms":96842828,"magic":22260201,"deal_ticket":800000088,"order_ticket":9208,"position_id":900000088,"entry_type":"IN","deal_type":"BUY","side":"L","layer_index":4,"role":"EXT","deal_price":1.12102,"order_price_open":null,"slippage_pips":null,"volume":0.00,"profit":0.00,"swap":0.00,"commission":0.00,"deal_time_broker":"2026-10-08 17:25:18","deal_time_broker_msc":1791480318000,"halted_at_receipt":false,"quarantined_at_receipt":false}
19,190,1791480327093,ea_event,,{"type":"fill_log","seq":112,"ea_time_ms":96842828,"magic":22260201,"deal_ticket":800000089,"order_ticket":9211,"position_id":900000089,"entry_type":"IN","deal_type":"SELL","side":"S","layer_index":7,"role":"ENT","deal_price":1.12122,"order_price_open":null,"slippage_pips":null,"volume":0.00,"profit":0.00,"swap":0.00,"commission":0.00,"deal_time_broker":"2026-10-08 17:25:27","deal_time_broker_msc":1791480327000,"halted_at_receipt":false,"quarantined_at_receipt":false}
19,191,1791480638475,ea_event,,{"type":"fill_log","seq":113,"ea_time_ms":96842843,"magic":22260201,"deal_ticket":800000090,"order_ticket":9213,"position_id":900000090,"entry_type":"IN","deal_type":"BUY","side":"L","layer_index":3,"role":"EXT","deal_price":1.12173,"order_price_open":null,"slippage_pips":null,"volume":0.00,"profit":0.00,"swap":0.00,"commission":0.00,"deal_time_broker":"2026-10-08 17:30:38","deal_time_broker_msc":1791480638000,"halted_at_receipt":false,"quarantined_at_receipt":false}
19,194,1791480698356,ea_event,ROLL_DEFERRED,{"type":"ea_event","seq":114,"ea_time_ms":96842859,"magic":null,"level":"INFO","code":"ROLL_DEFERRED","reason":"S","ticket":null,"detail":{"side":"S","depth":8,"opposite_depth":3,"gate":0,"level":1.12182,"market":1.12182}}
19,194,1791480871692,ea_event,,{"type":"fill_log","seq":115,"ea_time_ms":96842859,"magic":22260201,"deal_ticket":800000091,"order_ticket":9217,"position_id":900000091,"entry_type":"IN","deal_type":"BUY","side":"L","layer_index":2,"role":"EXT","deal_price":1.12243,"order_price_open":null,"slippage_pips":null,"volume":0.00,"profit":0.00,"swap":0.00,"commission":0.00,"deal_time_broker":"2026-10-08 17:34:31","deal_time_broker_msc":1791480871000,"halted_at_receipt":false,"quarantined_at_receipt":false}
19,197,1791481590114,ea_event,,{"type":"fill_log","seq":116,"ea_time_ms":96842890,"magic":22260201,"deal_ticket":800000092,"order_ticket":9220,"position_id":900000092,"entry_type":"IN","deal_type":"BUY","side":"L","layer_index":2,"role":"ENT","deal_price":1.12126,"order_price_open":null,"slippage_pips":null,"volume":0.00,"profit":0.00,"swap":0.00,"commission":0.00,"deal_time_broker":"2026-10-08 17:46:30","deal_time_broker_msc":1791481590000,"halted_at_receipt":false,"quarantined_at_receipt":false}
19,198,1791482525168,ea_event,,{"type":"fill_log","seq":117,"ea_time_ms":96842921,"magic":22260201,"deal_ticket":800000093,"order_ticket":9222,"position_id":900000093,"entry_type":"IN","deal_type":"BUY","side":"L","layer_index":3,"role":"ENT","deal_price":1.12066,"order_price_open":null,"slippage_pips":null,"volume":0.00,"profit":0.00,"swap":0.00,"commission":0.00,"deal_time_broker":"2026-10-08 18:02:05","deal_time_broker_msc":1791482525000,"halted_at_receipt":false,"quarantined_at_receipt":false}
19,199,1791483487463,ea_event,,{"type":"fill_log","seq":118,"ea_time_ms":96842968,"magic":22260201,"deal_ticket":800000094,"order_ticket":9216,"position_id":900000094,"entry_type":"IN","deal_type":"SELL","side":"S","layer_index":7,"role":"EXT","deal_price":1.12023,"order_price_open":null,"slippage_pips":null,"volume":0.00,"profit":0.00,"swap":0.00,"commission":0.00,"deal_time_broker":"2026-10-08 18:18:07","deal_time_broker_msc":1791483487000,"halted_at_receipt":false,"quarantined_at_receipt":false}
19,202,1791483533688,ea_event,,{"type":"fill_log","seq":119,"ea_time_ms":96842968,"magic":22260201,"deal_ticket":800000095,"order_ticket":9225,"position_id":900000095,"entry_type":"IN","deal_type":"BUY","side":"L","layer_index":4,"role":"ENT","deal_price":1.12006,"order_price_open":null,"slippage_pips":null,"volume":0.00,"profit":0.00,"swap":0.00,"commission":0.00,"deal_time_broker":"2026-10-08 18:18:53","deal_time_broker_msc":1791483533000,"halted_at_receipt":false,"quarantined_at_receipt":false}
19,203,1791485200153,ea_event,,{"type":"fill_log","seq":120,"ea_time_ms":96843046,"magic":22260201,"deal_ticket":800000096,"order_ticket":9227,"position_id":900000096,"entry_type":"IN","deal_type":"SELL","side":"S","layer_index":6,"role":"EXT","deal_price":1.11952,"order_price_open":null,"slippage_pips":null,"volume":0.00,"profit":0.00,"swap":0.00,"commission":0.00,"deal_time_broker":"2026-10-08 18:46:40","deal_time_broker_msc":1791485200000,"halted_at_receipt":false,"quarantined_at_receipt":false}
19,206,1791485262818,ea_event,,{"type":"fill_log","seq":121,"ea_time_ms":96843046,"magic":22260201,"deal_ticket":800000097,"order_ticket":9230,"position_id":900000097,"entry_type":"IN","deal_type":"BUY","side":"L","layer_index":5,"role":"ENT","deal_price":1.11944,"order_price_open":null,"slippage_pips":null,"volume":0.00,"profit":0.00,"swap":0.00,"commission":0.00,"deal_time_broker":"2026-10-08 18:47:42","deal_time_broker_msc":1791485262000,"halted_at_receipt":false,"quarantined_at_receipt":false}
19,207,1791486097210,ea_event,,{"type":"fill_log","seq":122,"ea_time_ms":96843078,"magic":22260201,"deal_ticket":800000098,"order_ticket":9232,"position_id":900000098,"entry_type":"IN","deal_type":"SELL","side":"S","layer_index":5,"role":"EXT","deal_price":1.11890,"order_price_open":null,"slippage_pips":null,"volume":0.00,"profit":0.00,"swap":0.00,"commission":0.00,"deal_time_broker":"2026-10-08 19:01:37","deal_time_broker_msc":1791486097000,"halted_at_receipt":false,"quarantined_at_receipt":false}
19,210,1791486185191,ea_event,,{"type":"fill_log","seq":123,"ea_time_ms":96843078,"magic":22260201,"deal_ticket":800000099,"order_ticket":9235,"position_id":900000099,"entry_type":"IN","deal_type":"BUY","side":"L","layer_index":6,"role":"ENT","deal_price":1.11886,"order_price_open":null,"slippage_pips":null,"volume":0.00,"profit":0.00,"swap":0.00,"commission":0.00,"deal_time_broker":"2026-10-08 19:03:05","deal_time_broker_msc":1791486185000,"halted_at_receipt":false,"quarantined_at_receipt":false}
19,211,1791487048896,ea_event,,{"type":"fill_log","seq":124,"ea_time_ms":96843125,"magic":22260201,"deal_ticket":800000100,"order_ticket":9238,"position_id":900000100,"entry_type":"IN","deal_type":"SELL","side":"S","layer_index":5,"role":"ENT","deal_price":1.11988,"order_price_open":null,"slippage_pips":null,"volume":0.00,"profit":0.00,"swap":0.00,"commission":0.00,"deal_time_broker":"2026-10-08 19:17:28","deal_time_broker_msc":1791487048000,"halted_at_receipt":false,"quarantined_at_receipt":false}
19,211,1791487049500,ea_event,,{"type":"fill_log","seq":125,"ea_time_ms":96843125,"magic":22260201,"deal_ticket":800000101,"order_ticket":9241,"position_id":900000101,"entry_type":"IN","deal_type":"BUY","side":"L","layer_index":6,"role":"EXT","deal_price":1.11988,"order_price_open":null,"slippage_pips":null,"volume":0.00,"profit":0.00,"swap":0.00,"commission":0.00,"deal_time_broker":"2026-10-08 19:17:28","deal_time_broker_msc":1791487048000,"halted_at_receipt":false,"quarantined_at_receipt":false}
19,211,1791487049789,ea_event,,{"type":"fill_log","seq":126,"ea_time_ms":96843125,"magic":22260201,"deal_ticket":800000102,"order_ticket":700000102,"position_id":1996863453,"entry_type":"OUT_BY","deal_type":"SELL","side":null,"layer_index":null,"role":null,"deal_price":1.11988,"order_price_open":null,"slippage_pips":null,"volume":0.00,"profit":1.02,"swap":0.00,"commission":0.00,"deal_time_broker":"2026-10-08 19:17:29","deal_time_broker_msc":1791487049000,"halted_at_receipt":false,"quarantined_at_receipt":false}
19,211,1791487049789,ea_event,,{"type":"fill_log","seq":127,"ea_time_ms":96843125,"magic":22260201,"deal_ticket":800000103,"order_ticket":700000102,"position_id":900000101,"entry_type":"OUT_BY","deal_type":"SELL","side":null,"layer_index":null,"role":null,"deal_price":1.11886,"order_price_open":null,"slippage_pips":null,"volume":0.00,"profit":0.00,"swap":0.00,"commission":0.00,"deal_time_broker":"2026-10-08 19:17:29","deal_time_broker_msc":1791487049000,"halted_at_receipt":false,"quarantined_at_receipt":false}
19,211,1791487049789,scalp,SCALP_CLOSED,{"close_time":"2026-10-08T19:17:29Z","instrument":"EURUSD","direction":"LONG","entry_price":1.11886,"exit_price":1.11988,"layer_depth":6,"stack_depth":7,"gross_pnl":1.02,"instance_id":"GRIND_EURUSD_OPTC","ejected":false,"rolled":false,"broker_utc_offset_s":10800,"account_login":53077984}
19,214,1791487054111,ea_event,,{"type":"fill_log","seq":128,"ea_time_ms":96843125,"magic":22260201,"deal_ticket":800000104,"order_ticket":9247,"position_id":900000102,"entry_type":"IN","deal_type":"SELL","side":"S","layer_index":5,"role":"ENT","deal_price":1.12012,"order_price_open":null,"slippage_pips":null,"volume":0.00,"profit":0.00,"swap":0.00,"commission":0.00,"deal_time_broker":"2026-10-08 19:17:34","deal_time_broker_msc":1791487054000,"halted_at_receipt":false,"quarantined_at_receipt":false}
19,215,1791487274119,ea_event,,{"type":"fill_log","seq":129,"ea_time_ms":96843140,"magic":22260201,"deal_ticket":800000105,"order_ticket":9250,"position_id":900000103,"entry_type":"IN","deal_type":"SELL","side":"S","layer_index":5,"role":"EXT","deal_price":1.11916,"order_price_open":null,"slippage_pips":null,"volume":0.00,"profit":0.00,"swap":0.00,"commission":0.00,"deal_time_broker":"2026-10-08 19:21:14","deal_time_broker_msc":1791487274000,"halted_at_receipt":false,"quarantined_at_receipt":false}
19,218,1791487853263,ea_event,,{"type":"fill_log","seq":130,"ea_time_ms":96843171,"magic":22260201,"deal_ticket":800000106,"order_ticket":9245,"position_id":900000104,"entry_type":"IN","deal_type":"BUY","side":"L","layer_index":6,"role":"ENT","deal_price":1.11880,"order_price_open":null,"slippage_pips":null,"volume":0.00,"profit":0.00,"swap":0.00,"commission":0.00,"deal_time_broker":"2026-10-08 19:30:53","deal_time_broker_msc":1791487853000,"halted_at_receipt":false,"quarantined_at_receipt":false}
19,219,1791489182190,ea_event,,{"type":"fill_log","seq":131,"ea_time_ms":96843250,"magic":22260201,"deal_ticket":800000107,"order_ticket":9255,"position_id":900000105,"entry_type":"IN","deal_type":"BUY","side":"L","layer_index":6,"role":"EXT","deal_price":1.11981,"order_price_open":null,"slippage_pips":null,"volume":0.00,"profit":0.00,"swap":0.00,"commission":0.00,"deal_time_broker":"2026-10-08 19:53:02","deal_time_broker_msc":1791489182000,"halted_at_receipt":false,"quarantined_at_receipt":false}
19,223,1791490128214,ea_event,,{"type":"fill_log","seq":132,"ea_time_ms":96843312,"magic":22260201,"deal_ticket":800000108,"order_ticket":9259,"position_id":900000106,"entry_type":"IN","deal_type":"SELL","side":"S","layer_index":6,"role":"ENT","deal_price":1.12043,"order_price_open":null,"slippage_pips":null,"volume":0.00,"profit":0.00,"swap":0.00,"commission":0.00,"deal_time_broker":"2026-10-08 20:08:48","deal_time_broker_msc":1791490128000,"halted_at_receipt":false,"quarantined_at_receipt":false}
19,224,1791490128818,ea_event,,{"type":"fill_log","seq":133,"ea_time_ms":96843312,"magic":22260201,"deal_ticket":800000109,"order_ticket":9256,"position_id":900000107,"entry_type":"IN","deal_type":"BUY","side":"L","layer_index":5,"role":"EXT","deal_price":1.12043,"order_price_open":null,"slippage_pips":null,"volume":0.00,"profit":0.00,"swap":0.00,"commission":0.00,"deal_time_broker":"2026-10-08 20:08:48","deal_time_broker_msc":1791490128000,"halted_at_receipt":false,"quarantined_at_receipt":false}
19,227,1791490562466,ea_event,,{"type":"fill_log","seq":134,"ea_time_ms":96843328,"magic":22260201,"deal_ticket":800000110,"order_ticket":9261,"position_id":900000108,"entry_type":"IN","deal_type":"SELL","side":"S","layer_index":7,"role":"ENT","deal_price":1.12107,"order_price_open":null,"slippage_pips":null,"volume":0.00,"profit":0.00,"swap":0.00,"commission":0.00,"deal_time_broker":"2026-10-08 20:16:02","deal_time_broker_msc":1791490562000,"halted_at_receipt":false,"quarantined_at_receipt":false}
19,227,1791490562787,ea_event,,{"type":"fill_log","seq":135,"ea_time_ms":96843328,"magic":22260201,"deal_ticket":800000111,"order_ticket":9262,"position_id":900000109,"entry_type":"IN","deal_type":"BUY","side":"L","layer_index":4,"role":"EXT","deal_price":1.12107,"order_price_open":null,"slippage_pips":null,"volume":0.00,"profit":0.00,"swap":0.00,"commission":0.00,"deal_time_broker":"2026-10-08 20:16:02","deal_time_broker_msc":1791490562000,"halted_at_receipt":false,"quarantined_at_receipt":false}
19,231,1791490686983,ea_event,ROLL_DEFERRED,{"type":"ea_event","seq":136,"ea_time_ms":96843343,"magic":null,"level":"INFO","code":"ROLL_DEFERRED","reason":"S","ticket":null,"detail":{"side":"S","depth":8,"opposite_depth":4,"gate":0,"level":1.12167,"market":1.12167}}
19,231,1791490687239,ea_event,,{"type":"fill_log","seq":137,"ea_time_ms":96843343,"magic":22260201,"deal_ticket":800000112,"order_ticket":9266,"position_id":900000110,"entry_type":"IN","deal_type":"BUY","side":"L","layer_index":3,"role":"EXT","deal_price":1.12167,"order_price_open":null,"slippage_pips":null,"volume":0.00,"profit":0.00,"swap":0.00,"commission":0.00,"deal_time_broker":"2026-10-08 20:18:07","deal_time_broker_msc":1791490687000,"halted_at_receipt":false,"quarantined_at_receipt":false}
19,234,1791493625233,ea_event,,{"type":"fill_log","seq":138,"ea_time_ms":96843437,"magic":22260201,"deal_ticket":800000113,"order_ticket":9270,"position_id":900000111,"entry_type":"IN","deal_type":"BUY","side":"L","layer_index":3,"role":"ENT","deal_price":1.12066,"order_price_open":null,"slippage_pips":null,"volume":0.00,"profit":0.00,"swap":0.00,"commission":0.00,"deal_time_broker":"2026-10-08 21:07:05","deal_time_broker_msc":1791493625000,"halted_at_receipt":false,"quarantined_at_receipt":false}
19,235,1791500907952,ea_event,,{"type":"fill_log","seq":139,"ea_time_ms":96843562,"magic":22260201,"deal_ticket":800000114,"order_ticket":9273,"position_id":900000112,"entry_type":"IN","deal_type":"BUY","side":"L","layer_index":3,"role":"EXT","deal_price":1.12168,"order_price_open":null,"slippage_pips":null,"volume":0.00,"profit":0.00,"swap":0.00,"commission":0.00,"deal_time_broker":"2026-10-08 23:08:27","deal_time_broker_msc":1791500907000,"halted_at_receipt":false,"quarantined_at_receipt":false}
19,238,1791503436002,ea_event,CARRY_SNAPSHOT,{"type":"ea_event","seq":140,"ea_time_ms":96843593,"magic":null,"level":"INFO","code":"CARRY_SNAPSHOT","reason":"EURUSD","ticket":null,"detail":{"symbol":"EURUSD","swap_mode":1,"swap_long":-7.9900,"swap_short":1.3100,"multiplier":1,"day_of_week":4,"rollover3days":3,"digits":5,"point":0.00001000,"tick_value":1.00000000,"tick_size":0.00001000,"stops_level":0,"freeze_level":0,"long_pips":-0.799,"short_pips":0.131,"eligible_long":3,"eligible_short":8,"trade_mode_full":true,"mult_today":1,"mult_tomorrow":1,"accrued_swap_long":0.00,"accrued_swap_short":0.00}}
19,238,1791503436002,ea_event,CARRY_EXIT_SHIFT,{"type":"ea_event","seq":141,"ea_time_ms":96843593,"magic":null,"level":"INFO","code":"CARRY_EXIT_SHIFT","reason":"EURUSD","ticket":null,"detail":{"position_ticket":1990101837,"side":"long","layer_index":0,"accrued_ledger_pips":-3.200,"pending_pips":-0.799,"accrued_pips_total":-3.999,"old_price":1.12363,"new_price":1.12387,"clamped":false,"sign_guard_skipped":false,"retcode":10009,"points_native_pips":-1.598}}
19,238,1791503496002,ea_event,CARRY_EXIT_SHIFT,{"type":"ea_event","seq":142,"ea_time_ms":96843593,"magic":null,"level":"INFO","code":"CARRY_EXIT_SHIFT","reason":"EURUSD","ticket":null,"detail":{"position_ticket":1996651309,"side":"long","layer_index":2,"accrued_ledger_pips":0.000,"pending_pips":-0.799,"accrued_pips_total":-0.799,"old_price":1.12226,"new_price":1.12234,"clamped":false,"sign_guard_skipped":false,"retcode":10009,"points_native_pips":-0.799}}
19,238,1791503496002,ea_event,CARRY_EXIT_SHIFT,{"type":"ea_event","seq":143,"ea_time_ms":96843593,"magic":null,"level":"INFO","code":"CARRY_EXIT_SHIFT","reason":"EURUSD","ticket":null,"detail":{"position_ticket":1993015112,"side":"short","layer_index":0,"accrued_ledger_pips":0.400,"pending_pips":0.131,"accrued_pips_total":0.531,"old_price":1.11582,"new_price":1.11586,"clamped":false,"sign_guard_skipped":false,"retcode":10009,"points_native_pips":0.131}}
19,238,1791503736002,ea_event,CARRY_EXIT_SHIFT,{"type":"ea_event","seq":144,"ea_time_ms":96843593,"magic":null,"level":"INFO","code":"CARRY_EXIT_SHIFT","reason":"EURUSD","ticket":null,"detail":{"position_ticket":1997125818,"side":"short","layer_index":7,"accrued_ledger_pips":0.000,"pending_pips":0.131,"accrued_pips_total":0.131,"old_price":1.12007,"new_price":1.12008,"clamped":false,"sign_guard_skipped":false,"retcode":10009,"points_native_pips":0.131}}
19,238,1791503736002,ea_event,CARRY_PASS_SUMMARY,{"type":"ea_event","seq":145,"ea_time_ms":96843593,"magic":null,"level":"INFO","code":"CARRY_PASS_SUMMARY","reason":"EURUSD","ticket":null,"detail":{"eligible":11,"shifted":4,"clamped":0,"skipped":0,"failed":0,"incomplete":false}}
