seg_id,sync_idx,time_ms,kind,code,json
20,0,1790845298539,ea_event,STRAY_L0_CANCEL,{"type":"ea_event","seq":0,"ea_time_ms":97224000,"magic":null,"level":"WARN","code":"STRAY_L0_CANCEL","reason":null,"ticket":9001,"detail":{"side":"S","depth":1}}
21,-1,1790847581622,ea_event,,{"type":"fill_log","seq":0,"ea_time_ms":97224031,"magic":22260201,"deal_ticket":800000001,"order_ticket":1978117494,"position_id":900000001,"entry_type":"IN","deal_type":"BUY","side":"L","layer_index":0,"role":"ENT","deal_price":1.13171,"order_price_open":null,"slippage_pips":null,"volume":0.00,"profit":0.00,"swap":0.00,"commission":0.00,"deal_time_broker":"2026-10-01 09:39:41","deal_time_broker_msc":1790847581000,"halted_at_receipt":false,"quarantined_at_receipt":false}
21,3,1790847652395,ea_event,,{"type":"fill_log","seq":1,"ea_time_ms":97224031,"magic":22260201,"deal_ticket":800000002,"order_ticket":9001,"position_id":900000002,"entry_type":"IN","deal_type":"BUY","side":"L","layer_index":1,"role":"ENT","deal_price":1.13092,"order_price_open":null,"slippage_pips":null,"volume":0.00,"profit":0.00,"swap":0.00,"commission":0.00,"deal_time_broker":"2026-10-01 09:40:52","deal_time_broker_msc":1790847652000,"halted_at_receipt":false,"quarantined_at_receipt":false}
21,4,1790848431398,ea_event,,{"type":"fill_log","seq":2,"ea_time_ms":97224046,"magic":22260201,"deal_ticket":800000003,"order_ticket":9003,"position_id":900000003,"entry_type":"IN","deal_type":"SELL","side":"S","layer_index":0,"role":"ENT","deal_price":1.13150,"order_price_open":null,"slippage_pips":null,"volume":0.00,"profit":0.00,"swap":0.00,"commission":0.00,"deal_time_broker":"2026-10-01 09:53:51","deal_time_broker_msc":1790848431000,"halted_at_receipt":false,"quarantined_at_receipt":false}
21,8,1790850146529,ea_event,,{"type":"fill_log","seq":3,"ea_time_ms":97224093,"magic":22260201,"deal_ticket":800000004,"order_ticket":9010,"position_id":900000004,"entry_type":"IN","deal_type":"BUY","side":"L","layer_index":1,"role":"ENT","deal_price":1.13099,"order_price_open":null,"slippage_pips":null,"volume":0.00,"profit":0.00,"swap":0.00,"commission":0.00,"deal_time_broker":"2026-10-01 10:22:26","deal_time_broker_msc":1790850146000,"halted_at_receipt":false,"quarantined_at_receipt":false}
21,12,1790850667211,ea_event,,{"type":"fill_log","seq":4,"ea_time_ms":97224109,"magic":22260201,"deal_ticket":800000005,"order_ticket":9012,"position_id":900000005,"entry_type":"IN","deal_type":"BUY","side":"L","layer_index":2,"role":"ENT","deal_price":1.13012,"order_price_open":null,"slippage_pips":null,"volume":0.00,"profit":0.00,"swap":0.00,"commission":0.00,"deal_time_broker":"2026-10-01 10:31:07","deal_time_broker_msc":1790850667000,"halted_at_receipt":false,"quarantined_at_receipt":false}
21,13,1790850760674,ea_event,,{"type":"fill_log","seq":5,"ea_time_ms":97224109,"magic":22260201,"deal_ticket":800000006,"order_ticket":9014,"position_id":900000006,"entry_type":"IN","deal_type":"SELL","side":"S","layer_index":0,"role":"ENT","deal_price":1.13059,"order_price_open":null,"slippage_pips":null,"volume":0.00,"profit":0.00,"swap":0.00,"commission":0.00,"deal_time_broker":"2026-10-01 10:32:40","deal_time_broker_msc":1790850760000,"halted_at_receipt":false,"quarantined_at_receipt":false}
21,13,1790851669990,ea_event,,{"type":"fill_log","seq":6,"ea_time_ms":97224140,"magic":22260201,"deal_ticket":800000007,"order_ticket":9017,"position_id":900000007,"entry_type":"IN","deal_type":"BUY","side":"L","layer_index":2,"role":"EXT","deal_price":1.13103,"order_price_open":null,"slippage_pips":null,"volume":0.00,"profit":0.00,"swap":0.00,"commission":0.00,"deal_time_broker":"2026-10-01 10:47:49","deal_time_broker_msc":1790851669000,"halted_at_receipt":false,"quarantined_at_receipt":false}
21,16,1790852460641,ea_event,,{"type":"fill_log","seq":7,"ea_time_ms":97224156,"magic":22260201,"deal_ticket":800000008,"order_ticket":9022,"position_id":900000008,"entry_type":"IN","deal_type":"BUY","side":"L","layer_index":2,"role":"ENT","deal_price":1.13027,"order_price_open":null,"slippage_pips":null,"volume":0.00,"profit":0.00,"swap":0.00,"commission":0.00,"deal_time_broker":"2026-10-01 11:01:00","deal_time_broker_msc":1790852460000,"halted_at_receipt":false,"quarantined_at_receipt":false}
21,17,1790853133080,ea_event,,{"type":"fill_log","seq":8,"ea_time_ms":97224187,"magic":22260201,"deal_ticket":800000009,"order_ticket":9024,"position_id":900000009,"entry_type":"IN","deal_type":"BUY","side":"L","layer_index":3,"role":"ENT","deal_price":1.12955,"order_price_open":null,"slippage_pips":null,"volume":0.00,"profit":0.00,"swap":0.00,"commission":0.00,"deal_time_broker":"2026-10-01 11:12:13","deal_time_broker_msc":1790853133000,"halted_at_receipt":false,"quarantined_at_receipt":false}
21,18,1790853985421,ea_event,,{"type":"fill_log","seq":9,"ea_time_ms":97224203,"magic":22260201,"deal_ticket":800000010,"order_ticket":9021,"position_id":900000010,"entry_type":"IN","deal_type":"SELL","side":"S","layer_index":0,"role":"ENT","deal_price":1.13037,"order_price_open":null,"slippage_pips":null,"volume":0.00,"profit":0.00,"swap":0.00,"commission":0.00,"deal_time_broker":"2026-10-01 11:26:25","deal_time_broker_msc":1790853985000,"halted_at_receipt":false,"quarantined_at_receipt":false}
21,22,1790854004084,ea_event,STRAY_L0_CANCEL,{"type":"ea_event","seq":10,"ea_time_ms":97224203,"magic":null,"level":"WARN","code":"STRAY_L0_CANCEL","reason":null,"ticket":9032,"detail":{"side":"S","depth":1}}
21,25,1790854590376,ea_event,,{"type":"fill_log","seq":11,"ea_time_ms":97224218,"magic":22260201,"deal_ticket":800000011,"order_ticket":9033,"position_id":900000011,"entry_type":"IN","deal_type":"BUY","side":"L","layer_index":3,"role":"ENT","deal_price":1.12954,"order_price_open":null,"slippage_pips":null,"volume":0.00,"profit":0.00,"swap":0.00,"commission":0.00,"deal_time_broker":"2026-10-01 11:36:30","deal_time_broker_msc":1790854590000,"halted_at_receipt":false,"quarantined_at_receipt":false}
21,26,1790855595086,ea_event,,{"type":"fill_log","seq":12,"ea_time_ms":97224234,"magic":22260201,"deal_ticket":800000012,"order_ticket":9038,"position_id":900000012,"entry_type":"IN","deal_type":"BUY","side":"L","layer_index":4,"role":"ENT","deal_price":1.12883,"order_price_open":null,"slippage_pips":null,"volume":0.00,"profit":0.00,"swap":0.00,"commission":0.00,"deal_time_broker":"2026-10-01 11:53:15","deal_time_broker_msc":1790855595000,"halted_at_receipt":false,"quarantined_at_receipt":false}
21,27,1790856460520,ea_event,,{"type":"fill_log","seq":13,"ea_time_ms":97224265,"magic":22260201,"deal_ticket":800000013,"order_ticket":9036,"position_id":900000013,"entry_type":"IN","deal_type":"SELL","side":"S","layer_index":0,"role":"ENT","deal_price":1.12962,"order_price_open":null,"slippage_pips":null,"volume":0.00,"profit":0.00,"swap":0.00,"commission":0.00,"deal_time_broker":"2026-10-01 12:07:40","deal_time_broker_msc":1790856460000,"halted_at_receipt":false,"quarantined_at_receipt":false}
21,31,1790858990822,ea_event,,{"type":"fill_log","seq":14,"ea_time_ms":97224312,"magic":22260201,"deal_ticket":800000014,"order_ticket":9047,"position_id":900000014,"entry_type":"IN","deal_type":"BUY","side":"L","layer_index":4,"role":"ENT","deal_price":1.12882,"order_price_open":null,"slippage_pips":null,"volume":0.00,"profit":0.00,"swap":0.00,"commission":0.00,"deal_time_broker":"2026-10-01 12:49:50","deal_time_broker_msc":1790858990000,"halted_at_receipt":false,"quarantined_at_receipt":false}
21,32,1790859005495,ea_event,,{"type":"fill_log","seq":15,"ea_time_ms":97224312,"magic":22260201,"deal_ticket":800000015,"order_ticket":9045,"position_id":900000015,"entry_type":"IN","deal_type":"SELL","side":"S","layer_index":0,"role":"EXT","deal_price":1.12872,"order_price_open":null,"slippage_pips":null,"volume":0.00,"profit":0.00,"swap":0.00,"commission":0.00,"deal_time_broker":"2026-10-01 12:50:05","deal_time_broker_msc":1790859005000,"halted_at_receipt":false,"quarantined_at_receipt":false}
21,35,1790859281141,ea_event,,{"type":"fill_log","seq":16,"ea_time_ms":97224328,"magic":22260201,"deal_ticket":800000016,"order_ticket":9049,"position_id":900000016,"entry_type":"IN","deal_type":"BUY","side":"L","layer_index":5,"role":"ENT","deal_price":1.12811,"order_price_open":null,"slippage_pips":null,"volume":0.00,"profit":0.00,"swap":0.00,"commission":0.00,"deal_time_broker":"2026-10-01 12:54:41","deal_time_broker_msc":1790859281000,"halted_at_receipt":false,"quarantined_at_receipt":false}
21,36,1790859566808,ea_event,,{"type":"fill_log","seq":17,"ea_time_ms":97224328,"magic":22260201,"deal_ticket":800000017,"order_ticket":9053,"position_id":900000017,"entry_type":"IN","deal_type":"BUY","side":"L","layer_index":6,"role":"ENT","deal_price":1.12718,"order_price_open":null,"slippage_pips":null,"volume":0.00,"profit":0.00,"swap":0.00,"commission":0.00,"deal_time_broker":"2026-10-01 12:59:26","deal_time_broker_msc":1790859566000,"halted_at_receipt":false,"quarantined_at_receipt":false}
21,38,1790860517418,ea_event,STRAY_L0_CANCEL,{"type":"ea_event","seq":18,"ea_time_ms":97224359,"magic":null,"level":"WARN","code":"STRAY_L0_CANCEL","reason":null,"ticket":9051,"detail":{"side":"S","depth":1}}
21,38,1790860721134,ea_event,,{"type":"fill_log","seq":19,"ea_time_ms":97224375,"magic":22260201,"deal_ticket":800000018,"order_ticket":9057,"position_id":900000018,"entry_type":"IN","deal_type":"BUY","side":"L","layer_index":6,"role":"EXT","deal_price":1.12809,"order_price_open":null,"slippage_pips":null,"volume":0.00,"profit":0.00,"swap":0.00,"commission":0.00,"deal_time_broker":"2026-10-01 13:18:41","deal_time_broker_msc":1790860721000,"halted_at_receipt":false,"quarantined_at_receipt":false}
21,41,1790861224918,ea_event,,{"type":"fill_log","seq":20,"ea_time_ms":97224390,"magic":22260201,"deal_ticket":800000019,"order_ticket":9059,"position_id":900000019,"entry_type":"IN","deal_type":"SELL","side":"S","layer_index":1,"role":"ENT","deal_price":1.12866,"order_price_open":null,"slippage_pips":null,"volume":0.00,"profit":0.00,"swap":0.00,"commission":0.00,"deal_time_broker":"2026-10-01 13:27:04","deal_time_broker_msc":1790861224000,"halted_at_receipt":false,"quarantined_at_receipt":false}
21,45,1790861704819,ea_event,,{"type":"fill_log","seq":21,"ea_time_ms":97224390,"magic":22260201,"deal_ticket":800000020,"order_ticket":9063,"position_id":900000020,"entry_type":"IN","deal_type":"SELL","side":"S","layer_index":2,"role":"ENT","deal_price":1.12936,"order_price_open":null,"slippage_pips":null,"volume":0.00,"profit":0.00,"swap":0.00,"commission":0.00,"deal_time_broker":"2026-10-01 13:35:04","deal_time_broker_msc":1790861704000,"halted_at_receipt":false,"quarantined_at_receipt":false}
21,50,1790864188026,ea_event,,{"type":"fill_log","seq":22,"ea_time_ms":97224468,"magic":22260201,"deal_ticket":800000021,"order_ticket":9069,"position_id":900000021,"entry_type":"IN","deal_type":"SELL","side":"S","layer_index":2,"role":"EXT","deal_price":1.12846,"order_price_open":null,"slippage_pips":null,"volume":0.00,"profit":0.00,"swap":0.00,"commission":0.00,"deal_time_broker":"2026-10-01 14:16:28","deal_time_broker_msc":1790864188000,"halted_at_receipt":false,"quarantined_at_receipt":false}
21,54,1790865382157,ea_event,,{"type":"fill_log","seq":23,"ea_time_ms":97224515,"magic":22260201,"deal_ticket":800000022,"order_ticket":9076,"position_id":900000022,"entry_type":"IN","deal_type":"BUY","side":"L","layer_index":5,"role":"EXT","deal_price":1.12906,"order_price_open":null,"slippage_pips":null,"volume":0.00,"profit":0.00,"swap":0.00,"commission":0.00,"deal_time_broker":"2026-10-01 14:36:22","deal_time_broker_msc":1790865382000,"halted_at_receipt":false,"quarantined_at_receipt":false}
21,57,1790865580048,ea_event,,{"type":"fill_log","seq":24,"ea_time_ms":97224515,"magic":22260201,"deal_ticket":800000023,"order_ticket":9075,"position_id":900000023,"entry_type":"IN","deal_type":"SELL","side":"S","layer_index":2,"role":"ENT","deal_price":1.12937,"order_price_open":null,"slippage_pips":null,"volume":0.00,"profit":0.00,"swap":0.00,"commission":0.00,"deal_time_broker":"2026-10-01 14:39:40","deal_time_broker_msc":1790865580000,"halted_at_receipt":false,"quarantined_at_receipt":false}
21,61,1790866070935,ea_event,,{"type":"fill_log","seq":25,"ea_time_ms":97224531,"magic":22260201,"deal_ticket":800000024,"order_ticket":9081,"position_id":900000024,"entry_type":"IN","deal_type":"SELL","side":"S","layer_index":3,"role":"ENT","deal_price":1.13008,"order_price_open":null,"slippage_pips":null,"volume":0.00,"profit":0.00,"swap":0.00,"commission":0.00,"deal_time_broker":"2026-10-01 14:47:50","deal_time_broker_msc":1790866070000,"halted_at_receipt":false,"quarantined_at_receipt":false}
21,66,1790866633940,ea_event,,{"type":"fill_log","seq":26,"ea_time_ms":97224546,"magic":22260201,"deal_ticket":800000025,"order_ticket":9088,"position_id":900000025,"entry_type":"IN","deal_type":"BUY","side":"L","layer_index":2,"role":"EXT","deal_price":1.13117,"order_price_open":null,"slippage_pips":null,"volume":0.00,"profit":0.00,"swap":0.00,"commission":0.00,"deal_time_broker":"2026-10-01 14:57:13","deal_time_broker_msc":1790866633000,"halted_at_receipt":false,"quarantined_at_receipt":false}
21,74,1790868367102,ea_event,,{"type":"fill_log","seq":27,"ea_time_ms":97224609,"magic":22260201,"deal_ticket":800000026,"order_ticket":9096,"position_id":900000026,"entry_type":"IN","deal_type":"SELL","side":"S","layer_index":3,"role":"EXT","deal_price":1.12916,"order_price_open":null,"slippage_pips":null,"volume":0.00,"profit":0.00,"swap":0.00,"commission":0.00,"deal_time_broker":"2026-10-01 15:26:07","deal_time_broker_msc":1790868367000,"halted_at_receipt":false,"quarantined_at_receipt":false}
21,82,1790873250125,ea_event,,{"type":"fill_log","seq":28,"ea_time_ms":97224750,"magic":22260201,"deal_ticket":800000027,"order_ticket":9106,"position_id":900000027,"entry_type":"IN","deal_type":"BUY","side":"L","layer_index":5,"role":"EXT","deal_price":1.12921,"order_price_open":null,"slippage_pips":null,"volume":0.00,"profit":0.00,"swap":0.00,"commission":0.00,"deal_time_broker":"2026-10-01 16:47:30","deal_time_broker_msc":1790873250000,"halted_at_receipt":false,"quarantined_at_receipt":false}
21,85,1790873523437,ea_event,,{"type":"fill_log","seq":29,"ea_time_ms":97224750,"magic":22260201,"deal_ticket":800000028,"order_ticket":9105,"position_id":900000028,"entry_type":"IN","deal_type":"SELL","side":"S","layer_index":2,"role":"ENT","deal_price":1.12945,"order_price_open":null,"slippage_pips":null,"volume":0.00,"profit":0.00,"swap":0.00,"commission":0.00,"deal_time_broker":"2026-10-01 16:52:03","deal_time_broker_msc":1790873523000,"halted_at_receipt":false,"quarantined_at_receipt":false}
21,89,1790874521332,ea_event,,{"type":"fill_log","seq":30,"ea_time_ms":97224796,"magic":22260201,"deal_ticket":800000029,"order_ticket":9114,"position_id":900000029,"entry_type":"IN","deal_type":"SELL","side":"S","layer_index":2,"role":"ENT","deal_price":1.12933,"order_price_open":null,"slippage_pips":null,"volume":0.00,"profit":0.00,"swap":0.00,"commission":0.00,"deal_time_broker":"2026-10-01 17:08:41","deal_time_broker_msc":1790874521000,"halted_at_receipt":false,"quarantined_at_receipt":false}
21,93,1790875895582,ea_event,,{"type":"fill_log","seq":31,"ea_time_ms":97224859,"magic":22260201,"deal_ticket":800000030,"order_ticket":9109,"position_id":900000030,"entry_type":"IN","deal_type":"BUY","side":"L","layer_index":5,"role":"ENT","deal_price":1.12815,"order_price_open":null,"slippage_pips":null,"volume":0.00,"profit":0.00,"swap":0.00,"commission":0.00,"deal_time_broker":"2026-10-01 17:31:35","deal_time_broker_msc":1790875895000,"halted_at_receipt":false,"quarantined_at_receipt":false}
21,94,1790876593857,ea_event,,{"type":"fill_log","seq":32,"ea_time_ms":97224906,"magic":22260201,"deal_ticket":800000031,"order_ticket":9118,"position_id":900000031,"entry_type":"IN","deal_type":"SELL","side":"S","layer_index":1,"role":"EXT","deal_price":1.12774,"order_price_open":null,"slippage_pips":null,"volume":0.00,"profit":0.00,"swap":0.00,"commission":0.00,"deal_time_broker":"2026-10-01 17:43:13","deal_time_broker_msc":1790876593000,"halted_at_receipt":false,"quarantined_at_receipt":false}
21,98,1790876794435,ea_event,,{"type":"fill_log","seq":33,"ea_time_ms":97224906,"magic":22260201,"deal_ticket":800000032,"order_ticket":9058,"position_id":900000032,"entry_type":"IN","deal_type":"SELL","side":"S","layer_index":0,"role":"EXT","deal_price":1.12697,"order_price_open":null,"slippage_pips":null,"volume":0.00,"profit":0.00,"swap":0.00,"commission":0.00,"deal_time_broker":"2026-10-01 17:46:34","deal_time_broker_msc":1790876794000,"halted_at_receipt":false,"quarantined_at_receipt":false}
21,102,1790877913638,ea_event,ROLL_ACCEPTED,{"type":"ea_event","seq":34,"ea_time_ms":97224968,"magic":null,"level":"INFO","code":"ROLL_ACCEPTED","reason":null,"ticket":1978117494,"detail":{"ticket":1978117494,"side":"L","layer_index":0,"entry":1.13171,"level":1.12602,"target":1.12692,"accrued":0.00000,"clamped":false,"cost":0.00479,"cost_pips":47.9,"rolled":1,"was_ejected":false,"source":"auto","reroll":false,"from_level":0.00000}}
21,103,1790877964489,ea_event,ROLL_ACCEPTED,{"type":"ea_event","seq":35,"ea_time_ms":97224968,"magic":null,"level":"INFO","code":"ROLL_ACCEPTED","reason":null,"ticket":1978377021,"detail":{"ticket":1978377021,"side":"L","layer_index":1,"entry":1.13099,"level":1.12532,"target":1.12622,"accrued":0.00000,"clamped":false,"cost":0.00477,"cost_pips":47.7,"rolled":2,"was_ejected":false,"source":"auto","reroll":false,"from_level":0.00000}}
21,104,1790879435254,ea_event,ROLL_ACCEPTED,{"type":"ea_event","seq":36,"ea_time_ms":97225046,"magic":null,"level":"INFO","code":"ROLL_ACCEPTED","reason":null,"ticket":1979261631,"detail":{"ticket":1979261631,"side":"L","layer_index":2,"entry":1.13030,"level":1.12462,"target":1.12552,"accrued":0.00000,"clamped":false,"cost":0.00478,"cost_pips":47.8,"rolled":3,"was_ejected":false,"source":"auto","reroll":false,"from_level":0.00000}}
21,104,1790879436257,ea_event,ROLL_ACCEPTED,{"type":"ea_event","seq":37,"ea_time_ms":97225046,"magic":null,"level":"INFO","code":"ROLL_ACCEPTED","reason":null,"ticket":1979286947,"detail":{"ticket":1979286947,"side":"L","layer_index":3,"entry":1.12961,"level":1.12392,"target":1.12482,"accrued":0.00000,"clamped":false,"cost":0.00479,"cost_pips":47.9,"rolled":4,"was_ejected":false,"source":"auto","reroll":false,"from_level":0.00000}}
21,106,1790879661027,ea_event,ROLL_ACCEPTED,{"type":"ea_event","seq":38,"ea_time_ms":97225046,"magic":null,"level":"INFO","code":"ROLL_ACCEPTED","reason":null,"ticket":1979310753,"detail":{"ticket":1979310753,"side":"L","layer_index":4,"entry":1.12892,"level":1.12322,"target":1.12412,"accrued":0.00000,"clamped":false,"cost":0.00480,"cost_pips":48.0,"rolled":5,"was_ejected":false,"source":"auto","reroll":false,"from_level":0.00000}}
21,108,1790879813825,ea_event,STRAY_L0_CANCEL,{"type":"ea_event","seq":39,"ea_time_ms":97225062,"magic":null,"level":"WARN","code":"STRAY_L0_CANCEL","reason":null,"ticket":9126,"detail":{"side":"S","depth":1}}
21,111,1790880603844,ea_event,,{"type":"fill_log","seq":40,"ea_time_ms":97225109,"magic":22260201,"deal_ticket":800000033,"order_ticket":9133,"position_id":900000033,"entry_type":"IN","deal_type":"SELL","side":"S","layer_index":0,"role":"EXT","deal_price":1.12301,"order_price_open":null,"slippage_pips":null,"volume":0.00,"profit":0.00,"swap":0.00,"commission":0.00,"deal_time_broker":"2026-10-01 18:50:03","deal_time_broker_msc":1790880603000,"halted_at_receipt":false,"quarantined_at_receipt":false}
21,114,1790882790733,ea_event,,{"type":"fill_log","seq":41,"ea_time_ms":97225234,"magic":22260201,"deal_ticket":800000034,"order_ticket":9135,"position_id":900000034,"entry_type":"IN","deal_type":"SELL","side":"S","layer_index":0,"role":"ENT","deal_price":1.12450,"order_price_open":null,"slippage_pips":null,"volume":0.00,"profit":0.00,"swap":0.00,"commission":0.00,"deal_time_broker":"2026-10-01 19:26:30","deal_time_broker_msc":1790882790000,"halted_at_receipt":false,"quarantined_at_receipt":false}
21,119,1790883659640,ea_event,ROLL_ACCEPTED,{"type":"ea_event","seq":42,"ea_time_ms":97225281,"magic":null,"level":"INFO","code":"ROLL_ACCEPTED","reason":null,"ticket":1979610295,"detail":{"ticket":1979610295,"side":"L","layer_index":5,"entry":1.12815,"level":1.12252,"target":1.12342,"accrued":0.00000,"clamped":false,"cost":0.00473,"cost_pips":47.3,"rolled":5,"was_ejected":false,"source":"auto","reroll":false,"from_level":0.00000}}
21,120,1790884315624,ea_event,ROLL_ACCEPTED,{"type":"ea_event","seq":43,"ea_time_ms":97225312,"magic":null,"level":"INFO","code":"ROLL_ACCEPTED","reason":null,"ticket":1979809150,"detail":{"ticket":1979809150,"side":"L","layer_index":6,"entry":1.12742,"level":1.12182,"target":1.12272,"accrued":0.00000,"clamped":false,"cost":0.00470,"cost_pips":47.0,"rolled":6,"was_ejected":false,"source":"auto","reroll":false,"from_level":0.00000}}
21,122,1790886041556,ea_event,STRAY_L0_CANCEL,{"type":"ea_event","seq":44,"ea_time_ms":97225375,"magic":null,"level":"WARN","code":"STRAY_L0_CANCEL","reason":null,"ticket":9140,"detail":{"side":"S","depth":1}}
21,122,1790886233849,ea_event,,{"type":"fill_log","seq":45,"ea_time_ms":97225390,"magic":22260201,"deal_ticket":800000035,"order_ticket":9142,"position_id":900000035,"entry_type":"IN","deal_type":"BUY","side":"L","layer_index":6,"role":"EXT","deal_price":1.12271,"order_price_open":null,"slippage_pips":null,"volume":0.00,"profit":0.00,"swap":0.00,"commission":0.00,"deal_time_broker":"2026-10-01 20:23:53","deal_time_broker_msc":1790886233000,"halted_at_receipt":false,"quarantined_at_receipt":false}
21,125,1790886305304,ea_event,,{"type":"fill_log","seq":46,"ea_time_ms":97225390,"magic":22260201,"deal_ticket":800000036,"order_ticket":9145,"position_id":900000036,"entry_type":"IN","deal_type":"SELL","side":"S","layer_index":1,"role":"ENT","deal_price":1.12293,"order_price_open":null,"slippage_pips":null,"volume":0.00,"profit":0.00,"swap":0.00,"commission":0.00,"deal_time_broker":"2026-10-01 20:25:05","deal_time_broker_msc":1790886305000,"halted_at_receipt":false,"quarantined_at_receipt":false}
21,126,1790886603142,ea_event,,{"type":"fill_log","seq":47,"ea_time_ms":97225406,"magic":22260201,"deal_ticket":800000037,"order_ticket":9146,"position_id":900000037,"entry_type":"IN","deal_type":"BUY","side":"L","layer_index":5,"role":"EXT","deal_price":1.12350,"order_price_open":null,"slippage_pips":null,"volume":0.00,"profit":0.00,"swap":0.00,"commission":0.00,"deal_time_broker":"2026-10-01 20:30:03","deal_time_broker_msc":1790886603000,"halted_at_receipt":false,"quarantined_at_receipt":false}
21,126,1790886603575,ea_event,,{"type":"fill_log","seq":48,"ea_time_ms":97225406,"magic":22260201,"deal_ticket":800000038,"order_ticket":700000038,"position_id":1979610295,"entry_type":"OUT_BY","deal_type":"SELL","side":null,"layer_index":null,"role":null,"deal_price":1.12350,"order_price_open":null,"slippage_pips":null,"volume":0.00,"profit":-4.65,"swap":0.00,"commission":0.00,"deal_time_broker":"2026-10-01 20:30:03","deal_time_broker_msc":1790886603000,"halted_at_receipt":false,"quarantined_at_receipt":false}
21,126,1790886603575,ea_event,ROLL_FILLED,{"type":"ea_event","seq":49,"ea_time_ms":97225406,"magic":null,"level":"INFO","code":"ROLL_FILLED","reason":null,"ticket":1979610295,"detail":{"ticket":1979610295,"level":1.12252}}
21,126,1790886603575,ea_event,,{"type":"fill_log","seq":50,"ea_time_ms":97225406,"magic":22260201,"deal_ticket":800000039,"order_ticket":700000038,"position_id":900000037,"entry_type":"OUT_BY","deal_type":"SELL","side":null,"layer_index":null,"role":null,"deal_price":1.12815,"order_price_open":null,"slippage_pips":null,"volume":0.00,"profit":0.00,"swap":0.00,"commission":0.00,"deal_time_broker":"2026-10-01 20:30:03","deal_time_broker_msc":1790886603000,"halted_at_receipt":false,"quarantined_at_receipt":false}
21,126,1790886603575,scalp,SCALP_CLOSED,{"close_time":"2026-10-01T20:30:03Z","instrument":"EURUSD","direction":"LONG","entry_price":1.12815,"exit_price":1.12350,"layer_depth":5,"stack_depth":7,"gross_pnl":-4.65,"instance_id":"GRIND_EURUSD_OPTD","ejected":false,"rolled":true,"broker_utc_offset_s":10800,"account_login":53077984}
21,135,1790888254267,ea_event,,{"type":"fill_log","seq":51,"ea_time_ms":97225484,"magic":22260201,"deal_ticket":800000040,"order_ticket":9156,"position_id":900000038,"entry_type":"IN","deal_type":"SELL","side":"S","layer_index":2,"role":"EXT","deal_price":1.12251,"order_price_open":null,"slippage_pips":null,"volume":0.00,"profit":0.00,"swap":0.00,"commission":0.00,"deal_time_broker":"2026-10-01 20:57:34","deal_time_broker_msc":1790888254000,"halted_at_receipt":false,"quarantined_at_receipt":false}
21,138,1790890495255,ea_event,,{"type":"fill_log","seq":52,"ea_time_ms":97225578,"magic":22260201,"deal_ticket":800000041,"order_ticket":9158,"position_id":900000039,"entry_type":"IN","deal_type":"BUY","side":"L","layer_index":9,"role":"EXT","deal_price":1.12346,"order_price_open":null,"slippage_pips":null,"volume":0.00,"profit":0.00,"swap":0.00,"commission":0.00,"deal_time_broker":"2026-10-01 21:34:55","deal_time_broker_msc":1790890495000,"halted_at_receipt":false,"quarantined_at_receipt":false}
21,146,1790898627288,ea_event,CARRY_SNAPSHOT,{"type":"ea_event","seq":53,"ea_time_ms":97225765,"magic":null,"level":"INFO","code":"CARRY_SNAPSHOT","reason":"EURUSD","ticket":null,"detail":{"symbol":"EURUSD","swap_mode":1,"swap_long":-7.9900,"swap_short":1.3100,"multiplier":1,"day_of_week":4,"rollover3days":3,"digits":5,"point":0.00001000,"tick_value":1.00000000,"tick_size":0.00001000,"stops_level":0,"freeze_level":0,"long_pips":-0.799,"short_pips":0.131,"eligible_long":5,"eligible_short":4,"trade_mode_full":true,"mult_today":1,"mult_tomorrow":1,"accrued_swap_long":0.00,"accrued_swap_short":0.00}}
21,146,1790898687288,ea_event,CARRY_EXIT_SHIFT,{"type":"ea_event","seq":54,"ea_time_ms":97225765,"magic":null,"level":"INFO","code":"CARRY_EXIT_SHIFT","reason":"EURUSD","ticket":null,"detail":{"position_ticket":1979286947,"side":"long","layer_index":3,"accrued_ledger_pips":0.000,"pending_pips":-0.799,"accrued_pips_total":-0.799,"old_price":1.12482,"new_price":1.12490,"clamped":false,"sign_guard_skipped":false,"retcode":10009,"points_native_pips":-0.799}}
21,146,1790898747288,ea_event,CARRY_EXIT_SHIFT,{"type":"ea_event","seq":55,"ea_time_ms":97225765,"magic":null,"level":"INFO","code":"CARRY_EXIT_SHIFT","reason":"EURUSD","ticket":null,"detail":{"position_ticket":1979871646,"side":"long","layer_index":7,"accrued_ledger_pips":0.000,"pending_pips":-0.799,"accrued_pips_total":-0.799,"old_price":1.12762,"new_price":1.12770,"clamped":false,"sign_guard_skipped":false,"retcode":10009,"points_native_pips":-0.799}}
21,146,1790898747288,ea_event,CARRY_EXIT_SHIFT,{"type":"ea_event","seq":56,"ea_time_ms":97225765,"magic":null,"level":"INFO","code":"CARRY_EXIT_SHIFT","reason":"EURUSD","ticket":null,"detail":{"position_ticket":1980296061,"side":"short","layer_index":0,"accrued_ledger_pips":0.000,"pending_pips":0.131,"accrued_pips_total":0.131,"old_price":1.12136,"new_price":1.12137,"clamped":false,"sign_guard_skipped":false,"retcode":10009,"points_native_pips":0.131}}
21,146,1790898867288,ea_event,CARRY_EXIT_SHIFT,{"type":"ea_event","seq":57,"ea_time_ms":97225765,"magic":null,"level":"INFO","code":"CARRY_EXIT_SHIFT","reason":"EURUSD","ticket":null,"detail":{"position_ticket":1980659966,"side":"short","layer_index":3,"accrued_ledger_pips":0.000,"pending_pips":0.131,"accrued_pips_total":0.131,"old_price":1.12344,"new_price":1.12345,"clamped":false,"sign_guard_skipped":false,"retcode":10009,"points_native_pips":0.131}}
21,146,1790898867288,ea_event,CARRY_PASS_SUMMARY,{"type":"ea_event","seq":58,"ea_time_ms":97225765,"magic":null,"level":"INFO","code":"CARRY_PASS_SUMMARY","reason":"EURUSD","ticket":null,"detail":{"eligible":9,"shifted":4,"clamped":0,"skipped":0,"failed":0,"incomplete":false}}
22,-1,1790910024415,ea_event,,{"type":"fill_log","seq":0,"ea_time_ms":97225843,"magic":22260201,"deal_ticket":800000001,"order_ticket":1980743306,"position_id":900000001,"entry_type":"IN","deal_type":"BUY","side":"L","layer_index":3,"role":"EXT","deal_price":1.12494,"order_price_open":null,"slippage_pips":null,"volume":0.00,"profit":0.00,"swap":0.00,"commission":0.00,"deal_time_broker":"2026-10-02 03:00:24","deal_time_broker_msc":1790910024000,"halted_at_receipt":false,"quarantined_at_receipt":false}
23,-1,1790921933362,ea_event,,{"type":"fill_log","seq":0,"ea_time_ms":97226046,"magic":22260201,"deal_ticket":800000001,"order_ticket":1981323545,"position_id":900000001,"entry_type":"IN","deal_type":"BUY","side":"L","layer_index":8,"role":"EXT","deal_price":1.12483,"order_price_open":null,"slippage_pips":null,"volume":0.00,"profit":0.00,"swap":0.00,"commission":0.00,"deal_time_broker":"2026-10-02 06:18:53","deal_time_broker_msc":1790921933000,"halted_at_receipt":false,"quarantined_at_receipt":false}
23,14,1790938669281,ea_event,,{"type":"fill_log","seq":1,"ea_time_ms":97226375,"magic":22260201,"deal_ticket":800000002,"order_ticket":9011,"position_id":900000002,"entry_type":"IN","deal_type":"SELL","side":"S","layer_index":6,"role":"ENT","deal_price":1.12643,"order_price_open":null,"slippage_pips":null,"volume":0.00,"profit":0.00,"swap":0.00,"commission":0.00,"deal_time_broker":"2026-10-02 10:57:49","deal_time_broker_msc":1790938669000,"halted_at_receipt":false,"quarantined_at_receipt":false}
23,19,1790941500573,ea_event,,{"type":"fill_log","seq":2,"ea_time_ms":97226468,"magic":22260201,"deal_ticket":800000003,"order_ticket":9015,"position_id":900000003,"entry_type":"IN","deal_type":"SELL","side":"S","layer_index":5,"role":"EXT","deal_price":1.12483,"order_price_open":null,"slippage_pips":null,"volume":0.00,"profit":0.00,"swap":0.00,"commission":0.00,"deal_time_broker":"2026-10-02 11:45:00","deal_time_broker_msc":1790941500000,"halted_at_receipt":false,"quarantined_at_receipt":false}
23,26,1790946929193,ea_event,,{"type":"fill_log","seq":3,"ea_time_ms":97226625,"magic":22260201,"deal_ticket":800000004,"order_ticket":9022,"position_id":900000004,"entry_type":"IN","deal_type":"BUY","side":"L","layer_index":10,"role":"ENT","deal_price":1.12388,"order_price_open":null,"slippage_pips":null,"volume":0.00,"profit":0.00,"swap":0.00,"commission":0.00,"deal_time_broker":"2026-10-02 13:15:29","deal_time_broker_msc":1790946929000,"halted_at_receipt":false,"quarantined_at_receipt":false}
23,27,1790947212476,ea_event,,{"type":"fill_log","seq":4,"ea_time_ms":97226640,"magic":22260201,"deal_ticket":800000005,"order_ticket":9023,"position_id":900000005,"entry_type":"IN","deal_type":"SELL","side":"S","layer_index":3,"role":"EXT","deal_price":1.12344,"order_price_open":null,"slippage_pips":null,"volume":0.00,"profit":0.00,"swap":0.00,"commission":0.00,"deal_time_broker":"2026-10-02 13:20:12","deal_time_broker_msc":1790947212000,"halted_at_receipt":false,"quarantined_at_receipt":false}
23,34,1790950632657,ea_event,,{"type":"fill_log","seq":5,"ea_time_ms":97226765,"magic":22260201,"deal_ticket":800000006,"order_ticket":9033,"position_id":900000006,"entry_type":"IN","deal_type":"SELL","side":"S","layer_index":2,"role":"ENT","deal_price":1.12364,"order_price_open":null,"slippage_pips":null,"volume":0.00,"profit":0.00,"swap":0.00,"commission":0.00,"deal_time_broker":"2026-10-02 14:17:12","deal_time_broker_msc":1790950632000,"halted_at_receipt":false,"quarantined_at_receipt":false}
23,39,1790953552360,ea_event,,{"type":"fill_log","seq":6,"ea_time_ms":97226859,"magic":22260201,"deal_ticket":800000007,"order_ticket":9036,"position_id":900000007,"entry_type":"IN","deal_type":"SELL","side":"S","layer_index":2,"role":"EXT","deal_price":1.12273,"order_price_open":null,"slippage_pips":null,"volume":0.00,"profit":0.00,"swap":0.00,"commission":0.00,"deal_time_broker":"2026-10-02 15:05:52","deal_time_broker_msc":1790953552000,"halted_at_receipt":false,"quarantined_at_receipt":false}
23,46,1790955002349,ea_event,,{"type":"fill_log","seq":7,"ea_time_ms":97226921,"magic":22260201,"deal_ticket":800000008,"order_ticket":9042,"position_id":900000008,"entry_type":"IN","deal_type":"SELL","side":"S","layer_index":2,"role":"ENT","deal_price":1.12573,"order_price_open":null,"slippage_pips":null,"volume":0.00,"profit":0.00,"swap":0.00,"commission":0.00,"deal_time_broker":"2026-10-02 15:30:02","deal_time_broker_msc":1790955002000,"halted_at_receipt":false,"quarantined_at_receipt":false}
23,46,1790955002966,ea_event,,{"type":"fill_log","seq":8,"ea_time_ms":97226921,"magic":22260201,"deal_ticket":800000009,"order_ticket":9045,"position_id":900000009,"entry_type":"IN","deal_type":"BUY","side":"L","layer_index":11,"role":"EXT","deal_price":1.12573,"order_price_open":null,"slippage_pips":null,"volume":0.00,"profit":0.00,"swap":0.00,"commission":0.00,"deal_time_broker":"2026-10-02 15:30:02","deal_time_broker_msc":1790955002000,"halted_at_receipt":false,"quarantined_at_receipt":false}
23,46,1790955003760,ea_event,,{"type":"fill_log","seq":9,"ea_time_ms":97226921,"magic":22260201,"deal_ticket":800000010,"order_ticket":700000010,"position_id":1982596877,"entry_type":"OUT_BY","deal_type":"SELL","side":null,"layer_index":null,"role":null,"deal_price":1.12573,"order_price_open":null,"slippage_pips":null,"volume":0.00,"profit":2.56,"swap":0.00,"commission":0.00,"deal_time_broker":"2026-10-02 15:30:03","deal_time_broker_msc":1790955003000,"halted_at_receipt":false,"quarantined_at_receipt":false}
23,46,1790955003760,ea_event,,{"type":"fill_log","seq":10,"ea_time_ms":97226921,"magic":22260201,"deal_ticket":800000011,"order_ticket":700000010,"position_id":900000009,"entry_type":"OUT_BY","deal_type":"SELL","side":null,"layer_index":null,"role":null,"deal_price":1.12317,"order_price_open":null,"slippage_pips":null,"volume":0.00,"profit":0.00,"swap":0.00,"commission":0.00,"deal_time_broker":"2026-10-02 15:30:03","deal_time_broker_msc":1790955003000,"halted_at_receipt":false,"quarantined_at_receipt":false}
23,46,1790955003760,scalp,SCALP_CLOSED,{"close_time":"2026-10-02T15:30:03Z","instrument":"EURUSD","direction":"LONG","entry_price":1.12317,"exit_price":1.12573,"layer_depth":11,"stack_depth":6,"gross_pnl":2.56,"instance_id":"GRIND_EURUSD_OPTD","ejected":false,"rolled":false,"broker_utc_offset_s":10800,"account_login":53077984}
23,46,1790955005757,ea_event,,{"type":"fill_log","seq":11,"ea_time_ms":97226921,"magic":22260201,"deal_ticket":800000012,"order_ticket":9049,"position_id":900000010,"entry_type":"IN","deal_type":"BUY","side":"L","layer_index":10,"role":"EXT","deal_price":1.12600,"order_price_open":null,"slippage_pips":null,"volume":0.00,"profit":0.00,"swap":0.00,"commission":0.00,"deal_time_broker":"2026-10-02 15:30:05","deal_time_broker_msc":1790955005000,"halted_at_receipt":false,"quarantined_at_receipt":false}
23,46,1790955006966,ea_event,,{"type":"fill_log","seq":12,"ea_time_ms":97226921,"magic":22260201,"deal_ticket":800000013,"order_ticket":700000013,"position_id":1982235477,"entry_type":"OUT_BY","deal_type":"SELL","side":null,"layer_index":null,"role":null,"deal_price":1.12600,"order_price_open":null,"slippage_pips":null,"volume":0.00,"profit":2.12,"swap":0.00,"commission":0.00,"deal_time_broker":"2026-10-02 15:30:06","deal_time_broker_msc":1790955006000,"halted_at_receipt":false,"quarantined_at_receipt":false}
23,46,1790955006966,ea_event,,{"type":"fill_log","seq":13,"ea_time_ms":97226921,"magic":22260201,"deal_ticket":800000014,"order_ticket":700000013,"position_id":900000010,"entry_type":"OUT_BY","deal_type":"SELL","side":null,"layer_index":null,"role":null,"deal_price":1.12388,"order_price_open":null,"slippage_pips":null,"volume":0.00,"profit":0.00,"swap":0.00,"commission":0.00,"deal_time_broker":"2026-10-02 15:30:06","deal_time_broker_msc":1790955006000,"halted_at_receipt":false,"quarantined_at_receipt":false}
23,46,1790955006966,scalp,SCALP_CLOSED,{"close_time":"2026-10-02T15:30:06Z","instrument":"EURUSD","direction":"LONG","entry_price":1.12388,"exit_price":1.12600,"layer_depth":10,"stack_depth":5,"gross_pnl":2.12,"instance_id":"GRIND_EURUSD_OPTD","ejected":false,"rolled":false,"broker_utc_offset_s":10800,"account_login":53077984}
23,48,1790955015160,ea_event,,{"type":"fill_log","seq":14,"ea_time_ms":97226921,"magic":22260201,"deal_ticket":800000015,"order_ticket":9054,"position_id":900000011,"entry_type":"IN","deal_type":"SELL","side":"S","layer_index":2,"role":"EXT","deal_price":1.12417,"order_price_open":null,"slippage_pips":null,"volume":0.00,"profit":0.00,"swap":0.00,"commission":0.00,"deal_time_broker":"2026-10-02 15:30:15","deal_time_broker_msc":1790955015000,"halted_at_receipt":false,"quarantined_at_receipt":false}
23,48,1790955015594,ea_event,,{"type":"fill_log","seq":15,"ea_time_ms":97226921,"magic":22260201,"deal_ticket":800000016,"order_ticket":700000016,"position_id":1982700916,"entry_type":"OUT_BY","deal_type":"SELL","side":null,"layer_index":null,"role":null,"deal_price":1.12417,"order_price_open":null,"slippage_pips":null,"volume":0.00,"profit":0.95,"swap":0.00,"commission":0.00,"deal_time_broker":"2026-10-02 15:30:15","deal_time_broker_msc":1790955015000,"halted_at_receipt":false,"quarantined_at_receipt":false}
23,48,1790955015594,ea_event,,{"type":"fill_log","seq":16,"ea_time_ms":97226921,"magic":22260201,"deal_ticket":800000017,"order_ticket":700000016,"position_id":900000011,"entry_type":"OUT_BY","deal_type":"SELL","side":null,"layer_index":null,"role":null,"deal_price":1.12512,"order_price_open":null,"slippage_pips":null,"volume":0.00,"profit":0.00,"swap":0.00,"commission":0.00,"deal_time_broker":"2026-10-02 15:30:15","deal_time_broker_msc":1790955015000,"halted_at_receipt":false,"quarantined_at_receipt":false}
23,48,1790955015594,scalp,SCALP_CLOSED,{"close_time":"2026-10-02T15:30:15Z","instrument":"EURUSD","direction":"SHORT","entry_price":1.12512,"exit_price":1.12417,"layer_depth":2,"stack_depth":3,"gross_pnl":0.95,"instance_id":"GRIND_EURUSD_OPTD","ejected":false,"rolled":false,"broker_utc_offset_s":10800,"account_login":53077984}
23,48,1790955018770,ea_event,,{"type":"fill_log","seq":17,"ea_time_ms":97226921,"magic":22260201,"deal_ticket":800000018,"order_ticket":9057,"position_id":900000012,"entry_type":"IN","deal_type":"SELL","side":"S","layer_index":2,"role":"ENT","deal_price":1.12419,"order_price_open":null,"slippage_pips":null,"volume":0.00,"profit":0.00,"swap":0.00,"commission":0.00,"deal_time_broker":"2026-10-02 15:30:18","deal_time_broker_msc":1790955018000,"halted_at_receipt":false,"quarantined_at_receipt":false}
23,53,1790955023383,ea_event,,{"type":"fill_log","seq":18,"ea_time_ms":97226921,"magic":22260201,"deal_ticket":800000019,"order_ticket":9062,"position_id":900000013,"entry_type":"IN","deal_type":"SELL","side":"S","layer_index":2,"role":"ENT","deal_price":1.12442,"order_price_open":null,"slippage_pips":null,"volume":0.00,"profit":0.00,"swap":0.00,"commission":0.00,"deal_time_broker":"2026-10-02 15:30:23","deal_time_broker_msc":1790955023000,"halted_at_receipt":false,"quarantined_at_receipt":false}
23,53,1790955026596,ea_event,,{"type":"fill_log","seq":19,"ea_time_ms":97226921,"magic":22260201,"deal_ticket":800000020,"order_ticket":9053,"position_id":900000014,"entry_type":"IN","deal_type":"BUY","side":"L","layer_index":10,"role":"EXT","deal_price":1.12482,"order_price_open":null,"slippage_pips":null,"volume":0.00,"profit":0.00,"swap":0.00,"commission":0.00,"deal_time_broker":"2026-10-02 15:30:26","deal_time_broker_msc":1790955026000,"halted_at_receipt":false,"quarantined_at_receipt":false}
23,53,1790955027031,ea_event,,{"type":"fill_log","seq":20,"ea_time_ms":97226921,"magic":22260201,"deal_ticket":800000021,"order_ticket":700000021,"position_id":1982235477,"entry_type":"OUT_BY","deal_type":"SELL","side":null,"layer_index":null,"role":null,"deal_price":1.12482,"order_price_open":null,"slippage_pips":null,"volume":0.00,"profit":0.94,"swap":0.00,"commission":0.00,"deal_time_broker":"2026-10-02 15:30:27","deal_time_broker_msc":1790955027000,"halted_at_receipt":false,"quarantined_at_receipt":false}
23,53,1790955027031,ea_event,,{"type":"fill_log","seq":21,"ea_time_ms":97226921,"magic":22260201,"deal_ticket":800000022,"order_ticket":700000021,"position_id":900000014,"entry_type":"OUT_BY","deal_type":"SELL","side":null,"layer_index":null,"role":null,"deal_price":1.12388,"order_price_open":null,"slippage_pips":null,"volume":0.00,"profit":0.00,"swap":0.00,"commission":0.00,"deal_time_broker":"2026-10-02 15:30:27","deal_time_broker_msc":1790955027000,"halted_at_receipt":false,"quarantined_at_receipt":false}
23,53,1790955027031,scalp,SCALP_CLOSED,{"close_time":"2026-10-02T15:30:27Z","instrument":"EURUSD","direction":"LONG","entry_price":1.12388,"exit_price":1.12482,"layer_depth":10,"stack_depth":5,"gross_pnl":0.94,"instance_id":"GRIND_EURUSD_OPTD","ejected":false,"rolled":false,"broker_utc_offset_s":10800,"account_login":53077984}
23,54,1790955028732,ea_event,,{"type":"fill_log","seq":22,"ea_time_ms":97226921,"magic":22260201,"deal_ticket":800000023,"order_ticket":9066,"position_id":900000015,"entry_type":"IN","deal_type":"BUY","side":"L","layer_index":10,"role":"EXT","deal_price":1.12480,"order_price_open":null,"slippage_pips":null,"volume":0.00,"profit":0.00,"swap":0.00,"commission":0.00,"deal_time_broker":"2026-10-02 15:30:28","deal_time_broker_msc":1790955028000,"halted_at_receipt":false,"quarantined_at_receipt":false}
23,54,1790955029026,ea_event,,{"type":"fill_log","seq":23,"ea_time_ms":97226921,"magic":22260201,"deal_ticket":800000024,"order_ticket":700000024,"position_id":1982235477,"entry_type":"OUT_BY","deal_type":"SELL","side":null,"layer_index":null,"role":null,"deal_price":1.12480,"order_price_open":null,"slippage_pips":null,"volume":0.00,"profit":0.92,"swap":0.00,"commission":0.00,"deal_time_broker":"2026-10-02 15:30:29","deal_time_broker_msc":1790955029000,"halted_at_receipt":false,"quarantined_at_receipt":false}
23,54,1790955029026,ea_event,,{"type":"fill_log","seq":24,"ea_time_ms":97226921,"magic":22260201,"deal_ticket":800000025,"order_ticket":700000024,"position_id":900000015,"entry_type":"OUT_BY","deal_type":"SELL","side":null,"layer_index":null,"role":null,"deal_price":1.12388,"order_price_open":null,"slippage_pips":null,"volume":0.00,"profit":0.00,"swap":0.00,"commission":0.00,"deal_time_broker":"2026-10-02 15:30:29","deal_time_broker_msc":1790955029000,"halted_at_receipt":false,"quarantined_at_receipt":false}
23,54,1790955029026,scalp,SCALP_CLOSED,{"close_time":"2026-10-02T15:30:29Z","instrument":"EURUSD","direction":"LONG","entry_price":1.12388,"exit_price":1.12480,"layer_depth":10,"stack_depth":5,"gross_pnl":0.92,"instance_id":"GRIND_EURUSD_OPTD","ejected":false,"rolled":false,"broker_utc_offset_s":10800,"account_login":53077984}
23,57,1790955083587,ea_event,,{"type":"fill_log","seq":25,"ea_time_ms":97226921,"magic":22260201,"deal_ticket":800000026,"order_ticket":9064,"position_id":900000016,"entry_type":"IN","deal_type":"SELL","side":"S","layer_index":3,"role":"ENT","deal_price":1.12558,"order_price_open":null,"slippage_pips":null,"volume":0.00,"profit":0.00,"swap":0.00,"commission":0.00,"deal_time_broker":"2026-10-02 15:31:23","deal_time_broker_msc":1790955083000,"halted_at_receipt":false,"quarantined_at_receipt":false}
23,57,1790955084204,ea_event,,{"type":"fill_log","seq":26,"ea_time_ms":97226921,"magic":22260201,"deal_ticket":800000027,"order_ticket":9069,"position_id":900000017,"entry_type":"IN","deal_type":"BUY","side":"L","layer_index":9,"role":"EXT","deal_price":1.12558,"order_price_open":null,"slippage_pips":null,"volume":0.00,"profit":0.00,"swap":0.00,"commission":0.00,"deal_time_broker":"2026-10-02 15:31:23","deal_time_broker_msc":1790955083000,"halted_at_receipt":false,"quarantined_at_receipt":false}
23,64,1790955212090,ea_event,,{"type":"fill_log","seq":27,"ea_time_ms":97226937,"magic":22260201,"deal_ticket":800000028,"order_ticket":9075,"position_id":900000018,"entry_type":"IN","deal_type":"BUY","side":"L","layer_index":9,"role":"ENT","deal_price":1.12456,"order_price_open":null,"slippage_pips":null,"volume":0.00,"profit":0.00,"swap":0.00,"commission":0.00,"deal_time_broker":"2026-10-02 15:33:32","deal_time_broker_msc":1790955212000,"halted_at_receipt":false,"quarantined_at_receipt":false}
23,68,1790955770439,ea_event,,{"type":"fill_log","seq":28,"ea_time_ms":97226984,"magic":22260201,"deal_ticket":800000029,"order_ticket":9079,"position_id":900000019,"entry_type":"IN","deal_type":"BUY","side":"L","layer_index":10,"role":"ENT","deal_price":1.12384,"order_price_open":null,"slippage_pips":null,"volume":0.00,"profit":0.00,"swap":0.00,"commission":0.00,"deal_time_broker":"2026-10-02 15:42:50","deal_time_broker_msc":1790955770000,"halted_at_receipt":false,"quarantined_at_receipt":false}
23,71,1790955985878,ea_event,,{"type":"fill_log","seq":29,"ea_time_ms":97227000,"magic":22260201,"deal_ticket":800000030,"order_ticket":9084,"position_id":900000020,"entry_type":"IN","deal_type":"BUY","side":"L","layer_index":10,"role":"EXT","deal_price":1.12476,"order_price_open":null,"slippage_pips":null,"volume":0.00,"profit":0.00,"swap":0.00,"commission":0.00,"deal_time_broker":"2026-10-02 15:46:25","deal_time_broker_msc":1790955985000,"halted_at_receipt":false,"quarantined_at_receipt":false}
23,75,1790956454589,ea_event,,{"type":"fill_log","seq":30,"ea_time_ms":97227031,"magic":22260201,"deal_ticket":800000031,"order_ticket":9090,"position_id":900000021,"entry_type":"IN","deal_type":"BUY","side":"L","layer_index":9,"role":"EXT","deal_price":1.12548,"order_price_open":null,"slippage_pips":null,"volume":0.00,"profit":0.00,"swap":0.00,"commission":0.00,"deal_time_broker":"2026-10-02 15:54:14","deal_time_broker_msc":1790956454000,"halted_at_receipt":false,"quarantined_at_receipt":false}
23,83,1790957349955,ea_event,,{"type":"fill_log","seq":31,"ea_time_ms":97227093,"magic":22260201,"deal_ticket":800000032,"order_ticket":9096,"position_id":900000022,"entry_type":"IN","deal_type":"SELL","side":"S","layer_index":5,"role":"EXT","deal_price":1.12510,"order_price_open":null,"slippage_pips":null,"volume":0.00,"profit":0.00,"swap":0.00,"commission":0.00,"deal_time_broker":"2026-10-02 16:09:09","deal_time_broker_msc":1790957349000,"halted_at_receipt":false,"quarantined_at_receipt":false}
23,87,1790958101755,ea_event,,{"type":"fill_log","seq":32,"ea_time_ms":97227140,"magic":22260201,"deal_ticket":800000033,"order_ticket":9102,"position_id":900000023,"entry_type":"IN","deal_type":"SELL","side":"S","layer_index":4,"role":"EXT","deal_price":1.12441,"order_price_open":null,"slippage_pips":null,"volume":0.00,"profit":0.00,"swap":0.00,"commission":0.00,"deal_time_broker":"2026-10-02 16:21:41","deal_time_broker_msc":1790958101000,"halted_at_receipt":false,"quarantined_at_receipt":false}
23,90,1790958562407,ea_event,,{"type":"fill_log","seq":33,"ea_time_ms":97227156,"magic":22260201,"deal_ticket":800000034,"order_ticket":9107,"position_id":900000024,"entry_type":"IN","deal_type":"SELL","side":"S","layer_index":4,"role":"ENT","deal_price":1.12535,"order_price_open":null,"slippage_pips":null,"volume":0.00,"profit":0.00,"swap":0.00,"commission":0.00,"deal_time_broker":"2026-10-02 16:29:22","deal_time_broker_msc":1790958562000,"halted_at_receipt":false,"quarantined_at_receipt":false}
23,91,1790959498039,ea_event,,{"type":"fill_log","seq":34,"ea_time_ms":97227218,"magic":22260201,"deal_ticket":800000035,"order_ticket":9104,"position_id":900000025,"entry_type":"IN","deal_type":"BUY","side":"L","layer_index":9,"role":"EXT","deal_price":1.12556,"order_price_open":null,"slippage_pips":null,"volume":0.00,"profit":0.00,"swap":0.00,"commission":0.00,"deal_time_broker":"2026-10-02 16:44:58","deal_time_broker_msc":1790959498000,"halted_at_receipt":false,"quarantined_at_receipt":false}
23,98,1790959839539,ea_event,,{"type":"fill_log","seq":35,"ea_time_ms":97227250,"magic":22260201,"deal_ticket":800000036,"order_ticket":9114,"position_id":900000026,"entry_type":"IN","deal_type":"SELL","side":"S","layer_index":6,"role":"ENT","deal_price":1.12678,"order_price_open":null,"slippage_pips":null,"volume":0.00,"profit":0.00,"swap":0.00,"commission":0.00,"deal_time_broker":"2026-10-02 16:50:39","deal_time_broker_msc":1790959839000,"halted_at_receipt":false,"quarantined_at_receipt":false}
23,99,1790960263446,ea_event,,{"type":"fill_log","seq":36,"ea_time_ms":97227265,"magic":22260201,"deal_ticket":800000037,"order_ticket":9115,"position_id":900000027,"entry_type":"IN","deal_type":"BUY","side":"L","layer_index":0,"role":"EXT","deal_price":1.12717,"order_price_open":null,"slippage_pips":null,"volume":0.00,"profit":0.00,"swap":0.00,"commission":0.00,"deal_time_broker":"2026-10-02 16:57:43","deal_time_broker_msc":1790960263000,"halted_at_receipt":false,"quarantined_at_receipt":false}
23,99,1790960263881,ea_event,,{"type":"fill_log","seq":37,"ea_time_ms":97227265,"magic":22260201,"deal_ticket":800000038,"order_ticket":700000038,"position_id":1978117494,"entry_type":"OUT_BY","deal_type":"SELL","side":null,"layer_index":null,"role":null,"deal_price":1.12717,"order_price_open":null,"slippage_pips":null,"volume":0.00,"profit":-4.54,"swap":-0.08,"commission":0.00,"deal_time_broker":"2026-10-02 16:57:43","deal_time_broker_msc":1790960263000,"halted_at_receipt":false,"quarantined_at_receipt":false}
23,99,1790960263881,ea_event,ROLL_FILLED,{"type":"ea_event","seq":38,"ea_time_ms":97227265,"magic":null,"level":"INFO","code":"ROLL_FILLED","reason":null,"ticket":1978117494,"detail":{"ticket":1978117494,"level":1.12602}}
23,99,1790960263881,ea_event,,{"type":"fill_log","seq":39,"ea_time_ms":97227265,"magic":22260201,"deal_ticket":800000039,"order_ticket":700000038,"position_id":900000027,"entry_type":"OUT_BY","deal_type":"SELL","side":null,"layer_index":null,"role":null,"deal_price":1.13171,"order_price_open":null,"slippage_pips":null,"volume":0.00,"profit":0.00,"swap":0.00,"commission":0.00,"deal_time_broker":"2026-10-02 16:57:43","deal_time_broker_msc":1790960263000,"halted_at_receipt":false,"quarantined_at_receipt":false}
23,99,1790960263881,scalp,SCALP_CLOSED,{"close_time":"2026-10-02T16:57:43Z","instrument":"EURUSD","direction":"LONG","entry_price":1.13171,"exit_price":1.12717,"layer_depth":0,"stack_depth":2,"gross_pnl":-4.62,"instance_id":"GRIND_EURUSD_OPTD","ejected":false,"rolled":true,"broker_utc_offset_s":10800,"account_login":53077984}
23,102,1790960345737,ea_event,,{"type":"fill_log","seq":40,"ea_time_ms":97227281,"magic":22260201,"deal_ticket":800000040,"order_ticket":9118,"position_id":900000028,"entry_type":"IN","deal_type":"SELL","side":"S","layer_index":7,"role":"ENT","deal_price":1.12751,"order_price_open":null,"slippage_pips":null,"volume":0.00,"profit":0.00,"swap":0.00,"commission":0.00,"deal_time_broker":"2026-10-02 16:59:05","deal_time_broker_msc":1790960345000,"halted_at_receipt":false,"quarantined_at_receipt":false}
23,103,1790960626980,ea_event,,{"type":"fill_log","seq":41,"ea_time_ms":97227296,"magic":22260201,"deal_ticket":800000041,"order_ticket":1980342588,"position_id":900000029,"entry_type":"IN","deal_type":"BUY","side":"L","layer_index":7,"role":"EXT","deal_price":1.12772,"order_price_open":null,"slippage_pips":null,"volume":0.00,"profit":0.00,"swap":0.00,"commission":0.00,"deal_time_broker":"2026-10-02 17:03:46","deal_time_broker_msc":1790960626000,"halted_at_receipt":false,"quarantined_at_receipt":false}
23,106,1790960701028,ea_event,ROLL_ACCEPTED,{"type":"ea_event","seq":42,"ea_time_ms":97227296,"magic":null,"level":"INFO","code":"ROLL_ACCEPTED","reason":null,"ticket":1980296061,"detail":{"ticket":1980296061,"side":"S","layer_index":0,"entry":1.12226,"level":1.12821,"target":1.12732,"accrued":0.00001,"clamped":false,"cost":0.00505,"cost_pips":50.5,"rolled":1,"was_ejected":false,"source":"auto","reroll":false,"from_level":0.00000}}
23,108,1790961082995,ea_event,STRAY_L0_CANCEL,{"type":"ea_event","seq":43,"ea_time_ms":97227312,"magic":null,"level":"WARN","code":"STRAY_L0_CANCEL","reason":null,"ticket":9122,"detail":{"side":"L","depth":1}}
24,2,1790964246372,ea_event,,{"type":"fill_log","seq":0,"ea_time_ms":97227796,"magic":22260201,"deal_ticket":800000001,"order_ticket":1983447937,"position_id":900000001,"entry_type":"IN","deal_type":"BUY","side":"L","layer_index":1,"role":"ENT","deal_price":1.12709,"order_price_open":null,"slippage_pips":null,"volume":0.00,"profit":0.00,"swap":0.00,"commission":0.00,"deal_time_broker":"2026-10-02 18:04:06","deal_time_broker_msc":1790964246000,"halted_at_receipt":false,"quarantined_at_receipt":false}
24,7,1790965460821,ea_event,,{"type":"fill_log","seq":1,"ea_time_ms":97227843,"magic":22260201,"deal_ticket":800000002,"order_ticket":9005,"position_id":900000002,"entry_type":"IN","deal_type":"SELL","side":"S","layer_index":6,"role":"EXT","deal_price":1.12587,"order_price_open":null,"slippage_pips":null,"volume":0.00,"profit":0.00,"swap":0.00,"commission":0.00,"deal_time_broker":"2026-10-02 18:24:20","deal_time_broker_msc":1790965460000,"halted_at_receipt":false,"quarantined_at_receipt":false}
24,14,1790970510820,ea_event,,{"type":"fill_log","seq":2,"ea_time_ms":97227984,"magic":22260201,"deal_ticket":800000003,"order_ticket":9014,"position_id":900000003,"entry_type":"IN","deal_type":"SELL","side":"S","layer_index":5,"role":"ENT","deal_price":1.12609,"order_price_open":null,"slippage_pips":null,"volume":0.00,"profit":0.00,"swap":0.00,"commission":0.00,"deal_time_broker":"2026-10-02 19:48:30","deal_time_broker_msc":1790970510000,"halted_at_receipt":false,"quarantined_at_receipt":false}
24,15,1790972890703,ea_event,,{"type":"fill_log","seq":3,"ea_time_ms":97228031,"magic":22260201,"deal_ticket":800000004,"order_ticket":9017,"position_id":900000004,"entry_type":"IN","deal_type":"SELL","side":"S","layer_index":5,"role":"EXT","deal_price":1.12517,"order_price_open":null,"slippage_pips":null,"volume":0.00,"profit":0.00,"swap":0.00,"commission":0.00,"deal_time_broker":"2026-10-02 20:28:10","deal_time_broker_msc":1790972890000,"halted_at_receipt":false,"quarantined_at_receipt":false}
24,22,1790985000001,ea_event,CARRY_SNAPSHOT,{"type":"ea_event","seq":4,"ea_time_ms":97228218,"magic":null,"level":"INFO","code":"CARRY_SNAPSHOT","reason":"EURUSD","ticket":null,"detail":{"symbol":"EURUSD","swap_mode":1,"swap_long":-7.9900,"swap_short":1.3100,"multiplier":1,"day_of_week":5,"rollover3days":3,"digits":5,"point":0.00001000,"tick_value":1.00000000,"tick_size":0.00001000,"stops_level":0,"freeze_level":0,"long_pips":-0.799,"short_pips":0.131,"eligible_long":4,"eligible_short":4,"trade_mode_full":true,"mult_today":1,"mult_tomorrow":0,"accrued_swap_long":0.00,"accrued_swap_short":0.00}}
24,22,1790985000001,ea_event,CARRY_EXIT_SHIFT,{"type":"ea_event","seq":5,"ea_time_ms":97228218,"magic":null,"level":"INFO","code":"CARRY_EXIT_SHIFT","reason":"EURUSD","ticket":null,"detail":{"position_ticket":1983404301,"side":"long","layer_index":0,"accrued_ledger_pips":0.000,"pending_pips":0.000,"accrued_pips_total":0.000,"old_price":1.12870,"new_price":1.12870,"clamped":false,"sign_guard_skipped":false,"retcode":10009,"points_native_pips":-0.799}}
24,22,1790985060001,ea_event,CARRY_EXIT_SHIFT,{"type":"ea_event","seq":6,"ea_time_ms":97228218,"magic":null,"level":"INFO","code":"CARRY_EXIT_SHIFT","reason":"EURUSD","ticket":null,"detail":{"position_ticket":1983730405,"side":"long","layer_index":3,"accrued_ledger_pips":0.000,"pending_pips":0.000,"accrued_pips_total":0.000,"old_price":1.12659,"new_price":1.12659,"clamped":false,"sign_guard_skipped":false,"retcode":10009,"points_native_pips":-0.799}}
24,22,1790985120001,ea_event,CARRY_EXIT_SHIFT,{"type":"ea_event","seq":7,"ea_time_ms":97228218,"magic":null,"level":"INFO","code":"CARRY_EXIT_SHIFT","reason":"EURUSD","ticket":null,"detail":{"position_ticket":1980417777,"side":"short","layer_index":1,"accrued_ledger_pips":0.100,"pending_pips":0.000,"accrued_pips_total":0.100,"old_price":1.12204,"new_price":1.12204,"clamped":false,"sign_guard_skipped":false,"retcode":10009,"points_native_pips":0.131}}
24,22,1790985180001,ea_event,CARRY_EXIT_SHIFT,{"type":"ea_event","seq":8,"ea_time_ms":97228234,"magic":null,"level":"INFO","code":"CARRY_EXIT_SHIFT","reason":"EURUSD","ticket":null,"detail":{"position_ticket":1983146289,"side":"short","layer_index":4,"accrued_ledger_pips":0.000,"pending_pips":0.000,"accrued_pips_total":0.000,"old_price":1.12445,"new_price":1.12445,"clamped":false,"sign_guard_skipped":false,"retcode":10009,"points_native_pips":0.131}}
24,22,1790985180001,ea_event,CARRY_PASS_SUMMARY,{"type":"ea_event","seq":9,"ea_time_ms":97228234,"magic":null,"level":"INFO","code":"CARRY_PASS_SUMMARY","reason":"EURUSD","ticket":null,"detail":{"eligible":8,"shifted":4,"clamped":0,"skipped":0,"failed":0,"incomplete":false}}
24,22,1791071400001,ea_event,CARRY_SNAPSHOT,{"type":"ea_event","seq":10,"ea_time_ms":97228296,"magic":null,"level":"INFO","code":"CARRY_SNAPSHOT","reason":"EURUSD","ticket":null,"detail":{"symbol":"EURUSD","swap_mode":1,"swap_long":-7.9900,"swap_short":1.3100,"multiplier":0,"day_of_week":6,"rollover3days":3,"digits":5,"point":0.00001000,"tick_value":1.00000000,"tick_size":0.00001000,"stops_level":0,"freeze_level":0,"long_pips":0.000,"short_pips":0.000,"eligible_long":4,"eligible_short":4,"trade_mode_full":true,"mult_today":0,"mult_tomorrow":0,"accrued_swap_long":0.00,"accrued_swap_short":0.00}}
24,22,1791072000001,ea_event,CARRY_PASS_INCOMPLETE,{"type":"ea_event","seq":11,"ea_time_ms":97228296,"magic":null,"level":"INFO","code":"CARRY_PASS_INCOMPLETE","reason":"EURUSD","ticket":null,"detail":{"eligible":8,"shifted":0,"clamped":0,"skipped":0,"failed":0,"incomplete":true}}
24,22,1791158400001,ea_event,CARRY_PASS_INCOMPLETE,{"type":"ea_event","seq":12,"ea_time_ms":97228328,"magic":null,"level":"INFO","code":"CARRY_PASS_INCOMPLETE","reason":"EURUSD","ticket":null,"detail":{"eligible":8,"shifted":0,"clamped":0,"skipped":0,"failed":0,"incomplete":true}}
24,34,1791173859769,ea_event,,{"type":"fill_log","seq":13,"ea_time_ms":97228515,"magic":22260201,"deal_ticket":800000005,"order_ticket":9033,"position_id":900000005,"entry_type":"IN","deal_type":"BUY","side":"L","layer_index":6,"role":"ENT","deal_price":1.12357,"order_price_open":null,"slippage_pips":null,"volume":0.00,"profit":0.00,"swap":0.00,"commission":0.00,"deal_time_broker":"2026-10-05 04:17:39","deal_time_broker_msc":1791173859000,"halted_at_receipt":false,"quarantined_at_receipt":false}
24,40,1791177439237,ea_event,ROLL_ACCEPTED,{"type":"ea_event","seq":14,"ea_time_ms":97228578,"magic":null,"level":"INFO","code":"ROLL_ACCEPTED","reason":null,"ticket":1983404301,"detail":{"ticket":1983404301,"side":"L","layer_index":0,"entry":1.12780,"level":1.12217,"target":1.12307,"accrued":0.00000,"clamped":false,"cost":0.00473,"cost_pips":47.3,"rolled":1,"was_ejected":false,"source":"auto","reroll":false,"from_level":0.00000}}
24,40,1791177453971,ea_event,,{"type":"fill_log","seq":15,"ea_time_ms":97228578,"magic":22260201,"deal_ticket":800000006,"order_ticket":1983413435,"position_id":900000006,"entry_type":"IN","deal_type":"SELL","side":"S","layer_index":1,"role":"EXT","deal_price":1.12196,"order_price_open":null,"slippage_pips":null,"volume":0.00,"profit":0.00,"swap":0.00,"commission":0.00,"deal_time_broker":"2026-10-05 05:17:33","deal_time_broker_msc":1791177453000,"halted_at_receipt":false,"quarantined_at_receipt":false}
24,44,1791177556640,ea_event,ROLL_ACCEPTED,{"type":"ea_event","seq":16,"ea_time_ms":97228578,"magic":null,"level":"INFO","code":"ROLL_ACCEPTED","reason":null,"ticket":1983447937,"detail":{"ticket":1983447937,"side":"L","layer_index":1,"entry":1.12709,"level":1.12147,"target":1.12237,"accrued":0.00000,"clamped":false,"cost":0.00472,"cost_pips":47.2,"rolled":2,"was_ejected":false,"source":"auto","reroll":false,"from_level":0.00000}}
24,45,1791178570996,ea_event,ROLL_ACCEPTED,{"type":"ea_event","seq":17,"ea_time_ms":97228593,"magic":null,"level":"INFO","code":"ROLL_ACCEPTED","reason":null,"ticket":1983681007,"detail":{"ticket":1983681007,"side":"L","layer_index":2,"entry":1.12639,"level":1.12077,"target":1.12167,"accrued":0.00000,"clamped":false,"cost":0.00472,"cost_pips":47.2,"rolled":3,"was_ejected":false,"source":"auto","reroll":false,"from_level":0.00000}}
24,46,1791179347916,ea_event,ROLL_ACCEPTED,{"type":"ea_event","seq":18,"ea_time_ms":97228625,"magic":null,"level":"INFO","code":"ROLL_ACCEPTED","reason":null,"ticket":1983730405,"detail":{"ticket":1983730405,"side":"L","layer_index":3,"entry":1.12569,"level":1.12007,"target":1.12097,"accrued":0.00000,"clamped":false,"cost":0.00472,"cost_pips":47.2,"rolled":4,"was_ejected":false,"source":"auto","reroll":false,"from_level":0.00000}}
24,47,1791179353154,ea_event,ROLL_ACCEPTED,{"type":"ea_event","seq":19,"ea_time_ms":97228625,"magic":null,"level":"INFO","code":"ROLL_ACCEPTED","reason":null,"ticket":1984301942,"detail":{"ticket":1984301942,"side":"L","layer_index":4,"entry":1.12498,"level":1.11937,"target":1.12027,"accrued":0.00000,"clamped":false,"cost":0.00471,"cost_pips":47.1,"rolled":5,"was_ejected":false,"source":"auto","reroll":false,"from_level":0.00000}}
24,48,1791179378538,ea_event,ROLL_ACCEPTED,{"type":"ea_event","seq":20,"ea_time_ms":97228625,"magic":null,"level":"INFO","code":"ROLL_ACCEPTED","reason":null,"ticket":1985221803,"detail":{"ticket":1985221803,"side":"L","layer_index":5,"entry":1.12428,"level":1.11867,"target":1.11957,"accrued":0.00000,"clamped":false,"cost":0.00471,"cost_pips":47.1,"rolled":6,"was_ejected":false,"source":"auto","reroll":false,"from_level":0.00000}}
24,49,1791179453172,ea_event,STRAY_L0_CANCEL,{"type":"ea_event","seq":21,"ea_time_ms":97228625,"magic":null,"level":"WARN","code":"STRAY_L0_CANCEL","reason":null,"ticket":9042,"detail":{"side":"S","depth":1}}
24,49,1791179683457,ea_event,,{"type":"fill_log","seq":22,"ea_time_ms":97228640,"magic":22260201,"deal_ticket":800000007,"order_ticket":9048,"position_id":900000007,"entry_type":"IN","deal_type":"SELL","side":"S","layer_index":0,"role":"EXT","deal_price":1.11856,"order_price_open":null,"slippage_pips":null,"volume":0.00,"profit":0.00,"swap":0.00,"commission":0.00,"deal_time_broker":"2026-10-05 05:54:43","deal_time_broker_msc":1791179683000,"halted_at_receipt":false,"quarantined_at_receipt":false}
24,53,1791179705713,ea_event,ROLL_ACCEPTED,{"type":"ea_event","seq":23,"ea_time_ms":97228640,"magic":null,"level":"INFO","code":"ROLL_ACCEPTED","reason":null,"ticket":1985305519,"detail":{"ticket":1985305519,"side":"L","layer_index":6,"entry":1.12357,"level":1.11797,"target":1.11887,"accrued":0.00000,"clamped":false,"cost":0.00470,"cost_pips":47.0,"rolled":7,"was_ejected":false,"source":"auto","reroll":false,"from_level":0.00000}}
24,54,1791179801105,ea_event,ROLL_ACCEPTED,{"type":"ea_event","seq":24,"ea_time_ms":97228656,"magic":null,"level":"INFO","code":"ROLL_ACCEPTED","reason":null,"ticket":1985376901,"detail":{"ticket":1985376901,"side":"L","layer_index":7,"entry":1.12287,"level":1.11727,"target":1.11817,"accrued":0.00000,"clamped":false,"cost":0.00470,"cost_pips":47.0,"rolled":8,"was_ejected":false,"source":"auto","reroll":false,"from_level":0.00000}}
24,54,1791179889575,ea_event,,{"type":"fill_log","seq":25,"ea_time_ms":97228656,"magic":22260201,"deal_ticket":800000008,"order_ticket":9050,"position_id":900000008,"entry_type":"IN","deal_type":"SELL","side":"S","layer_index":0,"role":"ENT","deal_price":1.11749,"order_price_open":null,"slippage_pips":null,"volume":0.00,"profit":0.00,"swap":0.00,"commission":0.00,"deal_time_broker":"2026-10-05 05:58:09","deal_time_broker_msc":1791179889000,"halted_at_receipt":false,"quarantined_at_receipt":false}
24,55,1791180137856,ea_event,,{"type":"fill_log","seq":26,"ea_time_ms":97228671,"magic":22260201,"deal_ticket":800000009,"order_ticket":9051,"position_id":900000009,"entry_type":"IN","deal_type":"BUY","side":"L","layer_index":7,"role":"EXT","deal_price":1.11817,"order_price_open":null,"slippage_pips":null,"volume":0.00,"profit":0.00,"swap":0.00,"commission":0.00,"deal_time_broker":"2026-10-05 06:02:17","deal_time_broker_msc":1791180137000,"halted_at_receipt":false,"quarantined_at_receipt":false}
24,55,1791180137856,ea_event,,{"type":"fill_log","seq":27,"ea_time_ms":97228671,"magic":22260201,"deal_ticket":800000010,"order_ticket":9054,"position_id":900000010,"entry_type":"IN","deal_type":"SELL","side":"S","layer_index":1,"role":"ENT","deal_price":1.11817,"order_price_open":null,"slippage_pips":null,"volume":0.00,"profit":0.00,"swap":0.00,"commission":0.00,"deal_time_broker":"2026-10-05 06:02:17","deal_time_broker_msc":1791180137000,"halted_at_receipt":false,"quarantined_at_receipt":false}
24,64,1791180413252,ea_event,ROLL_ACCEPTED,{"type":"ea_event","seq":28,"ea_time_ms":97228687,"magic":null,"level":"INFO","code":"ROLL_ACCEPTED","reason":null,"ticket":1985670705,"detail":{"ticket":1985670705,"side":"L","layer_index":7,"entry":1.11728,"level":1.11658,"target":1.11748,"accrued":0.00000,"clamped":false,"cost":-0.00020,"cost_pips":-2.0,"rolled":8,"was_ejected":false,"source":"auto","reroll":false,"from_level":0.00000}}
24,64,1791180413540,ea_event,,{"type":"fill_log","seq":29,"ea_time_ms":97228687,"magic":22260201,"deal_ticket":800000011,"order_ticket":9055,"position_id":900000011,"entry_type":"IN","deal_type":"SELL","side":"S","layer_index":0,"role":"EXT","deal_price":1.11655,"order_price_open":null,"slippage_pips":null,"volume":0.00,"profit":0.00,"swap":0.00,"commission":0.00,"deal_time_broker":"2026-10-05 06:06:53","deal_time_broker_msc":1791180413000,"halted_at_receipt":false,"quarantined_at_receipt":false}
24,67,1791180555220,ea_event,,{"type":"fill_log","seq":30,"ea_time_ms":97228687,"magic":22260201,"deal_ticket":800000012,"order_ticket":9063,"position_id":900000012,"entry_type":"IN","deal_type":"SELL","side":"S","layer_index":0,"role":"ENT","deal_price":1.11688,"order_price_open":null,"slippage_pips":null,"volume":0.00,"profit":0.00,"swap":0.00,"commission":0.00,"deal_time_broker":"2026-10-05 06:09:15","deal_time_broker_msc":1791180555000,"halted_at_receipt":false,"quarantined_at_receipt":false}
24,68,1791180681720,ea_event,,{"type":"fill_log","seq":31,"ea_time_ms":97228703,"magic":22260201,"deal_ticket":800000013,"order_ticket":9061,"position_id":900000013,"entry_type":"IN","deal_type":"BUY","side":"L","layer_index":7,"role":"EXT","deal_price":1.11749,"order_price_open":null,"slippage_pips":null,"volume":0.00,"profit":0.00,"swap":0.00,"commission":0.00,"deal_time_broker":"2026-10-05 06:11:21","deal_time_broker_msc":1791180681000,"halted_at_receipt":false,"quarantined_at_receipt":false}
24,71,1791180701030,ea_event,,{"type":"fill_log","seq":32,"ea_time_ms":97228703,"magic":22260201,"deal_ticket":800000014,"order_ticket":9065,"position_id":900000014,"entry_type":"IN","deal_type":"SELL","side":"S","layer_index":1,"role":"ENT","deal_price":1.11760,"order_price_open":null,"slippage_pips":null,"volume":0.00,"profit":0.00,"swap":0.00,"commission":0.00,"deal_time_broker":"2026-10-05 06:11:41","deal_time_broker_msc":1791180701000,"halted_at_receipt":false,"quarantined_at_receipt":false}
24,73,1791182566979,ea_event,,{"type":"fill_log","seq":33,"ea_time_ms":97228750,"magic":22260201,"deal_ticket":800000015,"order_ticket":9072,"position_id":900000015,"entry_type":"IN","deal_type":"SELL","side":"S","layer_index":2,"role":"EXT","deal_price":1.11741,"order_price_open":null,"slippage_pips":null,"volume":0.00,"profit":0.00,"swap":0.00,"commission":0.00,"deal_time_broker":"2026-10-05 06:42:46","deal_time_broker_msc":1791182566000,"halted_at_receipt":false,"quarantined_at_receipt":false}
24,76,1791182611972,ea_event,,{"type":"fill_log","seq":34,"ea_time_ms":97228750,"magic":22260201,"deal_ticket":800000016,"order_ticket":9068,"position_id":900000016,"entry_type":"IN","deal_type":"BUY","side":"L","layer_index":7,"role":"ENT","deal_price":1.11723,"order_price_open":null,"slippage_pips":null,"volume":0.00,"profit":0.00,"swap":0.00,"commission":0.00,"deal_time_broker":"2026-10-05 06:43:31","deal_time_broker_msc":1791182611000,"halted_at_receipt":false,"quarantined_at_receipt":false}
24,77,1791183170472,ea_event,,{"type":"fill_log","seq":35,"ea_time_ms":97228781,"magic":22260201,"deal_ticket":800000017,"order_ticket":9074,"position_id":900000017,"entry_type":"IN","deal_type":"SELL","side":"S","layer_index":1,"role":"EXT","deal_price":1.11668,"order_price_open":null,"slippage_pips":null,"volume":0.00,"profit":0.00,"swap":0.00,"commission":0.00,"deal_time_broker":"2026-10-05 06:52:50","deal_time_broker_msc":1791183170000,"halted_at_receipt":false,"quarantined_at_receipt":false}
24,81,1791183609473,ea_event,ROLL_ACCEPTED,{"type":"ea_event","seq":36,"ea_time_ms":97228812,"magic":null,"level":"INFO","code":"ROLL_ACCEPTED","reason":null,"ticket":1985700061,"detail":{"ticket":1985700061,"side":"L","layer_index":7,"entry":1.11723,"level":1.11653,"target":1.11743,"accrued":0.00000,"clamped":false,"cost":-0.00020,"cost_pips":-2.0,"rolled":8,"was_ejected":false,"source":"auto","reroll":false,"from_level":0.00000}}
24,84,1791186100451,ea_event,,{"type":"fill_log","seq":37,"ea_time_ms":97228937,"magic":22260201,"deal_ticket":800000018,"order_ticket":9078,"position_id":900000018,"entry_type":"IN","deal_type":"SELL","side":"S","layer_index":1,"role":"ENT","deal_price":1.11759,"order_price_open":null,"slippage_pips":null,"volume":0.00,"profit":0.00,"swap":0.00,"commission":0.00,"deal_time_broker":"2026-10-05 07:41:40","deal_time_broker_msc":1791186100000,"halted_at_receipt":false,"quarantined_at_receipt":false}
24,85,1791187204685,ea_event,,{"type":"fill_log","seq":38,"ea_time_ms":97228953,"magic":22260201,"deal_ticket":800000019,"order_ticket":9082,"position_id":900000019,"entry_type":"IN","deal_type":"SELL","side":"S","layer_index":2,"role":"ENT","deal_price":1.11830,"order_price_open":null,"slippage_pips":null,"volume":0.00,"profit":0.00,"swap":0.00,"commission":0.00,"deal_time_broker":"2026-10-05 08:00:04","deal_time_broker_msc":1791187204000,"halted_at_receipt":false,"quarantined_at_receipt":false}
24,89,1791189989753,ea_event,,{"type":"fill_log","seq":39,"ea_time_ms":97229031,"magic":22260201,"deal_ticket":800000020,"order_ticket":9085,"position_id":900000020,"entry_type":"IN","deal_type":"SELL","side":"S","layer_index":3,"role":"ENT","deal_price":1.11905,"order_price_open":null,"slippage_pips":null,"volume":0.00,"profit":0.00,"swap":0.00,"commission":0.00,"deal_time_broker":"2026-10-05 08:46:29","deal_time_broker_msc":1791189989000,"halted_at_receipt":false,"quarantined_at_receipt":false}
24,90,1791191170829,ea_event,,{"type":"fill_log","seq":40,"ea_time_ms":97229062,"magic":22260201,"deal_ticket":800000021,"order_ticket":9087,"position_id":900000021,"entry_type":"IN","deal_type":"BUY","side":"L","layer_index":5,"role":"EXT","deal_price":1.11959,"order_price_open":null,"slippage_pips":null,"volume":0.00,"profit":0.00,"swap":0.00,"commission":0.00,"deal_time_broker":"2026-10-05 09:06:10","deal_time_broker_msc":1791191170000,"halted_at_receipt":false,"quarantined_at_receipt":false}
24,94,1791192462106,ea_event,,{"type":"fill_log","seq":41,"ea_time_ms":97229109,"magic":22260201,"deal_ticket":800000022,"order_ticket":9094,"position_id":900000022,"entry_type":"IN","deal_type":"SELL","side":"S","layer_index":4,"role":"EXT","deal_price":1.11883,"order_price_open":null,"slippage_pips":null,"volume":0.00,"profit":0.00,"swap":0.00,"commission":0.00,"deal_time_broker":"2026-10-05 09:27:42","deal_time_broker_msc":1791192462000,"halted_at_receipt":false,"quarantined_at_receipt":false}
24,98,1791192829441,ea_event,,{"type":"fill_log","seq":42,"ea_time_ms":97229125,"magic":22260201,"deal_ticket":800000023,"order_ticket":9096,"position_id":900000023,"entry_type":"IN","deal_type":"SELL","side":"S","layer_index":3,"role":"EXT","deal_price":1.11809,"order_price_open":null,"slippage_pips":null,"volume":0.00,"profit":0.00,"swap":0.00,"commission":0.00,"deal_time_broker":"2026-10-05 09:33:49","deal_time_broker_msc":1791192829000,"halted_at_receipt":false,"quarantined_at_receipt":false}
24,101,1791192835077,ea_event,,{"type":"fill_log","seq":43,"ea_time_ms":97229125,"magic":22260201,"deal_ticket":800000024,"order_ticket":9099,"position_id":900000024,"entry_type":"IN","deal_type":"BUY","side":"L","layer_index":6,"role":"ENT","deal_price":1.11794,"order_price_open":null,"slippage_pips":null,"volume":0.00,"profit":0.00,"swap":0.00,"commission":0.00,"deal_time_broker":"2026-10-05 09:33:55","deal_time_broker_msc":1791192835000,"halted_at_receipt":false,"quarantined_at_receipt":false}
24,102,1791192916128,ea_event,,{"type":"fill_log","seq":44,"ea_time_ms":97229125,"magic":22260201,"deal_ticket":800000025,"order_ticket":9100,"position_id":900000025,"entry_type":"IN","deal_type":"SELL","side":"S","layer_index":2,"role":"EXT","deal_price":1.11739,"order_price_open":null,"slippage_pips":null,"volume":0.00,"profit":0.00,"swap":0.00,"commission":0.00,"deal_time_broker":"2026-10-05 09:35:16","deal_time_broker_msc":1791192916000,"halted_at_receipt":false,"quarantined_at_receipt":false}
24,105,1791192937669,ea_event,,{"type":"fill_log","seq":45,"ea_time_ms":97229140,"magic":22260201,"deal_ticket":800000026,"order_ticket":9103,"position_id":900000026,"entry_type":"IN","deal_type":"BUY","side":"L","layer_index":7,"role":"ENT","deal_price":1.11721,"order_price_open":null,"slippage_pips":null,"volume":0.00,"profit":0.00,"swap":0.00,"commission":0.00,"deal_time_broker":"2026-10-05 09:35:37","deal_time_broker_msc":1791192937000,"halted_at_receipt":false,"quarantined_at_receipt":false}
24,106,1791193372380,ea_event,,{"type":"fill_log","seq":46,"ea_time_ms":97229156,"magic":22260201,"deal_ticket":800000027,"order_ticket":9108,"position_id":900000027,"entry_type":"IN","deal_type":"BUY","side":"L","layer_index":7,"role":"EXT","deal_price":1.11813,"order_price_open":null,"slippage_pips":null,"volume":0.00,"profit":0.00,"swap":0.00,"commission":0.00,"deal_time_broker":"2026-10-05 09:42:52","deal_time_broker_msc":1791193372000,"halted_at_receipt":false,"quarantined_at_receipt":false}
24,109,1791193384637,ea_event,,{"type":"fill_log","seq":47,"ea_time_ms":97229156,"magic":22260201,"deal_ticket":800000028,"order_ticket":9106,"position_id":900000028,"entry_type":"IN","deal_type":"SELL","side":"S","layer_index":2,"role":"ENT","deal_price":1.11834,"order_price_open":null,"slippage_pips":null,"volume":0.00,"profit":0.00,"swap":0.00,"commission":0.00,"deal_time_broker":"2026-10-05 09:43:04","deal_time_broker_msc":1791193384000,"halted_at_receipt":false,"quarantined_at_receipt":false}
24,110,1791194102041,ea_event,,{"type":"fill_log","seq":48,"ea_time_ms":97229203,"magic":22260201,"deal_ticket":800000029,"order_ticket":9109,"position_id":900000029,"entry_type":"IN","deal_type":"BUY","side":"L","layer_index":6,"role":"EXT","deal_price":1.11887,"order_price_open":null,"slippage_pips":null,"volume":0.00,"profit":0.00,"swap":0.00,"commission":0.00,"deal_time_broker":"2026-10-05 09:55:02","deal_time_broker_msc":1791194102000,"halted_at_receipt":false,"quarantined_at_receipt":false}
24,113,1791194131867,ea_event,,{"type":"fill_log","seq":49,"ea_time_ms":97229203,"magic":22260201,"deal_ticket":800000030,"order_ticket":9112,"position_id":900000030,"entry_type":"IN","deal_type":"SELL","side":"S","layer_index":3,"role":"ENT","deal_price":1.11911,"order_price_open":null,"slippage_pips":null,"volume":0.00,"profit":0.00,"swap":0.00,"commission":0.00,"deal_time_broker":"2026-10-05 09:55:31","deal_time_broker_msc":1791194131000,"halted_at_receipt":false,"quarantined_at_receipt":false}
24,121,1791196943419,ea_event,,{"type":"fill_log","seq":50,"ea_time_ms":97229343,"magic":22260201,"deal_ticket":800000031,"order_ticket":9122,"position_id":900000031,"entry_type":"IN","deal_type":"SELL","side":"S","layer_index":5,"role":"ENT","deal_price":1.12052,"order_price_open":null,"slippage_pips":null,"volume":0.00,"profit":0.00,"swap":0.00,"commission":0.00,"deal_time_broker":"2026-10-05 10:42:23","deal_time_broker_msc":1791196943000,"halted_at_receipt":false,"quarantined_at_receipt":false}
24,122,1791198485803,ea_event,,{"type":"fill_log","seq":51,"ea_time_ms":97229406,"magic":22260201,"deal_ticket":800000032,"order_ticket":9127,"position_id":900000032,"entry_type":"IN","deal_type":"SELL","side":"S","layer_index":5,"role":"EXT","deal_price":1.11959,"order_price_open":null,"slippage_pips":null,"volume":0.00,"profit":0.00,"swap":0.00,"commission":0.00,"deal_time_broker":"2026-10-05 11:08:05","deal_time_broker_msc":1791198485000,"halted_at_receipt":false,"quarantined_at_receipt":false}
24,125,1791198885951,ea_event,,{"type":"fill_log","seq":52,"ea_time_ms":97229421,"magic":22260201,"deal_ticket":800000033,"order_ticket":9129,"position_id":900000033,"entry_type":"IN","deal_type":"SELL","side":"S","layer_index":5,"role":"ENT","deal_price":1.12054,"order_price_open":null,"slippage_pips":null,"volume":0.00,"profit":0.00,"swap":0.00,"commission":0.00,"deal_time_broker":"2026-10-05 11:14:45","deal_time_broker_msc":1791198885000,"halted_at_receipt":false,"quarantined_at_receipt":false}
24,126,1791200660455,ea_event,,{"type":"fill_log","seq":53,"ea_time_ms":97229500,"magic":22260201,"deal_ticket":800000034,"order_ticket":9123,"position_id":900000034,"entry_type":"IN","deal_type":"BUY","side":"L","layer_index":3,"role":"EXT","deal_price":1.12097,"order_price_open":null,"slippage_pips":null,"volume":0.00,"profit":0.00,"swap":0.00,"commission":0.00,"deal_time_broker":"2026-10-05 11:44:20","deal_time_broker_msc":1791200660000,"halted_at_receipt":false,"quarantined_at_receipt":false}
24,142,1791209672139,ea_event,,{"type":"fill_log","seq":54,"ea_time_ms":97229765,"magic":22260201,"deal_ticket":800000035,"order_ticket":9144,"position_id":900000035,"entry_type":"IN","deal_type":"SELL","side":"S","layer_index":5,"role":"EXT","deal_price":1.11963,"order_price_open":null,"slippage_pips":null,"volume":0.00,"profit":0.00,"swap":0.00,"commission":0.00,"deal_time_broker":"2026-10-05 14:14:32","deal_time_broker_msc":1791209672000,"halted_at_receipt":false,"quarantined_at_receipt":false}
24,145,1791210436388,ea_event,,{"type":"fill_log","seq":55,"ea_time_ms":97229796,"magic":22260201,"deal_ticket":800000036,"order_ticket":9149,"position_id":900000036,"entry_type":"IN","deal_type":"SELL","side":"S","layer_index":5,"role":"ENT","deal_price":1.12050,"order_price_open":null,"slippage_pips":null,"volume":0.00,"profit":0.00,"swap":0.00,"commission":0.00,"deal_time_broker":"2026-10-05 14:27:16","deal_time_broker_msc":1791210436000,"halted_at_receipt":false,"quarantined_at_receipt":false}
24,149,1791210522181,ea_event,,{"type":"fill_log","seq":56,"ea_time_ms":97229812,"magic":22260201,"deal_ticket":800000037,"order_ticket":9151,"position_id":900000037,"entry_type":"IN","deal_type":"SELL","side":"S","layer_index":6,"role":"ENT","deal_price":1.12123,"order_price_open":null,"slippage_pips":null,"volume":0.00,"profit":0.00,"swap":0.00,"commission":0.00,"deal_time_broker":"2026-10-05 14:28:42","deal_time_broker_msc":1791210522000,"halted_at_receipt":false,"quarantined_at_receipt":false}
24,150,1791210606457,ea_event,,{"type":"fill_log","seq":57,"ea_time_ms":97229812,"magic":22260201,"deal_ticket":800000038,"order_ticket":9153,"position_id":900000038,"entry_type":"IN","deal_type":"BUY","side":"L","layer_index":2,"role":"EXT","deal_price":1.12168,"order_price_open":null,"slippage_pips":null,"volume":0.00,"profit":0.00,"swap":0.00,"commission":0.00,"deal_time_broker":"2026-10-05 14:30:06","deal_time_broker_msc":1791210606000,"halted_at_receipt":false,"quarantined_at_receipt":false}
24,153,1791210983578,ea_event,,{"type":"fill_log","seq":58,"ea_time_ms":97229828,"magic":22260201,"deal_ticket":800000039,"order_ticket":9159,"position_id":900000039,"entry_type":"IN","deal_type":"BUY","side":"L","layer_index":2,"role":"ENT","deal_price":1.12077,"order_price_open":null,"slippage_pips":null,"volume":0.00,"profit":0.00,"swap":0.00,"commission":0.00,"deal_time_broker":"2026-10-05 14:36:23","deal_time_broker_msc":1791210983000,"halted_at_receipt":false,"quarantined_at_receipt":false}
24,154,1791211370381,ea_event,,{"type":"fill_log","seq":59,"ea_time_ms":97229843,"magic":22260201,"deal_ticket":800000040,"order_ticket":9157,"position_id":900000040,"entry_type":"IN","deal_type":"SELL","side":"S","layer_index":6,"role":"EXT","deal_price":1.12031,"order_price_open":null,"slippage_pips":null,"volume":0.00,"profit":0.00,"swap":0.00,"commission":0.00,"deal_time_broker":"2026-10-05 14:42:50","deal_time_broker_msc":1791211370000,"halted_at_receipt":false,"quarantined_at_receipt":false}
24,157,1791213743890,ea_event,,{"type":"fill_log","seq":60,"ea_time_ms":97229937,"magic":22260201,"deal_ticket":800000041,"order_ticket":9161,"position_id":900000041,"entry_type":"IN","deal_type":"BUY","side":"L","layer_index":3,"role":"ENT","deal_price":1.12005,"order_price_open":null,"slippage_pips":null,"volume":0.00,"profit":0.00,"swap":0.00,"commission":0.00,"deal_time_broker":"2026-10-05 15:22:23","deal_time_broker_msc":1791213743000,"halted_at_receipt":false,"quarantined_at_receipt":false}
24,166,1791218065905,ea_event,,{"type":"fill_log","seq":61,"ea_time_ms":97230125,"magic":22260201,"deal_ticket":800000042,"order_ticket":9172,"position_id":900000042,"entry_type":"IN","deal_type":"SELL","side":"S","layer_index":5,"role":"EXT","deal_price":1.11959,"order_price_open":null,"slippage_pips":null,"volume":0.00,"profit":0.00,"swap":0.00,"commission":0.00,"deal_time_broker":"2026-10-05 16:34:25","deal_time_broker_msc":1791218065000,"halted_at_receipt":false,"quarantined_at_receipt":false}
24,169,1791218176811,ea_event,,{"type":"fill_log","seq":62,"ea_time_ms":97230125,"magic":22260201,"deal_ticket":800000043,"order_ticket":9175,"position_id":900000043,"entry_type":"IN","deal_type":"BUY","side":"L","layer_index":4,"role":"ENT","deal_price":1.11932,"order_price_open":null,"slippage_pips":null,"volume":0.00,"profit":0.00,"swap":0.00,"commission":0.00,"deal_time_broker":"2026-10-05 16:36:16","deal_time_broker_msc":1791218176000,"halted_at_receipt":false,"quarantined_at_receipt":false}
24,170,1791218757718,ea_event,,{"type":"fill_log","seq":63,"ea_time_ms":97230156,"magic":22260201,"deal_ticket":800000044,"order_ticket":9176,"position_id":900000044,"entry_type":"IN","deal_type":"SELL","side":"S","layer_index":4,"role":"EXT","deal_price":1.11891,"order_price_open":null,"slippage_pips":null,"volume":0.00,"profit":0.00,"swap":0.00,"commission":0.00,"deal_time_broker":"2026-10-05 16:45:57","deal_time_broker_msc":1791218757000,"halted_at_receipt":false,"quarantined_at_receipt":false}
24,177,1791222733837,ea_event,,{"type":"fill_log","seq":64,"ea_time_ms":97230375,"magic":22260201,"deal_ticket":800000045,"order_ticket":9184,"position_id":900000045,"entry_type":"IN","deal_type":"SELL","side":"S","layer_index":5,"role":"ENT","deal_price":1.12052,"order_price_open":null,"slippage_pips":null,"volume":0.00,"profit":0.00,"swap":0.00,"commission":0.00,"deal_time_broker":"2026-10-05 17:52:13","deal_time_broker_msc":1791222733000,"halted_at_receipt":false,"quarantined_at_receipt":false}
24,178,1791223236869,ea_event,,{"type":"fill_log","seq":65,"ea_time_ms":97230406,"magic":22260201,"deal_ticket":800000046,"order_ticket":9185,"position_id":900000046,"entry_type":"IN","deal_type":"BUY","side":"L","layer_index":3,"role":"EXT","deal_price":1.12099,"order_price_open":null,"slippage_pips":null,"volume":0.00,"profit":0.00,"swap":0.00,"commission":0.00,"deal_time_broker":"2026-10-05 18:00:36","deal_time_broker_msc":1791223236000,"halted_at_receipt":false,"quarantined_at_receipt":false}
24,185,1791230703568,ea_event,,{"type":"fill_log","seq":66,"ea_time_ms":97230671,"magic":22260201,"deal_ticket":800000047,"order_ticket":9191,"position_id":900000047,"entry_type":"IN","deal_type":"BUY","side":"L","layer_index":3,"role":"ENT","deal_price":1.12005,"order_price_open":null,"slippage_pips":null,"volume":0.00,"profit":0.00,"swap":0.00,"commission":0.00,"deal_time_broker":"2026-10-05 20:05:03","deal_time_broker_msc":1791230703000,"halted_at_receipt":false,"quarantined_at_receipt":false}
24,194,1791244200001,ea_event,CARRY_EXIT_SHIFT,{"type":"ea_event","seq":67,"ea_time_ms":97230953,"magic":null,"level":"INFO","code":"CARRY_EXIT_SHIFT","reason":"EURUSD","ticket":null,"detail":{"position_ticket":1983404301,"side":"long","layer_index":0,"accrued_ledger_pips":-0.800,"pending_pips":-0.799,"accrued_pips_total":-1.599,"old_price":1.12307,"new_price":1.12323,"clamped":false,"sign_guard_skipped":false,"retcode":10009,"points_native_pips":-2.397}}
24,194,1791244200001,ea_event,CARRY_EXIT_SHIFT,{"type":"ea_event","seq":68,"ea_time_ms":97230953,"magic":null,"level":"INFO","code":"CARRY_EXIT_SHIFT","reason":"EURUSD","ticket":null,"detail":{"position_ticket":1983447937,"side":"long","layer_index":1,"accrued_ledger_pips":-0.800,"pending_pips":-0.799,"accrued_pips_total":-1.599,"old_price":1.12237,"new_price":1.12253,"clamped":false,"sign_guard_skipped":false,"retcode":10009,"points_native_pips":-2.397}}
24,197,1791244260001,ea_event,CARRY_EXIT_SHIFT,{"type":"ea_event","seq":69,"ea_time_ms":97230953,"magic":null,"level":"INFO","code":"CARRY_EXIT_SHIFT","reason":"EURUSD","ticket":null,"detail":{"position_ticket":1985687105,"side":"short","layer_index":0,"accrued_ledger_pips":0.000,"pending_pips":0.131,"accrued_pips_total":0.131,"old_price":1.11598,"new_price":1.11599,"clamped":false,"sign_guard_skipped":false,"retcode":10009,"points_native_pips":0.131}}
24,197,1791244440001,ea_event,CARRY_EXIT_SHIFT,{"type":"ea_event","seq":70,"ea_time_ms":97230953,"magic":null,"level":"INFO","code":"CARRY_EXIT_SHIFT","reason":"EURUSD","ticket":null,"detail":{"position_ticket":1988013431,"side":"short","layer_index":7,"accrued_ledger_pips":0.000,"pending_pips":0.131,"accrued_pips_total":0.131,"old_price":1.12104,"new_price":1.12105,"clamped":false,"sign_guard_skipped":false,"retcode":10009,"points_native_pips":0.131}}
24,197,1791244440001,ea_event,CARRY_PASS_SUMMARY,{"type":"ea_event","seq":71,"ea_time_ms":97230953,"magic":null,"level":"INFO","code":"CARRY_PASS_SUMMARY","reason":"EURUSD","ticket":null,"detail":{"eligible":10,"shifted":4,"clamped":0,"skipped":0,"failed":0,"incomplete":false}}
26,0,1791259209647,ea_event,,{"type":"fill_log","seq":0,"ea_time_ms":97231125,"magic":22260201,"deal_ticket":800000001,"order_ticket":9000,"position_id":900000001,"entry_type":"IN","deal_type":"BUY","side":"L","layer_index":1,"role":"EXT","deal_price":1.12241,"order_price_open":null,"slippage_pips":null,"volume":0.00,"profit":0.00,"swap":0.00,"commission":0.00,"deal_time_broker":"2026-10-06 04:00:09","deal_time_broker_msc":1791259209000,"halted_at_receipt":false,"quarantined_at_receipt":false}
26,3,1791259224075,ea_event,ROLL_ACCEPTED,{"type":"ea_event","seq":1,"ea_time_ms":97231125,"magic":null,"level":"INFO","code":"ROLL_ACCEPTED","reason":null,"ticket":1985687105,"detail":{"ticket":1985687105,"side":"S","layer_index":0,"entry":1.11688,"level":1.12264,"target":1.12175,"accrued":0.00001,"clamped":false,"cost":0.00486,"cost_pips":48.6,"rolled":1,"was_ejected":false,"source":"auto","reroll":false,"from_level":0.00000}}
26,7,1791263686798,ea_event,,{"type":"fill_log","seq":2,"ea_time_ms":97231203,"magic":22260201,"deal_ticket":800000002,"order_ticket":9002,"position_id":900000002,"entry_type":"IN","deal_type":"BUY","side":"L","layer_index":1,"role":"ENT","deal_price":1.12145,"order_price_open":null,"slippage_pips":null,"volume":0.00,"profit":0.00,"swap":0.00,"commission":0.00,"deal_time_broker":"2026-10-06 05:14:46","deal_time_broker_msc":1791263686000,"halted_at_receipt":false,"quarantined_at_receipt":false}
27,-1,1791277527895,ea_event,,{"type":"fill_log","seq":0,"ea_time_ms":97231375,"magic":22260201,"deal_ticket":800000001,"order_ticket":1988657869,"position_id":900000001,"entry_type":"IN","deal_type":"SELL","side":"S","layer_index":7,"role":"EXT","deal_price":1.12083,"order_price_open":null,"slippage_pips":null,"volume":0.00,"profit":0.00,"swap":0.00,"commission":0.00,"deal_time_broker":"2026-10-06 09:05:27","deal_time_broker_msc":1791277527000,"halted_at_receipt":false,"quarantined_at_receipt":false}
27,2,1791277597316,ea_event,,{"type":"fill_log","seq":1,"ea_time_ms":97231375,"magic":22260201,"deal_ticket":800000002,"order_ticket":1988692255,"position_id":900000002,"entry_type":"IN","deal_type":"BUY","side":"L","layer_index":2,"role":"ENT","deal_price":1.12069,"order_price_open":null,"slippage_pips":null,"volume":0.00,"profit":0.00,"swap":0.00,"commission":0.00,"deal_time_broker":"2026-10-06 09:06:37","deal_time_broker_msc":1791277597000,"halted_at_receipt":false,"quarantined_at_receipt":false}
27,6,1791281738412,ea_event,,{"type":"fill_log","seq":2,"ea_time_ms":97231484,"magic":22260201,"deal_ticket":800000003,"order_ticket":9001,"position_id":900000003,"entry_type":"IN","deal_type":"SELL","side":"S","layer_index":7,"role":"ENT","deal_price":1.12197,"order_price_open":null,"slippage_pips":null,"volume":0.00,"profit":0.00,"swap":0.00,"commission":0.00,"deal_time_broker":"2026-10-06 10:15:38","deal_time_broker_msc":1791281738000,"halted_at_receipt":false,"quarantined_at_receipt":false}
27,12,1791284001644,ea_event,ROLL_ACCEPTED,{"type":"ea_event","seq":3,"ea_time_ms":97231562,"magic":null,"level":"INFO","code":"ROLL_ACCEPTED","reason":null,"ticket":1985778829,"detail":{"ticket":1985778829,"side":"S","layer_index":1,"entry":1.11759,"level":1.12338,"target":1.12229,"accrued":0.00001,"clamped":false,"cost":0.00469,"cost_pips":46.9,"rolled":1,"was_ejected":false,"source":"auto","reroll":false,"from_level":0.00000}}
27,12,1791284002262,ea_event,,{"type":"fill_log","seq":4,"ea_time_ms":97231562,"magic":22260201,"deal_ticket":800000004,"order_ticket":1985644509,"position_id":900000004,"entry_type":"IN","deal_type":"BUY","side":"L","layer_index":0,"role":"EXT","deal_price":1.12350,"order_price_open":null,"slippage_pips":null,"volume":0.00,"profit":0.00,"swap":0.00,"commission":0.00,"deal_time_broker":"2026-10-06 10:53:21","deal_time_broker_msc":1791284001000,"halted_at_receipt":false,"quarantined_at_receipt":false}
27,15,1791284073226,ea_event,,{"type":"fill_log","seq":5,"ea_time_ms":97231562,"magic":22260201,"deal_ticket":800000005,"order_ticket":9013,"position_id":900000005,"entry_type":"IN","deal_type":"BUY","side":"L","layer_index":0,"role":"ENT","deal_price":1.12351,"order_price_open":null,"slippage_pips":null,"volume":0.00,"profit":0.00,"swap":0.00,"commission":0.00,"deal_time_broker":"2026-10-06 10:54:33","deal_time_broker_msc":1791284073000,"halted_at_receipt":false,"quarantined_at_receipt":false}
27,17,1791284298852,ea_event,ROLL_ACCEPTED,{"type":"ea_event","seq":6,"ea_time_ms":97231578,"magic":null,"level":"INFO","code":"ROLL_ACCEPTED","reason":null,"ticket":1986168190,"detail":{"ticket":1986168190,"side":"S","layer_index":2,"entry":1.11834,"level":1.12408,"target":1.12299,"accrued":0.00001,"clamped":false,"cost":0.00464,"cost_pips":46.4,"rolled":2,"was_ejected":false,"source":"auto","reroll":false,"from_level":0.00000}}
27,24,1791286636887,ea_event,,{"type":"fill_log","seq":7,"ea_time_ms":97231640,"magic":22260201,"deal_ticket":800000006,"order_ticket":9019,"position_id":900000006,"entry_type":"IN","deal_type":"SELL","side":"S","layer_index":9,"role":"ENT","deal_price":1.12409,"order_price_open":null,"slippage_pips":null,"volume":0.00,"profit":0.00,"swap":0.00,"commission":0.00,"deal_time_broker":"2026-10-06 11:37:16","deal_time_broker_msc":1791286636000,"halted_at_receipt":false,"quarantined_at_receipt":false}
27,25,1791286987918,ea_event,,{"type":"fill_log","seq":8,"ea_time_ms":97231656,"magic":22260201,"deal_ticket":800000007,"order_ticket":9016,"position_id":900000007,"entry_type":"IN","deal_type":"BUY","side":"L","layer_index":0,"role":"EXT","deal_price":1.12464,"order_price_open":null,"slippage_pips":null,"volume":0.00,"profit":0.00,"swap":0.00,"commission":0.00,"deal_time_broker":"2026-10-06 11:43:07","deal_time_broker_msc":1791286987000,"halted_at_receipt":false,"quarantined_at_receipt":false}
27,28,1791287030794,ea_event,,{"type":"fill_log","seq":9,"ea_time_ms":97231656,"magic":22260201,"deal_ticket":800000008,"order_ticket":9025,"position_id":900000008,"entry_type":"IN","deal_type":"BUY","side":"L","layer_index":0,"role":"ENT","deal_price":1.12442,"order_price_open":null,"slippage_pips":null,"volume":0.00,"profit":0.00,"swap":0.00,"commission":0.00,"deal_time_broker":"2026-10-06 11:43:50","deal_time_broker_msc":1791287030000,"halted_at_receipt":false,"quarantined_at_receipt":false}
27,29,1791288819159,ea_event,,{"type":"fill_log","seq":10,"ea_time_ms":97231703,"magic":22260201,"deal_ticket":800000009,"order_ticket":9027,"position_id":900000009,"entry_type":"IN","deal_type":"BUY","side":"L","layer_index":1,"role":"ENT","deal_price":1.12369,"order_price_open":null,"slippage_pips":null,"volume":0.00,"profit":0.00,"swap":0.00,"commission":0.00,"deal_time_broker":"2026-10-06 12:13:39","deal_time_broker_msc":1791288819000,"halted_at_receipt":false,"quarantined_at_receipt":false}
27,31,1791291111619,ea_event,ROLL_ACCEPTED,{"type":"ea_event","seq":11,"ea_time_ms":97231750,"magic":null,"level":"INFO","code":"ROLL_ACCEPTED","reason":null,"ticket":1986184621,"detail":{"ticket":1986184621,"side":"S","layer_index":3,"entry":1.11911,"level":1.12479,"target":1.12370,"accrued":0.00001,"clamped":false,"cost":0.00458,"cost_pips":45.8,"rolled":2,"was_ejected":false,"source":"auto","reroll":false,"from_level":0.00000}}
27,31,1791291112237,ea_event,,{"type":"fill_log","seq":12,"ea_time_ms":97231750,"magic":22260201,"deal_ticket":800000010,"order_ticket":9031,"position_id":900000010,"entry_type":"IN","deal_type":"BUY","side":"L","layer_index":1,"role":"EXT","deal_price":1.12478,"order_price_open":null,"slippage_pips":null,"volume":0.00,"profit":0.00,"swap":0.00,"commission":0.00,"deal_time_broker":"2026-10-06 12:51:51","deal_time_broker_msc":1791291111000,"halted_at_receipt":false,"quarantined_at_receipt":false}
27,35,1791296302672,ea_event,ROLL_ACCEPTED,{"type":"ea_event","seq":13,"ea_time_ms":97231875,"magic":null,"level":"INFO","code":"ROLL_ACCEPTED","reason":null,"ticket":1987310031,"detail":{"ticket":1987310031,"side":"S","layer_index":4,"entry":1.11981,"level":1.12549,"target":1.12440,"accrued":0.00001,"clamped":false,"cost":0.00458,"cost_pips":45.8,"rolled":3,"was_ejected":false,"source":"auto","reroll":false,"from_level":0.00000}}
27,35,1791296305160,ea_event,,{"type":"fill_log","seq":14,"ea_time_ms":97231875,"magic":22260201,"deal_ticket":800000011,"order_ticket":9028,"position_id":900000011,"entry_type":"IN","deal_type":"BUY","side":"L","layer_index":0,"role":"EXT","deal_price":1.12554,"order_price_open":null,"slippage_pips":null,"volume":0.00,"profit":0.00,"swap":0.00,"commission":0.00,"deal_time_broker":"2026-10-06 14:18:25","deal_time_broker_msc":1791296305000,"halted_at_receipt":false,"quarantined_at_receipt":false}
27,39,1791296617976,ea_event,STRAY_L0_CANCEL,{"type":"ea_event","seq":15,"ea_time_ms":97231890,"magic":null,"level":"WARN","code":"STRAY_L0_CANCEL","reason":null,"ticket":9035,"detail":{"side":"L","depth":1}}
27,40,1791296736878,ea_event,ROLL_ACCEPTED,{"type":"ea_event","seq":16,"ea_time_ms":97231890,"magic":null,"level":"INFO","code":"ROLL_ACCEPTED","reason":null,"ticket":1987528677,"detail":{"ticket":1987528677,"side":"S","layer_index":5,"entry":1.12052,"level":1.12619,"target":1.12510,"accrued":0.00001,"clamped":false,"cost":0.00457,"cost_pips":45.7,"rolled":4,"was_ejected":false,"source":"auto","reroll":false,"from_level":0.00000}}
27,44,1791297750808,ea_event,ROLL_ACCEPTED,{"type":"ea_event","seq":17,"ea_time_ms":97231937,"magic":null,"level":"INFO","code":"ROLL_ACCEPTED","reason":null,"ticket":1987826216,"detail":{"ticket":1987826216,"side":"S","layer_index":6,"entry":1.12123,"level":1.12689,"target":1.12580,"accrued":0.00001,"clamped":false,"cost":0.00456,"cost_pips":45.6,"rolled":5,"was_ejected":false,"source":"auto","reroll":false,"from_level":0.00000}}
27,45,1791297909563,ea_event,STRAY_L0_CANCEL,{"type":"ea_event","seq":18,"ea_time_ms":97231937,"magic":null,"level":"WARN","code":"STRAY_L0_CANCEL","reason":null,"ticket":9039,"detail":{"side":"L","depth":1}}
27,46,1791299076701,ea_event,ROLL_ACCEPTED,{"type":"ea_event","seq":19,"ea_time_ms":97232000,"magic":null,"level":"INFO","code":"ROLL_ACCEPTED","reason":null,"ticket":1989190359,"detail":{"ticket":1989190359,"side":"S","layer_index":7,"entry":1.12197,"level":1.12759,"target":1.12649,"accrued":0.00000,"clamped":false,"cost":0.00452,"cost_pips":45.2,"rolled":6,"was_ejected":false,"source":"auto","reroll":false,"from_level":0.00000}}
27,49,1791301595477,ea_event,,{"type":"fill_log","seq":20,"ea_time_ms":97232093,"magic":22260201,"deal_ticket":800000012,"order_ticket":9042,"position_id":900000012,"entry_type":"IN","deal_type":"BUY","side":"L","layer_index":1,"role":"ENT","deal_price":1.12601,"order_price_open":null,"slippage_pips":null,"volume":0.00,"profit":0.00,"swap":0.00,"commission":0.00,"deal_time_broker":"2026-10-06 15:46:35","deal_time_broker_msc":1791301595000,"halted_at_receipt":false,"quarantined_at_receipt":false}
27,53,1791303979272,ea_event,,{"type":"fill_log","seq":21,"ea_time_ms":97232187,"magic":22260201,"deal_ticket":800000013,"order_ticket":9047,"position_id":900000013,"entry_type":"IN","deal_type":"BUY","side":"L","layer_index":2,"role":"ENT","deal_price":1.12530,"order_price_open":null,"slippage_pips":null,"volume":0.00,"profit":0.00,"swap":0.00,"commission":0.00,"deal_time_broker":"2026-10-06 16:26:19","deal_time_broker_msc":1791303979000,"halted_at_receipt":false,"quarantined_at_receipt":false}
27,57,1791308465168,ea_event,,{"type":"fill_log","seq":22,"ea_time_ms":97232343,"magic":22260201,"deal_ticket":800000014,"order_ticket":9051,"position_id":900000014,"entry_type":"IN","deal_type":"BUY","side":"L","layer_index":3,"role":"ENT","deal_price":1.12457,"order_price_open":null,"slippage_pips":null,"volume":0.00,"profit":0.00,"swap":0.00,"commission":0.00,"deal_time_broker":"2026-10-06 17:41:05","deal_time_broker_msc":1791308465000,"halted_at_receipt":false,"quarantined_at_receipt":false}
27,61,1791310520656,ea_event,,{"type":"fill_log","seq":23,"ea_time_ms":97232421,"magic":22260201,"deal_ticket":800000015,"order_ticket":9045,"position_id":900000015,"entry_type":"IN","deal_type":"SELL","side":"S","layer_index":10,"role":"ENT","deal_price":1.12620,"order_price_open":null,"slippage_pips":null,"volume":0.00,"profit":0.00,"swap":0.00,"commission":0.00,"deal_time_broker":"2026-10-06 18:15:20","deal_time_broker_msc":1791310520000,"halted_at_receipt":false,"quarantined_at_receipt":false}
27,66,1791313873521,ea_event,,{"type":"fill_log","seq":24,"ea_time_ms":97232515,"magic":22260201,"deal_ticket":800000016,"order_ticket":9064,"position_id":900000016,"entry_type":"IN","deal_type":"SELL","side":"S","layer_index":11,"role":"EXT","deal_price":1.12578,"order_price_open":null,"slippage_pips":null,"volume":0.00,"profit":0.00,"swap":0.00,"commission":0.00,"deal_time_broker":"2026-10-06 19:11:13","deal_time_broker_msc":1791313873000,"halted_at_receipt":false,"quarantined_at_receipt":false}
27,69,1791330621138,ea_event,CARRY_SNAPSHOT,{"type":"ea_event","seq":25,"ea_time_ms":97232796,"magic":null,"level":"INFO","code":"CARRY_SNAPSHOT","reason":"EURUSD","ticket":null,"detail":{"symbol":"EURUSD","swap_mode":1,"swap_long":-7.9900,"swap_short":1.3100,"multiplier":1,"day_of_week":2,"rollover3days":3,"digits":5,"point":0.00001000,"tick_value":1.00000000,"tick_size":0.00001000,"stops_level":0,"freeze_level":0,"long_pips":-0.799,"short_pips":0.131,"eligible_long":2,"eligible_short":6,"trade_mode_full":true,"mult_today":1,"mult_tomorrow":3,"accrued_swap_long":0.00,"accrued_swap_short":0.00}}
27,69,1791330621138,ea_event,CARRY_EXIT_SHIFT,{"type":"ea_event","seq":26,"ea_time_ms":97232796,"magic":null,"level":"INFO","code":"CARRY_EXIT_SHIFT","reason":"EURUSD","ticket":null,"detail":{"position_ticket":1990044152,"side":"long","layer_index":0,"accrued_ledger_pips":0.000,"pending_pips":-2.397,"accrued_pips_total":-2.397,"old_price":1.12782,"new_price":1.12806,"clamped":false,"sign_guard_skipped":false,"retcode":10009,"points_native_pips":-0.799}}
27,69,1791330621138,ea_event,CARRY_EXIT_SHIFT,{"type":"ea_event","seq":27,"ea_time_ms":97232796,"magic":null,"level":"INFO","code":"CARRY_EXIT_SHIFT","reason":"EURUSD","ticket":null,"detail":{"position_ticket":1990054458,"side":"long","layer_index":1,"accrued_ledger_pips":0.000,"pending_pips":-2.397,"accrued_pips_total":-2.397,"old_price":1.12711,"new_price":1.12735,"clamped":false,"sign_guard_skipped":false,"retcode":10009,"points_native_pips":-0.799}}
27,69,1791330741138,ea_event,CARRY_EXIT_SHIFT,{"type":"ea_event","seq":28,"ea_time_ms":97232796,"magic":null,"level":"INFO","code":"CARRY_EXIT_SHIFT","reason":"EURUSD","ticket":null,"detail":{"position_ticket":1989381309,"side":"short","layer_index":8,"accrued_ledger_pips":0.000,"pending_pips":0.393,"accrued_pips_total":0.393,"old_price":1.12158,"new_price":1.12162,"clamped":false,"sign_guard_skipped":false,"retcode":10009,"points_native_pips":0.131}}
27,69,1791330801138,ea_event,CARRY_EXIT_SHIFT,{"type":"ea_event","seq":29,"ea_time_ms":97232796,"magic":null,"level":"INFO","code":"CARRY_EXIT_SHIFT","reason":"EURUSD","ticket":null,"detail":{"position_ticket":1990172562,"side":"short","layer_index":10,"accrued_ledger_pips":0.000,"pending_pips":0.393,"accrued_pips_total":0.393,"old_price":1.12510,"new_price":1.12514,"clamped":false,"sign_guard_skipped":false,"retcode":10009,"points_native_pips":0.131}}
27,69,1791330801138,ea_event,CARRY_PASS_SUMMARY,{"type":"ea_event","seq":30,"ea_time_ms":97232796,"magic":null,"level":"INFO","code":"CARRY_PASS_SUMMARY","reason":"EURUSD","ticket":null,"detail":{"eligible":8,"shifted":4,"clamped":0,"skipped":0,"failed":0,"incomplete":false}}
27,73,1791345975157,ea_event,,{"type":"fill_log","seq":31,"ea_time_ms":97232937,"magic":22260201,"deal_ticket":800000017,"order_ticket":9069,"position_id":900000017,"entry_type":"IN","deal_type":"BUY","side":"L","layer_index":3,"role":"ENT","deal_price":1.12460,"order_price_open":null,"slippage_pips":null,"volume":0.00,"profit":0.00,"swap":0.00,"commission":0.00,"deal_time_broker":"2026-10-07 04:06:15","deal_time_broker_msc":1791345975000,"halted_at_receipt":false,"quarantined_at_receipt":false}
27,74,1791346860949,ea_event,,{"type":"fill_log","seq":32,"ea_time_ms":97232953,"magic":22260201,"deal_ticket":800000018,"order_ticket":9070,"position_id":900000018,"entry_type":"IN","deal_type":"SELL","side":"S","layer_index":4,"role":"EXT","deal_price":1.12442,"order_price_open":null,"slippage_pips":null,"volume":0.00,"profit":0.00,"swap":0.00,"commission":0.00,"deal_time_broker":"2026-10-07 04:21:00","deal_time_broker_msc":1791346860000,"halted_at_receipt":false,"quarantined_at_receipt":false}
29,2,1791357875916,ea_event,,{"type":"fill_log","seq":0,"ea_time_ms":97233093,"magic":22260201,"deal_ticket":800000001,"order_ticket":1991683429,"position_id":900000001,"entry_type":"IN","deal_type":"BUY","side":"L","layer_index":5,"role":"ENT","deal_price":1.12319,"order_price_open":null,"slippage_pips":null,"volume":0.00,"profit":0.00,"swap":0.00,"commission":0.00,"deal_time_broker":"2026-10-07 07:24:35","deal_time_broker_msc":1791357875000,"halted_at_receipt":false,"quarantined_at_receipt":false}
29,10,1791368195661,ea_event,,{"type":"fill_log","seq":1,"ea_time_ms":97233250,"magic":22260201,"deal_ticket":800000002,"order_ticket":9007,"position_id":900000002,"entry_type":"IN","deal_type":"BUY","side":"L","layer_index":7,"role":"ENT","deal_price":1.12178,"order_price_open":null,"slippage_pips":null,"volume":0.00,"profit":0.00,"swap":0.00,"commission":0.00,"deal_time_broker":"2026-10-07 10:16:35","deal_time_broker_msc":1791368195000,"halted_at_receipt":false,"quarantined_at_receipt":false}
29,11,1791368229851,ea_event,,{"type":"fill_log","seq":2,"ea_time_ms":97233250,"magic":22260201,"deal_ticket":800000003,"order_ticket":1990106683,"position_id":900000003,"entry_type":"IN","deal_type":"SELL","side":"S","layer_index":8,"role":"EXT","deal_price":1.12158,"order_price_open":null,"slippage_pips":null,"volume":0.00,"profit":0.00,"swap":0.00,"commission":0.00,"deal_time_broker":"2026-10-07 10:17:09","deal_time_broker_msc":1791368229000,"halted_at_receipt":false,"quarantined_at_receipt":false}
29,14,1791368659056,ea_event,,{"type":"fill_log","seq":3,"ea_time_ms":97233265,"magic":22260201,"deal_ticket":800000004,"order_ticket":9010,"position_id":900000004,"entry_type":"IN","deal_type":"SELL","side":"S","layer_index":0,"role":"ENT","deal_price":1.12160,"order_price_open":null,"slippage_pips":null,"volume":0.00,"profit":0.00,"swap":0.00,"commission":0.00,"deal_time_broker":"2026-10-07 10:24:19","deal_time_broker_msc":1791368659000,"halted_at_receipt":false,"quarantined_at_receipt":false}
29,15,1791369245992,ea_event,ROLL_DEFERRED,{"type":"ea_event","seq":4,"ea_time_ms":97233281,"magic":null,"level":"INFO","code":"ROLL_DEFERRED","reason":"L","ticket":null,"detail":{"side":"L","depth":8,"opposite_depth":1,"gate":0,"level":1.12108,"market":1.12107}}
29,15,1791369620626,ea_event,,{"type":"fill_log","seq":5,"ea_time_ms":97233296,"magic":22260201,"deal_ticket":800000005,"order_ticket":9013,"position_id":900000005,"entry_type":"IN","deal_type":"SELL","side":"S","layer_index":0,"role":"EXT","deal_price":1.12049,"order_price_open":null,"slippage_pips":null,"volume":0.00,"profit":0.00,"swap":0.00,"commission":0.00,"deal_time_broker":"2026-10-07 10:40:20","deal_time_broker_msc":1791369620000,"halted_at_receipt":false,"quarantined_at_receipt":false}
29,16,1791369621558,ea_event,ROLL_ACCEPTED,{"type":"ea_event","seq":6,"ea_time_ms":97233296,"magic":null,"level":"INFO","code":"ROLL_ACCEPTED","reason":null,"ticket":1990044152,"detail":{"ticket":1990044152,"side":"L","layer_index":0,"entry":1.12672,"level":1.12108,"target":1.12242,"accrued":0.00024,"clamped":false,"cost":0.00454,"cost_pips":45.4,"rolled":1,"was_ejected":false,"source":"auto","reroll":false,"from_level":0.00000}}
29,20,1791369737074,ea_event,STRAY_L0_CANCEL,{"type":"ea_event","seq":7,"ea_time_ms":97233296,"magic":null,"level":"WARN","code":"STRAY_L0_CANCEL","reason":null,"ticket":9015,"detail":{"side":"S","depth":1}}
29,20,1791370312675,ea_event,ROLL_DEFERRED,{"type":"ea_event","seq":8,"ea_time_ms":97233312,"magic":null,"level":"INFO","code":"ROLL_DEFERRED","reason":"L","ticket":null,"detail":{"side":"L","depth":8,"opposite_depth":1,"gate":0,"level":1.12038,"market":1.12038}}
29,21,1791370392716,ea_event,ROLL_ACCEPTED,{"type":"ea_event","seq":9,"ea_time_ms":97233312,"magic":null,"level":"INFO","code":"ROLL_ACCEPTED","reason":null,"ticket":1990054458,"detail":{"ticket":1990054458,"side":"L","layer_index":1,"entry":1.12601,"level":1.12038,"target":1.12172,"accrued":0.00024,"clamped":false,"cost":0.00453,"cost_pips":45.3,"rolled":2,"was_ejected":false,"source":"auto","reroll":false,"from_level":0.00000}}
29,21,1791370392716,ea_event,ROLL_ACCEPTED,{"type":"ea_event","seq":10,"ea_time_ms":97233328,"magic":null,"level":"INFO","code":"ROLL_ACCEPTED","reason":null,"ticket":1990750020,"detail":{"ticket":1990750020,"side":"L","layer_index":2,"entry":1.12531,"level":1.11968,"target":1.12078,"accrued":0.00000,"clamped":false,"cost":0.00453,"cost_pips":45.3,"rolled":3,"was_ejected":false,"source":"auto","reroll":false,"from_level":0.00000}}
29,26,1791370457325,ea_event,ROLL_ACCEPTED,{"type":"ea_event","seq":11,"ea_time_ms":97233328,"magic":null,"level":"INFO","code":"ROLL_ACCEPTED","reason":null,"ticket":1991426922,"detail":{"ticket":1991426922,"side":"L","layer_index":3,"entry":1.12460,"level":1.11898,"target":1.12008,"accrued":0.00000,"clamped":false,"cost":0.00452,"cost_pips":45.2,"rolled":4,"was_ejected":false,"source":"auto","reroll":false,"from_level":0.00000}}
29,27,1791370466391,ea_event,STRAY_L0_CANCEL,{"type":"ea_event","seq":12,"ea_time_ms":97233328,"magic":null,"level":"WARN","code":"STRAY_L0_CANCEL","reason":null,"ticket":9020,"detail":{"side":"S","depth":1}}
29,27,1791370599336,ea_event,ROLL_DEFERRED,{"type":"ea_event","seq":13,"ea_time_ms":97233328,"magic":null,"level":"INFO","code":"ROLL_DEFERRED","reason":"L","ticket":null,"detail":{"side":"L","depth":8,"opposite_depth":1,"gate":0,"level":1.11828,"market":1.11820}}
29,27,1791371841794,ea_event,,{"type":"fill_log","seq":14,"ea_time_ms":97233375,"magic":22260201,"deal_ticket":800000006,"order_ticket":9022,"position_id":900000006,"entry_type":"IN","deal_type":"SELL","side":"S","layer_index":0,"role":"EXT","deal_price":1.11808,"order_price_open":null,"slippage_pips":null,"volume":0.00,"profit":0.00,"swap":0.00,"commission":0.00,"deal_time_broker":"2026-10-07 11:17:21","deal_time_broker_msc":1791371841000,"halted_at_receipt":false,"quarantined_at_receipt":false}
29,28,1791371841922,ea_event,ROLL_ACCEPTED,{"type":"ea_event","seq":15,"ea_time_ms":97233375,"magic":null,"level":"INFO","code":"ROLL_ACCEPTED","reason":null,"ticket":1991588541,"detail":{"ticket":1991588541,"side":"L","layer_index":4,"entry":1.12391,"level":1.11828,"target":1.11938,"accrued":0.00000,"clamped":false,"cost":0.00453,"cost_pips":45.3,"rolled":5,"was_ejected":false,"source":"auto","reroll":false,"from_level":0.00000}}
29,31,1791371860663,ea_event,,{"type":"fill_log","seq":16,"ea_time_ms":97233375,"magic":22260201,"deal_ticket":800000007,"order_ticket":9025,"position_id":900000007,"entry_type":"IN","deal_type":"SELL","side":"S","layer_index":0,"role":"ENT","deal_price":1.11826,"order_price_open":null,"slippage_pips":null,"volume":0.00,"profit":0.00,"swap":0.00,"commission":0.00,"deal_time_broker":"2026-10-07 11:17:40","deal_time_broker_msc":1791371860000,"halted_at_receipt":false,"quarantined_at_receipt":false}
29,37,1791374149358,ea_event,,{"type":"fill_log","seq":17,"ea_time_ms":97233453,"magic":22260201,"deal_ticket":800000008,"order_ticket":9031,"position_id":900000008,"entry_type":"IN","deal_type":"BUY","side":"L","layer_index":3,"role":"EXT","deal_price":1.12009,"order_price_open":null,"slippage_pips":null,"volume":0.00,"profit":0.00,"swap":0.00,"commission":0.00,"deal_time_broker":"2026-10-07 11:55:49","deal_time_broker_msc":1791374149000,"halted_at_receipt":false,"quarantined_at_receipt":false}
29,45,1791383253309,ea_event,,{"type":"fill_log","seq":18,"ea_time_ms":97233718,"magic":22260201,"deal_ticket":800000009,"order_ticket":9038,"position_id":900000009,"entry_type":"IN","deal_type":"SELL","side":"S","layer_index":2,"role":"EXT","deal_price":1.11852,"order_price_open":null,"slippage_pips":null,"volume":0.00,"profit":0.00,"swap":0.00,"commission":0.00,"deal_time_broker":"2026-10-07 14:27:33","deal_time_broker_msc":1791383253000,"halted_at_receipt":false,"quarantined_at_receipt":false}
29,49,1791384019517,ea_event,,{"type":"fill_log","seq":19,"ea_time_ms":97233750,"magic":22260201,"deal_ticket":800000010,"order_ticket":9042,"position_id":900000010,"entry_type":"IN","deal_type":"SELL","side":"S","layer_index":1,"role":"EXT","deal_price":1.11783,"order_price_open":null,"slippage_pips":null,"volume":0.00,"profit":0.00,"swap":0.00,"commission":0.00,"deal_time_broker":"2026-10-07 14:40:19","deal_time_broker_msc":1791384019000,"halted_at_receipt":false,"quarantined_at_receipt":false}
29,52,1791384259042,ea_event,ROLL_DEFERRED,{"type":"ea_event","seq":20,"ea_time_ms":97233765,"magic":null,"level":"INFO","code":"ROLL_DEFERRED","reason":"L","ticket":null,"detail":{"side":"L","depth":8,"opposite_depth":1,"gate":0,"level":1.11758,"market":1.11758}}
29,52,1791386385306,ea_event,,{"type":"fill_log","seq":21,"ea_time_ms":97233812,"magic":22260201,"deal_ticket":800000011,"order_ticket":9028,"position_id":900000011,"entry_type":"IN","deal_type":"SELL","side":"S","layer_index":0,"role":"EXT","deal_price":1.11716,"order_price_open":null,"slippage_pips":null,"volume":0.00,"profit":0.00,"swap":0.00,"commission":0.00,"deal_time_broker":"2026-10-07 15:19:45","deal_time_broker_msc":1791386385000,"halted_at_receipt":false,"quarantined_at_receipt":false}
29,54,1791386385852,ea_event,ROLL_ACCEPTED,{"type":"ea_event","seq":22,"ea_time_ms":97233812,"magic":null,"level":"INFO","code":"ROLL_ACCEPTED","reason":null,"ticket":1991683429,"detail":{"ticket":1991683429,"side":"L","layer_index":5,"entry":1.12319,"level":1.11758,"target":1.11868,"accrued":0.00000,"clamped":false,"cost":0.00451,"cost_pips":45.1,"rolled":4,"was_ejected":false,"source":"auto","reroll":false,"from_level":0.00000}}
29,57,1791386596694,ea_event,ROLL_ACCEPTED,{"type":"ea_event","seq":23,"ea_time_ms":97233828,"magic":null,"level":"INFO","code":"ROLL_ACCEPTED","reason":null,"ticket":1991922773,"detail":{"ticket":1991922773,"side":"L","layer_index":6,"entry":1.12250,"level":1.11688,"target":1.11798,"accrued":0.00000,"clamped":false,"cost":0.00452,"cost_pips":45.2,"rolled":5,"was_ejected":false,"source":"auto","reroll":false,"from_level":0.00000}}
29,58,1791386711447,ea_event,STRAY_L0_CANCEL,{"type":"ea_event","seq":24,"ea_time_ms":97233828,"magic":null,"level":"WARN","code":"STRAY_L0_CANCEL","reason":null,"ticket":9047,"detail":{"side":"S","depth":1}}
29,67,1791393247315,ea_event,,{"type":"fill_log","seq":25,"ea_time_ms":97234093,"magic":22260201,"deal_ticket":800000012,"order_ticket":9058,"position_id":900000012,"entry_type":"IN","deal_type":"SELL","side":"S","layer_index":3,"role":"EXT","deal_price":1.11773,"order_price_open":null,"slippage_pips":null,"volume":0.00,"profit":0.00,"swap":0.00,"commission":0.00,"deal_time_broker":"2026-10-07 17:14:07","deal_time_broker_msc":1791393247000,"halted_at_receipt":false,"quarantined_at_receipt":false}
29,71,1791395854579,ea_event,,{"type":"fill_log","seq":26,"ea_time_ms":97234234,"magic":22260201,"deal_ticket":800000013,"order_ticket":9057,"position_id":900000013,"entry_type":"IN","deal_type":"BUY","side":"L","layer_index":9,"role":"EXT","deal_price":1.11944,"order_price_open":null,"slippage_pips":null,"volume":0.00,"profit":0.00,"swap":0.00,"commission":0.00,"deal_time_broker":"2026-10-07 17:57:34","deal_time_broker_msc":1791395854000,"halted_at_receipt":false,"quarantined_at_receipt":false}
29,75,1791396824287,ea_event,,{"type":"fill_log","seq":27,"ea_time_ms":97234281,"magic":22260201,"deal_ticket":800000014,"order_ticket":9064,"position_id":900000014,"entry_type":"IN","deal_type":"BUY","side":"L","layer_index":8,"role":"EXT","deal_price":1.12013,"order_price_open":null,"slippage_pips":null,"volume":0.00,"profit":0.00,"swap":0.00,"commission":0.00,"deal_time_broker":"2026-10-07 18:13:44","deal_time_broker_msc":1791396824000,"halted_at_receipt":false,"quarantined_at_receipt":false}
29,83,1791398971110,ea_event,,{"type":"fill_log","seq":28,"ea_time_ms":97234359,"magic":22260201,"deal_ticket":800000015,"order_ticket":9072,"position_id":900000015,"entry_type":"IN","deal_type":"SELL","side":"S","layer_index":4,"role":"EXT","deal_price":1.11840,"order_price_open":null,"slippage_pips":null,"volume":0.00,"profit":0.00,"swap":0.00,"commission":0.00,"deal_time_broker":"2026-10-07 18:49:31","deal_time_broker_msc":1791398971000,"halted_at_receipt":false,"quarantined_at_receipt":false}
29,86,1791398996638,ea_event,,{"type":"fill_log","seq":29,"ea_time_ms":97234359,"magic":22260201,"deal_ticket":800000016,"order_ticket":9075,"position_id":900000016,"entry_type":"IN","deal_type":"BUY","side":"L","layer_index":9,"role":"ENT","deal_price":1.11829,"order_price_open":null,"slippage_pips":null,"volume":0.00,"profit":0.00,"swap":0.00,"commission":0.00,"deal_time_broker":"2026-10-07 18:49:56","deal_time_broker_msc":1791398996000,"halted_at_receipt":false,"quarantined_at_receipt":false}
29,90,1791400644989,ea_event,,{"type":"fill_log","seq":30,"ea_time_ms":97234421,"magic":22260201,"deal_ticket":800000017,"order_ticket":9077,"position_id":900000017,"entry_type":"IN","deal_type":"SELL","side":"S","layer_index":4,"role":"ENT","deal_price":1.11956,"order_price_open":null,"slippage_pips":null,"volume":0.00,"profit":0.00,"swap":0.00,"commission":0.00,"deal_time_broker":"2026-10-07 19:17:24","deal_time_broker_msc":1791400644000,"halted_at_receipt":false,"quarantined_at_receipt":false}
29,91,1791406805308,ea_event,,{"type":"fill_log","seq":31,"ea_time_ms":97234593,"magic":22260201,"deal_ticket":800000018,"order_ticket":9081,"position_id":900000018,"entry_type":"IN","deal_type":"BUY","side":"L","layer_index":8,"role":"EXT","deal_price":1.12011,"order_price_open":null,"slippage_pips":null,"volume":0.00,"profit":0.00,"swap":0.00,"commission":0.00,"deal_time_broker":"2026-10-07 21:00:05","deal_time_broker_msc":1791406805000,"halted_at_receipt":false,"quarantined_at_receipt":false}
29,95,1791417036000,ea_event,CARRY_SNAPSHOT,{"type":"ea_event","seq":32,"ea_time_ms":97234796,"magic":null,"level":"INFO","code":"CARRY_SNAPSHOT","reason":"EURUSD","ticket":null,"detail":{"symbol":"EURUSD","swap_mode":1,"swap_long":-7.9900,"swap_short":1.3100,"multiplier":3,"day_of_week":3,"rollover3days":3,"digits":5,"point":0.00001000,"tick_value":1.00000000,"tick_size":0.00001000,"stops_level":0,"freeze_level":0,"long_pips":-2.397,"short_pips":0.393,"eligible_long":4,"eligible_short":6,"trade_mode_full":true,"mult_today":3,"mult_tomorrow":1,"accrued_swap_long":0.00,"accrued_swap_short":0.00}}
29,95,1791417096000,ea_event,CARRY_EXIT_SHIFT,{"type":"ea_event","seq":33,"ea_time_ms":97234796,"magic":null,"level":"INFO","code":"CARRY_EXIT_SHIFT","reason":"EURUSD","ticket":null,"detail":{"position_ticket":1990750020,"side":"long","layer_index":2,"accrued_ledger_pips":0.000,"pending_pips":-0.799,"accrued_pips_total":-0.799,"old_price":1.12078,"new_price":1.12086,"clamped":false,"sign_guard_skipped":false,"retcode":10009,"points_native_pips":-0.799}}
29,95,1791417096000,ea_event,CARRY_EXIT_SHIFT,{"type":"ea_event","seq":34,"ea_time_ms":97234796,"magic":null,"level":"INFO","code":"CARRY_EXIT_SHIFT","reason":"EURUSD","ticket":null,"detail":{"position_ticket":1992093820,"side":"long","layer_index":7,"accrued_ledger_pips":0.000,"pending_pips":-0.799,"accrued_pips_total":-0.799,"old_price":1.12288,"new_price":1.12296,"clamped":false,"sign_guard_skipped":false,"retcode":10009,"points_native_pips":-0.799}}
29,95,1791417156000,ea_event,CARRY_EXIT_SHIFT,{"type":"ea_event","seq":35,"ea_time_ms":97234796,"magic":null,"level":"INFO","code":"CARRY_EXIT_SHIFT","reason":"EURUSD","ticket":null,"detail":{"position_ticket":1992997557,"side":"short","layer_index":0,"accrued_ledger_pips":0.000,"pending_pips":0.131,"accrued_pips_total":0.131,"old_price":1.11566,"new_price":1.11567,"clamped":false,"sign_guard_skipped":false,"retcode":10009,"points_native_pips":0.131}}
29,95,1791417276000,ea_event,CARRY_EXIT_SHIFT,{"type":"ea_event","seq":36,"ea_time_ms":97234796,"magic":null,"level":"INFO","code":"CARRY_EXIT_SHIFT","reason":"EURUSD","ticket":null,"detail":{"position_ticket":1993968976,"side":"short","layer_index":5,"accrued_ledger_pips":0.000,"pending_pips":0.131,"accrued_pips_total":0.131,"old_price":1.11916,"new_price":1.11917,"clamped":false,"sign_guard_skipped":false,"retcode":10009,"points_native_pips":0.131}}
29,95,1791417276000,ea_event,CARRY_PASS_SUMMARY,{"type":"ea_event","seq":37,"ea_time_ms":97234796,"magic":null,"level":"INFO","code":"CARRY_PASS_SUMMARY","reason":"EURUSD","ticket":null,"detail":{"eligible":10,"shifted":4,"clamped":0,"skipped":0,"failed":0,"incomplete":false}}
29,106,1791451442947,ea_event,,{"type":"fill_log","seq":38,"ea_time_ms":97235296,"magic":22260201,"deal_ticket":800000019,"order_ticket":9098,"position_id":900000019,"entry_type":"IN","deal_type":"SELL","side":"S","layer_index":5,"role":"ENT","deal_price":1.12029,"order_price_open":null,"slippage_pips":null,"volume":0.00,"profit":0.00,"swap":0.00,"commission":0.00,"deal_time_broker":"2026-10-08 09:24:02","deal_time_broker_msc":1791451442000,"halted_at_receipt":false,"quarantined_at_receipt":false}
29,107,1791453585868,ea_event,,{"type":"fill_log","seq":39,"ea_time_ms":97235359,"magic":22260201,"deal_ticket":800000020,"order_ticket":9101,"position_id":900000020,"entry_type":"IN","deal_type":"SELL","side":"S","layer_index":5,"role":"EXT","deal_price":1.11917,"order_price_open":null,"slippage_pips":null,"volume":0.00,"profit":0.00,"swap":0.00,"commission":0.00,"deal_time_broker":"2026-10-08 09:59:45","deal_time_broker_msc":1791453585000,"halted_at_receipt":false,"quarantined_at_receipt":false}
29,110,1791453623255,ea_event,,{"type":"fill_log","seq":40,"ea_time_ms":97235359,"magic":22260201,"deal_ticket":800000021,"order_ticket":9096,"position_id":900000021,"entry_type":"IN","deal_type":"BUY","side":"L","layer_index":9,"role":"ENT","deal_price":1.11891,"order_price_open":null,"slippage_pips":null,"volume":0.00,"profit":0.00,"swap":0.00,"commission":0.00,"deal_time_broker":"2026-10-08 10:00:23","deal_time_broker_msc":1791453623000,"halted_at_receipt":false,"quarantined_at_receipt":false}
29,111,1791453723568,ea_event,,{"type":"fill_log","seq":41,"ea_time_ms":97235375,"magic":22260201,"deal_ticket":800000022,"order_ticket":9102,"position_id":900000022,"entry_type":"IN","deal_type":"SELL","side":"S","layer_index":4,"role":"EXT","deal_price":1.11844,"order_price_open":null,"slippage_pips":null,"volume":0.00,"profit":0.00,"swap":0.00,"commission":0.00,"deal_time_broker":"2026-10-08 10:02:03","deal_time_broker_msc":1791453723000,"halted_at_receipt":false,"quarantined_at_receipt":false}
29,122,1791459263658,ea_event,,{"type":"fill_log","seq":42,"ea_time_ms":97235562,"magic":22260201,"deal_ticket":800000023,"order_ticket":9116,"position_id":900000023,"entry_type":"IN","deal_type":"BUY","side":"L","layer_index":9,"role":"ENT","deal_price":1.11892,"order_price_open":null,"slippage_pips":null,"volume":0.00,"profit":0.00,"swap":0.00,"commission":0.00,"deal_time_broker":"2026-10-08 11:34:23","deal_time_broker_msc":1791459263000,"halted_at_receipt":false,"quarantined_at_receipt":false}
29,134,1791472623068,ea_event,,{"type":"fill_log","seq":43,"ea_time_ms":97235968,"magic":22260201,"deal_ticket":800000024,"order_ticket":9125,"position_id":900000024,"entry_type":"IN","deal_type":"SELL","side":"S","layer_index":3,"role":"ENT","deal_price":1.11888,"order_price_open":null,"slippage_pips":null,"volume":0.00,"profit":0.00,"swap":0.00,"commission":0.00,"deal_time_broker":"2026-10-08 15:17:03","deal_time_broker_msc":1791472623000,"halted_at_receipt":false,"quarantined_at_receipt":false}
29,135,1791473106242,ea_event,,{"type":"fill_log","seq":44,"ea_time_ms":97236000,"magic":22260201,"deal_ticket":800000025,"order_ticket":9128,"position_id":900000025,"entry_type":"IN","deal_type":"BUY","side":"L","layer_index":10,"role":"EXT","deal_price":1.11935,"order_price_open":null,"slippage_pips":null,"volume":0.00,"profit":0.00,"swap":0.00,"commission":0.00,"deal_time_broker":"2026-10-08 15:25:06","deal_time_broker_msc":1791473106000,"halted_at_receipt":false,"quarantined_at_receipt":false}
29,146,1791477123435,ea_event,,{"type":"fill_log","seq":45,"ea_time_ms":97236171,"magic":22260201,"deal_ticket":800000026,"order_ticket":9138,"position_id":900000026,"entry_type":"IN","deal_type":"SELL","side":"S","layer_index":4,"role":"ENT","deal_price":1.11958,"order_price_open":null,"slippage_pips":null,"volume":0.00,"profit":0.00,"swap":0.00,"commission":0.00,"deal_time_broker":"2026-10-08 16:32:03","deal_time_broker_msc":1791477123000,"halted_at_receipt":false,"quarantined_at_receipt":false}
29,154,1791480318655,ea_event,,{"type":"fill_log","seq":46,"ea_time_ms":97236296,"magic":22260201,"deal_ticket":800000027,"order_ticket":9149,"position_id":900000027,"entry_type":"IN","deal_type":"SELL","side":"S","layer_index":6,"role":"ENT","deal_price":1.12102,"order_price_open":null,"slippage_pips":null,"volume":0.00,"profit":0.00,"swap":0.00,"commission":0.00,"deal_time_broker":"2026-10-08 17:25:18","deal_time_broker_msc":1791480318000,"halted_at_receipt":false,"quarantined_at_receipt":false}
29,155,1791480542254,ea_event,,{"type":"fill_log","seq":47,"ea_time_ms":97236312,"magic":22260201,"deal_ticket":800000028,"order_ticket":9150,"position_id":900000028,"entry_type":"IN","deal_type":"BUY","side":"L","layer_index":1,"role":"EXT","deal_price":1.12165,"order_price_open":null,"slippage_pips":null,"volume":0.00,"profit":0.00,"swap":0.00,"commission":0.00,"deal_time_broker":"2026-10-08 17:29:02","deal_time_broker_msc":1791480542000,"halted_at_receipt":false,"quarantined_at_receipt":false}
29,159,1791480867678,ea_event,,{"type":"fill_log","seq":48,"ea_time_ms":97236328,"magic":22260201,"deal_ticket":800000029,"order_ticket":9155,"position_id":900000029,"entry_type":"IN","deal_type":"BUY","side":"L","layer_index":0,"role":"EXT","deal_price":1.12237,"order_price_open":null,"slippage_pips":null,"volume":0.00,"profit":0.00,"swap":0.00,"commission":0.00,"deal_time_broker":"2026-10-08 17:34:27","deal_time_broker_msc":1791480867000,"halted_at_receipt":false,"quarantined_at_receipt":false}
29,162,1791480871436,ea_event,ROLL_DEFERRED,{"type":"ea_event","seq":49,"ea_time_ms":97236328,"magic":null,"level":"INFO","code":"ROLL_DEFERRED","reason":"S","ticket":null,"detail":{"side":"S","depth":8,"opposite_depth":1,"gate":0,"level":1.12240,"market":1.12243}}
29,163,1791482565564,ea_event,,{"type":"fill_log","seq":50,"ea_time_ms":97236390,"magic":22260201,"deal_ticket":800000030,"order_ticket":9156,"position_id":900000030,"entry_type":"IN","deal_type":"SELL","side":"S","layer_index":7,"role":"EXT","deal_price":1.12057,"order_price_open":null,"slippage_pips":null,"volume":0.00,"profit":0.00,"swap":0.00,"commission":0.00,"deal_time_broker":"2026-10-08 18:02:45","deal_time_broker_msc":1791482565000,"halted_at_receipt":false,"quarantined_at_receipt":false}
29,166,1791483302391,ea_event,,{"type":"fill_log","seq":51,"ea_time_ms":97236421,"magic":22260201,"deal_ticket":800000031,"order_ticket":9158,"position_id":900000031,"entry_type":"IN","deal_type":"BUY","side":"L","layer_index":9,"role":"ENT","deal_price":1.12035,"order_price_open":null,"slippage_pips":null,"volume":0.00,"profit":0.00,"swap":0.00,"commission":0.00,"deal_time_broker":"2026-10-08 18:15:02","deal_time_broker_msc":1791483302000,"halted_at_receipt":false,"quarantined_at_receipt":false}
29,167,1791483548359,ea_event,,{"type":"fill_log","seq":52,"ea_time_ms":97236421,"magic":22260201,"deal_ticket":800000032,"order_ticket":9159,"position_id":900000032,"entry_type":"IN","deal_type":"SELL","side":"S","layer_index":6,"role":"EXT","deal_price":1.11990,"order_price_open":null,"slippage_pips":null,"volume":0.00,"profit":0.00,"swap":0.00,"commission":0.00,"deal_time_broker":"2026-10-08 18:19:08","deal_time_broker_msc":1791483548000,"halted_at_receipt":false,"quarantined_at_receipt":false}
29,171,1791485328705,ea_event,,{"type":"fill_log","seq":53,"ea_time_ms":97236500,"magic":22260201,"deal_ticket":800000033,"order_ticket":9164,"position_id":900000033,"entry_type":"IN","deal_type":"SELL","side":"S","layer_index":5,"role":"EXT","deal_price":1.11905,"order_price_open":null,"slippage_pips":null,"volume":0.00,"profit":0.00,"swap":0.00,"commission":0.00,"deal_time_broker":"2026-10-08 18:48:48","deal_time_broker_msc":1791485328000,"halted_at_receipt":false,"quarantined_at_receipt":false}
29,178,1791487037237,ea_event,,{"type":"fill_log","seq":54,"ea_time_ms":97236562,"magic":22260201,"deal_ticket":800000034,"order_ticket":9173,"position_id":900000034,"entry_type":"IN","deal_type":"SELL","side":"S","layer_index":4,"role":"ENT","deal_price":1.11969,"order_price_open":null,"slippage_pips":null,"volume":0.00,"profit":0.00,"swap":0.00,"commission":0.00,"deal_time_broker":"2026-10-08 19:17:17","deal_time_broker_msc":1791487037000,"halted_at_receipt":false,"quarantined_at_receipt":false}
29,179,1791487052112,ea_event,,{"type":"fill_log","seq":55,"ea_time_ms":97236562,"magic":22260201,"deal_ticket":800000035,"order_ticket":9170,"position_id":900000035,"entry_type":"IN","deal_type":"BUY","side":"L","layer_index":11,"role":"EXT","deal_price":1.12006,"order_price_open":null,"slippage_pips":null,"volume":0.00,"profit":0.00,"swap":0.00,"commission":0.00,"deal_time_broker":"2026-10-08 19:17:32","deal_time_broker_msc":1791487052000,"halted_at_receipt":false,"quarantined_at_receipt":false}
29,179,1791487052544,ea_event,,{"type":"fill_log","seq":56,"ea_time_ms":97236562,"magic":22260201,"deal_ticket":800000036,"order_ticket":700000036,"position_id":1996842297,"entry_type":"OUT_BY","deal_type":"SELL","side":null,"layer_index":null,"role":null,"deal_price":1.12006,"order_price_open":null,"slippage_pips":null,"volume":0.00,"profit":1.09,"swap":0.00,"commission":0.00,"deal_time_broker":"2026-10-08 19:17:32","deal_time_broker_msc":1791487052000,"halted_at_receipt":false,"quarantined_at_receipt":false}
29,179,1791487052544,ea_event,,{"type":"fill_log","seq":57,"ea_time_ms":97236562,"magic":22260201,"deal_ticket":800000037,"order_ticket":700000036,"position_id":900000035,"entry_type":"OUT_BY","deal_type":"SELL","side":null,"layer_index":null,"role":null,"deal_price":1.11897,"order_price_open":null,"slippage_pips":null,"volume":0.00,"profit":0.00,"swap":0.00,"commission":0.00,"deal_time_broker":"2026-10-08 19:17:32","deal_time_broker_msc":1791487052000,"halted_at_receipt":false,"quarantined_at_receipt":false}
29,179,1791487052544,scalp,SCALP_CLOSED,{"close_time":"2026-10-08T19:17:32Z","instrument":"EURUSD","direction":"LONG","entry_price":1.11897,"exit_price":1.12006,"layer_depth":11,"stack_depth":5,"gross_pnl":1.09,"instance_id":"GRIND_EURUSD_OPTD","ejected":false,"rolled":false,"broker_utc_offset_s":10800,"account_login":53077984}
29,179,1791487055121,ea_event,,{"type":"fill_log","seq":58,"ea_time_ms":97236562,"magic":22260201,"deal_ticket":800000038,"order_ticket":9175,"position_id":900000036,"entry_type":"IN","deal_type":"SELL","side":"S","layer_index":5,"role":"ENT","deal_price":1.12020,"order_price_open":null,"slippage_pips":null,"volume":0.00,"profit":0.00,"swap":0.00,"commission":0.00,"deal_time_broker":"2026-10-08 19:17:35","deal_time_broker_msc":1791487055000,"halted_at_receipt":false,"quarantined_at_receipt":false}
29,187,1791489728519,ea_event,,{"type":"fill_log","seq":59,"ea_time_ms":97236687,"magic":22260201,"deal_ticket":800000039,"order_ticket":9187,"position_id":900000037,"entry_type":"IN","deal_type":"BUY","side":"L","layer_index":11,"role":"EXT","deal_price":1.12006,"order_price_open":null,"slippage_pips":null,"volume":0.00,"profit":0.00,"swap":0.00,"commission":0.00,"deal_time_broker":"2026-10-08 20:02:08","deal_time_broker_msc":1791489728000,"halted_at_receipt":false,"quarantined_at_receipt":false}
29,190,1791489783975,ea_event,,{"type":"fill_log","seq":60,"ea_time_ms":97236703,"magic":22260201,"deal_ticket":800000040,"order_ticket":9186,"position_id":900000038,"entry_type":"IN","deal_type":"SELL","side":"S","layer_index":5,"role":"ENT","deal_price":1.12020,"order_price_open":null,"slippage_pips":null,"volume":0.00,"profit":0.00,"swap":0.00,"commission":0.00,"deal_time_broker":"2026-10-08 20:03:03","deal_time_broker_msc":1791489783000,"halted_at_receipt":false,"quarantined_at_receipt":false}
29,194,1791490556637,ea_event,,{"type":"fill_log","seq":61,"ea_time_ms":97236750,"magic":22260201,"deal_ticket":800000041,"order_ticket":9192,"position_id":900000039,"entry_type":"IN","deal_type":"SELL","side":"S","layer_index":6,"role":"ENT","deal_price":1.12090,"order_price_open":null,"slippage_pips":null,"volume":0.00,"profit":0.00,"swap":0.00,"commission":0.00,"deal_time_broker":"2026-10-08 20:15:56","deal_time_broker_msc":1791490556000,"halted_at_receipt":false,"quarantined_at_receipt":false}
29,198,1791490684233,ea_event,,{"type":"fill_log","seq":62,"ea_time_ms":97236750,"magic":22260201,"deal_ticket":800000042,"order_ticket":9197,"position_id":900000040,"entry_type":"IN","deal_type":"SELL","side":"S","layer_index":7,"role":"ENT","deal_price":1.12163,"order_price_open":null,"slippage_pips":null,"volume":0.00,"profit":0.00,"swap":0.00,"commission":0.00,"deal_time_broker":"2026-10-08 20:18:04","deal_time_broker_msc":1791490684000,"halted_at_receipt":false,"quarantined_at_receipt":false}
29,203,1791500561191,ea_event,,{"type":"fill_log","seq":63,"ea_time_ms":97236984,"magic":22260201,"deal_ticket":800000043,"order_ticket":9205,"position_id":900000041,"entry_type":"IN","deal_type":"BUY","side":"L","layer_index":9,"role":"EXT","deal_price":1.12150,"order_price_open":null,"slippage_pips":null,"volume":0.00,"profit":0.00,"swap":0.00,"commission":0.00,"deal_time_broker":"2026-10-08 23:02:41","deal_time_broker_msc":1791500561000,"halted_at_receipt":false,"quarantined_at_receipt":false}
29,207,1791503436000,ea_event,CARRY_SNAPSHOT,{"type":"ea_event","seq":64,"ea_time_ms":97237015,"magic":null,"level":"INFO","code":"CARRY_SNAPSHOT","reason":"EURUSD","ticket":null,"detail":{"symbol":"EURUSD","swap_mode":1,"swap_long":-7.9900,"swap_short":1.3100,"multiplier":1,"day_of_week":4,"rollover3days":3,"digits":5,"point":0.00001000,"tick_value":1.00000000,"tick_size":0.00001000,"stops_level":0,"freeze_level":0,"long_pips":-0.799,"short_pips":0.131,"eligible_long":2,"eligible_short":8,"trade_mode_full":true,"mult_today":1,"mult_tomorrow":1,"accrued_swap_long":0.00,"accrued_swap_short":0.04}}
29,207,1791503436000,ea_event,CARRY_EXIT_SHIFT,{"type":"ea_event","seq":65,"ea_time_ms":97237015,"magic":null,"level":"INFO","code":"CARRY_EXIT_SHIFT","reason":"EURUSD","ticket":null,"detail":{"position_ticket":1992093820,"side":"long","layer_index":7,"accrued_ledger_pips":-2.400,"pending_pips":-0.799,"accrued_pips_total":-3.199,"old_price":1.12296,"new_price":1.12320,"clamped":false,"sign_guard_skipped":false,"retcode":10009,"points_native_pips":-0.799}}
29,207,1791503436000,ea_event,CARRY_EXIT_SHIFT,{"type":"ea_event","seq":66,"ea_time_ms":97237015,"magic":null,"level":"INFO","code":"CARRY_EXIT_SHIFT","reason":"EURUSD","ticket":null,"detail":{"position_ticket":1996620161,"side":"long","layer_index":8,"accrued_ledger_pips":0.000,"pending_pips":-0.799,"accrued_pips_total":-0.799,"old_price":1.12218,"new_price":1.12226,"clamped":false,"sign_guard_skipped":false,"retcode":10009,"points_native_pips":-0.799}}
29,207,1791503496000,ea_event,CARRY_EXIT_SHIFT,{"type":"ea_event","seq":67,"ea_time_ms":97237015,"magic":null,"level":"INFO","code":"CARRY_EXIT_SHIFT","reason":"EURUSD","ticket":null,"detail":{"position_ticket":1992997557,"side":"short","layer_index":0,"accrued_ledger_pips":0.400,"pending_pips":0.131,"accrued_pips_total":0.531,"old_price":1.11567,"new_price":1.11571,"clamped":false,"sign_guard_skipped":false,"retcode":10009,"points_native_pips":0.131}}
29,207,1791503676000,ea_event,CARRY_EXIT_SHIFT,{"type":"ea_event","seq":68,"ea_time_ms":97237015,"magic":null,"level":"INFO","code":"CARRY_EXIT_SHIFT","reason":"EURUSD","ticket":null,"detail":{"position_ticket":1997288095,"side":"short","layer_index":7,"accrued_ledger_pips":0.000,"pending_pips":0.131,"accrued_pips_total":0.131,"old_price":1.12050,"new_price":1.12051,"clamped":false,"sign_guard_skipped":false,"retcode":10009,"points_native_pips":0.131}}
29,207,1791503676000,ea_event,CARRY_PASS_SUMMARY,{"type":"ea_event","seq":69,"ea_time_ms":97237015,"magic":null,"level":"INFO","code":"CARRY_PASS_SUMMARY","reason":"EURUSD","ticket":null,"detail":{"eligible":10,"shifted":4,"clamped":0,"skipped":0,"failed":0,"incomplete":false}}
