seg_id,sync_idx,time_ms,stage,action,ticket,type,side,layer,role,price,old_price
10,-1,1790838868001,SEED,PLACE,1975959124,SELL_LIMIT,L,0,EXT,1.13778,0.00000
10,-1,1790838868001,SEED,PLACE,1977728137,SELL_LIMIT,L,6,EXT,1.13349,0.00000
10,-1,1790838868001,SEED,PLACE,1977728168,BUY_LIMIT,L,7,ENT,1.13179,0.00000
10,-1,1790838868001,SEED,PLACE,1977312356,BUY_LIMIT,S,0,EXT,1.13207,0.00000
10,-1,1790838868001,SEED,PLACE,1977312359,SELL_LIMIT,S,1,ENT,1.13376,0.00000
10,-1,1790839277472,DEAL,FILL,1977312356,BUY_LIMIT,S,0,EXT,1.13207,0.00000
10,0,1790839279433,ENGINE,PLACE,9000,SELL_LIMIT,S,0,ENT,1.13275,0.00000
10,0,1790839279716,ENGINE,REMOVE,1977312359,SELL_LIMIT,S,1,ENT,1.13376,0.00000
10,2,1790841684314,DEAL,PLACE,9001,SELL_LIMIT,L,7,EXT,1.13274,0.00000
10,2,1790841684597,DEAL,REMOVE,1977728137,SELL_LIMIT,L,6,EXT,1.13349,0.00000
10,2,1790841684635,DEAL,FILL,1977728168,BUY_LIMIT,L,7,ENT,1.13179,0.00000
10,3,1790841685265,SYNC,REMOVE,9001,SELL_LIMIT,L,7,EXT,1.13274,0.00000
10,3,1790841685265,ENGINE,PLACE,9002,SELL_LIMIT,L,7,EXT,1.13274,0.00000
10,3,1790847623591,ENGINE,MODIFY,9000,SELL_LIMIT,S,0,ENT,1.13205,1.13275
10,3,1790847652134,LATTICE,MODIFY,1975959124,SELL_LIMIT,L,0,EXT,1.13212,1.13778
10,3,1790847652418,LATTICE,PLACE,9003,SELL_LIMIT,L,1,EXT,1.13708,0.00000
10,3,1790847652701,LATTICE,REMOVE,9002,SELL_LIMIT,L,7,EXT,1.13274,0.00000
11,-1,1790847969001,SEED,PLACE,1975959124,SELL_LIMIT,L,0,EXT,1.13212,0.00000
11,-1,1790847969001,SEED,PLACE,1978335558,SELL_LIMIT,L,1,EXT,1.13708,0.00000
11,-1,1790847969001,SEED,PLACE,1978014571,SELL_LIMIT,S,0,ENT,1.13206,0.00000
11,-1,1790850220964,ENGINE,MODIFY,1978014571,SELL_LIMIT,S,0,ENT,1.13136,1.13206
11,0,1790850226385,LATTICE,MODIFY,1978335558,SELL_LIMIT,L,1,EXT,1.13152,1.13708
11,0,1790850226669,LATTICE,PLACE,9000,SELL_LIMIT,L,2,EXT,1.13638,0.00000
11,0,1790850226952,LATTICE,REMOVE,1975959124,SELL_LIMIT,L,0,EXT,1.13212,0.00000
11,0,1790850678396,ENGINE,MODIFY,1978014571,SELL_LIMIT,S,0,ENT,1.13064,1.13136
11,0,1790850771323,DEAL,PLACE,9001,BUY_LIMIT,S,0,EXT,1.12964,0.00000
11,0,1790850771606,DEAL,PLACE,9002,SELL_LIMIT,S,1,ENT,1.13124,0.00000
11,0,1790850771889,DEAL,FILL,1978014571,SELL_LIMIT,S,0,ENT,1.13064,0.00000
11,1,1790850771470,SYNC,REMOVE,9001,BUY_LIMIT,S,0,EXT,1.12964,0.00000
11,1,1790850771889,ENGINE,PLACE,9003,BUY_LIMIT,S,0,EXT,1.12964,0.00000
11,2,1790852585540,LATTICE,MODIFY,9000,SELL_LIMIT,L,2,EXT,1.13092,1.13638
11,2,1790852585824,LATTICE,PLACE,9004,SELL_LIMIT,L,3,EXT,1.13568,0.00000
11,2,1790852586107,LATTICE,REMOVE,1978335558,SELL_LIMIT,L,1,EXT,1.13152,0.00000
11,2,1790853131464,DEAL,FILL,9003,BUY_LIMIT,S,0,EXT,1.12964,0.00000
11,3,1790853132212,ENGINE,PLACE,9005,SELL_LIMIT,S,0,ENT,1.13034,0.00000
11,3,1790853132495,ENGINE,REMOVE,9002,SELL_LIMIT,S,1,ENT,1.13124,0.00000
11,6,1790853145897,LATTICE,MODIFY,9004,SELL_LIMIT,L,3,EXT,1.13032,1.13568
11,6,1790853146181,LATTICE,PLACE,9006,SELL_LIMIT,L,4,EXT,1.13497,0.00000
11,6,1790853146464,LATTICE,REMOVE,9000,SELL_LIMIT,L,2,EXT,1.13092,0.00000
11,7,1790853977915,ENGINE,PLACE,9007,BUY_LIMIT,S,0,EXT,1.12925,0.00000
11,7,1790853978198,ENGINE,PLACE,9008,SELL_LIMIT,S,1,ENT,1.13085,0.00000
11,7,1790853978481,ENGINE,REMOVE,9005,SELL_LIMIT,S,0,ENT,1.13034,0.00000
11,7,1790853983809,DEAL,FILL,9004,SELL_LIMIT,L,3,EXT,1.13032,0.00000
11,8,1790853983954,ENGINE,PLACE,9009,SELL_LIMIT,L,2,EXT,1.13092,0.00000
11,8,1790853984237,ENGINE,PLACE,9010,BUY_LIMIT,L,8,ENT,1.12924,0.00000
11,10,1790854742119,DEAL,FILL,9007,BUY_LIMIT,S,0,EXT,1.12925,0.00000
11,10,1790854742119,DEAL,PLACE,9011,SELL_LIMIT,L,8,EXT,1.13022,0.00000
11,10,1790854742402,DEAL,REMOVE,9009,SELL_LIMIT,L,2,EXT,1.13092,0.00000
11,10,1790854742440,DEAL,FILL,9010,BUY_LIMIT,L,8,ENT,1.12924,0.00000
11,12,1790854742265,SYNC,REMOVE,9011,SELL_LIMIT,L,8,EXT,1.13022,0.00000
11,12,1790854742440,ENGINE,PLACE,9012,SELL_LIMIT,L,8,EXT,1.13022,0.00000
11,12,1790854742723,ENGINE,PLACE,9013,SELL_LIMIT,S,0,ENT,1.12993,0.00000
11,12,1790854743006,ENGINE,REMOVE,9008,SELL_LIMIT,S,1,ENT,1.13085,0.00000
11,15,1790857054765,ENGINE,PLACE,9014,BUY_LIMIT,S,0,EXT,1.12892,0.00000
11,15,1790857055048,ENGINE,PLACE,9015,SELL_LIMIT,S,1,ENT,1.13052,0.00000
11,15,1790857055331,ENGINE,REMOVE,9013,SELL_LIMIT,S,0,ENT,1.12993,0.00000
11,15,1790858429861,DEAL,FILL,9014,BUY_LIMIT,S,0,EXT,1.12892,0.00000
11,16,1790858431422,ENGINE,PLACE,9016,SELL_LIMIT,S,0,ENT,1.12962,0.00000
11,16,1790858431705,ENGINE,REMOVE,9015,SELL_LIMIT,S,1,ENT,1.13052,0.00000
11,19,1790859011261,LATTICE,MODIFY,9006,SELL_LIMIT,L,4,EXT,1.12970,1.13497
11,19,1790859011545,LATTICE,PLACE,9017,SELL_LIMIT,L,5,EXT,1.13427,0.00000
11,19,1790859011828,LATTICE,REMOVE,9012,SELL_LIMIT,L,8,EXT,1.13022,0.00000
11,19,1790859260985,ENGINE,MODIFY,9016,SELL_LIMIT,S,0,ENT,1.12891,1.12962
11,20,1790859311636,LATTICE,MODIFY,9017,SELL_LIMIT,L,5,EXT,1.12910,1.13427
11,20,1790859311920,LATTICE,PLACE,9018,SELL_LIMIT,L,6,EXT,1.13349,0.00000
11,20,1790859312203,LATTICE,REMOVE,9006,SELL_LIMIT,L,4,EXT,1.12970,0.00000
11,20,1790859450886,ENGINE,MODIFY,9016,SELL_LIMIT,S,0,ENT,1.12819,1.12891
11,21,1790859565921,LATTICE,MODIFY,9018,SELL_LIMIT,L,6,EXT,1.12842,1.13349
11,21,1790859566205,LATTICE,PLACE,9019,SELL_LIMIT,L,7,EXT,1.13274,0.00000
11,21,1790859566488,LATTICE,REMOVE,9017,SELL_LIMIT,L,5,EXT,1.12910,0.00000
11,22,1790859610146,LATTICE,MODIFY,9019,SELL_LIMIT,L,7,EXT,1.12782,1.13274
11,22,1790859610430,LATTICE,PLACE,9020,SELL_LIMIT,L,0,EXT,1.13212,0.00000
11,22,1790859610713,LATTICE,REMOVE,9018,SELL_LIMIT,L,6,EXT,1.12842,0.00000
11,22,1790859610948,ENGINE,MODIFY,9016,SELL_LIMIT,S,0,ENT,1.12748,1.12819
11,22,1790860094253,DEAL,PLACE,9021,BUY_LIMIT,S,0,EXT,1.12649,0.00000
11,22,1790860094536,DEAL,PLACE,9022,SELL_LIMIT,S,1,ENT,1.12809,0.00000
11,22,1790860094819,DEAL,FILL,9016,SELL_LIMIT,S,0,ENT,1.12748,0.00000
11,23,1790860094597,SYNC,REMOVE,9021,BUY_LIMIT,S,0,EXT,1.12649,0.00000
11,23,1790860094819,ENGINE,PLACE,9023,BUY_LIMIT,S,0,EXT,1.12649,0.00000
11,23,1790860504414,DEAL,FILL,9019,SELL_LIMIT,L,7,EXT,1.12782,0.00000
11,24,1790860504563,ENGINE,PLACE,9024,SELL_LIMIT,L,6,EXT,1.12842,0.00000
11,24,1790860504846,ENGINE,PLACE,9025,BUY_LIMIT,L,9,ENT,1.12682,0.00000
11,26,1790860721129,DEAL,PLACE,9026,BUY_LIMIT,S,1,EXT,1.12709,0.00000
11,26,1790860721412,DEAL,PLACE,9027,SELL_LIMIT,S,2,ENT,1.12869,0.00000
11,26,1790860721695,DEAL,FILL,9022,SELL_LIMIT,S,1,ENT,1.12809,0.00000
11,27,1790860721281,SYNC,REMOVE,9026,BUY_LIMIT,S,1,EXT,1.12709,0.00000
11,27,1790860721695,ENGINE,PLACE,9028,BUY_LIMIT,S,1,EXT,1.12709,0.00000
11,27,1790861069026,DEAL,FILL,9024,SELL_LIMIT,L,6,EXT,1.12842,0.00000
11,28,1790861069778,ENGINE,MODIFY,9025,BUY_LIMIT,L,9,ENT,1.12742,1.12682
11,28,1790861070062,ENGINE,PLACE,9029,SELL_LIMIT,L,5,EXT,1.12910,0.00000
11,30,1790861235565,DEAL,PLACE,9030,BUY_LIMIT,S,2,EXT,1.12770,0.00000
11,30,1790861235848,DEAL,PLACE,9031,SELL_LIMIT,S,3,ENT,1.12930,0.00000
11,30,1790861236131,DEAL,FILL,9027,SELL_LIMIT,S,2,ENT,1.12869,0.00000
11,30,1790861236131,DEAL,REMOVE,9028,BUY_LIMIT,S,1,EXT,1.12709,0.00000
11,31,1790861236705,SYNC,REMOVE,9030,BUY_LIMIT,S,2,EXT,1.12770,0.00000
11,31,1790861236705,ENGINE,PLACE,9032,BUY_LIMIT,S,2,EXT,1.12770,0.00000
11,31,1790861462342,DEAL,FILL,9029,SELL_LIMIT,L,5,EXT,1.12910,0.00000
11,32,1790861463517,ENGINE,MODIFY,9025,BUY_LIMIT,L,9,ENT,1.12802,1.12742
11,32,1790861463801,ENGINE,PLACE,9033,SELL_LIMIT,L,4,EXT,1.12970,0.00000
11,34,1790861696762,DEAL,PLACE,9034,BUY_LIMIT,S,3,EXT,1.12830,0.00000
11,34,1790861697045,DEAL,PLACE,9035,SELL_LIMIT,S,4,ENT,1.12990,0.00000
11,34,1790861697328,DEAL,FILL,9031,SELL_LIMIT,S,3,ENT,1.12930,0.00000
11,34,1790861697328,DEAL,REMOVE,9032,BUY_LIMIT,S,2,EXT,1.12770,0.00000
11,35,1790861696915,SYNC,REMOVE,9034,BUY_LIMIT,S,3,EXT,1.12830,0.00000
11,35,1790861697366,ENGINE,PLACE,9036,BUY_LIMIT,S,3,EXT,1.12830,0.00000
11,35,1790862848738,DEAL,FILL,9033,SELL_LIMIT,L,4,EXT,1.12970,0.00000
11,36,1790862848891,ENGINE,MODIFY,9025,BUY_LIMIT,L,9,ENT,1.12862,1.12802
11,36,1790862849175,ENGINE,PLACE,9037,SELL_LIMIT,L,8,EXT,1.13022,0.00000
11,38,1790864161672,DEAL,PLACE,9038,SELL_LIMIT,L,9,EXT,1.12962,0.00000
11,38,1790864161955,DEAL,PLACE,9039,BUY_LIMIT,L,10,ENT,1.12802,0.00000
11,38,1790864162238,DEAL,FILL,9025,BUY_LIMIT,L,9,ENT,1.12862,0.00000
11,38,1790864162238,DEAL,REMOVE,9037,SELL_LIMIT,L,8,EXT,1.13022,0.00000
11,39,1790864162014,SYNC,REMOVE,9038,SELL_LIMIT,L,9,EXT,1.12962,0.00000
11,39,1790864162276,ENGINE,PLACE,9040,SELL_LIMIT,L,9,EXT,1.12962,0.00000
11,39,1790864643335,DEAL,FILL,9036,BUY_LIMIT,S,3,EXT,1.12830,0.00000
11,40,1790864643484,ENGINE,PLACE,9041,BUY_LIMIT,S,2,EXT,1.12770,0.00000
11,40,1790864643767,ENGINE,REMOVE,9035,SELL_LIMIT,S,4,ENT,1.12990,0.00000
11,42,1790864644895,ENGINE,PLACE,9042,SELL_LIMIT,S,3,ENT,1.12930,0.00000
11,42,1790865577648,DEAL,PLACE,9043,BUY_LIMIT,S,3,EXT,1.12832,0.00000
11,42,1790865577931,DEAL,PLACE,9044,SELL_LIMIT,S,4,ENT,1.12992,0.00000
11,42,1790865578214,DEAL,REMOVE,9041,BUY_LIMIT,S,2,EXT,1.12770,0.00000
11,42,1790865578252,DEAL,FILL,9042,SELL_LIMIT,S,3,ENT,1.12930,0.00000
11,43,1790865578384,SYNC,REMOVE,9043,BUY_LIMIT,S,3,EXT,1.12832,0.00000
11,43,1790865578384,ENGINE,PLACE,9045,BUY_LIMIT,S,3,EXT,1.12832,0.00000
11,43,1790865760040,DEAL,FILL,9040,SELL_LIMIT,L,9,EXT,1.12962,0.00000
11,44,1790865760188,ENGINE,PLACE,9046,SELL_LIMIT,L,8,EXT,1.13022,0.00000
11,44,1790865760471,ENGINE,REMOVE,9039,BUY_LIMIT,L,10,ENT,1.12802,0.00000
11,46,1790865761392,ENGINE,PLACE,9047,BUY_LIMIT,L,9,ENT,1.12862,0.00000
11,46,1790865914302,DEAL,PLACE,9048,BUY_LIMIT,S,4,EXT,1.12892,0.00000
11,46,1790865914585,DEAL,PLACE,9049,SELL_LIMIT,S,5,ENT,1.13052,0.00000
11,46,1790865914868,DEAL,FILL,9044,SELL_LIMIT,S,4,ENT,1.12992,0.00000
11,46,1790865914868,DEAL,REMOVE,9045,BUY_LIMIT,S,3,EXT,1.12832,0.00000
11,47,1790865914648,SYNC,REMOVE,9048,BUY_LIMIT,S,4,EXT,1.12892,0.00000
11,47,1790865914906,ENGINE,PLACE,9050,BUY_LIMIT,S,4,EXT,1.12892,0.00000
11,47,1790866087801,DEAL,FILL,9046,SELL_LIMIT,L,8,EXT,1.13022,0.00000
11,48,1790866087952,ENGINE,PLACE,9051,SELL_LIMIT,L,2,EXT,1.13092,0.00000
11,48,1790866088235,ENGINE,REMOVE,9047,BUY_LIMIT,L,9,ENT,1.12862,0.00000
11,50,1790866088349,ENGINE,PLACE,9052,BUY_LIMIT,L,3,ENT,1.12924,0.00000
11,50,1790866348653,DEAL,PLACE,9053,BUY_LIMIT,S,5,EXT,1.12953,0.00000
11,50,1790866348936,DEAL,PLACE,9054,SELL_LIMIT,S,6,ENT,1.13113,0.00000
11,50,1790866349219,DEAL,FILL,9049,SELL_LIMIT,S,5,ENT,1.13052,0.00000
11,50,1790866349219,DEAL,REMOVE,9050,BUY_LIMIT,S,4,EXT,1.12892,0.00000
11,51,1790866348796,SYNC,REMOVE,9053,BUY_LIMIT,S,5,EXT,1.12953,0.00000
11,51,1790866349257,ENGINE,PLACE,9055,BUY_LIMIT,S,5,EXT,1.12953,0.00000
11,51,1790866503790,DEAL,FILL,9051,SELL_LIMIT,L,2,EXT,1.13092,0.00000
11,52,1790866503935,ENGINE,PLACE,9056,SELL_LIMIT,L,1,EXT,1.13152,0.00000
11,52,1790866504218,ENGINE,REMOVE,9052,BUY_LIMIT,L,3,ENT,1.12924,0.00000
11,54,1790866504539,ENGINE,PLACE,9057,BUY_LIMIT,L,2,ENT,1.12984,0.00000
11,54,1790866621284,DEAL,PLACE,9058,BUY_LIMIT,S,6,EXT,1.13014,0.00000
11,54,1790866621567,DEAL,PLACE,9059,SELL_LIMIT,S,7,ENT,1.13174,0.00000
11,54,1790866621850,DEAL,FILL,9054,SELL_LIMIT,S,6,ENT,1.13113,0.00000
11,54,1790866621850,DEAL,REMOVE,9055,BUY_LIMIT,S,5,EXT,1.12953,0.00000
11,55,1790866622230,SYNC,REMOVE,9058,BUY_LIMIT,S,6,EXT,1.13014,0.00000
11,55,1790866622230,ENGINE,PLACE,9060,BUY_LIMIT,S,6,EXT,1.13014,0.00000
11,55,1790867255252,DEAL,FILL,9060,BUY_LIMIT,S,6,EXT,1.13014,0.00000
11,56,1790867255398,ENGINE,PLACE,9061,BUY_LIMIT,S,5,EXT,1.12953,0.00000
11,56,1790867255681,ENGINE,REMOVE,9059,SELL_LIMIT,S,7,ENT,1.13174,0.00000
11,56,1790867255804,ENGINE,PLACE,9062,SELL_LIMIT,S,6,ENT,1.13113,0.00000
11,58,1790867401243,DEAL,PLACE,9063,SELL_LIMIT,L,2,EXT,1.13084,0.00000
11,58,1790867401526,DEAL,PLACE,9064,BUY_LIMIT,L,3,ENT,1.12924,0.00000
11,58,1790867401809,DEAL,REMOVE,9056,SELL_LIMIT,L,1,EXT,1.13152,0.00000
11,58,1790867401847,DEAL,FILL,9057,BUY_LIMIT,L,2,ENT,1.12984,0.00000
11,59,1790867401587,SYNC,REMOVE,9063,SELL_LIMIT,L,2,EXT,1.13084,0.00000
11,59,1790867401847,ENGINE,PLACE,9065,SELL_LIMIT,L,2,EXT,1.13084,0.00000
11,59,1790868172714,DEAL,FILL,9061,BUY_LIMIT,S,5,EXT,1.12953,0.00000
11,60,1790868173261,ENGINE,PLACE,9066,BUY_LIMIT,S,4,EXT,1.12892,0.00000
11,60,1790868173544,ENGINE,REMOVE,9062,SELL_LIMIT,S,6,ENT,1.13113,0.00000
11,62,1790868174063,ENGINE,PLACE,9067,SELL_LIMIT,S,5,ENT,1.13052,0.00000
11,62,1790868364690,DEAL,PLACE,9068,SELL_LIMIT,L,3,EXT,1.13022,0.00000
11,62,1790868364973,DEAL,PLACE,9069,BUY_LIMIT,L,4,ENT,1.12862,0.00000
11,62,1790868365256,DEAL,FILL,9064,BUY_LIMIT,L,3,ENT,1.12924,0.00000
11,62,1790868365256,DEAL,REMOVE,9065,SELL_LIMIT,L,2,EXT,1.13084,0.00000
11,63,1790868364838,SYNC,REMOVE,9068,SELL_LIMIT,L,3,EXT,1.13022,0.00000
11,63,1790868365294,ENGINE,PLACE,9070,SELL_LIMIT,L,3,EXT,1.13022,0.00000
11,63,1790869493033,DEAL,FILL,9066,BUY_LIMIT,S,4,EXT,1.12892,0.00000
11,64,1790869493576,ENGINE,PLACE,9071,BUY_LIMIT,S,3,EXT,1.12832,0.00000
11,64,1790869493859,ENGINE,REMOVE,9067,SELL_LIMIT,S,5,ENT,1.13052,0.00000
11,66,1790869494384,ENGINE,PLACE,9072,SELL_LIMIT,S,4,ENT,1.12992,0.00000
11,66,1790869746549,DEAL,PLACE,9073,SELL_LIMIT,L,4,EXT,1.12962,0.00000
11,66,1790869746832,DEAL,PLACE,9074,BUY_LIMIT,L,5,ENT,1.12802,0.00000
11,66,1790869747115,DEAL,FILL,9069,BUY_LIMIT,L,4,ENT,1.12862,0.00000
11,66,1790869747115,DEAL,REMOVE,9070,SELL_LIMIT,L,3,EXT,1.13022,0.00000
11,67,1790869749512,SYNC,REMOVE,9073,SELL_LIMIT,L,4,EXT,1.12962,0.00000
11,67,1790869749512,ENGINE,PLACE,9075,SELL_LIMIT,L,4,EXT,1.12962,0.00000
11,67,1790871427361,DEAL,FILL,9071,BUY_LIMIT,S,3,EXT,1.12832,0.00000
11,68,1790871428115,ENGINE,PLACE,9076,BUY_LIMIT,S,2,EXT,1.12770,0.00000
11,68,1790871428398,ENGINE,REMOVE,9072,SELL_LIMIT,S,4,ENT,1.12992,0.00000
11,70,1790871428722,ENGINE,PLACE,9077,SELL_LIMIT,S,3,ENT,1.12930,0.00000
11,70,1790873328691,DEAL,PLACE,9078,BUY_LIMIT,S,3,EXT,1.12831,0.00000
11,70,1790873328974,DEAL,PLACE,9079,SELL_LIMIT,S,4,ENT,1.12991,0.00000
11,70,1790873329257,DEAL,REMOVE,9076,BUY_LIMIT,S,2,EXT,1.12770,0.00000
11,70,1790873329295,DEAL,FILL,9077,SELL_LIMIT,S,3,ENT,1.12930,0.00000
11,71,1790873330246,SYNC,REMOVE,9078,BUY_LIMIT,S,3,EXT,1.12831,0.00000
11,71,1790873330246,ENGINE,PLACE,9080,BUY_LIMIT,S,3,EXT,1.12831,0.00000
11,71,1790873703270,DEAL,FILL,9075,SELL_LIMIT,L,4,EXT,1.12962,0.00000
11,72,1790873703824,ENGINE,PLACE,9081,SELL_LIMIT,L,3,EXT,1.13022,0.00000
11,72,1790873704107,ENGINE,REMOVE,9074,BUY_LIMIT,L,5,ENT,1.12802,0.00000
11,74,1790873704223,ENGINE,PLACE,9082,BUY_LIMIT,L,4,ENT,1.12862,0.00000
11,74,1790874311517,DEAL,PLACE,9083,SELL_LIMIT,L,4,EXT,1.12963,0.00000
11,74,1790874311800,DEAL,PLACE,9084,BUY_LIMIT,L,5,ENT,1.12803,0.00000
11,74,1790874312083,DEAL,REMOVE,9081,SELL_LIMIT,L,3,EXT,1.13022,0.00000
11,74,1790874312121,DEAL,FILL,9082,BUY_LIMIT,L,4,ENT,1.12862,0.00000
11,75,1790874311663,SYNC,REMOVE,9083,SELL_LIMIT,L,4,EXT,1.12963,0.00000
11,75,1790874312121,ENGINE,PLACE,9085,SELL_LIMIT,L,4,EXT,1.12963,0.00000
11,75,1790875847176,DEAL,FILL,9080,BUY_LIMIT,S,3,EXT,1.12831,0.00000
11,76,1790875847321,ENGINE,PLACE,9086,BUY_LIMIT,S,2,EXT,1.12770,0.00000
11,76,1790875847604,ENGINE,REMOVE,9079,SELL_LIMIT,S,4,ENT,1.12991,0.00000
11,78,1790875847720,ENGINE,PLACE,9087,SELL_LIMIT,S,3,ENT,1.12930,0.00000
11,78,1790876512252,DEAL,PLACE,9088,SELL_LIMIT,L,5,EXT,1.12903,0.00000
11,78,1790876512535,DEAL,PLACE,9089,BUY_LIMIT,L,6,ENT,1.12743,0.00000
11,78,1790876512818,DEAL,FILL,9084,BUY_LIMIT,L,5,ENT,1.12803,0.00000
11,78,1790876512818,DEAL,REMOVE,9085,SELL_LIMIT,L,4,EXT,1.12963,0.00000
11,79,1790876512397,SYNC,REMOVE,9088,SELL_LIMIT,L,5,EXT,1.12903,0.00000
11,79,1790876512856,ENGINE,PLACE,9090,SELL_LIMIT,L,5,EXT,1.12903,0.00000
11,79,1790876595460,DEAL,FILL,9086,BUY_LIMIT,S,2,EXT,1.12770,0.00000
11,80,1790876595607,ENGINE,PLACE,9091,BUY_LIMIT,S,1,EXT,1.12709,0.00000
11,80,1790876595890,ENGINE,REMOVE,9087,SELL_LIMIT,S,3,ENT,1.12930,0.00000
11,82,1790876596213,ENGINE,PLACE,9092,SELL_LIMIT,S,2,ENT,1.12869,0.00000
11,82,1790876625621,DEAL,PLACE,9093,SELL_LIMIT,L,6,EXT,1.12843,0.00000
11,82,1790876625904,DEAL,PLACE,9094,BUY_LIMIT,L,7,ENT,1.12683,0.00000
11,82,1790876626187,DEAL,FILL,9089,BUY_LIMIT,L,6,ENT,1.12743,0.00000
11,82,1790876626187,DEAL,REMOVE,9090,SELL_LIMIT,L,5,EXT,1.12903,0.00000
11,83,1790876625768,SYNC,REMOVE,9093,SELL_LIMIT,L,6,EXT,1.12843,0.00000
11,83,1790876626225,ENGINE,PLACE,9095,SELL_LIMIT,L,6,EXT,1.12843,0.00000
11,83,1790876786386,DEAL,FILL,9091,BUY_LIMIT,S,1,EXT,1.12709,0.00000
11,84,1790876786729,ENGINE,REMOVE,9092,SELL_LIMIT,S,2,ENT,1.12869,0.00000
11,84,1790876786932,ENGINE,PLACE,9096,SELL_LIMIT,S,1,ENT,1.12809,0.00000
11,86,1790876806095,DEAL,PLACE,9097,SELL_LIMIT,L,7,EXT,1.12783,0.00000
11,86,1790876806378,DEAL,FILL,9094,BUY_LIMIT,L,7,ENT,1.12683,0.00000
11,86,1790876806378,DEAL,REMOVE,9095,SELL_LIMIT,L,6,EXT,1.12843,0.00000
11,87,1790876806240,SYNC,REMOVE,9097,SELL_LIMIT,L,7,EXT,1.12783,0.00000
11,87,1790876806416,ENGINE,PLACE,9098,SELL_LIMIT,L,7,EXT,1.12783,0.00000
11,87,1790877042273,DEAL,FILL,9023,BUY_LIMIT,S,0,EXT,1.12649,0.00000
11,88,1790877042824,ENGINE,PLACE,9099,SELL_LIMIT,S,0,ENT,1.12716,0.00000
11,88,1790877043107,ENGINE,REMOVE,9096,SELL_LIMIT,S,1,ENT,1.12809,0.00000
11,91,1790877132806,LATTICE,PLACE,9100,SELL_LIMIT,L,2,EXT,1.12723,0.00000
11,91,1790877133089,LATTICE,REMOVE,9098,SELL_LIMIT,L,7,EXT,1.12783,0.00000
11,91,1790877928111,ENGINE,MODIFY,9099,SELL_LIMIT,S,0,ENT,1.12644,1.12716
11,92,1790877934543,LATTICE,PLACE,9101,SELL_LIMIT,L,3,EXT,1.12663,0.00000
11,92,1790877934826,LATTICE,REMOVE,9100,SELL_LIMIT,L,2,EXT,1.12723,0.00000
11,93,1790879405342,LATTICE,PLACE,9102,SELL_LIMIT,L,4,EXT,1.12603,0.00000
11,93,1790879405625,LATTICE,REMOVE,9101,SELL_LIMIT,L,3,EXT,1.12663,0.00000
11,93,1790879405663,ENGINE,MODIFY,9099,SELL_LIMIT,S,0,ENT,1.12569,1.12644
11,94,1790879436257,LATTICE,PLACE,9103,SELL_LIMIT,L,5,EXT,1.12543,0.00000
11,94,1790879436540,LATTICE,REMOVE,9102,SELL_LIMIT,L,4,EXT,1.12603,0.00000
11,94,1790879436578,ENGINE,MODIFY,9099,SELL_LIMIT,S,0,ENT,1.12462,1.12569
11,95,1790879492719,LATTICE,PLACE,9104,SELL_LIMIT,L,6,EXT,1.12483,0.00000
11,95,1790879493002,LATTICE,REMOVE,9103,SELL_LIMIT,L,5,EXT,1.12543,0.00000
11,96,1790879661027,LATTICE,PLACE,9105,SELL_LIMIT,L,7,EXT,1.12423,0.00000
11,96,1790879661310,LATTICE,REMOVE,9104,SELL_LIMIT,L,6,EXT,1.12483,0.00000
11,96,1790879661348,ENGINE,MODIFY,9099,SELL_LIMIT,S,0,ENT,1.12391,1.12462
11,96,1790879816087,DEAL,PLACE,9106,BUY_LIMIT,S,0,EXT,1.12293,0.00000
11,96,1790879816370,DEAL,FILL,9099,SELL_LIMIT,S,0,ENT,1.12391,0.00000
11,97,1790879816238,SYNC,REMOVE,9106,BUY_LIMIT,S,0,EXT,1.12293,0.00000
11,97,1790879816370,ENGINE,PLACE,9107,BUY_LIMIT,S,0,EXT,1.12293,0.00000
11,97,1790879856293,DEAL,FILL,9105,SELL_LIMIT,L,7,EXT,1.12423,0.00000
11,98,1790879856437,ENGINE,PLACE,9108,SELL_LIMIT,L,6,EXT,1.12483,0.00000
11,100,1790880685423,DEAL,FILL,9107,BUY_LIMIT,S,0,EXT,1.12293,0.00000
11,103,1790898609001,TIMER,MODIFY,9020,SELL_LIMIT,L,0,EXT,1.13237,1.13212
11,103,1790898789001,TIMER,MODIFY,9108,SELL_LIMIT,L,6,EXT,1.12491,1.12483
12,-1,1790900610001,SEED,PLACE,1978943308,SELL_LIMIT,L,0,EXT,1.13237,0.00000
12,-1,1790900610001,SEED,PLACE,1980106131,SELL_LIMIT,L,6,EXT,1.12491,0.00000
12,-1,1790900612173,ENGINE,PLACE,9000,SELL_LIMIT,S,0,ENT,1.12536,0.00000
12,-1,1790900622040,ENGINE,PLACE,9001,BUY_LIMIT,L,7,ENT,1.12323,0.00000
12,-1,1790902256543,ENGINE,MODIFY,9000,SELL_LIMIT,S,0,ENT,1.12459,1.12536
12,-1,1790909138790,DEAL,PLACE,9002,BUY_LIMIT,S,0,EXT,1.12358,0.00000
12,-1,1790909139073,DEAL,PLACE,9003,SELL_LIMIT,S,1,ENT,1.12518,0.00000
12,-1,1790909139356,DEAL,FILL,9000,SELL_LIMIT,S,0,ENT,1.12459,0.00000
12,0,1790909139131,SYNC,REMOVE,9002,BUY_LIMIT,S,0,EXT,1.12358,0.00000
12,0,1790909139356,ENGINE,PLACE,9004,BUY_LIMIT,S,0,EXT,1.12358,0.00000
12,0,1790910024410,DEAL,FILL,1980106131,SELL_LIMIT,L,6,EXT,1.12491,0.00000
12,1,1790910024565,ENGINE,PLACE,9005,SELL_LIMIT,L,5,EXT,1.12551,0.00000
12,1,1790910024848,ENGINE,REMOVE,9001,BUY_LIMIT,L,7,ENT,1.12323,0.00000
12,3,1790910024955,ENGINE,PLACE,9006,BUY_LIMIT,L,6,ENT,1.12383,0.00000
12,3,1790911803693,DEAL,PLACE,9007,SELL_LIMIT,L,6,EXT,1.12484,0.00000
12,3,1790911803976,DEAL,PLACE,9008,BUY_LIMIT,L,7,ENT,1.12324,0.00000
12,3,1790911804259,DEAL,REMOVE,9005,SELL_LIMIT,L,5,EXT,1.12551,0.00000
12,3,1790911804297,DEAL,FILL,9006,BUY_LIMIT,L,6,ENT,1.12383,0.00000
12,4,1790911804038,SYNC,REMOVE,9007,SELL_LIMIT,L,6,EXT,1.12484,0.00000
12,4,1790911804297,ENGINE,PLACE,9009,SELL_LIMIT,L,6,EXT,1.12484,0.00000
12,4,1790912323368,DEAL,FILL,9004,BUY_LIMIT,S,0,EXT,1.12358,0.00000
12,5,1790912323913,ENGINE,PLACE,9010,SELL_LIMIT,S,0,ENT,1.12429,0.00000
12,5,1790912324196,ENGINE,REMOVE,9003,SELL_LIMIT,S,1,ENT,1.12518,0.00000
12,7,1790915683581,DEAL,PLACE,9011,SELL_LIMIT,L,7,EXT,1.12423,0.00000
12,7,1790915683864,DEAL,FILL,9008,BUY_LIMIT,L,7,ENT,1.12324,0.00000
12,7,1790915683864,DEAL,REMOVE,9009,SELL_LIMIT,L,6,EXT,1.12484,0.00000
12,8,1790915684334,SYNC,REMOVE,9011,SELL_LIMIT,L,7,EXT,1.12423,0.00000
12,8,1790915684334,ENGINE,PLACE,9012,SELL_LIMIT,L,7,EXT,1.12423,0.00000
12,8,1790917641846,DEAL,FILL,9012,SELL_LIMIT,L,7,EXT,1.12423,0.00000
12,9,1790917644394,ENGINE,PLACE,9013,SELL_LIMIT,L,6,EXT,1.12484,0.00000
12,9,1790917644677,ENGINE,PLACE,9014,BUY_LIMIT,L,7,ENT,1.12324,0.00000
12,12,1790919099207,ENGINE,PLACE,9015,BUY_LIMIT,S,0,EXT,1.12326,0.00000
12,12,1790919099490,ENGINE,PLACE,9016,SELL_LIMIT,S,1,ENT,1.12486,0.00000
12,12,1790919099773,ENGINE,REMOVE,9010,SELL_LIMIT,S,0,ENT,1.12429,0.00000
13,-1,1790920824000,SEED,PLACE,1978943308,SELL_LIMIT,L,0,EXT,1.13237,0.00000
13,-1,1790920824000,SEED,PLACE,1981329208,SELL_LIMIT,L,6,EXT,1.12484,0.00000
13,-1,1790920824000,SEED,PLACE,1981329219,BUY_LIMIT,L,7,ENT,1.12324,0.00000
13,-1,1790920824000,SEED,PLACE,1981380736,BUY_LIMIT,S,0,EXT,1.12326,0.00000
13,-1,1790920824000,SEED,PLACE,1981380746,SELL_LIMIT,S,1,ENT,1.12486,0.00000
13,-1,1790921933357,DEAL,FILL,1981329208,SELL_LIMIT,L,6,EXT,1.12484,0.00000
13,0,1790921938522,ENGINE,PLACE,9000,SELL_LIMIT,L,5,EXT,1.12551,0.00000
13,0,1790921938805,ENGINE,REMOVE,1981329219,BUY_LIMIT,L,7,ENT,1.12324,0.00000
13,2,1790921940129,ENGINE,PLACE,9001,BUY_LIMIT,L,6,ENT,1.12383,0.00000
13,2,1790922322322,DEAL,PLACE,9002,BUY_LIMIT,S,1,EXT,1.12389,0.00000
13,2,1790922322605,DEAL,PLACE,9003,SELL_LIMIT,S,2,ENT,1.12549,0.00000
13,2,1790922322888,DEAL,FILL,1981380746,SELL_LIMIT,S,1,ENT,1.12486,0.00000
13,3,1790922322470,SYNC,REMOVE,9002,BUY_LIMIT,S,1,EXT,1.12389,0.00000
13,3,1790922322888,ENGINE,PLACE,9004,BUY_LIMIT,S,1,EXT,1.12389,0.00000
13,3,1790926328326,DEAL,PLACE,9005,BUY_LIMIT,S,2,EXT,1.12450,0.00000
13,3,1790926328609,DEAL,PLACE,9006,SELL_LIMIT,S,3,ENT,1.12610,0.00000
13,3,1790926328892,DEAL,FILL,9003,SELL_LIMIT,S,2,ENT,1.12549,0.00000
13,3,1790926328892,DEAL,REMOVE,9004,BUY_LIMIT,S,1,EXT,1.12389,0.00000
13,4,1790926328670,SYNC,REMOVE,9005,BUY_LIMIT,S,2,EXT,1.12450,0.00000
13,4,1790926328930,ENGINE,PLACE,9007,BUY_LIMIT,S,2,EXT,1.12450,0.00000
13,4,1790926337568,DEAL,FILL,9000,SELL_LIMIT,L,5,EXT,1.12551,0.00000
13,5,1790926338321,ENGINE,PLACE,9008,SELL_LIMIT,L,4,EXT,1.12611,0.00000
13,5,1790926338604,ENGINE,REMOVE,9001,BUY_LIMIT,L,6,ENT,1.12383,0.00000
13,7,1790926340541,ENGINE,PLACE,9009,BUY_LIMIT,L,5,ENT,1.12443,0.00000
13,7,1790934965605,DEAL,PLACE,9010,BUY_LIMIT,S,3,EXT,1.12510,0.00000
13,7,1790934965888,DEAL,PLACE,9011,SELL_LIMIT,S,4,ENT,1.12670,0.00000
13,7,1790934966171,DEAL,FILL,9006,SELL_LIMIT,S,3,ENT,1.12610,0.00000
13,7,1790934966171,DEAL,REMOVE,9007,BUY_LIMIT,S,2,EXT,1.12450,0.00000
13,8,1790934967376,SYNC,REMOVE,9010,BUY_LIMIT,S,3,EXT,1.12510,0.00000
13,8,1790934967376,ENGINE,PLACE,9012,BUY_LIMIT,S,3,EXT,1.12510,0.00000
13,8,1790934969030,DEAL,FILL,9008,SELL_LIMIT,L,4,EXT,1.12611,0.00000
13,9,1790934969183,ENGINE,PLACE,9013,SELL_LIMIT,L,3,EXT,1.12671,0.00000
13,9,1790934969466,ENGINE,REMOVE,9009,BUY_LIMIT,L,5,ENT,1.12443,0.00000
13,11,1790934969981,ENGINE,PLACE,9014,BUY_LIMIT,L,4,ENT,1.12503,0.00000
13,11,1790939277417,DEAL,PLACE,9015,BUY_LIMIT,S,4,EXT,1.12571,0.00000
13,11,1790939277700,DEAL,PLACE,9016,SELL_LIMIT,S,5,ENT,1.12731,0.00000
13,11,1790939277983,DEAL,FILL,9011,SELL_LIMIT,S,4,ENT,1.12670,0.00000
13,11,1790939277983,DEAL,REMOVE,9012,BUY_LIMIT,S,3,EXT,1.12510,0.00000
13,11,1790939278021,DEAL,FILL,9013,SELL_LIMIT,L,3,EXT,1.12671,0.00000
13,13,1790939277578,SYNC,REMOVE,9015,BUY_LIMIT,S,4,EXT,1.12571,0.00000
13,13,1790939278021,ENGINE,PLACE,9017,SELL_LIMIT,L,2,EXT,1.12731,0.00000
13,13,1790939278304,ENGINE,PLACE,9018,BUY_LIMIT,S,4,EXT,1.12571,0.00000
13,13,1790939278587,ENGINE,REMOVE,9014,BUY_LIMIT,L,4,ENT,1.12503,0.00000
13,15,1790939278772,ENGINE,PLACE,9019,BUY_LIMIT,L,3,ENT,1.12563,0.00000
13,15,1790939895773,DEAL,FILL,9018,BUY_LIMIT,S,4,EXT,1.12571,0.00000
13,16,1790939896321,ENGINE,PLACE,9020,BUY_LIMIT,S,3,EXT,1.12510,0.00000
13,16,1790939896604,ENGINE,REMOVE,9016,SELL_LIMIT,S,5,ENT,1.12731,0.00000
13,18,1790939896921,ENGINE,PLACE,9021,SELL_LIMIT,S,4,ENT,1.12670,0.00000
13,18,1790939916662,DEAL,PLACE,9022,SELL_LIMIT,L,3,EXT,1.12663,0.00000
13,18,1790939916945,DEAL,PLACE,9023,BUY_LIMIT,L,4,ENT,1.12503,0.00000
13,18,1790939917228,DEAL,REMOVE,9017,SELL_LIMIT,L,2,EXT,1.12731,0.00000
13,18,1790939917266,DEAL,FILL,9019,BUY_LIMIT,L,3,ENT,1.12563,0.00000
13,19,1790939917410,SYNC,REMOVE,9022,SELL_LIMIT,L,3,EXT,1.12663,0.00000
13,19,1790939917410,ENGINE,PLACE,9024,SELL_LIMIT,L,3,EXT,1.12663,0.00000
13,19,1790941163653,DEAL,FILL,9020,BUY_LIMIT,S,3,EXT,1.12510,0.00000
13,20,1790941163797,ENGINE,PLACE,9025,BUY_LIMIT,S,2,EXT,1.12450,0.00000
13,20,1790941164080,ENGINE,REMOVE,9021,SELL_LIMIT,S,4,ENT,1.12670,0.00000
13,22,1790941164198,ENGINE,PLACE,9026,SELL_LIMIT,S,3,ENT,1.12610,0.00000
13,22,1790941410705,DEAL,PLACE,9027,SELL_LIMIT,L,4,EXT,1.12604,0.00000
13,22,1790941410988,DEAL,PLACE,9028,BUY_LIMIT,L,5,ENT,1.12444,0.00000
13,22,1790941411271,DEAL,FILL,9023,BUY_LIMIT,L,4,ENT,1.12503,0.00000
13,22,1790941411271,DEAL,REMOVE,9024,SELL_LIMIT,L,3,EXT,1.12663,0.00000
13,23,1790941411259,SYNC,REMOVE,9027,SELL_LIMIT,L,4,EXT,1.12604,0.00000
13,23,1790941411309,ENGINE,PLACE,9029,SELL_LIMIT,L,4,EXT,1.12604,0.00000
13,23,1790946640428,DEAL,FILL,9025,BUY_LIMIT,S,2,EXT,1.12450,0.00000
13,24,1790946641788,ENGINE,PLACE,9030,BUY_LIMIT,S,1,EXT,1.12389,0.00000
13,24,1790946642071,ENGINE,REMOVE,9026,SELL_LIMIT,S,3,ENT,1.12610,0.00000
13,26,1790946642391,ENGINE,PLACE,9031,SELL_LIMIT,S,2,ENT,1.12549,0.00000
13,26,1790946662574,DEAL,PLACE,9032,SELL_LIMIT,L,5,EXT,1.12544,0.00000
13,26,1790946662857,DEAL,PLACE,9033,BUY_LIMIT,L,6,ENT,1.12384,0.00000
13,26,1790946663140,DEAL,FILL,9028,BUY_LIMIT,L,5,ENT,1.12444,0.00000
13,26,1790946663140,DEAL,REMOVE,9029,SELL_LIMIT,L,4,EXT,1.12604,0.00000
13,27,1790946663117,SYNC,REMOVE,9032,SELL_LIMIT,L,5,EXT,1.12544,0.00000
13,27,1790946663178,ENGINE,PLACE,9034,SELL_LIMIT,L,5,EXT,1.12544,0.00000
13,27,1790946929188,DEAL,FILL,9030,BUY_LIMIT,S,1,EXT,1.12389,0.00000
13,28,1790946929734,ENGINE,REMOVE,9031,SELL_LIMIT,S,2,ENT,1.12549,0.00000
13,28,1790946929940,ENGINE,PLACE,9035,SELL_LIMIT,S,1,ENT,1.12486,0.00000
13,30,1790946930949,ENGINE,MODIFY,9033,BUY_LIMIT,L,6,ENT,1.12383,1.12384
13,31,1790946933364,ENGINE,PLACE,9036,SELL_LIMIT,L,6,EXT,1.12484,0.00000
13,31,1790946933647,ENGINE,REMOVE,9033,BUY_LIMIT,L,6,ENT,1.12383,0.00000
13,31,1790946933685,ENGINE,REMOVE,9034,SELL_LIMIT,L,5,EXT,1.12544,0.00000
13,31,1790946933755,ENGINE,PLACE,9037,BUY_LIMIT,L,7,ENT,1.12324,0.00000
13,31,1790947243626,DEAL,FILL,1981380736,BUY_LIMIT,S,0,EXT,1.12326,0.00000
13,32,1790947243763,ENGINE,MODIFY,9037,BUY_LIMIT,L,7,ENT,1.12320,1.12324
13,32,1790947244047,ENGINE,PLACE,9038,SELL_LIMIT,S,0,ENT,1.12392,0.00000
13,32,1790947244330,ENGINE,REMOVE,9035,SELL_LIMIT,S,1,ENT,1.12486,0.00000
13,32,1790947244368,DEAL,PLACE,9039,SELL_LIMIT,L,7,EXT,1.12422,0.00000
13,32,1790947244651,DEAL,REMOVE,9036,SELL_LIMIT,L,6,EXT,1.12484,0.00000
13,32,1790947244689,DEAL,FILL,9037,BUY_LIMIT,L,7,ENT,1.12324,0.00000
13,33,1790947243963,SYNC,REMOVE,9039,SELL_LIMIT,L,7,EXT,1.12422,0.00000
13,35,1790947244689,ENGINE,PLACE,9040,SELL_LIMIT,L,7,EXT,1.12422,0.00000
13,36,1790947830232,ENGINE,PLACE,9041,BUY_LIMIT,S,0,EXT,1.12287,0.00000
13,36,1790947830515,ENGINE,PLACE,9042,SELL_LIMIT,S,1,ENT,1.12447,0.00000
13,36,1790947830798,ENGINE,REMOVE,9038,SELL_LIMIT,S,0,ENT,1.12392,0.00000
13,36,1790949812030,DEAL,FILL,9041,BUY_LIMIT,S,0,EXT,1.12287,0.00000
13,37,1790949812577,ENGINE,PLACE,9043,SELL_LIMIT,S,0,ENT,1.12355,0.00000
13,37,1790949812860,ENGINE,REMOVE,9042,SELL_LIMIT,S,1,ENT,1.12447,0.00000
13,39,1790950585962,DEAL,PLACE,9044,BUY_LIMIT,S,0,EXT,1.12257,0.00000
13,39,1790950586245,DEAL,PLACE,9045,SELL_LIMIT,S,1,ENT,1.12417,0.00000
13,39,1790950586528,DEAL,FILL,9043,SELL_LIMIT,S,0,ENT,1.12355,0.00000
13,40,1790950586510,SYNC,REMOVE,9044,BUY_LIMIT,S,0,EXT,1.12257,0.00000
13,40,1790950586528,ENGINE,PLACE,9046,BUY_LIMIT,S,0,EXT,1.12257,0.00000
13,40,1790951759001,DEAL,PLACE,9047,BUY_LIMIT,S,1,EXT,1.12317,0.00000
13,40,1790951759284,DEAL,PLACE,9048,SELL_LIMIT,S,2,ENT,1.12477,0.00000
13,40,1790951759567,DEAL,FILL,9045,SELL_LIMIT,S,1,ENT,1.12417,0.00000
13,41,1790951759955,SYNC,REMOVE,9047,BUY_LIMIT,S,1,EXT,1.12317,0.00000
13,41,1790951759955,ENGINE,PLACE,9049,BUY_LIMIT,S,1,EXT,1.12317,0.00000
13,41,1790952261992,DEAL,FILL,9040,SELL_LIMIT,L,7,EXT,1.12422,0.00000
13,42,1790952262142,ENGINE,PLACE,9050,SELL_LIMIT,L,6,EXT,1.12484,0.00000
13,42,1790952262425,ENGINE,PLACE,9051,BUY_LIMIT,L,7,ENT,1.12324,0.00000
13,44,1790952789833,DEAL,PLACE,9052,SELL_LIMIT,L,7,EXT,1.12422,0.00000
13,44,1790952790116,DEAL,REMOVE,9050,SELL_LIMIT,L,6,EXT,1.12484,0.00000
13,44,1790952790154,DEAL,FILL,9051,BUY_LIMIT,L,7,ENT,1.12324,0.00000
13,45,1790952789969,SYNC,REMOVE,9052,SELL_LIMIT,L,7,EXT,1.12422,0.00000
13,45,1790952790154,ENGINE,PLACE,9053,SELL_LIMIT,L,7,EXT,1.12422,0.00000
13,45,1790952797261,DEAL,FILL,9049,BUY_LIMIT,S,1,EXT,1.12317,0.00000
13,46,1790952797601,ENGINE,REMOVE,9048,SELL_LIMIT,S,2,ENT,1.12477,0.00000
13,46,1790952797803,ENGINE,PLACE,9054,SELL_LIMIT,S,1,ENT,1.12417,0.00000
13,48,1790953563369,LATTICE,PLACE,9055,SELL_LIMIT,L,3,EXT,1.12362,0.00000
13,48,1790953563652,LATTICE,REMOVE,9053,SELL_LIMIT,L,7,EXT,1.12422,0.00000
13,49,1790953608014,DEAL,FILL,9046,BUY_LIMIT,S,0,EXT,1.12257,0.00000
13,50,1790953608149,ENGINE,PLACE,9056,SELL_LIMIT,S,0,ENT,1.12326,0.00000
13,50,1790953608432,ENGINE,REMOVE,9054,SELL_LIMIT,S,1,ENT,1.12417,0.00000
13,52,1790954236546,ENGINE,MODIFY,9056,SELL_LIMIT,S,0,ENT,1.12283,1.12326
13,52,1790954738679,DEAL,PLACE,9057,BUY_LIMIT,S,0,EXT,1.12187,0.00000
13,52,1790954738962,DEAL,PLACE,9058,SELL_LIMIT,S,1,ENT,1.12347,0.00000
13,52,1790954739245,DEAL,FILL,9056,SELL_LIMIT,S,0,ENT,1.12283,0.00000
13,53,1790954739018,SYNC,REMOVE,9057,BUY_LIMIT,S,0,EXT,1.12187,0.00000
13,53,1790954739245,ENGINE,PLACE,9059,BUY_LIMIT,S,0,EXT,1.12187,0.00000
13,53,1790955002061,ENGINE,MODIFY,9058,SELL_LIMIT,S,1,ENT,1.12579,1.12347
13,53,1790955002345,DEAL,FILL,9055,SELL_LIMIT,L,3,EXT,1.12362,0.00000
13,53,1790955002345,DEAL,PLACE,9060,BUY_LIMIT,S,1,EXT,1.12473,0.00000
13,53,1790955002628,DEAL,PLACE,9061,SELL_LIMIT,S,2,ENT,1.12633,0.00000
13,53,1790955002911,DEAL,FILL,9058,SELL_LIMIT,S,1,ENT,1.12347,0.00000
13,53,1790955003755,CB_DONE,PLACE,9062,SELL_LIMIT,L,7,EXT,1.12575,0.00000
13,53,1790955004038,ENGINE,PLACE,9063,BUY_LIMIT,L,8,ENT,1.12262,0.00000
13,53,1790955005726,DEAL,FILL,9062,SELL_LIMIT,L,7,EXT,1.12575,0.00000
13,53,1790955006961,CB_DONE,PLACE,9064,SELL_LIMIT,L,6,EXT,1.12585,0.00000
13,53,1790955007244,ENGINE,REMOVE,9063,BUY_LIMIT,L,8,ENT,1.12262,0.00000
13,53,1790955007675,ENGINE,PLACE,9065,BUY_LIMIT,L,7,ENT,1.12324,0.00000
13,53,1790955010941,DEAL,FILL,9060,BUY_LIMIT,S,1,EXT,1.12473,0.00000
13,55,1790955011288,ENGINE,MODIFY,9061,SELL_LIMIT,S,2,ENT,1.12563,1.12633
13,55,1790955011572,ENGINE,PLACE,9066,SELL_LIMIT,L,7,EXT,1.12453,0.00000
13,55,1790955011855,ENGINE,PLACE,9067,BUY_LIMIT,S,1,EXT,1.12403,0.00000
13,55,1790955012138,ENGINE,REMOVE,9064,SELL_LIMIT,L,6,EXT,1.12585,0.00000
13,55,1790955012176,ENGINE,REMOVE,9065,BUY_LIMIT,L,7,ENT,1.12324,0.00000
13,55,1790955013495,ENGINE,PLACE,9068,BUY_LIMIT,L,8,ENT,1.12262,0.00000
13,55,1790955014353,DEAL,FILL,9066,SELL_LIMIT,L,7,EXT,1.12453,0.00000
13,55,1790955015188,CB_DONE,PLACE,9069,SELL_LIMIT,L,6,EXT,1.12484,0.00000
13,55,1790955015471,ENGINE,REMOVE,9068,BUY_LIMIT,L,8,ENT,1.12262,0.00000
13,55,1790955016100,ENGINE,PLACE,9070,BUY_LIMIT,L,7,ENT,1.12324,0.00000
13,57,1790955018509,ENGINE,PLACE,9071,SELL_LIMIT,L,7,EXT,1.12428,0.00000
13,57,1790955018792,ENGINE,REMOVE,9069,SELL_LIMIT,L,6,EXT,1.12484,0.00000
13,57,1790955018830,ENGINE,REMOVE,9070,BUY_LIMIT,L,7,ENT,1.12324,0.00000
13,57,1790955018911,ENGINE,PLACE,9072,BUY_LIMIT,L,8,ENT,1.12262,0.00000
13,57,1790955019194,DEAL,FILL,9071,SELL_LIMIT,L,7,EXT,1.12428,0.00000
13,57,1790955019600,CB_DONE,PLACE,9073,SELL_LIMIT,L,6,EXT,1.12484,0.00000
13,57,1790955019883,ENGINE,REMOVE,9072,BUY_LIMIT,L,8,ENT,1.12262,0.00000
13,58,1790955020112,ENGINE,PLACE,9074,BUY_LIMIT,L,7,ENT,1.12324,0.00000
13,60,1790955028397,DEAL,FILL,9073,SELL_LIMIT,L,6,EXT,1.12484,0.00000
13,60,1790955028831,CB_DONE,PLACE,9075,SELL_LIMIT,L,5,EXT,1.12544,0.00000
13,60,1790955029114,ENGINE,REMOVE,9074,BUY_LIMIT,L,7,ENT,1.12324,0.00000
13,60,1790955029350,ENGINE,PLACE,9076,BUY_LIMIT,L,6,ENT,1.12384,0.00000
13,63,1790955056701,DEAL,FILL,9067,BUY_LIMIT,S,1,EXT,1.12403,0.00000
13,64,1790955056846,ENGINE,REMOVE,9061,SELL_LIMIT,S,2,ENT,1.12563,0.00000
13,64,1790955057046,ENGINE,PLACE,9077,SELL_LIMIT,S,1,ENT,1.12408,0.00000
13,66,1790955057448,ENGINE,MODIFY,9077,SELL_LIMIT,S,1,ENT,1.12417,1.12408
13,66,1790955057732,DEAL,PLACE,9078,BUY_LIMIT,S,1,EXT,1.12314,0.00000
13,66,1790955058015,DEAL,PLACE,9079,SELL_LIMIT,S,2,ENT,1.12474,0.00000
13,66,1790955058298,DEAL,FILL,9077,SELL_LIMIT,S,1,ENT,1.12408,0.00000
13,67,1790955058852,SYNC,REMOVE,9078,BUY_LIMIT,S,1,EXT,1.12314,0.00000
13,67,1790955058852,ENGINE,MODIFY,9079,SELL_LIMIT,S,2,ENT,1.12479,1.12474
13,67,1790955059136,ENGINE,PLACE,9080,BUY_LIMIT,S,1,EXT,1.12319,0.00000
13,67,1790955071948,DEAL,PLACE,9081,BUY_LIMIT,S,2,EXT,1.12385,0.00000
13,67,1790955072231,DEAL,PLACE,9082,SELL_LIMIT,S,3,ENT,1.12545,0.00000
13,67,1790955072514,DEAL,FILL,9079,SELL_LIMIT,S,2,ENT,1.12479,0.00000
13,67,1790955072514,DEAL,REMOVE,9080,BUY_LIMIT,S,1,EXT,1.12319,0.00000
13,68,1790955072093,SYNC,REMOVE,9081,BUY_LIMIT,S,2,EXT,1.12385,0.00000
13,68,1790955072552,ENGINE,PLACE,9083,BUY_LIMIT,S,2,EXT,1.12385,0.00000
13,68,1790955082379,DEAL,FILL,9075,SELL_LIMIT,L,5,EXT,1.12544,0.00000
13,69,1790955082526,ENGINE,MODIFY,9082,SELL_LIMIT,S,3,ENT,1.12546,1.12545
13,69,1790955082810,ENGINE,PLACE,9084,SELL_LIMIT,L,4,EXT,1.12604,0.00000
13,69,1790955083093,ENGINE,REMOVE,9076,BUY_LIMIT,L,6,ENT,1.12384,0.00000
13,69,1790955083131,DEAL,PLACE,9085,BUY_LIMIT,S,3,EXT,1.12444,0.00000
13,69,1790955083414,DEAL,PLACE,9086,SELL_LIMIT,S,4,ENT,1.12604,0.00000
13,69,1790955083697,DEAL,FILL,9082,SELL_LIMIT,S,3,ENT,1.12545,0.00000
13,69,1790955083697,DEAL,REMOVE,9083,BUY_LIMIT,S,2,EXT,1.12385,0.00000
13,70,1790955082726,SYNC,REMOVE,9085,BUY_LIMIT,S,3,EXT,1.12444,0.00000
13,70,1790955083735,ENGINE,PLACE,9087,BUY_LIMIT,S,3,EXT,1.12444,0.00000
13,70,1790955084018,ENGINE,PLACE,9088,BUY_LIMIT,L,5,ENT,1.12444,0.00000
13,72,1790955215100,DEAL,FILL,9087,BUY_LIMIT,S,3,EXT,1.12444,0.00000
13,72,1790955215100,DEAL,PLACE,9089,SELL_LIMIT,L,5,EXT,1.12543,0.00000
13,72,1790955215383,DEAL,PLACE,9090,BUY_LIMIT,L,6,ENT,1.12383,0.00000
13,72,1790955215666,DEAL,REMOVE,9084,SELL_LIMIT,L,4,EXT,1.12604,0.00000
13,72,1790955215704,DEAL,FILL,9088,BUY_LIMIT,L,5,ENT,1.12444,0.00000
13,74,1790955215245,SYNC,REMOVE,9089,SELL_LIMIT,L,5,EXT,1.12543,0.00000
13,74,1790955215704,ENGINE,PLACE,9091,SELL_LIMIT,L,5,EXT,1.12543,0.00000
13,74,1790955215987,ENGINE,PLACE,9092,BUY_LIMIT,S,2,EXT,1.12385,0.00000
13,74,1790955216270,ENGINE,REMOVE,9086,SELL_LIMIT,S,4,ENT,1.12604,0.00000
13,74,1790955216449,ENGINE,PLACE,9093,SELL_LIMIT,S,3,ENT,1.12545,0.00000
13,76,1790955770434,DEAL,FILL,9092,BUY_LIMIT,S,2,EXT,1.12385,0.00000
13,77,1790955770982,ENGINE,PLACE,9094,BUY_LIMIT,S,1,EXT,1.12319,0.00000
13,77,1790955771265,ENGINE,REMOVE,9093,SELL_LIMIT,S,3,ENT,1.12545,0.00000
13,79,1790955771991,ENGINE,PLACE,9095,SELL_LIMIT,S,2,ENT,1.12479,0.00000
13,79,1790955774656,DEAL,PLACE,9096,SELL_LIMIT,L,6,EXT,1.12483,0.00000
13,79,1790955774939,DEAL,PLACE,9097,BUY_LIMIT,L,7,ENT,1.12323,0.00000
13,79,1790955775222,DEAL,FILL,9090,BUY_LIMIT,L,6,ENT,1.12383,0.00000
13,79,1790955775222,DEAL,REMOVE,9091,SELL_LIMIT,L,5,EXT,1.12543,0.00000
13,80,1790955775203,SYNC,REMOVE,9096,SELL_LIMIT,L,6,EXT,1.12483,0.00000
13,80,1790955775260,ENGINE,PLACE,9098,SELL_LIMIT,L,6,EXT,1.12483,0.00000
13,80,1790956165781,DEAL,PLACE,9099,BUY_LIMIT,S,2,EXT,1.12383,0.00000
13,80,1790956166064,DEAL,PLACE,9100,SELL_LIMIT,S,3,ENT,1.12543,0.00000
13,80,1790956166347,DEAL,REMOVE,9094,BUY_LIMIT,S,1,EXT,1.12319,0.00000
13,80,1790956166385,DEAL,FILL,9095,SELL_LIMIT,S,2,ENT,1.12479,0.00000
13,80,1790956166385,DEAL,FILL,9098,SELL_LIMIT,L,6,EXT,1.12483,0.00000
13,82,1790956166328,SYNC,REMOVE,9099,BUY_LIMIT,S,2,EXT,1.12383,0.00000
13,82,1790956166385,ENGINE,PLACE,9101,SELL_LIMIT,L,5,EXT,1.12543,0.00000
13,82,1790956166668,ENGINE,PLACE,9102,BUY_LIMIT,S,2,EXT,1.12383,0.00000
13,82,1790956166951,ENGINE,REMOVE,9097,BUY_LIMIT,L,7,ENT,1.12323,0.00000
13,82,1790956167127,ENGINE,PLACE,9103,BUY_LIMIT,L,6,ENT,1.12383,0.00000
13,84,1790956249059,DEAL,PLACE,9104,BUY_LIMIT,S,3,EXT,1.12443,0.00000
13,84,1790956249342,DEAL,PLACE,9105,SELL_LIMIT,S,4,ENT,1.12603,0.00000
13,84,1790956249625,DEAL,FILL,9100,SELL_LIMIT,S,3,ENT,1.12543,0.00000
13,84,1790956249625,DEAL,REMOVE,9102,BUY_LIMIT,S,2,EXT,1.12383,0.00000
13,84,1790956249663,DEAL,FILL,9101,SELL_LIMIT,L,5,EXT,1.12543,0.00000
13,86,1790956249198,SYNC,REMOVE,9104,BUY_LIMIT,S,3,EXT,1.12443,0.00000
13,86,1790956249663,ENGINE,PLACE,9106,SELL_LIMIT,L,4,EXT,1.12604,0.00000
13,86,1790956249946,ENGINE,PLACE,9107,BUY_LIMIT,S,3,EXT,1.12443,0.00000
13,86,1790956250229,ENGINE,REMOVE,9103,BUY_LIMIT,L,6,ENT,1.12383,0.00000
13,88,1790956251202,ENGINE,PLACE,9108,BUY_LIMIT,L,5,ENT,1.12444,0.00000
13,88,1790956547043,DEAL,PLACE,9109,BUY_LIMIT,S,4,EXT,1.12502,0.00000
13,88,1790956547326,DEAL,PLACE,9110,SELL_LIMIT,S,5,ENT,1.12662,0.00000
13,88,1790956547609,DEAL,FILL,9105,SELL_LIMIT,S,4,ENT,1.12603,0.00000
13,88,1790956547609,DEAL,REMOVE,9107,BUY_LIMIT,S,3,EXT,1.12443,0.00000
13,89,1790956547391,SYNC,REMOVE,9109,BUY_LIMIT,S,4,EXT,1.12502,0.00000
13,89,1790956547647,DEAL,FILL,9106,SELL_LIMIT,L,4,EXT,1.12604,0.00000
13,89,1790956547936,ENGINE,PLACE,9111,BUY_LIMIT,S,4,EXT,1.12502,0.00000
13,90,1790956548219,ENGINE,PLACE,9112,SELL_LIMIT,L,2,EXT,1.12731,0.00000
13,90,1790956548502,ENGINE,REMOVE,9108,BUY_LIMIT,L,5,ENT,1.12444,0.00000
13,90,1790956548798,ENGINE,PLACE,9113,BUY_LIMIT,L,3,ENT,1.12563,0.00000
13,92,1790957145042,DEAL,PLACE,9114,SELL_LIMIT,L,3,EXT,1.12660,0.00000
13,92,1790957145325,DEAL,PLACE,9115,BUY_LIMIT,L,4,ENT,1.12500,0.00000
13,92,1790957145608,DEAL,REMOVE,9112,SELL_LIMIT,L,2,EXT,1.12731,0.00000
13,92,1790957145646,DEAL,FILL,9113,BUY_LIMIT,L,3,ENT,1.12563,0.00000
13,93,1790957145186,SYNC,REMOVE,9114,SELL_LIMIT,L,3,EXT,1.12660,0.00000
13,93,1790957145646,ENGINE,PLACE,9116,SELL_LIMIT,L,3,EXT,1.12660,0.00000
13,93,1790957388976,DEAL,FILL,9111,BUY_LIMIT,S,4,EXT,1.12502,0.00000
13,94,1790957389118,ENGINE,PLACE,9117,BUY_LIMIT,S,3,EXT,1.12443,0.00000
13,94,1790957389401,ENGINE,REMOVE,9110,SELL_LIMIT,S,5,ENT,1.12662,0.00000
13,96,1790957390125,ENGINE,PLACE,9118,SELL_LIMIT,S,4,ENT,1.12603,0.00000
13,96,1790957405679,DEAL,PLACE,9119,SELL_LIMIT,L,4,EXT,1.12598,0.00000
13,96,1790957405962,DEAL,PLACE,9120,BUY_LIMIT,L,5,ENT,1.12438,0.00000
13,96,1790957406245,DEAL,FILL,9115,BUY_LIMIT,L,4,ENT,1.12500,0.00000
13,96,1790957406245,DEAL,REMOVE,9116,SELL_LIMIT,L,3,EXT,1.12660,0.00000
13,97,1790957406033,SYNC,REMOVE,9119,SELL_LIMIT,L,4,EXT,1.12598,0.00000
13,97,1790957406283,ENGINE,PLACE,9121,SELL_LIMIT,L,4,EXT,1.12598,0.00000
13,97,1790958101750,DEAL,FILL,9117,BUY_LIMIT,S,3,EXT,1.12443,0.00000
13,98,1790958102694,ENGINE,PLACE,9122,BUY_LIMIT,S,2,EXT,1.12383,0.00000
13,98,1790958102977,ENGINE,REMOVE,9118,SELL_LIMIT,S,4,ENT,1.12603,0.00000
13,100,1790958103297,ENGINE,PLACE,9123,SELL_LIMIT,S,3,ENT,1.12543,0.00000
13,100,1790958129090,DEAL,PLACE,9124,SELL_LIMIT,L,5,EXT,1.12537,0.00000
13,100,1790958129373,DEAL,PLACE,9125,BUY_LIMIT,L,6,ENT,1.12377,0.00000
13,100,1790958129656,DEAL,FILL,9120,BUY_LIMIT,L,5,ENT,1.12438,0.00000
13,100,1790958129656,DEAL,REMOVE,9121,SELL_LIMIT,L,4,EXT,1.12598,0.00000
13,101,1790958129234,SYNC,REMOVE,9124,SELL_LIMIT,L,5,EXT,1.12537,0.00000
13,101,1790958129694,ENGINE,PLACE,9126,SELL_LIMIT,L,5,EXT,1.12537,0.00000
13,101,1790958563002,DEAL,FILL,9126,SELL_LIMIT,L,5,EXT,1.12537,0.00000
13,102,1790958563359,ENGINE,PLACE,9127,SELL_LIMIT,L,4,EXT,1.12598,0.00000
13,102,1790958563642,ENGINE,REMOVE,9125,BUY_LIMIT,L,6,ENT,1.12377,0.00000
13,104,1790958565165,ENGINE,PLACE,9128,BUY_LIMIT,L,5,ENT,1.12438,0.00000
13,104,1790959433151,DEAL,PLACE,9129,BUY_LIMIT,S,3,EXT,1.12443,0.00000
13,104,1790959433434,DEAL,PLACE,9130,SELL_LIMIT,S,4,ENT,1.12603,0.00000
13,104,1790959433717,DEAL,REMOVE,9122,BUY_LIMIT,S,2,EXT,1.12383,0.00000
13,104,1790959433755,DEAL,FILL,9123,SELL_LIMIT,S,3,ENT,1.12543,0.00000
13,105,1790959433305,SYNC,REMOVE,9129,BUY_LIMIT,S,3,EXT,1.12443,0.00000
13,105,1790959433755,ENGINE,PLACE,9131,BUY_LIMIT,S,3,EXT,1.12443,0.00000
13,105,1790959636402,DEAL,FILL,9127,SELL_LIMIT,L,4,EXT,1.12598,0.00000
13,106,1790959636550,ENGINE,PLACE,9132,SELL_LIMIT,L,3,EXT,1.12660,0.00000
13,106,1790959636833,ENGINE,REMOVE,9128,BUY_LIMIT,L,5,ENT,1.12438,0.00000
13,108,1790959637358,ENGINE,PLACE,9133,BUY_LIMIT,L,4,ENT,1.12500,0.00000
13,108,1790959652685,DEAL,PLACE,9134,BUY_LIMIT,S,4,EXT,1.12506,0.00000
13,108,1790959652968,DEAL,PLACE,9135,SELL_LIMIT,S,5,ENT,1.12666,0.00000
13,108,1790959653251,DEAL,FILL,9130,SELL_LIMIT,S,4,ENT,1.12603,0.00000
13,108,1790959653251,DEAL,REMOVE,9131,BUY_LIMIT,S,3,EXT,1.12443,0.00000
13,109,1790959652831,SYNC,REMOVE,9134,BUY_LIMIT,S,4,EXT,1.12506,0.00000
13,109,1790959653289,ENGINE,PLACE,9136,BUY_LIMIT,S,4,EXT,1.12506,0.00000
13,109,1790959779250,DEAL,FILL,9132,SELL_LIMIT,L,3,EXT,1.12660,0.00000
13,110,1790959779997,ENGINE,PLACE,9137,SELL_LIMIT,L,2,EXT,1.12731,0.00000
13,110,1790959780280,ENGINE,REMOVE,9133,BUY_LIMIT,L,4,ENT,1.12500,0.00000
13,112,1790959780598,ENGINE,PLACE,9138,BUY_LIMIT,L,3,ENT,1.12563,0.00000
13,112,1790959803162,DEAL,PLACE,9139,BUY_LIMIT,S,5,EXT,1.12567,0.00000
13,112,1790959803445,DEAL,PLACE,9140,SELL_LIMIT,S,6,ENT,1.12727,0.00000
13,112,1790959803728,DEAL,FILL,9135,SELL_LIMIT,S,5,ENT,1.12666,0.00000
13,112,1790959803728,DEAL,REMOVE,9136,BUY_LIMIT,S,4,EXT,1.12506,0.00000
13,113,1790959803511,SYNC,REMOVE,9139,BUY_LIMIT,S,5,EXT,1.12567,0.00000
13,113,1790959803766,ENGINE,PLACE,9141,BUY_LIMIT,S,5,EXT,1.12567,0.00000
13,113,1790960281294,DEAL,PLACE,9142,BUY_LIMIT,S,6,EXT,1.12628,0.00000
13,113,1790960281577,DEAL,PLACE,9143,SELL_LIMIT,S,7,ENT,1.12788,0.00000
13,113,1790960281860,DEAL,FILL,9140,SELL_LIMIT,S,6,ENT,1.12727,0.00000
13,113,1790960281860,DEAL,REMOVE,9141,BUY_LIMIT,S,5,EXT,1.12567,0.00000
13,114,1790960281439,SYNC,REMOVE,9142,BUY_LIMIT,S,6,EXT,1.12628,0.00000
13,114,1790960281898,DEAL,FILL,9137,SELL_LIMIT,L,2,EXT,1.12731,0.00000
13,115,1790960281898,ENGINE,PLACE,9144,SELL_LIMIT,L,1,EXT,1.13177,0.00000
13,115,1790960282181,ENGINE,PLACE,9145,BUY_LIMIT,S,6,EXT,1.12628,0.00000
13,115,1790960282464,ENGINE,REMOVE,9138,BUY_LIMIT,L,3,ENT,1.12563,0.00000
13,115,1790960283041,ENGINE,PLACE,9146,BUY_LIMIT,L,2,ENT,1.12744,0.00000
13,117,1790960283642,ENGINE,MODIFY,9146,BUY_LIMIT,L,2,ENT,1.12743,1.12744
13,117,1790960283926,DEAL,PLACE,9147,SELL_LIMIT,L,2,EXT,1.12846,0.00000
13,117,1790960284209,DEAL,PLACE,9148,BUY_LIMIT,L,3,ENT,1.12686,0.00000
13,117,1790960284492,DEAL,REMOVE,9144,SELL_LIMIT,L,1,EXT,1.13177,0.00000
13,117,1790960284530,DEAL,FILL,9146,BUY_LIMIT,L,2,ENT,1.12744,0.00000
13,118,1790960285250,SYNC,REMOVE,9147,SELL_LIMIT,L,2,EXT,1.12846,0.00000
13,118,1790960285250,ENGINE,MODIFY,9148,BUY_LIMIT,L,3,ENT,1.12683,1.12686
13,118,1790960285534,ENGINE,PLACE,9149,SELL_LIMIT,L,2,EXT,1.12843,0.00000
13,118,1790960654676,DEAL,PLACE,9150,BUY_LIMIT,S,7,EXT,1.12696,0.00000
13,118,1790960654959,DEAL,FILL,9143,SELL_LIMIT,S,7,ENT,1.12788,0.00000
13,118,1790960654959,DEAL,REMOVE,9145,BUY_LIMIT,S,6,EXT,1.12628,0.00000
13,119,1790960655629,SYNC,REMOVE,9150,BUY_LIMIT,S,7,EXT,1.12696,0.00000
13,119,1790960655629,ENGINE,PLACE,9151,BUY_LIMIT,S,7,EXT,1.12696,0.00000
13,119,1790960911445,DEAL,FILL,9149,SELL_LIMIT,L,2,EXT,1.12843,0.00000
13,120,1790960912590,ENGINE,PLACE,9152,SELL_LIMIT,L,1,EXT,1.13177,0.00000
13,120,1790960912873,ENGINE,REMOVE,9148,BUY_LIMIT,L,3,ENT,1.12683,0.00000
13,120,1790960913190,ENGINE,PLACE,9153,BUY_LIMIT,L,2,ENT,1.12843,0.00000
13,122,1790960913992,ENGINE,MODIFY,9153,BUY_LIMIT,L,2,ENT,1.12842,1.12843
13,122,1790960914276,DEAL,PLACE,9154,SELL_LIMIT,L,2,EXT,1.12943,0.00000
13,122,1790960914559,DEAL,PLACE,9155,BUY_LIMIT,L,3,ENT,1.12783,0.00000
13,122,1790960914842,DEAL,REMOVE,9152,SELL_LIMIT,L,1,EXT,1.13177,0.00000
13,122,1790960914880,DEAL,FILL,9153,BUY_LIMIT,L,2,ENT,1.12843,0.00000
13,123,1790960918011,SYNC,REMOVE,9154,SELL_LIMIT,L,2,EXT,1.12943,0.00000
13,123,1790960918011,ENGINE,MODIFY,9155,BUY_LIMIT,L,3,ENT,1.12775,1.12783
13,123,1790960918295,ENGINE,PLACE,9156,SELL_LIMIT,L,2,EXT,1.12935,0.00000
13,123,1790961083655,DEAL,PLACE,9157,SELL_LIMIT,L,3,EXT,1.12874,0.00000
13,123,1790961083938,DEAL,PLACE,9158,BUY_LIMIT,L,4,ENT,1.12714,0.00000
13,123,1790961084221,DEAL,FILL,9155,BUY_LIMIT,L,3,ENT,1.12775,0.00000
13,123,1790961084221,DEAL,REMOVE,9156,SELL_LIMIT,L,2,EXT,1.12935,0.00000
13,124,1790961084199,SYNC,REMOVE,9157,SELL_LIMIT,L,3,EXT,1.12874,0.00000
13,124,1790961084259,ENGINE,PLACE,9159,SELL_LIMIT,L,3,EXT,1.12874,0.00000
14,-1,1790961550001,SEED,PLACE,1978943308,SELL_LIMIT,L,0,EXT,1.13237,0.00000
14,-1,1790961550001,SEED,PLACE,1983447956,SELL_LIMIT,L,3,EXT,1.12874,0.00000
14,-1,1790961550001,SEED,PLACE,1983447980,BUY_LIMIT,L,4,ENT,1.12714,0.00000
14,-1,1790961550001,SEED,PLACE,1982763985,BUY_LIMIT,S,0,EXT,1.12187,0.00000
14,-1,1790961550001,SEED,PLACE,1983407004,BUY_LIMIT,S,7,EXT,1.12696,0.00000
14,-1,1790964242751,DEAL,PLACE,9000,SELL_LIMIT,L,4,EXT,1.12817,0.00000
14,-1,1790964243034,DEAL,PLACE,9001,BUY_LIMIT,L,5,ENT,1.12657,0.00000
14,-1,1790964243317,DEAL,REMOVE,1983447956,SELL_LIMIT,L,3,EXT,1.12874,0.00000
14,-1,1790964243355,DEAL,FILL,1983447980,BUY_LIMIT,L,4,ENT,1.12714,0.00000
14,0,1790964243497,SYNC,REMOVE,9000,SELL_LIMIT,L,4,EXT,1.12817,0.00000
14,0,1790964243497,ENGINE,PLACE,9002,SELL_LIMIT,L,4,EXT,1.12817,0.00000
14,0,1790964275517,DEAL,FILL,1983407004,BUY_LIMIT,S,7,EXT,1.12696,0.00000
14,1,1790964275863,ENGINE,PLACE,9003,BUY_LIMIT,S,6,EXT,1.12628,0.00000
14,1,1790964276146,ENGINE,PLACE,9004,SELL_LIMIT,S,7,ENT,1.12788,0.00000
14,3,1790964466865,DEAL,PLACE,9005,SELL_LIMIT,L,5,EXT,1.12757,0.00000
14,3,1790964467148,DEAL,PLACE,9006,BUY_LIMIT,L,6,ENT,1.12597,0.00000
14,3,1790964467431,DEAL,FILL,9001,BUY_LIMIT,L,5,ENT,1.12657,0.00000
14,3,1790964467431,DEAL,REMOVE,9002,SELL_LIMIT,L,4,EXT,1.12817,0.00000
14,4,1790964467407,SYNC,REMOVE,9005,SELL_LIMIT,L,5,EXT,1.12757,0.00000
14,4,1790964467469,ENGINE,PLACE,9007,SELL_LIMIT,L,5,EXT,1.12757,0.00000
14,4,1790965144878,DEAL,FILL,9003,BUY_LIMIT,S,6,EXT,1.12628,0.00000
14,5,1790965145026,ENGINE,PLACE,9008,BUY_LIMIT,S,5,EXT,1.12567,0.00000
14,5,1790965145309,ENGINE,REMOVE,9004,SELL_LIMIT,S,7,ENT,1.12788,0.00000
14,7,1790965147828,ENGINE,PLACE,9009,SELL_LIMIT,S,6,ENT,1.12727,0.00000
14,7,1790965403166,DEAL,PLACE,9010,SELL_LIMIT,L,6,EXT,1.12697,0.00000
14,7,1790965403449,DEAL,PLACE,9011,BUY_LIMIT,L,7,ENT,1.12537,0.00000
14,7,1790965403732,DEAL,FILL,9006,BUY_LIMIT,L,6,ENT,1.12597,0.00000
14,7,1790965403732,DEAL,REMOVE,9007,SELL_LIMIT,L,5,EXT,1.12757,0.00000
14,8,1790965403314,SYNC,REMOVE,9010,SELL_LIMIT,L,6,EXT,1.12697,0.00000
14,8,1790965403770,ENGINE,PLACE,9012,SELL_LIMIT,L,6,EXT,1.12697,0.00000
14,8,1790965481295,DEAL,FILL,9008,BUY_LIMIT,S,5,EXT,1.12567,0.00000
14,9,1790965481439,ENGINE,PLACE,9013,BUY_LIMIT,S,4,EXT,1.12506,0.00000
14,9,1790965481722,ENGINE,REMOVE,9009,SELL_LIMIT,S,6,ENT,1.12727,0.00000
14,11,1790965482242,ENGINE,PLACE,9014,SELL_LIMIT,S,5,ENT,1.12666,0.00000
14,11,1790968314210,DEAL,PLACE,9015,SELL_LIMIT,L,7,EXT,1.12637,0.00000
14,11,1790968314493,DEAL,FILL,9011,BUY_LIMIT,L,7,ENT,1.12537,0.00000
14,11,1790968314493,DEAL,REMOVE,9012,SELL_LIMIT,L,6,EXT,1.12697,0.00000
14,12,1790968316568,SYNC,REMOVE,9015,SELL_LIMIT,L,7,EXT,1.12637,0.00000
14,12,1790968316568,ENGINE,PLACE,9016,SELL_LIMIT,L,7,EXT,1.12637,0.00000
14,12,1790969155178,DEAL,FILL,9013,BUY_LIMIT,S,4,EXT,1.12506,0.00000
14,13,1790969155525,ENGINE,PLACE,9017,BUY_LIMIT,S,3,EXT,1.12443,0.00000
14,13,1790969155808,ENGINE,REMOVE,9014,SELL_LIMIT,S,5,ENT,1.12666,0.00000
14,15,1790969156122,ENGINE,PLACE,9018,SELL_LIMIT,S,4,ENT,1.12603,0.00000
14,15,1790970510815,DEAL,PLACE,9019,BUY_LIMIT,S,4,EXT,1.12509,0.00000
14,15,1790970511098,DEAL,PLACE,9020,SELL_LIMIT,S,5,ENT,1.12669,0.00000
14,15,1790970511381,DEAL,REMOVE,9017,BUY_LIMIT,S,3,EXT,1.12443,0.00000
14,15,1790970511419,DEAL,FILL,9018,SELL_LIMIT,S,4,ENT,1.12603,0.00000
14,16,1790970510963,SYNC,REMOVE,9019,BUY_LIMIT,S,4,EXT,1.12509,0.00000
14,16,1790970511419,ENGINE,PLACE,9021,BUY_LIMIT,S,4,EXT,1.12509,0.00000
14,16,1790976201282,DEAL,FILL,9021,BUY_LIMIT,S,4,EXT,1.12509,0.00000
14,17,1790976202434,ENGINE,PLACE,9022,BUY_LIMIT,S,3,EXT,1.12443,0.00000
14,17,1790976202717,ENGINE,REMOVE,9020,SELL_LIMIT,S,5,ENT,1.12669,0.00000
14,19,1790976203238,ENGINE,PLACE,9023,SELL_LIMIT,S,4,ENT,1.12603,0.00000
14,19,1791071410001,TIMER,MODIFY,1978943308,SELL_LIMIT,L,0,EXT,1.13245,1.13237
14,19,1791071590001,TIMER,MODIFY,9016,SELL_LIMIT,L,7,EXT,1.12645,1.12637
14,19,1791071650001,TIMER,MODIFY,1982763985,BUY_LIMIT,S,0,EXT,1.12189,1.12187
14,19,1791071710001,TIMER,MODIFY,9022,BUY_LIMIT,S,3,EXT,1.12445,1.12443
14,19,1791164991980,DEAL,PLACE,9024,BUY_LIMIT,S,4,EXT,1.12505,0.00000
14,19,1791164992263,DEAL,PLACE,9025,SELL_LIMIT,S,5,ENT,1.12665,0.00000
14,19,1791164992546,DEAL,REMOVE,9022,BUY_LIMIT,S,3,EXT,1.12445,0.00000
14,19,1791164992584,DEAL,FILL,9023,SELL_LIMIT,S,4,ENT,1.12603,0.00000
14,20,1791164992524,SYNC,REMOVE,9024,BUY_LIMIT,S,4,EXT,1.12505,0.00000
14,20,1791164992584,ENGINE,PLACE,9026,BUY_LIMIT,S,4,EXT,1.12505,0.00000
14,20,1791169937612,DEAL,FILL,9026,BUY_LIMIT,S,4,EXT,1.12505,0.00000
14,21,1791169937955,ENGINE,PLACE,9027,BUY_LIMIT,S,3,EXT,1.12445,0.00000
14,21,1791169938238,ENGINE,REMOVE,9025,SELL_LIMIT,S,5,ENT,1.12665,0.00000
14,23,1791169938361,ENGINE,PLACE,9028,SELL_LIMIT,S,4,ENT,1.12603,0.00000
14,24,1791170222977,LATTICE,PLACE,9029,SELL_LIMIT,L,2,EXT,1.12585,0.00000
14,24,1791170223260,LATTICE,REMOVE,9016,SELL_LIMIT,L,7,EXT,1.12645,0.00000
14,24,1791171923001,DEAL,FILL,9027,BUY_LIMIT,S,3,EXT,1.12445,0.00000
14,24,1791171923670,CB_DONE,PLACE,9030,BUY_LIMIT,S,2,EXT,1.12385,0.00000
14,24,1791171924347,ENGINE,REMOVE,9028,SELL_LIMIT,S,4,ENT,1.12603,0.00000
14,24,1791171924559,ENGINE,PLACE,9031,SELL_LIMIT,S,3,ENT,1.12543,0.00000
14,28,1791172615723,LATTICE,PLACE,9032,SELL_LIMIT,L,3,EXT,1.12525,0.00000
14,28,1791172616006,LATTICE,REMOVE,9029,SELL_LIMIT,L,2,EXT,1.12585,0.00000
14,28,1791173363691,DEAL,FILL,9030,BUY_LIMIT,S,2,EXT,1.12385,0.00000
14,28,1791173364532,CB_DONE,PLACE,9033,BUY_LIMIT,S,1,EXT,1.12321,0.00000
14,28,1791173364843,ENGINE,REMOVE,9031,SELL_LIMIT,S,3,ENT,1.12543,0.00000
14,29,1791173365241,ENGINE,PLACE,9034,SELL_LIMIT,S,2,ENT,1.12479,0.00000
14,32,1791173859508,LATTICE,PLACE,9035,SELL_LIMIT,L,4,EXT,1.12465,0.00000
14,32,1791173859791,LATTICE,REMOVE,9032,SELL_LIMIT,L,3,EXT,1.12525,0.00000
14,32,1791175408545,DEAL,FILL,9033,BUY_LIMIT,S,1,EXT,1.12321,0.00000
14,32,1791175410311,ENGINE,REMOVE,9034,SELL_LIMIT,S,2,ENT,1.12479,0.00000
14,32,1791175411141,ENGINE,PLACE,9036,SELL_LIMIT,S,1,ENT,1.12347,0.00000
14,36,1791176122009,LATTICE,PLACE,9037,SELL_LIMIT,L,5,EXT,1.12405,0.00000
14,36,1791176122292,LATTICE,REMOVE,9035,SELL_LIMIT,L,4,EXT,1.12465,0.00000
14,37,1791177152285,LATTICE,PLACE,9038,SELL_LIMIT,L,6,EXT,1.12345,0.00000
14,37,1791177152568,LATTICE,REMOVE,9037,SELL_LIMIT,L,5,EXT,1.12405,0.00000
14,37,1791177541618,DEAL,FILL,1982763985,BUY_LIMIT,S,0,EXT,1.12189,0.00000
14,38,1791177541762,ENGINE,PLACE,9039,SELL_LIMIT,S,0,ENT,1.12257,0.00000
14,38,1791177542045,ENGINE,REMOVE,9036,SELL_LIMIT,S,1,ENT,1.12347,0.00000
14,41,1791177543974,LATTICE,PLACE,9040,SELL_LIMIT,L,7,EXT,1.12285,0.00000
14,41,1791177544257,LATTICE,REMOVE,9038,SELL_LIMIT,L,6,EXT,1.12345,0.00000
14,41,1791177556640,ENGINE,MODIFY,9039,SELL_LIMIT,S,0,ENT,1.12215,1.12257
14,41,1791177664399,ENGINE,MODIFY,9039,SELL_LIMIT,S,0,ENT,1.12175,1.12215
14,41,1791178870459,ENGINE,MODIFY,9039,SELL_LIMIT,S,0,ENT,1.12134,1.12175
14,41,1791179172468,ENGINE,MODIFY,9039,SELL_LIMIT,S,0,ENT,1.12094,1.12134
14,41,1791179348711,ENGINE,MODIFY,9039,SELL_LIMIT,S,0,ENT,1.12014,1.12094
14,41,1791179375721,ENGINE,MODIFY,9039,SELL_LIMIT,S,0,ENT,1.11945,1.12014
14,41,1791179453022,DEAL,PLACE,9041,BUY_LIMIT,S,0,EXT,1.11850,0.00000
14,41,1791179453305,DEAL,PLACE,9042,SELL_LIMIT,S,1,ENT,1.12010,0.00000
14,41,1791179453588,DEAL,FILL,9039,SELL_LIMIT,S,0,ENT,1.11945,0.00000
14,42,1791179453172,SYNC,REMOVE,9041,BUY_LIMIT,S,0,EXT,1.11850,0.00000
14,42,1791179453588,ENGINE,PLACE,9043,BUY_LIMIT,S,0,EXT,1.11850,0.00000
14,42,1791179685058,DEAL,FILL,9043,BUY_LIMIT,S,0,EXT,1.11850,0.00000
14,43,1791179685200,ENGINE,PLACE,9044,SELL_LIMIT,S,0,ENT,1.11922,0.00000
14,43,1791179685483,ENGINE,REMOVE,9042,SELL_LIMIT,S,1,ENT,1.12010,0.00000
14,45,1791179704503,ENGINE,MODIFY,9044,SELL_LIMIT,S,0,ENT,1.11874,1.11922
14,45,1791179731069,ENGINE,MODIFY,9044,SELL_LIMIT,S,0,ENT,1.11833,1.11874
14,45,1791179835334,ENGINE,MODIFY,9044,SELL_LIMIT,S,0,ENT,1.11787,1.11833
14,45,1791179847009,ENGINE,MODIFY,9044,SELL_LIMIT,S,0,ENT,1.11737,1.11787
14,45,1791179889570,DEAL,PLACE,9045,BUY_LIMIT,S,0,EXT,1.11649,0.00000
14,45,1791179889853,DEAL,PLACE,9046,SELL_LIMIT,S,1,ENT,1.11809,0.00000
14,45,1791179890136,DEAL,FILL,9044,SELL_LIMIT,S,0,ENT,1.11737,0.00000
14,46,1791179889710,SYNC,REMOVE,9045,BUY_LIMIT,S,0,EXT,1.11649,0.00000
14,46,1791179890136,ENGINE,PLACE,9047,BUY_LIMIT,S,0,EXT,1.11649,0.00000
14,46,1791180112679,DEAL,PLACE,9048,BUY_LIMIT,S,1,EXT,1.11709,0.00000
14,46,1791180112962,DEAL,PLACE,9049,SELL_LIMIT,S,2,ENT,1.11869,0.00000
14,46,1791180113245,DEAL,FILL,9046,SELL_LIMIT,S,1,ENT,1.11809,0.00000
14,47,1791180113444,SYNC,REMOVE,9048,BUY_LIMIT,S,1,EXT,1.11709,0.00000
14,47,1791180113444,ENGINE,PLACE,9050,BUY_LIMIT,S,1,EXT,1.11709,0.00000
14,47,1791180380110,DEAL,FILL,9050,BUY_LIMIT,S,1,EXT,1.11709,0.00000
14,48,1791180380255,ENGINE,REMOVE,9049,SELL_LIMIT,S,2,ENT,1.11869,0.00000
14,48,1791180380455,ENGINE,PLACE,9051,SELL_LIMIT,S,1,ENT,1.11809,0.00000
14,50,1791180431441,DEAL,FILL,9047,BUY_LIMIT,S,0,EXT,1.11649,0.00000
14,51,1791180431587,ENGINE,PLACE,9052,SELL_LIMIT,S,0,ENT,1.11711,0.00000
14,51,1791180431870,ENGINE,REMOVE,9051,SELL_LIMIT,S,1,ENT,1.11809,0.00000
14,53,1791180566866,DEAL,PLACE,9053,BUY_LIMIT,S,0,EXT,1.11613,0.00000
14,53,1791180567149,DEAL,PLACE,9054,SELL_LIMIT,S,1,ENT,1.11773,0.00000
14,53,1791180567432,DEAL,FILL,9052,SELL_LIMIT,S,0,ENT,1.11711,0.00000
14,54,1791180567218,SYNC,REMOVE,9053,BUY_LIMIT,S,0,EXT,1.11613,0.00000
14,54,1791180567432,ENGINE,PLACE,9055,BUY_LIMIT,S,0,EXT,1.11613,0.00000
14,54,1791180720916,DEAL,PLACE,9056,BUY_LIMIT,S,1,EXT,1.11672,0.00000
14,54,1791180721199,DEAL,PLACE,9057,SELL_LIMIT,S,2,ENT,1.11832,0.00000
14,54,1791180721482,DEAL,FILL,9054,SELL_LIMIT,S,1,ENT,1.11773,0.00000
14,55,1791180721858,SYNC,REMOVE,9056,BUY_LIMIT,S,1,EXT,1.11672,0.00000
14,55,1791180721858,ENGINE,PLACE,9058,BUY_LIMIT,S,1,EXT,1.11672,0.00000
14,55,1791181220396,DEAL,PLACE,9059,BUY_LIMIT,S,2,EXT,1.11735,0.00000
14,55,1791181220679,DEAL,PLACE,9060,SELL_LIMIT,S,3,ENT,1.11895,0.00000
14,55,1791181220962,DEAL,FILL,9057,SELL_LIMIT,S,2,ENT,1.11832,0.00000
14,55,1791181220962,DEAL,REMOVE,9058,BUY_LIMIT,S,1,EXT,1.11672,0.00000
14,56,1791181220525,SYNC,REMOVE,9059,BUY_LIMIT,S,2,EXT,1.11735,0.00000
14,56,1791181221000,ENGINE,PLACE,9061,BUY_LIMIT,S,2,EXT,1.11735,0.00000
14,56,1791182583862,DEAL,FILL,9061,BUY_LIMIT,S,2,EXT,1.11735,0.00000
14,57,1791182584583,ENGINE,PLACE,9062,BUY_LIMIT,S,1,EXT,1.11672,0.00000
14,57,1791182584866,ENGINE,REMOVE,9060,SELL_LIMIT,S,3,ENT,1.11895,0.00000
14,59,1791182584984,ENGINE,PLACE,9063,SELL_LIMIT,S,2,ENT,1.11832,0.00000
14,59,1791183170467,DEAL,FILL,9062,BUY_LIMIT,S,1,EXT,1.11672,0.00000
14,60,1791183170812,ENGINE,REMOVE,9063,SELL_LIMIT,S,2,ENT,1.11832,0.00000
14,60,1791183171014,ENGINE,PLACE,9064,SELL_LIMIT,S,1,ENT,1.11773,0.00000
14,62,1791183921940,DEAL,FILL,9055,BUY_LIMIT,S,0,EXT,1.11613,0.00000
14,63,1791183923688,ENGINE,PLACE,9065,SELL_LIMIT,S,0,ENT,1.11683,0.00000
14,63,1791183923971,ENGINE,REMOVE,9064,SELL_LIMIT,S,1,ENT,1.11773,0.00000
14,65,1791183998986,DEAL,PLACE,9066,BUY_LIMIT,S,0,EXT,1.11584,0.00000
14,65,1791183999269,DEAL,PLACE,9067,SELL_LIMIT,S,1,ENT,1.11744,0.00000
14,65,1791183999552,DEAL,FILL,9065,SELL_LIMIT,S,0,ENT,1.11683,0.00000
14,66,1791183999325,SYNC,REMOVE,9066,BUY_LIMIT,S,0,EXT,1.11584,0.00000
14,66,1791183999552,ENGINE,PLACE,9068,BUY_LIMIT,S,0,EXT,1.11584,0.00000
14,66,1791186061760,DEAL,PLACE,9069,BUY_LIMIT,S,1,EXT,1.11644,0.00000
14,66,1791186062043,DEAL,PLACE,9070,SELL_LIMIT,S,2,ENT,1.11804,0.00000
14,66,1791186062326,DEAL,FILL,9067,SELL_LIMIT,S,1,ENT,1.11744,0.00000
14,67,1791186062305,SYNC,REMOVE,9069,BUY_LIMIT,S,1,EXT,1.11644,0.00000
14,67,1791186062326,ENGINE,PLACE,9071,BUY_LIMIT,S,1,EXT,1.11644,0.00000
14,67,1791187050584,DEAL,PLACE,9072,BUY_LIMIT,S,2,EXT,1.11704,0.00000
14,67,1791187050867,DEAL,PLACE,9073,SELL_LIMIT,S,3,ENT,1.11864,0.00000
14,67,1791187051150,DEAL,FILL,9070,SELL_LIMIT,S,2,ENT,1.11804,0.00000
14,67,1791187051150,DEAL,REMOVE,9071,BUY_LIMIT,S,1,EXT,1.11644,0.00000
14,68,1791187050726,SYNC,REMOVE,9072,BUY_LIMIT,S,2,EXT,1.11704,0.00000
14,68,1791187051188,ENGINE,PLACE,9074,BUY_LIMIT,S,2,EXT,1.11704,0.00000
14,68,1791188540401,DEAL,PLACE,9075,BUY_LIMIT,S,3,EXT,1.11763,0.00000
14,68,1791188540684,DEAL,PLACE,9076,SELL_LIMIT,S,4,ENT,1.11923,0.00000
14,68,1791188540967,DEAL,FILL,9073,SELL_LIMIT,S,3,ENT,1.11864,0.00000
14,68,1791188540967,DEAL,REMOVE,9074,BUY_LIMIT,S,2,EXT,1.11704,0.00000
14,69,1791188541344,SYNC,REMOVE,9075,BUY_LIMIT,S,3,EXT,1.11763,0.00000
14,69,1791188541344,ENGINE,PLACE,9077,BUY_LIMIT,S,3,EXT,1.11763,0.00000
14,69,1791190701067,DEAL,PLACE,9078,BUY_LIMIT,S,4,EXT,1.11823,0.00000
14,69,1791190701350,DEAL,PLACE,9079,SELL_LIMIT,S,5,ENT,1.11983,0.00000
14,69,1791190701633,DEAL,FILL,9076,SELL_LIMIT,S,4,ENT,1.11923,0.00000
14,69,1791190701633,DEAL,REMOVE,9077,BUY_LIMIT,S,3,EXT,1.11763,0.00000
14,70,1791190702220,SYNC,REMOVE,9078,BUY_LIMIT,S,4,EXT,1.11823,0.00000
14,70,1791190702220,ENGINE,PLACE,9080,BUY_LIMIT,S,4,EXT,1.11823,0.00000
14,70,1791191942799,DEAL,PLACE,9081,BUY_LIMIT,S,5,EXT,1.11883,0.00000
14,70,1791191943082,DEAL,PLACE,9082,SELL_LIMIT,S,6,ENT,1.12043,0.00000
14,70,1791191943365,DEAL,FILL,9079,SELL_LIMIT,S,5,ENT,1.11983,0.00000
14,70,1791191943365,DEAL,REMOVE,9080,BUY_LIMIT,S,4,EXT,1.11823,0.00000
14,71,1791191943356,SYNC,REMOVE,9081,BUY_LIMIT,S,5,EXT,1.11883,0.00000
14,71,1791191943403,ENGINE,PLACE,9083,BUY_LIMIT,S,5,EXT,1.11883,0.00000
14,71,1791192462101,DEAL,FILL,9083,BUY_LIMIT,S,5,EXT,1.11883,0.00000
14,72,1791192462240,ENGINE,PLACE,9084,BUY_LIMIT,S,4,EXT,1.11823,0.00000
14,72,1791192462523,ENGINE,REMOVE,9082,SELL_LIMIT,S,6,ENT,1.12043,0.00000
14,74,1791192466056,ENGINE,PLACE,9085,SELL_LIMIT,S,5,ENT,1.11983,0.00000
14,74,1791192772362,DEAL,FILL,9084,BUY_LIMIT,S,4,EXT,1.11823,0.00000
14,75,1791192773922,ENGINE,PLACE,9086,BUY_LIMIT,S,3,EXT,1.11763,0.00000
14,75,1791192774205,ENGINE,REMOVE,9085,SELL_LIMIT,S,5,ENT,1.11983,0.00000
14,77,1791192775728,ENGINE,PLACE,9087,SELL_LIMIT,S,4,ENT,1.11923,0.00000
14,77,1791192863815,DEAL,FILL,9086,BUY_LIMIT,S,3,EXT,1.11763,0.00000
14,78,1791192865974,ENGINE,PLACE,9088,BUY_LIMIT,S,2,EXT,1.11704,0.00000
14,78,1791192866257,ENGINE,REMOVE,9087,SELL_LIMIT,S,4,ENT,1.11923,0.00000
14,80,1791192867180,ENGINE,PLACE,9089,SELL_LIMIT,S,3,ENT,1.11864,0.00000
14,80,1791192953156,DEAL,FILL,9088,BUY_LIMIT,S,2,EXT,1.11704,0.00000
14,81,1791192953495,ENGINE,PLACE,9090,BUY_LIMIT,S,1,EXT,1.11644,0.00000
14,81,1791192953778,ENGINE,REMOVE,9089,SELL_LIMIT,S,3,ENT,1.11864,0.00000
14,83,1791192953910,ENGINE,PLACE,9091,SELL_LIMIT,S,2,ENT,1.11804,0.00000
14,83,1791193372375,DEAL,PLACE,9092,BUY_LIMIT,S,2,EXT,1.11713,0.00000
14,83,1791193372658,DEAL,PLACE,9093,SELL_LIMIT,S,3,ENT,1.11873,0.00000
14,83,1791193372941,DEAL,REMOVE,9090,BUY_LIMIT,S,1,EXT,1.11644,0.00000
14,83,1791193372979,DEAL,FILL,9091,SELL_LIMIT,S,2,ENT,1.11804,0.00000
14,84,1791193372527,SYNC,REMOVE,9092,BUY_LIMIT,S,2,EXT,1.11713,0.00000
14,84,1791193372979,ENGINE,PLACE,9094,BUY_LIMIT,S,2,EXT,1.11713,0.00000
14,84,1791194095007,DEAL,PLACE,9095,BUY_LIMIT,S,3,EXT,1.11773,0.00000
14,84,1791194095290,DEAL,PLACE,9096,SELL_LIMIT,S,4,ENT,1.11933,0.00000
14,84,1791194095573,DEAL,FILL,9093,SELL_LIMIT,S,3,ENT,1.11873,0.00000
14,84,1791194095573,DEAL,REMOVE,9094,BUY_LIMIT,S,2,EXT,1.11713,0.00000
14,85,1791194095752,SYNC,REMOVE,9095,BUY_LIMIT,S,3,EXT,1.11773,0.00000
14,85,1791194095752,ENGINE,PLACE,9097,BUY_LIMIT,S,3,EXT,1.11773,0.00000
14,85,1791194797345,DEAL,PLACE,9098,BUY_LIMIT,S,4,EXT,1.11833,0.00000
14,85,1791194797628,DEAL,PLACE,9099,SELL_LIMIT,S,5,ENT,1.11993,0.00000
14,85,1791194797911,DEAL,FILL,9096,SELL_LIMIT,S,4,ENT,1.11933,0.00000
14,85,1791194797911,DEAL,REMOVE,9097,BUY_LIMIT,S,3,EXT,1.11773,0.00000
14,86,1791194797492,SYNC,REMOVE,9098,BUY_LIMIT,S,4,EXT,1.11833,0.00000
14,86,1791194797949,ENGINE,PLACE,9100,BUY_LIMIT,S,4,EXT,1.11833,0.00000
14,86,1791196552574,DEAL,PLACE,9101,BUY_LIMIT,S,5,EXT,1.11894,0.00000
14,86,1791196552857,DEAL,PLACE,9102,SELL_LIMIT,S,6,ENT,1.12054,0.00000
14,86,1791196553140,DEAL,FILL,9099,SELL_LIMIT,S,5,ENT,1.11993,0.00000
14,86,1791196553140,DEAL,REMOVE,9100,BUY_LIMIT,S,4,EXT,1.11833,0.00000
14,87,1791196552931,SYNC,REMOVE,9101,BUY_LIMIT,S,5,EXT,1.11894,0.00000
14,87,1791196553178,ENGINE,PLACE,9103,BUY_LIMIT,S,5,EXT,1.11894,0.00000
14,87,1791196944621,DEAL,PLACE,9104,BUY_LIMIT,S,6,EXT,1.11954,0.00000
14,87,1791196944904,DEAL,PLACE,9105,SELL_LIMIT,S,7,ENT,1.12114,0.00000
14,87,1791196945187,DEAL,FILL,9102,SELL_LIMIT,S,6,ENT,1.12054,0.00000
14,87,1791196945187,DEAL,REMOVE,9103,BUY_LIMIT,S,5,EXT,1.11894,0.00000
14,88,1791196944984,SYNC,REMOVE,9104,BUY_LIMIT,S,6,EXT,1.11954,0.00000
14,88,1791196945225,ENGINE,PLACE,9106,BUY_LIMIT,S,6,EXT,1.11954,0.00000
14,88,1791198503744,DEAL,FILL,9106,BUY_LIMIT,S,6,EXT,1.11954,0.00000
14,89,1791198503902,ENGINE,PLACE,9107,BUY_LIMIT,S,5,EXT,1.11894,0.00000
14,89,1791198504185,ENGINE,REMOVE,9105,SELL_LIMIT,S,7,ENT,1.12114,0.00000
14,91,1791198504900,ENGINE,PLACE,9108,SELL_LIMIT,S,6,ENT,1.12054,0.00000
14,91,1791198885946,DEAL,PLACE,9109,BUY_LIMIT,S,6,EXT,1.11954,0.00000
14,91,1791198886229,DEAL,PLACE,9110,SELL_LIMIT,S,7,ENT,1.12114,0.00000
14,91,1791198886512,DEAL,REMOVE,9107,BUY_LIMIT,S,5,EXT,1.11894,0.00000
14,91,1791198886550,DEAL,FILL,9108,SELL_LIMIT,S,6,ENT,1.12054,0.00000
14,92,1791198893128,SYNC,REMOVE,9109,BUY_LIMIT,S,6,EXT,1.11954,0.00000
14,92,1791198893128,ENGINE,PLACE,9111,BUY_LIMIT,S,6,EXT,1.11954,0.00000
14,92,1791200829768,DEAL,PLACE,9112,BUY_LIMIT,S,7,EXT,1.12018,0.00000
14,92,1791200830051,DEAL,FILL,9110,SELL_LIMIT,S,7,ENT,1.12114,0.00000
14,92,1791200830051,DEAL,REMOVE,9111,BUY_LIMIT,S,6,EXT,1.11954,0.00000
14,93,1791200830314,SYNC,REMOVE,9112,BUY_LIMIT,S,7,EXT,1.12018,0.00000
14,93,1791200830314,ENGINE,PLACE,9113,BUY_LIMIT,S,7,EXT,1.12018,0.00000
14,94,1791202441908,LATTICE,MODIFY,9068,BUY_LIMIT,S,0,EXT,1.12078,1.11584
14,94,1791202442192,LATTICE,PLACE,9114,BUY_LIMIT,S,1,EXT,1.11644,0.00000
14,94,1791202442475,LATTICE,REMOVE,9113,BUY_LIMIT,S,7,EXT,1.12018,0.00000
14,94,1791204284511,DEAL,FILL,9068,BUY_LIMIT,S,0,EXT,1.12078,0.00000
14,95,1791204284653,ENGINE,PLACE,9115,BUY_LIMIT,S,7,EXT,1.12018,0.00000
14,95,1791204284936,ENGINE,PLACE,9116,SELL_LIMIT,S,8,ENT,1.12178,0.00000
14,97,1791206371574,DEAL,FILL,9115,BUY_LIMIT,S,7,EXT,1.12018,0.00000
14,98,1791206373334,ENGINE,PLACE,9117,BUY_LIMIT,S,6,EXT,1.11954,0.00000
14,98,1791206373617,ENGINE,REMOVE,9116,SELL_LIMIT,S,8,ENT,1.12178,0.00000
14,100,1791206374332,ENGINE,PLACE,9118,SELL_LIMIT,S,7,ENT,1.12114,0.00000
14,100,1791210519561,DEAL,PLACE,9119,BUY_LIMIT,S,7,EXT,1.12015,0.00000
14,100,1791210519844,DEAL,PLACE,9120,SELL_LIMIT,S,8,ENT,1.12175,0.00000
14,100,1791210520127,DEAL,REMOVE,9117,BUY_LIMIT,S,6,EXT,1.11954,0.00000
14,100,1791210520165,DEAL,FILL,9118,SELL_LIMIT,S,7,ENT,1.12114,0.00000
14,101,1791210519705,SYNC,REMOVE,9119,BUY_LIMIT,S,7,EXT,1.12015,0.00000
14,101,1791210520165,ENGINE,PLACE,9121,BUY_LIMIT,S,7,EXT,1.12015,0.00000
14,101,1791213194317,DEAL,FILL,9121,BUY_LIMIT,S,7,EXT,1.12015,0.00000
14,102,1791213194467,ENGINE,PLACE,9122,BUY_LIMIT,S,6,EXT,1.11954,0.00000
14,102,1791213194750,ENGINE,REMOVE,9120,SELL_LIMIT,S,8,ENT,1.12175,0.00000
14,104,1791213195283,ENGINE,PLACE,9123,SELL_LIMIT,S,7,ENT,1.12114,0.00000
14,104,1791214248360,DEAL,PLACE,9124,BUY_LIMIT,S,7,EXT,1.12014,0.00000
14,104,1791214248643,DEAL,PLACE,9125,SELL_LIMIT,S,8,ENT,1.12174,0.00000
14,104,1791214248926,DEAL,REMOVE,9122,BUY_LIMIT,S,6,EXT,1.11954,0.00000
14,104,1791214248964,DEAL,FILL,9123,SELL_LIMIT,S,7,ENT,1.12114,0.00000
14,105,1791214249104,SYNC,REMOVE,9124,BUY_LIMIT,S,7,EXT,1.12014,0.00000
14,105,1791214249104,ENGINE,PLACE,9126,BUY_LIMIT,S,7,EXT,1.12014,0.00000
14,105,1791217700058,DEAL,FILL,9126,BUY_LIMIT,S,7,EXT,1.12014,0.00000
14,106,1791217701209,ENGINE,PLACE,9127,BUY_LIMIT,S,6,EXT,1.11954,0.00000
14,106,1791217701492,ENGINE,REMOVE,9125,SELL_LIMIT,S,8,ENT,1.12174,0.00000
14,108,1791217701809,ENGINE,PLACE,9128,SELL_LIMIT,S,7,ENT,1.12114,0.00000
14,108,1791218162142,DEAL,FILL,9127,BUY_LIMIT,S,6,EXT,1.11954,0.00000
14,109,1791218163089,ENGINE,PLACE,9129,BUY_LIMIT,S,5,EXT,1.11894,0.00000
14,109,1791218163372,ENGINE,REMOVE,9128,SELL_LIMIT,S,7,ENT,1.12114,0.00000
14,111,1791218163489,ENGINE,PLACE,9130,SELL_LIMIT,S,6,ENT,1.12054,0.00000
14,111,1791218749474,DEAL,FILL,9129,BUY_LIMIT,S,5,EXT,1.11894,0.00000
14,112,1791218749615,ENGINE,PLACE,9131,BUY_LIMIT,S,4,EXT,1.11833,0.00000
14,112,1791218749898,ENGINE,REMOVE,9130,SELL_LIMIT,S,6,ENT,1.12054,0.00000
14,114,1791218750219,ENGINE,PLACE,9132,SELL_LIMIT,S,5,ENT,1.11993,0.00000
14,114,1791222083977,DEAL,PLACE,9133,BUY_LIMIT,S,5,EXT,1.11896,0.00000
14,114,1791222084260,DEAL,PLACE,9134,SELL_LIMIT,S,6,ENT,1.12056,0.00000
14,114,1791222084543,DEAL,REMOVE,9131,BUY_LIMIT,S,4,EXT,1.11833,0.00000
14,114,1791222084581,DEAL,FILL,9132,SELL_LIMIT,S,5,ENT,1.11993,0.00000
14,115,1791222084124,SYNC,REMOVE,9133,BUY_LIMIT,S,5,EXT,1.11896,0.00000
14,115,1791222084581,ENGINE,PLACE,9135,BUY_LIMIT,S,5,EXT,1.11896,0.00000
14,115,1791222792284,DEAL,PLACE,9136,BUY_LIMIT,S,6,EXT,1.11956,0.00000
14,115,1791222792567,DEAL,PLACE,9137,SELL_LIMIT,S,7,ENT,1.12116,0.00000
14,115,1791222792850,DEAL,FILL,9134,SELL_LIMIT,S,6,ENT,1.12056,0.00000
14,115,1791222792850,DEAL,REMOVE,9135,BUY_LIMIT,S,5,EXT,1.11896,0.00000
14,116,1791222792831,SYNC,REMOVE,9136,BUY_LIMIT,S,6,EXT,1.11956,0.00000
14,116,1791222792888,ENGINE,PLACE,9138,BUY_LIMIT,S,6,EXT,1.11956,0.00000
14,116,1791223450389,DEAL,PLACE,9139,BUY_LIMIT,S,7,EXT,1.12016,0.00000
14,116,1791223450672,DEAL,PLACE,9140,SELL_LIMIT,S,8,ENT,1.12176,0.00000
14,116,1791223450955,DEAL,FILL,9137,SELL_LIMIT,S,7,ENT,1.12116,0.00000
14,116,1791223450955,DEAL,REMOVE,9138,BUY_LIMIT,S,6,EXT,1.11956,0.00000
14,117,1791223450532,SYNC,REMOVE,9139,BUY_LIMIT,S,7,EXT,1.12016,0.00000
14,117,1791223450993,ENGINE,PLACE,9141,BUY_LIMIT,S,7,EXT,1.12016,0.00000
14,117,1791228362429,DEAL,FILL,9141,BUY_LIMIT,S,7,EXT,1.12016,0.00000
14,118,1791228362978,ENGINE,PLACE,9142,BUY_LIMIT,S,6,EXT,1.11956,0.00000
14,118,1791228363261,ENGINE,REMOVE,9140,SELL_LIMIT,S,8,ENT,1.12176,0.00000
14,120,1791228363381,ENGINE,PLACE,9143,SELL_LIMIT,S,7,ENT,1.12116,0.00000
14,120,1791234007206,DEAL,PLACE,9144,BUY_LIMIT,S,7,EXT,1.12014,0.00000
14,120,1791234007489,DEAL,PLACE,9145,SELL_LIMIT,S,8,ENT,1.12174,0.00000
14,120,1791234007772,DEAL,REMOVE,9142,BUY_LIMIT,S,6,EXT,1.11956,0.00000
14,120,1791234007810,DEAL,FILL,9143,SELL_LIMIT,S,7,ENT,1.12116,0.00000
14,121,1791234007351,SYNC,REMOVE,9144,BUY_LIMIT,S,7,EXT,1.12014,0.00000
14,121,1791234007810,ENGINE,PLACE,9146,BUY_LIMIT,S,7,EXT,1.12014,0.00000
14,121,1791238744204,DEAL,PLACE,9147,BUY_LIMIT,S,8,EXT,1.12073,0.00000
14,121,1791238744487,DEAL,FILL,9145,SELL_LIMIT,S,8,ENT,1.12174,0.00000
14,121,1791238744487,DEAL,REMOVE,9146,BUY_LIMIT,S,7,EXT,1.12014,0.00000
14,122,1791238744951,SYNC,REMOVE,9147,BUY_LIMIT,S,8,EXT,1.12073,0.00000
14,122,1791238744951,ENGINE,PLACE,9148,BUY_LIMIT,S,8,EXT,1.12073,0.00000
14,122,1791244201125,LATTICE,MODIFY,9114,BUY_LIMIT,S,1,EXT,1.12133,1.11644
14,122,1791244201409,LATTICE,PLACE,9149,BUY_LIMIT,S,2,EXT,1.11713,0.00000
14,122,1791244201692,LATTICE,REMOVE,9148,BUY_LIMIT,S,8,EXT,1.12073,0.00000
14,123,1791244210001,TIMER,MODIFY,1978943308,SELL_LIMIT,L,0,EXT,1.13253,1.13245
14,123,1791244390001,TIMER,MODIFY,9040,SELL_LIMIT,L,7,EXT,1.12293,1.12285
14,123,1791244450001,TIMER,MODIFY,9114,BUY_LIMIT,S,1,EXT,1.12134,1.12133
14,123,1791244450285,TIMER,MODIFY,9149,BUY_LIMIT,S,2,EXT,1.11714,1.11713
15,-1,1791251939001,SEED,PLACE,1978943308,SELL_LIMIT,L,0,EXT,1.13253,0.00000
15,-1,1791251939001,SEED,PLACE,1985507377,SELL_LIMIT,L,7,EXT,1.12293,0.00000
15,-1,1791251939001,SEED,PLACE,1986609652,BUY_LIMIT,S,1,EXT,1.12134,0.00000
15,-1,1791251939001,SEED,PLACE,1988240215,BUY_LIMIT,S,2,EXT,1.11714,0.00000
16,-1,1791252107002,SEED,PLACE,1978943308,SELL_LIMIT,L,0,EXT,1.13253,0.00000
16,-1,1791252107002,SEED,PLACE,1985507377,SELL_LIMIT,L,7,EXT,1.12293,0.00000
16,-1,1791252107002,SEED,PLACE,1986609652,BUY_LIMIT,S,1,EXT,1.12134,0.00000
16,-1,1791252107002,SEED,PLACE,1988240215,BUY_LIMIT,S,2,EXT,1.11714,0.00000
16,0,1791252111247,LATTICE,MODIFY,1978943308,SELL_LIMIT,L,0,EXT,1.12266,1.13253
16,0,1791252111531,LATTICE,PLACE,9000,SELL_LIMIT,L,1,EXT,1.13193,0.00000
16,0,1791252111814,LATTICE,REMOVE,1985507377,SELL_LIMIT,L,7,EXT,1.12293,0.00000
16,1,1791252120092,LATTICE,MODIFY,9000,SELL_LIMIT,L,1,EXT,1.12206,1.13193
16,1,1791252120376,LATTICE,PLACE,9001,SELL_LIMIT,L,2,EXT,1.12593,0.00000
16,1,1791252120659,LATTICE,REMOVE,1978943308,SELL_LIMIT,L,0,EXT,1.12266,0.00000
16,2,1791252123728,LATTICE,MODIFY,9001,SELL_LIMIT,L,2,EXT,1.12201,1.12593
16,2,1791252124012,LATTICE,PLACE,9002,SELL_LIMIT,L,3,EXT,1.12533,0.00000
16,2,1791252124295,LATTICE,REMOVE,9000,SELL_LIMIT,L,1,EXT,1.12206,0.00000
16,3,1791252126110,LATTICE,MODIFY,9002,SELL_LIMIT,L,3,EXT,1.12202,1.12533
16,3,1791252126394,LATTICE,PLACE,9003,SELL_LIMIT,L,4,EXT,1.12473,0.00000
16,3,1791252126677,LATTICE,REMOVE,9001,SELL_LIMIT,L,2,EXT,1.12201,0.00000
16,4,1791252133761,LATTICE,MODIFY,9003,SELL_LIMIT,L,4,EXT,1.12202,1.12473
16,4,1791252134045,LATTICE,PLACE,9004,SELL_LIMIT,L,5,EXT,1.12413,0.00000
16,4,1791252134328,LATTICE,REMOVE,9002,SELL_LIMIT,L,3,EXT,1.12202,0.00000
16,5,1791252134977,LATTICE,MODIFY,9004,SELL_LIMIT,L,5,EXT,1.12201,1.12413
16,5,1791252135261,LATTICE,PLACE,9005,SELL_LIMIT,L,6,EXT,1.12353,0.00000
16,5,1791252135544,LATTICE,REMOVE,9003,SELL_LIMIT,L,4,EXT,1.12202,0.00000
16,6,1791252136166,LATTICE,MODIFY,9005,SELL_LIMIT,L,6,EXT,1.12202,1.12353
16,6,1791252136450,LATTICE,PLACE,9006,SELL_LIMIT,L,7,EXT,1.12293,0.00000
16,6,1791252136733,LATTICE,REMOVE,9004,SELL_LIMIT,L,5,EXT,1.12201,0.00000
16,6,1791252136776,LATTICE,MODIFY,9006,SELL_LIMIT,L,7,EXT,1.12196,1.12293
16,6,1791252137060,LATTICE,PLACE,9007,SELL_LIMIT,L,0,EXT,1.12266,0.00000
16,6,1791252137343,LATTICE,REMOVE,9005,SELL_LIMIT,L,6,EXT,1.12202,0.00000
16,7,1791252137610,LATTICE,MODIFY,9007,SELL_LIMIT,L,0,EXT,1.12195,1.12266
16,7,1791252137894,LATTICE,PLACE,9008,SELL_LIMIT,L,1,EXT,1.12206,0.00000
16,7,1791252138177,LATTICE,REMOVE,9006,SELL_LIMIT,L,7,EXT,1.12196,0.00000
16,8,1791253040721,DEAL,FILL,9007,SELL_LIMIT,L,0,EXT,1.12195,0.00000
16,9,1791253041264,ENGINE,PLACE,9009,SELL_LIMIT,L,7,EXT,1.12195,0.00000
16,9,1791253041547,ENGINE,PLACE,9010,BUY_LIMIT,L,8,ENT,1.11637,0.00000
16,11,1791253046142,DEAL,FILL,9009,SELL_LIMIT,L,7,EXT,1.12195,0.00000
16,11,1791253047176,CB_DONE,PLACE,9011,SELL_LIMIT,L,6,EXT,1.12197,0.00000
16,11,1791253073060,ENGINE,REMOVE,9010,BUY_LIMIT,L,8,ENT,1.11637,0.00000
16,12,1791253077079,ENGINE,PLACE,9012,BUY_LIMIT,L,7,ENT,1.11697,0.00000
16,12,1791253077362,DEAL,FILL,9011,SELL_LIMIT,L,6,EXT,1.12197,0.00000
16,14,1791253078199,CB_DONE,PLACE,9013,SELL_LIMIT,L,5,EXT,1.12198,0.00000
16,14,1791253080093,ENGINE,REMOVE,9012,BUY_LIMIT,L,7,ENT,1.11697,0.00000
16,14,1791253081695,ENGINE,PLACE,9014,BUY_LIMIT,L,6,ENT,1.11757,0.00000
16,14,1791253090429,DEAL,FILL,9013,SELL_LIMIT,L,5,EXT,1.12198,0.00000
16,14,1791253091866,CB_DONE,PLACE,9015,SELL_LIMIT,L,4,EXT,1.12199,0.00000
16,14,1791253095794,ENGINE,REMOVE,9014,BUY_LIMIT,L,6,ENT,1.11757,0.00000
16,14,1791253097010,ENGINE,PLACE,9016,BUY_LIMIT,L,5,ENT,1.11817,0.00000
16,14,1791253097293,DEAL,FILL,9015,SELL_LIMIT,L,4,EXT,1.12199,0.00000
16,15,1791253099500,ENGINE,PLACE,9017,SELL_LIMIT,L,5,EXT,1.12201,0.00000
16,15,1791253099783,ENGINE,REMOVE,9016,BUY_LIMIT,L,5,ENT,1.11817,0.00000
16,17,1791253104039,ENGINE,PLACE,9018,BUY_LIMIT,L,6,ENT,1.11757,0.00000
16,17,1791253111324,DEAL,FILL,9017,SELL_LIMIT,L,5,EXT,1.12201,0.00000
16,18,1791253111870,ENGINE,PLACE,9019,SELL_LIMIT,L,4,EXT,1.12202,0.00000
16,18,1791253112153,ENGINE,REMOVE,9018,BUY_LIMIT,L,6,ENT,1.11757,0.00000
16,20,1791253113675,ENGINE,PLACE,9020,BUY_LIMIT,L,5,ENT,1.11817,0.00000
16,20,1791253432915,DEAL,FILL,9019,SELL_LIMIT,L,4,EXT,1.12202,0.00000
16,21,1791253434070,ENGINE,PLACE,9021,SELL_LIMIT,L,3,EXT,1.12206,0.00000
16,21,1791253434353,ENGINE,REMOVE,9020,BUY_LIMIT,L,5,ENT,1.11817,0.00000
16,23,1791253435511,ENGINE,PLACE,9022,BUY_LIMIT,L,4,ENT,1.11877,0.00000
16,23,1791253469908,DEAL,FILL,9008,SELL_LIMIT,L,1,EXT,1.12206,0.00000
16,23,1791253469908,DEAL,FILL,9021,SELL_LIMIT,L,3,EXT,1.12206,0.00000
16,25,1791253471017,ENGINE,PLACE,9023,SELL_LIMIT,L,2,EXT,1.12207,0.00000
16,25,1791253471300,ENGINE,REMOVE,9022,BUY_LIMIT,L,4,ENT,1.11877,0.00000
16,29,1791253475028,ENGINE,PLACE,9024,BUY_LIMIT,L,3,ENT,1.11937,0.00000
16,29,1791253890233,DEAL,FILL,9023,SELL_LIMIT,L,2,EXT,1.12207,0.00000
16,30,1791253891187,ENGINE,PLACE,9025,BUY_LIMIT,L,0,ENT,1.12138,0.00000
16,30,1791253891470,ENGINE,REMOVE,9024,BUY_LIMIT,L,3,ENT,1.11937,0.00000
16,33,1791256016909,ENGINE,PLACE,9026,SELL_LIMIT,L,0,EXT,1.12239,0.00000
16,33,1791256017192,ENGINE,PLACE,9027,BUY_LIMIT,L,1,ENT,1.12079,0.00000
16,33,1791256017475,ENGINE,REMOVE,9025,BUY_LIMIT,L,0,ENT,1.12138,0.00000
16,33,1791259209642,DEAL,FILL,9026,SELL_LIMIT,L,0,EXT,1.12239,0.00000
16,34,1791259209975,ENGINE,PLACE,9028,BUY_LIMIT,L,0,ENT,1.12173,0.00000
16,34,1791259210258,ENGINE,REMOVE,9027,BUY_LIMIT,L,1,ENT,1.12079,0.00000
16,36,1791259229486,ENGINE,MODIFY,9028,BUY_LIMIT,L,0,ENT,1.12221,1.12173
16,37,1791260841919,LATTICE,MODIFY,1988240215,BUY_LIMIT,S,2,EXT,1.12194,1.11714
16,37,1791260842203,LATTICE,PLACE,9029,BUY_LIMIT,S,3,EXT,1.11774,0.00000
16,37,1791260842486,LATTICE,REMOVE,1986609652,BUY_LIMIT,S,1,EXT,1.12134,0.00000
16,37,1791262328030,DEAL,PLACE,9030,SELL_LIMIT,L,0,EXT,1.12321,0.00000
16,37,1791262328313,DEAL,PLACE,9031,BUY_LIMIT,L,1,ENT,1.12161,0.00000
16,37,1791262328596,DEAL,FILL,9028,BUY_LIMIT,L,0,ENT,1.12221,0.00000
16,38,1791262328582,SYNC,REMOVE,9030,SELL_LIMIT,L,0,EXT,1.12321,0.00000
16,38,1791262328596,ENGINE,PLACE,9032,SELL_LIMIT,L,0,EXT,1.12321,0.00000
16,38,1791262495794,DEAL,FILL,1988240215,BUY_LIMIT,S,2,EXT,1.12194,0.00000
16,39,1791262496949,ENGINE,PLACE,9033,BUY_LIMIT,S,1,EXT,1.12134,0.00000
16,39,1791262497232,ENGINE,PLACE,9034,SELL_LIMIT,S,9,ENT,1.12293,0.00000
16,41,1791263398853,DEAL,PLACE,9035,SELL_LIMIT,L,1,EXT,1.12261,0.00000
16,41,1791263399136,DEAL,PLACE,9036,BUY_LIMIT,L,2,ENT,1.12101,0.00000
16,41,1791263399419,DEAL,FILL,9031,BUY_LIMIT,L,1,ENT,1.12161,0.00000
16,42,1791263400202,SYNC,REMOVE,9035,SELL_LIMIT,L,1,EXT,1.12261,0.00000
16,42,1791263400202,ENGINE,PLACE,9037,SELL_LIMIT,L,1,EXT,1.12261,0.00000
16,42,1791264898504,DEAL,FILL,9033,BUY_LIMIT,S,1,EXT,1.12134,0.00000
16,43,1791264898649,ENGINE,MODIFY,9034,SELL_LIMIT,S,9,ENT,1.12233,1.12293
16,43,1791264898933,ENGINE,PLACE,9038,BUY_LIMIT,S,8,EXT,1.12074,0.00000
17,-1,1791268032000,SEED,PLACE,1988651286,SELL_LIMIT,L,0,EXT,1.12321,0.00000
17,-1,1791268032000,SEED,PLACE,1988684389,SELL_LIMIT,L,1,EXT,1.12261,0.00000
17,-1,1791268032000,SEED,PLACE,1988684397,BUY_LIMIT,L,2,ENT,1.12101,0.00000
17,-1,1791268032000,SEED,PLACE,1988601469,BUY_LIMIT,S,3,EXT,1.11774,0.00000
17,-1,1791268032000,SEED,PLACE,1988730284,BUY_LIMIT,S,8,EXT,1.12074,0.00000
17,-1,1791268032000,SEED,PLACE,1988656572,SELL_LIMIT,S,9,ENT,1.12233,0.00000
17,-1,1791268984339,DEAL,PLACE,9000,BUY_LIMIT,S,9,EXT,1.12132,0.00000
17,-1,1791268984622,DEAL,PLACE,9001,SELL_LIMIT,S,10,ENT,1.12292,0.00000
17,-1,1791268984905,DEAL,REMOVE,1988730284,BUY_LIMIT,S,8,EXT,1.12074,0.00000
17,-1,1791268984943,DEAL,FILL,1988656572,SELL_LIMIT,S,9,ENT,1.12233,0.00000
17,0,1791268984889,SYNC,REMOVE,9000,BUY_LIMIT,S,9,EXT,1.12132,0.00000
17,0,1791268984943,ENGINE,PLACE,9002,BUY_LIMIT,S,9,EXT,1.12132,0.00000
17,0,1791276619901,DEAL,FILL,9002,BUY_LIMIT,S,9,EXT,1.12132,0.00000
17,1,1791276620259,ENGINE,PLACE,9003,BUY_LIMIT,S,8,EXT,1.12074,0.00000
17,1,1791276620542,ENGINE,REMOVE,9001,SELL_LIMIT,S,10,ENT,1.12292,0.00000
17,3,1791276622273,ENGINE,PLACE,9004,SELL_LIMIT,S,9,ENT,1.12233,0.00000
17,3,1791277520852,DEAL,PLACE,9005,SELL_LIMIT,L,2,EXT,1.12196,0.00000
17,3,1791277521135,DEAL,PLACE,9006,BUY_LIMIT,L,3,ENT,1.12036,0.00000
17,3,1791277521418,DEAL,REMOVE,1988684389,SELL_LIMIT,L,1,EXT,1.12261,0.00000
17,3,1791277521456,DEAL,FILL,1988684397,BUY_LIMIT,L,2,ENT,1.12101,0.00000
17,4,1791277521193,SYNC,REMOVE,9005,SELL_LIMIT,L,2,EXT,1.12196,0.00000
17,4,1791277521456,ENGINE,PLACE,9007,SELL_LIMIT,L,2,EXT,1.12196,0.00000
17,4,1791277597311,DEAL,FILL,9003,BUY_LIMIT,S,8,EXT,1.12074,0.00000
17,5,1791277597655,ENGINE,PLACE,9008,BUY_LIMIT,S,7,EXT,1.12015,0.00000
17,5,1791277597938,ENGINE,REMOVE,9004,SELL_LIMIT,S,9,ENT,1.12233,0.00000
17,7,1791277598256,ENGINE,PLACE,9009,SELL_LIMIT,S,8,ENT,1.12174,0.00000
17,7,1791277874217,DEAL,PLACE,9010,SELL_LIMIT,L,3,EXT,1.12136,0.00000
17,7,1791277874500,DEAL,PLACE,9011,BUY_LIMIT,L,4,ENT,1.11976,0.00000
17,7,1791277874783,DEAL,FILL,9006,BUY_LIMIT,L,3,ENT,1.12036,0.00000
17,7,1791277874783,DEAL,REMOVE,9007,SELL_LIMIT,L,2,EXT,1.12196,0.00000
17,8,1791277876770,SYNC,REMOVE,9010,SELL_LIMIT,L,3,EXT,1.12136,0.00000
17,8,1791277876770,ENGINE,PLACE,9012,SELL_LIMIT,L,3,EXT,1.12136,0.00000
17,8,1791281054770,DEAL,FILL,9012,SELL_LIMIT,L,3,EXT,1.12136,0.00000
17,9,1791281056124,ENGINE,PLACE,9013,SELL_LIMIT,L,2,EXT,1.12196,0.00000
17,9,1791281056407,ENGINE,REMOVE,9011,BUY_LIMIT,L,4,ENT,1.11976,0.00000
17,11,1791281056728,ENGINE,PLACE,9014,BUY_LIMIT,L,3,ENT,1.12036,0.00000
17,11,1791281281865,DEAL,PLACE,9015,SELL_LIMIT,L,3,EXT,1.12135,0.00000
17,11,1791281282148,DEAL,PLACE,9016,BUY_LIMIT,L,4,ENT,1.11975,0.00000
17,11,1791281282431,DEAL,REMOVE,9013,SELL_LIMIT,L,2,EXT,1.12196,0.00000
17,11,1791281282469,DEAL,FILL,9014,BUY_LIMIT,L,3,ENT,1.12036,0.00000
17,12,1791281282213,SYNC,REMOVE,9015,SELL_LIMIT,L,3,EXT,1.12135,0.00000
17,12,1791281282469,ENGINE,PLACE,9017,SELL_LIMIT,L,3,EXT,1.12135,0.00000
17,12,1791281695089,DEAL,FILL,9017,SELL_LIMIT,L,3,EXT,1.12135,0.00000
17,13,1791281695241,ENGINE,PLACE,9018,SELL_LIMIT,L,2,EXT,1.12196,0.00000
17,13,1791281695524,ENGINE,REMOVE,9016,BUY_LIMIT,L,4,ENT,1.11975,0.00000
17,15,1791281696043,ENGINE,PLACE,9019,BUY_LIMIT,L,3,ENT,1.12036,0.00000
17,15,1791281709377,DEAL,PLACE,9020,BUY_LIMIT,S,8,EXT,1.12075,0.00000
17,15,1791281709660,DEAL,PLACE,9021,SELL_LIMIT,S,9,ENT,1.12235,0.00000
17,15,1791281709943,DEAL,REMOVE,9008,BUY_LIMIT,S,7,EXT,1.12015,0.00000
17,15,1791281709981,DEAL,FILL,9009,SELL_LIMIT,S,8,ENT,1.12174,0.00000
17,16,1791281709525,SYNC,REMOVE,9020,BUY_LIMIT,S,8,EXT,1.12075,0.00000
17,16,1791281709981,ENGINE,PLACE,9022,BUY_LIMIT,S,8,EXT,1.12075,0.00000
17,16,1791281738407,DEAL,FILL,9018,SELL_LIMIT,L,2,EXT,1.12196,0.00000
17,17,1791281738956,ENGINE,PLACE,9023,SELL_LIMIT,L,1,EXT,1.12261,0.00000
17,17,1791281739239,ENGINE,REMOVE,9019,BUY_LIMIT,L,3,ENT,1.12036,0.00000
17,19,1791281740359,ENGINE,PLACE,9024,BUY_LIMIT,L,2,ENT,1.12101,0.00000
17,19,1791282864257,DEAL,PLACE,9025,BUY_LIMIT,S,9,EXT,1.12139,0.00000
17,19,1791282864540,DEAL,PLACE,9026,SELL_LIMIT,S,10,ENT,1.12299,0.00000
17,19,1791282864823,DEAL,FILL,9021,SELL_LIMIT,S,9,ENT,1.12235,0.00000
17,19,1791282864823,DEAL,REMOVE,9022,BUY_LIMIT,S,8,EXT,1.12075,0.00000
17,20,1791282864802,SYNC,REMOVE,9025,BUY_LIMIT,S,9,EXT,1.12139,0.00000
17,20,1791282864861,ENGINE,PLACE,9027,BUY_LIMIT,S,9,EXT,1.12139,0.00000
17,20,1791283190076,DEAL,FILL,9023,SELL_LIMIT,L,1,EXT,1.12261,0.00000
17,21,1791283190239,ENGINE,REMOVE,9024,BUY_LIMIT,L,2,ENT,1.12101,0.00000
17,23,1791283190637,ENGINE,PLACE,9028,BUY_LIMIT,L,1,ENT,1.12161,0.00000
17,23,1791283223260,DEAL,PLACE,9029,BUY_LIMIT,S,10,EXT,1.12208,0.00000
17,23,1791283223543,DEAL,FILL,9026,SELL_LIMIT,S,10,ENT,1.12299,0.00000
17,23,1791283223543,DEAL,REMOVE,9027,BUY_LIMIT,S,9,EXT,1.12139,0.00000
17,24,1791283223403,SYNC,REMOVE,9029,BUY_LIMIT,S,10,EXT,1.12208,0.00000
17,24,1791283223581,ENGINE,PLACE,9030,BUY_LIMIT,S,10,EXT,1.12208,0.00000
17,24,1791283864932,DEAL,FILL,1988651286,SELL_LIMIT,L,0,EXT,1.12321,0.00000
17,25,1791283866701,ENGINE,PLACE,9031,BUY_LIMIT,L,0,ENT,1.12301,0.00000
17,25,1791283866984,ENGINE,REMOVE,9028,BUY_LIMIT,L,1,ENT,1.12161,0.00000
17,27,1791284001644,ENGINE,MODIFY,9031,BUY_LIMIT,L,0,ENT,1.12331,1.12301
17,28,1791284005085,LATTICE,MODIFY,1988601469,BUY_LIMIT,S,3,EXT,1.12269,1.11774
17,28,1791284005369,LATTICE,PLACE,9032,BUY_LIMIT,S,4,EXT,1.11834,0.00000
17,28,1791284005652,LATTICE,REMOVE,9030,BUY_LIMIT,S,10,EXT,1.12208,0.00000
17,28,1791284007506,ENGINE,MODIFY,9031,BUY_LIMIT,L,0,ENT,1.12354,1.12331
17,28,1791284073221,DEAL,PLACE,9033,SELL_LIMIT,L,0,EXT,1.12451,0.00000
17,28,1791284073504,DEAL,PLACE,9034,BUY_LIMIT,L,1,ENT,1.12291,0.00000
17,28,1791284073787,DEAL,FILL,9031,BUY_LIMIT,L,0,ENT,1.12354,0.00000
17,29,1791284073359,SYNC,REMOVE,9033,SELL_LIMIT,L,0,EXT,1.12451,0.00000
17,29,1791284073787,ENGINE,PLACE,9035,SELL_LIMIT,L,0,EXT,1.12451,0.00000
17,30,1791284302281,LATTICE,MODIFY,9032,BUY_LIMIT,S,4,EXT,1.12329,1.11834
17,30,1791284302565,LATTICE,PLACE,9036,BUY_LIMIT,S,5,EXT,1.11897,0.00000
17,30,1791284302848,LATTICE,REMOVE,1988601469,BUY_LIMIT,S,3,EXT,1.12269,0.00000
17,30,1791284821308,DEAL,FILL,9032,BUY_LIMIT,S,4,EXT,1.12329,0.00000
17,30,1791284821744,CB_DONE,PLACE,9037,BUY_LIMIT,S,3,EXT,1.12269,0.00000
17,31,1791284822027,ENGINE,PLACE,9038,SELL_LIMIT,S,11,ENT,1.12428,0.00000
17,33,1791284902265,DEAL,PLACE,9039,SELL_LIMIT,L,1,EXT,1.12391,0.00000
17,33,1791284902548,DEAL,PLACE,9040,BUY_LIMIT,L,2,ENT,1.12231,0.00000
17,33,1791284902831,DEAL,FILL,9034,BUY_LIMIT,L,1,ENT,1.12291,0.00000
17,34,1791284902407,SYNC,REMOVE,9039,SELL_LIMIT,L,1,EXT,1.12391,0.00000
17,34,1791284902831,ENGINE,PLACE,9041,SELL_LIMIT,L,1,EXT,1.12391,0.00000
17,34,1791285377805,DEAL,FILL,9037,BUY_LIMIT,S,3,EXT,1.12269,0.00000
17,35,1791285377950,ENGINE,MODIFY,9038,SELL_LIMIT,S,11,ENT,1.12368,1.12428
17,35,1791285378234,ENGINE,PLACE,9042,BUY_LIMIT,S,10,EXT,1.12208,0.00000
17,37,1791286570269,DEAL,PLACE,9043,BUY_LIMIT,S,11,EXT,1.12268,0.00000
17,37,1791286570552,DEAL,PLACE,9044,SELL_LIMIT,S,12,ENT,1.12428,0.00000
17,37,1791286570835,DEAL,FILL,9038,SELL_LIMIT,S,11,ENT,1.12368,0.00000
17,37,1791286570835,DEAL,REMOVE,9042,BUY_LIMIT,S,10,EXT,1.12208,0.00000
17,38,1791286570409,SYNC,REMOVE,9043,BUY_LIMIT,S,11,EXT,1.12268,0.00000
17,38,1791286570873,ENGINE,PLACE,9045,BUY_LIMIT,S,11,EXT,1.12268,0.00000
17,38,1791286628240,DEAL,FILL,9041,SELL_LIMIT,L,1,EXT,1.12391,0.00000
17,39,1791286628388,ENGINE,REMOVE,9040,BUY_LIMIT,L,2,ENT,1.12231,0.00000
17,39,1791286628589,ENGINE,PLACE,9046,BUY_LIMIT,L,1,ENT,1.12291,0.00000
17,41,1791286862941,DEAL,PLACE,9047,BUY_LIMIT,S,12,EXT,1.12328,0.00000
17,41,1791286863224,DEAL,FILL,9044,SELL_LIMIT,S,12,ENT,1.12428,0.00000
17,41,1791286863224,DEAL,REMOVE,9045,BUY_LIMIT,S,11,EXT,1.12268,0.00000
17,42,1791286863099,SYNC,REMOVE,9047,BUY_LIMIT,S,12,EXT,1.12328,0.00000
17,42,1791286863262,ENGINE,PLACE,9048,BUY_LIMIT,S,12,EXT,1.12328,0.00000
17,42,1791286878207,DEAL,FILL,9035,SELL_LIMIT,L,0,EXT,1.12451,0.00000
17,43,1791286878356,ENGINE,PLACE,9049,BUY_LIMIT,L,0,ENT,1.12439,0.00000
17,43,1791286878639,ENGINE,REMOVE,9046,BUY_LIMIT,L,1,ENT,1.12291,0.00000
17,45,1791286903178,DEAL,PLACE,9050,SELL_LIMIT,L,0,EXT,1.12540,0.00000
17,45,1791286903461,DEAL,PLACE,9051,BUY_LIMIT,L,1,ENT,1.12380,0.00000
17,45,1791286903744,DEAL,FILL,9049,BUY_LIMIT,L,0,ENT,1.12439,0.00000
17,46,1791286909783,SYNC,REMOVE,9050,SELL_LIMIT,L,0,EXT,1.12540,0.00000
17,46,1791286909783,ENGINE,MODIFY,9051,BUY_LIMIT,L,1,ENT,1.12375,1.12380
17,46,1791286910067,ENGINE,PLACE,9052,SELL_LIMIT,L,0,EXT,1.12535,0.00000
17,46,1791288797278,DEAL,PLACE,9053,SELL_LIMIT,L,1,EXT,1.12474,0.00000
17,46,1791288797561,DEAL,PLACE,9054,BUY_LIMIT,L,2,ENT,1.12314,0.00000
17,46,1791288797844,DEAL,FILL,9051,BUY_LIMIT,L,1,ENT,1.12375,0.00000
17,47,1791288797416,SYNC,REMOVE,9053,SELL_LIMIT,L,1,EXT,1.12474,0.00000
17,47,1791288797844,ENGINE,PLACE,9055,SELL_LIMIT,L,1,EXT,1.12474,0.00000
17,47,1791291111875,DEAL,FILL,9055,SELL_LIMIT,L,1,EXT,1.12474,0.00000
17,48,1791291112018,ENGINE,REMOVE,9054,BUY_LIMIT,L,2,ENT,1.12314,0.00000
17,48,1791291112225,ENGINE,PLACE,9056,BUY_LIMIT,L,1,ENT,1.12375,0.00000
17,51,1791295981127,LATTICE,MODIFY,9036,BUY_LIMIT,S,5,EXT,1.12389,1.11897
17,51,1791295981411,LATTICE,PLACE,9057,BUY_LIMIT,S,6,EXT,1.11957,0.00000
17,51,1791295981694,LATTICE,REMOVE,9048,BUY_LIMIT,S,12,EXT,1.12328,0.00000
17,51,1791296132703,DEAL,FILL,9052,SELL_LIMIT,L,0,EXT,1.12535,0.00000
17,52,1791296132849,ENGINE,PLACE,9058,BUY_LIMIT,L,0,ENT,1.12521,0.00000
17,52,1791296133132,ENGINE,REMOVE,9056,BUY_LIMIT,L,1,ENT,1.12375,0.00000
17,55,1791296302069,LATTICE,MODIFY,9057,BUY_LIMIT,S,6,EXT,1.12449,1.11957
17,55,1791296302353,LATTICE,PLACE,9059,BUY_LIMIT,S,7,EXT,1.12015,0.00000
17,55,1791296302636,LATTICE,REMOVE,9036,BUY_LIMIT,S,5,EXT,1.12389,0.00000
17,55,1791296317987,ENGINE,MODIFY,9058,BUY_LIMIT,L,0,ENT,1.12543,1.12521
17,55,1791296526848,ENGINE,MODIFY,9058,BUY_LIMIT,L,0,ENT,1.12564,1.12543
17,55,1791296657809,DEAL,PLACE,9060,SELL_LIMIT,L,0,EXT,1.12664,0.00000
17,55,1791296658092,DEAL,PLACE,9061,BUY_LIMIT,L,1,ENT,1.12504,0.00000
17,55,1791296658375,DEAL,FILL,9058,BUY_LIMIT,L,0,ENT,1.12564,0.00000
17,56,1791296733664,SYNC,REMOVE,9060,SELL_LIMIT,L,0,EXT,1.12664,0.00000
17,56,1791296733664,LATTICE,MODIFY,9059,BUY_LIMIT,S,7,EXT,1.12509,1.12015
17,56,1791296733948,LATTICE,PLACE,9062,BUY_LIMIT,S,8,EXT,1.12075,0.00000
17,56,1791296734231,LATTICE,REMOVE,9057,BUY_LIMIT,S,6,EXT,1.12449,0.00000
17,56,1791296734269,ENGINE,PLACE,9063,BUY_LIMIT,L,0,ENT,1.12598,0.00000
17,56,1791296734552,ENGINE,REMOVE,9061,BUY_LIMIT,L,1,ENT,1.12504,0.00000
17,56,1791296765679,ENGINE,MODIFY,9063,BUY_LIMIT,L,0,ENT,1.12624,1.12598
17,57,1791296791213,ENGINE,PLACE,9064,SELL_LIMIT,L,0,EXT,1.12734,0.00000
17,57,1791296791496,ENGINE,PLACE,9065,BUY_LIMIT,L,1,ENT,1.12574,0.00000
17,57,1791296791779,ENGINE,REMOVE,9063,BUY_LIMIT,L,0,ENT,1.12624,0.00000
17,58,1791296859386,LATTICE,MODIFY,9062,BUY_LIMIT,S,8,EXT,1.12568,1.12075
17,58,1791296859670,LATTICE,PLACE,9066,BUY_LIMIT,S,9,EXT,1.12139,0.00000
17,58,1791296859953,LATTICE,REMOVE,9059,BUY_LIMIT,S,7,EXT,1.12509,0.00000
17,59,1791298984556,LATTICE,MODIFY,9066,BUY_LIMIT,S,9,EXT,1.12628,1.12139
17,59,1791298984840,LATTICE,PLACE,9067,BUY_LIMIT,S,10,EXT,1.12208,0.00000
17,59,1791298985123,LATTICE,REMOVE,9062,BUY_LIMIT,S,8,EXT,1.12568,0.00000
17,59,1791298985161,DEAL,FILL,9064,SELL_LIMIT,L,0,EXT,1.12734,0.00000
17,60,1791298985161,ENGINE,PLACE,9068,BUY_LIMIT,L,0,ENT,1.12716,0.00000
17,60,1791298985444,ENGINE,REMOVE,9065,BUY_LIMIT,L,1,ENT,1.12574,0.00000
17,62,1791299025810,ENGINE,MODIFY,9068,BUY_LIMIT,L,0,ENT,1.12737,1.12716
17,62,1791299116987,DEAL,PLACE,9069,SELL_LIMIT,L,0,EXT,1.12838,0.00000
17,62,1791299117270,DEAL,PLACE,9070,BUY_LIMIT,L,1,ENT,1.12678,0.00000
17,62,1791299117553,DEAL,FILL,9068,BUY_LIMIT,L,0,ENT,1.12737,0.00000
17,63,1791299121161,SYNC,REMOVE,9069,SELL_LIMIT,L,0,EXT,1.12838,0.00000
17,63,1791299121161,ENGINE,MODIFY,9070,BUY_LIMIT,L,1,ENT,1.12673,1.12678
17,63,1791299121445,ENGINE,PLACE,9071,SELL_LIMIT,L,0,EXT,1.12833,0.00000
17,63,1791299206317,DEAL,PLACE,9072,SELL_LIMIT,L,1,EXT,1.12771,0.00000
17,63,1791299206600,DEAL,PLACE,9073,BUY_LIMIT,L,2,ENT,1.12611,0.00000
17,63,1791299206883,DEAL,FILL,9070,BUY_LIMIT,L,1,ENT,1.12673,0.00000
17,64,1791299206460,SYNC,REMOVE,9072,SELL_LIMIT,L,1,EXT,1.12771,0.00000
17,64,1791299206883,ENGINE,PLACE,9074,SELL_LIMIT,L,1,EXT,1.12771,0.00000
17,64,1791300556564,DEAL,FILL,9066,BUY_LIMIT,S,9,EXT,1.12628,0.00000
17,65,1791300556715,ENGINE,PLACE,9075,BUY_LIMIT,S,8,EXT,1.12568,0.00000
17,65,1791300556998,ENGINE,PLACE,9076,SELL_LIMIT,S,13,ENT,1.12728,0.00000
17,67,1791301443848,DEAL,PLACE,9077,SELL_LIMIT,L,2,EXT,1.12711,0.00000
17,67,1791301444131,DEAL,PLACE,9078,BUY_LIMIT,L,3,ENT,1.12551,0.00000
17,67,1791301444414,DEAL,FILL,9073,BUY_LIMIT,L,2,ENT,1.12611,0.00000
17,67,1791301444414,DEAL,REMOVE,9074,SELL_LIMIT,L,1,EXT,1.12771,0.00000
17,68,1791301444193,SYNC,REMOVE,9077,SELL_LIMIT,L,2,EXT,1.12711,0.00000
17,68,1791301444452,ENGINE,PLACE,9079,SELL_LIMIT,L,2,EXT,1.12711,0.00000
17,68,1791301992534,DEAL,FILL,9075,BUY_LIMIT,S,8,EXT,1.12568,0.00000
17,69,1791301992680,ENGINE,MODIFY,9076,SELL_LIMIT,S,13,ENT,1.12668,1.12728
17,69,1791301992964,ENGINE,PLACE,9080,BUY_LIMIT,S,7,EXT,1.12509,0.00000
17,71,1791303853387,DEAL,PLACE,9081,SELL_LIMIT,L,3,EXT,1.12645,0.00000
17,71,1791303853670,DEAL,PLACE,9082,BUY_LIMIT,L,4,ENT,1.12485,0.00000
17,71,1791303853953,DEAL,FILL,9078,BUY_LIMIT,L,3,ENT,1.12551,0.00000
17,71,1791303853953,DEAL,REMOVE,9079,SELL_LIMIT,L,2,EXT,1.12711,0.00000
17,72,1791303853726,SYNC,REMOVE,9081,SELL_LIMIT,L,3,EXT,1.12645,0.00000
17,72,1791303853991,ENGINE,PLACE,9083,SELL_LIMIT,L,3,EXT,1.12645,0.00000
17,72,1791304717407,DEAL,FILL,9080,BUY_LIMIT,S,7,EXT,1.12509,0.00000
17,73,1791304717957,ENGINE,MODIFY,9076,SELL_LIMIT,S,13,ENT,1.12608,1.12668
17,73,1791304718241,ENGINE,PLACE,9084,BUY_LIMIT,S,6,EXT,1.12449,0.00000
17,75,1791304915203,DEAL,PLACE,9085,SELL_LIMIT,L,4,EXT,1.12585,0.00000
17,75,1791304915486,DEAL,PLACE,9086,BUY_LIMIT,L,5,ENT,1.12425,0.00000
17,75,1791304915769,DEAL,FILL,9082,BUY_LIMIT,L,4,ENT,1.12485,0.00000
17,75,1791304915769,DEAL,REMOVE,9083,SELL_LIMIT,L,3,EXT,1.12645,0.00000
17,76,1791304918576,SYNC,REMOVE,9085,SELL_LIMIT,L,4,EXT,1.12585,0.00000
17,76,1791304918576,ENGINE,PLACE,9087,SELL_LIMIT,L,4,EXT,1.12585,0.00000
17,76,1791308545424,DEAL,FILL,9084,BUY_LIMIT,S,6,EXT,1.12449,0.00000
17,77,1791308545780,ENGINE,MODIFY,9076,SELL_LIMIT,S,13,ENT,1.12548,1.12608
17,77,1791308546064,ENGINE,PLACE,9088,BUY_LIMIT,S,5,EXT,1.12389,0.00000
17,79,1791309133544,DEAL,PLACE,9089,BUY_LIMIT,S,13,EXT,1.12449,0.00000
17,79,1791309133827,DEAL,PLACE,9090,SELL_LIMIT,S,14,ENT,1.12609,0.00000
17,79,1791309134110,DEAL,FILL,9076,SELL_LIMIT,S,13,ENT,1.12548,0.00000
17,79,1791309134110,DEAL,REMOVE,9088,BUY_LIMIT,S,5,EXT,1.12389,0.00000
17,80,1791309133691,SYNC,REMOVE,9089,BUY_LIMIT,S,13,EXT,1.12449,0.00000
17,80,1791309134148,ENGINE,PLACE,9091,BUY_LIMIT,S,13,EXT,1.12449,0.00000
17,80,1791309845289,DEAL,FILL,9087,SELL_LIMIT,L,4,EXT,1.12585,0.00000
17,81,1791309845432,ENGINE,PLACE,9092,SELL_LIMIT,L,3,EXT,1.12645,0.00000
17,81,1791309845715,ENGINE,REMOVE,9086,BUY_LIMIT,L,5,ENT,1.12425,0.00000
17,83,1791309846244,ENGINE,PLACE,9093,BUY_LIMIT,L,4,ENT,1.12485,0.00000
17,83,1791310464417,DEAL,PLACE,9094,BUY_LIMIT,S,14,EXT,1.12509,0.00000
17,83,1791310464700,DEAL,PLACE,9095,SELL_LIMIT,S,15,ENT,1.12669,0.00000
17,83,1791310464983,DEAL,FILL,9090,SELL_LIMIT,S,14,ENT,1.12609,0.00000
17,83,1791310464983,DEAL,REMOVE,9091,BUY_LIMIT,S,13,EXT,1.12449,0.00000
17,84,1791310465177,SYNC,REMOVE,9094,BUY_LIMIT,S,14,EXT,1.12509,0.00000
17,84,1791310465177,ENGINE,PLACE,9096,BUY_LIMIT,S,14,EXT,1.12509,0.00000
17,84,1791310788510,DEAL,FILL,9092,SELL_LIMIT,L,3,EXT,1.12645,0.00000
17,85,1791310789063,ENGINE,PLACE,9097,SELL_LIMIT,L,2,EXT,1.12711,0.00000
17,85,1791310789346,ENGINE,REMOVE,9093,BUY_LIMIT,L,4,ENT,1.12485,0.00000
17,87,1791310790675,ENGINE,PLACE,9098,BUY_LIMIT,L,3,ENT,1.12551,0.00000
17,87,1791311611404,DEAL,PLACE,9099,BUY_LIMIT,S,15,EXT,1.12568,0.00000
17,87,1791311611687,DEAL,PLACE,9100,SELL_LIMIT,S,16,ENT,1.12728,0.00000
17,87,1791311611970,DEAL,FILL,9095,SELL_LIMIT,S,15,ENT,1.12669,0.00000
17,87,1791311611970,DEAL,REMOVE,9096,BUY_LIMIT,S,14,EXT,1.12509,0.00000
17,88,1791311611950,SYNC,REMOVE,9099,BUY_LIMIT,S,15,EXT,1.12568,0.00000
17,88,1791311612008,ENGINE,PLACE,9101,BUY_LIMIT,S,15,EXT,1.12568,0.00000
17,88,1791313904261,DEAL,FILL,9101,BUY_LIMIT,S,15,EXT,1.12568,0.00000
17,89,1791313905207,ENGINE,PLACE,9102,BUY_LIMIT,S,14,EXT,1.12509,0.00000
17,89,1791313905490,ENGINE,REMOVE,9100,SELL_LIMIT,S,16,ENT,1.12728,0.00000
17,91,1791313905607,ENGINE,PLACE,9103,SELL_LIMIT,S,15,ENT,1.12669,0.00000
17,91,1791315465379,DEAL,PLACE,9104,SELL_LIMIT,L,3,EXT,1.12651,0.00000
17,91,1791315465662,DEAL,PLACE,9105,BUY_LIMIT,L,4,ENT,1.12491,0.00000
17,91,1791315465945,DEAL,REMOVE,9097,SELL_LIMIT,L,2,EXT,1.12711,0.00000
17,91,1791315465983,DEAL,FILL,9098,BUY_LIMIT,L,3,ENT,1.12551,0.00000
17,92,1791315466922,SYNC,REMOVE,9104,SELL_LIMIT,L,3,EXT,1.12651,0.00000
17,92,1791315466922,ENGINE,PLACE,9106,SELL_LIMIT,L,3,EXT,1.12651,0.00000
17,92,1791320972950,DEAL,FILL,9106,SELL_LIMIT,L,3,EXT,1.12651,0.00000
17,93,1791320977928,ENGINE,PLACE,9107,SELL_LIMIT,L,2,EXT,1.12711,0.00000
17,93,1791320978211,ENGINE,REMOVE,9105,BUY_LIMIT,L,4,ENT,1.12491,0.00000
17,95,1791320979729,ENGINE,PLACE,9108,BUY_LIMIT,L,3,ENT,1.12551,0.00000
17,95,1791330612000,TIMER,MODIFY,9071,SELL_LIMIT,L,0,EXT,1.12857,1.12833
17,95,1791330672000,TIMER,MODIFY,9107,SELL_LIMIT,L,2,EXT,1.12735,1.12711
17,95,1791330732000,TIMER,MODIFY,9067,BUY_LIMIT,S,10,EXT,1.12212,1.12208
17,95,1791330852000,TIMER,MODIFY,9102,BUY_LIMIT,S,14,EXT,1.12513,1.12509
17,95,1791331201154,ENGINE,MODIFY,9108,BUY_LIMIT,L,3,ENT,1.12495,1.12551
17,95,1791331201658,ENGINE,MODIFY,9108,BUY_LIMIT,L,3,ENT,1.12551,1.12495
17,95,1791331587259,ENGINE,MODIFY,9108,BUY_LIMIT,L,3,ENT,1.12530,1.12551
17,95,1791331588056,ENGINE,MODIFY,9108,BUY_LIMIT,L,3,ENT,1.12551,1.12530
17,95,1791331591685,ENGINE,MODIFY,9108,BUY_LIMIT,L,3,ENT,1.12530,1.12551
17,95,1791331592288,ENGINE,MODIFY,9108,BUY_LIMIT,L,3,ENT,1.12551,1.12530
17,95,1791332100219,ENGINE,MODIFY,9108,BUY_LIMIT,L,3,ENT,1.12530,1.12551
17,95,1791332101036,ENGINE,MODIFY,9108,BUY_LIMIT,L,3,ENT,1.12551,1.12530
17,95,1791340731279,DEAL,PLACE,9109,SELL_LIMIT,L,3,EXT,1.12650,0.00000
17,95,1791340731562,DEAL,PLACE,9110,BUY_LIMIT,L,4,ENT,1.12490,0.00000
17,95,1791340731845,DEAL,REMOVE,9107,SELL_LIMIT,L,2,EXT,1.12735,0.00000
17,95,1791340731883,DEAL,FILL,9108,BUY_LIMIT,L,3,ENT,1.12551,0.00000
17,96,1791340732240,SYNC,REMOVE,9109,SELL_LIMIT,L,3,EXT,1.12650,0.00000
17,96,1791340732240,ENGINE,PLACE,9111,SELL_LIMIT,L,3,EXT,1.12650,0.00000
17,96,1791342022770,DEAL,FILL,9102,BUY_LIMIT,S,14,EXT,1.12513,0.00000
17,97,1791342024928,ENGINE,PLACE,9112,BUY_LIMIT,S,13,EXT,1.12453,0.00000
17,97,1791342025211,ENGINE,REMOVE,9103,SELL_LIMIT,S,15,ENT,1.12669,0.00000
17,99,1791342033182,ENGINE,PLACE,9113,SELL_LIMIT,S,14,ENT,1.12609,0.00000
17,99,1791345327693,DEAL,PLACE,9114,SELL_LIMIT,L,4,EXT,1.12589,0.00000
17,99,1791345327976,DEAL,PLACE,9115,BUY_LIMIT,L,5,ENT,1.12429,0.00000
17,99,1791345328259,DEAL,FILL,9110,BUY_LIMIT,L,4,ENT,1.12490,0.00000
17,99,1791345328259,DEAL,REMOVE,9111,SELL_LIMIT,L,3,EXT,1.12650,0.00000
17,100,1791345327844,SYNC,REMOVE,9114,SELL_LIMIT,L,4,EXT,1.12589,0.00000
17,100,1791345328297,ENGINE,PLACE,9116,SELL_LIMIT,L,4,EXT,1.12589,0.00000
17,100,1791346075143,DEAL,FILL,9112,BUY_LIMIT,S,13,EXT,1.12453,0.00000
17,101,1791346080105,ENGINE,PLACE,9117,BUY_LIMIT,S,5,EXT,1.12393,0.00000
17,101,1791346080388,ENGINE,REMOVE,9113,SELL_LIMIT,S,14,ENT,1.12609,0.00000
17,103,1791346083920,ENGINE,PLACE,9118,SELL_LIMIT,S,13,ENT,1.12548,0.00000
17,103,1791347084766,DEAL,PLACE,9119,SELL_LIMIT,L,5,EXT,1.12527,0.00000
17,103,1791347085049,DEAL,PLACE,9120,BUY_LIMIT,L,6,ENT,1.12367,0.00000
17,103,1791347085332,DEAL,FILL,9115,BUY_LIMIT,L,5,ENT,1.12429,0.00000
17,103,1791347085332,DEAL,REMOVE,9116,SELL_LIMIT,L,4,EXT,1.12589,0.00000
17,104,1791347086118,SYNC,REMOVE,9119,SELL_LIMIT,L,5,EXT,1.12527,0.00000
17,104,1791347086118,ENGINE,PLACE,9121,SELL_LIMIT,L,5,EXT,1.12527,0.00000
17,104,1791348872218,DEAL,FILL,9117,BUY_LIMIT,S,5,EXT,1.12393,0.00000
17,105,1791348872768,ENGINE,MODIFY,9118,SELL_LIMIT,S,13,ENT,1.12488,1.12548
17,105,1791348873052,ENGINE,PLACE,9122,BUY_LIMIT,S,12,EXT,1.12332,0.00000
17,107,1791349414663,DEAL,PLACE,9123,SELL_LIMIT,L,6,EXT,1.12467,0.00000
17,107,1791349414946,DEAL,PLACE,9124,BUY_LIMIT,L,7,ENT,1.12307,0.00000
17,107,1791349415229,DEAL,FILL,9120,BUY_LIMIT,L,6,ENT,1.12367,0.00000
17,107,1791349415229,DEAL,REMOVE,9121,SELL_LIMIT,L,5,EXT,1.12527,0.00000
17,108,1791349415811,SYNC,REMOVE,9123,SELL_LIMIT,L,6,EXT,1.12467,0.00000
17,108,1791349415811,ENGINE,PLACE,9125,SELL_LIMIT,L,6,EXT,1.12467,0.00000
18,-1,1791349611003,SEED,PLACE,1990109082,SELL_LIMIT,L,0,EXT,1.12857,0.00000
18,-1,1791349611003,SEED,PLACE,1991706508,SELL_LIMIT,L,6,EXT,1.12467,0.00000
18,-1,1791349611003,SEED,PLACE,1991706517,BUY_LIMIT,L,7,ENT,1.12307,0.00000
18,-1,1791349611003,SEED,PLACE,1990101682,BUY_LIMIT,S,10,EXT,1.12212,0.00000
18,-1,1791349611003,SEED,PLACE,1991677746,BUY_LIMIT,S,12,EXT,1.12332,0.00000
18,-1,1791349611003,SEED,PLACE,1991591985,SELL_LIMIT,S,13,ENT,1.12488,0.00000
19,-1,1791349956002,SEED,PLACE,1990109082,SELL_LIMIT,L,0,EXT,1.12857,0.00000
19,-1,1791349956002,SEED,PLACE,1991706508,SELL_LIMIT,L,6,EXT,1.12467,0.00000
19,-1,1791349956002,SEED,PLACE,1991706517,BUY_LIMIT,L,7,ENT,1.12307,0.00000
19,-1,1791349956002,SEED,PLACE,1990101682,BUY_LIMIT,S,10,EXT,1.12212,0.00000
19,-1,1791349956002,SEED,PLACE,1991677746,BUY_LIMIT,S,12,EXT,1.12332,0.00000
19,-1,1791349956002,SEED,PLACE,1991591985,SELL_LIMIT,S,13,ENT,1.12488,0.00000
19,-1,1791357550552,DEAL,FILL,1991677746,BUY_LIMIT,S,12,EXT,1.12332,0.00000
19,0,1791357556108,ENGINE,PLACE,9000,BUY_LIMIT,S,11,EXT,1.12272,0.00000
19,0,1791357556391,ENGINE,REMOVE,1991591985,SELL_LIMIT,S,13,ENT,1.12488,0.00000
19,2,1791357557125,ENGINE,PLACE,9001,SELL_LIMIT,S,12,ENT,1.12428,0.00000
19,2,1791358027403,DEAL,PLACE,9002,SELL_LIMIT,L,7,EXT,1.12407,0.00000
19,2,1791358027686,DEAL,REMOVE,1991706508,SELL_LIMIT,L,6,EXT,1.12467,0.00000
19,2,1791358027724,DEAL,FILL,1991706517,BUY_LIMIT,L,7,ENT,1.12307,0.00000
19,3,1791358028351,SYNC,REMOVE,9002,SELL_LIMIT,L,7,EXT,1.12407,0.00000
19,3,1791358028351,ENGINE,PLACE,9003,SELL_LIMIT,L,7,EXT,1.12407,0.00000
19,3,1791363708932,DEAL,FILL,9000,BUY_LIMIT,S,11,EXT,1.12272,0.00000
19,4,1791363709280,ENGINE,REMOVE,9001,SELL_LIMIT,S,12,ENT,1.12428,0.00000
19,6,1791363710084,ENGINE,PLACE,9004,SELL_LIMIT,S,11,ENT,1.12368,0.00000
19,6,1791368126092,DEAL,FILL,1990101682,BUY_LIMIT,S,10,EXT,1.12212,0.00000
19,7,1791368126424,LATTICE,MODIFY,1990109082,SELL_LIMIT,L,0,EXT,1.12371,1.12857
19,7,1791368126708,LATTICE,PLACE,9005,SELL_LIMIT,L,1,EXT,1.12795,0.00000
19,7,1791368126991,LATTICE,REMOVE,9003,SELL_LIMIT,L,7,EXT,1.12407,0.00000
19,7,1791368127029,ENGINE,PLACE,9006,SELL_LIMIT,S,0,ENT,1.12233,0.00000
19,7,1791368127312,ENGINE,REMOVE,9004,SELL_LIMIT,S,11,ENT,1.12368,0.00000
19,10,1791368141101,ENGINE,MODIFY,9006,SELL_LIMIT,S,0,ENT,1.12213,1.12233
19,11,1791368150353,LATTICE,MODIFY,9005,SELL_LIMIT,L,1,EXT,1.12311,1.12795
19,11,1791368150637,LATTICE,PLACE,9007,SELL_LIMIT,L,2,EXT,1.12735,0.00000
19,11,1791368150920,LATTICE,REMOVE,1990109082,SELL_LIMIT,L,0,EXT,1.12371,0.00000
19,11,1791368220540,ENGINE,MODIFY,9006,SELL_LIMIT,S,0,ENT,1.12193,1.12213
19,11,1791368368831,ENGINE,MODIFY,9006,SELL_LIMIT,S,0,ENT,1.12173,1.12193
19,11,1791368416505,DEAL,PLACE,9008,BUY_LIMIT,S,0,EXT,1.12076,0.00000
19,11,1791368416788,DEAL,PLACE,9009,SELL_LIMIT,S,1,ENT,1.12236,0.00000
19,11,1791368417071,DEAL,FILL,9006,SELL_LIMIT,S,0,ENT,1.12173,0.00000
19,12,1791368417251,SYNC,REMOVE,9008,BUY_LIMIT,S,0,EXT,1.12076,0.00000
19,12,1791368417251,ENGINE,PLACE,9010,BUY_LIMIT,S,0,EXT,1.12076,0.00000
19,12,1791369300699,DEAL,FILL,9010,BUY_LIMIT,S,0,EXT,1.12076,0.00000
19,13,1791369301040,LATTICE,MODIFY,9007,SELL_LIMIT,L,2,EXT,1.12251,1.12735
19,13,1791369301324,LATTICE,PLACE,9011,SELL_LIMIT,L,3,EXT,1.12650,0.00000
19,13,1791369301607,LATTICE,REMOVE,9005,SELL_LIMIT,L,1,EXT,1.12311,0.00000
19,13,1791369301645,ENGINE,PLACE,9012,SELL_LIMIT,S,0,ENT,1.12096,0.00000
19,13,1791369301928,ENGINE,REMOVE,9009,SELL_LIMIT,S,1,ENT,1.12236,0.00000
19,17,1791369378026,LATTICE,MODIFY,9011,SELL_LIMIT,L,3,EXT,1.12167,1.12650
19,17,1791369378310,LATTICE,PLACE,9013,SELL_LIMIT,L,4,EXT,1.12589,0.00000
19,17,1791369378593,LATTICE,REMOVE,9007,SELL_LIMIT,L,2,EXT,1.12251,0.00000
19,17,1791369544576,ENGINE,MODIFY,9012,SELL_LIMIT,S,0,ENT,1.12075,1.12096
19,17,1791369746761,DEAL,PLACE,9014,BUY_LIMIT,S,0,EXT,1.11976,0.00000
19,17,1791369747044,DEAL,PLACE,9015,SELL_LIMIT,S,1,ENT,1.12136,0.00000
19,17,1791369747327,DEAL,FILL,9012,SELL_LIMIT,S,0,ENT,1.12075,0.00000
19,18,1791369747315,SYNC,REMOVE,9014,BUY_LIMIT,S,0,EXT,1.11976,0.00000
19,18,1791369747327,ENGINE,PLACE,9016,BUY_LIMIT,S,0,EXT,1.11976,0.00000
19,18,1791370356613,DEAL,FILL,9016,BUY_LIMIT,S,0,EXT,1.11976,0.00000
19,19,1791370356758,LATTICE,MODIFY,9013,SELL_LIMIT,L,4,EXT,1.12107,1.12589
19,19,1791370357042,LATTICE,PLACE,9017,SELL_LIMIT,L,5,EXT,1.12527,0.00000
19,19,1791370357325,LATTICE,REMOVE,9011,SELL_LIMIT,L,3,EXT,1.12167,0.00000
19,19,1791370357363,ENGINE,PLACE,9018,SELL_LIMIT,S,0,ENT,1.11990,0.00000
19,19,1791370357646,ENGINE,REMOVE,9015,SELL_LIMIT,S,1,ENT,1.12136,0.00000
19,22,1791370393118,ENGINE,MODIFY,9018,SELL_LIMIT,S,0,ENT,1.11970,1.11990
19,23,1791370393735,LATTICE,MODIFY,9017,SELL_LIMIT,L,5,EXT,1.12047,1.12527
19,23,1791370394019,LATTICE,PLACE,9019,SELL_LIMIT,L,6,EXT,1.12467,0.00000
19,23,1791370394302,LATTICE,REMOVE,9013,SELL_LIMIT,L,4,EXT,1.12107,0.00000
19,23,1791370406806,ENGINE,MODIFY,9018,SELL_LIMIT,S,0,ENT,1.11943,1.11970
19,23,1791370456517,ENGINE,MODIFY,9018,SELL_LIMIT,S,0,ENT,1.11921,1.11943
19,23,1791370465629,DEAL,PLACE,9020,BUY_LIMIT,S,0,EXT,1.11819,0.00000
19,23,1791370465912,DEAL,PLACE,9021,SELL_LIMIT,S,1,ENT,1.11979,0.00000
19,23,1791370466195,DEAL,FILL,9018,SELL_LIMIT,S,0,ENT,1.11921,0.00000
19,24,1791370466391,SYNC,REMOVE,9020,BUY_LIMIT,S,0,EXT,1.11819,0.00000
19,24,1791370466391,ENGINE,PLACE,9022,BUY_LIMIT,S,0,EXT,1.11819,0.00000
19,24,1791370628388,DEAL,FILL,9022,BUY_LIMIT,S,0,EXT,1.11819,0.00000
19,25,1791370628536,LATTICE,PLACE,9023,SELL_LIMIT,L,7,EXT,1.11927,0.00000
19,25,1791370628819,LATTICE,PLACE,9024,SELL_LIMIT,L,0,EXT,1.12371,0.00000
19,25,1791370629102,LATTICE,REMOVE,9017,SELL_LIMIT,L,5,EXT,1.12047,0.00000
19,25,1791370629140,LATTICE,REMOVE,9019,SELL_LIMIT,L,6,EXT,1.12467,0.00000
19,25,1791370629178,ENGINE,PLACE,9025,SELL_LIMIT,S,0,ENT,1.11839,0.00000
19,25,1791370629461,ENGINE,REMOVE,9021,SELL_LIMIT,S,1,ENT,1.11979,0.00000
19,29,1791370642040,DEAL,PLACE,9026,BUY_LIMIT,S,0,EXT,1.11743,0.00000
19,29,1791370642323,DEAL,PLACE,9027,SELL_LIMIT,S,1,ENT,1.11903,0.00000
19,29,1791370642606,DEAL,FILL,9025,SELL_LIMIT,S,0,ENT,1.11839,0.00000
19,30,1791370651030,SYNC,REMOVE,9026,BUY_LIMIT,S,0,EXT,1.11743,0.00000
19,30,1791370651030,ENGINE,MODIFY,9027,SELL_LIMIT,S,1,ENT,1.11918,1.11903
19,30,1791370651314,ENGINE,PLACE,9028,BUY_LIMIT,S,0,EXT,1.11758,0.00000
19,30,1791370806933,DEAL,PLACE,9029,BUY_LIMIT,S,1,EXT,1.11818,0.00000
19,30,1791370807216,DEAL,PLACE,9030,SELL_LIMIT,S,2,ENT,1.11978,0.00000
19,30,1791370807499,DEAL,FILL,9027,SELL_LIMIT,S,1,ENT,1.11918,0.00000
19,31,1791370807481,SYNC,REMOVE,9029,BUY_LIMIT,S,1,EXT,1.11818,0.00000
19,31,1791370807499,ENGINE,PLACE,9031,BUY_LIMIT,S,1,EXT,1.11818,0.00000
19,31,1791371031246,DEAL,FILL,9023,SELL_LIMIT,L,7,EXT,1.11927,0.00000
19,32,1791371031995,ENGINE,PLACE,9032,SELL_LIMIT,L,6,EXT,1.11987,0.00000
19,32,1791371032278,ENGINE,PLACE,9033,BUY_LIMIT,L,7,ENT,1.11827,0.00000
19,34,1791371734465,DEAL,PLACE,9034,SELL_LIMIT,L,7,EXT,1.11927,0.00000
19,34,1791371734748,DEAL,REMOVE,9032,SELL_LIMIT,L,6,EXT,1.11987,0.00000
19,34,1791371734786,DEAL,FILL,9033,BUY_LIMIT,L,7,ENT,1.11827,0.00000
19,35,1791371735806,SYNC,REMOVE,9034,SELL_LIMIT,L,7,EXT,1.11927,0.00000
19,35,1791371735806,ENGINE,PLACE,9035,SELL_LIMIT,L,7,EXT,1.11927,0.00000
19,35,1791371781311,DEAL,FILL,9031,BUY_LIMIT,S,1,EXT,1.11818,0.00000
19,36,1791371782462,ENGINE,REMOVE,9030,SELL_LIMIT,S,2,ENT,1.11978,0.00000
19,36,1791371782659,ENGINE,PLACE,9036,SELL_LIMIT,S,1,ENT,1.11918,0.00000
19,38,1791372089485,DEAL,PLACE,9037,BUY_LIMIT,S,1,EXT,1.11820,0.00000
19,38,1791372089768,DEAL,PLACE,9038,SELL_LIMIT,S,2,ENT,1.11980,0.00000
19,38,1791372090051,DEAL,FILL,9036,SELL_LIMIT,S,1,ENT,1.11918,0.00000
19,39,1791372089631,SYNC,REMOVE,9037,BUY_LIMIT,S,1,EXT,1.11820,0.00000
19,39,1791372090051,ENGINE,PLACE,9039,BUY_LIMIT,S,1,EXT,1.11820,0.00000
19,39,1791372098326,DEAL,FILL,9035,SELL_LIMIT,L,7,EXT,1.11927,0.00000
19,40,1791372098490,ENGINE,PLACE,9040,SELL_LIMIT,L,6,EXT,1.11987,0.00000
19,40,1791372098773,ENGINE,PLACE,9041,BUY_LIMIT,L,7,ENT,1.11827,0.00000
19,42,1791373485318,DEAL,PLACE,9042,BUY_LIMIT,S,2,EXT,1.11883,0.00000
19,42,1791373485601,DEAL,PLACE,9043,SELL_LIMIT,S,3,ENT,1.12043,0.00000
19,42,1791373485884,DEAL,FILL,9038,SELL_LIMIT,S,2,ENT,1.11980,0.00000
19,42,1791373485884,DEAL,REMOVE,9039,BUY_LIMIT,S,1,EXT,1.11820,0.00000
19,43,1791373485865,SYNC,REMOVE,9042,BUY_LIMIT,S,2,EXT,1.11883,0.00000
19,43,1791373485922,ENGINE,PLACE,9044,BUY_LIMIT,S,2,EXT,1.11883,0.00000
19,43,1791373556203,DEAL,FILL,9040,SELL_LIMIT,L,6,EXT,1.11987,0.00000
19,44,1791373556349,ENGINE,PLACE,9045,SELL_LIMIT,L,5,EXT,1.12047,0.00000
19,44,1791373556632,ENGINE,REMOVE,9041,BUY_LIMIT,L,7,ENT,1.11827,0.00000
19,46,1791373558965,ENGINE,PLACE,9046,BUY_LIMIT,L,6,ENT,1.11887,0.00000
19,46,1791376251069,DEAL,PLACE,9047,SELL_LIMIT,L,6,EXT,1.11987,0.00000
19,46,1791376251352,DEAL,PLACE,9048,BUY_LIMIT,L,7,ENT,1.11827,0.00000
19,46,1791376251635,DEAL,REMOVE,9045,SELL_LIMIT,L,5,EXT,1.12047,0.00000
19,46,1791376251673,DEAL,FILL,9046,BUY_LIMIT,L,6,ENT,1.11887,0.00000
19,47,1791376251195,SYNC,REMOVE,9047,SELL_LIMIT,L,6,EXT,1.11987,0.00000
19,47,1791376251673,ENGINE,PLACE,9049,SELL_LIMIT,L,6,EXT,1.11987,0.00000
19,47,1791376255487,DEAL,FILL,9044,BUY_LIMIT,S,2,EXT,1.11883,0.00000
19,48,1791376258045,ENGINE,PLACE,9050,BUY_LIMIT,S,1,EXT,1.11820,0.00000
19,48,1791376258328,ENGINE,REMOVE,9043,SELL_LIMIT,S,3,ENT,1.12043,0.00000
19,50,1791376258439,ENGINE,PLACE,9051,SELL_LIMIT,S,2,ENT,1.11980,0.00000
19,50,1791383307760,DEAL,PLACE,9052,SELL_LIMIT,L,7,EXT,1.11923,0.00000
19,50,1791383308043,DEAL,FILL,9048,BUY_LIMIT,L,7,ENT,1.11827,0.00000
19,50,1791383308043,DEAL,REMOVE,9049,SELL_LIMIT,L,6,EXT,1.11987,0.00000
19,51,1791383308109,SYNC,REMOVE,9052,SELL_LIMIT,L,7,EXT,1.11923,0.00000
19,51,1791383308109,ENGINE,PLACE,9053,SELL_LIMIT,L,7,EXT,1.11923,0.00000
19,51,1791383766755,DEAL,FILL,9050,BUY_LIMIT,S,1,EXT,1.11820,0.00000
19,52,1791383767500,ENGINE,REMOVE,9051,SELL_LIMIT,S,2,ENT,1.11980,0.00000
19,52,1791383767701,ENGINE,PLACE,9054,SELL_LIMIT,S,1,ENT,1.11918,0.00000
19,54,1791384259298,DEAL,FILL,9028,BUY_LIMIT,S,0,EXT,1.11758,0.00000
19,55,1791384260844,LATTICE,PLACE,9055,SELL_LIMIT,L,6,EXT,1.11863,0.00000
19,55,1791384261127,LATTICE,REMOVE,9053,SELL_LIMIT,L,7,EXT,1.11923,0.00000
19,55,1791384261165,ENGINE,PLACE,9056,SELL_LIMIT,S,0,ENT,1.11782,0.00000
19,55,1791384261448,ENGINE,REMOVE,9054,SELL_LIMIT,S,1,ENT,1.11918,0.00000
19,58,1791384311192,DEAL,PLACE,9057,BUY_LIMIT,S,0,EXT,1.11683,0.00000
19,58,1791384311475,DEAL,PLACE,9058,SELL_LIMIT,S,1,ENT,1.11843,0.00000
19,58,1791384311758,DEAL,FILL,9056,SELL_LIMIT,S,0,ENT,1.11782,0.00000
19,59,1791384311537,SYNC,REMOVE,9057,BUY_LIMIT,S,0,EXT,1.11683,0.00000
19,59,1791384311758,ENGINE,PLACE,9059,BUY_LIMIT,S,0,EXT,1.11683,0.00000
19,59,1791385212355,DEAL,PLACE,9060,BUY_LIMIT,S,1,EXT,1.11741,0.00000
19,59,1791385212638,DEAL,PLACE,9061,SELL_LIMIT,S,2,ENT,1.11901,0.00000
19,59,1791385212921,DEAL,FILL,9058,SELL_LIMIT,S,1,ENT,1.11843,0.00000
19,60,1791385213303,SYNC,REMOVE,9060,BUY_LIMIT,S,1,EXT,1.11741,0.00000
19,60,1791385213303,ENGINE,PLACE,9062,BUY_LIMIT,S,1,EXT,1.11741,0.00000
19,60,1791385227836,DEAL,FILL,9055,SELL_LIMIT,L,6,EXT,1.11863,0.00000
19,61,1791385227981,ENGINE,PLACE,9063,SELL_LIMIT,L,7,EXT,1.11923,0.00000
19,61,1791385228264,ENGINE,PLACE,9064,BUY_LIMIT,L,8,ENT,1.11763,0.00000
19,63,1791385825000,DEAL,PLACE,9065,SELL_LIMIT,L,8,EXT,1.11858,0.00000
19,63,1791385825283,DEAL,REMOVE,9063,SELL_LIMIT,L,7,EXT,1.11923,0.00000
19,63,1791385825321,DEAL,FILL,9064,BUY_LIMIT,L,8,ENT,1.11763,0.00000
19,64,1791385826347,SYNC,REMOVE,9065,SELL_LIMIT,L,8,EXT,1.11858,0.00000
19,64,1791385826347,ENGINE,PLACE,9066,SELL_LIMIT,L,8,EXT,1.11858,0.00000
19,64,1791385843703,DEAL,FILL,9062,BUY_LIMIT,S,1,EXT,1.11741,0.00000
19,65,1791385844458,ENGINE,REMOVE,9061,SELL_LIMIT,S,2,ENT,1.11901,0.00000
19,67,1791385845660,ENGINE,PLACE,9067,SELL_LIMIT,S,1,ENT,1.11843,0.00000
19,67,1791386596950,DEAL,FILL,9059,BUY_LIMIT,S,0,EXT,1.11683,0.00000
19,69,1791386597089,LATTICE,PLACE,9068,SELL_LIMIT,L,7,EXT,1.11798,0.00000
19,69,1791386597372,LATTICE,REMOVE,9066,SELL_LIMIT,L,8,EXT,1.11858,0.00000
19,69,1791386597410,ENGINE,PLACE,9069,SELL_LIMIT,S,0,ENT,1.11703,0.00000
19,69,1791386597693,ENGINE,REMOVE,9067,SELL_LIMIT,S,1,ENT,1.11843,0.00000
19,71,1791386683531,ENGINE,MODIFY,9069,SELL_LIMIT,S,0,ENT,1.11683,1.11703
19,72,1791386712042,ENGINE,PLACE,9070,BUY_LIMIT,S,0,EXT,1.11581,0.00000
19,72,1791386712325,ENGINE,PLACE,9071,SELL_LIMIT,S,1,ENT,1.11741,0.00000
19,72,1791386712608,ENGINE,REMOVE,9069,SELL_LIMIT,S,0,ENT,1.11683,0.00000
19,72,1791387315723,DEAL,PLACE,9072,BUY_LIMIT,S,1,EXT,1.11643,0.00000
19,72,1791387316006,DEAL,PLACE,9073,SELL_LIMIT,S,2,ENT,1.11803,0.00000
19,72,1791387316289,DEAL,FILL,9071,SELL_LIMIT,S,1,ENT,1.11741,0.00000
19,73,1791387315869,SYNC,REMOVE,9072,BUY_LIMIT,S,1,EXT,1.11643,0.00000
19,73,1791387316289,ENGINE,PLACE,9074,BUY_LIMIT,S,1,EXT,1.11643,0.00000
19,73,1791388903996,DEAL,FILL,9068,SELL_LIMIT,L,7,EXT,1.11798,0.00000
19,74,1791388904957,ENGINE,PLACE,9075,SELL_LIMIT,L,8,EXT,1.11858,0.00000
19,74,1791388905240,ENGINE,PLACE,9076,BUY_LIMIT,L,9,ENT,1.11698,0.00000
19,76,1791389197869,DEAL,PLACE,9077,BUY_LIMIT,S,2,EXT,1.11703,0.00000
19,76,1791389198152,DEAL,PLACE,9078,SELL_LIMIT,S,3,ENT,1.11863,0.00000
19,76,1791389198435,DEAL,FILL,9073,SELL_LIMIT,S,2,ENT,1.11803,0.00000
19,76,1791389198435,DEAL,REMOVE,9074,BUY_LIMIT,S,1,EXT,1.11643,0.00000
19,77,1791389198016,SYNC,REMOVE,9077,BUY_LIMIT,S,2,EXT,1.11703,0.00000
19,77,1791389198473,ENGINE,PLACE,9079,BUY_LIMIT,S,2,EXT,1.11703,0.00000
19,77,1791392025237,DEAL,FILL,9075,SELL_LIMIT,L,8,EXT,1.11858,0.00000
19,78,1791392025377,ENGINE,PLACE,9080,SELL_LIMIT,L,5,EXT,1.12047,0.00000
19,78,1791392025660,ENGINE,REMOVE,9076,BUY_LIMIT,L,9,ENT,1.11698,0.00000
19,80,1791392025781,ENGINE,PLACE,9081,BUY_LIMIT,L,6,ENT,1.11856,0.00000
19,80,1791392027240,DEAL,PLACE,9082,SELL_LIMIT,L,6,EXT,1.11956,0.00000
19,80,1791392027523,DEAL,PLACE,9083,BUY_LIMIT,L,7,ENT,1.11796,0.00000
19,80,1791392027806,DEAL,REMOVE,9080,SELL_LIMIT,L,5,EXT,1.12047,0.00000
19,80,1791392027844,DEAL,FILL,9081,BUY_LIMIT,L,6,ENT,1.11856,0.00000
19,81,1791392028194,SYNC,REMOVE,9082,SELL_LIMIT,L,6,EXT,1.11956,0.00000
19,81,1791392028194,ENGINE,MODIFY,9083,BUY_LIMIT,L,7,ENT,1.11795,1.11796
19,81,1791392028478,ENGINE,PLACE,9084,SELL_LIMIT,L,6,EXT,1.11955,0.00000
19,81,1791392064781,DEAL,PLACE,9085,BUY_LIMIT,S,3,EXT,1.11761,0.00000
19,81,1791392065064,DEAL,PLACE,9086,SELL_LIMIT,S,4,ENT,1.11921,0.00000
19,81,1791392065347,DEAL,FILL,9078,SELL_LIMIT,S,3,ENT,1.11863,0.00000
19,81,1791392065347,DEAL,REMOVE,9079,BUY_LIMIT,S,2,EXT,1.11703,0.00000
19,82,1791392064927,SYNC,REMOVE,9085,BUY_LIMIT,S,3,EXT,1.11761,0.00000
19,82,1791392065385,ENGINE,PLACE,9087,BUY_LIMIT,S,3,EXT,1.11761,0.00000
19,82,1791392779409,DEAL,PLACE,9088,SELL_LIMIT,L,7,EXT,1.11889,0.00000
19,82,1791392779692,DEAL,FILL,9083,BUY_LIMIT,L,7,ENT,1.11795,0.00000
19,82,1791392779692,DEAL,REMOVE,9084,SELL_LIMIT,L,6,EXT,1.11955,0.00000
19,83,1791392779757,SYNC,REMOVE,9088,SELL_LIMIT,L,7,EXT,1.11889,0.00000
19,83,1791392779757,ENGINE,PLACE,9089,SELL_LIMIT,L,7,EXT,1.11889,0.00000
19,83,1791394771622,DEAL,FILL,9089,SELL_LIMIT,L,7,EXT,1.11889,0.00000
19,84,1791394772383,ENGINE,PLACE,9090,SELL_LIMIT,L,6,EXT,1.11955,0.00000
19,84,1791394772666,ENGINE,PLACE,9091,BUY_LIMIT,L,7,ENT,1.11795,0.00000
19,86,1791395432766,DEAL,PLACE,9092,BUY_LIMIT,S,4,EXT,1.11827,0.00000
19,86,1791395433049,DEAL,PLACE,9093,SELL_LIMIT,S,5,ENT,1.11987,0.00000
19,86,1791395433332,DEAL,FILL,9086,SELL_LIMIT,S,4,ENT,1.11921,0.00000
19,86,1791395433332,DEAL,REMOVE,9087,BUY_LIMIT,S,3,EXT,1.11761,0.00000
19,87,1791395432908,SYNC,REMOVE,9092,BUY_LIMIT,S,4,EXT,1.11827,0.00000
19,87,1791395433370,ENGINE,PLACE,9094,BUY_LIMIT,S,4,EXT,1.11827,0.00000
19,87,1791396101728,DEAL,FILL,9090,SELL_LIMIT,L,6,EXT,1.11955,0.00000
19,88,1791396101872,ENGINE,PLACE,9095,SELL_LIMIT,L,5,EXT,1.12047,0.00000
19,88,1791396102155,ENGINE,REMOVE,9091,BUY_LIMIT,L,7,ENT,1.11795,0.00000
19,90,1791396102277,ENGINE,PLACE,9096,BUY_LIMIT,L,6,ENT,1.11887,0.00000
19,90,1791396798776,DEAL,PLACE,9097,BUY_LIMIT,S,5,EXT,1.11895,0.00000
19,90,1791396799059,DEAL,PLACE,9098,SELL_LIMIT,S,6,ENT,1.12055,0.00000
19,90,1791396799342,DEAL,FILL,9093,SELL_LIMIT,S,5,ENT,1.11987,0.00000
19,90,1791396799342,DEAL,REMOVE,9094,BUY_LIMIT,S,4,EXT,1.11827,0.00000
19,91,1791396798919,SYNC,REMOVE,9097,BUY_LIMIT,S,5,EXT,1.11895,0.00000
19,91,1791396799380,ENGINE,PLACE,9099,BUY_LIMIT,S,5,EXT,1.11895,0.00000
19,91,1791397082128,DEAL,FILL,9099,BUY_LIMIT,S,5,EXT,1.11895,0.00000
19,92,1791397082266,ENGINE,PLACE,9100,BUY_LIMIT,S,4,EXT,1.11827,0.00000
19,92,1791397082549,ENGINE,REMOVE,9098,SELL_LIMIT,S,6,ENT,1.12055,0.00000
19,94,1791397082661,ENGINE,PLACE,9101,SELL_LIMIT,S,5,ENT,1.11987,0.00000
19,94,1791397231585,DEAL,PLACE,9102,SELL_LIMIT,L,6,EXT,1.11987,0.00000
19,94,1791397231868,DEAL,PLACE,9103,BUY_LIMIT,L,7,ENT,1.11827,0.00000
19,94,1791397232151,DEAL,REMOVE,9095,SELL_LIMIT,L,5,EXT,1.12047,0.00000
19,94,1791397232189,DEAL,FILL,9096,BUY_LIMIT,L,6,ENT,1.11887,0.00000
19,95,1791397231724,SYNC,REMOVE,9102,SELL_LIMIT,L,6,EXT,1.11987,0.00000
19,95,1791397232189,ENGINE,PLACE,9104,SELL_LIMIT,L,6,EXT,1.11987,0.00000
19,95,1791399186776,DEAL,FILL,9100,BUY_LIMIT,S,4,EXT,1.11827,0.00000
19,95,1791399186776,DEAL,PLACE,9105,SELL_LIMIT,L,7,EXT,1.11927,0.00000
19,95,1791399187059,DEAL,FILL,9103,BUY_LIMIT,L,7,ENT,1.11827,0.00000
19,95,1791399187059,DEAL,REMOVE,9104,SELL_LIMIT,L,6,EXT,1.11987,0.00000
19,97,1791399187734,SYNC,REMOVE,9105,SELL_LIMIT,L,7,EXT,1.11927,0.00000
19,97,1791399187734,ENGINE,PLACE,9106,SELL_LIMIT,L,7,EXT,1.11927,0.00000
19,97,1791399188017,ENGINE,PLACE,9107,BUY_LIMIT,S,3,EXT,1.11761,0.00000
19,97,1791399188300,ENGINE,REMOVE,9101,SELL_LIMIT,S,5,ENT,1.11987,0.00000
19,99,1791399191345,ENGINE,PLACE,9108,SELL_LIMIT,S,4,ENT,1.11921,0.00000
19,99,1791400033869,DEAL,PLACE,9109,BUY_LIMIT,S,4,EXT,1.11823,0.00000
19,99,1791400034152,DEAL,PLACE,9110,SELL_LIMIT,S,5,ENT,1.11983,0.00000
19,99,1791400034435,DEAL,REMOVE,9107,BUY_LIMIT,S,3,EXT,1.11761,0.00000
19,99,1791400034473,DEAL,FILL,9108,SELL_LIMIT,S,4,ENT,1.11921,0.00000
19,100,1791400034012,SYNC,REMOVE,9109,BUY_LIMIT,S,4,EXT,1.11823,0.00000
19,100,1791400034473,ENGINE,PLACE,9111,BUY_LIMIT,S,4,EXT,1.11823,0.00000
19,100,1791400048138,DEAL,FILL,9106,SELL_LIMIT,L,7,EXT,1.11927,0.00000
19,101,1791400048483,ENGINE,PLACE,9112,SELL_LIMIT,L,6,EXT,1.11987,0.00000
19,101,1791400048766,ENGINE,PLACE,9113,BUY_LIMIT,L,7,ENT,1.11827,0.00000
19,103,1791403831605,DEAL,PLACE,9114,BUY_LIMIT,S,5,EXT,1.11883,0.00000
19,103,1791403831888,DEAL,PLACE,9115,SELL_LIMIT,S,6,ENT,1.12043,0.00000
19,103,1791403832171,DEAL,FILL,9110,SELL_LIMIT,S,5,ENT,1.11983,0.00000
19,103,1791403832171,DEAL,REMOVE,9111,BUY_LIMIT,S,4,EXT,1.11823,0.00000
19,104,1791403832755,SYNC,REMOVE,9114,BUY_LIMIT,S,5,EXT,1.11883,0.00000
19,104,1791403832755,ENGINE,PLACE,9116,BUY_LIMIT,S,5,EXT,1.11883,0.00000
19,104,1791403833213,DEAL,FILL,9112,SELL_LIMIT,L,6,EXT,1.11987,0.00000
19,105,1791403835770,ENGINE,PLACE,9117,SELL_LIMIT,L,5,EXT,1.12047,0.00000
19,105,1791403836053,ENGINE,REMOVE,9113,BUY_LIMIT,L,7,ENT,1.11827,0.00000
19,107,1791403836574,ENGINE,PLACE,9118,BUY_LIMIT,L,6,ENT,1.11887,0.00000
19,107,1791417036002,TIMER,MODIFY,9024,SELL_LIMIT,L,0,EXT,1.12363,1.12371
19,107,1791417156002,TIMER,MODIFY,9117,SELL_LIMIT,L,5,EXT,1.12055,1.12047
19,107,1791417216002,TIMER,MODIFY,9070,BUY_LIMIT,S,0,EXT,1.11582,1.11581
19,107,1791417336002,TIMER,MODIFY,9116,BUY_LIMIT,S,5,EXT,1.11884,1.11883
19,107,1791434490100,DEAL,PLACE,9119,BUY_LIMIT,S,6,EXT,1.11943,0.00000
19,107,1791434490383,DEAL,PLACE,9120,SELL_LIMIT,S,7,ENT,1.12103,0.00000
19,107,1791434490666,DEAL,FILL,9115,SELL_LIMIT,S,6,ENT,1.12043,0.00000
19,107,1791434490666,DEAL,REMOVE,9116,BUY_LIMIT,S,5,EXT,1.11884,0.00000
19,108,1791434490245,SYNC,REMOVE,9119,BUY_LIMIT,S,6,EXT,1.11943,0.00000
19,108,1791434490704,ENGINE,PLACE,9121,BUY_LIMIT,S,6,EXT,1.11943,0.00000
19,108,1791434902643,DEAL,FILL,9117,SELL_LIMIT,L,5,EXT,1.12055,0.00000
19,109,1791434902984,ENGINE,PLACE,9122,SELL_LIMIT,L,4,EXT,1.12115,0.00000
19,109,1791434903267,ENGINE,REMOVE,9118,BUY_LIMIT,L,6,ENT,1.11887,0.00000
19,111,1791434903385,ENGINE,PLACE,9123,BUY_LIMIT,L,5,ENT,1.11947,0.00000
19,111,1791436484664,DEAL,PLACE,9124,BUY_LIMIT,S,7,EXT,1.12004,0.00000
19,111,1791436484947,DEAL,FILL,9120,SELL_LIMIT,S,7,ENT,1.12103,0.00000
19,111,1791436484947,DEAL,REMOVE,9121,BUY_LIMIT,S,6,EXT,1.11943,0.00000
19,112,1791436484798,SYNC,REMOVE,9124,BUY_LIMIT,S,7,EXT,1.12004,0.00000
19,112,1791436484985,ENGINE,PLACE,9125,BUY_LIMIT,S,7,EXT,1.12004,0.00000
19,112,1791436502946,DEAL,FILL,9122,SELL_LIMIT,L,4,EXT,1.12115,0.00000
19,113,1791436514352,ENGINE,PLACE,9126,SELL_LIMIT,L,3,EXT,1.12175,0.00000
19,113,1791436514635,ENGINE,REMOVE,9123,BUY_LIMIT,L,5,ENT,1.11947,0.00000
19,115,1791436523786,ENGINE,PLACE,9127,BUY_LIMIT,L,4,ENT,1.12007,0.00000
19,115,1791439307344,DEAL,FILL,9125,BUY_LIMIT,S,7,EXT,1.12004,0.00000
19,115,1791439307344,DEAL,PLACE,9128,SELL_LIMIT,L,4,EXT,1.12102,0.00000
19,115,1791439307627,DEAL,PLACE,9129,BUY_LIMIT,L,5,ENT,1.11942,0.00000
19,115,1791439307910,DEAL,REMOVE,9126,SELL_LIMIT,L,3,EXT,1.12175,0.00000
19,115,1791439307948,DEAL,FILL,9127,BUY_LIMIT,L,4,ENT,1.12007,0.00000
19,117,1791439308091,SYNC,REMOVE,9128,SELL_LIMIT,L,4,EXT,1.12102,0.00000
19,117,1791439308091,ENGINE,PLACE,9130,SELL_LIMIT,L,4,EXT,1.12102,0.00000
19,117,1791439308374,ENGINE,PLACE,9131,BUY_LIMIT,S,6,EXT,1.11943,0.00000
19,117,1791439308657,ENGINE,PLACE,9132,SELL_LIMIT,S,7,ENT,1.12103,0.00000
19,119,1791449618028,DEAL,FILL,9131,BUY_LIMIT,S,6,EXT,1.11943,0.00000
19,120,1791449618161,ENGINE,MODIFY,9129,BUY_LIMIT,L,5,ENT,1.11940,1.11942
19,120,1791449618445,ENGINE,PLACE,9133,BUY_LIMIT,S,5,EXT,1.11884,0.00000
19,120,1791449618728,ENGINE,REMOVE,9132,SELL_LIMIT,S,7,ENT,1.12103,0.00000
19,120,1791449618766,DEAL,PLACE,9134,SELL_LIMIT,L,5,EXT,1.12042,0.00000
19,120,1791449619049,DEAL,PLACE,9135,BUY_LIMIT,L,6,ENT,1.11882,0.00000
19,120,1791449619332,DEAL,FILL,9129,BUY_LIMIT,L,5,ENT,1.11942,0.00000
19,120,1791449619332,DEAL,REMOVE,9130,SELL_LIMIT,L,4,EXT,1.12102,0.00000
19,123,1791449618762,SYNC,REMOVE,9134,SELL_LIMIT,L,5,EXT,1.12042,0.00000
19,123,1791449619370,ENGINE,PLACE,9136,SELL_LIMIT,L,5,EXT,1.12042,0.00000
19,123,1791449619653,ENGINE,PLACE,9137,SELL_LIMIT,S,6,ENT,1.12043,0.00000
19,123,1791453626473,DEAL,FILL,9133,BUY_LIMIT,S,5,EXT,1.11884,0.00000
19,124,1791453626616,ENGINE,MODIFY,9135,BUY_LIMIT,L,6,ENT,1.11881,1.11882
19,124,1791453626900,ENGINE,PLACE,9138,BUY_LIMIT,S,4,EXT,1.11824,0.00000
19,124,1791453627183,ENGINE,REMOVE,9137,SELL_LIMIT,S,6,ENT,1.12043,0.00000
19,126,1791453627225,ENGINE,MODIFY,9135,BUY_LIMIT,L,6,ENT,1.11882,1.11881
19,126,1791453627509,ENGINE,PLACE,9139,SELL_LIMIT,S,5,ENT,1.11983,0.00000
19,126,1791453630302,DEAL,PLACE,9140,SELL_LIMIT,L,6,EXT,1.11980,0.00000
19,126,1791453630585,DEAL,PLACE,9141,BUY_LIMIT,L,7,ENT,1.11820,0.00000
19,126,1791453630868,DEAL,FILL,9135,BUY_LIMIT,L,6,ENT,1.11882,0.00000
19,126,1791453630868,DEAL,REMOVE,9136,SELL_LIMIT,L,5,EXT,1.12042,0.00000
19,127,1791453630847,SYNC,REMOVE,9140,SELL_LIMIT,L,6,EXT,1.11980,0.00000
19,127,1791453630906,ENGINE,PLACE,9142,SELL_LIMIT,L,6,EXT,1.11980,0.00000
19,127,1791453998966,DEAL,FILL,9138,BUY_LIMIT,S,4,EXT,1.11824,0.00000
19,128,1791454000311,ENGINE,PLACE,9143,BUY_LIMIT,S,3,EXT,1.11762,0.00000
19,128,1791454000594,ENGINE,REMOVE,9139,SELL_LIMIT,S,5,ENT,1.11983,0.00000
19,130,1791454000724,ENGINE,PLACE,9144,SELL_LIMIT,S,4,ENT,1.11921,0.00000
19,130,1791454427815,DEAL,PLACE,9145,BUY_LIMIT,S,4,EXT,1.11825,0.00000
19,130,1791454428098,DEAL,PLACE,9146,SELL_LIMIT,S,5,ENT,1.11985,0.00000
19,130,1791454428381,DEAL,REMOVE,9143,BUY_LIMIT,S,3,EXT,1.11762,0.00000
19,130,1791454428419,DEAL,FILL,9144,SELL_LIMIT,S,4,ENT,1.11921,0.00000
19,131,1791454428172,SYNC,REMOVE,9145,BUY_LIMIT,S,4,EXT,1.11825,0.00000
19,131,1791454428419,ENGINE,PLACE,9147,BUY_LIMIT,S,4,EXT,1.11825,0.00000
19,131,1791457569286,DEAL,FILL,9142,SELL_LIMIT,L,6,EXT,1.11980,0.00000
19,132,1791457569431,ENGINE,MODIFY,9146,SELL_LIMIT,S,5,ENT,1.11986,1.11985
19,132,1791457569715,ENGINE,PLACE,9148,SELL_LIMIT,L,5,EXT,1.12042,0.00000
19,132,1791457569998,ENGINE,REMOVE,9141,BUY_LIMIT,L,7,ENT,1.11820,0.00000
19,134,1791457571241,ENGINE,MODIFY,9146,SELL_LIMIT,S,5,ENT,1.11985,1.11986
19,134,1791457571525,ENGINE,PLACE,9149,BUY_LIMIT,L,6,ENT,1.11882,0.00000
19,134,1791458022107,DEAL,PLACE,9150,BUY_LIMIT,S,5,EXT,1.11886,0.00000
19,134,1791458022390,DEAL,PLACE,9151,SELL_LIMIT,S,6,ENT,1.12046,0.00000
19,134,1791458022673,DEAL,FILL,9146,SELL_LIMIT,S,5,ENT,1.11985,0.00000
19,134,1791458022673,DEAL,REMOVE,9147,BUY_LIMIT,S,4,EXT,1.11825,0.00000
19,135,1791458025054,SYNC,REMOVE,9150,BUY_LIMIT,S,5,EXT,1.11886,0.00000
19,135,1791458025054,ENGINE,PLACE,9152,BUY_LIMIT,S,5,EXT,1.11886,0.00000
19,135,1791459271904,DEAL,FILL,9152,BUY_LIMIT,S,5,EXT,1.11886,0.00000
19,136,1791459273059,ENGINE,PLACE,9153,BUY_LIMIT,S,4,EXT,1.11825,0.00000
19,136,1791459273342,ENGINE,REMOVE,9151,SELL_LIMIT,S,6,ENT,1.12046,0.00000
19,138,1791459273462,ENGINE,PLACE,9154,SELL_LIMIT,S,5,ENT,1.11985,0.00000
19,138,1791459286986,DEAL,PLACE,9155,SELL_LIMIT,L,6,EXT,1.11980,0.00000
19,138,1791459287269,DEAL,PLACE,9156,BUY_LIMIT,L,7,ENT,1.11820,0.00000
19,138,1791459287552,DEAL,REMOVE,9148,SELL_LIMIT,L,5,EXT,1.12042,0.00000
19,138,1791459287590,DEAL,FILL,9149,BUY_LIMIT,L,6,ENT,1.11882,0.00000
19,139,1791459287133,SYNC,REMOVE,9155,SELL_LIMIT,L,6,EXT,1.11980,0.00000
19,139,1791459287590,ENGINE,PLACE,9157,SELL_LIMIT,L,6,EXT,1.11980,0.00000
19,139,1791461578845,DEAL,FILL,9153,BUY_LIMIT,S,4,EXT,1.11825,0.00000
19,140,1791461578987,ENGINE,PLACE,9158,BUY_LIMIT,S,3,EXT,1.11762,0.00000
19,140,1791461579270,ENGINE,REMOVE,9154,SELL_LIMIT,S,5,ENT,1.11985,0.00000
19,142,1791461580196,ENGINE,PLACE,9159,SELL_LIMIT,S,4,ENT,1.11921,0.00000
19,142,1791461590699,DEAL,PLACE,9160,SELL_LIMIT,L,7,EXT,1.11920,0.00000
19,142,1791461590982,DEAL,FILL,9156,BUY_LIMIT,L,7,ENT,1.11820,0.00000
19,142,1791461590982,DEAL,REMOVE,9157,SELL_LIMIT,L,6,EXT,1.11980,0.00000
19,143,1791461590854,SYNC,REMOVE,9160,SELL_LIMIT,L,7,EXT,1.11920,0.00000
19,143,1791461591020,ENGINE,PLACE,9161,SELL_LIMIT,L,7,EXT,1.11920,0.00000
19,143,1791462936231,DEAL,FILL,9161,SELL_LIMIT,L,7,EXT,1.11920,0.00000
19,144,1791462936388,ENGINE,MODIFY,9159,SELL_LIMIT,S,4,ENT,1.11923,1.11921
19,144,1791462936672,ENGINE,PLACE,9162,SELL_LIMIT,L,6,EXT,1.11980,0.00000
19,144,1791462936955,ENGINE,PLACE,9163,BUY_LIMIT,L,7,ENT,1.11820,0.00000
19,144,1791462937238,DEAL,PLACE,9164,BUY_LIMIT,S,4,EXT,1.11821,0.00000
19,144,1791462937521,DEAL,REMOVE,9158,BUY_LIMIT,S,3,EXT,1.11762,0.00000
19,144,1791462937559,DEAL,FILL,9159,SELL_LIMIT,S,4,ENT,1.11921,0.00000
19,147,1791462937590,SYNC,REMOVE,9164,BUY_LIMIT,S,4,EXT,1.11821,0.00000
19,147,1791462937590,ENGINE,PLACE,9165,BUY_LIMIT,S,4,EXT,1.11821,0.00000
19,147,1791462937873,ENGINE,PLACE,9166,SELL_LIMIT,S,5,ENT,1.11981,0.00000
19,147,1791464115525,DEAL,FILL,9165,BUY_LIMIT,S,4,EXT,1.11821,0.00000
19,148,1791464115867,ENGINE,PLACE,9167,BUY_LIMIT,S,3,EXT,1.11762,0.00000
19,148,1791464116150,ENGINE,REMOVE,9166,SELL_LIMIT,S,5,ENT,1.11981,0.00000
19,150,1791464118086,ENGINE,MODIFY,9163,BUY_LIMIT,L,7,ENT,1.11819,1.11820
19,150,1791464118370,ENGINE,PLACE,9168,SELL_LIMIT,S,4,ENT,1.11921,0.00000
19,150,1791464233200,DEAL,PLACE,9169,SELL_LIMIT,L,7,EXT,1.11920,0.00000
19,150,1791464233483,DEAL,REMOVE,9162,SELL_LIMIT,L,6,EXT,1.11980,0.00000
19,150,1791464233521,DEAL,FILL,9163,BUY_LIMIT,L,7,ENT,1.11819,0.00000
19,151,1791464233960,SYNC,REMOVE,9169,SELL_LIMIT,L,7,EXT,1.11920,0.00000
19,151,1791464233960,ENGINE,PLACE,9170,SELL_LIMIT,L,7,EXT,1.11920,0.00000
19,151,1791466466995,DEAL,FILL,9167,BUY_LIMIT,S,3,EXT,1.11762,0.00000
19,152,1791466467141,ENGINE,PLACE,9171,BUY_LIMIT,S,2,EXT,1.11704,0.00000
19,152,1791466467424,ENGINE,REMOVE,9168,SELL_LIMIT,S,4,ENT,1.11921,0.00000
19,154,1791466469346,ENGINE,PLACE,9172,SELL_LIMIT,S,3,ENT,1.11863,0.00000
19,154,1791467575147,DEAL,PLACE,9173,BUY_LIMIT,S,3,EXT,1.11762,0.00000
19,154,1791467575430,DEAL,PLACE,9174,SELL_LIMIT,S,4,ENT,1.11922,0.00000
19,154,1791467575713,DEAL,REMOVE,9171,BUY_LIMIT,S,2,EXT,1.11704,0.00000
19,154,1791467575751,DEAL,FILL,9172,SELL_LIMIT,S,3,ENT,1.11863,0.00000
19,155,1791467575699,SYNC,REMOVE,9173,BUY_LIMIT,S,3,EXT,1.11762,0.00000
19,155,1791467575751,ENGINE,PLACE,9175,BUY_LIMIT,S,3,EXT,1.11762,0.00000
19,155,1791468392794,DEAL,FILL,9175,BUY_LIMIT,S,3,EXT,1.11762,0.00000
19,156,1791468394141,ENGINE,PLACE,9176,BUY_LIMIT,S,2,EXT,1.11704,0.00000
19,156,1791468394424,ENGINE,REMOVE,9174,SELL_LIMIT,S,4,ENT,1.11922,0.00000
19,158,1791468394743,ENGINE,PLACE,9177,SELL_LIMIT,S,3,ENT,1.11863,0.00000
19,158,1791472001773,DEAL,PLACE,9178,BUY_LIMIT,S,3,EXT,1.11763,0.00000
19,158,1791472002056,DEAL,PLACE,9179,SELL_LIMIT,S,4,ENT,1.11923,0.00000
19,158,1791472002339,DEAL,REMOVE,9176,BUY_LIMIT,S,2,EXT,1.11704,0.00000
19,158,1791472002377,DEAL,FILL,9177,SELL_LIMIT,S,3,ENT,1.11863,0.00000
19,159,1791472001919,SYNC,REMOVE,9178,BUY_LIMIT,S,3,EXT,1.11763,0.00000
19,159,1791472002377,ENGINE,PLACE,9180,BUY_LIMIT,S,3,EXT,1.11763,0.00000
19,159,1791472779665,DEAL,FILL,9170,SELL_LIMIT,L,7,EXT,1.11920,0.00000
19,160,1791472779996,ENGINE,PLACE,9181,SELL_LIMIT,L,6,EXT,1.11980,0.00000
19,160,1791472780279,ENGINE,PLACE,9182,BUY_LIMIT,L,7,ENT,1.11820,0.00000
19,162,1791472782211,ENGINE,MODIFY,9179,SELL_LIMIT,S,4,ENT,1.11924,1.11923
19,163,1791473090097,ENGINE,PLACE,9183,BUY_LIMIT,S,4,EXT,1.11823,0.00000
19,163,1791473090380,ENGINE,REMOVE,9179,SELL_LIMIT,S,4,ENT,1.11924,0.00000
19,163,1791473090418,ENGINE,REMOVE,9180,BUY_LIMIT,S,3,EXT,1.11763,0.00000
19,163,1791473090507,ENGINE,PLACE,9184,SELL_LIMIT,S,5,ENT,1.11983,0.00000
19,163,1791473346866,DEAL,FILL,9181,SELL_LIMIT,L,6,EXT,1.11980,0.00000
19,164,1791473347018,ENGINE,MODIFY,9184,SELL_LIMIT,S,5,ENT,1.11984,1.11983
19,164,1791473347302,ENGINE,PLACE,9185,SELL_LIMIT,L,5,EXT,1.12042,0.00000
19,164,1791473347585,ENGINE,REMOVE,9182,BUY_LIMIT,L,7,ENT,1.11820,0.00000
19,166,1791473350632,ENGINE,MODIFY,9184,SELL_LIMIT,S,5,ENT,1.11985,1.11984
19,166,1791473350916,ENGINE,PLACE,9186,BUY_LIMIT,L,6,ENT,1.11882,0.00000
19,167,1791473352656,ENGINE,PLACE,9187,BUY_LIMIT,S,5,EXT,1.11883,0.00000
19,167,1791473352939,ENGINE,REMOVE,9183,BUY_LIMIT,S,4,EXT,1.11823,0.00000
19,167,1791473352977,ENGINE,REMOVE,9184,SELL_LIMIT,S,5,ENT,1.11985,0.00000
19,167,1791473353051,ENGINE,PLACE,9188,SELL_LIMIT,S,6,ENT,1.12043,0.00000
19,167,1791474070875,DEAL,PLACE,9189,SELL_LIMIT,L,6,EXT,1.11980,0.00000
19,167,1791474071158,DEAL,PLACE,9190,BUY_LIMIT,L,7,ENT,1.11820,0.00000
19,167,1791474071441,DEAL,REMOVE,9185,SELL_LIMIT,L,5,EXT,1.12042,0.00000
19,167,1791474071479,DEAL,FILL,9186,BUY_LIMIT,L,6,ENT,1.11882,0.00000
19,167,1791474071479,DEAL,FILL,9187,BUY_LIMIT,S,5,EXT,1.11883,0.00000
19,169,1791474071031,SYNC,REMOVE,9189,SELL_LIMIT,L,6,EXT,1.11980,0.00000
19,169,1791474071479,ENGINE,PLACE,9191,SELL_LIMIT,L,6,EXT,1.11980,0.00000
19,169,1791474071762,ENGINE,PLACE,9192,BUY_LIMIT,S,4,EXT,1.11823,0.00000
19,169,1791474072045,ENGINE,REMOVE,9188,SELL_LIMIT,S,6,ENT,1.12043,0.00000
19,171,1791474074243,ENGINE,PLACE,9193,SELL_LIMIT,S,5,ENT,1.11983,0.00000
19,171,1791474977120,DEAL,FILL,9192,BUY_LIMIT,S,4,EXT,1.11823,0.00000
19,172,1791474977669,ENGINE,PLACE,9194,BUY_LIMIT,S,3,EXT,1.11763,0.00000
19,172,1791474977952,ENGINE,REMOVE,9193,SELL_LIMIT,S,5,ENT,1.11983,0.00000
19,174,1791474978680,ENGINE,PLACE,9195,SELL_LIMIT,S,4,ENT,1.11923,0.00000
19,174,1791475014911,DEAL,PLACE,9196,SELL_LIMIT,L,7,EXT,1.11919,0.00000
19,174,1791475015194,DEAL,FILL,9190,BUY_LIMIT,L,7,ENT,1.11820,0.00000
19,174,1791475015194,DEAL,REMOVE,9191,SELL_LIMIT,L,6,EXT,1.11980,0.00000
19,175,1791475016263,SYNC,REMOVE,9196,SELL_LIMIT,L,7,EXT,1.11919,0.00000
19,175,1791475016263,ENGINE,PLACE,9197,SELL_LIMIT,L,7,EXT,1.11919,0.00000
19,175,1791475675870,DEAL,FILL,9197,SELL_LIMIT,L,7,EXT,1.11919,0.00000
19,176,1791475677026,ENGINE,PLACE,9198,SELL_LIMIT,L,6,EXT,1.11980,0.00000
19,176,1791475677309,ENGINE,PLACE,9199,BUY_LIMIT,L,7,ENT,1.11820,0.00000
19,178,1791475684699,DEAL,PLACE,9200,BUY_LIMIT,S,4,EXT,1.11823,0.00000
19,178,1791475684982,DEAL,PLACE,9201,SELL_LIMIT,S,5,ENT,1.11983,0.00000
19,178,1791475685265,DEAL,REMOVE,9194,BUY_LIMIT,S,3,EXT,1.11763,0.00000
19,178,1791475685303,DEAL,FILL,9195,SELL_LIMIT,S,4,ENT,1.11923,0.00000
19,179,1791475684843,SYNC,REMOVE,9200,BUY_LIMIT,S,4,EXT,1.11823,0.00000
19,179,1791475685303,ENGINE,PLACE,9202,BUY_LIMIT,S,4,EXT,1.11823,0.00000
19,179,1791478103415,DEAL,FILL,9198,SELL_LIMIT,L,6,EXT,1.11980,0.00000
19,180,1791478105164,ENGINE,PLACE,9203,SELL_LIMIT,L,5,EXT,1.12042,0.00000
19,180,1791478105447,ENGINE,REMOVE,9199,BUY_LIMIT,L,7,ENT,1.11820,0.00000
19,182,1791478106379,ENGINE,MODIFY,9201,SELL_LIMIT,S,5,ENT,1.11992,1.11983
19,182,1791478106663,ENGINE,PLACE,9204,BUY_LIMIT,L,6,ENT,1.11882,0.00000
19,182,1791478106946,DEAL,PLACE,9205,BUY_LIMIT,S,5,EXT,1.11890,0.00000
19,182,1791478107229,DEAL,FILL,9201,SELL_LIMIT,S,5,ENT,1.11983,0.00000
19,182,1791478107229,DEAL,REMOVE,9202,BUY_LIMIT,S,4,EXT,1.11823,0.00000
19,183,1791478106777,SYNC,REMOVE,9205,BUY_LIMIT,S,5,EXT,1.11890,0.00000
19,183,1791478107267,ENGINE,PLACE,9206,BUY_LIMIT,S,5,EXT,1.11890,0.00000
19,183,1791478107550,ENGINE,PLACE,9207,SELL_LIMIT,S,6,ENT,1.12050,0.00000
19,183,1791479949098,DEAL,FILL,9203,SELL_LIMIT,L,5,EXT,1.12042,0.00000
19,184,1791479950249,ENGINE,PLACE,9208,SELL_LIMIT,L,4,EXT,1.12102,0.00000
19,184,1791479950532,ENGINE,REMOVE,9204,BUY_LIMIT,L,6,ENT,1.11882,0.00000
19,186,1791479950853,ENGINE,PLACE,9209,BUY_LIMIT,L,5,ENT,1.11942,0.00000
19,186,1791480082454,DEAL,PLACE,9210,BUY_LIMIT,S,6,EXT,1.11951,0.00000
19,186,1791480082737,DEAL,PLACE,9211,SELL_LIMIT,S,7,ENT,1.12111,0.00000
19,186,1791480083020,DEAL,REMOVE,9206,BUY_LIMIT,S,5,EXT,1.11890,0.00000
19,186,1791480083058,DEAL,FILL,9207,SELL_LIMIT,S,6,ENT,1.12050,0.00000
19,187,1791480084005,SYNC,REMOVE,9210,BUY_LIMIT,S,6,EXT,1.11951,0.00000
19,187,1791480084005,ENGINE,PLACE,9212,BUY_LIMIT,S,6,EXT,1.11951,0.00000
19,187,1791480318650,DEAL,FILL,9208,SELL_LIMIT,L,4,EXT,1.12102,0.00000
19,188,1791480318794,ENGINE,PLACE,9213,SELL_LIMIT,L,3,EXT,1.12175,0.00000
19,188,1791480319077,ENGINE,REMOVE,9209,BUY_LIMIT,L,5,ENT,1.11942,0.00000
19,190,1791480319198,ENGINE,PLACE,9214,BUY_LIMIT,L,4,ENT,1.12007,0.00000
19,190,1791480327093,DEAL,PLACE,9215,BUY_LIMIT,S,7,EXT,1.12022,0.00000
19,190,1791480327376,DEAL,FILL,9211,SELL_LIMIT,S,7,ENT,1.12111,0.00000
19,190,1791480327376,DEAL,REMOVE,9212,BUY_LIMIT,S,6,EXT,1.11951,0.00000
19,191,1791480327234,SYNC,REMOVE,9215,BUY_LIMIT,S,7,EXT,1.12022,0.00000
19,191,1791480327414,ENGINE,PLACE,9216,BUY_LIMIT,S,7,EXT,1.12022,0.00000
19,191,1791480638475,DEAL,FILL,9213,SELL_LIMIT,L,3,EXT,1.12175,0.00000
19,192,1791480638620,ENGINE,PLACE,9217,SELL_LIMIT,L,2,EXT,1.12243,0.00000
19,192,1791480638903,ENGINE,REMOVE,9214,BUY_LIMIT,L,4,ENT,1.12007,0.00000
19,194,1791480639227,ENGINE,PLACE,9218,BUY_LIMIT,L,3,ENT,1.12067,0.00000
19,194,1791480871692,DEAL,FILL,9217,SELL_LIMIT,L,2,EXT,1.12243,0.00000
19,195,1791480872442,ENGINE,PLACE,9219,SELL_LIMIT,L,1,EXT,1.12303,0.00000
19,195,1791480872725,ENGINE,REMOVE,9218,BUY_LIMIT,L,3,ENT,1.12067,0.00000
19,197,1791480873045,ENGINE,PLACE,9220,BUY_LIMIT,L,2,ENT,1.12127,0.00000
19,197,1791481590114,DEAL,PLACE,9221,SELL_LIMIT,L,2,EXT,1.12226,0.00000
19,197,1791481590397,DEAL,PLACE,9222,BUY_LIMIT,L,3,ENT,1.12066,0.00000
19,197,1791481590680,DEAL,REMOVE,9219,SELL_LIMIT,L,1,EXT,1.12303,0.00000
19,197,1791481590718,DEAL,FILL,9220,BUY_LIMIT,L,2,ENT,1.12127,0.00000
19,198,1791481591063,SYNC,REMOVE,9221,SELL_LIMIT,L,2,EXT,1.12226,0.00000
19,198,1791481591063,ENGINE,PLACE,9223,SELL_LIMIT,L,2,EXT,1.12226,0.00000
19,198,1791482525168,DEAL,PLACE,9224,SELL_LIMIT,L,3,EXT,1.12166,0.00000
19,198,1791482525451,DEAL,PLACE,9225,BUY_LIMIT,L,4,ENT,1.12006,0.00000
19,198,1791482525734,DEAL,FILL,9222,BUY_LIMIT,L,3,ENT,1.12066,0.00000
19,198,1791482525734,DEAL,REMOVE,9223,SELL_LIMIT,L,2,EXT,1.12226,0.00000
19,199,1791482525717,SYNC,REMOVE,9224,SELL_LIMIT,L,3,EXT,1.12166,0.00000
19,199,1791482525772,ENGINE,PLACE,9226,SELL_LIMIT,L,3,EXT,1.12166,0.00000
19,199,1791483487463,DEAL,FILL,9216,BUY_LIMIT,S,7,EXT,1.12022,0.00000
19,200,1791483488214,ENGINE,PLACE,9227,BUY_LIMIT,S,6,EXT,1.11951,0.00000
19,200,1791483488497,ENGINE,PLACE,9228,SELL_LIMIT,S,7,ENT,1.12111,0.00000
19,202,1791483533688,DEAL,PLACE,9229,SELL_LIMIT,L,4,EXT,1.12106,0.00000
19,202,1791483533971,DEAL,PLACE,9230,BUY_LIMIT,L,5,ENT,1.11946,0.00000
19,202,1791483534254,DEAL,FILL,9225,BUY_LIMIT,L,4,ENT,1.12006,0.00000
19,202,1791483534254,DEAL,REMOVE,9226,SELL_LIMIT,L,3,EXT,1.12166,0.00000
19,203,1791483533834,SYNC,REMOVE,9229,SELL_LIMIT,L,4,EXT,1.12106,0.00000
19,203,1791483534292,ENGINE,PLACE,9231,SELL_LIMIT,L,4,EXT,1.12106,0.00000
19,203,1791485200153,DEAL,FILL,9227,BUY_LIMIT,S,6,EXT,1.11951,0.00000
19,204,1791485200301,ENGINE,PLACE,9232,BUY_LIMIT,S,5,EXT,1.11890,0.00000
19,204,1791485200584,ENGINE,REMOVE,9228,SELL_LIMIT,S,7,ENT,1.12111,0.00000
19,206,1791485200695,ENGINE,PLACE,9233,SELL_LIMIT,S,6,ENT,1.12050,0.00000
19,206,1791485262818,DEAL,PLACE,9234,SELL_LIMIT,L,5,EXT,1.12044,0.00000
19,206,1791485263101,DEAL,PLACE,9235,BUY_LIMIT,L,6,ENT,1.11884,0.00000
19,206,1791485263384,DEAL,FILL,9230,BUY_LIMIT,L,5,ENT,1.11946,0.00000
19,206,1791485263384,DEAL,REMOVE,9231,SELL_LIMIT,L,4,EXT,1.12106,0.00000
19,207,1791485264363,SYNC,REMOVE,9234,SELL_LIMIT,L,5,EXT,1.12044,0.00000
19,207,1791485264363,ENGINE,PLACE,9236,SELL_LIMIT,L,5,EXT,1.12044,0.00000
19,207,1791486097210,DEAL,FILL,9232,BUY_LIMIT,S,5,EXT,1.11890,0.00000
19,208,1791486097763,ENGINE,PLACE,9237,BUY_LIMIT,S,4,EXT,1.11823,0.00000
19,208,1791486098046,ENGINE,REMOVE,9233,SELL_LIMIT,S,6,ENT,1.12050,0.00000
19,210,1791486098168,ENGINE,PLACE,9238,SELL_LIMIT,S,5,ENT,1.11983,0.00000
19,210,1791486185191,DEAL,PLACE,9239,SELL_LIMIT,L,6,EXT,1.11986,0.00000
19,210,1791486185474,DEAL,PLACE,9240,BUY_LIMIT,L,7,ENT,1.11826,0.00000
19,210,1791486185757,DEAL,FILL,9235,BUY_LIMIT,L,6,ENT,1.11884,0.00000
19,210,1791486185757,DEAL,REMOVE,9236,SELL_LIMIT,L,5,EXT,1.12044,0.00000
19,211,1791486185542,SYNC,REMOVE,9239,SELL_LIMIT,L,6,EXT,1.11986,0.00000
19,211,1791486185795,ENGINE,PLACE,9241,SELL_LIMIT,L,6,EXT,1.11986,0.00000
19,211,1791487048896,DEAL,PLACE,9242,BUY_LIMIT,S,5,EXT,1.11888,0.00000
19,211,1791487049179,DEAL,PLACE,9243,SELL_LIMIT,S,6,ENT,1.12048,0.00000
19,211,1791487049462,DEAL,REMOVE,9237,BUY_LIMIT,S,4,EXT,1.11823,0.00000
19,211,1791487049500,DEAL,FILL,9238,SELL_LIMIT,S,5,ENT,1.11983,0.00000
19,211,1791487049500,DEAL,FILL,9241,SELL_LIMIT,L,6,EXT,1.11986,0.00000
19,211,1791487049789,CB_DONE,PLACE,9244,SELL_LIMIT,L,5,EXT,1.12044,0.00000
19,211,1791487050072,ENGINE,REMOVE,9240,BUY_LIMIT,L,7,ENT,1.11826,0.00000
19,211,1791487050246,ENGINE,PLACE,9245,BUY_LIMIT,L,6,ENT,1.11884,0.00000
19,212,1791487052862,SYNC,REMOVE,9242,BUY_LIMIT,S,5,EXT,1.11888,0.00000
19,212,1791487052862,ENGINE,PLACE,9246,BUY_LIMIT,S,4,EXT,1.11823,0.00000
19,212,1791487053145,ENGINE,REMOVE,9243,SELL_LIMIT,S,6,ENT,1.12048,0.00000
19,214,1791487053254,ENGINE,PLACE,9247,SELL_LIMIT,S,5,ENT,1.12011,0.00000
19,214,1791487054111,DEAL,PLACE,9248,BUY_LIMIT,S,5,EXT,1.11912,0.00000
19,214,1791487054394,DEAL,PLACE,9249,SELL_LIMIT,S,6,ENT,1.12072,0.00000
19,214,1791487054677,DEAL,REMOVE,9246,BUY_LIMIT,S,4,EXT,1.11823,0.00000
19,214,1791487054715,DEAL,FILL,9247,SELL_LIMIT,S,5,ENT,1.12011,0.00000
19,215,1791487055659,SYNC,REMOVE,9248,BUY_LIMIT,S,5,EXT,1.11912,0.00000
19,215,1791487055659,ENGINE,MODIFY,9249,SELL_LIMIT,S,6,ENT,1.12076,1.12072
19,215,1791487055943,ENGINE,PLACE,9250,BUY_LIMIT,S,5,EXT,1.11916,0.00000
19,215,1791487274119,DEAL,FILL,9250,BUY_LIMIT,S,5,EXT,1.11916,0.00000
19,216,1791487274261,ENGINE,PLACE,9251,BUY_LIMIT,S,4,EXT,1.11823,0.00000
19,216,1791487274544,ENGINE,REMOVE,9249,SELL_LIMIT,S,6,ENT,1.12076,0.00000
19,218,1791487274663,ENGINE,PLACE,9252,SELL_LIMIT,S,5,ENT,1.11983,0.00000
19,218,1791487853263,DEAL,PLACE,9253,SELL_LIMIT,L,6,EXT,1.11980,0.00000
19,218,1791487853546,DEAL,PLACE,9254,BUY_LIMIT,L,7,ENT,1.11820,0.00000
19,218,1791487853829,DEAL,REMOVE,9244,SELL_LIMIT,L,5,EXT,1.12044,0.00000
19,218,1791487853867,DEAL,FILL,9245,BUY_LIMIT,L,6,ENT,1.11884,0.00000
19,219,1791487853614,SYNC,REMOVE,9253,SELL_LIMIT,L,6,EXT,1.11980,0.00000
19,219,1791487853867,ENGINE,PLACE,9255,SELL_LIMIT,L,6,EXT,1.11980,0.00000
19,219,1791489182190,DEAL,FILL,9255,SELL_LIMIT,L,6,EXT,1.11980,0.00000
19,220,1791489182933,ENGINE,MODIFY,9252,SELL_LIMIT,S,5,ENT,1.11984,1.11983
19,220,1791489183217,ENGINE,PLACE,9256,SELL_LIMIT,L,5,EXT,1.12044,0.00000
19,220,1791489183500,ENGINE,REMOVE,9254,BUY_LIMIT,L,7,ENT,1.11820,0.00000
19,222,1791489183543,ENGINE,PLACE,9257,BUY_LIMIT,L,6,ENT,1.11884,0.00000
19,223,1791489184138,ENGINE,PLACE,9258,BUY_LIMIT,S,5,EXT,1.11883,0.00000
19,223,1791489184421,ENGINE,REMOVE,9251,BUY_LIMIT,S,4,EXT,1.11823,0.00000
19,223,1791489184459,ENGINE,REMOVE,9252,SELL_LIMIT,S,5,ENT,1.11984,0.00000
19,223,1791489184948,ENGINE,PLACE,9259,SELL_LIMIT,S,6,ENT,1.12043,0.00000
19,223,1791490128214,DEAL,PLACE,9260,BUY_LIMIT,S,6,EXT,1.11943,0.00000
19,223,1791490128497,DEAL,PLACE,9261,SELL_LIMIT,S,7,ENT,1.12103,0.00000
19,223,1791490128780,DEAL,REMOVE,9258,BUY_LIMIT,S,5,EXT,1.11883,0.00000
19,223,1791490128818,DEAL,FILL,9259,SELL_LIMIT,S,6,ENT,1.12043,0.00000
19,224,1791490128362,SYNC,REMOVE,9260,BUY_LIMIT,S,6,EXT,1.11943,0.00000
19,224,1791490128818,DEAL,FILL,9256,SELL_LIMIT,L,5,EXT,1.12044,0.00000
19,225,1791490128818,ENGINE,PLACE,9262,SELL_LIMIT,L,4,EXT,1.12106,0.00000
19,225,1791490129101,ENGINE,PLACE,9263,BUY_LIMIT,S,6,EXT,1.11943,0.00000
19,225,1791490129384,ENGINE,REMOVE,9257,BUY_LIMIT,L,6,ENT,1.11884,0.00000
19,227,1791490129564,ENGINE,PLACE,9264,BUY_LIMIT,L,5,ENT,1.11946,0.00000
19,227,1791490562466,DEAL,PLACE,9265,BUY_LIMIT,S,7,EXT,1.12007,0.00000
19,227,1791490562749,DEAL,FILL,9261,SELL_LIMIT,S,7,ENT,1.12103,0.00000
19,227,1791490562749,DEAL,REMOVE,9263,BUY_LIMIT,S,6,EXT,1.11943,0.00000
19,227,1791490562787,DEAL,FILL,9262,SELL_LIMIT,L,4,EXT,1.12106,0.00000
19,229,1791490562807,SYNC,REMOVE,9265,BUY_LIMIT,S,7,EXT,1.12007,0.00000
19,229,1791490562807,ENGINE,PLACE,9266,SELL_LIMIT,L,3,EXT,1.12166,0.00000
19,229,1791490563090,ENGINE,PLACE,9267,BUY_LIMIT,S,7,EXT,1.12007,0.00000
19,229,1791490563373,ENGINE,REMOVE,9264,BUY_LIMIT,L,5,ENT,1.11946,0.00000
19,231,1791490563418,ENGINE,PLACE,9268,BUY_LIMIT,L,4,ENT,1.12006,0.00000
19,231,1791490687239,DEAL,FILL,9266,SELL_LIMIT,L,3,EXT,1.12166,0.00000
19,232,1791490687585,ENGINE,PLACE,9269,SELL_LIMIT,L,2,EXT,1.12226,0.00000
19,232,1791490687868,ENGINE,REMOVE,9268,BUY_LIMIT,L,4,ENT,1.12006,0.00000
19,234,1791490688192,ENGINE,PLACE,9270,BUY_LIMIT,L,3,ENT,1.12066,0.00000
19,234,1791493625233,DEAL,PLACE,9271,SELL_LIMIT,L,3,EXT,1.12166,0.00000
19,234,1791493625516,DEAL,PLACE,9272,BUY_LIMIT,L,4,ENT,1.12006,0.00000
19,234,1791493625799,DEAL,REMOVE,9269,SELL_LIMIT,L,2,EXT,1.12226,0.00000
19,234,1791493625837,DEAL,FILL,9270,BUY_LIMIT,L,3,ENT,1.12066,0.00000
19,235,1791493625573,SYNC,REMOVE,9271,SELL_LIMIT,L,3,EXT,1.12166,0.00000
19,235,1791493625837,ENGINE,PLACE,9273,SELL_LIMIT,L,3,EXT,1.12166,0.00000
19,235,1791500907952,DEAL,FILL,9273,SELL_LIMIT,L,3,EXT,1.12166,0.00000
19,236,1791500908903,ENGINE,PLACE,9274,SELL_LIMIT,L,2,EXT,1.12226,0.00000
19,236,1791500909186,ENGINE,REMOVE,9272,BUY_LIMIT,L,4,ENT,1.12006,0.00000
19,238,1791500909700,ENGINE,PLACE,9275,BUY_LIMIT,L,3,ENT,1.12066,0.00000
19,238,1791503436002,TIMER,MODIFY,9024,SELL_LIMIT,L,0,EXT,1.12387,1.12363
19,238,1791503496002,TIMER,MODIFY,9070,BUY_LIMIT,S,0,EXT,1.11586,1.11582
19,238,1791503496286,TIMER,MODIFY,9274,SELL_LIMIT,L,2,EXT,1.12234,1.12226
19,238,1791503736002,TIMER,MODIFY,9267,BUY_LIMIT,S,7,EXT,1.12008,1.12007
19,238,1791504584797,ENGINE,MODIFY,9275,BUY_LIMIT,L,3,ENT,1.11998,1.12066
19,238,1791504585395,ENGINE,MODIFY,9275,BUY_LIMIT,L,3,ENT,1.12066,1.11998
19,238,1791504900466,ENGINE,MODIFY,9275,BUY_LIMIT,L,3,ENT,1.11998,1.12066
19,238,1791504901269,ENGINE,MODIFY,9275,BUY_LIMIT,L,3,ENT,1.12066,1.11998
