seg_id,sync_idx,time_ms,kind,code,json
20,-1,1790845310288,ea_event,,{"type":"fill_log","seq":0,"ea_time_ms":97021578,"magic":22260201,"deal_ticket":800000001,"order_ticket":9001,"position_id":900000001,"entry_type":"IN","deal_type":"SELL","side":"S","layer_index":0,"role":"ENT","deal_price":1.13244,"order_price_open":null,"slippage_pips":null,"volume":0.00,"profit":0.00,"swap":0.00,"commission":0.00,"deal_time_broker":"2026-10-01 09:01:50","deal_time_broker_msc":1790845310000,"halted_at_receipt":false,"quarantined_at_receipt":false}
21,-1,1790847581622,ea_event,,{"type":"fill_log","seq":0,"ea_time_ms":97021609,"magic":22260201,"deal_ticket":800000001,"order_ticket":1978117494,"position_id":900000001,"entry_type":"IN","deal_type":"BUY","side":"L","layer_index":0,"role":"ENT","deal_price":1.13171,"order_price_open":null,"slippage_pips":null,"volume":0.00,"profit":0.00,"swap":0.00,"commission":0.00,"deal_time_broker":"2026-10-01 09:39:41","deal_time_broker_msc":1790847581000,"halted_at_receipt":false,"quarantined_at_receipt":false}
21,-1,1790847620035,ea_event,,{"type":"fill_log","seq":1,"ea_time_ms":97021609,"magic":22260201,"deal_ticket":800000002,"order_ticket":1978243207,"position_id":900000002,"entry_type":"IN","deal_type":"SELL","side":"S","layer_index":0,"role":"EXT","deal_price":1.13151,"order_price_open":null,"slippage_pips":null,"volume":0.00,"profit":0.00,"swap":0.00,"commission":0.00,"deal_time_broker":"2026-10-01 09:40:20","deal_time_broker_msc":1790847620000,"halted_at_receipt":false,"quarantined_at_receipt":false}
21,-1,1790847620476,ea_event,,{"type":"fill_log","seq":2,"ea_time_ms":97021609,"magic":22260201,"deal_ticket":800000003,"order_ticket":700000003,"position_id":1978117505,"entry_type":"OUT_BY","deal_type":"SELL","side":null,"layer_index":null,"role":null,"deal_price":1.13151,"order_price_open":null,"slippage_pips":null,"volume":0.00,"profit":0.90,"swap":0.00,"commission":0.00,"deal_time_broker":"2026-10-01 09:40:20","deal_time_broker_msc":1790847620000,"halted_at_receipt":false,"quarantined_at_receipt":false}
21,-1,1790847620476,ea_event,,{"type":"fill_log","seq":3,"ea_time_ms":97021609,"magic":22260201,"deal_ticket":800000004,"order_ticket":700000003,"position_id":900000002,"entry_type":"OUT_BY","deal_type":"SELL","side":null,"layer_index":null,"role":null,"deal_price":1.13241,"order_price_open":null,"slippage_pips":null,"volume":0.00,"profit":0.00,"swap":0.00,"commission":0.00,"deal_time_broker":"2026-10-01 09:40:20","deal_time_broker_msc":1790847620000,"halted_at_receipt":false,"quarantined_at_receipt":false}
21,-1,1790847620476,scalp,SCALP_CLOSED,{"close_time":"2026-10-01T09:40:20Z","instrument":"EURUSD","direction":"SHORT","entry_price":1.13241,"exit_price":1.13151,"layer_depth":0,"stack_depth":1,"gross_pnl":0.90,"instance_id":"GRIND_EURUSD_OPTD","ejected":false,"rolled":false,"broker_utc_offset_s":10800,"account_login":53077984}
21,-1,1790847652395,ea_event,,{"type":"fill_log","seq":4,"ea_time_ms":97021625,"magic":22260201,"deal_ticket":800000005,"order_ticket":9001,"position_id":900000003,"entry_type":"IN","deal_type":"BUY","side":"L","layer_index":1,"role":"ENT","deal_price":1.13092,"order_price_open":null,"slippage_pips":null,"volume":0.00,"profit":0.00,"swap":0.00,"commission":0.00,"deal_time_broker":"2026-10-01 09:40:52","deal_time_broker_msc":1790847652000,"halted_at_receipt":false,"quarantined_at_receipt":false}
21,-1,1790848431398,ea_event,,{"type":"fill_log","seq":5,"ea_time_ms":97021640,"magic":22260201,"deal_ticket":800000006,"order_ticket":9002,"position_id":900000004,"entry_type":"IN","deal_type":"SELL","side":"S","layer_index":0,"role":"ENT","deal_price":1.13150,"order_price_open":null,"slippage_pips":null,"volume":0.00,"profit":0.00,"swap":0.00,"commission":0.00,"deal_time_broker":"2026-10-01 09:53:51","deal_time_broker_msc":1790848431000,"halted_at_receipt":false,"quarantined_at_receipt":false}
21,-1,1790848665690,ea_event,,{"type":"fill_log","seq":6,"ea_time_ms":97021640,"magic":22260201,"deal_ticket":800000007,"order_ticket":9003,"position_id":900000005,"entry_type":"IN","deal_type":"BUY","side":"L","layer_index":1,"role":"EXT","deal_price":1.13185,"order_price_open":null,"slippage_pips":null,"volume":0.00,"profit":0.00,"swap":0.00,"commission":0.00,"deal_time_broker":"2026-10-01 09:57:45","deal_time_broker_msc":1790848665000,"halted_at_receipt":false,"quarantined_at_receipt":false}
21,-1,1790848666521,ea_event,,{"type":"fill_log","seq":7,"ea_time_ms":97021640,"magic":22260201,"deal_ticket":800000008,"order_ticket":700000008,"position_id":900000003,"entry_type":"OUT_BY","deal_type":"SELL","side":null,"layer_index":null,"role":null,"deal_price":1.13185,"order_price_open":null,"slippage_pips":null,"volume":0.00,"profit":0.93,"swap":0.00,"commission":0.00,"deal_time_broker":"2026-10-01 09:57:46","deal_time_broker_msc":1790848666000,"halted_at_receipt":false,"quarantined_at_receipt":false}
21,-1,1790848666521,ea_event,,{"type":"fill_log","seq":8,"ea_time_ms":97021640,"magic":22260201,"deal_ticket":800000009,"order_ticket":700000008,"position_id":900000005,"entry_type":"OUT_BY","deal_type":"SELL","side":null,"layer_index":null,"role":null,"deal_price":1.13092,"order_price_open":null,"slippage_pips":null,"volume":0.00,"profit":0.00,"swap":0.00,"commission":0.00,"deal_time_broker":"2026-10-01 09:57:46","deal_time_broker_msc":1790848666000,"halted_at_receipt":false,"quarantined_at_receipt":false}
21,-1,1790848666521,scalp,SCALP_CLOSED,{"close_time":"2026-10-01T09:57:46Z","instrument":"EURUSD","direction":"LONG","entry_price":1.13092,"exit_price":1.13185,"layer_depth":1,"stack_depth":2,"gross_pnl":0.93,"instance_id":"GRIND_EURUSD_OPTD","ejected":false,"rolled":false,"broker_utc_offset_s":10800,"account_login":53077984}
21,-1,1790850146529,ea_event,,{"type":"fill_log","seq":9,"ea_time_ms":97021671,"magic":22260201,"deal_ticket":800000010,"order_ticket":9007,"position_id":900000006,"entry_type":"IN","deal_type":"BUY","side":"L","layer_index":1,"role":"ENT","deal_price":1.13099,"order_price_open":null,"slippage_pips":null,"volume":0.00,"profit":0.00,"swap":0.00,"commission":0.00,"deal_time_broker":"2026-10-01 10:22:26","deal_time_broker_msc":1790850146000,"halted_at_receipt":false,"quarantined_at_receipt":false}
21,-1,1790850225639,ea_event,,{"type":"fill_log","seq":10,"ea_time_ms":97021671,"magic":22260201,"deal_ticket":800000011,"order_ticket":9005,"position_id":900000007,"entry_type":"IN","deal_type":"SELL","side":"S","layer_index":0,"role":"EXT","deal_price":1.13053,"order_price_open":null,"slippage_pips":null,"volume":0.00,"profit":0.00,"swap":0.00,"commission":0.00,"deal_time_broker":"2026-10-01 10:23:45","deal_time_broker_msc":1790850225000,"halted_at_receipt":false,"quarantined_at_receipt":false}
21,-1,1790850226075,ea_event,,{"type":"fill_log","seq":11,"ea_time_ms":97021671,"magic":22260201,"deal_ticket":800000012,"order_ticket":700000012,"position_id":900000004,"entry_type":"OUT_BY","deal_type":"SELL","side":null,"layer_index":null,"role":null,"deal_price":1.13053,"order_price_open":null,"slippage_pips":null,"volume":0.00,"profit":0.97,"swap":0.00,"commission":0.00,"deal_time_broker":"2026-10-01 10:23:46","deal_time_broker_msc":1790850226000,"halted_at_receipt":false,"quarantined_at_receipt":false}
21,-1,1790850226075,ea_event,,{"type":"fill_log","seq":12,"ea_time_ms":97021671,"magic":22260201,"deal_ticket":800000013,"order_ticket":700000012,"position_id":900000007,"entry_type":"OUT_BY","deal_type":"SELL","side":null,"layer_index":null,"role":null,"deal_price":1.13150,"order_price_open":null,"slippage_pips":null,"volume":0.00,"profit":0.00,"swap":0.00,"commission":0.00,"deal_time_broker":"2026-10-01 10:23:46","deal_time_broker_msc":1790850226000,"halted_at_receipt":false,"quarantined_at_receipt":false}
21,-1,1790850226075,scalp,SCALP_CLOSED,{"close_time":"2026-10-01T10:23:46Z","instrument":"EURUSD","direction":"SHORT","entry_price":1.13150,"exit_price":1.13053,"layer_depth":0,"stack_depth":1,"gross_pnl":0.97,"instance_id":"GRIND_EURUSD_OPTD","ejected":false,"rolled":false,"broker_utc_offset_s":10800,"account_login":53077984}
21,-1,1790850667211,ea_event,,{"type":"fill_log","seq":13,"ea_time_ms":97021687,"magic":22260201,"deal_ticket":800000014,"order_ticket":9009,"position_id":900000008,"entry_type":"IN","deal_type":"BUY","side":"L","layer_index":2,"role":"ENT","deal_price":1.13012,"order_price_open":null,"slippage_pips":null,"volume":0.00,"profit":0.00,"swap":0.00,"commission":0.00,"deal_time_broker":"2026-10-01 10:31:07","deal_time_broker_msc":1790850667000,"halted_at_receipt":false,"quarantined_at_receipt":false}
21,-1,1790851669990,ea_event,,{"type":"fill_log","seq":14,"ea_time_ms":97021718,"magic":22260201,"deal_ticket":800000015,"order_ticket":9011,"position_id":900000009,"entry_type":"IN","deal_type":"BUY","side":"L","layer_index":2,"role":"EXT","deal_price":1.13103,"order_price_open":null,"slippage_pips":null,"volume":0.00,"profit":0.00,"swap":0.00,"commission":0.00,"deal_time_broker":"2026-10-01 10:47:49","deal_time_broker_msc":1790851669000,"halted_at_receipt":false,"quarantined_at_receipt":false}
21,-1,1790851670425,ea_event,,{"type":"fill_log","seq":15,"ea_time_ms":97021718,"magic":22260201,"deal_ticket":800000016,"order_ticket":700000016,"position_id":900000008,"entry_type":"OUT_BY","deal_type":"SELL","side":null,"layer_index":null,"role":null,"deal_price":1.13103,"order_price_open":null,"slippage_pips":null,"volume":0.00,"profit":0.91,"swap":0.00,"commission":0.00,"deal_time_broker":"2026-10-01 10:47:50","deal_time_broker_msc":1790851670000,"halted_at_receipt":false,"quarantined_at_receipt":false}
21,-1,1790851670425,ea_event,,{"type":"fill_log","seq":16,"ea_time_ms":97021718,"magic":22260201,"deal_ticket":800000017,"order_ticket":700000016,"position_id":900000009,"entry_type":"OUT_BY","deal_type":"SELL","side":null,"layer_index":null,"role":null,"deal_price":1.13012,"order_price_open":null,"slippage_pips":null,"volume":0.00,"profit":0.00,"swap":0.00,"commission":0.00,"deal_time_broker":"2026-10-01 10:47:50","deal_time_broker_msc":1790851670000,"halted_at_receipt":false,"quarantined_at_receipt":false}
21,-1,1790851670425,scalp,SCALP_CLOSED,{"close_time":"2026-10-01T10:47:50Z","instrument":"EURUSD","direction":"LONG","entry_price":1.13012,"exit_price":1.13103,"layer_depth":2,"stack_depth":3,"gross_pnl":0.91,"instance_id":"GRIND_EURUSD_OPTD","ejected":false,"rolled":false,"broker_utc_offset_s":10800,"account_login":53077984}
21,-1,1790852460641,ea_event,,{"type":"fill_log","seq":17,"ea_time_ms":97021734,"magic":22260201,"deal_ticket":800000018,"order_ticket":9014,"position_id":900000010,"entry_type":"IN","deal_type":"BUY","side":"L","layer_index":2,"role":"ENT","deal_price":1.13027,"order_price_open":null,"slippage_pips":null,"volume":0.00,"profit":0.00,"swap":0.00,"commission":0.00,"deal_time_broker":"2026-10-01 11:01:00","deal_time_broker_msc":1790852460000,"halted_at_receipt":false,"quarantined_at_receipt":false}
21,-1,1790853133080,ea_event,,{"type":"fill_log","seq":18,"ea_time_ms":97021765,"magic":22260201,"deal_ticket":800000019,"order_ticket":9016,"position_id":900000011,"entry_type":"IN","deal_type":"BUY","side":"L","layer_index":3,"role":"ENT","deal_price":1.12955,"order_price_open":null,"slippage_pips":null,"volume":0.00,"profit":0.00,"swap":0.00,"commission":0.00,"deal_time_broker":"2026-10-01 11:12:13","deal_time_broker_msc":1790853133000,"halted_at_receipt":false,"quarantined_at_receipt":false}
21,-1,1790853998886,ea_event,,{"type":"fill_log","seq":19,"ea_time_ms":97021781,"magic":22260201,"deal_ticket":800000020,"order_ticket":9010,"position_id":900000012,"entry_type":"IN","deal_type":"SELL","side":"S","layer_index":0,"role":"ENT","deal_price":1.13044,"order_price_open":null,"slippage_pips":null,"volume":0.00,"profit":0.00,"swap":0.00,"commission":0.00,"deal_time_broker":"2026-10-01 11:26:38","deal_time_broker_msc":1790853998000,"halted_at_receipt":false,"quarantined_at_receipt":false}
21,-1,1790854000493,ea_event,,{"type":"fill_log","seq":20,"ea_time_ms":97021781,"magic":22260201,"deal_ticket":800000021,"order_ticket":9017,"position_id":900000013,"entry_type":"IN","deal_type":"BUY","side":"L","layer_index":3,"role":"EXT","deal_price":1.13046,"order_price_open":null,"slippage_pips":null,"volume":0.00,"profit":0.00,"swap":0.00,"commission":0.00,"deal_time_broker":"2026-10-01 11:26:40","deal_time_broker_msc":1790854000000,"halted_at_receipt":false,"quarantined_at_receipt":false}
21,-1,1790854000944,ea_event,,{"type":"fill_log","seq":21,"ea_time_ms":97021781,"magic":22260201,"deal_ticket":800000022,"order_ticket":700000022,"position_id":900000011,"entry_type":"OUT_BY","deal_type":"SELL","side":null,"layer_index":null,"role":null,"deal_price":1.13046,"order_price_open":null,"slippage_pips":null,"volume":0.00,"profit":0.91,"swap":0.00,"commission":0.00,"deal_time_broker":"2026-10-01 11:26:40","deal_time_broker_msc":1790854000000,"halted_at_receipt":false,"quarantined_at_receipt":false}
21,-1,1790854000944,ea_event,,{"type":"fill_log","seq":22,"ea_time_ms":97021781,"magic":22260201,"deal_ticket":800000023,"order_ticket":700000022,"position_id":900000013,"entry_type":"OUT_BY","deal_type":"SELL","side":null,"layer_index":null,"role":null,"deal_price":1.12955,"order_price_open":null,"slippage_pips":null,"volume":0.00,"profit":0.00,"swap":0.00,"commission":0.00,"deal_time_broker":"2026-10-01 11:26:40","deal_time_broker_msc":1790854000000,"halted_at_receipt":false,"quarantined_at_receipt":false}
21,-1,1790854000944,scalp,SCALP_CLOSED,{"close_time":"2026-10-01T11:26:40Z","instrument":"EURUSD","direction":"LONG","entry_price":1.12955,"exit_price":1.13046,"layer_depth":3,"stack_depth":4,"gross_pnl":0.91,"instance_id":"GRIND_EURUSD_OPTD","ejected":false,"rolled":false,"broker_utc_offset_s":10800,"account_login":53077984}
21,-1,1790854590376,ea_event,,{"type":"fill_log","seq":23,"ea_time_ms":97021796,"magic":22260201,"deal_ticket":800000024,"order_ticket":9022,"position_id":900000014,"entry_type":"IN","deal_type":"BUY","side":"L","layer_index":3,"role":"ENT","deal_price":1.12954,"order_price_open":null,"slippage_pips":null,"volume":0.00,"profit":0.00,"swap":0.00,"commission":0.00,"deal_time_broker":"2026-10-01 11:36:30","deal_time_broker_msc":1790854590000,"halted_at_receipt":false,"quarantined_at_receipt":false}
21,-1,1790854592790,ea_event,,{"type":"fill_log","seq":24,"ea_time_ms":97021796,"magic":22260201,"deal_ticket":800000025,"order_ticket":9019,"position_id":900000015,"entry_type":"IN","deal_type":"SELL","side":"S","layer_index":0,"role":"EXT","deal_price":1.12947,"order_price_open":null,"slippage_pips":null,"volume":0.00,"profit":0.00,"swap":0.00,"commission":0.00,"deal_time_broker":"2026-10-01 11:36:32","deal_time_broker_msc":1790854592000,"halted_at_receipt":false,"quarantined_at_receipt":false}
21,-1,1790854593635,ea_event,,{"type":"fill_log","seq":25,"ea_time_ms":97021796,"magic":22260201,"deal_ticket":800000026,"order_ticket":700000026,"position_id":900000012,"entry_type":"OUT_BY","deal_type":"SELL","side":null,"layer_index":null,"role":null,"deal_price":1.12947,"order_price_open":null,"slippage_pips":null,"volume":0.00,"profit":0.97,"swap":0.00,"commission":0.00,"deal_time_broker":"2026-10-01 11:36:33","deal_time_broker_msc":1790854593000,"halted_at_receipt":false,"quarantined_at_receipt":false}
21,-1,1790854593635,ea_event,,{"type":"fill_log","seq":26,"ea_time_ms":97021796,"magic":22260201,"deal_ticket":800000027,"order_ticket":700000026,"position_id":900000015,"entry_type":"OUT_BY","deal_type":"SELL","side":null,"layer_index":null,"role":null,"deal_price":1.13044,"order_price_open":null,"slippage_pips":null,"volume":0.00,"profit":0.00,"swap":0.00,"commission":0.00,"deal_time_broker":"2026-10-01 11:36:33","deal_time_broker_msc":1790854593000,"halted_at_receipt":false,"quarantined_at_receipt":false}
21,-1,1790854593635,scalp,SCALP_CLOSED,{"close_time":"2026-10-01T11:36:33Z","instrument":"EURUSD","direction":"SHORT","entry_price":1.13044,"exit_price":1.12947,"layer_depth":0,"stack_depth":1,"gross_pnl":0.97,"instance_id":"GRIND_EURUSD_OPTD","ejected":false,"rolled":false,"broker_utc_offset_s":10800,"account_login":53077984}
21,-1,1790855595113,ea_event,,{"type":"fill_log","seq":27,"ea_time_ms":97021812,"magic":22260201,"deal_ticket":800000028,"order_ticket":9024,"position_id":900000016,"entry_type":"IN","deal_type":"BUY","side":"L","layer_index":4,"role":"ENT","deal_price":1.12883,"order_price_open":null,"slippage_pips":null,"volume":0.00,"profit":0.00,"swap":0.00,"commission":0.00,"deal_time_broker":"2026-10-01 11:53:15","deal_time_broker_msc":1790855595000,"halted_at_receipt":false,"quarantined_at_receipt":false}
21,-1,1790856352394,ea_event,,{"type":"fill_log","seq":28,"ea_time_ms":97021843,"magic":22260201,"deal_ticket":800000029,"order_ticket":9025,"position_id":900000017,"entry_type":"IN","deal_type":"SELL","side":"S","layer_index":0,"role":"ENT","deal_price":1.12954,"order_price_open":null,"slippage_pips":null,"volume":0.00,"profit":0.00,"swap":0.00,"commission":0.00,"deal_time_broker":"2026-10-01 12:05:52","deal_time_broker_msc":1790856352000,"halted_at_receipt":false,"quarantined_at_receipt":false}
21,-1,1790856506804,ea_event,,{"type":"fill_log","seq":29,"ea_time_ms":97021843,"magic":22260201,"deal_ticket":800000030,"order_ticket":9026,"position_id":900000018,"entry_type":"IN","deal_type":"BUY","side":"L","layer_index":4,"role":"EXT","deal_price":1.12970,"order_price_open":null,"slippage_pips":null,"volume":0.00,"profit":0.00,"swap":0.00,"commission":0.00,"deal_time_broker":"2026-10-01 12:08:26","deal_time_broker_msc":1790856506000,"halted_at_receipt":false,"quarantined_at_receipt":false}
21,-1,1790856507234,ea_event,,{"type":"fill_log","seq":30,"ea_time_ms":97021843,"magic":22260201,"deal_ticket":800000031,"order_ticket":700000031,"position_id":900000016,"entry_type":"OUT_BY","deal_type":"SELL","side":null,"layer_index":null,"role":null,"deal_price":1.12970,"order_price_open":null,"slippage_pips":null,"volume":0.00,"profit":0.87,"swap":0.00,"commission":0.00,"deal_time_broker":"2026-10-01 12:08:27","deal_time_broker_msc":1790856507000,"halted_at_receipt":false,"quarantined_at_receipt":false}
21,-1,1790856507234,ea_event,,{"type":"fill_log","seq":31,"ea_time_ms":97021843,"magic":22260201,"deal_ticket":800000032,"order_ticket":700000031,"position_id":900000018,"entry_type":"OUT_BY","deal_type":"SELL","side":null,"layer_index":null,"role":null,"deal_price":1.12883,"order_price_open":null,"slippage_pips":null,"volume":0.00,"profit":0.00,"swap":0.00,"commission":0.00,"deal_time_broker":"2026-10-01 12:08:27","deal_time_broker_msc":1790856507000,"halted_at_receipt":false,"quarantined_at_receipt":false}
21,-1,1790856507234,scalp,SCALP_CLOSED,{"close_time":"2026-10-01T12:08:27Z","instrument":"EURUSD","direction":"LONG","entry_price":1.12883,"exit_price":1.12970,"layer_depth":4,"stack_depth":5,"gross_pnl":0.87,"instance_id":"GRIND_EURUSD_OPTD","ejected":false,"rolled":false,"broker_utc_offset_s":10800,"account_login":53077984}
21,-1,1790858990822,ea_event,,{"type":"fill_log","seq":32,"ea_time_ms":97021890,"magic":22260201,"deal_ticket":800000033,"order_ticket":9031,"position_id":900000019,"entry_type":"IN","deal_type":"BUY","side":"L","layer_index":4,"role":"ENT","deal_price":1.12882,"order_price_open":null,"slippage_pips":null,"volume":0.00,"profit":0.00,"swap":0.00,"commission":0.00,"deal_time_broker":"2026-10-01 12:49:50","deal_time_broker_msc":1790858990000,"halted_at_receipt":false,"quarantined_at_receipt":false}
21,-1,1790859009108,ea_event,,{"type":"fill_log","seq":33,"ea_time_ms":97021890,"magic":22260201,"deal_ticket":800000034,"order_ticket":9028,"position_id":900000020,"entry_type":"IN","deal_type":"SELL","side":"S","layer_index":0,"role":"EXT","deal_price":1.12863,"order_price_open":null,"slippage_pips":null,"volume":0.00,"profit":0.00,"swap":0.00,"commission":0.00,"deal_time_broker":"2026-10-01 12:50:09","deal_time_broker_msc":1790859009000,"halted_at_receipt":false,"quarantined_at_receipt":false}
21,-1,1790859011555,ea_event,,{"type":"fill_log","seq":34,"ea_time_ms":97021890,"magic":22260201,"deal_ticket":800000035,"order_ticket":700000035,"position_id":900000017,"entry_type":"OUT_BY","deal_type":"SELL","side":null,"layer_index":null,"role":null,"deal_price":1.12863,"order_price_open":null,"slippage_pips":null,"volume":0.00,"profit":0.91,"swap":0.00,"commission":0.00,"deal_time_broker":"2026-10-01 12:50:11","deal_time_broker_msc":1790859011000,"halted_at_receipt":false,"quarantined_at_receipt":false}
21,-1,1790859011555,ea_event,,{"type":"fill_log","seq":35,"ea_time_ms":97021890,"magic":22260201,"deal_ticket":800000036,"order_ticket":700000035,"position_id":900000020,"entry_type":"OUT_BY","deal_type":"SELL","side":null,"layer_index":null,"role":null,"deal_price":1.12954,"order_price_open":null,"slippage_pips":null,"volume":0.00,"profit":0.00,"swap":0.00,"commission":0.00,"deal_time_broker":"2026-10-01 12:50:11","deal_time_broker_msc":1790859011000,"halted_at_receipt":false,"quarantined_at_receipt":false}
21,-1,1790859011555,scalp,SCALP_CLOSED,{"close_time":"2026-10-01T12:50:11Z","instrument":"EURUSD","direction":"SHORT","entry_price":1.12954,"exit_price":1.12863,"layer_depth":0,"stack_depth":1,"gross_pnl":0.91,"instance_id":"GRIND_EURUSD_OPTD","ejected":false,"rolled":false,"broker_utc_offset_s":10800,"account_login":53077984}
21,-1,1790859281141,ea_event,,{"type":"fill_log","seq":36,"ea_time_ms":97021890,"magic":22260201,"deal_ticket":800000037,"order_ticket":9033,"position_id":900000021,"entry_type":"IN","deal_type":"BUY","side":"L","layer_index":5,"role":"ENT","deal_price":1.12811,"order_price_open":null,"slippage_pips":null,"volume":0.00,"profit":0.00,"swap":0.00,"commission":0.00,"deal_time_broker":"2026-10-01 12:54:41","deal_time_broker_msc":1790859281000,"halted_at_receipt":false,"quarantined_at_receipt":false}
21,-1,1790859567009,ea_event,,{"type":"fill_log","seq":37,"ea_time_ms":97021906,"magic":22260201,"deal_ticket":800000038,"order_ticket":9036,"position_id":900000022,"entry_type":"IN","deal_type":"BUY","side":"L","layer_index":6,"role":"ENT","deal_price":1.12718,"order_price_open":null,"slippage_pips":null,"volume":0.00,"profit":0.00,"swap":0.00,"commission":0.00,"deal_time_broker":"2026-10-01 12:59:26","deal_time_broker_msc":1790859566000,"halted_at_receipt":false,"quarantined_at_receipt":false}
21,-1,1790860513062,ea_event,,{"type":"fill_log","seq":38,"ea_time_ms":97021937,"magic":22260201,"deal_ticket":800000039,"order_ticket":9034,"position_id":900000023,"entry_type":"IN","deal_type":"SELL","side":"S","layer_index":0,"role":"ENT","deal_price":1.12788,"order_price_open":null,"slippage_pips":null,"volume":0.00,"profit":0.00,"swap":0.00,"commission":0.00,"deal_time_broker":"2026-10-01 13:15:13","deal_time_broker_msc":1790860513000,"halted_at_receipt":false,"quarantined_at_receipt":false}
21,-1,1790860721134,ea_event,,{"type":"fill_log","seq":39,"ea_time_ms":97021937,"magic":22260201,"deal_ticket":800000040,"order_ticket":9037,"position_id":900000024,"entry_type":"IN","deal_type":"BUY","side":"L","layer_index":6,"role":"EXT","deal_price":1.12809,"order_price_open":null,"slippage_pips":null,"volume":0.00,"profit":0.00,"swap":0.00,"commission":0.00,"deal_time_broker":"2026-10-01 13:18:41","deal_time_broker_msc":1790860721000,"halted_at_receipt":false,"quarantined_at_receipt":false}
21,-1,1790860721575,ea_event,,{"type":"fill_log","seq":40,"ea_time_ms":97021937,"magic":22260201,"deal_ticket":800000041,"order_ticket":700000041,"position_id":900000022,"entry_type":"OUT_BY","deal_type":"SELL","side":null,"layer_index":null,"role":null,"deal_price":1.12809,"order_price_open":null,"slippage_pips":null,"volume":0.00,"profit":0.91,"swap":0.00,"commission":0.00,"deal_time_broker":"2026-10-01 13:18:41","deal_time_broker_msc":1790860721000,"halted_at_receipt":false,"quarantined_at_receipt":false}
21,-1,1790860721575,ea_event,,{"type":"fill_log","seq":41,"ea_time_ms":97021937,"magic":22260201,"deal_ticket":800000042,"order_ticket":700000041,"position_id":900000024,"entry_type":"OUT_BY","deal_type":"SELL","side":null,"layer_index":null,"role":null,"deal_price":1.12718,"order_price_open":null,"slippage_pips":null,"volume":0.00,"profit":0.00,"swap":0.00,"commission":0.00,"deal_time_broker":"2026-10-01 13:18:41","deal_time_broker_msc":1790860721000,"halted_at_receipt":false,"quarantined_at_receipt":false}
21,-1,1790860721575,scalp,SCALP_CLOSED,{"close_time":"2026-10-01T13:18:41Z","instrument":"EURUSD","direction":"LONG","entry_price":1.12718,"exit_price":1.12809,"layer_depth":6,"stack_depth":7,"gross_pnl":0.91,"instance_id":"GRIND_EURUSD_OPTD","ejected":false,"rolled":false,"broker_utc_offset_s":10800,"account_login":53077984}
21,-1,1790861224918,ea_event,,{"type":"fill_log","seq":42,"ea_time_ms":97021953,"magic":22260201,"deal_ticket":800000043,"order_ticket":9040,"position_id":900000025,"entry_type":"IN","deal_type":"SELL","side":"S","layer_index":1,"role":"ENT","deal_price":1.12866,"order_price_open":null,"slippage_pips":null,"volume":0.00,"profit":0.00,"swap":0.00,"commission":0.00,"deal_time_broker":"2026-10-01 13:27:04","deal_time_broker_msc":1790861224000,"halted_at_receipt":false,"quarantined_at_receipt":false}
21,-1,1790861421330,ea_event,,{"type":"fill_log","seq":43,"ea_time_ms":97021953,"magic":22260201,"deal_ticket":800000044,"order_ticket":9041,"position_id":900000026,"entry_type":"IN","deal_type":"BUY","side":"L","layer_index":5,"role":"EXT","deal_price":1.12904,"order_price_open":null,"slippage_pips":null,"volume":0.00,"profit":0.00,"swap":0.00,"commission":0.00,"deal_time_broker":"2026-10-01 13:30:21","deal_time_broker_msc":1790861421000,"halted_at_receipt":false,"quarantined_at_receipt":false}
21,-1,1790861421770,ea_event,,{"type":"fill_log","seq":44,"ea_time_ms":97021968,"magic":22260201,"deal_ticket":800000045,"order_ticket":700000045,"position_id":900000021,"entry_type":"OUT_BY","deal_type":"SELL","side":null,"layer_index":null,"role":null,"deal_price":1.12904,"order_price_open":null,"slippage_pips":null,"volume":0.00,"profit":0.93,"swap":0.00,"commission":0.00,"deal_time_broker":"2026-10-01 13:30:21","deal_time_broker_msc":1790861421000,"halted_at_receipt":false,"quarantined_at_receipt":false}
21,-1,1790861421770,ea_event,,{"type":"fill_log","seq":45,"ea_time_ms":97021968,"magic":22260201,"deal_ticket":800000046,"order_ticket":700000045,"position_id":900000026,"entry_type":"OUT_BY","deal_type":"SELL","side":null,"layer_index":null,"role":null,"deal_price":1.12811,"order_price_open":null,"slippage_pips":null,"volume":0.00,"profit":0.00,"swap":0.00,"commission":0.00,"deal_time_broker":"2026-10-01 13:30:21","deal_time_broker_msc":1790861421000,"halted_at_receipt":false,"quarantined_at_receipt":false}
21,-1,1790861421770,scalp,SCALP_CLOSED,{"close_time":"2026-10-01T13:30:21Z","instrument":"EURUSD","direction":"LONG","entry_price":1.12811,"exit_price":1.12904,"layer_depth":5,"stack_depth":6,"gross_pnl":0.93,"instance_id":"GRIND_EURUSD_OPTD","ejected":false,"rolled":false,"broker_utc_offset_s":10800,"account_login":53077984}
21,-1,1790861704819,ea_event,,{"type":"fill_log","seq":46,"ea_time_ms":97021968,"magic":22260201,"deal_ticket":800000047,"order_ticket":9044,"position_id":900000027,"entry_type":"IN","deal_type":"SELL","side":"S","layer_index":2,"role":"ENT","deal_price":1.12936,"order_price_open":null,"slippage_pips":null,"volume":0.00,"profit":0.00,"swap":0.00,"commission":0.00,"deal_time_broker":"2026-10-01 13:35:04","deal_time_broker_msc":1790861704000,"halted_at_receipt":false,"quarantined_at_receipt":false}
21,-1,1790862852378,ea_event,,{"type":"fill_log","seq":47,"ea_time_ms":97022015,"magic":22260201,"deal_ticket":800000048,"order_ticket":9045,"position_id":900000028,"entry_type":"IN","deal_type":"BUY","side":"L","layer_index":4,"role":"EXT","deal_price":1.12974,"order_price_open":null,"slippage_pips":null,"volume":0.00,"profit":0.00,"swap":0.00,"commission":0.00,"deal_time_broker":"2026-10-01 13:54:12","deal_time_broker_msc":1790862852000,"halted_at_receipt":false,"quarantined_at_receipt":false}
21,-1,1790862853611,ea_event,,{"type":"fill_log","seq":48,"ea_time_ms":97022015,"magic":22260201,"deal_ticket":800000049,"order_ticket":700000049,"position_id":900000019,"entry_type":"OUT_BY","deal_type":"SELL","side":null,"layer_index":null,"role":null,"deal_price":1.12974,"order_price_open":null,"slippage_pips":null,"volume":0.00,"profit":0.92,"swap":0.00,"commission":0.00,"deal_time_broker":"2026-10-01 13:54:13","deal_time_broker_msc":1790862853000,"halted_at_receipt":false,"quarantined_at_receipt":false}
21,-1,1790862853611,ea_event,,{"type":"fill_log","seq":49,"ea_time_ms":97022015,"magic":22260201,"deal_ticket":800000050,"order_ticket":700000049,"position_id":900000028,"entry_type":"OUT_BY","deal_type":"SELL","side":null,"layer_index":null,"role":null,"deal_price":1.12882,"order_price_open":null,"slippage_pips":null,"volume":0.00,"profit":0.00,"swap":0.00,"commission":0.00,"deal_time_broker":"2026-10-01 13:54:13","deal_time_broker_msc":1790862853000,"halted_at_receipt":false,"quarantined_at_receipt":false}
21,-1,1790862853611,scalp,SCALP_CLOSED,{"close_time":"2026-10-01T13:54:13Z","instrument":"EURUSD","direction":"LONG","entry_price":1.12882,"exit_price":1.12974,"layer_depth":4,"stack_depth":5,"gross_pnl":0.92,"instance_id":"GRIND_EURUSD_OPTD","ejected":false,"rolled":false,"broker_utc_offset_s":10800,"account_login":53077984}
21,-1,1790864085868,ea_event,,{"type":"fill_log","seq":50,"ea_time_ms":97022046,"magic":22260201,"deal_ticket":800000051,"order_ticket":9050,"position_id":900000029,"entry_type":"IN","deal_type":"BUY","side":"L","layer_index":4,"role":"ENT","deal_price":1.12885,"order_price_open":null,"slippage_pips":null,"volume":0.00,"profit":0.00,"swap":0.00,"commission":0.00,"deal_time_broker":"2026-10-01 14:14:45","deal_time_broker_msc":1790864085000,"halted_at_receipt":false,"quarantined_at_receipt":false}
21,-1,1790864188026,ea_event,,{"type":"fill_log","seq":51,"ea_time_ms":97022046,"magic":22260201,"deal_ticket":800000052,"order_ticket":9047,"position_id":900000030,"entry_type":"IN","deal_type":"SELL","side":"S","layer_index":2,"role":"EXT","deal_price":1.12846,"order_price_open":null,"slippage_pips":null,"volume":0.00,"profit":0.00,"swap":0.00,"commission":0.00,"deal_time_broker":"2026-10-01 14:16:28","deal_time_broker_msc":1790864188000,"halted_at_receipt":false,"quarantined_at_receipt":false}
21,-1,1790864188656,ea_event,,{"type":"fill_log","seq":52,"ea_time_ms":97022046,"magic":22260201,"deal_ticket":800000053,"order_ticket":700000053,"position_id":900000027,"entry_type":"OUT_BY","deal_type":"SELL","side":null,"layer_index":null,"role":null,"deal_price":1.12846,"order_price_open":null,"slippage_pips":null,"volume":0.00,"profit":0.90,"swap":0.00,"commission":0.00,"deal_time_broker":"2026-10-01 14:16:28","deal_time_broker_msc":1790864188000,"halted_at_receipt":false,"quarantined_at_receipt":false}
21,-1,1790864188656,ea_event,,{"type":"fill_log","seq":53,"ea_time_ms":97022046,"magic":22260201,"deal_ticket":800000054,"order_ticket":700000053,"position_id":900000030,"entry_type":"OUT_BY","deal_type":"SELL","side":null,"layer_index":null,"role":null,"deal_price":1.12936,"order_price_open":null,"slippage_pips":null,"volume":0.00,"profit":0.00,"swap":0.00,"commission":0.00,"deal_time_broker":"2026-10-01 14:16:28","deal_time_broker_msc":1790864188000,"halted_at_receipt":false,"quarantined_at_receipt":false}
21,-1,1790864188656,scalp,SCALP_CLOSED,{"close_time":"2026-10-01T14:16:28Z","instrument":"EURUSD","direction":"SHORT","entry_price":1.12936,"exit_price":1.12846,"layer_depth":2,"stack_depth":3,"gross_pnl":0.90,"instance_id":"GRIND_EURUSD_OPTD","ejected":false,"rolled":false,"broker_utc_offset_s":10800,"account_login":53077984}
21,-1,1790864808601,ea_event,,{"type":"fill_log","seq":54,"ea_time_ms":97022062,"magic":22260201,"deal_ticket":800000055,"order_ticket":9052,"position_id":900000031,"entry_type":"IN","deal_type":"BUY","side":"L","layer_index":5,"role":"ENT","deal_price":1.12814,"order_price_open":null,"slippage_pips":null,"volume":0.00,"profit":0.00,"swap":0.00,"commission":0.00,"deal_time_broker":"2026-10-01 14:26:48","deal_time_broker_msc":1790864808000,"halted_at_receipt":false,"quarantined_at_receipt":false}
21,-1,1790865382157,ea_event,,{"type":"fill_log","seq":55,"ea_time_ms":97022078,"magic":22260201,"deal_ticket":800000056,"order_ticket":9055,"position_id":900000032,"entry_type":"IN","deal_type":"BUY","side":"L","layer_index":5,"role":"EXT","deal_price":1.12906,"order_price_open":null,"slippage_pips":null,"volume":0.00,"profit":0.00,"swap":0.00,"commission":0.00,"deal_time_broker":"2026-10-01 14:36:22","deal_time_broker_msc":1790865382000,"halted_at_receipt":false,"quarantined_at_receipt":false}
21,-1,1790865382790,ea_event,,{"type":"fill_log","seq":56,"ea_time_ms":97022078,"magic":22260201,"deal_ticket":800000057,"order_ticket":700000057,"position_id":900000031,"entry_type":"OUT_BY","deal_type":"SELL","side":null,"layer_index":null,"role":null,"deal_price":1.12906,"order_price_open":null,"slippage_pips":null,"volume":0.00,"profit":0.92,"swap":0.00,"commission":0.00,"deal_time_broker":"2026-10-01 14:36:22","deal_time_broker_msc":1790865382000,"halted_at_receipt":false,"quarantined_at_receipt":false}
21,-1,1790865382790,ea_event,,{"type":"fill_log","seq":57,"ea_time_ms":97022078,"magic":22260201,"deal_ticket":800000058,"order_ticket":700000057,"position_id":900000032,"entry_type":"OUT_BY","deal_type":"SELL","side":null,"layer_index":null,"role":null,"deal_price":1.12814,"order_price_open":null,"slippage_pips":null,"volume":0.00,"profit":0.00,"swap":0.00,"commission":0.00,"deal_time_broker":"2026-10-01 14:36:22","deal_time_broker_msc":1790865382000,"halted_at_receipt":false,"quarantined_at_receipt":false}
21,-1,1790865382790,scalp,SCALP_CLOSED,{"close_time":"2026-10-01T14:36:22Z","instrument":"EURUSD","direction":"LONG","entry_price":1.12814,"exit_price":1.12906,"layer_depth":5,"stack_depth":6,"gross_pnl":0.92,"instance_id":"GRIND_EURUSD_OPTD","ejected":false,"rolled":false,"broker_utc_offset_s":10800,"account_login":53077984}
21,-1,1790865580048,ea_event,,{"type":"fill_log","seq":58,"ea_time_ms":97022078,"magic":22260201,"deal_ticket":800000059,"order_ticket":9054,"position_id":900000033,"entry_type":"IN","deal_type":"SELL","side":"S","layer_index":2,"role":"ENT","deal_price":1.12937,"order_price_open":null,"slippage_pips":null,"volume":0.00,"profit":0.00,"swap":0.00,"commission":0.00,"deal_time_broker":"2026-10-01 14:39:40","deal_time_broker_msc":1790865580000,"halted_at_receipt":false,"quarantined_at_receipt":false}
21,-1,1790865793233,ea_event,,{"type":"fill_log","seq":59,"ea_time_ms":97022093,"magic":22260201,"deal_ticket":800000060,"order_ticket":9057,"position_id":900000034,"entry_type":"IN","deal_type":"BUY","side":"L","layer_index":4,"role":"EXT","deal_price":1.12976,"order_price_open":null,"slippage_pips":null,"volume":0.00,"profit":0.00,"swap":0.00,"commission":0.00,"deal_time_broker":"2026-10-01 14:43:13","deal_time_broker_msc":1790865793000,"halted_at_receipt":false,"quarantined_at_receipt":false}
21,-1,1790865793669,ea_event,,{"type":"fill_log","seq":60,"ea_time_ms":97022093,"magic":22260201,"deal_ticket":800000061,"order_ticket":700000061,"position_id":900000029,"entry_type":"OUT_BY","deal_type":"SELL","side":null,"layer_index":null,"role":null,"deal_price":1.12976,"order_price_open":null,"slippage_pips":null,"volume":0.00,"profit":0.91,"swap":0.00,"commission":0.00,"deal_time_broker":"2026-10-01 14:43:13","deal_time_broker_msc":1790865793000,"halted_at_receipt":false,"quarantined_at_receipt":false}
21,-1,1790865793669,ea_event,,{"type":"fill_log","seq":61,"ea_time_ms":97022093,"magic":22260201,"deal_ticket":800000062,"order_ticket":700000061,"position_id":900000034,"entry_type":"OUT_BY","deal_type":"SELL","side":null,"layer_index":null,"role":null,"deal_price":1.12885,"order_price_open":null,"slippage_pips":null,"volume":0.00,"profit":0.00,"swap":0.00,"commission":0.00,"deal_time_broker":"2026-10-01 14:43:13","deal_time_broker_msc":1790865793000,"halted_at_receipt":false,"quarantined_at_receipt":false}
21,-1,1790865793669,scalp,SCALP_CLOSED,{"close_time":"2026-10-01T14:43:13Z","instrument":"EURUSD","direction":"LONG","entry_price":1.12885,"exit_price":1.12976,"layer_depth":4,"stack_depth":5,"gross_pnl":0.91,"instance_id":"GRIND_EURUSD_OPTD","ejected":false,"rolled":false,"broker_utc_offset_s":10800,"account_login":53077984}
21,-1,1790866070935,ea_event,,{"type":"fill_log","seq":62,"ea_time_ms":97022093,"magic":22260201,"deal_ticket":800000063,"order_ticket":9060,"position_id":900000035,"entry_type":"IN","deal_type":"SELL","side":"S","layer_index":3,"role":"ENT","deal_price":1.13008,"order_price_open":null,"slippage_pips":null,"volume":0.00,"profit":0.00,"swap":0.00,"commission":0.00,"deal_time_broker":"2026-10-01 14:47:50","deal_time_broker_msc":1790866070000,"halted_at_receipt":false,"quarantined_at_receipt":false}
21,-1,1790866324937,ea_event,,{"type":"fill_log","seq":63,"ea_time_ms":97022109,"magic":22260201,"deal_ticket":800000064,"order_ticket":9061,"position_id":900000036,"entry_type":"IN","deal_type":"BUY","side":"L","layer_index":3,"role":"EXT","deal_price":1.13048,"order_price_open":null,"slippage_pips":null,"volume":0.00,"profit":0.00,"swap":0.00,"commission":0.00,"deal_time_broker":"2026-10-01 14:52:04","deal_time_broker_msc":1790866324000,"halted_at_receipt":false,"quarantined_at_receipt":false}
21,-1,1790866325777,ea_event,,{"type":"fill_log","seq":64,"ea_time_ms":97022109,"magic":22260201,"deal_ticket":800000065,"order_ticket":700000065,"position_id":900000014,"entry_type":"OUT_BY","deal_type":"SELL","side":null,"layer_index":null,"role":null,"deal_price":1.13048,"order_price_open":null,"slippage_pips":null,"volume":0.00,"profit":0.94,"swap":0.00,"commission":0.00,"deal_time_broker":"2026-10-01 14:52:05","deal_time_broker_msc":1790866325000,"halted_at_receipt":false,"quarantined_at_receipt":false}
21,-1,1790866325777,ea_event,,{"type":"fill_log","seq":65,"ea_time_ms":97022109,"magic":22260201,"deal_ticket":800000066,"order_ticket":700000065,"position_id":900000036,"entry_type":"OUT_BY","deal_type":"SELL","side":null,"layer_index":null,"role":null,"deal_price":1.12954,"order_price_open":null,"slippage_pips":null,"volume":0.00,"profit":0.00,"swap":0.00,"commission":0.00,"deal_time_broker":"2026-10-01 14:52:05","deal_time_broker_msc":1790866325000,"halted_at_receipt":false,"quarantined_at_receipt":false}
21,-1,1790866325777,scalp,SCALP_CLOSED,{"close_time":"2026-10-01T14:52:05Z","instrument":"EURUSD","direction":"LONG","entry_price":1.12954,"exit_price":1.13048,"layer_depth":3,"stack_depth":4,"gross_pnl":0.94,"instance_id":"GRIND_EURUSD_OPTD","ejected":false,"rolled":false,"broker_utc_offset_s":10800,"account_login":53077984}
21,-1,1790866501586,ea_event,,{"type":"fill_log","seq":66,"ea_time_ms":97022125,"magic":22260201,"deal_ticket":800000067,"order_ticket":9064,"position_id":900000037,"entry_type":"IN","deal_type":"SELL","side":"S","layer_index":4,"role":"ENT","deal_price":1.13088,"order_price_open":null,"slippage_pips":null,"volume":0.00,"profit":0.00,"swap":0.00,"commission":0.00,"deal_time_broker":"2026-10-01 14:55:01","deal_time_broker_msc":1790866501000,"halted_at_receipt":false,"quarantined_at_receipt":false}
21,-1,1790866633940,ea_event,,{"type":"fill_log","seq":67,"ea_time_ms":97022125,"magic":22260201,"deal_ticket":800000068,"order_ticket":9065,"position_id":900000038,"entry_type":"IN","deal_type":"BUY","side":"L","layer_index":2,"role":"EXT","deal_price":1.13117,"order_price_open":null,"slippage_pips":null,"volume":0.00,"profit":0.00,"swap":0.00,"commission":0.00,"deal_time_broker":"2026-10-01 14:57:13","deal_time_broker_msc":1790866633000,"halted_at_receipt":false,"quarantined_at_receipt":false}
21,-1,1790866634574,ea_event,,{"type":"fill_log","seq":68,"ea_time_ms":97022125,"magic":22260201,"deal_ticket":800000069,"order_ticket":700000069,"position_id":900000010,"entry_type":"OUT_BY","deal_type":"SELL","side":null,"layer_index":null,"role":null,"deal_price":1.13117,"order_price_open":null,"slippage_pips":null,"volume":0.00,"profit":0.90,"swap":0.00,"commission":0.00,"deal_time_broker":"2026-10-01 14:57:14","deal_time_broker_msc":1790866634000,"halted_at_receipt":false,"quarantined_at_receipt":false}
21,-1,1790866634574,ea_event,,{"type":"fill_log","seq":69,"ea_time_ms":97022125,"magic":22260201,"deal_ticket":800000070,"order_ticket":700000069,"position_id":900000038,"entry_type":"OUT_BY","deal_type":"SELL","side":null,"layer_index":null,"role":null,"deal_price":1.13027,"order_price_open":null,"slippage_pips":null,"volume":0.00,"profit":0.00,"swap":0.00,"commission":0.00,"deal_time_broker":"2026-10-01 14:57:14","deal_time_broker_msc":1790866634000,"halted_at_receipt":false,"quarantined_at_receipt":false}
21,-1,1790866634574,scalp,SCALP_CLOSED,{"close_time":"2026-10-01T14:57:14Z","instrument":"EURUSD","direction":"LONG","entry_price":1.13027,"exit_price":1.13117,"layer_depth":2,"stack_depth":3,"gross_pnl":0.90,"instance_id":"GRIND_EURUSD_OPTD","ejected":false,"rolled":false,"broker_utc_offset_s":10800,"account_login":53077984}
21,-1,1790867105269,ea_event,,{"type":"fill_log","seq":70,"ea_time_ms":97022140,"magic":22260201,"deal_ticket":800000071,"order_ticket":9070,"position_id":900000039,"entry_type":"IN","deal_type":"BUY","side":"L","layer_index":2,"role":"ENT","deal_price":1.13028,"order_price_open":null,"slippage_pips":null,"volume":0.00,"profit":0.00,"swap":0.00,"commission":0.00,"deal_time_broker":"2026-10-01 15:05:05","deal_time_broker_msc":1790867105000,"halted_at_receipt":false,"quarantined_at_receipt":false}
21,-1,1790867381161,ea_event,,{"type":"fill_log","seq":71,"ea_time_ms":97022140,"magic":22260201,"deal_ticket":800000072,"order_ticket":9067,"position_id":900000040,"entry_type":"IN","deal_type":"SELL","side":"S","layer_index":4,"role":"EXT","deal_price":1.12997,"order_price_open":null,"slippage_pips":null,"volume":0.00,"profit":0.00,"swap":0.00,"commission":0.00,"deal_time_broker":"2026-10-01 15:09:41","deal_time_broker_msc":1790867381000,"halted_at_receipt":false,"quarantined_at_receipt":false}
21,-1,1790867381996,ea_event,,{"type":"fill_log","seq":72,"ea_time_ms":97022140,"magic":22260201,"deal_ticket":800000073,"order_ticket":700000073,"position_id":900000037,"entry_type":"OUT_BY","deal_type":"SELL","side":null,"layer_index":null,"role":null,"deal_price":1.12997,"order_price_open":null,"slippage_pips":null,"volume":0.00,"profit":0.91,"swap":0.00,"commission":0.00,"deal_time_broker":"2026-10-01 15:09:41","deal_time_broker_msc":1790867381000,"halted_at_receipt":false,"quarantined_at_receipt":false}
21,-1,1790867381996,ea_event,,{"type":"fill_log","seq":73,"ea_time_ms":97022140,"magic":22260201,"deal_ticket":800000074,"order_ticket":700000073,"position_id":900000040,"entry_type":"OUT_BY","deal_type":"SELL","side":null,"layer_index":null,"role":null,"deal_price":1.13088,"order_price_open":null,"slippage_pips":null,"volume":0.00,"profit":0.00,"swap":0.00,"commission":0.00,"deal_time_broker":"2026-10-01 15:09:41","deal_time_broker_msc":1790867381000,"halted_at_receipt":false,"quarantined_at_receipt":false}
21,-1,1790867381996,scalp,SCALP_CLOSED,{"close_time":"2026-10-01T15:09:41Z","instrument":"EURUSD","direction":"SHORT","entry_price":1.13088,"exit_price":1.12997,"layer_depth":4,"stack_depth":5,"gross_pnl":0.91,"instance_id":"GRIND_EURUSD_OPTD","ejected":false,"rolled":false,"broker_utc_offset_s":10800,"account_login":53077984}
21,-1,1790867850252,ea_event,,{"type":"fill_log","seq":74,"ea_time_ms":97022156,"magic":22260201,"deal_ticket":800000075,"order_ticket":9072,"position_id":900000041,"entry_type":"IN","deal_type":"BUY","side":"L","layer_index":3,"role":"ENT","deal_price":1.12959,"order_price_open":null,"slippage_pips":null,"volume":0.00,"profit":0.00,"swap":0.00,"commission":0.00,"deal_time_broker":"2026-10-01 15:17:30","deal_time_broker_msc":1790867850000,"halted_at_receipt":false,"quarantined_at_receipt":false}
21,-1,1790868367102,ea_event,,{"type":"fill_log","seq":75,"ea_time_ms":97022171,"magic":22260201,"deal_ticket":800000076,"order_ticket":9073,"position_id":900000042,"entry_type":"IN","deal_type":"SELL","side":"S","layer_index":3,"role":"EXT","deal_price":1.12916,"order_price_open":null,"slippage_pips":null,"volume":0.00,"profit":0.00,"swap":0.00,"commission":0.00,"deal_time_broker":"2026-10-01 15:26:07","deal_time_broker_msc":1790868367000,"halted_at_receipt":false,"quarantined_at_receipt":false}
21,-1,1790868367544,ea_event,,{"type":"fill_log","seq":76,"ea_time_ms":97022171,"magic":22260201,"deal_ticket":800000077,"order_ticket":700000077,"position_id":900000035,"entry_type":"OUT_BY","deal_type":"SELL","side":null,"layer_index":null,"role":null,"deal_price":1.12916,"order_price_open":null,"slippage_pips":null,"volume":0.00,"profit":0.92,"swap":0.00,"commission":0.00,"deal_time_broker":"2026-10-01 15:26:07","deal_time_broker_msc":1790868367000,"halted_at_receipt":false,"quarantined_at_receipt":false}
21,-1,1790868367544,ea_event,,{"type":"fill_log","seq":77,"ea_time_ms":97022171,"magic":22260201,"deal_ticket":800000078,"order_ticket":700000077,"position_id":900000042,"entry_type":"OUT_BY","deal_type":"SELL","side":null,"layer_index":null,"role":null,"deal_price":1.13008,"order_price_open":null,"slippage_pips":null,"volume":0.00,"profit":0.00,"swap":0.00,"commission":0.00,"deal_time_broker":"2026-10-01 15:26:07","deal_time_broker_msc":1790868367000,"halted_at_receipt":false,"quarantined_at_receipt":false}
21,-1,1790868367544,scalp,SCALP_CLOSED,{"close_time":"2026-10-01T15:26:07Z","instrument":"EURUSD","direction":"SHORT","entry_price":1.13008,"exit_price":1.12916,"layer_depth":3,"stack_depth":4,"gross_pnl":0.92,"instance_id":"GRIND_EURUSD_OPTD","ejected":false,"rolled":false,"broker_utc_offset_s":10800,"account_login":53077984}
21,-1,1790869678816,ea_event,,{"type":"fill_log","seq":78,"ea_time_ms":97022218,"magic":22260201,"deal_ticket":800000079,"order_ticket":9076,"position_id":900000043,"entry_type":"IN","deal_type":"BUY","side":"L","layer_index":4,"role":"ENT","deal_price":1.12887,"order_price_open":null,"slippage_pips":null,"volume":0.00,"profit":0.00,"swap":0.00,"commission":0.00,"deal_time_broker":"2026-10-01 15:47:58","deal_time_broker_msc":1790869678000,"halted_at_receipt":false,"quarantined_at_receipt":false}
21,-1,1790870351682,ea_event,,{"type":"fill_log","seq":79,"ea_time_ms":97022234,"magic":22260201,"deal_ticket":800000080,"order_ticket":9077,"position_id":900000044,"entry_type":"IN","deal_type":"SELL","side":"S","layer_index":2,"role":"EXT","deal_price":1.12852,"order_price_open":null,"slippage_pips":null,"volume":0.00,"profit":0.00,"swap":0.00,"commission":0.00,"deal_time_broker":"2026-10-01 15:59:11","deal_time_broker_msc":1790870351000,"halted_at_receipt":false,"quarantined_at_receipt":false}
21,-1,1790870352118,ea_event,,{"type":"fill_log","seq":80,"ea_time_ms":97022234,"magic":22260201,"deal_ticket":800000081,"order_ticket":700000081,"position_id":900000033,"entry_type":"OUT_BY","deal_type":"SELL","side":null,"layer_index":null,"role":null,"deal_price":1.12852,"order_price_open":null,"slippage_pips":null,"volume":0.00,"profit":0.85,"swap":0.00,"commission":0.00,"deal_time_broker":"2026-10-01 15:59:12","deal_time_broker_msc":1790870352000,"halted_at_receipt":false,"quarantined_at_receipt":false}
21,-1,1790870352118,ea_event,,{"type":"fill_log","seq":81,"ea_time_ms":97022234,"magic":22260201,"deal_ticket":800000082,"order_ticket":700000081,"position_id":900000044,"entry_type":"OUT_BY","deal_type":"SELL","side":null,"layer_index":null,"role":null,"deal_price":1.12937,"order_price_open":null,"slippage_pips":null,"volume":0.00,"profit":0.00,"swap":0.00,"commission":0.00,"deal_time_broker":"2026-10-01 15:59:12","deal_time_broker_msc":1790870352000,"halted_at_receipt":false,"quarantined_at_receipt":false}
21,-1,1790870352118,scalp,SCALP_CLOSED,{"close_time":"2026-10-01T15:59:12Z","instrument":"EURUSD","direction":"SHORT","entry_price":1.12937,"exit_price":1.12852,"layer_depth":2,"stack_depth":3,"gross_pnl":0.85,"instance_id":"GRIND_EURUSD_OPTD","ejected":false,"rolled":false,"broker_utc_offset_s":10800,"account_login":53077984}
21,-1,1790873523437,ea_event,,{"type":"fill_log","seq":82,"ea_time_ms":97022312,"magic":22260201,"deal_ticket":800000083,"order_ticket":9082,"position_id":900000045,"entry_type":"IN","deal_type":"SELL","side":"S","layer_index":2,"role":"ENT","deal_price":1.12945,"order_price_open":null,"slippage_pips":null,"volume":0.00,"profit":0.00,"swap":0.00,"commission":0.00,"deal_time_broker":"2026-10-01 16:52:03","deal_time_broker_msc":1790873523000,"halted_at_receipt":false,"quarantined_at_receipt":false}
21,-1,1790874355134,ea_event,,{"type":"fill_log","seq":83,"ea_time_ms":97022343,"magic":22260201,"deal_ticket":800000084,"order_ticket":9083,"position_id":900000046,"entry_type":"IN","deal_type":"SELL","side":"S","layer_index":2,"role":"EXT","deal_price":1.12851,"order_price_open":null,"slippage_pips":null,"volume":0.00,"profit":0.00,"swap":0.00,"commission":0.00,"deal_time_broker":"2026-10-01 17:05:55","deal_time_broker_msc":1790874355000,"halted_at_receipt":false,"quarantined_at_receipt":false}
21,-1,1790874355567,ea_event,,{"type":"fill_log","seq":84,"ea_time_ms":97022343,"magic":22260201,"deal_ticket":800000085,"order_ticket":700000085,"position_id":900000045,"entry_type":"OUT_BY","deal_type":"SELL","side":null,"layer_index":null,"role":null,"deal_price":1.12851,"order_price_open":null,"slippage_pips":null,"volume":0.00,"profit":0.94,"swap":0.00,"commission":0.00,"deal_time_broker":"2026-10-01 17:05:55","deal_time_broker_msc":1790874355000,"halted_at_receipt":false,"quarantined_at_receipt":false}
21,-1,1790874355567,ea_event,,{"type":"fill_log","seq":85,"ea_time_ms":97022343,"magic":22260201,"deal_ticket":800000086,"order_ticket":700000085,"position_id":900000046,"entry_type":"OUT_BY","deal_type":"SELL","side":null,"layer_index":null,"role":null,"deal_price":1.12945,"order_price_open":null,"slippage_pips":null,"volume":0.00,"profit":0.00,"swap":0.00,"commission":0.00,"deal_time_broker":"2026-10-01 17:05:55","deal_time_broker_msc":1790874355000,"halted_at_receipt":false,"quarantined_at_receipt":false}
21,-1,1790874355567,scalp,SCALP_CLOSED,{"close_time":"2026-10-01T17:05:55Z","instrument":"EURUSD","direction":"SHORT","entry_price":1.12945,"exit_price":1.12851,"layer_depth":2,"stack_depth":3,"gross_pnl":0.94,"instance_id":"GRIND_EURUSD_OPTD","ejected":false,"rolled":false,"broker_utc_offset_s":10800,"account_login":53077984}
21,-1,1790874521332,ea_event,,{"type":"fill_log","seq":86,"ea_time_ms":97022359,"magic":22260201,"deal_ticket":800000087,"order_ticket":9086,"position_id":900000047,"entry_type":"IN","deal_type":"SELL","side":"S","layer_index":2,"role":"ENT","deal_price":1.12933,"order_price_open":null,"slippage_pips":null,"volume":0.00,"profit":0.00,"swap":0.00,"commission":0.00,"deal_time_broker":"2026-10-01 17:08:41","deal_time_broker_msc":1790874521000,"halted_at_receipt":false,"quarantined_at_receipt":false}
21,-1,1790874821286,ea_event,,{"type":"fill_log","seq":87,"ea_time_ms":97022375,"magic":22260201,"deal_ticket":800000088,"order_ticket":9087,"position_id":900000048,"entry_type":"IN","deal_type":"SELL","side":"S","layer_index":2,"role":"EXT","deal_price":1.12842,"order_price_open":null,"slippage_pips":null,"volume":0.00,"profit":0.00,"swap":0.00,"commission":0.00,"deal_time_broker":"2026-10-01 17:13:41","deal_time_broker_msc":1790874821000,"halted_at_receipt":false,"quarantined_at_receipt":false}
21,-1,1790874822124,ea_event,,{"type":"fill_log","seq":88,"ea_time_ms":97022375,"magic":22260201,"deal_ticket":800000089,"order_ticket":700000089,"position_id":900000047,"entry_type":"OUT_BY","deal_type":"SELL","side":null,"layer_index":null,"role":null,"deal_price":1.12842,"order_price_open":null,"slippage_pips":null,"volume":0.00,"profit":0.91,"swap":0.00,"commission":0.00,"deal_time_broker":"2026-10-01 17:13:42","deal_time_broker_msc":1790874822000,"halted_at_receipt":false,"quarantined_at_receipt":false}
21,-1,1790874822124,ea_event,,{"type":"fill_log","seq":89,"ea_time_ms":97022375,"magic":22260201,"deal_ticket":800000090,"order_ticket":700000089,"position_id":900000048,"entry_type":"OUT_BY","deal_type":"SELL","side":null,"layer_index":null,"role":null,"deal_price":1.12933,"order_price_open":null,"slippage_pips":null,"volume":0.00,"profit":0.00,"swap":0.00,"commission":0.00,"deal_time_broker":"2026-10-01 17:13:42","deal_time_broker_msc":1790874822000,"halted_at_receipt":false,"quarantined_at_receipt":false}
21,-1,1790874822124,scalp,SCALP_CLOSED,{"close_time":"2026-10-01T17:13:42Z","instrument":"EURUSD","direction":"SHORT","entry_price":1.12933,"exit_price":1.12842,"layer_depth":2,"stack_depth":3,"gross_pnl":0.91,"instance_id":"GRIND_EURUSD_OPTD","ejected":false,"rolled":false,"broker_utc_offset_s":10800,"account_login":53077984}
21,-1,1790875895582,ea_event,,{"type":"fill_log","seq":90,"ea_time_ms":97022421,"magic":22260201,"deal_ticket":800000091,"order_ticket":9080,"position_id":900000049,"entry_type":"IN","deal_type":"BUY","side":"L","layer_index":5,"role":"ENT","deal_price":1.12815,"order_price_open":null,"slippage_pips":null,"volume":0.00,"profit":0.00,"swap":0.00,"commission":0.00,"deal_time_broker":"2026-10-01 17:31:35","deal_time_broker_msc":1790875895000,"halted_at_receipt":false,"quarantined_at_receipt":false}
21,-1,1790876593857,ea_event,,{"type":"fill_log","seq":91,"ea_time_ms":97022453,"magic":22260201,"deal_ticket":800000092,"order_ticket":9089,"position_id":900000050,"entry_type":"IN","deal_type":"SELL","side":"S","layer_index":1,"role":"EXT","deal_price":1.12774,"order_price_open":null,"slippage_pips":null,"volume":0.00,"profit":0.00,"swap":0.00,"commission":0.00,"deal_time_broker":"2026-10-01 17:43:13","deal_time_broker_msc":1790876593000,"halted_at_receipt":false,"quarantined_at_receipt":false}
21,-1,1790876594495,ea_event,,{"type":"fill_log","seq":92,"ea_time_ms":97022453,"magic":22260201,"deal_ticket":800000093,"order_ticket":700000093,"position_id":900000025,"entry_type":"OUT_BY","deal_type":"SELL","side":null,"layer_index":null,"role":null,"deal_price":1.12774,"order_price_open":null,"slippage_pips":null,"volume":0.00,"profit":0.92,"swap":0.00,"commission":0.00,"deal_time_broker":"2026-10-01 17:43:14","deal_time_broker_msc":1790876594000,"halted_at_receipt":false,"quarantined_at_receipt":false}
21,-1,1790876594495,ea_event,,{"type":"fill_log","seq":93,"ea_time_ms":97022453,"magic":22260201,"deal_ticket":800000094,"order_ticket":700000093,"position_id":900000050,"entry_type":"OUT_BY","deal_type":"SELL","side":null,"layer_index":null,"role":null,"deal_price":1.12866,"order_price_open":null,"slippage_pips":null,"volume":0.00,"profit":0.00,"swap":0.00,"commission":0.00,"deal_time_broker":"2026-10-01 17:43:14","deal_time_broker_msc":1790876594000,"halted_at_receipt":false,"quarantined_at_receipt":false}
21,-1,1790876594495,scalp,SCALP_CLOSED,{"close_time":"2026-10-01T17:43:14Z","instrument":"EURUSD","direction":"SHORT","entry_price":1.12866,"exit_price":1.12774,"layer_depth":1,"stack_depth":2,"gross_pnl":0.92,"instance_id":"GRIND_EURUSD_OPTD","ejected":false,"rolled":false,"broker_utc_offset_s":10800,"account_login":53077984}
21,-1,1790876625626,ea_event,,{"type":"fill_log","seq":94,"ea_time_ms":97022468,"magic":22260201,"deal_ticket":800000095,"order_ticket":9092,"position_id":900000051,"entry_type":"IN","deal_type":"BUY","side":"L","layer_index":6,"role":"ENT","deal_price":1.12743,"order_price_open":null,"slippage_pips":null,"volume":0.00,"profit":0.00,"swap":0.00,"commission":0.00,"deal_time_broker":"2026-10-01 17:43:45","deal_time_broker_msc":1790876625000,"halted_at_receipt":false,"quarantined_at_receipt":false}
21,-1,1790876794435,ea_event,,{"type":"fill_log","seq":95,"ea_time_ms":97022468,"magic":22260201,"deal_ticket":800000096,"order_ticket":9039,"position_id":900000052,"entry_type":"IN","deal_type":"SELL","side":"S","layer_index":0,"role":"EXT","deal_price":1.12697,"order_price_open":null,"slippage_pips":null,"volume":0.00,"profit":0.00,"swap":0.00,"commission":0.00,"deal_time_broker":"2026-10-01 17:46:34","deal_time_broker_msc":1790876794000,"halted_at_receipt":false,"quarantined_at_receipt":false}
21,-1,1790876795068,ea_event,,{"type":"fill_log","seq":96,"ea_time_ms":97022468,"magic":22260201,"deal_ticket":800000097,"order_ticket":700000097,"position_id":900000023,"entry_type":"OUT_BY","deal_type":"SELL","side":null,"layer_index":null,"role":null,"deal_price":1.12697,"order_price_open":null,"slippage_pips":null,"volume":0.00,"profit":0.91,"swap":0.00,"commission":0.00,"deal_time_broker":"2026-10-01 17:46:35","deal_time_broker_msc":1790876795000,"halted_at_receipt":false,"quarantined_at_receipt":false}
21,-1,1790876795068,ea_event,,{"type":"fill_log","seq":97,"ea_time_ms":97022468,"magic":22260201,"deal_ticket":800000098,"order_ticket":700000097,"position_id":900000052,"entry_type":"OUT_BY","deal_type":"SELL","side":null,"layer_index":null,"role":null,"deal_price":1.12788,"order_price_open":null,"slippage_pips":null,"volume":0.00,"profit":0.00,"swap":0.00,"commission":0.00,"deal_time_broker":"2026-10-01 17:46:35","deal_time_broker_msc":1790876795000,"halted_at_receipt":false,"quarantined_at_receipt":false}
21,-1,1790876795068,scalp,SCALP_CLOSED,{"close_time":"2026-10-01T17:46:35Z","instrument":"EURUSD","direction":"SHORT","entry_price":1.12788,"exit_price":1.12697,"layer_depth":0,"stack_depth":1,"gross_pnl":0.91,"instance_id":"GRIND_EURUSD_OPTD","ejected":false,"rolled":false,"broker_utc_offset_s":10800,"account_login":53077984}
21,-1,1790876816347,ea_event,,{"type":"fill_log","seq":98,"ea_time_ms":97022468,"magic":22260201,"deal_ticket":800000099,"order_ticket":9095,"position_id":900000053,"entry_type":"IN","deal_type":"BUY","side":"L","layer_index":7,"role":"ENT","deal_price":1.12672,"order_price_open":null,"slippage_pips":null,"volume":0.00,"profit":0.00,"swap":0.00,"commission":0.00,"deal_time_broker":"2026-10-01 17:46:56","deal_time_broker_msc":1790876816000,"halted_at_receipt":false,"quarantined_at_receipt":false}
21,-1,1790877913638,ea_event,ROLL_ACCEPTED,{"type":"ea_event","seq":99,"ea_time_ms":97022531,"magic":null,"level":"INFO","code":"ROLL_ACCEPTED","reason":null,"ticket":900000001,"detail":{"ticket":900000001,"side":"L","layer_index":0,"entry":1.13171,"level":1.12602,"target":1.12692,"accrued":0.00000,"clamped":false,"cost":0.00479,"cost_pips":47.9,"rolled":1,"was_ejected":false,"source":"auto","reroll":false,"from_level":0.00000}}
21,-1,1790877964489,ea_event,ROLL_ACCEPTED,{"type":"ea_event","seq":100,"ea_time_ms":97022531,"magic":null,"level":"INFO","code":"ROLL_ACCEPTED","reason":null,"ticket":900000006,"detail":{"ticket":900000006,"side":"L","layer_index":1,"entry":1.13099,"level":1.12532,"target":1.12622,"accrued":0.00000,"clamped":false,"cost":0.00477,"cost_pips":47.7,"rolled":2,"was_ejected":false,"source":"auto","reroll":false,"from_level":0.00000}}
21,-1,1790879435254,ea_event,ROLL_ACCEPTED,{"type":"ea_event","seq":101,"ea_time_ms":97022593,"magic":null,"level":"INFO","code":"ROLL_ACCEPTED","reason":null,"ticket":900000039,"detail":{"ticket":900000039,"side":"L","layer_index":2,"entry":1.13028,"level":1.12462,"target":1.12552,"accrued":0.00000,"clamped":false,"cost":0.00476,"cost_pips":47.6,"rolled":3,"was_ejected":false,"source":"auto","reroll":false,"from_level":0.00000}}
21,-1,1790879436257,ea_event,ROLL_ACCEPTED,{"type":"ea_event","seq":102,"ea_time_ms":97022593,"magic":null,"level":"INFO","code":"ROLL_ACCEPTED","reason":null,"ticket":900000041,"detail":{"ticket":900000041,"side":"L","layer_index":3,"entry":1.12959,"level":1.12392,"target":1.12482,"accrued":0.00000,"clamped":false,"cost":0.00477,"cost_pips":47.7,"rolled":4,"was_ejected":false,"source":"auto","reroll":false,"from_level":0.00000}}
21,-1,1790879661027,ea_event,ROLL_ACCEPTED,{"type":"ea_event","seq":103,"ea_time_ms":97022609,"magic":null,"level":"INFO","code":"ROLL_ACCEPTED","reason":null,"ticket":900000043,"detail":{"ticket":900000043,"side":"L","layer_index":4,"entry":1.12887,"level":1.12322,"target":1.12412,"accrued":0.00000,"clamped":false,"cost":0.00475,"cost_pips":47.5,"rolled":5,"was_ejected":false,"source":"auto","reroll":false,"from_level":0.00000}}
21,-1,1790879816092,ea_event,,{"type":"fill_log","seq":104,"ea_time_ms":97022625,"magic":22260201,"deal_ticket":800000100,"order_ticket":9096,"position_id":900000054,"entry_type":"IN","deal_type":"SELL","side":"S","layer_index":0,"role":"ENT","deal_price":1.12393,"order_price_open":null,"slippage_pips":null,"volume":0.00,"profit":0.00,"swap":0.00,"commission":0.00,"deal_time_broker":"2026-10-01 18:36:56","deal_time_broker_msc":1790879816000,"halted_at_receipt":false,"quarantined_at_receipt":false}
21,-1,1790879830169,ea_event,,{"type":"fill_log","seq":105,"ea_time_ms":97022625,"magic":22260201,"deal_ticket":800000101,"order_ticket":9101,"position_id":900000055,"entry_type":"IN","deal_type":"BUY","side":"L","layer_index":4,"role":"EXT","deal_price":1.12413,"order_price_open":null,"slippage_pips":null,"volume":0.00,"profit":0.00,"swap":0.00,"commission":0.00,"deal_time_broker":"2026-10-01 18:37:10","deal_time_broker_msc":1790879830000,"halted_at_receipt":false,"quarantined_at_receipt":false}
21,-1,1790879830602,ea_event,,{"type":"fill_log","seq":106,"ea_time_ms":97022625,"magic":22260201,"deal_ticket":800000102,"order_ticket":700000102,"position_id":900000043,"entry_type":"OUT_BY","deal_type":"SELL","side":null,"layer_index":null,"role":null,"deal_price":1.12413,"order_price_open":null,"slippage_pips":null,"volume":0.00,"profit":-4.74,"swap":0.00,"commission":0.00,"deal_time_broker":"2026-10-01 18:37:10","deal_time_broker_msc":1790879830000,"halted_at_receipt":false,"quarantined_at_receipt":false}
21,-1,1790879830602,ea_event,ROLL_FILLED,{"type":"ea_event","seq":107,"ea_time_ms":97022625,"magic":null,"level":"INFO","code":"ROLL_FILLED","reason":null,"ticket":900000043,"detail":{"ticket":900000043,"level":1.12322}}
21,-1,1790879830602,ea_event,,{"type":"fill_log","seq":108,"ea_time_ms":97022625,"magic":22260201,"deal_ticket":800000103,"order_ticket":700000102,"position_id":900000055,"entry_type":"OUT_BY","deal_type":"SELL","side":null,"layer_index":null,"role":null,"deal_price":1.12887,"order_price_open":null,"slippage_pips":null,"volume":0.00,"profit":0.00,"swap":0.00,"commission":0.00,"deal_time_broker":"2026-10-01 18:37:10","deal_time_broker_msc":1790879830000,"halted_at_receipt":false,"quarantined_at_receipt":false}
21,-1,1790879830602,scalp,SCALP_CLOSED,{"close_time":"2026-10-01T18:37:10Z","instrument":"EURUSD","direction":"LONG","entry_price":1.12887,"exit_price":1.12413,"layer_depth":4,"stack_depth":8,"gross_pnl":-4.74,"instance_id":"GRIND_EURUSD_OPTD","ejected":false,"rolled":true,"broker_utc_offset_s":10800,"account_login":53077984}
21,-1,1790880596215,ea_event,,{"type":"fill_log","seq":109,"ea_time_ms":97022656,"magic":22260201,"deal_ticket":800000104,"order_ticket":9103,"position_id":900000056,"entry_type":"IN","deal_type":"SELL","side":"S","layer_index":0,"role":"EXT","deal_price":1.12303,"order_price_open":null,"slippage_pips":null,"volume":0.00,"profit":0.00,"swap":0.00,"commission":0.00,"deal_time_broker":"2026-10-01 18:49:56","deal_time_broker_msc":1790880596000,"halted_at_receipt":false,"quarantined_at_receipt":false}
21,-1,1790880596647,ea_event,,{"type":"fill_log","seq":110,"ea_time_ms":97022656,"magic":22260201,"deal_ticket":800000105,"order_ticket":700000105,"position_id":900000054,"entry_type":"OUT_BY","deal_type":"SELL","side":null,"layer_index":null,"role":null,"deal_price":1.12303,"order_price_open":null,"slippage_pips":null,"volume":0.00,"profit":0.90,"swap":0.00,"commission":0.00,"deal_time_broker":"2026-10-01 18:49:56","deal_time_broker_msc":1790880596000,"halted_at_receipt":false,"quarantined_at_receipt":false}
21,-1,1790880596647,ea_event,,{"type":"fill_log","seq":111,"ea_time_ms":97022656,"magic":22260201,"deal_ticket":800000106,"order_ticket":700000105,"position_id":900000056,"entry_type":"OUT_BY","deal_type":"SELL","side":null,"layer_index":null,"role":null,"deal_price":1.12393,"order_price_open":null,"slippage_pips":null,"volume":0.00,"profit":0.00,"swap":0.00,"commission":0.00,"deal_time_broker":"2026-10-01 18:49:56","deal_time_broker_msc":1790880596000,"halted_at_receipt":false,"quarantined_at_receipt":false}
21,-1,1790880596647,scalp,SCALP_CLOSED,{"close_time":"2026-10-01T18:49:56Z","instrument":"EURUSD","direction":"SHORT","entry_price":1.12393,"exit_price":1.12303,"layer_depth":0,"stack_depth":1,"gross_pnl":0.90,"instance_id":"GRIND_EURUSD_OPTD","ejected":false,"rolled":false,"broker_utc_offset_s":10800,"account_login":53077984}
21,-1,1790882790733,ea_event,,{"type":"fill_log","seq":112,"ea_time_ms":97022781,"magic":22260201,"deal_ticket":800000107,"order_ticket":9105,"position_id":900000057,"entry_type":"IN","deal_type":"SELL","side":"S","layer_index":0,"role":"ENT","deal_price":1.12450,"order_price_open":null,"slippage_pips":null,"volume":0.00,"profit":0.00,"swap":0.00,"commission":0.00,"deal_time_broker":"2026-10-01 19:26:30","deal_time_broker_msc":1790882790000,"halted_at_receipt":false,"quarantined_at_receipt":false}
21,-1,1790883101745,ea_event,,{"type":"fill_log","seq":113,"ea_time_ms":97022796,"magic":22260201,"deal_ticket":800000108,"order_ticket":9107,"position_id":900000058,"entry_type":"IN","deal_type":"SELL","side":"S","layer_index":0,"role":"EXT","deal_price":1.12357,"order_price_open":null,"slippage_pips":null,"volume":0.00,"profit":0.00,"swap":0.00,"commission":0.00,"deal_time_broker":"2026-10-01 19:31:41","deal_time_broker_msc":1790883101000,"halted_at_receipt":false,"quarantined_at_receipt":false}
21,-1,1790883102577,ea_event,,{"type":"fill_log","seq":114,"ea_time_ms":97022796,"magic":22260201,"deal_ticket":800000109,"order_ticket":700000109,"position_id":900000057,"entry_type":"OUT_BY","deal_type":"SELL","side":null,"layer_index":null,"role":null,"deal_price":1.12357,"order_price_open":null,"slippage_pips":null,"volume":0.00,"profit":0.93,"swap":0.00,"commission":0.00,"deal_time_broker":"2026-10-01 19:31:42","deal_time_broker_msc":1790883102000,"halted_at_receipt":false,"quarantined_at_receipt":false}
21,-1,1790883102577,ea_event,,{"type":"fill_log","seq":115,"ea_time_ms":97022796,"magic":22260201,"deal_ticket":800000110,"order_ticket":700000109,"position_id":900000058,"entry_type":"OUT_BY","deal_type":"SELL","side":null,"layer_index":null,"role":null,"deal_price":1.12450,"order_price_open":null,"slippage_pips":null,"volume":0.00,"profit":0.00,"swap":0.00,"commission":0.00,"deal_time_broker":"2026-10-01 19:31:42","deal_time_broker_msc":1790883102000,"halted_at_receipt":false,"quarantined_at_receipt":false}
21,-1,1790883102577,scalp,SCALP_CLOSED,{"close_time":"2026-10-01T19:31:42Z","instrument":"EURUSD","direction":"SHORT","entry_price":1.12450,"exit_price":1.12357,"layer_depth":0,"stack_depth":1,"gross_pnl":0.93,"instance_id":"GRIND_EURUSD_OPTD","ejected":false,"rolled":false,"broker_utc_offset_s":10800,"account_login":53077984}
21,-1,1790883217547,ea_event,,{"type":"fill_log","seq":116,"ea_time_ms":97022796,"magic":22260201,"deal_ticket":800000111,"order_ticket":9106,"position_id":900000059,"entry_type":"IN","deal_type":"BUY","side":"L","layer_index":8,"role":"ENT","deal_price":1.12319,"order_price_open":null,"slippage_pips":null,"volume":0.00,"profit":0.00,"swap":0.00,"commission":0.00,"deal_time_broker":"2026-10-01 19:33:37","deal_time_broker_msc":1790883217000,"halted_at_receipt":false,"quarantined_at_receipt":false}
21,-1,1790883659640,ea_event,ROLL_ACCEPTED,{"type":"ea_event","seq":117,"ea_time_ms":97022828,"magic":null,"level":"INFO","code":"ROLL_ACCEPTED","reason":null,"ticket":900000049,"detail":{"ticket":900000049,"side":"L","layer_index":5,"entry":1.12815,"level":1.12249,"target":1.12339,"accrued":0.00000,"clamped":false,"cost":0.00476,"cost_pips":47.6,"rolled":5,"was_ejected":false,"source":"auto","reroll":false,"from_level":0.00000}}
21,-1,1790884325272,ea_event,ROLL_ACCEPTED,{"type":"ea_event","seq":118,"ea_time_ms":97022859,"magic":null,"level":"INFO","code":"ROLL_ACCEPTED","reason":null,"ticket":900000051,"detail":{"ticket":900000051,"side":"L","layer_index":6,"entry":1.12743,"level":1.12179,"target":1.12269,"accrued":0.00000,"clamped":false,"cost":0.00474,"cost_pips":47.4,"rolled":6,"was_ejected":false,"source":"auto","reroll":false,"from_level":0.00000}}
21,-1,1790886190209,ea_event,,{"type":"fill_log","seq":119,"ea_time_ms":97022921,"magic":22260201,"deal_ticket":800000112,"order_ticket":9111,"position_id":900000060,"entry_type":"IN","deal_type":"BUY","side":"L","layer_index":6,"role":"EXT","deal_price":1.12270,"order_price_open":null,"slippage_pips":null,"volume":0.00,"profit":0.00,"swap":0.00,"commission":0.00,"deal_time_broker":"2026-10-01 20:23:10","deal_time_broker_msc":1790886190000,"halted_at_receipt":false,"quarantined_at_receipt":false}
21,-1,1790886192442,ea_event,,{"type":"fill_log","seq":120,"ea_time_ms":97022921,"magic":22260201,"deal_ticket":800000113,"order_ticket":700000113,"position_id":900000051,"entry_type":"OUT_BY","deal_type":"SELL","side":null,"layer_index":null,"role":null,"deal_price":1.12270,"order_price_open":null,"slippage_pips":null,"volume":0.00,"profit":-4.73,"swap":0.00,"commission":0.00,"deal_time_broker":"2026-10-01 20:23:12","deal_time_broker_msc":1790886192000,"halted_at_receipt":false,"quarantined_at_receipt":false}
21,-1,1790886192442,ea_event,ROLL_FILLED,{"type":"ea_event","seq":121,"ea_time_ms":97022921,"magic":null,"level":"INFO","code":"ROLL_FILLED","reason":null,"ticket":900000051,"detail":{"ticket":900000051,"level":1.12179}}
21,-1,1790886192442,ea_event,,{"type":"fill_log","seq":122,"ea_time_ms":97022921,"magic":22260201,"deal_ticket":800000114,"order_ticket":700000113,"position_id":900000060,"entry_type":"OUT_BY","deal_type":"SELL","side":null,"layer_index":null,"role":null,"deal_price":1.12743,"order_price_open":null,"slippage_pips":null,"volume":0.00,"profit":0.00,"swap":0.00,"commission":0.00,"deal_time_broker":"2026-10-01 20:23:12","deal_time_broker_msc":1790886192000,"halted_at_receipt":false,"quarantined_at_receipt":false}
21,-1,1790886192442,scalp,SCALP_CLOSED,{"close_time":"2026-10-01T20:23:12Z","instrument":"EURUSD","direction":"LONG","entry_price":1.12743,"exit_price":1.12270,"layer_depth":6,"stack_depth":8,"gross_pnl":-4.73,"instance_id":"GRIND_EURUSD_OPTD","ejected":false,"rolled":true,"broker_utc_offset_s":10800,"account_login":53077984}
21,-1,1790886305304,ea_event,,{"type":"fill_log","seq":123,"ea_time_ms":97022937,"magic":22260201,"deal_ticket":800000115,"order_ticket":9109,"position_id":900000061,"entry_type":"IN","deal_type":"SELL","side":"S","layer_index":0,"role":"ENT","deal_price":1.12293,"order_price_open":null,"slippage_pips":null,"volume":0.00,"profit":0.00,"swap":0.00,"commission":0.00,"deal_time_broker":"2026-10-01 20:25:05","deal_time_broker_msc":1790886305000,"halted_at_receipt":false,"quarantined_at_receipt":false}
21,-1,1790886602942,ea_event,,{"type":"fill_log","seq":124,"ea_time_ms":97022953,"magic":22260201,"deal_ticket":800000116,"order_ticket":9113,"position_id":900000062,"entry_type":"IN","deal_type":"BUY","side":"L","layer_index":5,"role":"EXT","deal_price":1.12350,"order_price_open":null,"slippage_pips":null,"volume":0.00,"profit":0.00,"swap":0.00,"commission":0.00,"deal_time_broker":"2026-10-01 20:30:02","deal_time_broker_msc":1790886602000,"halted_at_receipt":false,"quarantined_at_receipt":false}
21,-1,1790886603575,ea_event,,{"type":"fill_log","seq":125,"ea_time_ms":97022953,"magic":22260201,"deal_ticket":800000117,"order_ticket":700000117,"position_id":900000049,"entry_type":"OUT_BY","deal_type":"SELL","side":null,"layer_index":null,"role":null,"deal_price":1.12350,"order_price_open":null,"slippage_pips":null,"volume":0.00,"profit":-4.65,"swap":0.00,"commission":0.00,"deal_time_broker":"2026-10-01 20:30:03","deal_time_broker_msc":1790886603000,"halted_at_receipt":false,"quarantined_at_receipt":false}
21,-1,1790886603575,ea_event,ROLL_FILLED,{"type":"ea_event","seq":126,"ea_time_ms":97022953,"magic":null,"level":"INFO","code":"ROLL_FILLED","reason":null,"ticket":900000049,"detail":{"ticket":900000049,"level":1.12249}}
21,-1,1790886603575,ea_event,,{"type":"fill_log","seq":127,"ea_time_ms":97022953,"magic":22260201,"deal_ticket":800000118,"order_ticket":700000117,"position_id":900000062,"entry_type":"OUT_BY","deal_type":"SELL","side":null,"layer_index":null,"role":null,"deal_price":1.12815,"order_price_open":null,"slippage_pips":null,"volume":0.00,"profit":0.00,"swap":0.00,"commission":0.00,"deal_time_broker":"2026-10-01 20:30:03","deal_time_broker_msc":1790886603000,"halted_at_receipt":false,"quarantined_at_receipt":false}
21,-1,1790886603575,scalp,SCALP_CLOSED,{"close_time":"2026-10-01T20:30:03Z","instrument":"EURUSD","direction":"LONG","entry_price":1.12815,"exit_price":1.12350,"layer_depth":5,"stack_depth":7,"gross_pnl":-4.65,"instance_id":"GRIND_EURUSD_OPTD","ejected":false,"rolled":true,"broker_utc_offset_s":10800,"account_login":53077984}
21,-1,1790886617197,ea_event,,{"type":"fill_log","seq":128,"ea_time_ms":97022953,"magic":22260201,"deal_ticket":800000119,"order_ticket":9116,"position_id":900000063,"entry_type":"IN","deal_type":"SELL","side":"S","layer_index":1,"role":"ENT","deal_price":1.12368,"order_price_open":null,"slippage_pips":null,"volume":0.00,"profit":0.00,"swap":0.00,"commission":0.00,"deal_time_broker":"2026-10-01 20:30:17","deal_time_broker_msc":1790886617000,"halted_at_receipt":false,"quarantined_at_receipt":false}
21,-1,1790886644743,ea_event,,{"type":"fill_log","seq":129,"ea_time_ms":97022953,"magic":22260201,"deal_ticket":800000120,"order_ticket":9117,"position_id":900000064,"entry_type":"IN","deal_type":"BUY","side":"L","layer_index":8,"role":"EXT","deal_price":1.12409,"order_price_open":null,"slippage_pips":null,"volume":0.00,"profit":0.00,"swap":0.00,"commission":0.00,"deal_time_broker":"2026-10-01 20:30:44","deal_time_broker_msc":1790886644000,"halted_at_receipt":false,"quarantined_at_receipt":false}
21,-1,1790886645380,ea_event,,{"type":"fill_log","seq":130,"ea_time_ms":97022953,"magic":22260201,"deal_ticket":800000121,"order_ticket":700000121,"position_id":900000059,"entry_type":"OUT_BY","deal_type":"SELL","side":null,"layer_index":null,"role":null,"deal_price":1.12409,"order_price_open":null,"slippage_pips":null,"volume":0.00,"profit":0.90,"swap":0.00,"commission":0.00,"deal_time_broker":"2026-10-01 20:30:45","deal_time_broker_msc":1790886645000,"halted_at_receipt":false,"quarantined_at_receipt":false}
21,-1,1790886645380,ea_event,,{"type":"fill_log","seq":131,"ea_time_ms":97022953,"magic":22260201,"deal_ticket":800000122,"order_ticket":700000121,"position_id":900000064,"entry_type":"OUT_BY","deal_type":"SELL","side":null,"layer_index":null,"role":null,"deal_price":1.12319,"order_price_open":null,"slippage_pips":null,"volume":0.00,"profit":0.00,"swap":0.00,"commission":0.00,"deal_time_broker":"2026-10-01 20:30:45","deal_time_broker_msc":1790886645000,"halted_at_receipt":false,"quarantined_at_receipt":false}
21,-1,1790886645380,scalp,SCALP_CLOSED,{"close_time":"2026-10-01T20:30:45Z","instrument":"EURUSD","direction":"LONG","entry_price":1.12319,"exit_price":1.12409,"layer_depth":8,"stack_depth":6,"gross_pnl":0.90,"instance_id":"GRIND_EURUSD_OPTD","ejected":false,"rolled":false,"broker_utc_offset_s":10800,"account_login":53077984}
21,-1,1790886771739,ea_event,,{"type":"fill_log","seq":132,"ea_time_ms":97022953,"magic":22260201,"deal_ticket":800000123,"order_ticket":9121,"position_id":900000065,"entry_type":"IN","deal_type":"BUY","side":"L","layer_index":8,"role":"ENT","deal_price":1.12319,"order_price_open":null,"slippage_pips":null,"volume":0.00,"profit":0.00,"swap":0.00,"commission":0.00,"deal_time_broker":"2026-10-01 20:32:51","deal_time_broker_msc":1790886771000,"halted_at_receipt":false,"quarantined_at_receipt":false}
21,-1,1790886960241,ea_event,,{"type":"fill_log","seq":133,"ea_time_ms":97022968,"magic":22260201,"deal_ticket":800000124,"order_ticket":9118,"position_id":900000066,"entry_type":"IN","deal_type":"SELL","side":"S","layer_index":1,"role":"EXT","deal_price":1.12277,"order_price_open":null,"slippage_pips":null,"volume":0.00,"profit":0.00,"swap":0.00,"commission":0.00,"deal_time_broker":"2026-10-01 20:36:00","deal_time_broker_msc":1790886960000,"halted_at_receipt":false,"quarantined_at_receipt":false}
21,-1,1790886960673,ea_event,,{"type":"fill_log","seq":134,"ea_time_ms":97022968,"magic":22260201,"deal_ticket":800000125,"order_ticket":700000125,"position_id":900000063,"entry_type":"OUT_BY","deal_type":"SELL","side":null,"layer_index":null,"role":null,"deal_price":1.12277,"order_price_open":null,"slippage_pips":null,"volume":0.00,"profit":0.91,"swap":0.00,"commission":0.00,"deal_time_broker":"2026-10-01 20:36:00","deal_time_broker_msc":1790886960000,"halted_at_receipt":false,"quarantined_at_receipt":false}
21,-1,1790886960673,ea_event,,{"type":"fill_log","seq":135,"ea_time_ms":97022968,"magic":22260201,"deal_ticket":800000126,"order_ticket":700000125,"position_id":900000066,"entry_type":"OUT_BY","deal_type":"SELL","side":null,"layer_index":null,"role":null,"deal_price":1.12368,"order_price_open":null,"slippage_pips":null,"volume":0.00,"profit":0.00,"swap":0.00,"commission":0.00,"deal_time_broker":"2026-10-01 20:36:00","deal_time_broker_msc":1790886960000,"halted_at_receipt":false,"quarantined_at_receipt":false}
21,-1,1790886960673,scalp,SCALP_CLOSED,{"close_time":"2026-10-01T20:36:00Z","instrument":"EURUSD","direction":"SHORT","entry_price":1.12368,"exit_price":1.12277,"layer_depth":1,"stack_depth":2,"gross_pnl":0.91,"instance_id":"GRIND_EURUSD_OPTD","ejected":false,"rolled":false,"broker_utc_offset_s":10800,"account_login":53077984}
21,-1,1790888313344,ea_event,,{"type":"fill_log","seq":136,"ea_time_ms":97023015,"magic":22260201,"deal_ticket":800000127,"order_ticket":9123,"position_id":900000067,"entry_type":"IN","deal_type":"BUY","side":"L","layer_index":9,"role":"ENT","deal_price":1.12237,"order_price_open":null,"slippage_pips":null,"volume":0.00,"profit":0.00,"swap":0.00,"commission":0.00,"deal_time_broker":"2026-10-01 20:58:33","deal_time_broker_msc":1790888313000,"halted_at_receipt":false,"quarantined_at_receipt":false}
21,-1,1790889798789,ea_event,,{"type":"fill_log","seq":137,"ea_time_ms":97023125,"magic":22260201,"deal_ticket":800000128,"order_ticket":9125,"position_id":900000068,"entry_type":"IN","deal_type":"BUY","side":"L","layer_index":9,"role":"EXT","deal_price":1.12332,"order_price_open":null,"slippage_pips":null,"volume":0.00,"profit":0.00,"swap":0.00,"commission":0.00,"deal_time_broker":"2026-10-01 21:23:18","deal_time_broker_msc":1790889798000,"halted_at_receipt":false,"quarantined_at_receipt":false}
21,-1,1790889799222,ea_event,,{"type":"fill_log","seq":138,"ea_time_ms":97023125,"magic":22260201,"deal_ticket":800000129,"order_ticket":700000129,"position_id":900000067,"entry_type":"OUT_BY","deal_type":"SELL","side":null,"layer_index":null,"role":null,"deal_price":1.12332,"order_price_open":null,"slippage_pips":null,"volume":0.00,"profit":0.95,"swap":0.00,"commission":0.00,"deal_time_broker":"2026-10-01 21:23:19","deal_time_broker_msc":1790889799000,"halted_at_receipt":false,"quarantined_at_receipt":false}
21,-1,1790889799222,ea_event,,{"type":"fill_log","seq":139,"ea_time_ms":97023125,"magic":22260201,"deal_ticket":800000130,"order_ticket":700000129,"position_id":900000068,"entry_type":"OUT_BY","deal_type":"SELL","side":null,"layer_index":null,"role":null,"deal_price":1.12237,"order_price_open":null,"slippage_pips":null,"volume":0.00,"profit":0.00,"swap":0.00,"commission":0.00,"deal_time_broker":"2026-10-01 21:23:19","deal_time_broker_msc":1790889799000,"halted_at_receipt":false,"quarantined_at_receipt":false}
21,-1,1790889799222,scalp,SCALP_CLOSED,{"close_time":"2026-10-01T21:23:19Z","instrument":"EURUSD","direction":"LONG","entry_price":1.12237,"exit_price":1.12332,"layer_depth":9,"stack_depth":7,"gross_pnl":0.95,"instance_id":"GRIND_EURUSD_OPTD","ejected":false,"rolled":false,"broker_utc_offset_s":10800,"account_login":53077984}
21,-1,1790890511327,ea_event,,{"type":"fill_log","seq":140,"ea_time_ms":97023203,"magic":22260201,"deal_ticket":800000131,"order_ticket":9124,"position_id":900000069,"entry_type":"IN","deal_type":"SELL","side":"S","layer_index":1,"role":"ENT","deal_price":1.12363,"order_price_open":null,"slippage_pips":null,"volume":0.00,"profit":0.00,"swap":0.00,"commission":0.00,"deal_time_broker":"2026-10-01 21:35:11","deal_time_broker_msc":1790890511000,"halted_at_receipt":false,"quarantined_at_receipt":false}
21,-1,1790893691008,ea_event,,{"type":"fill_log","seq":141,"ea_time_ms":97023312,"magic":22260201,"deal_ticket":800000132,"order_ticket":9127,"position_id":900000070,"entry_type":"IN","deal_type":"BUY","side":"L","layer_index":8,"role":"EXT","deal_price":1.12410,"order_price_open":null,"slippage_pips":null,"volume":0.00,"profit":0.00,"swap":0.00,"commission":0.00,"deal_time_broker":"2026-10-01 22:28:11","deal_time_broker_msc":1790893691000,"halted_at_receipt":false,"quarantined_at_receipt":false}
21,-1,1790893692851,ea_event,,{"type":"fill_log","seq":142,"ea_time_ms":97023312,"magic":22260201,"deal_ticket":800000133,"order_ticket":700000133,"position_id":900000065,"entry_type":"OUT_BY","deal_type":"SELL","side":null,"layer_index":null,"role":null,"deal_price":1.12410,"order_price_open":null,"slippage_pips":null,"volume":0.00,"profit":0.91,"swap":0.00,"commission":0.00,"deal_time_broker":"2026-10-01 22:28:12","deal_time_broker_msc":1790893692000,"halted_at_receipt":false,"quarantined_at_receipt":false}
21,-1,1790893692851,ea_event,,{"type":"fill_log","seq":143,"ea_time_ms":97023312,"magic":22260201,"deal_ticket":800000134,"order_ticket":700000133,"position_id":900000070,"entry_type":"OUT_BY","deal_type":"SELL","side":null,"layer_index":null,"role":null,"deal_price":1.12319,"order_price_open":null,"slippage_pips":null,"volume":0.00,"profit":0.00,"swap":0.00,"commission":0.00,"deal_time_broker":"2026-10-01 22:28:12","deal_time_broker_msc":1790893692000,"halted_at_receipt":false,"quarantined_at_receipt":false}
21,-1,1790893692851,scalp,SCALP_CLOSED,{"close_time":"2026-10-01T22:28:12Z","instrument":"EURUSD","direction":"LONG","entry_price":1.12319,"exit_price":1.12410,"layer_depth":8,"stack_depth":6,"gross_pnl":0.91,"instance_id":"GRIND_EURUSD_OPTD","ejected":false,"rolled":false,"broker_utc_offset_s":10800,"account_login":53077984}
21,-1,1790893870765,ea_event,,{"type":"fill_log","seq":144,"ea_time_ms":97023312,"magic":22260201,"deal_ticket":800000135,"order_ticket":9130,"position_id":900000071,"entry_type":"IN","deal_type":"SELL","side":"S","layer_index":2,"role":"ENT","deal_price":1.12434,"order_price_open":null,"slippage_pips":null,"volume":0.00,"profit":0.00,"swap":0.00,"commission":0.00,"deal_time_broker":"2026-10-01 22:31:10","deal_time_broker_msc":1790893870000,"halted_at_receipt":false,"quarantined_at_receipt":false}
21,-1,1790898627288,ea_event,CARRY_SNAPSHOT,{"type":"ea_event","seq":145,"ea_time_ms":97023421,"magic":null,"level":"INFO","code":"CARRY_SNAPSHOT","reason":"EURUSD","ticket":null,"detail":{"symbol":"EURUSD","swap_mode":1,"swap_long":-7.9900,"swap_short":1.3100,"multiplier":1,"day_of_week":4,"rollover3days":3,"digits":5,"point":0.00001000,"tick_value":1.00000000,"tick_size":0.00001000,"stops_level":0,"freeze_level":0,"long_pips":-0.799,"short_pips":0.131,"eligible_long":5,"eligible_short":3,"trade_mode_full":true,"mult_today":1,"mult_tomorrow":1,"accrued_swap_long":0.00,"accrued_swap_short":0.00}}
21,-1,1790898687288,ea_event,CARRY_EXIT_SHIFT,{"type":"ea_event","seq":146,"ea_time_ms":97023421,"magic":null,"level":"INFO","code":"CARRY_EXIT_SHIFT","reason":"EURUSD","ticket":null,"detail":{"position_ticket":900000041,"side":"long","layer_index":3,"accrued_ledger_pips":0.000,"pending_pips":-0.799,"accrued_pips_total":-0.799,"old_price":1.12482,"new_price":1.12490,"clamped":false,"sign_guard_skipped":false,"retcode":10009,"points_native_pips":-0.799}}
21,-1,1790898747288,ea_event,CARRY_EXIT_SHIFT,{"type":"ea_event","seq":147,"ea_time_ms":97023421,"magic":null,"level":"INFO","code":"CARRY_EXIT_SHIFT","reason":"EURUSD","ticket":null,"detail":{"position_ticket":900000053,"side":"long","layer_index":7,"accrued_ledger_pips":0.000,"pending_pips":-0.799,"accrued_pips_total":-0.799,"old_price":1.12762,"new_price":1.12770,"clamped":false,"sign_guard_skipped":false,"retcode":10009,"points_native_pips":-0.799}}
21,-1,1790898747288,ea_event,CARRY_EXIT_SHIFT,{"type":"ea_event","seq":148,"ea_time_ms":97023421,"magic":null,"level":"INFO","code":"CARRY_EXIT_SHIFT","reason":"EURUSD","ticket":null,"detail":{"position_ticket":900000061,"side":"short","layer_index":0,"accrued_ledger_pips":0.000,"pending_pips":0.131,"accrued_pips_total":0.131,"old_price":1.12203,"new_price":1.12204,"clamped":false,"sign_guard_skipped":false,"retcode":10009,"points_native_pips":0.131}}
21,-1,1790898807288,ea_event,CARRY_EXIT_SHIFT,{"type":"ea_event","seq":149,"ea_time_ms":97023421,"magic":null,"level":"INFO","code":"CARRY_EXIT_SHIFT","reason":"EURUSD","ticket":null,"detail":{"position_ticket":900000071,"side":"short","layer_index":2,"accrued_ledger_pips":0.000,"pending_pips":0.131,"accrued_pips_total":0.131,"old_price":1.12344,"new_price":1.12345,"clamped":false,"sign_guard_skipped":false,"retcode":10009,"points_native_pips":0.131}}
21,-1,1790898807288,ea_event,CARRY_PASS_SUMMARY,{"type":"ea_event","seq":150,"ea_time_ms":97023421,"magic":null,"level":"INFO","code":"CARRY_PASS_SUMMARY","reason":"EURUSD","ticket":null,"detail":{"eligible":8,"shifted":4,"clamped":0,"skipped":0,"failed":0,"incomplete":false}}
22,-1,1790910024415,ea_event,,{"type":"fill_log","seq":0,"ea_time_ms":97023500,"magic":22260201,"deal_ticket":800000001,"order_ticket":1980743306,"position_id":900000001,"entry_type":"IN","deal_type":"BUY","side":"L","layer_index":3,"role":"EXT","deal_price":1.12494,"order_price_open":null,"slippage_pips":null,"volume":0.00,"profit":0.00,"swap":0.00,"commission":0.00,"deal_time_broker":"2026-10-02 03:00:24","deal_time_broker_msc":1790910024000,"halted_at_receipt":false,"quarantined_at_receipt":false}
22,-1,1790910024859,ea_event,,{"type":"fill_log","seq":1,"ea_time_ms":97023500,"magic":22260201,"deal_ticket":800000002,"order_ticket":700000002,"position_id":1979286947,"entry_type":"OUT_BY","deal_type":"SELL","side":null,"layer_index":null,"role":null,"deal_price":1.12494,"order_price_open":null,"slippage_pips":null,"volume":0.00,"profit":-4.67,"swap":-0.08,"commission":0.00,"deal_time_broker":"2026-10-02 03:00:24","deal_time_broker_msc":1790910024000,"halted_at_receipt":false,"quarantined_at_receipt":false}
22,-1,1790910024859,ea_event,ROLL_FILLED,{"type":"ea_event","seq":2,"ea_time_ms":97023500,"magic":null,"level":"INFO","code":"ROLL_FILLED","reason":null,"ticket":1979286947,"detail":{"ticket":1979286947,"level":1.12392}}
22,-1,1790910024859,ea_event,,{"type":"fill_log","seq":3,"ea_time_ms":97023500,"magic":22260201,"deal_ticket":800000003,"order_ticket":700000002,"position_id":900000001,"entry_type":"OUT_BY","deal_type":"SELL","side":null,"layer_index":null,"role":null,"deal_price":1.12961,"order_price_open":null,"slippage_pips":null,"volume":0.00,"profit":0.00,"swap":0.00,"commission":0.00,"deal_time_broker":"2026-10-02 03:00:24","deal_time_broker_msc":1790910024000,"halted_at_receipt":false,"quarantined_at_receipt":false}
22,-1,1790910024859,scalp,SCALP_CLOSED,{"close_time":"2026-10-02T03:00:24Z","instrument":"EURUSD","direction":"LONG","entry_price":1.12961,"exit_price":1.12494,"layer_depth":3,"stack_depth":5,"gross_pnl":-4.75,"instance_id":"GRIND_EURUSD_OPTD","ejected":false,"rolled":true,"broker_utc_offset_s":10800,"account_login":53077984}
22,-1,1790911800483,ea_event,,{"type":"fill_log","seq":4,"ea_time_ms":97023531,"magic":22260201,"deal_ticket":800000004,"order_ticket":1980743315,"position_id":900000002,"entry_type":"IN","deal_type":"BUY","side":"L","layer_index":8,"role":"ENT","deal_price":1.12391,"order_price_open":null,"slippage_pips":null,"volume":0.00,"profit":0.00,"swap":0.00,"commission":0.00,"deal_time_broker":"2026-10-02 03:30:00","deal_time_broker_msc":1790911800000,"halted_at_receipt":false,"quarantined_at_receipt":false}
22,-1,1790913560893,ea_event,,{"type":"fill_log","seq":5,"ea_time_ms":97023562,"magic":22260201,"deal_ticket":800000005,"order_ticket":1980748293,"position_id":900000003,"entry_type":"IN","deal_type":"SELL","side":"S","layer_index":3,"role":"EXT","deal_price":1.12344,"order_price_open":null,"slippage_pips":null,"volume":0.00,"profit":0.00,"swap":0.00,"commission":0.00,"deal_time_broker":"2026-10-02 03:59:20","deal_time_broker_msc":1790913560000,"halted_at_receipt":false,"quarantined_at_receipt":false}
22,-1,1790913561323,ea_event,,{"type":"fill_log","seq":6,"ea_time_ms":97023562,"magic":22260201,"deal_ticket":800000006,"order_ticket":700000006,"position_id":1980659966,"entry_type":"OUT_BY","deal_type":"SELL","side":null,"layer_index":null,"role":null,"deal_price":1.12344,"order_price_open":null,"slippage_pips":null,"volume":0.00,"profit":0.90,"swap":0.01,"commission":0.00,"deal_time_broker":"2026-10-02 03:59:21","deal_time_broker_msc":1790913561000,"halted_at_receipt":false,"quarantined_at_receipt":false}
22,-1,1790913561323,ea_event,,{"type":"fill_log","seq":7,"ea_time_ms":97023562,"magic":22260201,"deal_ticket":800000007,"order_ticket":700000006,"position_id":900000003,"entry_type":"OUT_BY","deal_type":"SELL","side":null,"layer_index":null,"role":null,"deal_price":1.12434,"order_price_open":null,"slippage_pips":null,"volume":0.00,"profit":0.00,"swap":0.00,"commission":0.00,"deal_time_broker":"2026-10-02 03:59:21","deal_time_broker_msc":1790913561000,"halted_at_receipt":false,"quarantined_at_receipt":false}
22,-1,1790913561323,scalp,SCALP_CLOSED,{"close_time":"2026-10-02T03:59:21Z","instrument":"EURUSD","direction":"SHORT","entry_price":1.12434,"exit_price":1.12344,"layer_depth":3,"stack_depth":4,"gross_pnl":0.91,"instance_id":"GRIND_EURUSD_OPTD","ejected":false,"rolled":false,"broker_utc_offset_s":10800,"account_login":53077984}
22,-1,1790915688619,ea_event,,{"type":"fill_log","seq":8,"ea_time_ms":97023609,"magic":22260201,"deal_ticket":800000008,"order_ticket":9002,"position_id":900000004,"entry_type":"IN","deal_type":"BUY","side":"L","layer_index":9,"role":"ENT","deal_price":1.12318,"order_price_open":null,"slippage_pips":null,"volume":0.00,"profit":0.00,"swap":0.00,"commission":0.00,"deal_time_broker":"2026-10-02 04:34:48","deal_time_broker_msc":1790915688000,"halted_at_receipt":false,"quarantined_at_receipt":false}
22,-1,1790917444768,ea_event,,{"type":"fill_log","seq":9,"ea_time_ms":97023640,"magic":22260201,"deal_ticket":800000009,"order_ticket":9005,"position_id":900000005,"entry_type":"IN","deal_type":"BUY","side":"L","layer_index":9,"role":"EXT","deal_price":1.12411,"order_price_open":null,"slippage_pips":null,"volume":0.00,"profit":0.00,"swap":0.00,"commission":0.00,"deal_time_broker":"2026-10-02 05:04:04","deal_time_broker_msc":1790917444000,"halted_at_receipt":false,"quarantined_at_receipt":false}
22,-1,1790917445610,ea_event,,{"type":"fill_log","seq":10,"ea_time_ms":97023640,"magic":22260201,"deal_ticket":800000010,"order_ticket":700000010,"position_id":900000004,"entry_type":"OUT_BY","deal_type":"SELL","side":null,"layer_index":null,"role":null,"deal_price":1.12411,"order_price_open":null,"slippage_pips":null,"volume":0.00,"profit":0.93,"swap":0.00,"commission":0.00,"deal_time_broker":"2026-10-02 05:04:05","deal_time_broker_msc":1790917445000,"halted_at_receipt":false,"quarantined_at_receipt":false}
22,-1,1790917445610,ea_event,,{"type":"fill_log","seq":11,"ea_time_ms":97023640,"magic":22260201,"deal_ticket":800000011,"order_ticket":700000010,"position_id":900000005,"entry_type":"OUT_BY","deal_type":"SELL","side":null,"layer_index":null,"role":null,"deal_price":1.12318,"order_price_open":null,"slippage_pips":null,"volume":0.00,"profit":0.00,"swap":0.00,"commission":0.00,"deal_time_broker":"2026-10-02 05:04:05","deal_time_broker_msc":1790917445000,"halted_at_receipt":false,"quarantined_at_receipt":false}
22,-1,1790917445610,scalp,SCALP_CLOSED,{"close_time":"2026-10-02T05:04:05Z","instrument":"EURUSD","direction":"LONG","entry_price":1.12318,"exit_price":1.12411,"layer_depth":9,"stack_depth":6,"gross_pnl":0.93,"instance_id":"GRIND_EURUSD_OPTD","ejected":false,"rolled":false,"broker_utc_offset_s":10800,"account_login":53077984}
22,-1,1790919385304,ea_event,,{"type":"fill_log","seq":12,"ea_time_ms":97023671,"magic":22260201,"deal_ticket":800000012,"order_ticket":9004,"position_id":900000006,"entry_type":"IN","deal_type":"SELL","side":"S","layer_index":3,"role":"ENT","deal_price":1.12436,"order_price_open":null,"slippage_pips":null,"volume":0.00,"profit":0.00,"swap":0.00,"commission":0.00,"deal_time_broker":"2026-10-02 05:36:25","deal_time_broker_msc":1790919385000,"halted_at_receipt":false,"quarantined_at_receipt":false}
23,-1,1790921933362,ea_event,,{"type":"fill_log","seq":0,"ea_time_ms":97023703,"magic":22260201,"deal_ticket":800000001,"order_ticket":1981323545,"position_id":900000001,"entry_type":"IN","deal_type":"BUY","side":"L","layer_index":8,"role":"EXT","deal_price":1.12483,"order_price_open":null,"slippage_pips":null,"volume":0.00,"profit":0.00,"swap":0.00,"commission":0.00,"deal_time_broker":"2026-10-02 06:18:53","deal_time_broker_msc":1790921933000,"halted_at_receipt":false,"quarantined_at_receipt":false}
23,-1,1790921938816,ea_event,,{"type":"fill_log","seq":1,"ea_time_ms":97023703,"magic":22260201,"deal_ticket":800000002,"order_ticket":700000002,"position_id":1980743315,"entry_type":"OUT_BY","deal_type":"SELL","side":null,"layer_index":null,"role":null,"deal_price":1.12483,"order_price_open":null,"slippage_pips":null,"volume":0.00,"profit":0.91,"swap":0.00,"commission":0.00,"deal_time_broker":"2026-10-02 06:18:58","deal_time_broker_msc":1790921938000,"halted_at_receipt":false,"quarantined_at_receipt":false}
23,-1,1790921938816,ea_event,,{"type":"fill_log","seq":2,"ea_time_ms":97023703,"magic":22260201,"deal_ticket":800000003,"order_ticket":700000002,"position_id":900000001,"entry_type":"OUT_BY","deal_type":"SELL","side":null,"layer_index":null,"role":null,"deal_price":1.12392,"order_price_open":null,"slippage_pips":null,"volume":0.00,"profit":0.00,"swap":0.00,"commission":0.00,"deal_time_broker":"2026-10-02 06:18:58","deal_time_broker_msc":1790921938000,"halted_at_receipt":false,"quarantined_at_receipt":false}
23,-1,1790921938816,scalp,SCALP_CLOSED,{"close_time":"2026-10-02T06:18:58Z","instrument":"EURUSD","direction":"LONG","entry_price":1.12392,"exit_price":1.12483,"layer_depth":8,"stack_depth":5,"gross_pnl":0.91,"instance_id":"GRIND_EURUSD_OPTD","ejected":false,"rolled":false,"broker_utc_offset_s":10800,"account_login":53077984}
23,-1,1790922554562,ea_event,,{"type":"fill_log","seq":3,"ea_time_ms":97023718,"magic":22260201,"deal_ticket":800000004,"order_ticket":1981389991,"position_id":900000002,"entry_type":"IN","deal_type":"SELL","side":"S","layer_index":4,"role":"ENT","deal_price":1.12507,"order_price_open":null,"slippage_pips":null,"volume":0.00,"profit":0.00,"swap":0.00,"commission":0.00,"deal_time_broker":"2026-10-02 06:29:14","deal_time_broker_msc":1790922554000,"halted_at_receipt":false,"quarantined_at_receipt":false}
23,-1,1790932028216,ea_event,,{"type":"fill_log","seq":4,"ea_time_ms":97023859,"magic":22260201,"deal_ticket":800000005,"order_ticket":9000,"position_id":900000003,"entry_type":"IN","deal_type":"BUY","side":"L","layer_index":2,"role":"EXT","deal_price":1.12561,"order_price_open":null,"slippage_pips":null,"volume":0.00,"profit":0.00,"swap":0.00,"commission":0.00,"deal_time_broker":"2026-10-02 09:07:08","deal_time_broker_msc":1790932028000,"halted_at_receipt":false,"quarantined_at_receipt":false}
23,-1,1790932028646,ea_event,,{"type":"fill_log","seq":5,"ea_time_ms":97023859,"magic":22260201,"deal_ticket":800000006,"order_ticket":700000006,"position_id":1979261631,"entry_type":"OUT_BY","deal_type":"SELL","side":null,"layer_index":null,"role":null,"deal_price":1.12561,"order_price_open":null,"slippage_pips":null,"volume":0.00,"profit":-4.69,"swap":-0.08,"commission":0.00,"deal_time_broker":"2026-10-02 09:07:08","deal_time_broker_msc":1790932028000,"halted_at_receipt":false,"quarantined_at_receipt":false}
23,-1,1790932028646,ea_event,ROLL_FILLED,{"type":"ea_event","seq":6,"ea_time_ms":97023859,"magic":null,"level":"INFO","code":"ROLL_FILLED","reason":null,"ticket":1979261631,"detail":{"ticket":1979261631,"level":1.12462}}
23,-1,1790932028646,ea_event,,{"type":"fill_log","seq":7,"ea_time_ms":97023859,"magic":22260201,"deal_ticket":800000007,"order_ticket":700000006,"position_id":900000003,"entry_type":"OUT_BY","deal_type":"SELL","side":null,"layer_index":null,"role":null,"deal_price":1.13030,"order_price_open":null,"slippage_pips":null,"volume":0.00,"profit":0.00,"swap":0.00,"commission":0.00,"deal_time_broker":"2026-10-02 09:07:08","deal_time_broker_msc":1790932028000,"halted_at_receipt":false,"quarantined_at_receipt":false}
23,-1,1790932028646,scalp,SCALP_CLOSED,{"close_time":"2026-10-02T09:07:08Z","instrument":"EURUSD","direction":"LONG","entry_price":1.13030,"exit_price":1.12561,"layer_depth":2,"stack_depth":4,"gross_pnl":-4.77,"instance_id":"GRIND_EURUSD_OPTD","ejected":false,"rolled":true,"broker_utc_offset_s":10800,"account_login":53077984}
23,-1,1790932367401,ea_event,,{"type":"fill_log","seq":8,"ea_time_ms":97023859,"magic":22260201,"deal_ticket":800000008,"order_ticket":9003,"position_id":900000004,"entry_type":"IN","deal_type":"SELL","side":"S","layer_index":5,"role":"ENT","deal_price":1.12579,"order_price_open":null,"slippage_pips":null,"volume":0.00,"profit":0.00,"swap":0.00,"commission":0.00,"deal_time_broker":"2026-10-02 09:12:47","deal_time_broker_msc":1790932367000,"halted_at_receipt":false,"quarantined_at_receipt":false}
23,-1,1790936040693,ea_event,,{"type":"fill_log","seq":9,"ea_time_ms":97023968,"magic":22260201,"deal_ticket":800000009,"order_ticket":9004,"position_id":900000005,"entry_type":"IN","deal_type":"BUY","side":"L","layer_index":1,"role":"EXT","deal_price":1.12631,"order_price_open":null,"slippage_pips":null,"volume":0.00,"profit":0.00,"swap":0.00,"commission":0.00,"deal_time_broker":"2026-10-02 10:14:00","deal_time_broker_msc":1790936040000,"halted_at_receipt":false,"quarantined_at_receipt":false}
23,-1,1790936041122,ea_event,,{"type":"fill_log","seq":10,"ea_time_ms":97023968,"magic":22260201,"deal_ticket":800000010,"order_ticket":700000010,"position_id":1978377021,"entry_type":"OUT_BY","deal_type":"SELL","side":null,"layer_index":null,"role":null,"deal_price":1.12631,"order_price_open":null,"slippage_pips":null,"volume":0.00,"profit":-4.68,"swap":-0.08,"commission":0.00,"deal_time_broker":"2026-10-02 10:14:01","deal_time_broker_msc":1790936041000,"halted_at_receipt":false,"quarantined_at_receipt":false}
23,-1,1790936041122,ea_event,ROLL_FILLED,{"type":"ea_event","seq":11,"ea_time_ms":97023968,"magic":null,"level":"INFO","code":"ROLL_FILLED","reason":null,"ticket":1978377021,"detail":{"ticket":1978377021,"level":1.12532}}
23,-1,1790936041122,ea_event,,{"type":"fill_log","seq":12,"ea_time_ms":97023968,"magic":22260201,"deal_ticket":800000011,"order_ticket":700000010,"position_id":900000005,"entry_type":"OUT_BY","deal_type":"SELL","side":null,"layer_index":null,"role":null,"deal_price":1.13099,"order_price_open":null,"slippage_pips":null,"volume":0.00,"profit":0.00,"swap":0.00,"commission":0.00,"deal_time_broker":"2026-10-02 10:14:01","deal_time_broker_msc":1790936041000,"halted_at_receipt":false,"quarantined_at_receipt":false}
23,-1,1790936041122,scalp,SCALP_CLOSED,{"close_time":"2026-10-02T10:14:01Z","instrument":"EURUSD","direction":"LONG","entry_price":1.13099,"exit_price":1.12631,"layer_depth":1,"stack_depth":3,"gross_pnl":-4.76,"instance_id":"GRIND_EURUSD_OPTD","ejected":false,"rolled":true,"broker_utc_offset_s":10800,"account_login":53077984}
23,-1,1790936091596,ea_event,,{"type":"fill_log","seq":13,"ea_time_ms":97023968,"magic":22260201,"deal_ticket":800000012,"order_ticket":9006,"position_id":900000006,"entry_type":"IN","deal_type":"SELL","side":"S","layer_index":6,"role":"ENT","deal_price":1.12656,"order_price_open":null,"slippage_pips":null,"volume":0.00,"profit":0.00,"swap":0.00,"commission":0.00,"deal_time_broker":"2026-10-02 10:14:51","deal_time_broker_msc":1790936091000,"halted_at_receipt":false,"quarantined_at_receipt":false}
23,-1,1790937855656,ea_event,,{"type":"fill_log","seq":14,"ea_time_ms":97024031,"magic":22260201,"deal_ticket":800000013,"order_ticket":9008,"position_id":900000007,"entry_type":"IN","deal_type":"SELL","side":"S","layer_index":6,"role":"EXT","deal_price":1.12563,"order_price_open":null,"slippage_pips":null,"volume":0.00,"profit":0.00,"swap":0.00,"commission":0.00,"deal_time_broker":"2026-10-02 10:44:15","deal_time_broker_msc":1790937855000,"halted_at_receipt":false,"quarantined_at_receipt":false}
23,-1,1790937857702,ea_event,,{"type":"fill_log","seq":15,"ea_time_ms":97024031,"magic":22260201,"deal_ticket":800000014,"order_ticket":700000014,"position_id":900000006,"entry_type":"OUT_BY","deal_type":"SELL","side":null,"layer_index":null,"role":null,"deal_price":1.12563,"order_price_open":null,"slippage_pips":null,"volume":0.00,"profit":0.93,"swap":0.00,"commission":0.00,"deal_time_broker":"2026-10-02 10:44:17","deal_time_broker_msc":1790937857000,"halted_at_receipt":false,"quarantined_at_receipt":false}
23,-1,1790937857702,ea_event,,{"type":"fill_log","seq":16,"ea_time_ms":97024031,"magic":22260201,"deal_ticket":800000015,"order_ticket":700000014,"position_id":900000007,"entry_type":"OUT_BY","deal_type":"SELL","side":null,"layer_index":null,"role":null,"deal_price":1.12656,"order_price_open":null,"slippage_pips":null,"volume":0.00,"profit":0.00,"swap":0.00,"commission":0.00,"deal_time_broker":"2026-10-02 10:44:17","deal_time_broker_msc":1790937857000,"halted_at_receipt":false,"quarantined_at_receipt":false}
23,-1,1790937857702,scalp,SCALP_CLOSED,{"close_time":"2026-10-02T10:44:17Z","instrument":"EURUSD","direction":"SHORT","entry_price":1.12656,"exit_price":1.12563,"layer_depth":6,"stack_depth":7,"gross_pnl":0.93,"instance_id":"GRIND_EURUSD_OPTD","ejected":false,"rolled":false,"broker_utc_offset_s":10800,"account_login":53077984}
23,-1,1790939272418,ea_event,,{"type":"fill_log","seq":17,"ea_time_ms":97024062,"magic":22260201,"deal_ticket":800000016,"order_ticket":9011,"position_id":900000008,"entry_type":"IN","deal_type":"SELL","side":"S","layer_index":6,"role":"ENT","deal_price":1.12650,"order_price_open":null,"slippage_pips":null,"volume":0.00,"profit":0.00,"swap":0.00,"commission":0.00,"deal_time_broker":"2026-10-02 11:07:52","deal_time_broker_msc":1790939272000,"halted_at_receipt":false,"quarantined_at_receipt":false}
23,-1,1790940199334,ea_event,,{"type":"fill_log","seq":18,"ea_time_ms":97024109,"magic":22260201,"deal_ticket":800000017,"order_ticket":9012,"position_id":900000009,"entry_type":"IN","deal_type":"SELL","side":"S","layer_index":6,"role":"EXT","deal_price":1.12558,"order_price_open":null,"slippage_pips":null,"volume":0.00,"profit":0.00,"swap":0.00,"commission":0.00,"deal_time_broker":"2026-10-02 11:23:19","deal_time_broker_msc":1790940199000,"halted_at_receipt":false,"quarantined_at_receipt":false}
23,-1,1790940201371,ea_event,,{"type":"fill_log","seq":19,"ea_time_ms":97024109,"magic":22260201,"deal_ticket":800000018,"order_ticket":700000018,"position_id":900000008,"entry_type":"OUT_BY","deal_type":"SELL","side":null,"layer_index":null,"role":null,"deal_price":1.12558,"order_price_open":null,"slippage_pips":null,"volume":0.00,"profit":0.92,"swap":0.00,"commission":0.00,"deal_time_broker":"2026-10-02 11:23:21","deal_time_broker_msc":1790940201000,"halted_at_receipt":false,"quarantined_at_receipt":false}
23,-1,1790940201371,ea_event,,{"type":"fill_log","seq":20,"ea_time_ms":97024109,"magic":22260201,"deal_ticket":800000019,"order_ticket":700000018,"position_id":900000009,"entry_type":"OUT_BY","deal_type":"SELL","side":null,"layer_index":null,"role":null,"deal_price":1.12650,"order_price_open":null,"slippage_pips":null,"volume":0.00,"profit":0.00,"swap":0.00,"commission":0.00,"deal_time_broker":"2026-10-02 11:23:21","deal_time_broker_msc":1790940201000,"halted_at_receipt":false,"quarantined_at_receipt":false}
23,-1,1790940201371,scalp,SCALP_CLOSED,{"close_time":"2026-10-02T11:23:21Z","instrument":"EURUSD","direction":"SHORT","entry_price":1.12650,"exit_price":1.12558,"layer_depth":6,"stack_depth":7,"gross_pnl":0.92,"instance_id":"GRIND_EURUSD_OPTD","ejected":false,"rolled":false,"broker_utc_offset_s":10800,"account_login":53077984}
23,-1,1790940669792,ea_event,,{"type":"fill_log","seq":21,"ea_time_ms":97024125,"magic":22260201,"deal_ticket":800000020,"order_ticket":9001,"position_id":900000010,"entry_type":"IN","deal_type":"BUY","side":"L","layer_index":8,"role":"ENT","deal_price":1.12529,"order_price_open":null,"slippage_pips":null,"volume":0.00,"profit":0.00,"swap":0.00,"commission":0.00,"deal_time_broker":"2026-10-02 11:31:09","deal_time_broker_msc":1790940669000,"halted_at_receipt":false,"quarantined_at_receipt":false}
23,-1,1790941481481,ea_event,,{"type":"fill_log","seq":22,"ea_time_ms":97024140,"magic":22260201,"deal_ticket":800000021,"order_ticket":9014,"position_id":900000011,"entry_type":"IN","deal_type":"SELL","side":"S","layer_index":5,"role":"EXT","deal_price":1.12487,"order_price_open":null,"slippage_pips":null,"volume":0.00,"profit":0.00,"swap":0.00,"commission":0.00,"deal_time_broker":"2026-10-02 11:44:41","deal_time_broker_msc":1790941481000,"halted_at_receipt":false,"quarantined_at_receipt":false}
23,-1,1790941482521,ea_event,,{"type":"fill_log","seq":23,"ea_time_ms":97024140,"magic":22260201,"deal_ticket":800000022,"order_ticket":700000022,"position_id":900000004,"entry_type":"OUT_BY","deal_type":"SELL","side":null,"layer_index":null,"role":null,"deal_price":1.12487,"order_price_open":null,"slippage_pips":null,"volume":0.00,"profit":0.92,"swap":0.00,"commission":0.00,"deal_time_broker":"2026-10-02 11:44:42","deal_time_broker_msc":1790941482000,"halted_at_receipt":false,"quarantined_at_receipt":false}
23,-1,1790941482521,ea_event,,{"type":"fill_log","seq":24,"ea_time_ms":97024140,"magic":22260201,"deal_ticket":800000023,"order_ticket":700000022,"position_id":900000011,"entry_type":"OUT_BY","deal_type":"SELL","side":null,"layer_index":null,"role":null,"deal_price":1.12579,"order_price_open":null,"slippage_pips":null,"volume":0.00,"profit":0.00,"swap":0.00,"commission":0.00,"deal_time_broker":"2026-10-02 11:44:42","deal_time_broker_msc":1790941482000,"halted_at_receipt":false,"quarantined_at_receipt":false}
23,-1,1790941482521,scalp,SCALP_CLOSED,{"close_time":"2026-10-02T11:44:42Z","instrument":"EURUSD","direction":"SHORT","entry_price":1.12579,"exit_price":1.12487,"layer_depth":5,"stack_depth":6,"gross_pnl":0.92,"instance_id":"GRIND_EURUSD_OPTD","ejected":false,"rolled":false,"broker_utc_offset_s":10800,"account_login":53077984}
23,-1,1790946632795,ea_event,,{"type":"fill_log","seq":25,"ea_time_ms":97024281,"magic":22260201,"deal_ticket":800000024,"order_ticket":9017,"position_id":900000012,"entry_type":"IN","deal_type":"BUY","side":"L","layer_index":9,"role":"ENT","deal_price":1.12458,"order_price_open":null,"slippage_pips":null,"volume":0.00,"profit":0.00,"swap":0.00,"commission":0.00,"deal_time_broker":"2026-10-02 13:10:32","deal_time_broker_msc":1790946632000,"halted_at_receipt":false,"quarantined_at_receipt":false}
23,-1,1790946776339,ea_event,,{"type":"fill_log","seq":26,"ea_time_ms":97024281,"magic":22260201,"deal_ticket":800000025,"order_ticket":9018,"position_id":900000013,"entry_type":"IN","deal_type":"SELL","side":"S","layer_index":4,"role":"EXT","deal_price":1.12418,"order_price_open":null,"slippage_pips":null,"volume":0.00,"profit":0.00,"swap":0.00,"commission":0.00,"deal_time_broker":"2026-10-02 13:12:56","deal_time_broker_msc":1790946776000,"halted_at_receipt":false,"quarantined_at_receipt":false}
23,-1,1790946776778,ea_event,,{"type":"fill_log","seq":27,"ea_time_ms":97024281,"magic":22260201,"deal_ticket":800000026,"order_ticket":700000026,"position_id":900000002,"entry_type":"OUT_BY","deal_type":"SELL","side":null,"layer_index":null,"role":null,"deal_price":1.12418,"order_price_open":null,"slippage_pips":null,"volume":0.00,"profit":0.89,"swap":0.00,"commission":0.00,"deal_time_broker":"2026-10-02 13:12:56","deal_time_broker_msc":1790946776000,"halted_at_receipt":false,"quarantined_at_receipt":false}
23,-1,1790946776778,ea_event,,{"type":"fill_log","seq":28,"ea_time_ms":97024281,"magic":22260201,"deal_ticket":800000027,"order_ticket":700000026,"position_id":900000013,"entry_type":"OUT_BY","deal_type":"SELL","side":null,"layer_index":null,"role":null,"deal_price":1.12507,"order_price_open":null,"slippage_pips":null,"volume":0.00,"profit":0.00,"swap":0.00,"commission":0.00,"deal_time_broker":"2026-10-02 13:12:56","deal_time_broker_msc":1790946776000,"halted_at_receipt":false,"quarantined_at_receipt":false}
23,-1,1790946776778,scalp,SCALP_CLOSED,{"close_time":"2026-10-02T13:12:56Z","instrument":"EURUSD","direction":"SHORT","entry_price":1.12507,"exit_price":1.12418,"layer_depth":4,"stack_depth":5,"gross_pnl":0.89,"instance_id":"GRIND_EURUSD_OPTD","ejected":false,"rolled":false,"broker_utc_offset_s":10800,"account_login":53077984}
23,-1,1790946929995,ea_event,,{"type":"fill_log","seq":29,"ea_time_ms":97024281,"magic":22260201,"deal_ticket":800000028,"order_ticket":9021,"position_id":900000014,"entry_type":"IN","deal_type":"BUY","side":"L","layer_index":10,"role":"ENT","deal_price":1.12386,"order_price_open":null,"slippage_pips":null,"volume":0.00,"profit":0.00,"swap":0.00,"commission":0.00,"deal_time_broker":"2026-10-02 13:15:29","deal_time_broker_msc":1790946929000,"halted_at_receipt":false,"quarantined_at_receipt":false}
23,-1,1790947212476,ea_event,,{"type":"fill_log","seq":30,"ea_time_ms":97024296,"magic":22260201,"deal_ticket":800000029,"order_ticket":9022,"position_id":900000015,"entry_type":"IN","deal_type":"SELL","side":"S","layer_index":3,"role":"EXT","deal_price":1.12344,"order_price_open":null,"slippage_pips":null,"volume":0.00,"profit":0.00,"swap":0.00,"commission":0.00,"deal_time_broker":"2026-10-02 13:20:12","deal_time_broker_msc":1790947212000,"halted_at_receipt":false,"quarantined_at_receipt":false}
23,-1,1790947212907,ea_event,,{"type":"fill_log","seq":31,"ea_time_ms":97024296,"magic":22260201,"deal_ticket":800000030,"order_ticket":700000030,"position_id":1981135202,"entry_type":"OUT_BY","deal_type":"SELL","side":null,"layer_index":null,"role":null,"deal_price":1.12344,"order_price_open":null,"slippage_pips":null,"volume":0.00,"profit":0.90,"swap":0.00,"commission":0.00,"deal_time_broker":"2026-10-02 13:20:12","deal_time_broker_msc":1790947212000,"halted_at_receipt":false,"quarantined_at_receipt":false}
23,-1,1790947212907,ea_event,,{"type":"fill_log","seq":32,"ea_time_ms":97024296,"magic":22260201,"deal_ticket":800000031,"order_ticket":700000030,"position_id":900000015,"entry_type":"OUT_BY","deal_type":"SELL","side":null,"layer_index":null,"role":null,"deal_price":1.12434,"order_price_open":null,"slippage_pips":null,"volume":0.00,"profit":0.00,"swap":0.00,"commission":0.00,"deal_time_broker":"2026-10-02 13:20:12","deal_time_broker_msc":1790947212000,"halted_at_receipt":false,"quarantined_at_receipt":false}
23,-1,1790947212907,scalp,SCALP_CLOSED,{"close_time":"2026-10-02T13:20:12Z","instrument":"EURUSD","direction":"SHORT","entry_price":1.12434,"exit_price":1.12344,"layer_depth":3,"stack_depth":4,"gross_pnl":0.90,"instance_id":"GRIND_EURUSD_OPTD","ejected":false,"rolled":false,"broker_utc_offset_s":10800,"account_login":53077984}
23,-1,1790947281864,ea_event,,{"type":"fill_log","seq":33,"ea_time_ms":97024296,"magic":22260201,"deal_ticket":800000032,"order_ticket":9025,"position_id":900000016,"entry_type":"IN","deal_type":"BUY","side":"L","layer_index":11,"role":"ENT","deal_price":1.12314,"order_price_open":null,"slippage_pips":null,"volume":0.00,"profit":0.00,"swap":0.00,"commission":0.00,"deal_time_broker":"2026-10-02 13:21:21","deal_time_broker_msc":1790947281000,"halted_at_receipt":false,"quarantined_at_receipt":false}
23,-1,1790949902122,ea_event,,{"type":"fill_log","seq":34,"ea_time_ms":97024390,"magic":22260201,"deal_ticket":800000033,"order_ticket":9026,"position_id":900000017,"entry_type":"IN","deal_type":"SELL","side":"S","layer_index":2,"role":"EXT","deal_price":1.12274,"order_price_open":null,"slippage_pips":null,"volume":0.00,"profit":0.00,"swap":0.00,"commission":0.00,"deal_time_broker":"2026-10-02 14:05:02","deal_time_broker_msc":1790949902000,"halted_at_receipt":false,"quarantined_at_receipt":false}
23,-1,1790949902558,ea_event,,{"type":"fill_log","seq":35,"ea_time_ms":97024390,"magic":22260201,"deal_ticket":800000034,"order_ticket":700000034,"position_id":1980544363,"entry_type":"OUT_BY","deal_type":"SELL","side":null,"layer_index":null,"role":null,"deal_price":1.12274,"order_price_open":null,"slippage_pips":null,"volume":0.00,"profit":0.90,"swap":0.01,"commission":0.00,"deal_time_broker":"2026-10-02 14:05:02","deal_time_broker_msc":1790949902000,"halted_at_receipt":false,"quarantined_at_receipt":false}
23,-1,1790949902558,ea_event,,{"type":"fill_log","seq":36,"ea_time_ms":97024390,"magic":22260201,"deal_ticket":800000035,"order_ticket":700000034,"position_id":900000017,"entry_type":"OUT_BY","deal_type":"SELL","side":null,"layer_index":null,"role":null,"deal_price":1.12364,"order_price_open":null,"slippage_pips":null,"volume":0.00,"profit":0.00,"swap":0.00,"commission":0.00,"deal_time_broker":"2026-10-02 14:05:02","deal_time_broker_msc":1790949902000,"halted_at_receipt":false,"quarantined_at_receipt":false}
23,-1,1790949902558,scalp,SCALP_CLOSED,{"close_time":"2026-10-02T14:05:02Z","instrument":"EURUSD","direction":"SHORT","entry_price":1.12364,"exit_price":1.12274,"layer_depth":2,"stack_depth":3,"gross_pnl":0.91,"instance_id":"GRIND_EURUSD_OPTD","ejected":false,"rolled":false,"broker_utc_offset_s":10800,"account_login":53077984}
23,-1,1790950632657,ea_event,,{"type":"fill_log","seq":37,"ea_time_ms":97024421,"magic":22260201,"deal_ticket":800000036,"order_ticket":9031,"position_id":900000018,"entry_type":"IN","deal_type":"SELL","side":"S","layer_index":2,"role":"ENT","deal_price":1.12364,"order_price_open":null,"slippage_pips":null,"volume":0.00,"profit":0.00,"swap":0.00,"commission":0.00,"deal_time_broker":"2026-10-02 14:17:12","deal_time_broker_msc":1790950632000,"halted_at_receipt":false,"quarantined_at_receipt":false}
23,-1,1790951066258,ea_event,,{"type":"fill_log","seq":38,"ea_time_ms":97024437,"magic":22260201,"deal_ticket":800000037,"order_ticket":9028,"position_id":900000019,"entry_type":"IN","deal_type":"BUY","side":"L","layer_index":11,"role":"EXT","deal_price":1.12404,"order_price_open":null,"slippage_pips":null,"volume":0.00,"profit":0.00,"swap":0.00,"commission":0.00,"deal_time_broker":"2026-10-02 14:24:26","deal_time_broker_msc":1790951066000,"halted_at_receipt":false,"quarantined_at_receipt":false}
23,-1,1790951067101,ea_event,,{"type":"fill_log","seq":39,"ea_time_ms":97024437,"magic":22260201,"deal_ticket":800000038,"order_ticket":700000038,"position_id":900000016,"entry_type":"OUT_BY","deal_type":"SELL","side":null,"layer_index":null,"role":null,"deal_price":1.12404,"order_price_open":null,"slippage_pips":null,"volume":0.00,"profit":0.90,"swap":0.00,"commission":0.00,"deal_time_broker":"2026-10-02 14:24:27","deal_time_broker_msc":1790951067000,"halted_at_receipt":false,"quarantined_at_receipt":false}
23,-1,1790951067101,ea_event,,{"type":"fill_log","seq":40,"ea_time_ms":97024437,"magic":22260201,"deal_ticket":800000039,"order_ticket":700000038,"position_id":900000019,"entry_type":"OUT_BY","deal_type":"SELL","side":null,"layer_index":null,"role":null,"deal_price":1.12314,"order_price_open":null,"slippage_pips":null,"volume":0.00,"profit":0.00,"swap":0.00,"commission":0.00,"deal_time_broker":"2026-10-02 14:24:27","deal_time_broker_msc":1790951067000,"halted_at_receipt":false,"quarantined_at_receipt":false}
23,-1,1790951067101,scalp,SCALP_CLOSED,{"close_time":"2026-10-02T14:24:27Z","instrument":"EURUSD","direction":"LONG","entry_price":1.12314,"exit_price":1.12404,"layer_depth":11,"stack_depth":6,"gross_pnl":0.90,"instance_id":"GRIND_EURUSD_OPTD","ejected":false,"rolled":false,"broker_utc_offset_s":10800,"account_login":53077984}
23,-1,1790952889896,ea_event,,{"type":"fill_log","seq":41,"ea_time_ms":97024500,"magic":22260201,"deal_ticket":800000040,"order_ticket":9035,"position_id":900000020,"entry_type":"IN","deal_type":"BUY","side":"L","layer_index":11,"role":"ENT","deal_price":1.12308,"order_price_open":null,"slippage_pips":null,"volume":0.00,"profit":0.00,"swap":0.00,"commission":0.00,"deal_time_broker":"2026-10-02 14:54:49","deal_time_broker_msc":1790952889000,"halted_at_receipt":false,"quarantined_at_receipt":false}
23,-1,1790953552360,ea_event,,{"type":"fill_log","seq":42,"ea_time_ms":97024515,"magic":22260201,"deal_ticket":800000041,"order_ticket":9032,"position_id":900000021,"entry_type":"IN","deal_type":"SELL","side":"S","layer_index":2,"role":"EXT","deal_price":1.12273,"order_price_open":null,"slippage_pips":null,"volume":0.00,"profit":0.00,"swap":0.00,"commission":0.00,"deal_time_broker":"2026-10-02 15:05:52","deal_time_broker_msc":1790953552000,"halted_at_receipt":false,"quarantined_at_receipt":false}
23,-1,1790953552792,ea_event,,{"type":"fill_log","seq":43,"ea_time_ms":97024515,"magic":22260201,"deal_ticket":800000042,"order_ticket":700000042,"position_id":900000018,"entry_type":"OUT_BY","deal_type":"SELL","side":null,"layer_index":null,"role":null,"deal_price":1.12273,"order_price_open":null,"slippage_pips":null,"volume":0.00,"profit":0.91,"swap":0.00,"commission":0.00,"deal_time_broker":"2026-10-02 15:05:52","deal_time_broker_msc":1790953552000,"halted_at_receipt":false,"quarantined_at_receipt":false}
23,-1,1790953552792,ea_event,,{"type":"fill_log","seq":44,"ea_time_ms":97024515,"magic":22260201,"deal_ticket":800000043,"order_ticket":700000042,"position_id":900000021,"entry_type":"OUT_BY","deal_type":"SELL","side":null,"layer_index":null,"role":null,"deal_price":1.12364,"order_price_open":null,"slippage_pips":null,"volume":0.00,"profit":0.00,"swap":0.00,"commission":0.00,"deal_time_broker":"2026-10-02 15:05:52","deal_time_broker_msc":1790953552000,"halted_at_receipt":false,"quarantined_at_receipt":false}
23,-1,1790953552792,scalp,SCALP_CLOSED,{"close_time":"2026-10-02T15:05:52Z","instrument":"EURUSD","direction":"SHORT","entry_price":1.12364,"exit_price":1.12273,"layer_depth":2,"stack_depth":3,"gross_pnl":0.91,"instance_id":"GRIND_EURUSD_OPTD","ejected":false,"rolled":false,"broker_utc_offset_s":10800,"account_login":53077984}
23,-1,1790953894653,ea_event,,{"type":"fill_log","seq":45,"ea_time_ms":97024531,"magic":22260201,"deal_ticket":800000044,"order_ticket":9037,"position_id":900000022,"entry_type":"IN","deal_type":"BUY","side":"L","layer_index":12,"role":"ENT","deal_price":1.12236,"order_price_open":null,"slippage_pips":null,"volume":0.00,"profit":0.00,"swap":0.00,"commission":0.00,"deal_time_broker":"2026-10-02 15:11:34","deal_time_broker_msc":1790953894000,"halted_at_receipt":false,"quarantined_at_receipt":false}
23,-1,1790954998421,ea_event,,{"type":"fill_log","seq":46,"ea_time_ms":97024578,"magic":22260201,"deal_ticket":800000045,"order_ticket":9040,"position_id":900000023,"entry_type":"IN","deal_type":"BUY","side":"L","layer_index":12,"role":"EXT","deal_price":1.12336,"order_price_open":null,"slippage_pips":null,"volume":0.00,"profit":0.00,"swap":0.00,"commission":0.00,"deal_time_broker":"2026-10-02 15:29:58","deal_time_broker_msc":1790954998000,"halted_at_receipt":false,"quarantined_at_receipt":false}
23,-1,1790954998860,ea_event,,{"type":"fill_log","seq":47,"ea_time_ms":97024578,"magic":22260201,"deal_ticket":800000046,"order_ticket":700000046,"position_id":900000022,"entry_type":"OUT_BY","deal_type":"SELL","side":null,"layer_index":null,"role":null,"deal_price":1.12336,"order_price_open":null,"slippage_pips":null,"volume":0.00,"profit":1.00,"swap":0.00,"commission":0.00,"deal_time_broker":"2026-10-02 15:29:58","deal_time_broker_msc":1790954998000,"halted_at_receipt":false,"quarantined_at_receipt":false}
23,-1,1790954998860,ea_event,,{"type":"fill_log","seq":48,"ea_time_ms":97024578,"magic":22260201,"deal_ticket":800000047,"order_ticket":700000046,"position_id":900000023,"entry_type":"OUT_BY","deal_type":"SELL","side":null,"layer_index":null,"role":null,"deal_price":1.12236,"order_price_open":null,"slippage_pips":null,"volume":0.00,"profit":0.00,"swap":0.00,"commission":0.00,"deal_time_broker":"2026-10-02 15:29:58","deal_time_broker_msc":1790954998000,"halted_at_receipt":false,"quarantined_at_receipt":false}
23,-1,1790954998860,scalp,SCALP_CLOSED,{"close_time":"2026-10-02T15:29:58Z","instrument":"EURUSD","direction":"LONG","entry_price":1.12236,"exit_price":1.12336,"layer_depth":12,"stack_depth":7,"gross_pnl":1.00,"instance_id":"GRIND_EURUSD_OPTD","ejected":false,"rolled":false,"broker_utc_offset_s":10800,"account_login":53077984}
23,-1,1790955002349,ea_event,,{"type":"fill_log","seq":49,"ea_time_ms":97024578,"magic":22260201,"deal_ticket":800000048,"order_ticket":9039,"position_id":900000024,"entry_type":"IN","deal_type":"SELL","side":"S","layer_index":2,"role":"ENT","deal_price":1.12573,"order_price_open":null,"slippage_pips":null,"volume":0.00,"profit":0.00,"swap":0.00,"commission":0.00,"deal_time_broker":"2026-10-02 15:30:02","deal_time_broker_msc":1790955002000,"halted_at_receipt":false,"quarantined_at_receipt":false}
23,-1,1790955002966,ea_event,,{"type":"fill_log","seq":50,"ea_time_ms":97024578,"magic":22260201,"deal_ticket":800000049,"order_ticket":9042,"position_id":900000025,"entry_type":"IN","deal_type":"BUY","side":"L","layer_index":11,"role":"EXT","deal_price":1.12573,"order_price_open":null,"slippage_pips":null,"volume":0.00,"profit":0.00,"swap":0.00,"commission":0.00,"deal_time_broker":"2026-10-02 15:30:02","deal_time_broker_msc":1790955002000,"halted_at_receipt":false,"quarantined_at_receipt":false}
23,-1,1790955003760,ea_event,,{"type":"fill_log","seq":51,"ea_time_ms":97024578,"magic":22260201,"deal_ticket":800000050,"order_ticket":700000050,"position_id":900000020,"entry_type":"OUT_BY","deal_type":"SELL","side":null,"layer_index":null,"role":null,"deal_price":1.12573,"order_price_open":null,"slippage_pips":null,"volume":0.00,"profit":2.65,"swap":0.00,"commission":0.00,"deal_time_broker":"2026-10-02 15:30:03","deal_time_broker_msc":1790955003000,"halted_at_receipt":false,"quarantined_at_receipt":false}
23,-1,1790955003760,ea_event,,{"type":"fill_log","seq":52,"ea_time_ms":97024578,"magic":22260201,"deal_ticket":800000051,"order_ticket":700000050,"position_id":900000025,"entry_type":"OUT_BY","deal_type":"SELL","side":null,"layer_index":null,"role":null,"deal_price":1.12308,"order_price_open":null,"slippage_pips":null,"volume":0.00,"profit":0.00,"swap":0.00,"commission":0.00,"deal_time_broker":"2026-10-02 15:30:03","deal_time_broker_msc":1790955003000,"halted_at_receipt":false,"quarantined_at_receipt":false}
23,-1,1790955003760,scalp,SCALP_CLOSED,{"close_time":"2026-10-02T15:30:03Z","instrument":"EURUSD","direction":"LONG","entry_price":1.12308,"exit_price":1.12573,"layer_depth":11,"stack_depth":6,"gross_pnl":2.65,"instance_id":"GRIND_EURUSD_OPTD","ejected":false,"rolled":false,"broker_utc_offset_s":10800,"account_login":53077984}
23,-1,1790955005757,ea_event,,{"type":"fill_log","seq":53,"ea_time_ms":97024578,"magic":22260201,"deal_ticket":800000052,"order_ticket":9046,"position_id":900000026,"entry_type":"IN","deal_type":"BUY","side":"L","layer_index":10,"role":"EXT","deal_price":1.12600,"order_price_open":null,"slippage_pips":null,"volume":0.00,"profit":0.00,"swap":0.00,"commission":0.00,"deal_time_broker":"2026-10-02 15:30:05","deal_time_broker_msc":1790955005000,"halted_at_receipt":false,"quarantined_at_receipt":false}
23,-1,1790955006966,ea_event,,{"type":"fill_log","seq":54,"ea_time_ms":97024578,"magic":22260201,"deal_ticket":800000053,"order_ticket":700000053,"position_id":900000014,"entry_type":"OUT_BY","deal_type":"SELL","side":null,"layer_index":null,"role":null,"deal_price":1.12600,"order_price_open":null,"slippage_pips":null,"volume":0.00,"profit":2.14,"swap":0.00,"commission":0.00,"deal_time_broker":"2026-10-02 15:30:06","deal_time_broker_msc":1790955006000,"halted_at_receipt":false,"quarantined_at_receipt":false}
23,-1,1790955006966,ea_event,,{"type":"fill_log","seq":55,"ea_time_ms":97024578,"magic":22260201,"deal_ticket":800000054,"order_ticket":700000053,"position_id":900000026,"entry_type":"OUT_BY","deal_type":"SELL","side":null,"layer_index":null,"role":null,"deal_price":1.12386,"order_price_open":null,"slippage_pips":null,"volume":0.00,"profit":0.00,"swap":0.00,"commission":0.00,"deal_time_broker":"2026-10-02 15:30:06","deal_time_broker_msc":1790955006000,"halted_at_receipt":false,"quarantined_at_receipt":false}
23,-1,1790955006966,scalp,SCALP_CLOSED,{"close_time":"2026-10-02T15:30:06Z","instrument":"EURUSD","direction":"LONG","entry_price":1.12386,"exit_price":1.12600,"layer_depth":10,"stack_depth":5,"gross_pnl":2.14,"instance_id":"GRIND_EURUSD_OPTD","ejected":false,"rolled":false,"broker_utc_offset_s":10800,"account_login":53077984}
23,-1,1790955010946,ea_event,,{"type":"fill_log","seq":56,"ea_time_ms":97024578,"magic":22260201,"deal_ticket":800000055,"order_ticket":9044,"position_id":900000027,"entry_type":"IN","deal_type":"SELL","side":"S","layer_index":2,"role":"EXT","deal_price":1.12469,"order_price_open":null,"slippage_pips":null,"volume":0.00,"profit":0.00,"swap":0.00,"commission":0.00,"deal_time_broker":"2026-10-02 15:30:10","deal_time_broker_msc":1790955010000,"halted_at_receipt":false,"quarantined_at_receipt":false}
23,-1,1790955011582,ea_event,,{"type":"fill_log","seq":57,"ea_time_ms":97024578,"magic":22260201,"deal_ticket":800000056,"order_ticket":700000056,"position_id":900000024,"entry_type":"OUT_BY","deal_type":"SELL","side":null,"layer_index":null,"role":null,"deal_price":1.12469,"order_price_open":null,"slippage_pips":null,"volume":0.00,"profit":1.04,"swap":0.00,"commission":0.00,"deal_time_broker":"2026-10-02 15:30:11","deal_time_broker_msc":1790955011000,"halted_at_receipt":false,"quarantined_at_receipt":false}
23,-1,1790955011582,ea_event,,{"type":"fill_log","seq":58,"ea_time_ms":97024578,"magic":22260201,"deal_ticket":800000057,"order_ticket":700000056,"position_id":900000027,"entry_type":"OUT_BY","deal_type":"SELL","side":null,"layer_index":null,"role":null,"deal_price":1.12573,"order_price_open":null,"slippage_pips":null,"volume":0.00,"profit":0.00,"swap":0.00,"commission":0.00,"deal_time_broker":"2026-10-02 15:30:11","deal_time_broker_msc":1790955011000,"halted_at_receipt":false,"quarantined_at_receipt":false}
23,-1,1790955011582,scalp,SCALP_CLOSED,{"close_time":"2026-10-02T15:30:11Z","instrument":"EURUSD","direction":"SHORT","entry_price":1.12573,"exit_price":1.12469,"layer_depth":2,"stack_depth":3,"gross_pnl":1.04,"instance_id":"GRIND_EURUSD_OPTD","ejected":false,"rolled":false,"broker_utc_offset_s":10800,"account_login":53077984}
23,-1,1790955014358,ea_event,,{"type":"fill_log","seq":59,"ea_time_ms":97024578,"magic":22260201,"deal_ticket":800000058,"order_ticket":9051,"position_id":900000028,"entry_type":"IN","deal_type":"SELL","side":"S","layer_index":2,"role":"ENT","deal_price":1.12455,"order_price_open":null,"slippage_pips":null,"volume":0.00,"profit":0.00,"swap":0.00,"commission":0.00,"deal_time_broker":"2026-10-02 15:30:14","deal_time_broker_msc":1790955014000,"halted_at_receipt":false,"quarantined_at_receipt":false}
23,-1,1790955075764,ea_event,,{"type":"fill_log","seq":60,"ea_time_ms":97024593,"magic":22260201,"deal_ticket":800000059,"order_ticket":9053,"position_id":900000029,"entry_type":"IN","deal_type":"SELL","side":"S","layer_index":3,"role":"ENT","deal_price":1.12532,"order_price_open":null,"slippage_pips":null,"volume":0.00,"profit":0.00,"swap":0.00,"commission":0.00,"deal_time_broker":"2026-10-02 15:31:15","deal_time_broker_msc":1790955075000,"halted_at_receipt":false,"quarantined_at_receipt":false}
23,-1,1790955215506,ea_event,,{"type":"fill_log","seq":61,"ea_time_ms":97024593,"magic":22260201,"deal_ticket":800000060,"order_ticket":9054,"position_id":900000030,"entry_type":"IN","deal_type":"SELL","side":"S","layer_index":3,"role":"EXT","deal_price":1.12437,"order_price_open":null,"slippage_pips":null,"volume":0.00,"profit":0.00,"swap":0.00,"commission":0.00,"deal_time_broker":"2026-10-02 15:33:35","deal_time_broker_msc":1790955215000,"halted_at_receipt":false,"quarantined_at_receipt":false}
23,-1,1790955215942,ea_event,,{"type":"fill_log","seq":62,"ea_time_ms":97024593,"magic":22260201,"deal_ticket":800000061,"order_ticket":700000061,"position_id":900000029,"entry_type":"OUT_BY","deal_type":"SELL","side":null,"layer_index":null,"role":null,"deal_price":1.12437,"order_price_open":null,"slippage_pips":null,"volume":0.00,"profit":0.95,"swap":0.00,"commission":0.00,"deal_time_broker":"2026-10-02 15:33:35","deal_time_broker_msc":1790955215000,"halted_at_receipt":false,"quarantined_at_receipt":false}
23,-1,1790955215942,ea_event,,{"type":"fill_log","seq":63,"ea_time_ms":97024593,"magic":22260201,"deal_ticket":800000062,"order_ticket":700000061,"position_id":900000030,"entry_type":"OUT_BY","deal_type":"SELL","side":null,"layer_index":null,"role":null,"deal_price":1.12532,"order_price_open":null,"slippage_pips":null,"volume":0.00,"profit":0.00,"swap":0.00,"commission":0.00,"deal_time_broker":"2026-10-02 15:33:35","deal_time_broker_msc":1790955215000,"halted_at_receipt":false,"quarantined_at_receipt":false}
23,-1,1790955215942,scalp,SCALP_CLOSED,{"close_time":"2026-10-02T15:33:35Z","instrument":"EURUSD","direction":"SHORT","entry_price":1.12532,"exit_price":1.12437,"layer_depth":3,"stack_depth":4,"gross_pnl":0.95,"instance_id":"GRIND_EURUSD_OPTD","ejected":false,"rolled":false,"broker_utc_offset_s":10800,"account_login":53077984}
23,-1,1790955769637,ea_event,,{"type":"fill_log","seq":64,"ea_time_ms":97024640,"magic":22260201,"deal_ticket":800000063,"order_ticket":9049,"position_id":900000031,"entry_type":"IN","deal_type":"BUY","side":"L","layer_index":10,"role":"ENT","deal_price":1.12388,"order_price_open":null,"slippage_pips":null,"volume":0.00,"profit":0.00,"swap":0.00,"commission":0.00,"deal_time_broker":"2026-10-02 15:42:49","deal_time_broker_msc":1790955769000,"halted_at_receipt":false,"quarantined_at_receipt":false}
23,-1,1790956165786,ea_event,,{"type":"fill_log","seq":65,"ea_time_ms":97024671,"magic":22260201,"deal_ticket":800000064,"order_ticket":9058,"position_id":900000032,"entry_type":"IN","deal_type":"BUY","side":"L","layer_index":10,"role":"EXT","deal_price":1.12483,"order_price_open":null,"slippage_pips":null,"volume":0.00,"profit":0.00,"swap":0.00,"commission":0.00,"deal_time_broker":"2026-10-02 15:49:25","deal_time_broker_msc":1790956165000,"halted_at_receipt":false,"quarantined_at_receipt":false}
23,-1,1790956166622,ea_event,,{"type":"fill_log","seq":66,"ea_time_ms":97024671,"magic":22260201,"deal_ticket":800000065,"order_ticket":700000065,"position_id":900000031,"entry_type":"OUT_BY","deal_type":"SELL","side":null,"layer_index":null,"role":null,"deal_price":1.12483,"order_price_open":null,"slippage_pips":null,"volume":0.00,"profit":0.95,"swap":0.00,"commission":0.00,"deal_time_broker":"2026-10-02 15:49:26","deal_time_broker_msc":1790956166000,"halted_at_receipt":false,"quarantined_at_receipt":false}
23,-1,1790956166622,ea_event,,{"type":"fill_log","seq":67,"ea_time_ms":97024671,"magic":22260201,"deal_ticket":800000066,"order_ticket":700000065,"position_id":900000032,"entry_type":"OUT_BY","deal_type":"SELL","side":null,"layer_index":null,"role":null,"deal_price":1.12388,"order_price_open":null,"slippage_pips":null,"volume":0.00,"profit":0.00,"swap":0.00,"commission":0.00,"deal_time_broker":"2026-10-02 15:49:26","deal_time_broker_msc":1790956166000,"halted_at_receipt":false,"quarantined_at_receipt":false}
23,-1,1790956166622,scalp,SCALP_CLOSED,{"close_time":"2026-10-02T15:49:26Z","instrument":"EURUSD","direction":"LONG","entry_price":1.12388,"exit_price":1.12483,"layer_depth":10,"stack_depth":5,"gross_pnl":0.95,"instance_id":"GRIND_EURUSD_OPTD","ejected":false,"rolled":false,"broker_utc_offset_s":10800,"account_login":53077984}
23,-1,1790956236391,ea_event,,{"type":"fill_log","seq":68,"ea_time_ms":97024671,"magic":22260201,"deal_ticket":800000067,"order_ticket":9057,"position_id":900000033,"entry_type":"IN","deal_type":"SELL","side":"S","layer_index":3,"role":"ENT","deal_price":1.12528,"order_price_open":null,"slippage_pips":null,"volume":0.00,"profit":0.00,"swap":0.00,"commission":0.00,"deal_time_broker":"2026-10-02 15:50:36","deal_time_broker_msc":1790956236000,"halted_at_receipt":false,"quarantined_at_receipt":false}
23,-1,1790956456609,ea_event,,{"type":"fill_log","seq":69,"ea_time_ms":97024687,"magic":22260201,"deal_ticket":800000068,"order_ticket":9060,"position_id":900000034,"entry_type":"IN","deal_type":"BUY","side":"L","layer_index":9,"role":"EXT","deal_price":1.12559,"order_price_open":null,"slippage_pips":null,"volume":0.00,"profit":0.00,"swap":0.00,"commission":0.00,"deal_time_broker":"2026-10-02 15:54:16","deal_time_broker_msc":1790956456000,"halted_at_receipt":false,"quarantined_at_receipt":false}
23,-1,1790956457047,ea_event,,{"type":"fill_log","seq":70,"ea_time_ms":97024687,"magic":22260201,"deal_ticket":800000069,"order_ticket":700000069,"position_id":900000012,"entry_type":"OUT_BY","deal_type":"SELL","side":null,"layer_index":null,"role":null,"deal_price":1.12559,"order_price_open":null,"slippage_pips":null,"volume":0.00,"profit":1.01,"swap":0.00,"commission":0.00,"deal_time_broker":"2026-10-02 15:54:17","deal_time_broker_msc":1790956457000,"halted_at_receipt":false,"quarantined_at_receipt":false}
23,-1,1790956457047,ea_event,,{"type":"fill_log","seq":71,"ea_time_ms":97024687,"magic":22260201,"deal_ticket":800000070,"order_ticket":700000069,"position_id":900000034,"entry_type":"OUT_BY","deal_type":"SELL","side":null,"layer_index":null,"role":null,"deal_price":1.12458,"order_price_open":null,"slippage_pips":null,"volume":0.00,"profit":0.00,"swap":0.00,"commission":0.00,"deal_time_broker":"2026-10-02 15:54:17","deal_time_broker_msc":1790956457000,"halted_at_receipt":false,"quarantined_at_receipt":false}
23,-1,1790956457047,scalp,SCALP_CLOSED,{"close_time":"2026-10-02T15:54:17Z","instrument":"EURUSD","direction":"LONG","entry_price":1.12458,"exit_price":1.12559,"layer_depth":9,"stack_depth":4,"gross_pnl":1.01,"instance_id":"GRIND_EURUSD_OPTD","ejected":false,"rolled":false,"broker_utc_offset_s":10800,"account_login":53077984}
23,-1,1790956517917,ea_event,,{"type":"fill_log","seq":72,"ea_time_ms":97024687,"magic":22260201,"deal_ticket":800000071,"order_ticket":9063,"position_id":900000035,"entry_type":"IN","deal_type":"SELL","side":"S","layer_index":4,"role":"ENT","deal_price":1.12595,"order_price_open":null,"slippage_pips":null,"volume":0.00,"profit":0.00,"swap":0.00,"commission":0.00,"deal_time_broker":"2026-10-02 15:55:17","deal_time_broker_msc":1790956517000,"halted_at_receipt":false,"quarantined_at_receipt":false}
23,-1,1790956708601,ea_event,,{"type":"fill_log","seq":73,"ea_time_ms":97024703,"magic":22260201,"deal_ticket":800000072,"order_ticket":9064,"position_id":900000036,"entry_type":"IN","deal_type":"BUY","side":"L","layer_index":8,"role":"EXT","deal_price":1.12621,"order_price_open":null,"slippage_pips":null,"volume":0.00,"profit":0.00,"swap":0.00,"commission":0.00,"deal_time_broker":"2026-10-02 15:58:28","deal_time_broker_msc":1790956708000,"halted_at_receipt":false,"quarantined_at_receipt":false}
23,-1,1790956709438,ea_event,,{"type":"fill_log","seq":74,"ea_time_ms":97024703,"magic":22260201,"deal_ticket":800000073,"order_ticket":700000073,"position_id":900000010,"entry_type":"OUT_BY","deal_type":"SELL","side":null,"layer_index":null,"role":null,"deal_price":1.12621,"order_price_open":null,"slippage_pips":null,"volume":0.00,"profit":0.92,"swap":0.00,"commission":0.00,"deal_time_broker":"2026-10-02 15:58:29","deal_time_broker_msc":1790956709000,"halted_at_receipt":false,"quarantined_at_receipt":false}
23,-1,1790956709438,ea_event,,{"type":"fill_log","seq":75,"ea_time_ms":97024703,"magic":22260201,"deal_ticket":800000074,"order_ticket":700000073,"position_id":900000036,"entry_type":"OUT_BY","deal_type":"SELL","side":null,"layer_index":null,"role":null,"deal_price":1.12529,"order_price_open":null,"slippage_pips":null,"volume":0.00,"profit":0.00,"swap":0.00,"commission":0.00,"deal_time_broker":"2026-10-02 15:58:29","deal_time_broker_msc":1790956709000,"halted_at_receipt":false,"quarantined_at_receipt":false}
23,-1,1790956709438,scalp,SCALP_CLOSED,{"close_time":"2026-10-02T15:58:29Z","instrument":"EURUSD","direction":"LONG","entry_price":1.12529,"exit_price":1.12621,"layer_depth":8,"stack_depth":3,"gross_pnl":0.92,"instance_id":"GRIND_EURUSD_OPTD","ejected":false,"rolled":false,"broker_utc_offset_s":10800,"account_login":53077984}
23,-1,1790957243339,ea_event,,{"type":"fill_log","seq":76,"ea_time_ms":97024734,"magic":22260201,"deal_ticket":800000075,"order_ticket":9069,"position_id":900000037,"entry_type":"IN","deal_type":"BUY","side":"L","layer_index":8,"role":"ENT","deal_price":1.12532,"order_price_open":null,"slippage_pips":null,"volume":0.00,"profit":0.00,"swap":0.00,"commission":0.00,"deal_time_broker":"2026-10-02 16:07:23","deal_time_broker_msc":1790957243000,"halted_at_receipt":false,"quarantined_at_receipt":false}
23,-1,1790957384747,ea_event,,{"type":"fill_log","seq":77,"ea_time_ms":97024750,"magic":22260201,"deal_ticket":800000076,"order_ticket":9066,"position_id":900000038,"entry_type":"IN","deal_type":"SELL","side":"S","layer_index":4,"role":"EXT","deal_price":1.12503,"order_price_open":null,"slippage_pips":null,"volume":0.00,"profit":0.00,"swap":0.00,"commission":0.00,"deal_time_broker":"2026-10-02 16:09:44","deal_time_broker_msc":1790957384000,"halted_at_receipt":false,"quarantined_at_receipt":false}
23,-1,1790957385786,ea_event,,{"type":"fill_log","seq":78,"ea_time_ms":97024750,"magic":22260201,"deal_ticket":800000077,"order_ticket":700000077,"position_id":900000035,"entry_type":"OUT_BY","deal_type":"SELL","side":null,"layer_index":null,"role":null,"deal_price":1.12503,"order_price_open":null,"slippage_pips":null,"volume":0.00,"profit":0.92,"swap":0.00,"commission":0.00,"deal_time_broker":"2026-10-02 16:09:45","deal_time_broker_msc":1790957385000,"halted_at_receipt":false,"quarantined_at_receipt":false}
23,-1,1790957385786,ea_event,,{"type":"fill_log","seq":79,"ea_time_ms":97024750,"magic":22260201,"deal_ticket":800000078,"order_ticket":700000077,"position_id":900000038,"entry_type":"OUT_BY","deal_type":"SELL","side":null,"layer_index":null,"role":null,"deal_price":1.12595,"order_price_open":null,"slippage_pips":null,"volume":0.00,"profit":0.00,"swap":0.00,"commission":0.00,"deal_time_broker":"2026-10-02 16:09:45","deal_time_broker_msc":1790957385000,"halted_at_receipt":false,"quarantined_at_receipt":false}
23,-1,1790957385786,scalp,SCALP_CLOSED,{"close_time":"2026-10-02T16:09:45Z","instrument":"EURUSD","direction":"SHORT","entry_price":1.12595,"exit_price":1.12503,"layer_depth":4,"stack_depth":5,"gross_pnl":0.92,"instance_id":"GRIND_EURUSD_OPTD","ejected":false,"rolled":false,"broker_utc_offset_s":10800,"account_login":53077984}
23,-1,1790957711461,ea_event,,{"type":"fill_log","seq":80,"ea_time_ms":97024765,"magic":22260201,"deal_ticket":800000079,"order_ticket":9071,"position_id":900000039,"entry_type":"IN","deal_type":"BUY","side":"L","layer_index":9,"role":"ENT","deal_price":1.12458,"order_price_open":null,"slippage_pips":null,"volume":0.00,"profit":0.00,"swap":0.00,"commission":0.00,"deal_time_broker":"2026-10-02 16:15:11","deal_time_broker_msc":1790957711000,"halted_at_receipt":false,"quarantined_at_receipt":false}
23,-1,1790958129495,ea_event,,{"type":"fill_log","seq":81,"ea_time_ms":97024781,"magic":22260201,"deal_ticket":800000080,"order_ticket":9072,"position_id":900000040,"entry_type":"IN","deal_type":"SELL","side":"S","layer_index":3,"role":"EXT","deal_price":1.12435,"order_price_open":null,"slippage_pips":null,"volume":0.00,"profit":0.00,"swap":0.00,"commission":0.00,"deal_time_broker":"2026-10-02 16:22:09","deal_time_broker_msc":1790958129000,"halted_at_receipt":false,"quarantined_at_receipt":false}
23,-1,1790958130129,ea_event,,{"type":"fill_log","seq":82,"ea_time_ms":97024781,"magic":22260201,"deal_ticket":800000081,"order_ticket":700000081,"position_id":900000033,"entry_type":"OUT_BY","deal_type":"SELL","side":null,"layer_index":null,"role":null,"deal_price":1.12435,"order_price_open":null,"slippage_pips":null,"volume":0.00,"profit":0.93,"swap":0.00,"commission":0.00,"deal_time_broker":"2026-10-02 16:22:10","deal_time_broker_msc":1790958130000,"halted_at_receipt":false,"quarantined_at_receipt":false}
23,-1,1790958130129,ea_event,,{"type":"fill_log","seq":83,"ea_time_ms":97024781,"magic":22260201,"deal_ticket":800000082,"order_ticket":700000081,"position_id":900000040,"entry_type":"OUT_BY","deal_type":"SELL","side":null,"layer_index":null,"role":null,"deal_price":1.12528,"order_price_open":null,"slippage_pips":null,"volume":0.00,"profit":0.00,"swap":0.00,"commission":0.00,"deal_time_broker":"2026-10-02 16:22:10","deal_time_broker_msc":1790958130000,"halted_at_receipt":false,"quarantined_at_receipt":false}
23,-1,1790958130129,scalp,SCALP_CLOSED,{"close_time":"2026-10-02T16:22:10Z","instrument":"EURUSD","direction":"SHORT","entry_price":1.12528,"exit_price":1.12435,"layer_depth":3,"stack_depth":4,"gross_pnl":0.93,"instance_id":"GRIND_EURUSD_OPTD","ejected":false,"rolled":false,"broker_utc_offset_s":10800,"account_login":53077984}
23,-1,1790958560995,ea_event,,{"type":"fill_log","seq":84,"ea_time_ms":97024796,"magic":22260201,"deal_ticket":800000083,"order_ticket":9077,"position_id":900000041,"entry_type":"IN","deal_type":"SELL","side":"S","layer_index":3,"role":"ENT","deal_price":1.12528,"order_price_open":null,"slippage_pips":null,"volume":0.00,"profit":0.00,"swap":0.00,"commission":0.00,"deal_time_broker":"2026-10-02 16:29:20","deal_time_broker_msc":1790958560000,"halted_at_receipt":false,"quarantined_at_receipt":false}
23,-1,1790959498039,ea_event,,{"type":"fill_log","seq":85,"ea_time_ms":97024859,"magic":22260201,"deal_ticket":800000084,"order_ticket":9074,"position_id":900000042,"entry_type":"IN","deal_type":"BUY","side":"L","layer_index":9,"role":"EXT","deal_price":1.12556,"order_price_open":null,"slippage_pips":null,"volume":0.00,"profit":0.00,"swap":0.00,"commission":0.00,"deal_time_broker":"2026-10-02 16:44:58","deal_time_broker_msc":1790959498000,"halted_at_receipt":false,"quarantined_at_receipt":false}
23,-1,1790959498477,ea_event,,{"type":"fill_log","seq":86,"ea_time_ms":97024859,"magic":22260201,"deal_ticket":800000085,"order_ticket":700000085,"position_id":900000039,"entry_type":"OUT_BY","deal_type":"SELL","side":null,"layer_index":null,"role":null,"deal_price":1.12556,"order_price_open":null,"slippage_pips":null,"volume":0.00,"profit":0.98,"swap":0.00,"commission":0.00,"deal_time_broker":"2026-10-02 16:44:58","deal_time_broker_msc":1790959498000,"halted_at_receipt":false,"quarantined_at_receipt":false}
23,-1,1790959498477,ea_event,,{"type":"fill_log","seq":87,"ea_time_ms":97024859,"magic":22260201,"deal_ticket":800000086,"order_ticket":700000085,"position_id":900000042,"entry_type":"OUT_BY","deal_type":"SELL","side":null,"layer_index":null,"role":null,"deal_price":1.12458,"order_price_open":null,"slippage_pips":null,"volume":0.00,"profit":0.00,"swap":0.00,"commission":0.00,"deal_time_broker":"2026-10-02 16:44:58","deal_time_broker_msc":1790959498000,"halted_at_receipt":false,"quarantined_at_receipt":false}
23,-1,1790959498477,scalp,SCALP_CLOSED,{"close_time":"2026-10-02T16:44:58Z","instrument":"EURUSD","direction":"LONG","entry_price":1.12458,"exit_price":1.12556,"layer_depth":9,"stack_depth":4,"gross_pnl":0.98,"instance_id":"GRIND_EURUSD_OPTD","ejected":false,"rolled":false,"broker_utc_offset_s":10800,"account_login":53077984}
23,-1,1790959636407,ea_event,,{"type":"fill_log","seq":88,"ea_time_ms":97024859,"magic":22260201,"deal_ticket":800000087,"order_ticket":9079,"position_id":900000043,"entry_type":"IN","deal_type":"SELL","side":"S","layer_index":4,"role":"ENT","deal_price":1.12599,"order_price_open":null,"slippage_pips":null,"volume":0.00,"profit":0.00,"swap":0.00,"commission":0.00,"deal_time_broker":"2026-10-02 16:47:16","deal_time_broker_msc":1790959636000,"halted_at_receipt":false,"quarantined_at_receipt":false}
23,-1,1790959760779,ea_event,,{"type":"fill_log","seq":89,"ea_time_ms":97024875,"magic":22260201,"deal_ticket":800000088,"order_ticket":9080,"position_id":900000044,"entry_type":"IN","deal_type":"BUY","side":"L","layer_index":8,"role":"EXT","deal_price":1.12626,"order_price_open":null,"slippage_pips":null,"volume":0.00,"profit":0.00,"swap":0.00,"commission":0.00,"deal_time_broker":"2026-10-02 16:49:20","deal_time_broker_msc":1790959760000,"halted_at_receipt":false,"quarantined_at_receipt":false}
23,-1,1790959761211,ea_event,,{"type":"fill_log","seq":90,"ea_time_ms":97024875,"magic":22260201,"deal_ticket":800000089,"order_ticket":700000089,"position_id":900000037,"entry_type":"OUT_BY","deal_type":"SELL","side":null,"layer_index":null,"role":null,"deal_price":1.12626,"order_price_open":null,"slippage_pips":null,"volume":0.00,"profit":0.94,"swap":0.00,"commission":0.00,"deal_time_broker":"2026-10-02 16:49:21","deal_time_broker_msc":1790959761000,"halted_at_receipt":false,"quarantined_at_receipt":false}
23,-1,1790959761211,ea_event,,{"type":"fill_log","seq":91,"ea_time_ms":97024875,"magic":22260201,"deal_ticket":800000090,"order_ticket":700000089,"position_id":900000044,"entry_type":"OUT_BY","deal_type":"SELL","side":null,"layer_index":null,"role":null,"deal_price":1.12532,"order_price_open":null,"slippage_pips":null,"volume":0.00,"profit":0.00,"swap":0.00,"commission":0.00,"deal_time_broker":"2026-10-02 16:49:21","deal_time_broker_msc":1790959761000,"halted_at_receipt":false,"quarantined_at_receipt":false}
23,-1,1790959761211,scalp,SCALP_CLOSED,{"close_time":"2026-10-02T16:49:21Z","instrument":"EURUSD","direction":"LONG","entry_price":1.12532,"exit_price":1.12626,"layer_depth":8,"stack_depth":3,"gross_pnl":0.94,"instance_id":"GRIND_EURUSD_OPTD","ejected":false,"rolled":false,"broker_utc_offset_s":10800,"account_login":53077984}
23,-1,1790959838533,ea_event,,{"type":"fill_log","seq":92,"ea_time_ms":97024875,"magic":22260201,"deal_ticket":800000091,"order_ticket":9083,"position_id":900000045,"entry_type":"IN","deal_type":"SELL","side":"S","layer_index":5,"role":"ENT","deal_price":1.12674,"order_price_open":null,"slippage_pips":null,"volume":0.00,"profit":0.00,"swap":0.00,"commission":0.00,"deal_time_broker":"2026-10-02 16:50:38","deal_time_broker_msc":1790959838000,"halted_at_receipt":false,"quarantined_at_receipt":false}
23,-1,1790960263446,ea_event,,{"type":"fill_log","seq":93,"ea_time_ms":97024890,"magic":22260201,"deal_ticket":800000092,"order_ticket":9084,"position_id":900000046,"entry_type":"IN","deal_type":"BUY","side":"L","layer_index":0,"role":"EXT","deal_price":1.12717,"order_price_open":null,"slippage_pips":null,"volume":0.00,"profit":0.00,"swap":0.00,"commission":0.00,"deal_time_broker":"2026-10-02 16:57:43","deal_time_broker_msc":1790960263000,"halted_at_receipt":false,"quarantined_at_receipt":false}
23,-1,1790960263881,ea_event,,{"type":"fill_log","seq":94,"ea_time_ms":97024890,"magic":22260201,"deal_ticket":800000093,"order_ticket":700000093,"position_id":1978117494,"entry_type":"OUT_BY","deal_type":"SELL","side":null,"layer_index":null,"role":null,"deal_price":1.12717,"order_price_open":null,"slippage_pips":null,"volume":0.00,"profit":-4.54,"swap":-0.08,"commission":0.00,"deal_time_broker":"2026-10-02 16:57:43","deal_time_broker_msc":1790960263000,"halted_at_receipt":false,"quarantined_at_receipt":false}
23,-1,1790960263881,ea_event,ROLL_FILLED,{"type":"ea_event","seq":95,"ea_time_ms":97024890,"magic":null,"level":"INFO","code":"ROLL_FILLED","reason":null,"ticket":1978117494,"detail":{"ticket":1978117494,"level":1.12602}}
23,-1,1790960263881,ea_event,,{"type":"fill_log","seq":96,"ea_time_ms":97024890,"magic":22260201,"deal_ticket":800000094,"order_ticket":700000093,"position_id":900000046,"entry_type":"OUT_BY","deal_type":"SELL","side":null,"layer_index":null,"role":null,"deal_price":1.13171,"order_price_open":null,"slippage_pips":null,"volume":0.00,"profit":0.00,"swap":0.00,"commission":0.00,"deal_time_broker":"2026-10-02 16:57:43","deal_time_broker_msc":1790960263000,"halted_at_receipt":false,"quarantined_at_receipt":false}
23,-1,1790960263881,scalp,SCALP_CLOSED,{"close_time":"2026-10-02T16:57:43Z","instrument":"EURUSD","direction":"LONG","entry_price":1.13171,"exit_price":1.12717,"layer_depth":0,"stack_depth":2,"gross_pnl":-4.62,"instance_id":"GRIND_EURUSD_OPTD","ejected":false,"rolled":true,"broker_utc_offset_s":10800,"account_login":53077984}
23,-1,1790960283302,ea_event,,{"type":"fill_log","seq":97,"ea_time_ms":97024906,"magic":22260201,"deal_ticket":800000095,"order_ticket":9087,"position_id":900000047,"entry_type":"IN","deal_type":"SELL","side":"S","layer_index":6,"role":"ENT","deal_price":1.12743,"order_price_open":null,"slippage_pips":null,"volume":0.00,"profit":0.00,"swap":0.00,"commission":0.00,"deal_time_broker":"2026-10-02 16:58:03","deal_time_broker_msc":1790960283000,"halted_at_receipt":false,"quarantined_at_receipt":false}
23,-1,1790960626980,ea_event,,{"type":"fill_log","seq":98,"ea_time_ms":97024921,"magic":22260201,"deal_ticket":800000096,"order_ticket":1980342588,"position_id":900000048,"entry_type":"IN","deal_type":"BUY","side":"L","layer_index":7,"role":"EXT","deal_price":1.12772,"order_price_open":null,"slippage_pips":null,"volume":0.00,"profit":0.00,"swap":0.00,"commission":0.00,"deal_time_broker":"2026-10-02 17:03:46","deal_time_broker_msc":1790960626000,"halted_at_receipt":false,"quarantined_at_receipt":false}
23,-1,1790960627811,ea_event,,{"type":"fill_log","seq":99,"ea_time_ms":97024921,"magic":22260201,"deal_ticket":800000097,"order_ticket":700000097,"position_id":1979871646,"entry_type":"OUT_BY","deal_type":"SELL","side":null,"layer_index":null,"role":null,"deal_price":1.12772,"order_price_open":null,"slippage_pips":null,"volume":0.00,"profit":1.00,"swap":-0.08,"commission":0.00,"deal_time_broker":"2026-10-02 17:03:47","deal_time_broker_msc":1790960627000,"halted_at_receipt":false,"quarantined_at_receipt":false}
23,-1,1790960627811,ea_event,,{"type":"fill_log","seq":100,"ea_time_ms":97024921,"magic":22260201,"deal_ticket":800000098,"order_ticket":700000097,"position_id":900000048,"entry_type":"OUT_BY","deal_type":"SELL","side":null,"layer_index":null,"role":null,"deal_price":1.12672,"order_price_open":null,"slippage_pips":null,"volume":0.00,"profit":0.00,"swap":0.00,"commission":0.00,"deal_time_broker":"2026-10-02 17:03:47","deal_time_broker_msc":1790960627000,"halted_at_receipt":false,"quarantined_at_receipt":false}
23,-1,1790960627811,scalp,SCALP_CLOSED,{"close_time":"2026-10-02T17:03:47Z","instrument":"EURUSD","direction":"LONG","entry_price":1.12672,"exit_price":1.12772,"layer_depth":7,"stack_depth":1,"gross_pnl":0.92,"instance_id":"GRIND_EURUSD_OPTD","ejected":false,"rolled":false,"broker_utc_offset_s":10800,"account_login":53077984}
23,-1,1790960701289,ea_event,,{"type":"fill_log","seq":101,"ea_time_ms":97024921,"magic":22260201,"deal_ticket":800000099,"order_ticket":9089,"position_id":900000049,"entry_type":"IN","deal_type":"SELL","side":"S","layer_index":7,"role":"ENT","deal_price":1.12822,"order_price_open":null,"slippage_pips":null,"volume":0.00,"profit":0.00,"swap":0.00,"commission":0.00,"deal_time_broker":"2026-10-02 17:05:01","deal_time_broker_msc":1790960701000,"halted_at_receipt":false,"quarantined_at_receipt":false}
24,-1,1790963603337,ea_event,,{"type":"fill_log","seq":0,"ea_time_ms":97025406,"magic":22260201,"deal_ticket":800000001,"order_ticket":1980417634,"position_id":900000001,"entry_type":"IN","deal_type":"SELL","side":"S","layer_index":0,"role":"EXT","deal_price":1.12731,"order_price_open":null,"slippage_pips":null,"volume":0.00,"profit":0.00,"swap":0.00,"commission":0.00,"deal_time_broker":"2026-10-02 17:53:23","deal_time_broker_msc":1790963603000,"halted_at_receipt":false,"quarantined_at_receipt":false}
24,-1,1790963603975,ea_event,,{"type":"fill_log","seq":1,"ea_time_ms":97025406,"magic":22260201,"deal_ticket":800000002,"order_ticket":700000002,"position_id":1980296061,"entry_type":"OUT_BY","deal_type":"SELL","side":null,"layer_index":null,"role":null,"deal_price":1.12731,"order_price_open":null,"slippage_pips":null,"volume":0.00,"profit":-5.05,"swap":0.01,"commission":0.00,"deal_time_broker":"2026-10-02 17:53:23","deal_time_broker_msc":1790963603000,"halted_at_receipt":false,"quarantined_at_receipt":false}
24,-1,1790963603975,ea_event,ROLL_FILLED,{"type":"ea_event","seq":2,"ea_time_ms":97025406,"magic":null,"level":"INFO","code":"ROLL_FILLED","reason":null,"ticket":1980296061,"detail":{"ticket":1980296061,"level":1.12821}}
24,-1,1790963603975,ea_event,,{"type":"fill_log","seq":3,"ea_time_ms":97025406,"magic":22260201,"deal_ticket":800000003,"order_ticket":700000002,"position_id":900000001,"entry_type":"OUT_BY","deal_type":"SELL","side":null,"layer_index":null,"role":null,"deal_price":1.12226,"order_price_open":null,"slippage_pips":null,"volume":0.00,"profit":0.00,"swap":0.00,"commission":0.00,"deal_time_broker":"2026-10-02 17:53:23","deal_time_broker_msc":1790963603000,"halted_at_receipt":false,"quarantined_at_receipt":false}
24,-1,1790963603975,scalp,SCALP_CLOSED,{"close_time":"2026-10-02T17:53:23Z","instrument":"EURUSD","direction":"SHORT","entry_price":1.12226,"exit_price":1.12731,"layer_depth":0,"stack_depth":8,"gross_pnl":-5.04,"instance_id":"GRIND_EURUSD_OPTD","ejected":false,"rolled":true,"broker_utc_offset_s":10800,"account_login":53077984}
24,-1,1790964246372,ea_event,,{"type":"fill_log","seq":4,"ea_time_ms":97025421,"magic":22260201,"deal_ticket":800000004,"order_ticket":1983447937,"position_id":900000002,"entry_type":"IN","deal_type":"BUY","side":"L","layer_index":1,"role":"ENT","deal_price":1.12709,"order_price_open":null,"slippage_pips":null,"volume":0.00,"profit":0.00,"swap":0.00,"commission":0.00,"deal_time_broker":"2026-10-02 18:04:06","deal_time_broker_msc":1790964246000,"halted_at_receipt":false,"quarantined_at_receipt":false}
24,-1,1790964466671,ea_event,,{"type":"fill_log","seq":5,"ea_time_ms":97025437,"magic":22260201,"deal_ticket":800000005,"order_ticket":9000,"position_id":900000003,"entry_type":"IN","deal_type":"SELL","side":"S","layer_index":7,"role":"EXT","deal_price":1.12657,"order_price_open":null,"slippage_pips":null,"volume":0.00,"profit":0.00,"swap":0.00,"commission":0.00,"deal_time_broker":"2026-10-02 18:07:46","deal_time_broker_msc":1790964466000,"halted_at_receipt":false,"quarantined_at_receipt":false}
24,-1,1790964467701,ea_event,,{"type":"fill_log","seq":6,"ea_time_ms":97025437,"magic":22260201,"deal_ticket":800000006,"order_ticket":700000006,"position_id":1983316665,"entry_type":"OUT_BY","deal_type":"SELL","side":null,"layer_index":null,"role":null,"deal_price":1.12657,"order_price_open":null,"slippage_pips":null,"volume":0.00,"profit":0.94,"swap":0.00,"commission":0.00,"deal_time_broker":"2026-10-02 18:07:47","deal_time_broker_msc":1790964467000,"halted_at_receipt":false,"quarantined_at_receipt":false}
24,-1,1790964467701,ea_event,,{"type":"fill_log","seq":7,"ea_time_ms":97025437,"magic":22260201,"deal_ticket":800000007,"order_ticket":700000006,"position_id":900000003,"entry_type":"OUT_BY","deal_type":"SELL","side":null,"layer_index":null,"role":null,"deal_price":1.12751,"order_price_open":null,"slippage_pips":null,"volume":0.00,"profit":0.00,"swap":0.00,"commission":0.00,"deal_time_broker":"2026-10-02 18:07:47","deal_time_broker_msc":1790964467000,"halted_at_receipt":false,"quarantined_at_receipt":false}
24,-1,1790964467701,scalp,SCALP_CLOSED,{"close_time":"2026-10-02T18:07:47Z","instrument":"EURUSD","direction":"SHORT","entry_price":1.12751,"exit_price":1.12657,"layer_depth":7,"stack_depth":7,"gross_pnl":0.94,"instance_id":"GRIND_EURUSD_OPTD","ejected":false,"rolled":false,"broker_utc_offset_s":10800,"account_login":53077984}
24,-1,1790964934390,ea_event,,{"type":"fill_log","seq":8,"ea_time_ms":97025453,"magic":22260201,"deal_ticket":800000008,"order_ticket":9003,"position_id":900000004,"entry_type":"IN","deal_type":"BUY","side":"L","layer_index":2,"role":"ENT","deal_price":1.12638,"order_price_open":null,"slippage_pips":null,"volume":0.00,"profit":0.00,"swap":0.00,"commission":0.00,"deal_time_broker":"2026-10-02 18:15:34","deal_time_broker_msc":1790964934000,"halted_at_receipt":false,"quarantined_at_receipt":false}
24,-1,1790965460821,ea_event,,{"type":"fill_log","seq":9,"ea_time_ms":97025468,"magic":22260201,"deal_ticket":800000009,"order_ticket":9004,"position_id":900000005,"entry_type":"IN","deal_type":"SELL","side":"S","layer_index":6,"role":"EXT","deal_price":1.12587,"order_price_open":null,"slippage_pips":null,"volume":0.00,"profit":0.00,"swap":0.00,"commission":0.00,"deal_time_broker":"2026-10-02 18:24:20","deal_time_broker_msc":1790965460000,"halted_at_receipt":false,"quarantined_at_receipt":false}
24,-1,1790965462659,ea_event,,{"type":"fill_log","seq":10,"ea_time_ms":97025468,"magic":22260201,"deal_ticket":800000010,"order_ticket":700000010,"position_id":1983299144,"entry_type":"OUT_BY","deal_type":"SELL","side":null,"layer_index":null,"role":null,"deal_price":1.12587,"order_price_open":null,"slippage_pips":null,"volume":0.00,"profit":0.91,"swap":0.00,"commission":0.00,"deal_time_broker":"2026-10-02 18:24:22","deal_time_broker_msc":1790965462000,"halted_at_receipt":false,"quarantined_at_receipt":false}
24,-1,1790965462659,ea_event,,{"type":"fill_log","seq":11,"ea_time_ms":97025468,"magic":22260201,"deal_ticket":800000011,"order_ticket":700000010,"position_id":900000005,"entry_type":"OUT_BY","deal_type":"SELL","side":null,"layer_index":null,"role":null,"deal_price":1.12678,"order_price_open":null,"slippage_pips":null,"volume":0.00,"profit":0.00,"swap":0.00,"commission":0.00,"deal_time_broker":"2026-10-02 18:24:22","deal_time_broker_msc":1790965462000,"halted_at_receipt":false,"quarantined_at_receipt":false}
24,-1,1790965462659,scalp,SCALP_CLOSED,{"close_time":"2026-10-02T18:24:22Z","instrument":"EURUSD","direction":"SHORT","entry_price":1.12678,"exit_price":1.12587,"layer_depth":6,"stack_depth":6,"gross_pnl":0.91,"instance_id":"GRIND_EURUSD_OPTD","ejected":false,"rolled":false,"broker_utc_offset_s":10800,"account_login":53077984}
24,-1,1790965481300,ea_event,,{"type":"fill_log","seq":12,"ea_time_ms":97025468,"magic":22260201,"deal_ticket":800000012,"order_ticket":9007,"position_id":900000006,"entry_type":"IN","deal_type":"BUY","side":"L","layer_index":3,"role":"ENT","deal_price":1.12567,"order_price_open":null,"slippage_pips":null,"volume":0.00,"profit":0.00,"swap":0.00,"commission":0.00,"deal_time_broker":"2026-10-02 18:24:41","deal_time_broker_msc":1790965481000,"halted_at_receipt":false,"quarantined_at_receipt":false}
24,-1,1790969081147,ea_event,,{"type":"fill_log","seq":13,"ea_time_ms":97025578,"magic":22260201,"deal_ticket":800000013,"order_ticket":9008,"position_id":900000007,"entry_type":"IN","deal_type":"SELL","side":"S","layer_index":5,"role":"EXT","deal_price":1.12516,"order_price_open":null,"slippage_pips":null,"volume":0.00,"profit":0.00,"swap":0.00,"commission":0.00,"deal_time_broker":"2026-10-02 19:24:41","deal_time_broker_msc":1790969081000,"halted_at_receipt":false,"quarantined_at_receipt":false}
24,-1,1790969081583,ea_event,,{"type":"fill_log","seq":14,"ea_time_ms":97025578,"magic":22260201,"deal_ticket":800000014,"order_ticket":700000014,"position_id":1983183406,"entry_type":"OUT_BY","deal_type":"SELL","side":null,"layer_index":null,"role":null,"deal_price":1.12516,"order_price_open":null,"slippage_pips":null,"volume":0.00,"profit":0.90,"swap":0.00,"commission":0.00,"deal_time_broker":"2026-10-02 19:24:41","deal_time_broker_msc":1790969081000,"halted_at_receipt":false,"quarantined_at_receipt":false}
24,-1,1790969081583,ea_event,,{"type":"fill_log","seq":15,"ea_time_ms":97025578,"magic":22260201,"deal_ticket":800000015,"order_ticket":700000014,"position_id":900000007,"entry_type":"OUT_BY","deal_type":"SELL","side":null,"layer_index":null,"role":null,"deal_price":1.12606,"order_price_open":null,"slippage_pips":null,"volume":0.00,"profit":0.00,"swap":0.00,"commission":0.00,"deal_time_broker":"2026-10-02 19:24:41","deal_time_broker_msc":1790969081000,"halted_at_receipt":false,"quarantined_at_receipt":false}
24,-1,1790969081583,scalp,SCALP_CLOSED,{"close_time":"2026-10-02T19:24:41Z","instrument":"EURUSD","direction":"SHORT","entry_price":1.12606,"exit_price":1.12516,"layer_depth":5,"stack_depth":5,"gross_pnl":0.90,"instance_id":"GRIND_EURUSD_OPTD","ejected":false,"rolled":false,"broker_utc_offset_s":10800,"account_login":53077984}
24,-1,1790970510820,ea_event,,{"type":"fill_log","seq":16,"ea_time_ms":97025609,"magic":22260201,"deal_ticket":800000016,"order_ticket":9013,"position_id":900000008,"entry_type":"IN","deal_type":"SELL","side":"S","layer_index":5,"role":"ENT","deal_price":1.12609,"order_price_open":null,"slippage_pips":null,"volume":0.00,"profit":0.00,"swap":0.00,"commission":0.00,"deal_time_broker":"2026-10-02 19:48:30","deal_time_broker_msc":1790970510000,"halted_at_receipt":false,"quarantined_at_receipt":false}
24,-1,1790972890703,ea_event,,{"type":"fill_log","seq":17,"ea_time_ms":97025671,"magic":22260201,"deal_ticket":800000017,"order_ticket":9014,"position_id":900000009,"entry_type":"IN","deal_type":"SELL","side":"S","layer_index":5,"role":"EXT","deal_price":1.12517,"order_price_open":null,"slippage_pips":null,"volume":0.00,"profit":0.00,"swap":0.00,"commission":0.00,"deal_time_broker":"2026-10-02 20:28:10","deal_time_broker_msc":1790972890000,"halted_at_receipt":false,"quarantined_at_receipt":false}
24,-1,1790972892145,ea_event,,{"type":"fill_log","seq":18,"ea_time_ms":97025671,"magic":22260201,"deal_ticket":800000018,"order_ticket":700000018,"position_id":900000008,"entry_type":"OUT_BY","deal_type":"SELL","side":null,"layer_index":null,"role":null,"deal_price":1.12517,"order_price_open":null,"slippage_pips":null,"volume":0.00,"profit":0.92,"swap":0.00,"commission":0.00,"deal_time_broker":"2026-10-02 20:28:12","deal_time_broker_msc":1790972892000,"halted_at_receipt":false,"quarantined_at_receipt":false}
24,-1,1790972892145,ea_event,,{"type":"fill_log","seq":19,"ea_time_ms":97025671,"magic":22260201,"deal_ticket":800000019,"order_ticket":700000018,"position_id":900000009,"entry_type":"OUT_BY","deal_type":"SELL","side":null,"layer_index":null,"role":null,"deal_price":1.12609,"order_price_open":null,"slippage_pips":null,"volume":0.00,"profit":0.00,"swap":0.00,"commission":0.00,"deal_time_broker":"2026-10-02 20:28:12","deal_time_broker_msc":1790972892000,"halted_at_receipt":false,"quarantined_at_receipt":false}
24,-1,1790972892145,scalp,SCALP_CLOSED,{"close_time":"2026-10-02T20:28:12Z","instrument":"EURUSD","direction":"SHORT","entry_price":1.12609,"exit_price":1.12517,"layer_depth":5,"stack_depth":5,"gross_pnl":0.92,"instance_id":"GRIND_EURUSD_OPTD","ejected":false,"rolled":false,"broker_utc_offset_s":10800,"account_login":53077984}
24,-1,1790978084067,ea_event,,{"type":"fill_log","seq":20,"ea_time_ms":97025750,"magic":22260201,"deal_ticket":800000020,"order_ticket":9011,"position_id":900000010,"entry_type":"IN","deal_type":"BUY","side":"L","layer_index":4,"role":"ENT","deal_price":1.12494,"order_price_open":null,"slippage_pips":null,"volume":0.00,"profit":0.00,"swap":0.00,"commission":0.00,"deal_time_broker":"2026-10-02 21:54:44","deal_time_broker_msc":1790978084000,"halted_at_receipt":false,"quarantined_at_receipt":false}
24,-1,1790979813676,ea_event,,{"type":"fill_log","seq":21,"ea_time_ms":97025781,"magic":22260201,"deal_ticket":800000021,"order_ticket":9018,"position_id":900000011,"entry_type":"IN","deal_type":"BUY","side":"L","layer_index":4,"role":"EXT","deal_price":1.12586,"order_price_open":null,"slippage_pips":null,"volume":0.00,"profit":0.00,"swap":0.00,"commission":0.00,"deal_time_broker":"2026-10-02 22:23:33","deal_time_broker_msc":1790979813000,"halted_at_receipt":false,"quarantined_at_receipt":false}
24,-1,1790979814519,ea_event,,{"type":"fill_log","seq":22,"ea_time_ms":97025781,"magic":22260201,"deal_ticket":800000022,"order_ticket":700000022,"position_id":900000010,"entry_type":"OUT_BY","deal_type":"SELL","side":null,"layer_index":null,"role":null,"deal_price":1.12586,"order_price_open":null,"slippage_pips":null,"volume":0.00,"profit":0.92,"swap":0.00,"commission":0.00,"deal_time_broker":"2026-10-02 22:23:34","deal_time_broker_msc":1790979814000,"halted_at_receipt":false,"quarantined_at_receipt":false}
24,-1,1790979814519,ea_event,,{"type":"fill_log","seq":23,"ea_time_ms":97025781,"magic":22260201,"deal_ticket":800000023,"order_ticket":700000022,"position_id":900000011,"entry_type":"OUT_BY","deal_type":"SELL","side":null,"layer_index":null,"role":null,"deal_price":1.12494,"order_price_open":null,"slippage_pips":null,"volume":0.00,"profit":0.00,"swap":0.00,"commission":0.00,"deal_time_broker":"2026-10-02 22:23:34","deal_time_broker_msc":1790979814000,"halted_at_receipt":false,"quarantined_at_receipt":false}
24,-1,1790979814519,scalp,SCALP_CLOSED,{"close_time":"2026-10-02T22:23:34Z","instrument":"EURUSD","direction":"LONG","entry_price":1.12494,"exit_price":1.12586,"layer_depth":4,"stack_depth":5,"gross_pnl":0.92,"instance_id":"GRIND_EURUSD_OPTD","ejected":false,"rolled":false,"broker_utc_offset_s":10800,"account_login":53077984}
24,-1,1790985000001,ea_event,CARRY_SNAPSHOT,{"type":"ea_event","seq":24,"ea_time_ms":97025843,"magic":null,"level":"INFO","code":"CARRY_SNAPSHOT","reason":"EURUSD","ticket":null,"detail":{"symbol":"EURUSD","swap_mode":1,"swap_long":-7.9900,"swap_short":1.3100,"multiplier":1,"day_of_week":5,"rollover3days":3,"digits":5,"point":0.00001000,"tick_value":1.00000000,"tick_size":0.00001000,"stops_level":0,"freeze_level":0,"long_pips":-0.799,"short_pips":0.131,"eligible_long":4,"eligible_short":4,"trade_mode_full":true,"mult_today":1,"mult_tomorrow":0,"accrued_swap_long":0.00,"accrued_swap_short":0.00}}
24,-1,1790985000001,ea_event,CARRY_EXIT_SHIFT,{"type":"ea_event","seq":25,"ea_time_ms":97025843,"magic":null,"level":"INFO","code":"CARRY_EXIT_SHIFT","reason":"EURUSD","ticket":null,"detail":{"position_ticket":1983404301,"side":"long","layer_index":0,"accrued_ledger_pips":0.000,"pending_pips":0.000,"accrued_pips_total":0.000,"old_price":1.12870,"new_price":1.12870,"clamped":false,"sign_guard_skipped":false,"retcode":10009,"points_native_pips":-0.799}}
24,-1,1790985060001,ea_event,CARRY_EXIT_SHIFT,{"type":"ea_event","seq":26,"ea_time_ms":97025843,"magic":null,"level":"INFO","code":"CARRY_EXIT_SHIFT","reason":"EURUSD","ticket":null,"detail":{"position_ticket":900000006,"side":"long","layer_index":3,"accrued_ledger_pips":0.000,"pending_pips":0.000,"accrued_pips_total":0.000,"old_price":1.12657,"new_price":1.12657,"clamped":false,"sign_guard_skipped":false,"retcode":10009,"points_native_pips":-0.799}}
24,-1,1790985120001,ea_event,CARRY_EXIT_SHIFT,{"type":"ea_event","seq":27,"ea_time_ms":97025843,"magic":null,"level":"INFO","code":"CARRY_EXIT_SHIFT","reason":"EURUSD","ticket":null,"detail":{"position_ticket":1980417777,"side":"short","layer_index":1,"accrued_ledger_pips":0.100,"pending_pips":0.000,"accrued_pips_total":0.100,"old_price":1.12204,"new_price":1.12204,"clamped":false,"sign_guard_skipped":false,"retcode":10009,"points_native_pips":0.131}}
24,-1,1790985180001,ea_event,CARRY_EXIT_SHIFT,{"type":"ea_event","seq":28,"ea_time_ms":97025843,"magic":null,"level":"INFO","code":"CARRY_EXIT_SHIFT","reason":"EURUSD","ticket":null,"detail":{"position_ticket":1983146289,"side":"short","layer_index":4,"accrued_ledger_pips":0.000,"pending_pips":0.000,"accrued_pips_total":0.000,"old_price":1.12445,"new_price":1.12445,"clamped":false,"sign_guard_skipped":false,"retcode":10009,"points_native_pips":0.131}}
24,-1,1790985180001,ea_event,CARRY_PASS_SUMMARY,{"type":"ea_event","seq":29,"ea_time_ms":97025843,"magic":null,"level":"INFO","code":"CARRY_PASS_SUMMARY","reason":"EURUSD","ticket":null,"detail":{"eligible":8,"shifted":4,"clamped":0,"skipped":0,"failed":0,"incomplete":false}}
24,-1,1791071400001,ea_event,CARRY_SNAPSHOT,{"type":"ea_event","seq":30,"ea_time_ms":97025906,"magic":null,"level":"INFO","code":"CARRY_SNAPSHOT","reason":"EURUSD","ticket":null,"detail":{"symbol":"EURUSD","swap_mode":1,"swap_long":-7.9900,"swap_short":1.3100,"multiplier":0,"day_of_week":6,"rollover3days":3,"digits":5,"point":0.00001000,"tick_value":1.00000000,"tick_size":0.00001000,"stops_level":0,"freeze_level":0,"long_pips":0.000,"short_pips":0.000,"eligible_long":4,"eligible_short":4,"trade_mode_full":true,"mult_today":0,"mult_tomorrow":0,"accrued_swap_long":0.00,"accrued_swap_short":0.00}}
24,-1,1791072000001,ea_event,CARRY_PASS_INCOMPLETE,{"type":"ea_event","seq":31,"ea_time_ms":97025906,"magic":null,"level":"INFO","code":"CARRY_PASS_INCOMPLETE","reason":"EURUSD","ticket":null,"detail":{"eligible":8,"shifted":0,"clamped":0,"skipped":0,"failed":0,"incomplete":true}}
24,-1,1791158400001,ea_event,CARRY_PASS_INCOMPLETE,{"type":"ea_event","seq":32,"ea_time_ms":97025953,"magic":null,"level":"INFO","code":"CARRY_PASS_INCOMPLETE","reason":"EURUSD","ticket":null,"detail":{"eligible":8,"shifted":0,"clamped":0,"skipped":0,"failed":0,"incomplete":true}}
24,-1,1791164992785,ea_event,,{"type":"fill_log","seq":33,"ea_time_ms":97025984,"magic":22260201,"deal_ticket":800000024,"order_ticket":9017,"position_id":900000012,"entry_type":"IN","deal_type":"SELL","side":"S","layer_index":5,"role":"ENT","deal_price":1.12606,"order_price_open":null,"slippage_pips":null,"volume":0.00,"profit":0.00,"swap":0.00,"commission":0.00,"deal_time_broker":"2026-10-05 01:49:52","deal_time_broker_msc":1791164992000,"halted_at_receipt":false,"quarantined_at_receipt":false}
24,-1,1791168416215,ea_event,,{"type":"fill_log","seq":34,"ea_time_ms":97026031,"magic":22260201,"deal_ticket":800000025,"order_ticket":9022,"position_id":900000013,"entry_type":"IN","deal_type":"SELL","side":"S","layer_index":5,"role":"EXT","deal_price":1.12514,"order_price_open":null,"slippage_pips":null,"volume":0.00,"profit":0.00,"swap":0.00,"commission":0.00,"deal_time_broker":"2026-10-05 02:46:56","deal_time_broker_msc":1791168416000,"halted_at_receipt":false,"quarantined_at_receipt":false}
24,-1,1791168419258,ea_event,,{"type":"fill_log","seq":35,"ea_time_ms":97026031,"magic":22260201,"deal_ticket":800000026,"order_ticket":700000026,"position_id":900000012,"entry_type":"OUT_BY","deal_type":"SELL","side":null,"layer_index":null,"role":null,"deal_price":1.12514,"order_price_open":null,"slippage_pips":null,"volume":0.00,"profit":0.92,"swap":0.00,"commission":0.00,"deal_time_broker":"2026-10-05 02:46:59","deal_time_broker_msc":1791168419000,"halted_at_receipt":false,"quarantined_at_receipt":false}
24,-1,1791168419258,ea_event,,{"type":"fill_log","seq":36,"ea_time_ms":97026031,"magic":22260201,"deal_ticket":800000027,"order_ticket":700000026,"position_id":900000013,"entry_type":"OUT_BY","deal_type":"SELL","side":null,"layer_index":null,"role":null,"deal_price":1.12606,"order_price_open":null,"slippage_pips":null,"volume":0.00,"profit":0.00,"swap":0.00,"commission":0.00,"deal_time_broker":"2026-10-05 02:46:59","deal_time_broker_msc":1791168419000,"halted_at_receipt":false,"quarantined_at_receipt":false}
24,-1,1791168419258,scalp,SCALP_CLOSED,{"close_time":"2026-10-05T02:46:59Z","instrument":"EURUSD","direction":"SHORT","entry_price":1.12606,"exit_price":1.12514,"layer_depth":5,"stack_depth":5,"gross_pnl":0.92,"instance_id":"GRIND_EURUSD_OPTD","ejected":false,"rolled":false,"broker_utc_offset_s":10800,"account_login":53077984}
24,-1,1791169984957,ea_event,,{"type":"fill_log","seq":37,"ea_time_ms":97026062,"magic":22260201,"deal_ticket":800000028,"order_ticket":9021,"position_id":900000014,"entry_type":"IN","deal_type":"BUY","side":"L","layer_index":4,"role":"ENT","deal_price":1.12496,"order_price_open":null,"slippage_pips":null,"volume":0.00,"profit":0.00,"swap":0.00,"commission":0.00,"deal_time_broker":"2026-10-05 03:13:04","deal_time_broker_msc":1791169984000,"halted_at_receipt":false,"quarantined_at_receipt":false}
24,-1,1791171947297,ea_event,,{"type":"fill_log","seq":38,"ea_time_ms":97026093,"magic":22260201,"deal_ticket":800000029,"order_ticket":9024,"position_id":900000015,"entry_type":"IN","deal_type":"SELL","side":"S","layer_index":4,"role":"EXT","deal_price":1.12444,"order_price_open":null,"slippage_pips":null,"volume":0.00,"profit":0.00,"swap":0.00,"commission":0.00,"deal_time_broker":"2026-10-05 03:45:47","deal_time_broker_msc":1791171947000,"halted_at_receipt":false,"quarantined_at_receipt":false}
24,-1,1791171948735,ea_event,,{"type":"fill_log","seq":39,"ea_time_ms":97026093,"magic":22260201,"deal_ticket":800000030,"order_ticket":700000030,"position_id":1983146289,"entry_type":"OUT_BY","deal_type":"SELL","side":null,"layer_index":null,"role":null,"deal_price":1.12444,"order_price_open":null,"slippage_pips":null,"volume":0.00,"profit":0.91,"swap":0.02,"commission":0.00,"deal_time_broker":"2026-10-05 03:45:48","deal_time_broker_msc":1791171948000,"halted_at_receipt":false,"quarantined_at_receipt":false}
24,-1,1791171948735,ea_event,,{"type":"fill_log","seq":40,"ea_time_ms":97026093,"magic":22260201,"deal_ticket":800000031,"order_ticket":700000030,"position_id":900000015,"entry_type":"OUT_BY","deal_type":"SELL","side":null,"layer_index":null,"role":null,"deal_price":1.12535,"order_price_open":null,"slippage_pips":null,"volume":0.00,"profit":0.00,"swap":0.00,"commission":0.00,"deal_time_broker":"2026-10-05 03:45:48","deal_time_broker_msc":1791171948000,"halted_at_receipt":false,"quarantined_at_receipt":false}
24,-1,1791171948735,scalp,SCALP_CLOSED,{"close_time":"2026-10-05T03:45:48Z","instrument":"EURUSD","direction":"SHORT","entry_price":1.12535,"exit_price":1.12444,"layer_depth":4,"stack_depth":4,"gross_pnl":0.93,"instance_id":"GRIND_EURUSD_OPTD","ejected":false,"rolled":false,"broker_utc_offset_s":10800,"account_login":53077984}
24,-1,1791172284307,ea_event,,{"type":"fill_log","seq":41,"ea_time_ms":97026109,"magic":22260201,"deal_ticket":800000032,"order_ticket":9027,"position_id":900000016,"entry_type":"IN","deal_type":"BUY","side":"L","layer_index":5,"role":"ENT","deal_price":1.12424,"order_price_open":null,"slippage_pips":null,"volume":0.00,"profit":0.00,"swap":0.00,"commission":0.00,"deal_time_broker":"2026-10-05 03:51:24","deal_time_broker_msc":1791172284000,"halted_at_receipt":false,"quarantined_at_receipt":false}
24,-1,1791173579544,ea_event,,{"type":"fill_log","seq":42,"ea_time_ms":97026125,"magic":22260201,"deal_ticket":800000033,"order_ticket":9028,"position_id":900000017,"entry_type":"IN","deal_type":"SELL","side":"S","layer_index":3,"role":"EXT","deal_price":1.12372,"order_price_open":null,"slippage_pips":null,"volume":0.00,"profit":0.00,"swap":0.00,"commission":0.00,"deal_time_broker":"2026-10-05 04:12:59","deal_time_broker_msc":1791173579000,"halted_at_receipt":false,"quarantined_at_receipt":false}
24,-1,1791173580384,ea_event,,{"type":"fill_log","seq":43,"ea_time_ms":97026125,"magic":22260201,"deal_ticket":800000034,"order_ticket":700000034,"position_id":1982924418,"entry_type":"OUT_BY","deal_type":"SELL","side":null,"layer_index":null,"role":null,"deal_price":1.12372,"order_price_open":null,"slippage_pips":null,"volume":0.00,"profit":0.91,"swap":0.02,"commission":0.00,"deal_time_broker":"2026-10-05 04:13:00","deal_time_broker_msc":1791173580000,"halted_at_receipt":false,"quarantined_at_receipt":false}
24,-1,1791173580384,ea_event,,{"type":"fill_log","seq":44,"ea_time_ms":97026125,"magic":22260201,"deal_ticket":800000035,"order_ticket":700000034,"position_id":900000017,"entry_type":"OUT_BY","deal_type":"SELL","side":null,"layer_index":null,"role":null,"deal_price":1.12463,"order_price_open":null,"slippage_pips":null,"volume":0.00,"profit":0.00,"swap":0.00,"commission":0.00,"deal_time_broker":"2026-10-05 04:13:00","deal_time_broker_msc":1791173580000,"halted_at_receipt":false,"quarantined_at_receipt":false}
24,-1,1791173580384,scalp,SCALP_CLOSED,{"close_time":"2026-10-05T04:13:00Z","instrument":"EURUSD","direction":"SHORT","entry_price":1.12463,"exit_price":1.12372,"layer_depth":3,"stack_depth":3,"gross_pnl":0.93,"instance_id":"GRIND_EURUSD_OPTD","ejected":false,"rolled":false,"broker_utc_offset_s":10800,"account_login":53077984}
24,-1,1791174084284,ea_event,,{"type":"fill_log","seq":45,"ea_time_ms":97026140,"magic":22260201,"deal_ticket":800000036,"order_ticket":9031,"position_id":900000018,"entry_type":"IN","deal_type":"BUY","side":"L","layer_index":6,"role":"ENT","deal_price":1.12353,"order_price_open":null,"slippage_pips":null,"volume":0.00,"profit":0.00,"swap":0.00,"commission":0.00,"deal_time_broker":"2026-10-05 04:21:24","deal_time_broker_msc":1791174084000,"halted_at_receipt":false,"quarantined_at_receipt":false}
24,-1,1791175845753,ea_event,,{"type":"fill_log","seq":46,"ea_time_ms":97026171,"magic":22260201,"deal_ticket":800000037,"order_ticket":9032,"position_id":900000019,"entry_type":"IN","deal_type":"SELL","side":"S","layer_index":2,"role":"EXT","deal_price":1.12302,"order_price_open":null,"slippage_pips":null,"volume":0.00,"profit":0.00,"swap":0.00,"commission":0.00,"deal_time_broker":"2026-10-05 04:50:45","deal_time_broker_msc":1791175845000,"halted_at_receipt":false,"quarantined_at_receipt":false}
24,-1,1791175846184,ea_event,,{"type":"fill_log","seq":47,"ea_time_ms":97026171,"magic":22260201,"deal_ticket":800000038,"order_ticket":700000038,"position_id":1982923952,"entry_type":"OUT_BY","deal_type":"SELL","side":null,"layer_index":null,"role":null,"deal_price":1.12302,"order_price_open":null,"slippage_pips":null,"volume":0.00,"profit":0.91,"swap":0.02,"commission":0.00,"deal_time_broker":"2026-10-05 04:50:46","deal_time_broker_msc":1791175846000,"halted_at_receipt":false,"quarantined_at_receipt":false}
24,-1,1791175846184,ea_event,,{"type":"fill_log","seq":48,"ea_time_ms":97026171,"magic":22260201,"deal_ticket":800000039,"order_ticket":700000038,"position_id":900000019,"entry_type":"OUT_BY","deal_type":"SELL","side":null,"layer_index":null,"role":null,"deal_price":1.12393,"order_price_open":null,"slippage_pips":null,"volume":0.00,"profit":0.00,"swap":0.00,"commission":0.00,"deal_time_broker":"2026-10-05 04:50:46","deal_time_broker_msc":1791175846000,"halted_at_receipt":false,"quarantined_at_receipt":false}
24,-1,1791175846184,scalp,SCALP_CLOSED,{"close_time":"2026-10-05T04:50:46Z","instrument":"EURUSD","direction":"SHORT","entry_price":1.12393,"exit_price":1.12302,"layer_depth":2,"stack_depth":2,"gross_pnl":0.93,"instance_id":"GRIND_EURUSD_OPTD","ejected":false,"rolled":false,"broker_utc_offset_s":10800,"account_login":53077984}
24,-1,1791176898306,ea_event,,{"type":"fill_log","seq":49,"ea_time_ms":97026187,"magic":22260201,"deal_ticket":800000040,"order_ticket":9035,"position_id":900000020,"entry_type":"IN","deal_type":"BUY","side":"L","layer_index":7,"role":"ENT","deal_price":1.12282,"order_price_open":null,"slippage_pips":null,"volume":0.00,"profit":0.00,"swap":0.00,"commission":0.00,"deal_time_broker":"2026-10-05 05:08:18","deal_time_broker_msc":1791176898000,"halted_at_receipt":false,"quarantined_at_receipt":false}
24,-1,1791177439237,ea_event,ROLL_ACCEPTED,{"type":"ea_event","seq":50,"ea_time_ms":97026187,"magic":null,"level":"INFO","code":"ROLL_ACCEPTED","reason":null,"ticket":1983404301,"detail":{"ticket":1983404301,"side":"L","layer_index":0,"entry":1.12780,"level":1.12212,"target":1.12302,"accrued":0.00000,"clamped":false,"cost":0.00478,"cost_pips":47.8,"rolled":1,"was_ejected":false,"source":"auto","reroll":false,"from_level":0.00000}}
24,-1,1791177453971,ea_event,,{"type":"fill_log","seq":51,"ea_time_ms":97026187,"magic":22260201,"deal_ticket":800000041,"order_ticket":1983413435,"position_id":900000021,"entry_type":"IN","deal_type":"SELL","side":"S","layer_index":1,"role":"EXT","deal_price":1.12196,"order_price_open":null,"slippage_pips":null,"volume":0.00,"profit":0.00,"swap":0.00,"commission":0.00,"deal_time_broker":"2026-10-05 05:17:33","deal_time_broker_msc":1791177453000,"halted_at_receipt":false,"quarantined_at_receipt":false}
24,-1,1791177454602,ea_event,,{"type":"fill_log","seq":52,"ea_time_ms":97026187,"magic":22260201,"deal_ticket":800000042,"order_ticket":700000042,"position_id":1980417777,"entry_type":"OUT_BY","deal_type":"SELL","side":null,"layer_index":null,"role":null,"deal_price":1.12196,"order_price_open":null,"slippage_pips":null,"volume":0.00,"profit":0.97,"swap":0.03,"commission":0.00,"deal_time_broker":"2026-10-05 05:17:34","deal_time_broker_msc":1791177454000,"halted_at_receipt":false,"quarantined_at_receipt":false}
24,-1,1791177454602,ea_event,,{"type":"fill_log","seq":53,"ea_time_ms":97026187,"magic":22260201,"deal_ticket":800000043,"order_ticket":700000042,"position_id":900000021,"entry_type":"OUT_BY","deal_type":"SELL","side":null,"layer_index":null,"role":null,"deal_price":1.12293,"order_price_open":null,"slippage_pips":null,"volume":0.00,"profit":0.00,"swap":0.00,"commission":0.00,"deal_time_broker":"2026-10-05 05:17:34","deal_time_broker_msc":1791177454000,"halted_at_receipt":false,"quarantined_at_receipt":false}
24,-1,1791177454602,scalp,SCALP_CLOSED,{"close_time":"2026-10-05T05:17:34Z","instrument":"EURUSD","direction":"SHORT","entry_price":1.12293,"exit_price":1.12196,"layer_depth":1,"stack_depth":1,"gross_pnl":1.00,"instance_id":"GRIND_EURUSD_OPTD","ejected":false,"rolled":false,"broker_utc_offset_s":10800,"account_login":53077984}
24,-1,1791177556843,ea_event,ROLL_ACCEPTED,{"type":"ea_event","seq":54,"ea_time_ms":97026203,"magic":null,"level":"INFO","code":"ROLL_ACCEPTED","reason":null,"ticket":900000002,"detail":{"ticket":900000002,"side":"L","layer_index":1,"entry":1.12709,"level":1.12142,"target":1.12232,"accrued":0.00000,"clamped":false,"cost":0.00477,"cost_pips":47.7,"rolled":2,"was_ejected":false,"source":"auto","reroll":false,"from_level":0.00000}}
24,-1,1791178588481,ea_event,ROLL_ACCEPTED,{"type":"ea_event","seq":55,"ea_time_ms":97026218,"magic":null,"level":"INFO","code":"ROLL_ACCEPTED","reason":null,"ticket":900000004,"detail":{"ticket":900000004,"side":"L","layer_index":2,"entry":1.12638,"level":1.12072,"target":1.12162,"accrued":0.00000,"clamped":false,"cost":0.00476,"cost_pips":47.6,"rolled":3,"was_ejected":false,"source":"auto","reroll":false,"from_level":0.00000}}
24,-1,1791179347916,ea_event,ROLL_ACCEPTED,{"type":"ea_event","seq":56,"ea_time_ms":97026234,"magic":null,"level":"INFO","code":"ROLL_ACCEPTED","reason":null,"ticket":900000006,"detail":{"ticket":900000006,"side":"L","layer_index":3,"entry":1.12567,"level":1.12002,"target":1.12092,"accrued":0.00000,"clamped":false,"cost":0.00475,"cost_pips":47.5,"rolled":4,"was_ejected":false,"source":"auto","reroll":false,"from_level":0.00000}}
24,-1,1791179371880,ea_event,ROLL_ACCEPTED,{"type":"ea_event","seq":57,"ea_time_ms":97026234,"magic":null,"level":"INFO","code":"ROLL_ACCEPTED","reason":null,"ticket":900000014,"detail":{"ticket":900000014,"side":"L","layer_index":4,"entry":1.12496,"level":1.11932,"target":1.12022,"accrued":0.00000,"clamped":false,"cost":0.00474,"cost_pips":47.4,"rolled":5,"was_ejected":false,"source":"auto","reroll":false,"from_level":0.00000}}
24,-1,1791179381347,ea_event,ROLL_ACCEPTED,{"type":"ea_event","seq":58,"ea_time_ms":97026234,"magic":null,"level":"INFO","code":"ROLL_ACCEPTED","reason":null,"ticket":900000016,"detail":{"ticket":900000016,"side":"L","layer_index":5,"entry":1.12424,"level":1.11862,"target":1.11952,"accrued":0.00000,"clamped":false,"cost":0.00472,"cost_pips":47.2,"rolled":6,"was_ejected":false,"source":"auto","reroll":false,"from_level":0.00000}}
24,-1,1791179453227,ea_event,,{"type":"fill_log","seq":59,"ea_time_ms":97026234,"magic":22260201,"deal_ticket":800000044,"order_ticket":9039,"position_id":900000022,"entry_type":"IN","deal_type":"SELL","side":"S","layer_index":0,"role":"ENT","deal_price":1.11949,"order_price_open":null,"slippage_pips":null,"volume":0.00,"profit":0.00,"swap":0.00,"commission":0.00,"deal_time_broker":"2026-10-05 05:50:53","deal_time_broker_msc":1791179453000,"halted_at_receipt":false,"quarantined_at_receipt":false}
24,-1,1791179683457,ea_event,,{"type":"fill_log","seq":60,"ea_time_ms":97026250,"magic":22260201,"deal_ticket":800000045,"order_ticket":9045,"position_id":900000023,"entry_type":"IN","deal_type":"SELL","side":"S","layer_index":0,"role":"EXT","deal_price":1.11856,"order_price_open":null,"slippage_pips":null,"volume":0.00,"profit":0.00,"swap":0.00,"commission":0.00,"deal_time_broker":"2026-10-05 05:54:43","deal_time_broker_msc":1791179683000,"halted_at_receipt":false,"quarantined_at_receipt":false}
24,-1,1791179684090,ea_event,,{"type":"fill_log","seq":61,"ea_time_ms":97026250,"magic":22260201,"deal_ticket":800000046,"order_ticket":700000046,"position_id":900000022,"entry_type":"OUT_BY","deal_type":"SELL","side":null,"layer_index":null,"role":null,"deal_price":1.11856,"order_price_open":null,"slippage_pips":null,"volume":0.00,"profit":0.93,"swap":0.00,"commission":0.00,"deal_time_broker":"2026-10-05 05:54:44","deal_time_broker_msc":1791179684000,"halted_at_receipt":false,"quarantined_at_receipt":false}
24,-1,1791179684090,ea_event,,{"type":"fill_log","seq":62,"ea_time_ms":97026250,"magic":22260201,"deal_ticket":800000047,"order_ticket":700000046,"position_id":900000023,"entry_type":"OUT_BY","deal_type":"SELL","side":null,"layer_index":null,"role":null,"deal_price":1.11949,"order_price_open":null,"slippage_pips":null,"volume":0.00,"profit":0.00,"swap":0.00,"commission":0.00,"deal_time_broker":"2026-10-05 05:54:44","deal_time_broker_msc":1791179684000,"halted_at_receipt":false,"quarantined_at_receipt":false}
24,-1,1791179684090,scalp,SCALP_CLOSED,{"close_time":"2026-10-05T05:54:44Z","instrument":"EURUSD","direction":"SHORT","entry_price":1.11949,"exit_price":1.11856,"layer_depth":0,"stack_depth":1,"gross_pnl":0.93,"instance_id":"GRIND_EURUSD_OPTD","ejected":false,"rolled":false,"broker_utc_offset_s":10800,"account_login":53077984}
24,-1,1791179708136,ea_event,ROLL_ACCEPTED,{"type":"ea_event","seq":63,"ea_time_ms":97026250,"magic":null,"level":"INFO","code":"ROLL_ACCEPTED","reason":null,"ticket":900000018,"detail":{"ticket":900000018,"side":"L","layer_index":6,"entry":1.12353,"level":1.11792,"target":1.11882,"accrued":0.00000,"clamped":false,"cost":0.00471,"cost_pips":47.1,"rolled":7,"was_ejected":false,"source":"auto","reroll":false,"from_level":0.00000}}
24,-1,1791179835334,ea_event,ROLL_ACCEPTED,{"type":"ea_event","seq":64,"ea_time_ms":97026250,"magic":null,"level":"INFO","code":"ROLL_ACCEPTED","reason":null,"ticket":900000020,"detail":{"ticket":900000020,"side":"L","layer_index":7,"entry":1.12282,"level":1.11722,"target":1.11812,"accrued":0.00000,"clamped":false,"cost":0.00470,"cost_pips":47.0,"rolled":8,"was_ejected":false,"source":"auto","reroll":false,"from_level":0.00000}}
24,-1,1791179889575,ea_event,,{"type":"fill_log","seq":65,"ea_time_ms":97026265,"magic":22260201,"deal_ticket":800000048,"order_ticket":9047,"position_id":900000024,"entry_type":"IN","deal_type":"SELL","side":"S","layer_index":0,"role":"ENT","deal_price":1.11749,"order_price_open":null,"slippage_pips":null,"volume":0.00,"profit":0.00,"swap":0.00,"commission":0.00,"deal_time_broker":"2026-10-05 05:58:09","deal_time_broker_msc":1791179889000,"halted_at_receipt":false,"quarantined_at_receipt":false}
24,-1,1791180118921,ea_event,,{"type":"fill_log","seq":66,"ea_time_ms":97026265,"magic":22260201,"deal_ticket":800000049,"order_ticket":9048,"position_id":900000025,"entry_type":"IN","deal_type":"BUY","side":"L","layer_index":7,"role":"EXT","deal_price":1.11813,"order_price_open":null,"slippage_pips":null,"volume":0.00,"profit":0.00,"swap":0.00,"commission":0.00,"deal_time_broker":"2026-10-05 06:01:58","deal_time_broker_msc":1791180118000,"halted_at_receipt":false,"quarantined_at_receipt":false}
24,-1,1791180119758,ea_event,,{"type":"fill_log","seq":67,"ea_time_ms":97026265,"magic":22260201,"deal_ticket":800000050,"order_ticket":700000050,"position_id":900000020,"entry_type":"OUT_BY","deal_type":"SELL","side":null,"layer_index":null,"role":null,"deal_price":1.11813,"order_price_open":null,"slippage_pips":null,"volume":0.00,"profit":-4.69,"swap":0.00,"commission":0.00,"deal_time_broker":"2026-10-05 06:01:59","deal_time_broker_msc":1791180119000,"halted_at_receipt":false,"quarantined_at_receipt":false}
24,-1,1791180119758,ea_event,ROLL_FILLED,{"type":"ea_event","seq":68,"ea_time_ms":97026265,"magic":null,"level":"INFO","code":"ROLL_FILLED","reason":null,"ticket":900000020,"detail":{"ticket":900000020,"level":1.11722}}
24,-1,1791180119758,ea_event,,{"type":"fill_log","seq":69,"ea_time_ms":97026265,"magic":22260201,"deal_ticket":800000051,"order_ticket":700000050,"position_id":900000025,"entry_type":"OUT_BY","deal_type":"SELL","side":null,"layer_index":null,"role":null,"deal_price":1.12282,"order_price_open":null,"slippage_pips":null,"volume":0.00,"profit":0.00,"swap":0.00,"commission":0.00,"deal_time_broker":"2026-10-05 06:01:59","deal_time_broker_msc":1791180119000,"halted_at_receipt":false,"quarantined_at_receipt":false}
24,-1,1791180119758,scalp,SCALP_CLOSED,{"close_time":"2026-10-05T06:01:59Z","instrument":"EURUSD","direction":"LONG","entry_price":1.12282,"exit_price":1.11813,"layer_depth":7,"stack_depth":8,"gross_pnl":-4.69,"instance_id":"GRIND_EURUSD_OPTD","ejected":false,"rolled":true,"broker_utc_offset_s":10800,"account_login":53077984}
24,-1,1791180137856,ea_event,,{"type":"fill_log","seq":70,"ea_time_ms":97026281,"magic":22260201,"deal_ticket":800000052,"order_ticket":9051,"position_id":900000026,"entry_type":"IN","deal_type":"SELL","side":"S","layer_index":1,"role":"ENT","deal_price":1.11817,"order_price_open":null,"slippage_pips":null,"volume":0.00,"profit":0.00,"swap":0.00,"commission":0.00,"deal_time_broker":"2026-10-05 06:02:17","deal_time_broker_msc":1791180137000,"halted_at_receipt":false,"quarantined_at_receipt":false}
24,-1,1791180375499,ea_event,,{"type":"fill_log","seq":71,"ea_time_ms":97026281,"magic":22260201,"deal_ticket":800000053,"order_ticket":9054,"position_id":900000027,"entry_type":"IN","deal_type":"SELL","side":"S","layer_index":1,"role":"EXT","deal_price":1.11726,"order_price_open":null,"slippage_pips":null,"volume":0.00,"profit":0.00,"swap":0.00,"commission":0.00,"deal_time_broker":"2026-10-05 06:06:15","deal_time_broker_msc":1791180375000,"halted_at_receipt":false,"quarantined_at_receipt":false}
24,-1,1791180376534,ea_event,,{"type":"fill_log","seq":72,"ea_time_ms":97026281,"magic":22260201,"deal_ticket":800000054,"order_ticket":700000054,"position_id":900000026,"entry_type":"OUT_BY","deal_type":"SELL","side":null,"layer_index":null,"role":null,"deal_price":1.11726,"order_price_open":null,"slippage_pips":null,"volume":0.00,"profit":0.91,"swap":0.00,"commission":0.00,"deal_time_broker":"2026-10-05 06:06:16","deal_time_broker_msc":1791180376000,"halted_at_receipt":false,"quarantined_at_receipt":false}
24,-1,1791180376534,ea_event,,{"type":"fill_log","seq":73,"ea_time_ms":97026281,"magic":22260201,"deal_ticket":800000055,"order_ticket":700000054,"position_id":900000027,"entry_type":"OUT_BY","deal_type":"SELL","side":null,"layer_index":null,"role":null,"deal_price":1.11817,"order_price_open":null,"slippage_pips":null,"volume":0.00,"profit":0.00,"swap":0.00,"commission":0.00,"deal_time_broker":"2026-10-05 06:06:16","deal_time_broker_msc":1791180376000,"halted_at_receipt":false,"quarantined_at_receipt":false}
24,-1,1791180376534,scalp,SCALP_CLOSED,{"close_time":"2026-10-05T06:06:16Z","instrument":"EURUSD","direction":"SHORT","entry_price":1.11817,"exit_price":1.11726,"layer_depth":1,"stack_depth":2,"gross_pnl":0.91,"instance_id":"GRIND_EURUSD_OPTD","ejected":false,"rolled":false,"broker_utc_offset_s":10800,"account_login":53077984}
24,-1,1791180380115,ea_event,,{"type":"fill_log","seq":74,"ea_time_ms":97026281,"magic":22260201,"deal_ticket":800000056,"order_ticket":9053,"position_id":900000028,"entry_type":"IN","deal_type":"BUY","side":"L","layer_index":7,"role":"ENT","deal_price":1.11705,"order_price_open":null,"slippage_pips":null,"volume":0.00,"profit":0.00,"swap":0.00,"commission":0.00,"deal_time_broker":"2026-10-05 06:06:20","deal_time_broker_msc":1791180380000,"halted_at_receipt":false,"quarantined_at_receipt":false}
24,-1,1791180413513,ea_event,,{"type":"fill_log","seq":75,"ea_time_ms":97026281,"magic":22260201,"deal_ticket":800000057,"order_ticket":9050,"position_id":900000029,"entry_type":"IN","deal_type":"SELL","side":"S","layer_index":0,"role":"EXT","deal_price":1.11655,"order_price_open":null,"slippage_pips":null,"volume":0.00,"profit":0.00,"swap":0.00,"commission":0.00,"deal_time_broker":"2026-10-05 06:06:53","deal_time_broker_msc":1791180413000,"halted_at_receipt":false,"quarantined_at_receipt":false}
24,-1,1791180414548,ea_event,,{"type":"fill_log","seq":76,"ea_time_ms":97026281,"magic":22260201,"deal_ticket":800000058,"order_ticket":700000058,"position_id":900000024,"entry_type":"OUT_BY","deal_type":"SELL","side":null,"layer_index":null,"role":null,"deal_price":1.11655,"order_price_open":null,"slippage_pips":null,"volume":0.00,"profit":0.94,"swap":0.00,"commission":0.00,"deal_time_broker":"2026-10-05 06:06:54","deal_time_broker_msc":1791180414000,"halted_at_receipt":false,"quarantined_at_receipt":false}
24,-1,1791180414548,ea_event,,{"type":"fill_log","seq":77,"ea_time_ms":97026281,"magic":22260201,"deal_ticket":800000059,"order_ticket":700000058,"position_id":900000029,"entry_type":"OUT_BY","deal_type":"SELL","side":null,"layer_index":null,"role":null,"deal_price":1.11749,"order_price_open":null,"slippage_pips":null,"volume":0.00,"profit":0.00,"swap":0.00,"commission":0.00,"deal_time_broker":"2026-10-05 06:06:54","deal_time_broker_msc":1791180414000,"halted_at_receipt":false,"quarantined_at_receipt":false}
24,-1,1791180414548,scalp,SCALP_CLOSED,{"close_time":"2026-10-05T06:06:54Z","instrument":"EURUSD","direction":"SHORT","entry_price":1.11749,"exit_price":1.11655,"layer_depth":0,"stack_depth":1,"gross_pnl":0.94,"instance_id":"GRIND_EURUSD_OPTD","ejected":false,"rolled":false,"broker_utc_offset_s":10800,"account_login":53077984}
24,-1,1791180432597,ea_event,ROLL_ACCEPTED,{"type":"ea_event","seq":78,"ea_time_ms":97026281,"magic":null,"level":"INFO","code":"ROLL_ACCEPTED","reason":null,"ticket":900000028,"detail":{"ticket":900000028,"side":"L","layer_index":7,"entry":1.11705,"level":1.11635,"target":1.11725,"accrued":0.00000,"clamped":false,"cost":-0.00020,"cost_pips":-2.0,"rolled":8,"was_ejected":false,"source":"auto","reroll":false,"from_level":0.00000}}
24,-1,1791180555220,ea_event,,{"type":"fill_log","seq":79,"ea_time_ms":97026296,"magic":22260201,"deal_ticket":800000060,"order_ticket":9058,"position_id":900000030,"entry_type":"IN","deal_type":"SELL","side":"S","layer_index":0,"role":"ENT","deal_price":1.11688,"order_price_open":null,"slippage_pips":null,"volume":0.00,"profit":0.00,"swap":0.00,"commission":0.00,"deal_time_broker":"2026-10-05 06:09:15","deal_time_broker_msc":1791180555000,"halted_at_receipt":false,"quarantined_at_receipt":false}
24,-1,1791180570708,ea_event,,{"type":"fill_log","seq":80,"ea_time_ms":97026296,"magic":22260201,"deal_ticket":800000061,"order_ticket":9057,"position_id":900000031,"entry_type":"IN","deal_type":"BUY","side":"L","layer_index":7,"role":"EXT","deal_price":1.11727,"order_price_open":null,"slippage_pips":null,"volume":0.00,"profit":0.00,"swap":0.00,"commission":0.00,"deal_time_broker":"2026-10-05 06:09:30","deal_time_broker_msc":1791180570000,"halted_at_receipt":false,"quarantined_at_receipt":false}
24,-1,1791180571945,ea_event,,{"type":"fill_log","seq":81,"ea_time_ms":97026296,"magic":22260201,"deal_ticket":800000062,"order_ticket":700000062,"position_id":900000028,"entry_type":"OUT_BY","deal_type":"SELL","side":null,"layer_index":null,"role":null,"deal_price":1.11727,"order_price_open":null,"slippage_pips":null,"volume":0.00,"profit":0.22,"swap":0.00,"commission":0.00,"deal_time_broker":"2026-10-05 06:09:31","deal_time_broker_msc":1791180571000,"halted_at_receipt":false,"quarantined_at_receipt":false}
24,-1,1791180571945,ea_event,ROLL_FILLED,{"type":"ea_event","seq":82,"ea_time_ms":97026296,"magic":null,"level":"INFO","code":"ROLL_FILLED","reason":null,"ticket":900000028,"detail":{"ticket":900000028,"level":1.11635}}
24,-1,1791180571945,ea_event,,{"type":"fill_log","seq":83,"ea_time_ms":97026296,"magic":22260201,"deal_ticket":800000063,"order_ticket":700000062,"position_id":900000031,"entry_type":"OUT_BY","deal_type":"SELL","side":null,"layer_index":null,"role":null,"deal_price":1.11705,"order_price_open":null,"slippage_pips":null,"volume":0.00,"profit":0.00,"swap":0.00,"commission":0.00,"deal_time_broker":"2026-10-05 06:09:31","deal_time_broker_msc":1791180571000,"halted_at_receipt":false,"quarantined_at_receipt":false}
24,-1,1791180571945,scalp,SCALP_CLOSED,{"close_time":"2026-10-05T06:09:31Z","instrument":"EURUSD","direction":"LONG","entry_price":1.11705,"exit_price":1.11727,"layer_depth":7,"stack_depth":8,"gross_pnl":0.22,"instance_id":"GRIND_EURUSD_OPTD","ejected":false,"rolled":true,"broker_utc_offset_s":10800,"account_login":53077984}
24,-1,1791180609491,ea_event,,{"type":"fill_log","seq":84,"ea_time_ms":97026296,"magic":22260201,"deal_ticket":800000064,"order_ticket":9062,"position_id":900000032,"entry_type":"IN","deal_type":"BUY","side":"L","layer_index":7,"role":"ENT","deal_price":1.11717,"order_price_open":null,"slippage_pips":null,"volume":0.00,"profit":0.00,"swap":0.00,"commission":0.00,"deal_time_broker":"2026-10-05 06:10:09","deal_time_broker_msc":1791180609000,"halted_at_receipt":false,"quarantined_at_receipt":false}
24,-1,1791180701030,ea_event,,{"type":"fill_log","seq":85,"ea_time_ms":97026296,"magic":22260201,"deal_ticket":800000065,"order_ticket":9060,"position_id":900000033,"entry_type":"IN","deal_type":"SELL","side":"S","layer_index":1,"role":"ENT","deal_price":1.11760,"order_price_open":null,"slippage_pips":null,"volume":0.00,"profit":0.00,"swap":0.00,"commission":0.00,"deal_time_broker":"2026-10-05 06:11:41","deal_time_broker_msc":1791180701000,"halted_at_receipt":false,"quarantined_at_receipt":false}
24,-1,1791181030220,ea_event,,{"type":"fill_log","seq":86,"ea_time_ms":97026312,"magic":22260201,"deal_ticket":800000066,"order_ticket":9063,"position_id":900000034,"entry_type":"IN","deal_type":"BUY","side":"L","layer_index":7,"role":"EXT","deal_price":1.11813,"order_price_open":null,"slippage_pips":null,"volume":0.00,"profit":0.00,"swap":0.00,"commission":0.00,"deal_time_broker":"2026-10-05 06:17:10","deal_time_broker_msc":1791181030000,"halted_at_receipt":false,"quarantined_at_receipt":false}
24,-1,1791181036082,ea_event,,{"type":"fill_log","seq":87,"ea_time_ms":97026312,"magic":22260201,"deal_ticket":800000067,"order_ticket":700000067,"position_id":900000032,"entry_type":"OUT_BY","deal_type":"SELL","side":null,"layer_index":null,"role":null,"deal_price":1.11813,"order_price_open":null,"slippage_pips":null,"volume":0.00,"profit":0.96,"swap":0.00,"commission":0.00,"deal_time_broker":"2026-10-05 06:17:16","deal_time_broker_msc":1791181036000,"halted_at_receipt":false,"quarantined_at_receipt":false}
24,-1,1791181036082,ea_event,,{"type":"fill_log","seq":88,"ea_time_ms":97026312,"magic":22260201,"deal_ticket":800000068,"order_ticket":700000067,"position_id":900000034,"entry_type":"OUT_BY","deal_type":"SELL","side":null,"layer_index":null,"role":null,"deal_price":1.11717,"order_price_open":null,"slippage_pips":null,"volume":0.00,"profit":0.00,"swap":0.00,"commission":0.00,"deal_time_broker":"2026-10-05 06:17:16","deal_time_broker_msc":1791181036000,"halted_at_receipt":false,"quarantined_at_receipt":false}
24,-1,1791181036082,scalp,SCALP_CLOSED,{"close_time":"2026-10-05T06:17:16Z","instrument":"EURUSD","direction":"LONG","entry_price":1.11717,"exit_price":1.11813,"layer_depth":7,"stack_depth":8,"gross_pnl":0.96,"instance_id":"GRIND_EURUSD_OPTD","ejected":false,"rolled":false,"broker_utc_offset_s":10800,"account_login":53077984}
24,-1,1791181220401,ea_event,,{"type":"fill_log","seq":89,"ea_time_ms":97026328,"magic":22260201,"deal_ticket":800000069,"order_ticket":9065,"position_id":900000035,"entry_type":"IN","deal_type":"SELL","side":"S","layer_index":2,"role":"ENT","deal_price":1.11835,"order_price_open":null,"slippage_pips":null,"volume":0.00,"profit":0.00,"swap":0.00,"commission":0.00,"deal_time_broker":"2026-10-05 06:20:20","deal_time_broker_msc":1791181220000,"halted_at_receipt":false,"quarantined_at_receipt":false}
24,-1,1791182527360,ea_event,,{"type":"fill_log","seq":90,"ea_time_ms":97026359,"magic":22260201,"deal_ticket":800000070,"order_ticket":9068,"position_id":900000036,"entry_type":"IN","deal_type":"SELL","side":"S","layer_index":2,"role":"EXT","deal_price":1.11744,"order_price_open":null,"slippage_pips":null,"volume":0.00,"profit":0.00,"swap":0.00,"commission":0.00,"deal_time_broker":"2026-10-05 06:42:07","deal_time_broker_msc":1791182527000,"halted_at_receipt":false,"quarantined_at_receipt":false}
24,-1,1791182529005,ea_event,,{"type":"fill_log","seq":91,"ea_time_ms":97026359,"magic":22260201,"deal_ticket":800000071,"order_ticket":700000071,"position_id":900000035,"entry_type":"OUT_BY","deal_type":"SELL","side":null,"layer_index":null,"role":null,"deal_price":1.11744,"order_price_open":null,"slippage_pips":null,"volume":0.00,"profit":0.91,"swap":0.00,"commission":0.00,"deal_time_broker":"2026-10-05 06:42:09","deal_time_broker_msc":1791182529000,"halted_at_receipt":false,"quarantined_at_receipt":false}
24,-1,1791182529005,ea_event,,{"type":"fill_log","seq":92,"ea_time_ms":97026359,"magic":22260201,"deal_ticket":800000072,"order_ticket":700000071,"position_id":900000036,"entry_type":"OUT_BY","deal_type":"SELL","side":null,"layer_index":null,"role":null,"deal_price":1.11835,"order_price_open":null,"slippage_pips":null,"volume":0.00,"profit":0.00,"swap":0.00,"commission":0.00,"deal_time_broker":"2026-10-05 06:42:09","deal_time_broker_msc":1791182529000,"halted_at_receipt":false,"quarantined_at_receipt":false}
24,-1,1791182529005,scalp,SCALP_CLOSED,{"close_time":"2026-10-05T06:42:09Z","instrument":"EURUSD","direction":"SHORT","entry_price":1.11835,"exit_price":1.11744,"layer_depth":2,"stack_depth":3,"gross_pnl":0.91,"instance_id":"GRIND_EURUSD_OPTD","ejected":false,"rolled":false,"broker_utc_offset_s":10800,"account_login":53077984}
24,-1,1791182615805,ea_event,,{"type":"fill_log","seq":93,"ea_time_ms":97026359,"magic":22260201,"deal_ticket":800000073,"order_ticket":9067,"position_id":900000037,"entry_type":"IN","deal_type":"BUY","side":"L","layer_index":7,"role":"ENT","deal_price":1.11721,"order_price_open":null,"slippage_pips":null,"volume":0.00,"profit":0.00,"swap":0.00,"commission":0.00,"deal_time_broker":"2026-10-05 06:43:35","deal_time_broker_msc":1791182615000,"halted_at_receipt":false,"quarantined_at_receipt":false}
24,-1,1791183170472,ea_event,,{"type":"fill_log","seq":94,"ea_time_ms":97026375,"magic":22260201,"deal_ticket":800000074,"order_ticket":9070,"position_id":900000038,"entry_type":"IN","deal_type":"SELL","side":"S","layer_index":1,"role":"EXT","deal_price":1.11668,"order_price_open":null,"slippage_pips":null,"volume":0.00,"profit":0.00,"swap":0.00,"commission":0.00,"deal_time_broker":"2026-10-05 06:52:50","deal_time_broker_msc":1791183170000,"halted_at_receipt":false,"quarantined_at_receipt":false}
24,-1,1791183171106,ea_event,,{"type":"fill_log","seq":95,"ea_time_ms":97026375,"magic":22260201,"deal_ticket":800000075,"order_ticket":700000075,"position_id":900000033,"entry_type":"OUT_BY","deal_type":"SELL","side":null,"layer_index":null,"role":null,"deal_price":1.11668,"order_price_open":null,"slippage_pips":null,"volume":0.00,"profit":0.92,"swap":0.00,"commission":0.00,"deal_time_broker":"2026-10-05 06:52:51","deal_time_broker_msc":1791183171000,"halted_at_receipt":false,"quarantined_at_receipt":false}
24,-1,1791183171106,ea_event,,{"type":"fill_log","seq":96,"ea_time_ms":97026375,"magic":22260201,"deal_ticket":800000076,"order_ticket":700000075,"position_id":900000038,"entry_type":"OUT_BY","deal_type":"SELL","side":null,"layer_index":null,"role":null,"deal_price":1.11760,"order_price_open":null,"slippage_pips":null,"volume":0.00,"profit":0.00,"swap":0.00,"commission":0.00,"deal_time_broker":"2026-10-05 06:52:51","deal_time_broker_msc":1791183171000,"halted_at_receipt":false,"quarantined_at_receipt":false}
24,-1,1791183171106,scalp,SCALP_CLOSED,{"close_time":"2026-10-05T06:52:51Z","instrument":"EURUSD","direction":"SHORT","entry_price":1.11760,"exit_price":1.11668,"layer_depth":1,"stack_depth":2,"gross_pnl":0.92,"instance_id":"GRIND_EURUSD_OPTD","ejected":false,"rolled":false,"broker_utc_offset_s":10800,"account_login":53077984}
24,-1,1791183610080,ea_event,ROLL_ACCEPTED,{"type":"ea_event","seq":97,"ea_time_ms":97026390,"magic":null,"level":"INFO","code":"ROLL_ACCEPTED","reason":null,"ticket":900000037,"detail":{"ticket":900000037,"side":"L","layer_index":7,"entry":1.11721,"level":1.11651,"target":1.11741,"accrued":0.00000,"clamped":false,"cost":-0.00020,"cost_pips":-2.0,"rolled":8,"was_ejected":false,"source":"auto","reroll":false,"from_level":0.00000}}
24,-1,1791186060763,ea_event,,{"type":"fill_log","seq":98,"ea_time_ms":97026468,"magic":22260201,"deal_ticket":800000077,"order_ticket":9072,"position_id":900000039,"entry_type":"IN","deal_type":"BUY","side":"L","layer_index":7,"role":"EXT","deal_price":1.11742,"order_price_open":null,"slippage_pips":null,"volume":0.00,"profit":0.00,"swap":0.00,"commission":0.00,"deal_time_broker":"2026-10-05 07:41:00","deal_time_broker_msc":1791186060000,"halted_at_receipt":false,"quarantined_at_receipt":false}
24,-1,1791186061196,ea_event,,{"type":"fill_log","seq":99,"ea_time_ms":97026468,"magic":22260201,"deal_ticket":800000078,"order_ticket":700000078,"position_id":900000037,"entry_type":"OUT_BY","deal_type":"SELL","side":null,"layer_index":null,"role":null,"deal_price":1.11742,"order_price_open":null,"slippage_pips":null,"volume":0.00,"profit":0.21,"swap":0.00,"commission":0.00,"deal_time_broker":"2026-10-05 07:41:01","deal_time_broker_msc":1791186061000,"halted_at_receipt":false,"quarantined_at_receipt":false}
24,-1,1791186061196,ea_event,ROLL_FILLED,{"type":"ea_event","seq":100,"ea_time_ms":97026468,"magic":null,"level":"INFO","code":"ROLL_FILLED","reason":null,"ticket":900000037,"detail":{"ticket":900000037,"level":1.11651}}
24,-1,1791186061196,ea_event,,{"type":"fill_log","seq":101,"ea_time_ms":97026468,"magic":22260201,"deal_ticket":800000079,"order_ticket":700000078,"position_id":900000039,"entry_type":"OUT_BY","deal_type":"SELL","side":null,"layer_index":null,"role":null,"deal_price":1.11721,"order_price_open":null,"slippage_pips":null,"volume":0.00,"profit":0.00,"swap":0.00,"commission":0.00,"deal_time_broker":"2026-10-05 07:41:01","deal_time_broker_msc":1791186061000,"halted_at_receipt":false,"quarantined_at_receipt":false}
24,-1,1791186061196,scalp,SCALP_CLOSED,{"close_time":"2026-10-05T07:41:01Z","instrument":"EURUSD","direction":"LONG","entry_price":1.11721,"exit_price":1.11742,"layer_depth":7,"stack_depth":8,"gross_pnl":0.21,"instance_id":"GRIND_EURUSD_OPTD","ejected":false,"rolled":true,"broker_utc_offset_s":10800,"account_login":53077984}
24,-1,1791186100451,ea_event,,{"type":"fill_log","seq":102,"ea_time_ms":97026468,"magic":22260201,"deal_ticket":800000080,"order_ticket":9073,"position_id":900000040,"entry_type":"IN","deal_type":"SELL","side":"S","layer_index":1,"role":"ENT","deal_price":1.11759,"order_price_open":null,"slippage_pips":null,"volume":0.00,"profit":0.00,"swap":0.00,"commission":0.00,"deal_time_broker":"2026-10-05 07:41:40","deal_time_broker_msc":1791186100000,"halted_at_receipt":false,"quarantined_at_receipt":false}
24,-1,1791187204685,ea_event,,{"type":"fill_log","seq":103,"ea_time_ms":97026500,"magic":22260201,"deal_ticket":800000081,"order_ticket":9077,"position_id":900000041,"entry_type":"IN","deal_type":"SELL","side":"S","layer_index":2,"role":"ENT","deal_price":1.11830,"order_price_open":null,"slippage_pips":null,"volume":0.00,"profit":0.00,"swap":0.00,"commission":0.00,"deal_time_broker":"2026-10-05 08:00:04","deal_time_broker_msc":1791187204000,"halted_at_receipt":false,"quarantined_at_receipt":false}
24,-1,1791188697443,ea_event,,{"type":"fill_log","seq":104,"ea_time_ms":97026531,"magic":22260201,"deal_ticket":800000082,"order_ticket":9074,"position_id":900000042,"entry_type":"IN","deal_type":"BUY","side":"L","layer_index":6,"role":"EXT","deal_price":1.11884,"order_price_open":null,"slippage_pips":null,"volume":0.00,"profit":0.00,"swap":0.00,"commission":0.00,"deal_time_broker":"2026-10-05 08:24:57","deal_time_broker_msc":1791188697000,"halted_at_receipt":false,"quarantined_at_receipt":false}
24,-1,1791188698470,ea_event,,{"type":"fill_log","seq":105,"ea_time_ms":97026531,"magic":22260201,"deal_ticket":800000083,"order_ticket":700000083,"position_id":900000018,"entry_type":"OUT_BY","deal_type":"SELL","side":null,"layer_index":null,"role":null,"deal_price":1.11884,"order_price_open":null,"slippage_pips":null,"volume":0.00,"profit":-4.69,"swap":0.00,"commission":0.00,"deal_time_broker":"2026-10-05 08:24:58","deal_time_broker_msc":1791188698000,"halted_at_receipt":false,"quarantined_at_receipt":false}
24,-1,1791188698470,ea_event,ROLL_FILLED,{"type":"ea_event","seq":106,"ea_time_ms":97026531,"magic":null,"level":"INFO","code":"ROLL_FILLED","reason":null,"ticket":900000018,"detail":{"ticket":900000018,"level":1.11792}}
24,-1,1791188698470,ea_event,,{"type":"fill_log","seq":107,"ea_time_ms":97026531,"magic":22260201,"deal_ticket":800000084,"order_ticket":700000083,"position_id":900000042,"entry_type":"OUT_BY","deal_type":"SELL","side":null,"layer_index":null,"role":null,"deal_price":1.12353,"order_price_open":null,"slippage_pips":null,"volume":0.00,"profit":0.00,"swap":0.00,"commission":0.00,"deal_time_broker":"2026-10-05 08:24:58","deal_time_broker_msc":1791188698000,"halted_at_receipt":false,"quarantined_at_receipt":false}
24,-1,1791188698470,scalp,SCALP_CLOSED,{"close_time":"2026-10-05T08:24:58Z","instrument":"EURUSD","direction":"LONG","entry_price":1.12353,"exit_price":1.11884,"layer_depth":6,"stack_depth":7,"gross_pnl":-4.69,"instance_id":"GRIND_EURUSD_OPTD","ejected":false,"rolled":true,"broker_utc_offset_s":10800,"account_login":53077984}
24,-1,1791189989753,ea_event,,{"type":"fill_log","seq":108,"ea_time_ms":97026562,"magic":22260201,"deal_ticket":800000085,"order_ticket":9079,"position_id":900000043,"entry_type":"IN","deal_type":"SELL","side":"S","layer_index":3,"role":"ENT","deal_price":1.11905,"order_price_open":null,"slippage_pips":null,"volume":0.00,"profit":0.00,"swap":0.00,"commission":0.00,"deal_time_broker":"2026-10-05 08:46:29","deal_time_broker_msc":1791189989000,"halted_at_receipt":false,"quarantined_at_receipt":false}
24,-1,1791190957521,ea_event,,{"type":"fill_log","seq":109,"ea_time_ms":97026593,"magic":22260201,"deal_ticket":800000086,"order_ticket":9080,"position_id":900000044,"entry_type":"IN","deal_type":"BUY","side":"L","layer_index":5,"role":"EXT","deal_price":1.11952,"order_price_open":null,"slippage_pips":null,"volume":0.00,"profit":0.00,"swap":0.00,"commission":0.00,"deal_time_broker":"2026-10-05 09:02:37","deal_time_broker_msc":1791190957000,"halted_at_receipt":false,"quarantined_at_receipt":false}
24,-1,1791190958770,ea_event,,{"type":"fill_log","seq":110,"ea_time_ms":97026593,"magic":22260201,"deal_ticket":800000087,"order_ticket":700000087,"position_id":900000016,"entry_type":"OUT_BY","deal_type":"SELL","side":null,"layer_index":null,"role":null,"deal_price":1.11952,"order_price_open":null,"slippage_pips":null,"volume":0.00,"profit":-4.72,"swap":0.00,"commission":0.00,"deal_time_broker":"2026-10-05 09:02:38","deal_time_broker_msc":1791190958000,"halted_at_receipt":false,"quarantined_at_receipt":false}
24,-1,1791190958770,ea_event,ROLL_FILLED,{"type":"ea_event","seq":111,"ea_time_ms":97026593,"magic":null,"level":"INFO","code":"ROLL_FILLED","reason":null,"ticket":900000016,"detail":{"ticket":900000016,"level":1.11862}}
24,-1,1791190958770,ea_event,,{"type":"fill_log","seq":112,"ea_time_ms":97026593,"magic":22260201,"deal_ticket":800000088,"order_ticket":700000087,"position_id":900000044,"entry_type":"OUT_BY","deal_type":"SELL","side":null,"layer_index":null,"role":null,"deal_price":1.12424,"order_price_open":null,"slippage_pips":null,"volume":0.00,"profit":0.00,"swap":0.00,"commission":0.00,"deal_time_broker":"2026-10-05 09:02:38","deal_time_broker_msc":1791190958000,"halted_at_receipt":false,"quarantined_at_receipt":false}
24,-1,1791190958770,scalp,SCALP_CLOSED,{"close_time":"2026-10-05T09:02:38Z","instrument":"EURUSD","direction":"LONG","entry_price":1.12424,"exit_price":1.11952,"layer_depth":5,"stack_depth":6,"gross_pnl":-4.72,"instance_id":"GRIND_EURUSD_OPTD","ejected":false,"rolled":true,"broker_utc_offset_s":10800,"account_login":53077984}
24,-1,1791191942804,ea_event,,{"type":"fill_log","seq":113,"ea_time_ms":97026625,"magic":22260201,"deal_ticket":800000089,"order_ticket":9083,"position_id":900000045,"entry_type":"IN","deal_type":"SELL","side":"S","layer_index":4,"role":"ENT","deal_price":1.11983,"order_price_open":null,"slippage_pips":null,"volume":0.00,"profit":0.00,"swap":0.00,"commission":0.00,"deal_time_broker":"2026-10-05 09:19:02","deal_time_broker_msc":1791191942000,"halted_at_receipt":false,"quarantined_at_receipt":false}
24,-1,1791192457678,ea_event,,{"type":"fill_log","seq":114,"ea_time_ms":97026640,"magic":22260201,"deal_ticket":800000090,"order_ticket":9086,"position_id":900000046,"entry_type":"IN","deal_type":"SELL","side":"S","layer_index":4,"role":"EXT","deal_price":1.11892,"order_price_open":null,"slippage_pips":null,"volume":0.00,"profit":0.00,"swap":0.00,"commission":0.00,"deal_time_broker":"2026-10-05 09:27:37","deal_time_broker_msc":1791192457000,"halted_at_receipt":false,"quarantined_at_receipt":false}
24,-1,1791192458113,ea_event,,{"type":"fill_log","seq":115,"ea_time_ms":97026640,"magic":22260201,"deal_ticket":800000091,"order_ticket":700000091,"position_id":900000045,"entry_type":"OUT_BY","deal_type":"SELL","side":null,"layer_index":null,"role":null,"deal_price":1.11892,"order_price_open":null,"slippage_pips":null,"volume":0.00,"profit":0.91,"swap":0.00,"commission":0.00,"deal_time_broker":"2026-10-05 09:27:38","deal_time_broker_msc":1791192458000,"halted_at_receipt":false,"quarantined_at_receipt":false}
24,-1,1791192458113,ea_event,,{"type":"fill_log","seq":116,"ea_time_ms":97026640,"magic":22260201,"deal_ticket":800000092,"order_ticket":700000091,"position_id":900000046,"entry_type":"OUT_BY","deal_type":"SELL","side":null,"layer_index":null,"role":null,"deal_price":1.11983,"order_price_open":null,"slippage_pips":null,"volume":0.00,"profit":0.00,"swap":0.00,"commission":0.00,"deal_time_broker":"2026-10-05 09:27:38","deal_time_broker_msc":1791192458000,"halted_at_receipt":false,"quarantined_at_receipt":false}
24,-1,1791192458113,scalp,SCALP_CLOSED,{"close_time":"2026-10-05T09:27:38Z","instrument":"EURUSD","direction":"SHORT","entry_price":1.11983,"exit_price":1.11892,"layer_depth":4,"stack_depth":5,"gross_pnl":0.91,"instance_id":"GRIND_EURUSD_OPTD","ejected":false,"rolled":false,"broker_utc_offset_s":10800,"account_login":53077984}
24,-1,1791192675226,ea_event,,{"type":"fill_log","seq":117,"ea_time_ms":97026656,"magic":22260201,"deal_ticket":800000093,"order_ticket":9085,"position_id":900000047,"entry_type":"IN","deal_type":"BUY","side":"L","layer_index":5,"role":"ENT","deal_price":1.11858,"order_price_open":null,"slippage_pips":null,"volume":0.00,"profit":0.00,"swap":0.00,"commission":0.00,"deal_time_broker":"2026-10-05 09:31:15","deal_time_broker_msc":1791192675000,"halted_at_receipt":false,"quarantined_at_receipt":false}
24,-1,1791192829441,ea_event,,{"type":"fill_log","seq":118,"ea_time_ms":97026656,"magic":22260201,"deal_ticket":800000094,"order_ticket":9088,"position_id":900000048,"entry_type":"IN","deal_type":"SELL","side":"S","layer_index":3,"role":"EXT","deal_price":1.11809,"order_price_open":null,"slippage_pips":null,"volume":0.00,"profit":0.00,"swap":0.00,"commission":0.00,"deal_time_broker":"2026-10-05 09:33:49","deal_time_broker_msc":1791192829000,"halted_at_receipt":false,"quarantined_at_receipt":false}
24,-1,1791192831287,ea_event,,{"type":"fill_log","seq":119,"ea_time_ms":97026656,"magic":22260201,"deal_ticket":800000095,"order_ticket":700000095,"position_id":900000043,"entry_type":"OUT_BY","deal_type":"SELL","side":null,"layer_index":null,"role":null,"deal_price":1.11809,"order_price_open":null,"slippage_pips":null,"volume":0.00,"profit":0.96,"swap":0.00,"commission":0.00,"deal_time_broker":"2026-10-05 09:33:51","deal_time_broker_msc":1791192831000,"halted_at_receipt":false,"quarantined_at_receipt":false}
24,-1,1791192831287,ea_event,,{"type":"fill_log","seq":120,"ea_time_ms":97026656,"magic":22260201,"deal_ticket":800000096,"order_ticket":700000095,"position_id":900000048,"entry_type":"OUT_BY","deal_type":"SELL","side":null,"layer_index":null,"role":null,"deal_price":1.11905,"order_price_open":null,"slippage_pips":null,"volume":0.00,"profit":0.00,"swap":0.00,"commission":0.00,"deal_time_broker":"2026-10-05 09:33:51","deal_time_broker_msc":1791192831000,"halted_at_receipt":false,"quarantined_at_receipt":false}
24,-1,1791192831287,scalp,SCALP_CLOSED,{"close_time":"2026-10-05T09:33:51Z","instrument":"EURUSD","direction":"SHORT","entry_price":1.11905,"exit_price":1.11809,"layer_depth":3,"stack_depth":4,"gross_pnl":0.96,"instance_id":"GRIND_EURUSD_OPTD","ejected":false,"rolled":false,"broker_utc_offset_s":10800,"account_login":53077984}
24,-1,1791192841324,ea_event,,{"type":"fill_log","seq":121,"ea_time_ms":97026656,"magic":22260201,"deal_ticket":800000097,"order_ticket":9091,"position_id":900000049,"entry_type":"IN","deal_type":"BUY","side":"L","layer_index":6,"role":"ENT","deal_price":1.11780,"order_price_open":null,"slippage_pips":null,"volume":0.00,"profit":0.00,"swap":0.00,"commission":0.00,"deal_time_broker":"2026-10-05 09:34:01","deal_time_broker_msc":1791192841000,"halted_at_receipt":false,"quarantined_at_receipt":false}
24,-1,1791192916128,ea_event,,{"type":"fill_log","seq":122,"ea_time_ms":97026671,"magic":22260201,"deal_ticket":800000098,"order_ticket":9092,"position_id":900000050,"entry_type":"IN","deal_type":"SELL","side":"S","layer_index":2,"role":"EXT","deal_price":1.11739,"order_price_open":null,"slippage_pips":null,"volume":0.00,"profit":0.00,"swap":0.00,"commission":0.00,"deal_time_broker":"2026-10-05 09:35:16","deal_time_broker_msc":1791192916000,"halted_at_receipt":false,"quarantined_at_receipt":false}
24,-1,1791192916576,ea_event,,{"type":"fill_log","seq":123,"ea_time_ms":97026671,"magic":22260201,"deal_ticket":800000099,"order_ticket":700000099,"position_id":900000041,"entry_type":"OUT_BY","deal_type":"SELL","side":null,"layer_index":null,"role":null,"deal_price":1.11739,"order_price_open":null,"slippage_pips":null,"volume":0.00,"profit":0.91,"swap":0.00,"commission":0.00,"deal_time_broker":"2026-10-05 09:35:16","deal_time_broker_msc":1791192916000,"halted_at_receipt":false,"quarantined_at_receipt":false}
24,-1,1791192916576,ea_event,,{"type":"fill_log","seq":124,"ea_time_ms":97026671,"magic":22260201,"deal_ticket":800000100,"order_ticket":700000099,"position_id":900000050,"entry_type":"OUT_BY","deal_type":"SELL","side":null,"layer_index":null,"role":null,"deal_price":1.11830,"order_price_open":null,"slippage_pips":null,"volume":0.00,"profit":0.00,"swap":0.00,"commission":0.00,"deal_time_broker":"2026-10-05 09:35:16","deal_time_broker_msc":1791192916000,"halted_at_receipt":false,"quarantined_at_receipt":false}
24,-1,1791192916576,scalp,SCALP_CLOSED,{"close_time":"2026-10-05T09:35:16Z","instrument":"EURUSD","direction":"SHORT","entry_price":1.11830,"exit_price":1.11739,"layer_depth":2,"stack_depth":3,"gross_pnl":0.91,"instance_id":"GRIND_EURUSD_OPTD","ejected":false,"rolled":false,"broker_utc_offset_s":10800,"account_login":53077984}
24,-1,1791192953161,ea_event,,{"type":"fill_log","seq":125,"ea_time_ms":97026671,"magic":22260201,"deal_ticket":800000101,"order_ticket":9095,"position_id":900000051,"entry_type":"IN","deal_type":"BUY","side":"L","layer_index":7,"role":"ENT","deal_price":1.11704,"order_price_open":null,"slippage_pips":null,"volume":0.00,"profit":0.00,"swap":0.00,"commission":0.00,"deal_time_broker":"2026-10-05 09:35:53","deal_time_broker_msc":1791192953000,"halted_at_receipt":false,"quarantined_at_receipt":false}
24,-1,1791193072697,ea_event,,{"type":"fill_log","seq":126,"ea_time_ms":97026671,"magic":22260201,"deal_ticket":800000102,"order_ticket":9098,"position_id":900000052,"entry_type":"IN","deal_type":"BUY","side":"L","layer_index":7,"role":"EXT","deal_price":1.11795,"order_price_open":null,"slippage_pips":null,"volume":0.00,"profit":0.00,"swap":0.00,"commission":0.00,"deal_time_broker":"2026-10-05 09:37:52","deal_time_broker_msc":1791193072000,"halted_at_receipt":false,"quarantined_at_receipt":false}
24,-1,1791193073133,ea_event,,{"type":"fill_log","seq":127,"ea_time_ms":97026671,"magic":22260201,"deal_ticket":800000103,"order_ticket":700000103,"position_id":900000051,"entry_type":"OUT_BY","deal_type":"SELL","side":null,"layer_index":null,"role":null,"deal_price":1.11795,"order_price_open":null,"slippage_pips":null,"volume":0.00,"profit":0.91,"swap":0.00,"commission":0.00,"deal_time_broker":"2026-10-05 09:37:53","deal_time_broker_msc":1791193073000,"halted_at_receipt":false,"quarantined_at_receipt":false}
24,-1,1791193073133,ea_event,,{"type":"fill_log","seq":128,"ea_time_ms":97026671,"magic":22260201,"deal_ticket":800000104,"order_ticket":700000103,"position_id":900000052,"entry_type":"OUT_BY","deal_type":"SELL","side":null,"layer_index":null,"role":null,"deal_price":1.11704,"order_price_open":null,"slippage_pips":null,"volume":0.00,"profit":0.00,"swap":0.00,"commission":0.00,"deal_time_broker":"2026-10-05 09:37:53","deal_time_broker_msc":1791193073000,"halted_at_receipt":false,"quarantined_at_receipt":false}
24,-1,1791193073133,scalp,SCALP_CLOSED,{"close_time":"2026-10-05T09:37:53Z","instrument":"EURUSD","direction":"LONG","entry_price":1.11704,"exit_price":1.11795,"layer_depth":7,"stack_depth":8,"gross_pnl":0.91,"instance_id":"GRIND_EURUSD_OPTD","ejected":false,"rolled":false,"broker_utc_offset_s":10800,"account_login":53077984}
24,-1,1791193384637,ea_event,,{"type":"fill_log","seq":129,"ea_time_ms":97026703,"magic":22260201,"deal_ticket":800000105,"order_ticket":9097,"position_id":900000053,"entry_type":"IN","deal_type":"SELL","side":"S","layer_index":2,"role":"ENT","deal_price":1.11834,"order_price_open":null,"slippage_pips":null,"volume":0.00,"profit":0.00,"swap":0.00,"commission":0.00,"deal_time_broker":"2026-10-05 09:43:04","deal_time_broker_msc":1791193384000,"halted_at_receipt":false,"quarantined_at_receipt":false}
24,-1,1791194095012,ea_event,,{"type":"fill_log","seq":130,"ea_time_ms":97026734,"magic":22260201,"deal_ticket":800000106,"order_ticket":9099,"position_id":900000054,"entry_type":"IN","deal_type":"BUY","side":"L","layer_index":6,"role":"EXT","deal_price":1.11873,"order_price_open":null,"slippage_pips":null,"volume":0.00,"profit":0.00,"swap":0.00,"commission":0.00,"deal_time_broker":"2026-10-05 09:54:55","deal_time_broker_msc":1791194095000,"halted_at_receipt":false,"quarantined_at_receipt":false}
24,-1,1791194096046,ea_event,,{"type":"fill_log","seq":131,"ea_time_ms":97026734,"magic":22260201,"deal_ticket":800000107,"order_ticket":700000107,"position_id":900000049,"entry_type":"OUT_BY","deal_type":"SELL","side":null,"layer_index":null,"role":null,"deal_price":1.11873,"order_price_open":null,"slippage_pips":null,"volume":0.00,"profit":0.93,"swap":0.00,"commission":0.00,"deal_time_broker":"2026-10-05 09:54:56","deal_time_broker_msc":1791194096000,"halted_at_receipt":false,"quarantined_at_receipt":false}
24,-1,1791194096046,ea_event,,{"type":"fill_log","seq":132,"ea_time_ms":97026734,"magic":22260201,"deal_ticket":800000108,"order_ticket":700000107,"position_id":900000054,"entry_type":"OUT_BY","deal_type":"SELL","side":null,"layer_index":null,"role":null,"deal_price":1.11780,"order_price_open":null,"slippage_pips":null,"volume":0.00,"profit":0.00,"swap":0.00,"commission":0.00,"deal_time_broker":"2026-10-05 09:54:56","deal_time_broker_msc":1791194096000,"halted_at_receipt":false,"quarantined_at_receipt":false}
24,-1,1791194096046,scalp,SCALP_CLOSED,{"close_time":"2026-10-05T09:54:56Z","instrument":"EURUSD","direction":"LONG","entry_price":1.11780,"exit_price":1.11873,"layer_depth":6,"stack_depth":7,"gross_pnl":0.93,"instance_id":"GRIND_EURUSD_OPTD","ejected":false,"rolled":false,"broker_utc_offset_s":10800,"account_login":53077984}
24,-1,1791194131867,ea_event,,{"type":"fill_log","seq":133,"ea_time_ms":97026734,"magic":22260201,"deal_ticket":800000109,"order_ticket":9102,"position_id":900000055,"entry_type":"IN","deal_type":"SELL","side":"S","layer_index":3,"role":"ENT","deal_price":1.11911,"order_price_open":null,"slippage_pips":null,"volume":0.00,"profit":0.00,"swap":0.00,"commission":0.00,"deal_time_broker":"2026-10-05 09:55:31","deal_time_broker_msc":1791194131000,"halted_at_receipt":false,"quarantined_at_receipt":false}
24,-1,1791196345241,ea_event,,{"type":"fill_log","seq":134,"ea_time_ms":97026843,"magic":22260201,"deal_ticket":800000110,"order_ticket":9103,"position_id":900000056,"entry_type":"IN","deal_type":"BUY","side":"L","layer_index":5,"role":"EXT","deal_price":1.11952,"order_price_open":null,"slippage_pips":null,"volume":0.00,"profit":0.00,"swap":0.00,"commission":0.00,"deal_time_broker":"2026-10-05 10:32:25","deal_time_broker_msc":1791196345000,"halted_at_receipt":false,"quarantined_at_receipt":false}
24,-1,1791196345879,ea_event,,{"type":"fill_log","seq":135,"ea_time_ms":97026843,"magic":22260201,"deal_ticket":800000111,"order_ticket":700000111,"position_id":900000047,"entry_type":"OUT_BY","deal_type":"SELL","side":null,"layer_index":null,"role":null,"deal_price":1.11952,"order_price_open":null,"slippage_pips":null,"volume":0.00,"profit":0.94,"swap":0.00,"commission":0.00,"deal_time_broker":"2026-10-05 10:32:25","deal_time_broker_msc":1791196345000,"halted_at_receipt":false,"quarantined_at_receipt":false}
24,-1,1791196345879,ea_event,,{"type":"fill_log","seq":136,"ea_time_ms":97026843,"magic":22260201,"deal_ticket":800000112,"order_ticket":700000111,"position_id":900000056,"entry_type":"OUT_BY","deal_type":"SELL","side":null,"layer_index":null,"role":null,"deal_price":1.11858,"order_price_open":null,"slippage_pips":null,"volume":0.00,"profit":0.00,"swap":0.00,"commission":0.00,"deal_time_broker":"2026-10-05 10:32:25","deal_time_broker_msc":1791196345000,"halted_at_receipt":false,"quarantined_at_receipt":false}
24,-1,1791196345879,scalp,SCALP_CLOSED,{"close_time":"2026-10-05T10:32:25Z","instrument":"EURUSD","direction":"LONG","entry_price":1.11858,"exit_price":1.11952,"layer_depth":5,"stack_depth":6,"gross_pnl":0.94,"instance_id":"GRIND_EURUSD_OPTD","ejected":false,"rolled":false,"broker_utc_offset_s":10800,"account_login":53077984}
24,-1,1791196498378,ea_event,,{"type":"fill_log","seq":137,"ea_time_ms":97026859,"magic":22260201,"deal_ticket":800000113,"order_ticket":9106,"position_id":900000057,"entry_type":"IN","deal_type":"SELL","side":"S","layer_index":4,"role":"ENT","deal_price":1.11982,"order_price_open":null,"slippage_pips":null,"volume":0.00,"profit":0.00,"swap":0.00,"commission":0.00,"deal_time_broker":"2026-10-05 10:34:58","deal_time_broker_msc":1791196498000,"halted_at_receipt":false,"quarantined_at_receipt":false}
24,-1,1791196870779,ea_event,,{"type":"fill_log","seq":138,"ea_time_ms":97026875,"magic":22260201,"deal_ticket":800000114,"order_ticket":9107,"position_id":900000058,"entry_type":"IN","deal_type":"BUY","side":"L","layer_index":4,"role":"EXT","deal_price":1.12026,"order_price_open":null,"slippage_pips":null,"volume":0.00,"profit":0.00,"swap":0.00,"commission":0.00,"deal_time_broker":"2026-10-05 10:41:10","deal_time_broker_msc":1791196870000,"halted_at_receipt":false,"quarantined_at_receipt":false}
24,-1,1791196871215,ea_event,,{"type":"fill_log","seq":139,"ea_time_ms":97026875,"magic":22260201,"deal_ticket":800000115,"order_ticket":700000115,"position_id":900000014,"entry_type":"OUT_BY","deal_type":"SELL","side":null,"layer_index":null,"role":null,"deal_price":1.12026,"order_price_open":null,"slippage_pips":null,"volume":0.00,"profit":-4.70,"swap":0.00,"commission":0.00,"deal_time_broker":"2026-10-05 10:41:11","deal_time_broker_msc":1791196871000,"halted_at_receipt":false,"quarantined_at_receipt":false}
24,-1,1791196871215,ea_event,ROLL_FILLED,{"type":"ea_event","seq":140,"ea_time_ms":97026875,"magic":null,"level":"INFO","code":"ROLL_FILLED","reason":null,"ticket":900000014,"detail":{"ticket":900000014,"level":1.11932}}
24,-1,1791196871215,ea_event,,{"type":"fill_log","seq":141,"ea_time_ms":97026875,"magic":22260201,"deal_ticket":800000116,"order_ticket":700000115,"position_id":900000058,"entry_type":"OUT_BY","deal_type":"SELL","side":null,"layer_index":null,"role":null,"deal_price":1.12496,"order_price_open":null,"slippage_pips":null,"volume":0.00,"profit":0.00,"swap":0.00,"commission":0.00,"deal_time_broker":"2026-10-05 10:41:11","deal_time_broker_msc":1791196871000,"halted_at_receipt":false,"quarantined_at_receipt":false}
24,-1,1791196871215,scalp,SCALP_CLOSED,{"close_time":"2026-10-05T10:41:11Z","instrument":"EURUSD","direction":"LONG","entry_price":1.12496,"exit_price":1.12026,"layer_depth":4,"stack_depth":5,"gross_pnl":-4.70,"instance_id":"GRIND_EURUSD_OPTD","ejected":false,"rolled":true,"broker_utc_offset_s":10800,"account_login":53077984}
24,-1,1791196944420,ea_event,,{"type":"fill_log","seq":142,"ea_time_ms":97026875,"magic":22260201,"deal_ticket":800000117,"order_ticket":9110,"position_id":900000059,"entry_type":"IN","deal_type":"SELL","side":"S","layer_index":5,"role":"ENT","deal_price":1.12054,"order_price_open":null,"slippage_pips":null,"volume":0.00,"profit":0.00,"swap":0.00,"commission":0.00,"deal_time_broker":"2026-10-05 10:42:24","deal_time_broker_msc":1791196944000,"halted_at_receipt":false,"quarantined_at_receipt":false}
24,-1,1791198485803,ea_event,,{"type":"fill_log","seq":143,"ea_time_ms":97026937,"magic":22260201,"deal_ticket":800000118,"order_ticket":9113,"position_id":900000060,"entry_type":"IN","deal_type":"SELL","side":"S","layer_index":5,"role":"EXT","deal_price":1.11959,"order_price_open":null,"slippage_pips":null,"volume":0.00,"profit":0.00,"swap":0.00,"commission":0.00,"deal_time_broker":"2026-10-05 11:08:05","deal_time_broker_msc":1791198485000,"halted_at_receipt":false,"quarantined_at_receipt":false}
24,-1,1791198487442,ea_event,,{"type":"fill_log","seq":144,"ea_time_ms":97026937,"magic":22260201,"deal_ticket":800000119,"order_ticket":700000119,"position_id":900000059,"entry_type":"OUT_BY","deal_type":"SELL","side":null,"layer_index":null,"role":null,"deal_price":1.11959,"order_price_open":null,"slippage_pips":null,"volume":0.00,"profit":0.95,"swap":0.00,"commission":0.00,"deal_time_broker":"2026-10-05 11:08:07","deal_time_broker_msc":1791198487000,"halted_at_receipt":false,"quarantined_at_receipt":false}
24,-1,1791198487442,ea_event,,{"type":"fill_log","seq":145,"ea_time_ms":97026937,"magic":22260201,"deal_ticket":800000120,"order_ticket":700000119,"position_id":900000060,"entry_type":"OUT_BY","deal_type":"SELL","side":null,"layer_index":null,"role":null,"deal_price":1.12054,"order_price_open":null,"slippage_pips":null,"volume":0.00,"profit":0.00,"swap":0.00,"commission":0.00,"deal_time_broker":"2026-10-05 11:08:07","deal_time_broker_msc":1791198487000,"halted_at_receipt":false,"quarantined_at_receipt":false}
24,-1,1791198487442,scalp,SCALP_CLOSED,{"close_time":"2026-10-05T11:08:07Z","instrument":"EURUSD","direction":"SHORT","entry_price":1.12054,"exit_price":1.11959,"layer_depth":5,"stack_depth":6,"gross_pnl":0.95,"instance_id":"GRIND_EURUSD_OPTD","ejected":false,"rolled":false,"broker_utc_offset_s":10800,"account_login":53077984}
24,-1,1791198885951,ea_event,,{"type":"fill_log","seq":146,"ea_time_ms":97026953,"magic":22260201,"deal_ticket":800000121,"order_ticket":9116,"position_id":900000061,"entry_type":"IN","deal_type":"SELL","side":"S","layer_index":5,"role":"ENT","deal_price":1.12054,"order_price_open":null,"slippage_pips":null,"volume":0.00,"profit":0.00,"swap":0.00,"commission":0.00,"deal_time_broker":"2026-10-05 11:14:45","deal_time_broker_msc":1791198885000,"halted_at_receipt":false,"quarantined_at_receipt":false}
24,-1,1791200543819,ea_event,,{"type":"fill_log","seq":147,"ea_time_ms":97027015,"magic":22260201,"deal_ticket":800000122,"order_ticket":9111,"position_id":900000062,"entry_type":"IN","deal_type":"BUY","side":"L","layer_index":3,"role":"EXT","deal_price":1.12095,"order_price_open":null,"slippage_pips":null,"volume":0.00,"profit":0.00,"swap":0.00,"commission":0.00,"deal_time_broker":"2026-10-05 11:42:23","deal_time_broker_msc":1791200543000,"halted_at_receipt":false,"quarantined_at_receipt":false}
24,-1,1791200544253,ea_event,,{"type":"fill_log","seq":148,"ea_time_ms":97027015,"magic":22260201,"deal_ticket":800000123,"order_ticket":700000123,"position_id":900000006,"entry_type":"OUT_BY","deal_type":"SELL","side":null,"layer_index":null,"role":null,"deal_price":1.12095,"order_price_open":null,"slippage_pips":null,"volume":0.00,"profit":-4.72,"swap":-0.08,"commission":0.00,"deal_time_broker":"2026-10-05 11:42:24","deal_time_broker_msc":1791200544000,"halted_at_receipt":false,"quarantined_at_receipt":false}
24,-1,1791200544253,ea_event,ROLL_FILLED,{"type":"ea_event","seq":149,"ea_time_ms":97027015,"magic":null,"level":"INFO","code":"ROLL_FILLED","reason":null,"ticket":900000006,"detail":{"ticket":900000006,"level":1.12002}}
24,-1,1791200544253,ea_event,,{"type":"fill_log","seq":150,"ea_time_ms":97027015,"magic":22260201,"deal_ticket":800000124,"order_ticket":700000123,"position_id":900000062,"entry_type":"OUT_BY","deal_type":"SELL","side":null,"layer_index":null,"role":null,"deal_price":1.12567,"order_price_open":null,"slippage_pips":null,"volume":0.00,"profit":0.00,"swap":0.00,"commission":0.00,"deal_time_broker":"2026-10-05 11:42:24","deal_time_broker_msc":1791200544000,"halted_at_receipt":false,"quarantined_at_receipt":false}
24,-1,1791200544253,scalp,SCALP_CLOSED,{"close_time":"2026-10-05T11:42:24Z","instrument":"EURUSD","direction":"LONG","entry_price":1.12567,"exit_price":1.12095,"layer_depth":3,"stack_depth":4,"gross_pnl":-4.80,"instance_id":"GRIND_EURUSD_OPTD","ejected":false,"rolled":true,"broker_utc_offset_s":10800,"account_login":53077984}
24,-1,1791200832179,ea_event,,{"type":"fill_log","seq":151,"ea_time_ms":97027031,"magic":22260201,"deal_ticket":800000125,"order_ticket":9118,"position_id":900000063,"entry_type":"IN","deal_type":"SELL","side":"S","layer_index":6,"role":"ENT","deal_price":1.12125,"order_price_open":null,"slippage_pips":null,"volume":0.00,"profit":0.00,"swap":0.00,"commission":0.00,"deal_time_broker":"2026-10-05 11:47:12","deal_time_broker_msc":1791200832000,"halted_at_receipt":false,"quarantined_at_receipt":false}
24,-1,1791201123659,ea_event,,{"type":"fill_log","seq":152,"ea_time_ms":97027046,"magic":22260201,"deal_ticket":800000126,"order_ticket":9119,"position_id":900000064,"entry_type":"IN","deal_type":"BUY","side":"L","layer_index":2,"role":"EXT","deal_price":1.12164,"order_price_open":null,"slippage_pips":null,"volume":0.00,"profit":0.00,"swap":0.00,"commission":0.00,"deal_time_broker":"2026-10-05 11:52:03","deal_time_broker_msc":1791201123000,"halted_at_receipt":false,"quarantined_at_receipt":false}
24,-1,1791201124297,ea_event,,{"type":"fill_log","seq":153,"ea_time_ms":97027046,"magic":22260201,"deal_ticket":800000127,"order_ticket":700000127,"position_id":900000004,"entry_type":"OUT_BY","deal_type":"SELL","side":null,"layer_index":null,"role":null,"deal_price":1.12164,"order_price_open":null,"slippage_pips":null,"volume":0.00,"profit":-4.74,"swap":-0.08,"commission":0.00,"deal_time_broker":"2026-10-05 11:52:04","deal_time_broker_msc":1791201124000,"halted_at_receipt":false,"quarantined_at_receipt":false}
24,-1,1791201124297,ea_event,ROLL_FILLED,{"type":"ea_event","seq":154,"ea_time_ms":97027046,"magic":null,"level":"INFO","code":"ROLL_FILLED","reason":null,"ticket":900000004,"detail":{"ticket":900000004,"level":1.12072}}
24,-1,1791201124297,ea_event,,{"type":"fill_log","seq":155,"ea_time_ms":97027046,"magic":22260201,"deal_ticket":800000128,"order_ticket":700000127,"position_id":900000064,"entry_type":"OUT_BY","deal_type":"SELL","side":null,"layer_index":null,"role":null,"deal_price":1.12638,"order_price_open":null,"slippage_pips":null,"volume":0.00,"profit":0.00,"swap":0.00,"commission":0.00,"deal_time_broker":"2026-10-05 11:52:04","deal_time_broker_msc":1791201124000,"halted_at_receipt":false,"quarantined_at_receipt":false}
24,-1,1791201124297,scalp,SCALP_CLOSED,{"close_time":"2026-10-05T11:52:04Z","instrument":"EURUSD","direction":"LONG","entry_price":1.12638,"exit_price":1.12164,"layer_depth":2,"stack_depth":3,"gross_pnl":-4.82,"instance_id":"GRIND_EURUSD_OPTD","ejected":false,"rolled":true,"broker_utc_offset_s":10800,"account_login":53077984}
24,-1,1791203182488,ea_event,,{"type":"fill_log","seq":156,"ea_time_ms":97027109,"magic":22260201,"deal_ticket":800000129,"order_ticket":9122,"position_id":900000065,"entry_type":"IN","deal_type":"SELL","side":"S","layer_index":7,"role":"ENT","deal_price":1.12197,"order_price_open":null,"slippage_pips":null,"volume":0.00,"profit":0.00,"swap":0.00,"commission":0.00,"deal_time_broker":"2026-10-05 12:26:22","deal_time_broker_msc":1791203182000,"halted_at_receipt":false,"quarantined_at_receipt":false}
24,-1,1791204232389,ea_event,,{"type":"fill_log","seq":157,"ea_time_ms":97027125,"magic":22260201,"deal_ticket":800000130,"order_ticket":9125,"position_id":900000066,"entry_type":"IN","deal_type":"SELL","side":"S","layer_index":7,"role":"EXT","deal_price":1.12105,"order_price_open":null,"slippage_pips":null,"volume":0.00,"profit":0.00,"swap":0.00,"commission":0.00,"deal_time_broker":"2026-10-05 12:43:52","deal_time_broker_msc":1791204232000,"halted_at_receipt":false,"quarantined_at_receipt":false}
24,-1,1791204233035,ea_event,,{"type":"fill_log","seq":158,"ea_time_ms":97027125,"magic":22260201,"deal_ticket":800000131,"order_ticket":700000131,"position_id":900000065,"entry_type":"OUT_BY","deal_type":"SELL","side":null,"layer_index":null,"role":null,"deal_price":1.12105,"order_price_open":null,"slippage_pips":null,"volume":0.00,"profit":0.92,"swap":0.00,"commission":0.00,"deal_time_broker":"2026-10-05 12:43:53","deal_time_broker_msc":1791204233000,"halted_at_receipt":false,"quarantined_at_receipt":false}
24,-1,1791204233035,ea_event,,{"type":"fill_log","seq":159,"ea_time_ms":97027125,"magic":22260201,"deal_ticket":800000132,"order_ticket":700000131,"position_id":900000066,"entry_type":"OUT_BY","deal_type":"SELL","side":null,"layer_index":null,"role":null,"deal_price":1.12197,"order_price_open":null,"slippage_pips":null,"volume":0.00,"profit":0.00,"swap":0.00,"commission":0.00,"deal_time_broker":"2026-10-05 12:43:53","deal_time_broker_msc":1791204233000,"halted_at_receipt":false,"quarantined_at_receipt":false}
24,-1,1791204233035,scalp,SCALP_CLOSED,{"close_time":"2026-10-05T12:43:53Z","instrument":"EURUSD","direction":"SHORT","entry_price":1.12197,"exit_price":1.12105,"layer_depth":7,"stack_depth":8,"gross_pnl":0.92,"instance_id":"GRIND_EURUSD_OPTD","ejected":false,"rolled":false,"broker_utc_offset_s":10800,"account_login":53077984}
24,-1,1791204301596,ea_event,,{"type":"fill_log","seq":160,"ea_time_ms":97027125,"magic":22260201,"deal_ticket":800000133,"order_ticket":9124,"position_id":900000067,"entry_type":"IN","deal_type":"BUY","side":"L","layer_index":2,"role":"ENT","deal_price":1.12069,"order_price_open":null,"slippage_pips":null,"volume":0.00,"profit":0.00,"swap":0.00,"commission":0.00,"deal_time_broker":"2026-10-05 12:45:01","deal_time_broker_msc":1791204301000,"halted_at_receipt":false,"quarantined_at_receipt":false}
24,-1,1791206249993,ea_event,,{"type":"fill_log","seq":161,"ea_time_ms":97027187,"magic":22260201,"deal_ticket":800000134,"order_ticket":9126,"position_id":900000068,"entry_type":"IN","deal_type":"SELL","side":"S","layer_index":6,"role":"EXT","deal_price":1.12028,"order_price_open":null,"slippage_pips":null,"volume":0.00,"profit":0.00,"swap":0.00,"commission":0.00,"deal_time_broker":"2026-10-05 13:17:29","deal_time_broker_msc":1791206249000,"halted_at_receipt":false,"quarantined_at_receipt":false}
24,-1,1791206250425,ea_event,,{"type":"fill_log","seq":162,"ea_time_ms":97027187,"magic":22260201,"deal_ticket":800000135,"order_ticket":700000135,"position_id":900000063,"entry_type":"OUT_BY","deal_type":"SELL","side":null,"layer_index":null,"role":null,"deal_price":1.12028,"order_price_open":null,"slippage_pips":null,"volume":0.00,"profit":0.97,"swap":0.00,"commission":0.00,"deal_time_broker":"2026-10-05 13:17:30","deal_time_broker_msc":1791206250000,"halted_at_receipt":false,"quarantined_at_receipt":false}
24,-1,1791206250425,ea_event,,{"type":"fill_log","seq":163,"ea_time_ms":97027187,"magic":22260201,"deal_ticket":800000136,"order_ticket":700000135,"position_id":900000068,"entry_type":"OUT_BY","deal_type":"SELL","side":null,"layer_index":null,"role":null,"deal_price":1.12125,"order_price_open":null,"slippage_pips":null,"volume":0.00,"profit":0.00,"swap":0.00,"commission":0.00,"deal_time_broker":"2026-10-05 13:17:30","deal_time_broker_msc":1791206250000,"halted_at_receipt":false,"quarantined_at_receipt":false}
24,-1,1791206250425,scalp,SCALP_CLOSED,{"close_time":"2026-10-05T13:17:30Z","instrument":"EURUSD","direction":"SHORT","entry_price":1.12125,"exit_price":1.12028,"layer_depth":6,"stack_depth":7,"gross_pnl":0.97,"instance_id":"GRIND_EURUSD_OPTD","ejected":false,"rolled":false,"broker_utc_offset_s":10800,"account_login":53077984}
24,-1,1791208481765,ea_event,,{"type":"fill_log","seq":164,"ea_time_ms":97027234,"magic":22260201,"deal_ticket":800000137,"order_ticket":9129,"position_id":900000069,"entry_type":"IN","deal_type":"BUY","side":"L","layer_index":3,"role":"ENT","deal_price":1.11998,"order_price_open":null,"slippage_pips":null,"volume":0.00,"profit":0.00,"swap":0.00,"commission":0.00,"deal_time_broker":"2026-10-05 13:54:41","deal_time_broker_msc":1791208481000,"halted_at_receipt":false,"quarantined_at_receipt":false}
24,-1,1791209672139,ea_event,,{"type":"fill_log","seq":165,"ea_time_ms":97027281,"magic":22260201,"deal_ticket":800000138,"order_ticket":9130,"position_id":900000070,"entry_type":"IN","deal_type":"SELL","side":"S","layer_index":5,"role":"EXT","deal_price":1.11963,"order_price_open":null,"slippage_pips":null,"volume":0.00,"profit":0.00,"swap":0.00,"commission":0.00,"deal_time_broker":"2026-10-05 14:14:32","deal_time_broker_msc":1791209672000,"halted_at_receipt":false,"quarantined_at_receipt":false}
24,-1,1791209672775,ea_event,,{"type":"fill_log","seq":166,"ea_time_ms":97027281,"magic":22260201,"deal_ticket":800000139,"order_ticket":700000139,"position_id":900000061,"entry_type":"OUT_BY","deal_type":"SELL","side":null,"layer_index":null,"role":null,"deal_price":1.11963,"order_price_open":null,"slippage_pips":null,"volume":0.00,"profit":0.91,"swap":0.00,"commission":0.00,"deal_time_broker":"2026-10-05 14:14:32","deal_time_broker_msc":1791209672000,"halted_at_receipt":false,"quarantined_at_receipt":false}
24,-1,1791209672775,ea_event,,{"type":"fill_log","seq":167,"ea_time_ms":97027281,"magic":22260201,"deal_ticket":800000140,"order_ticket":700000139,"position_id":900000070,"entry_type":"OUT_BY","deal_type":"SELL","side":null,"layer_index":null,"role":null,"deal_price":1.12054,"order_price_open":null,"slippage_pips":null,"volume":0.00,"profit":0.00,"swap":0.00,"commission":0.00,"deal_time_broker":"2026-10-05 14:14:32","deal_time_broker_msc":1791209672000,"halted_at_receipt":false,"quarantined_at_receipt":false}
24,-1,1791209672775,scalp,SCALP_CLOSED,{"close_time":"2026-10-05T14:14:32Z","instrument":"EURUSD","direction":"SHORT","entry_price":1.12054,"exit_price":1.11963,"layer_depth":5,"stack_depth":6,"gross_pnl":0.91,"instance_id":"GRIND_EURUSD_OPTD","ejected":false,"rolled":false,"broker_utc_offset_s":10800,"account_login":53077984}
24,-1,1791210437993,ea_event,,{"type":"fill_log","seq":168,"ea_time_ms":97027312,"magic":22260201,"deal_ticket":800000141,"order_ticket":9135,"position_id":900000071,"entry_type":"IN","deal_type":"SELL","side":"S","layer_index":5,"role":"ENT","deal_price":1.12062,"order_price_open":null,"slippage_pips":null,"volume":0.00,"profit":0.00,"swap":0.00,"commission":0.00,"deal_time_broker":"2026-10-05 14:27:17","deal_time_broker_msc":1791210437000,"halted_at_receipt":false,"quarantined_at_receipt":false}
24,-1,1791210511731,ea_event,,{"type":"fill_log","seq":169,"ea_time_ms":97027312,"magic":22260201,"deal_ticket":800000142,"order_ticket":9132,"position_id":900000072,"entry_type":"IN","deal_type":"BUY","side":"L","layer_index":3,"role":"EXT","deal_price":1.12094,"order_price_open":null,"slippage_pips":null,"volume":0.00,"profit":0.00,"swap":0.00,"commission":0.00,"deal_time_broker":"2026-10-05 14:28:31","deal_time_broker_msc":1791210511000,"halted_at_receipt":false,"quarantined_at_receipt":false}
24,-1,1791210512153,ea_event,,{"type":"fill_log","seq":170,"ea_time_ms":97027312,"magic":22260201,"deal_ticket":800000143,"order_ticket":700000143,"position_id":900000069,"entry_type":"OUT_BY","deal_type":"SELL","side":null,"layer_index":null,"role":null,"deal_price":1.12094,"order_price_open":null,"slippage_pips":null,"volume":0.00,"profit":0.96,"swap":0.00,"commission":0.00,"deal_time_broker":"2026-10-05 14:28:32","deal_time_broker_msc":1791210512000,"halted_at_receipt":false,"quarantined_at_receipt":false}
24,-1,1791210512153,ea_event,,{"type":"fill_log","seq":171,"ea_time_ms":97027312,"magic":22260201,"deal_ticket":800000144,"order_ticket":700000143,"position_id":900000072,"entry_type":"OUT_BY","deal_type":"SELL","side":null,"layer_index":null,"role":null,"deal_price":1.11998,"order_price_open":null,"slippage_pips":null,"volume":0.00,"profit":0.00,"swap":0.00,"commission":0.00,"deal_time_broker":"2026-10-05 14:28:32","deal_time_broker_msc":1791210512000,"halted_at_receipt":false,"quarantined_at_receipt":false}
24,-1,1791210512153,scalp,SCALP_CLOSED,{"close_time":"2026-10-05T14:28:32Z","instrument":"EURUSD","direction":"LONG","entry_price":1.11998,"exit_price":1.12094,"layer_depth":3,"stack_depth":4,"gross_pnl":0.96,"instance_id":"GRIND_EURUSD_OPTD","ejected":false,"rolled":false,"broker_utc_offset_s":10800,"account_login":53077984}
24,-1,1791210556784,ea_event,,{"type":"fill_log","seq":172,"ea_time_ms":97027312,"magic":22260201,"deal_ticket":800000145,"order_ticket":9137,"position_id":900000073,"entry_type":"IN","deal_type":"SELL","side":"S","layer_index":6,"role":"ENT","deal_price":1.12134,"order_price_open":null,"slippage_pips":null,"volume":0.00,"profit":0.00,"swap":0.00,"commission":0.00,"deal_time_broker":"2026-10-05 14:29:16","deal_time_broker_msc":1791210556000,"halted_at_receipt":false,"quarantined_at_receipt":false}
24,-1,1791210605247,ea_event,,{"type":"fill_log","seq":173,"ea_time_ms":97027328,"magic":22260201,"deal_ticket":800000146,"order_ticket":9138,"position_id":900000074,"entry_type":"IN","deal_type":"BUY","side":"L","layer_index":2,"role":"EXT","deal_price":1.12163,"order_price_open":null,"slippage_pips":null,"volume":0.00,"profit":0.00,"swap":0.00,"commission":0.00,"deal_time_broker":"2026-10-05 14:30:05","deal_time_broker_msc":1791210605000,"halted_at_receipt":false,"quarantined_at_receipt":false}
24,-1,1791210605888,ea_event,,{"type":"fill_log","seq":174,"ea_time_ms":97027328,"magic":22260201,"deal_ticket":800000147,"order_ticket":700000147,"position_id":900000067,"entry_type":"OUT_BY","deal_type":"SELL","side":null,"layer_index":null,"role":null,"deal_price":1.12163,"order_price_open":null,"slippage_pips":null,"volume":0.00,"profit":0.94,"swap":0.00,"commission":0.00,"deal_time_broker":"2026-10-05 14:30:05","deal_time_broker_msc":1791210605000,"halted_at_receipt":false,"quarantined_at_receipt":false}
24,-1,1791210605888,ea_event,,{"type":"fill_log","seq":175,"ea_time_ms":97027328,"magic":22260201,"deal_ticket":800000148,"order_ticket":700000147,"position_id":900000074,"entry_type":"OUT_BY","deal_type":"SELL","side":null,"layer_index":null,"role":null,"deal_price":1.12069,"order_price_open":null,"slippage_pips":null,"volume":0.00,"profit":0.00,"swap":0.00,"commission":0.00,"deal_time_broker":"2026-10-05 14:30:05","deal_time_broker_msc":1791210605000,"halted_at_receipt":false,"quarantined_at_receipt":false}
24,-1,1791210605888,scalp,SCALP_CLOSED,{"close_time":"2026-10-05T14:30:05Z","instrument":"EURUSD","direction":"LONG","entry_price":1.12069,"exit_price":1.12163,"layer_depth":2,"stack_depth":3,"gross_pnl":0.94,"instance_id":"GRIND_EURUSD_OPTD","ejected":false,"rolled":false,"broker_utc_offset_s":10800,"account_login":53077984}
24,-1,1791211013126,ea_event,,{"type":"fill_log","seq":176,"ea_time_ms":97027343,"magic":22260201,"deal_ticket":800000149,"order_ticket":9143,"position_id":900000075,"entry_type":"IN","deal_type":"BUY","side":"L","layer_index":2,"role":"ENT","deal_price":1.12071,"order_price_open":null,"slippage_pips":null,"volume":0.00,"profit":0.00,"swap":0.00,"commission":0.00,"deal_time_broker":"2026-10-05 14:36:53","deal_time_broker_msc":1791211013000,"halted_at_receipt":false,"quarantined_at_receipt":false}
24,-1,1791211369170,ea_event,,{"type":"fill_log","seq":177,"ea_time_ms":97027359,"magic":22260201,"deal_ticket":800000150,"order_ticket":9140,"position_id":900000076,"entry_type":"IN","deal_type":"SELL","side":"S","layer_index":6,"role":"EXT","deal_price":1.12040,"order_price_open":null,"slippage_pips":null,"volume":0.00,"profit":0.00,"swap":0.00,"commission":0.00,"deal_time_broker":"2026-10-05 14:42:49","deal_time_broker_msc":1791211369000,"halted_at_receipt":false,"quarantined_at_receipt":false}
24,-1,1791211369804,ea_event,,{"type":"fill_log","seq":178,"ea_time_ms":97027359,"magic":22260201,"deal_ticket":800000151,"order_ticket":700000151,"position_id":900000073,"entry_type":"OUT_BY","deal_type":"SELL","side":null,"layer_index":null,"role":null,"deal_price":1.12040,"order_price_open":null,"slippage_pips":null,"volume":0.00,"profit":0.94,"swap":0.00,"commission":0.00,"deal_time_broker":"2026-10-05 14:42:49","deal_time_broker_msc":1791211369000,"halted_at_receipt":false,"quarantined_at_receipt":false}
24,-1,1791211369804,ea_event,,{"type":"fill_log","seq":179,"ea_time_ms":97027359,"magic":22260201,"deal_ticket":800000152,"order_ticket":700000151,"position_id":900000076,"entry_type":"OUT_BY","deal_type":"SELL","side":null,"layer_index":null,"role":null,"deal_price":1.12134,"order_price_open":null,"slippage_pips":null,"volume":0.00,"profit":0.00,"swap":0.00,"commission":0.00,"deal_time_broker":"2026-10-05 14:42:49","deal_time_broker_msc":1791211369000,"halted_at_receipt":false,"quarantined_at_receipt":false}
24,-1,1791211369804,scalp,SCALP_CLOSED,{"close_time":"2026-10-05T14:42:49Z","instrument":"EURUSD","direction":"SHORT","entry_price":1.12134,"exit_price":1.12040,"layer_depth":6,"stack_depth":7,"gross_pnl":0.94,"instance_id":"GRIND_EURUSD_OPTD","ejected":false,"rolled":false,"broker_utc_offset_s":10800,"account_login":53077984}
24,-1,1791213775840,ea_event,,{"type":"fill_log","seq":180,"ea_time_ms":97027437,"magic":22260201,"deal_ticket":800000153,"order_ticket":9145,"position_id":900000077,"entry_type":"IN","deal_type":"BUY","side":"L","layer_index":3,"role":"ENT","deal_price":1.11997,"order_price_open":null,"slippage_pips":null,"volume":0.00,"profit":0.00,"swap":0.00,"commission":0.00,"deal_time_broker":"2026-10-05 15:22:55","deal_time_broker_msc":1791213775000,"halted_at_receipt":false,"quarantined_at_receipt":false}
24,-1,1791214167931,ea_event,,{"type":"fill_log","seq":181,"ea_time_ms":97027453,"magic":22260201,"deal_ticket":800000154,"order_ticket":9148,"position_id":900000078,"entry_type":"IN","deal_type":"BUY","side":"L","layer_index":3,"role":"EXT","deal_price":1.12088,"order_price_open":null,"slippage_pips":null,"volume":0.00,"profit":0.00,"swap":0.00,"commission":0.00,"deal_time_broker":"2026-10-05 15:29:27","deal_time_broker_msc":1791214167000,"halted_at_receipt":false,"quarantined_at_receipt":false}
24,-1,1791214168366,ea_event,,{"type":"fill_log","seq":182,"ea_time_ms":97027453,"magic":22260201,"deal_ticket":800000155,"order_ticket":700000155,"position_id":900000077,"entry_type":"OUT_BY","deal_type":"SELL","side":null,"layer_index":null,"role":null,"deal_price":1.12088,"order_price_open":null,"slippage_pips":null,"volume":0.00,"profit":0.91,"swap":0.00,"commission":0.00,"deal_time_broker":"2026-10-05 15:29:28","deal_time_broker_msc":1791214168000,"halted_at_receipt":false,"quarantined_at_receipt":false}
24,-1,1791214168366,ea_event,,{"type":"fill_log","seq":183,"ea_time_ms":97027453,"magic":22260201,"deal_ticket":800000156,"order_ticket":700000155,"position_id":900000078,"entry_type":"OUT_BY","deal_type":"SELL","side":null,"layer_index":null,"role":null,"deal_price":1.11997,"order_price_open":null,"slippage_pips":null,"volume":0.00,"profit":0.00,"swap":0.00,"commission":0.00,"deal_time_broker":"2026-10-05 15:29:28","deal_time_broker_msc":1791214168000,"halted_at_receipt":false,"quarantined_at_receipt":false}
24,-1,1791214168366,scalp,SCALP_CLOSED,{"close_time":"2026-10-05T15:29:28Z","instrument":"EURUSD","direction":"LONG","entry_price":1.11997,"exit_price":1.12088,"layer_depth":3,"stack_depth":4,"gross_pnl":0.91,"instance_id":"GRIND_EURUSD_OPTD","ejected":false,"rolled":false,"broker_utc_offset_s":10800,"account_login":53077984}
24,-1,1791214284566,ea_event,,{"type":"fill_log","seq":184,"ea_time_ms":97027468,"magic":22260201,"deal_ticket":800000157,"order_ticket":9147,"position_id":900000079,"entry_type":"IN","deal_type":"SELL","side":"S","layer_index":6,"role":"ENT","deal_price":1.12134,"order_price_open":null,"slippage_pips":null,"volume":0.00,"profit":0.00,"swap":0.00,"commission":0.00,"deal_time_broker":"2026-10-05 15:31:24","deal_time_broker_msc":1791214284000,"halted_at_receipt":false,"quarantined_at_receipt":false}
24,-1,1791215231118,ea_event,,{"type":"fill_log","seq":185,"ea_time_ms":97027500,"magic":22260201,"deal_ticket":800000158,"order_ticket":9152,"position_id":900000080,"entry_type":"IN","deal_type":"SELL","side":"S","layer_index":6,"role":"EXT","deal_price":1.12041,"order_price_open":null,"slippage_pips":null,"volume":0.00,"profit":0.00,"swap":0.00,"commission":0.00,"deal_time_broker":"2026-10-05 15:47:11","deal_time_broker_msc":1791215231000,"halted_at_receipt":false,"quarantined_at_receipt":false}
24,-1,1791215231753,ea_event,,{"type":"fill_log","seq":186,"ea_time_ms":97027500,"magic":22260201,"deal_ticket":800000159,"order_ticket":700000159,"position_id":900000079,"entry_type":"OUT_BY","deal_type":"SELL","side":null,"layer_index":null,"role":null,"deal_price":1.12041,"order_price_open":null,"slippage_pips":null,"volume":0.00,"profit":0.93,"swap":0.00,"commission":0.00,"deal_time_broker":"2026-10-05 15:47:11","deal_time_broker_msc":1791215231000,"halted_at_receipt":false,"quarantined_at_receipt":false}
24,-1,1791215231753,ea_event,,{"type":"fill_log","seq":187,"ea_time_ms":97027500,"magic":22260201,"deal_ticket":800000160,"order_ticket":700000159,"position_id":900000080,"entry_type":"OUT_BY","deal_type":"SELL","side":null,"layer_index":null,"role":null,"deal_price":1.12134,"order_price_open":null,"slippage_pips":null,"volume":0.00,"profit":0.00,"swap":0.00,"commission":0.00,"deal_time_broker":"2026-10-05 15:47:11","deal_time_broker_msc":1791215231000,"halted_at_receipt":false,"quarantined_at_receipt":false}
24,-1,1791215231753,scalp,SCALP_CLOSED,{"close_time":"2026-10-05T15:47:11Z","instrument":"EURUSD","direction":"SHORT","entry_price":1.12134,"exit_price":1.12041,"layer_depth":6,"stack_depth":7,"gross_pnl":0.93,"instance_id":"GRIND_EURUSD_OPTD","ejected":false,"rolled":false,"broker_utc_offset_s":10800,"account_login":53077984}
24,-1,1791216135968,ea_event,,{"type":"fill_log","seq":188,"ea_time_ms":97027531,"magic":22260201,"deal_ticket":800000161,"order_ticket":9155,"position_id":900000081,"entry_type":"IN","deal_type":"SELL","side":"S","layer_index":6,"role":"ENT","deal_price":1.12135,"order_price_open":null,"slippage_pips":null,"volume":0.00,"profit":0.00,"swap":0.00,"commission":0.00,"deal_time_broker":"2026-10-05 16:02:15","deal_time_broker_msc":1791216135000,"halted_at_receipt":false,"quarantined_at_receipt":false}
24,-1,1791216643269,ea_event,,{"type":"fill_log","seq":189,"ea_time_ms":97027546,"magic":22260201,"deal_ticket":800000162,"order_ticket":9156,"position_id":900000082,"entry_type":"IN","deal_type":"SELL","side":"S","layer_index":6,"role":"EXT","deal_price":1.12040,"order_price_open":null,"slippage_pips":null,"volume":0.00,"profit":0.00,"swap":0.00,"commission":0.00,"deal_time_broker":"2026-10-05 16:10:43","deal_time_broker_msc":1791216643000,"halted_at_receipt":false,"quarantined_at_receipt":false}
24,-1,1791216644714,ea_event,,{"type":"fill_log","seq":190,"ea_time_ms":97027546,"magic":22260201,"deal_ticket":800000163,"order_ticket":700000163,"position_id":900000081,"entry_type":"OUT_BY","deal_type":"SELL","side":null,"layer_index":null,"role":null,"deal_price":1.12040,"order_price_open":null,"slippage_pips":null,"volume":0.00,"profit":0.95,"swap":0.00,"commission":0.00,"deal_time_broker":"2026-10-05 16:10:44","deal_time_broker_msc":1791216644000,"halted_at_receipt":false,"quarantined_at_receipt":false}
24,-1,1791216644714,ea_event,,{"type":"fill_log","seq":191,"ea_time_ms":97027546,"magic":22260201,"deal_ticket":800000164,"order_ticket":700000163,"position_id":900000082,"entry_type":"OUT_BY","deal_type":"SELL","side":null,"layer_index":null,"role":null,"deal_price":1.12135,"order_price_open":null,"slippage_pips":null,"volume":0.00,"profit":0.00,"swap":0.00,"commission":0.00,"deal_time_broker":"2026-10-05 16:10:44","deal_time_broker_msc":1791216644000,"halted_at_receipt":false,"quarantined_at_receipt":false}
24,-1,1791216644714,scalp,SCALP_CLOSED,{"close_time":"2026-10-05T16:10:44Z","instrument":"EURUSD","direction":"SHORT","entry_price":1.12135,"exit_price":1.12040,"layer_depth":6,"stack_depth":7,"gross_pnl":0.95,"instance_id":"GRIND_EURUSD_OPTD","ejected":false,"rolled":false,"broker_utc_offset_s":10800,"account_login":53077984}
24,-1,1791217879233,ea_event,,{"type":"fill_log","seq":192,"ea_time_ms":97027609,"magic":22260201,"deal_ticket":800000165,"order_ticket":9151,"position_id":900000083,"entry_type":"IN","deal_type":"BUY","side":"L","layer_index":3,"role":"ENT","deal_price":1.11994,"order_price_open":null,"slippage_pips":null,"volume":0.00,"profit":0.00,"swap":0.00,"commission":0.00,"deal_time_broker":"2026-10-05 16:31:19","deal_time_broker_msc":1791217879000,"halted_at_receipt":false,"quarantined_at_receipt":false}
24,-1,1791218003993,ea_event,,{"type":"fill_log","seq":193,"ea_time_ms":97027609,"magic":22260201,"deal_ticket":800000166,"order_ticket":9158,"position_id":900000084,"entry_type":"IN","deal_type":"SELL","side":"S","layer_index":5,"role":"EXT","deal_price":1.11971,"order_price_open":null,"slippage_pips":null,"volume":0.00,"profit":0.00,"swap":0.00,"commission":0.00,"deal_time_broker":"2026-10-05 16:33:23","deal_time_broker_msc":1791218003000,"halted_at_receipt":false,"quarantined_at_receipt":false}
24,-1,1791218004429,ea_event,,{"type":"fill_log","seq":194,"ea_time_ms":97027609,"magic":22260201,"deal_ticket":800000167,"order_ticket":700000167,"position_id":900000071,"entry_type":"OUT_BY","deal_type":"SELL","side":null,"layer_index":null,"role":null,"deal_price":1.11971,"order_price_open":null,"slippage_pips":null,"volume":0.00,"profit":0.91,"swap":0.00,"commission":0.00,"deal_time_broker":"2026-10-05 16:33:24","deal_time_broker_msc":1791218004000,"halted_at_receipt":false,"quarantined_at_receipt":false}
24,-1,1791218004429,ea_event,,{"type":"fill_log","seq":195,"ea_time_ms":97027609,"magic":22260201,"deal_ticket":800000168,"order_ticket":700000167,"position_id":900000084,"entry_type":"OUT_BY","deal_type":"SELL","side":null,"layer_index":null,"role":null,"deal_price":1.12062,"order_price_open":null,"slippage_pips":null,"volume":0.00,"profit":0.00,"swap":0.00,"commission":0.00,"deal_time_broker":"2026-10-05 16:33:24","deal_time_broker_msc":1791218004000,"halted_at_receipt":false,"quarantined_at_receipt":false}
24,-1,1791218004429,scalp,SCALP_CLOSED,{"close_time":"2026-10-05T16:33:24Z","instrument":"EURUSD","direction":"SHORT","entry_price":1.12062,"exit_price":1.11971,"layer_depth":5,"stack_depth":6,"gross_pnl":0.91,"instance_id":"GRIND_EURUSD_OPTD","ejected":false,"rolled":false,"broker_utc_offset_s":10800,"account_login":53077984}
24,-1,1791218312692,ea_event,,{"type":"fill_log","seq":196,"ea_time_ms":97027625,"magic":22260201,"deal_ticket":800000169,"order_ticket":9161,"position_id":900000085,"entry_type":"IN","deal_type":"BUY","side":"L","layer_index":4,"role":"ENT","deal_price":1.11922,"order_price_open":null,"slippage_pips":null,"volume":0.00,"profit":0.00,"swap":0.00,"commission":0.00,"deal_time_broker":"2026-10-05 16:38:32","deal_time_broker_msc":1791218312000,"halted_at_receipt":false,"quarantined_at_receipt":false}
24,-1,1791218757718,ea_event,,{"type":"fill_log","seq":197,"ea_time_ms":97027640,"magic":22260201,"deal_ticket":800000170,"order_ticket":9162,"position_id":900000086,"entry_type":"IN","deal_type":"SELL","side":"S","layer_index":4,"role":"EXT","deal_price":1.11891,"order_price_open":null,"slippage_pips":null,"volume":0.00,"profit":0.00,"swap":0.00,"commission":0.00,"deal_time_broker":"2026-10-05 16:45:57","deal_time_broker_msc":1791218757000,"halted_at_receipt":false,"quarantined_at_receipt":false}
24,-1,1791218758152,ea_event,,{"type":"fill_log","seq":198,"ea_time_ms":97027640,"magic":22260201,"deal_ticket":800000171,"order_ticket":700000171,"position_id":900000057,"entry_type":"OUT_BY","deal_type":"SELL","side":null,"layer_index":null,"role":null,"deal_price":1.11891,"order_price_open":null,"slippage_pips":null,"volume":0.00,"profit":0.91,"swap":0.00,"commission":0.00,"deal_time_broker":"2026-10-05 16:45:58","deal_time_broker_msc":1791218758000,"halted_at_receipt":false,"quarantined_at_receipt":false}
24,-1,1791218758152,ea_event,,{"type":"fill_log","seq":199,"ea_time_ms":97027640,"magic":22260201,"deal_ticket":800000172,"order_ticket":700000171,"position_id":900000086,"entry_type":"OUT_BY","deal_type":"SELL","side":null,"layer_index":null,"role":null,"deal_price":1.11982,"order_price_open":null,"slippage_pips":null,"volume":0.00,"profit":0.00,"swap":0.00,"commission":0.00,"deal_time_broker":"2026-10-05 16:45:58","deal_time_broker_msc":1791218758000,"halted_at_receipt":false,"quarantined_at_receipt":false}
24,-1,1791218758152,scalp,SCALP_CLOSED,{"close_time":"2026-10-05T16:45:58Z","instrument":"EURUSD","direction":"SHORT","entry_price":1.11982,"exit_price":1.11891,"layer_depth":4,"stack_depth":5,"gross_pnl":0.91,"instance_id":"GRIND_EURUSD_OPTD","ejected":false,"rolled":false,"broker_utc_offset_s":10800,"account_login":53077984}
24,-1,1791222079365,ea_event,,{"type":"fill_log","seq":200,"ea_time_ms":97027828,"magic":22260201,"deal_ticket":800000173,"order_ticket":9167,"position_id":900000087,"entry_type":"IN","deal_type":"SELL","side":"S","layer_index":4,"role":"ENT","deal_price":1.11982,"order_price_open":null,"slippage_pips":null,"volume":0.00,"profit":0.00,"swap":0.00,"commission":0.00,"deal_time_broker":"2026-10-05 17:41:19","deal_time_broker_msc":1791222079000,"halted_at_receipt":false,"quarantined_at_receipt":false}
24,-1,1791222419592,ea_event,,{"type":"fill_log","seq":201,"ea_time_ms":97027843,"magic":22260201,"deal_ticket":800000174,"order_ticket":9164,"position_id":900000088,"entry_type":"IN","deal_type":"BUY","side":"L","layer_index":4,"role":"EXT","deal_price":1.12015,"order_price_open":null,"slippage_pips":null,"volume":0.00,"profit":0.00,"swap":0.00,"commission":0.00,"deal_time_broker":"2026-10-05 17:46:59","deal_time_broker_msc":1791222419000,"halted_at_receipt":false,"quarantined_at_receipt":false}
24,-1,1791222420428,ea_event,,{"type":"fill_log","seq":202,"ea_time_ms":97027843,"magic":22260201,"deal_ticket":800000175,"order_ticket":700000175,"position_id":900000085,"entry_type":"OUT_BY","deal_type":"SELL","side":null,"layer_index":null,"role":null,"deal_price":1.12015,"order_price_open":null,"slippage_pips":null,"volume":0.00,"profit":0.93,"swap":0.00,"commission":0.00,"deal_time_broker":"2026-10-05 17:47:00","deal_time_broker_msc":1791222420000,"halted_at_receipt":false,"quarantined_at_receipt":false}
24,-1,1791222420428,ea_event,,{"type":"fill_log","seq":203,"ea_time_ms":97027843,"magic":22260201,"deal_ticket":800000176,"order_ticket":700000175,"position_id":900000088,"entry_type":"OUT_BY","deal_type":"SELL","side":null,"layer_index":null,"role":null,"deal_price":1.11922,"order_price_open":null,"slippage_pips":null,"volume":0.00,"profit":0.00,"swap":0.00,"commission":0.00,"deal_time_broker":"2026-10-05 17:47:00","deal_time_broker_msc":1791222420000,"halted_at_receipt":false,"quarantined_at_receipt":false}
24,-1,1791222420428,scalp,SCALP_CLOSED,{"close_time":"2026-10-05T17:47:00Z","instrument":"EURUSD","direction":"LONG","entry_price":1.11922,"exit_price":1.12015,"layer_depth":4,"stack_depth":5,"gross_pnl":0.93,"instance_id":"GRIND_EURUSD_OPTD","ejected":false,"rolled":false,"broker_utc_offset_s":10800,"account_login":53077984}
24,-1,1791222790678,ea_event,,{"type":"fill_log","seq":204,"ea_time_ms":97027859,"magic":22260201,"deal_ticket":800000177,"order_ticket":9169,"position_id":900000089,"entry_type":"IN","deal_type":"SELL","side":"S","layer_index":5,"role":"ENT","deal_price":1.12055,"order_price_open":null,"slippage_pips":null,"volume":0.00,"profit":0.00,"swap":0.00,"commission":0.00,"deal_time_broker":"2026-10-05 17:53:10","deal_time_broker_msc":1791222790000,"halted_at_receipt":false,"quarantined_at_receipt":false}
24,-1,1791223056429,ea_event,,{"type":"fill_log","seq":205,"ea_time_ms":97027875,"magic":22260201,"deal_ticket":800000178,"order_ticket":9170,"position_id":900000090,"entry_type":"IN","deal_type":"BUY","side":"L","layer_index":3,"role":"EXT","deal_price":1.12086,"order_price_open":null,"slippage_pips":null,"volume":0.00,"profit":0.00,"swap":0.00,"commission":0.00,"deal_time_broker":"2026-10-05 17:57:36","deal_time_broker_msc":1791223056000,"halted_at_receipt":false,"quarantined_at_receipt":false}
24,-1,1791223057663,ea_event,,{"type":"fill_log","seq":206,"ea_time_ms":97027875,"magic":22260201,"deal_ticket":800000179,"order_ticket":700000179,"position_id":900000083,"entry_type":"OUT_BY","deal_type":"SELL","side":null,"layer_index":null,"role":null,"deal_price":1.12086,"order_price_open":null,"slippage_pips":null,"volume":0.00,"profit":0.92,"swap":0.00,"commission":0.00,"deal_time_broker":"2026-10-05 17:57:37","deal_time_broker_msc":1791223057000,"halted_at_receipt":false,"quarantined_at_receipt":false}
24,-1,1791223057663,ea_event,,{"type":"fill_log","seq":207,"ea_time_ms":97027875,"magic":22260201,"deal_ticket":800000180,"order_ticket":700000179,"position_id":900000090,"entry_type":"OUT_BY","deal_type":"SELL","side":null,"layer_index":null,"role":null,"deal_price":1.11994,"order_price_open":null,"slippage_pips":null,"volume":0.00,"profit":0.00,"swap":0.00,"commission":0.00,"deal_time_broker":"2026-10-05 17:57:37","deal_time_broker_msc":1791223057000,"halted_at_receipt":false,"quarantined_at_receipt":false}
24,-1,1791223057663,scalp,SCALP_CLOSED,{"close_time":"2026-10-05T17:57:37Z","instrument":"EURUSD","direction":"LONG","entry_price":1.11994,"exit_price":1.12086,"layer_depth":3,"stack_depth":4,"gross_pnl":0.92,"instance_id":"GRIND_EURUSD_OPTD","ejected":false,"rolled":false,"broker_utc_offset_s":10800,"account_login":53077984}
24,-1,1791223550086,ea_event,,{"type":"fill_log","seq":208,"ea_time_ms":97027890,"magic":22260201,"deal_ticket":800000181,"order_ticket":9173,"position_id":900000091,"entry_type":"IN","deal_type":"SELL","side":"S","layer_index":6,"role":"ENT","deal_price":1.12131,"order_price_open":null,"slippage_pips":null,"volume":0.00,"profit":0.00,"swap":0.00,"commission":0.00,"deal_time_broker":"2026-10-05 18:05:50","deal_time_broker_msc":1791223550000,"halted_at_receipt":false,"quarantined_at_receipt":false}
24,-1,1791223681571,ea_event,,{"type":"fill_log","seq":209,"ea_time_ms":97027906,"magic":22260201,"deal_ticket":800000182,"order_ticket":9174,"position_id":900000092,"entry_type":"IN","deal_type":"BUY","side":"L","layer_index":2,"role":"EXT","deal_price":1.12161,"order_price_open":null,"slippage_pips":null,"volume":0.00,"profit":0.00,"swap":0.00,"commission":0.00,"deal_time_broker":"2026-10-05 18:08:01","deal_time_broker_msc":1791223681000,"halted_at_receipt":false,"quarantined_at_receipt":false}
24,-1,1791223683605,ea_event,,{"type":"fill_log","seq":210,"ea_time_ms":97027906,"magic":22260201,"deal_ticket":800000183,"order_ticket":700000183,"position_id":900000075,"entry_type":"OUT_BY","deal_type":"SELL","side":null,"layer_index":null,"role":null,"deal_price":1.12161,"order_price_open":null,"slippage_pips":null,"volume":0.00,"profit":0.90,"swap":0.00,"commission":0.00,"deal_time_broker":"2026-10-05 18:08:03","deal_time_broker_msc":1791223683000,"halted_at_receipt":false,"quarantined_at_receipt":false}
24,-1,1791223683605,ea_event,,{"type":"fill_log","seq":211,"ea_time_ms":97027906,"magic":22260201,"deal_ticket":800000184,"order_ticket":700000183,"position_id":900000092,"entry_type":"OUT_BY","deal_type":"SELL","side":null,"layer_index":null,"role":null,"deal_price":1.12071,"order_price_open":null,"slippage_pips":null,"volume":0.00,"profit":0.00,"swap":0.00,"commission":0.00,"deal_time_broker":"2026-10-05 18:08:03","deal_time_broker_msc":1791223683000,"halted_at_receipt":false,"quarantined_at_receipt":false}
24,-1,1791223683605,scalp,SCALP_CLOSED,{"close_time":"2026-10-05T18:08:03Z","instrument":"EURUSD","direction":"LONG","entry_price":1.12071,"exit_price":1.12161,"layer_depth":2,"stack_depth":3,"gross_pnl":0.90,"instance_id":"GRIND_EURUSD_OPTD","ejected":false,"rolled":false,"broker_utc_offset_s":10800,"account_login":53077984}
24,-1,1791227168650,ea_event,,{"type":"fill_log","seq":212,"ea_time_ms":97028031,"magic":22260201,"deal_ticket":800000185,"order_ticket":9179,"position_id":900000093,"entry_type":"IN","deal_type":"BUY","side":"L","layer_index":2,"role":"ENT","deal_price":1.12070,"order_price_open":null,"slippage_pips":null,"volume":0.00,"profit":0.00,"swap":0.00,"commission":0.00,"deal_time_broker":"2026-10-05 19:06:08","deal_time_broker_msc":1791227168000,"halted_at_receipt":false,"quarantined_at_receipt":false}
24,-1,1791227511586,ea_event,,{"type":"fill_log","seq":213,"ea_time_ms":97028046,"magic":22260201,"deal_ticket":800000186,"order_ticket":9176,"position_id":900000094,"entry_type":"IN","deal_type":"SELL","side":"S","layer_index":6,"role":"EXT","deal_price":1.12040,"order_price_open":null,"slippage_pips":null,"volume":0.00,"profit":0.00,"swap":0.00,"commission":0.00,"deal_time_broker":"2026-10-05 19:11:51","deal_time_broker_msc":1791227511000,"halted_at_receipt":false,"quarantined_at_receipt":false}
24,-1,1791227513037,ea_event,,{"type":"fill_log","seq":214,"ea_time_ms":97028046,"magic":22260201,"deal_ticket":800000187,"order_ticket":700000187,"position_id":900000091,"entry_type":"OUT_BY","deal_type":"SELL","side":null,"layer_index":null,"role":null,"deal_price":1.12040,"order_price_open":null,"slippage_pips":null,"volume":0.00,"profit":0.91,"swap":0.00,"commission":0.00,"deal_time_broker":"2026-10-05 19:11:53","deal_time_broker_msc":1791227513000,"halted_at_receipt":false,"quarantined_at_receipt":false}
24,-1,1791227513037,ea_event,,{"type":"fill_log","seq":215,"ea_time_ms":97028046,"magic":22260201,"deal_ticket":800000188,"order_ticket":700000187,"position_id":900000094,"entry_type":"OUT_BY","deal_type":"SELL","side":null,"layer_index":null,"role":null,"deal_price":1.12131,"order_price_open":null,"slippage_pips":null,"volume":0.00,"profit":0.00,"swap":0.00,"commission":0.00,"deal_time_broker":"2026-10-05 19:11:53","deal_time_broker_msc":1791227513000,"halted_at_receipt":false,"quarantined_at_receipt":false}
24,-1,1791227513037,scalp,SCALP_CLOSED,{"close_time":"2026-10-05T19:11:53Z","instrument":"EURUSD","direction":"SHORT","entry_price":1.12131,"exit_price":1.12040,"layer_depth":6,"stack_depth":7,"gross_pnl":0.91,"instance_id":"GRIND_EURUSD_OPTD","ejected":false,"rolled":false,"broker_utc_offset_s":10800,"account_login":53077984}
24,-1,1791230816694,ea_event,,{"type":"fill_log","seq":216,"ea_time_ms":97028140,"magic":22260201,"deal_ticket":800000189,"order_ticket":9181,"position_id":900000095,"entry_type":"IN","deal_type":"BUY","side":"L","layer_index":3,"role":"ENT","deal_price":1.12000,"order_price_open":null,"slippage_pips":null,"volume":0.00,"profit":0.00,"swap":0.00,"commission":0.00,"deal_time_broker":"2026-10-05 20:06:56","deal_time_broker_msc":1791230816000,"halted_at_receipt":false,"quarantined_at_receipt":false}
24,-1,1791233851308,ea_event,,{"type":"fill_log","seq":217,"ea_time_ms":97028203,"magic":22260201,"deal_ticket":800000190,"order_ticket":9184,"position_id":900000096,"entry_type":"IN","deal_type":"BUY","side":"L","layer_index":3,"role":"EXT","deal_price":1.12091,"order_price_open":null,"slippage_pips":null,"volume":0.00,"profit":0.00,"swap":0.00,"commission":0.00,"deal_time_broker":"2026-10-05 20:57:31","deal_time_broker_msc":1791233851000,"halted_at_receipt":false,"quarantined_at_receipt":false}
24,-1,1791233852348,ea_event,,{"type":"fill_log","seq":218,"ea_time_ms":97028203,"magic":22260201,"deal_ticket":800000191,"order_ticket":700000191,"position_id":900000095,"entry_type":"OUT_BY","deal_type":"SELL","side":null,"layer_index":null,"role":null,"deal_price":1.12091,"order_price_open":null,"slippage_pips":null,"volume":0.00,"profit":0.91,"swap":0.00,"commission":0.00,"deal_time_broker":"2026-10-05 20:57:32","deal_time_broker_msc":1791233852000,"halted_at_receipt":false,"quarantined_at_receipt":false}
24,-1,1791233852348,ea_event,,{"type":"fill_log","seq":219,"ea_time_ms":97028203,"magic":22260201,"deal_ticket":800000192,"order_ticket":700000191,"position_id":900000096,"entry_type":"OUT_BY","deal_type":"SELL","side":null,"layer_index":null,"role":null,"deal_price":1.12000,"order_price_open":null,"slippage_pips":null,"volume":0.00,"profit":0.00,"swap":0.00,"commission":0.00,"deal_time_broker":"2026-10-05 20:57:32","deal_time_broker_msc":1791233852000,"halted_at_receipt":false,"quarantined_at_receipt":false}
24,-1,1791233852348,scalp,SCALP_CLOSED,{"close_time":"2026-10-05T20:57:32Z","instrument":"EURUSD","direction":"LONG","entry_price":1.12000,"exit_price":1.12091,"layer_depth":3,"stack_depth":4,"gross_pnl":0.91,"instance_id":"GRIND_EURUSD_OPTD","ejected":false,"rolled":false,"broker_utc_offset_s":10800,"account_login":53077984}
24,-1,1791234060763,ea_event,,{"type":"fill_log","seq":220,"ea_time_ms":97028218,"magic":22260201,"deal_ticket":800000193,"order_ticket":9183,"position_id":900000097,"entry_type":"IN","deal_type":"SELL","side":"S","layer_index":6,"role":"ENT","deal_price":1.12128,"order_price_open":null,"slippage_pips":null,"volume":0.00,"profit":0.00,"swap":0.00,"commission":0.00,"deal_time_broker":"2026-10-05 21:01:00","deal_time_broker_msc":1791234060000,"halted_at_receipt":false,"quarantined_at_receipt":false}
24,-1,1791234324541,ea_event,,{"type":"fill_log","seq":221,"ea_time_ms":97028218,"magic":22260201,"deal_ticket":800000194,"order_ticket":9186,"position_id":900000098,"entry_type":"IN","deal_type":"BUY","side":"L","layer_index":2,"role":"EXT","deal_price":1.12161,"order_price_open":null,"slippage_pips":null,"volume":0.00,"profit":0.00,"swap":0.00,"commission":0.00,"deal_time_broker":"2026-10-05 21:05:24","deal_time_broker_msc":1791234324000,"halted_at_receipt":false,"quarantined_at_receipt":false}
24,-1,1791234325380,ea_event,,{"type":"fill_log","seq":222,"ea_time_ms":97028218,"magic":22260201,"deal_ticket":800000195,"order_ticket":700000195,"position_id":900000093,"entry_type":"OUT_BY","deal_type":"SELL","side":null,"layer_index":null,"role":null,"deal_price":1.12161,"order_price_open":null,"slippage_pips":null,"volume":0.00,"profit":0.91,"swap":0.00,"commission":0.00,"deal_time_broker":"2026-10-05 21:05:25","deal_time_broker_msc":1791234325000,"halted_at_receipt":false,"quarantined_at_receipt":false}
24,-1,1791234325380,ea_event,,{"type":"fill_log","seq":223,"ea_time_ms":97028218,"magic":22260201,"deal_ticket":800000196,"order_ticket":700000195,"position_id":900000098,"entry_type":"OUT_BY","deal_type":"SELL","side":null,"layer_index":null,"role":null,"deal_price":1.12070,"order_price_open":null,"slippage_pips":null,"volume":0.00,"profit":0.00,"swap":0.00,"commission":0.00,"deal_time_broker":"2026-10-05 21:05:25","deal_time_broker_msc":1791234325000,"halted_at_receipt":false,"quarantined_at_receipt":false}
24,-1,1791234325380,scalp,SCALP_CLOSED,{"close_time":"2026-10-05T21:05:25Z","instrument":"EURUSD","direction":"LONG","entry_price":1.12070,"exit_price":1.12161,"layer_depth":2,"stack_depth":3,"gross_pnl":0.91,"instance_id":"GRIND_EURUSD_OPTD","ejected":false,"rolled":false,"broker_utc_offset_s":10800,"account_login":53077984}
24,-1,1791239154890,ea_event,,{"type":"fill_log","seq":224,"ea_time_ms":97028312,"magic":22260201,"deal_ticket":800000197,"order_ticket":9189,"position_id":900000099,"entry_type":"IN","deal_type":"SELL","side":"S","layer_index":7,"role":"ENT","deal_price":1.12199,"order_price_open":null,"slippage_pips":null,"volume":0.00,"profit":0.00,"swap":0.00,"commission":0.00,"deal_time_broker":"2026-10-05 22:25:54","deal_time_broker_msc":1791239154000,"halted_at_receipt":false,"quarantined_at_receipt":false}
24,-1,1791244200001,ea_event,CARRY_EXIT_SHIFT,{"type":"ea_event","seq":225,"ea_time_ms":97028375,"magic":null,"level":"INFO","code":"CARRY_EXIT_SHIFT","reason":"EURUSD","ticket":null,"detail":{"position_ticket":1983404301,"side":"long","layer_index":0,"accrued_ledger_pips":-0.800,"pending_pips":-0.799,"accrued_pips_total":-1.599,"old_price":1.12302,"new_price":1.12318,"clamped":false,"sign_guard_skipped":false,"retcode":10009,"points_native_pips":-2.397}}
24,-1,1791244200001,ea_event,CARRY_EXIT_SHIFT,{"type":"ea_event","seq":226,"ea_time_ms":97028375,"magic":null,"level":"INFO","code":"CARRY_EXIT_SHIFT","reason":"EURUSD","ticket":null,"detail":{"position_ticket":900000002,"side":"long","layer_index":1,"accrued_ledger_pips":-0.800,"pending_pips":-0.799,"accrued_pips_total":-1.599,"old_price":1.12232,"new_price":1.12248,"clamped":false,"sign_guard_skipped":false,"retcode":10009,"points_native_pips":-2.397}}
24,-1,1791244260001,ea_event,CARRY_EXIT_SHIFT,{"type":"ea_event","seq":227,"ea_time_ms":97028375,"magic":null,"level":"INFO","code":"CARRY_EXIT_SHIFT","reason":"EURUSD","ticket":null,"detail":{"position_ticket":900000030,"side":"short","layer_index":0,"accrued_ledger_pips":0.000,"pending_pips":0.131,"accrued_pips_total":0.131,"old_price":1.11598,"new_price":1.11599,"clamped":false,"sign_guard_skipped":false,"retcode":10009,"points_native_pips":0.131}}
24,-1,1791244440001,ea_event,CARRY_EXIT_SHIFT,{"type":"ea_event","seq":228,"ea_time_ms":97028390,"magic":null,"level":"INFO","code":"CARRY_EXIT_SHIFT","reason":"EURUSD","ticket":null,"detail":{"position_ticket":900000099,"side":"short","layer_index":7,"accrued_ledger_pips":0.000,"pending_pips":0.131,"accrued_pips_total":0.131,"old_price":1.12109,"new_price":1.12110,"clamped":false,"sign_guard_skipped":false,"retcode":10009,"points_native_pips":0.131}}
24,-1,1791244440001,ea_event,CARRY_PASS_SUMMARY,{"type":"ea_event","seq":229,"ea_time_ms":97028390,"magic":null,"level":"INFO","code":"CARRY_PASS_SUMMARY","reason":"EURUSD","ticket":null,"detail":{"eligible":10,"shifted":4,"clamped":0,"skipped":0,"failed":0,"incomplete":false}}
26,-1,1791255947472,ea_event,,{"type":"fill_log","seq":0,"ea_time_ms":97028500,"magic":22260201,"deal_ticket":800000001,"order_ticket":1988240489,"position_id":900000001,"entry_type":"IN","deal_type":"BUY","side":"L","layer_index":1,"role":"ENT","deal_price":1.12146,"order_price_open":null,"slippage_pips":null,"volume":0.00,"profit":0.00,"swap":0.00,"commission":0.00,"deal_time_broker":"2026-10-06 03:05:47","deal_time_broker_msc":1791255947000,"halted_at_receipt":false,"quarantined_at_receipt":false}
26,-1,1791259209647,ea_event,,{"type":"fill_log","seq":1,"ea_time_ms":97028546,"magic":22260201,"deal_ticket":800000002,"order_ticket":9000,"position_id":900000002,"entry_type":"IN","deal_type":"BUY","side":"L","layer_index":1,"role":"EXT","deal_price":1.12241,"order_price_open":null,"slippage_pips":null,"volume":0.00,"profit":0.00,"swap":0.00,"commission":0.00,"deal_time_broker":"2026-10-06 04:00:09","deal_time_broker_msc":1791259209000,"halted_at_receipt":false,"quarantined_at_receipt":false}
26,-1,1791259210269,ea_event,,{"type":"fill_log","seq":2,"ea_time_ms":97028546,"magic":22260201,"deal_ticket":800000003,"order_ticket":700000003,"position_id":900000001,"entry_type":"OUT_BY","deal_type":"SELL","side":null,"layer_index":null,"role":null,"deal_price":1.12241,"order_price_open":null,"slippage_pips":null,"volume":0.00,"profit":0.95,"swap":0.00,"commission":0.00,"deal_time_broker":"2026-10-06 04:00:10","deal_time_broker_msc":1791259210000,"halted_at_receipt":false,"quarantined_at_receipt":false}
26,-1,1791259210269,ea_event,,{"type":"fill_log","seq":3,"ea_time_ms":97028546,"magic":22260201,"deal_ticket":800000004,"order_ticket":700000003,"position_id":900000002,"entry_type":"OUT_BY","deal_type":"SELL","side":null,"layer_index":null,"role":null,"deal_price":1.12146,"order_price_open":null,"slippage_pips":null,"volume":0.00,"profit":0.00,"swap":0.00,"commission":0.00,"deal_time_broker":"2026-10-06 04:00:10","deal_time_broker_msc":1791259210000,"halted_at_receipt":false,"quarantined_at_receipt":false}
26,-1,1791259210269,scalp,SCALP_CLOSED,{"close_time":"2026-10-06T04:00:10Z","instrument":"EURUSD","direction":"LONG","entry_price":1.12146,"exit_price":1.12241,"layer_depth":1,"stack_depth":2,"gross_pnl":0.95,"instance_id":"GRIND_EURUSD_OPTD","ejected":false,"rolled":false,"broker_utc_offset_s":10800,"account_login":53077984}
26,-1,1791259224075,ea_event,ROLL_ACCEPTED,{"type":"ea_event","seq":4,"ea_time_ms":97028546,"magic":null,"level":"INFO","code":"ROLL_ACCEPTED","reason":null,"ticket":1985687105,"detail":{"ticket":1985687105,"side":"S","layer_index":0,"entry":1.11688,"level":1.12264,"target":1.12175,"accrued":0.00001,"clamped":false,"cost":0.00486,"cost_pips":48.6,"rolled":1,"was_ejected":false,"source":"auto","reroll":false,"from_level":0.00000}}
26,-1,1791262511902,ea_event,,{"type":"fill_log","seq":5,"ea_time_ms":97028609,"magic":22260201,"deal_ticket":800000005,"order_ticket":1985694703,"position_id":900000003,"entry_type":"IN","deal_type":"SELL","side":"S","layer_index":0,"role":"EXT","deal_price":1.12174,"order_price_open":null,"slippage_pips":null,"volume":0.00,"profit":0.00,"swap":0.00,"commission":0.00,"deal_time_broker":"2026-10-06 04:55:11","deal_time_broker_msc":1791262511000,"halted_at_receipt":false,"quarantined_at_receipt":false}
26,-1,1791262512339,ea_event,,{"type":"fill_log","seq":6,"ea_time_ms":97028609,"magic":22260201,"deal_ticket":800000006,"order_ticket":700000006,"position_id":1985687105,"entry_type":"OUT_BY","deal_type":"SELL","side":null,"layer_index":null,"role":null,"deal_price":1.12174,"order_price_open":null,"slippage_pips":null,"volume":0.00,"profit":-4.86,"swap":0.01,"commission":0.00,"deal_time_broker":"2026-10-06 04:55:12","deal_time_broker_msc":1791262512000,"halted_at_receipt":false,"quarantined_at_receipt":false}
26,-1,1791262512339,ea_event,ROLL_FILLED,{"type":"ea_event","seq":7,"ea_time_ms":97028609,"magic":null,"level":"INFO","code":"ROLL_FILLED","reason":null,"ticket":1985687105,"detail":{"ticket":1985687105,"level":1.12264}}
26,-1,1791262512339,ea_event,,{"type":"fill_log","seq":8,"ea_time_ms":97028609,"magic":22260201,"deal_ticket":800000007,"order_ticket":700000006,"position_id":900000003,"entry_type":"OUT_BY","deal_type":"SELL","side":null,"layer_index":null,"role":null,"deal_price":1.11688,"order_price_open":null,"slippage_pips":null,"volume":0.00,"profit":0.00,"swap":0.00,"commission":0.00,"deal_time_broker":"2026-10-06 04:55:12","deal_time_broker_msc":1791262512000,"halted_at_receipt":false,"quarantined_at_receipt":false}
26,-1,1791262512339,scalp,SCALP_CLOSED,{"close_time":"2026-10-06T04:55:12Z","instrument":"EURUSD","direction":"SHORT","entry_price":1.11688,"exit_price":1.12174,"layer_depth":0,"stack_depth":8,"gross_pnl":-4.85,"instance_id":"GRIND_EURUSD_OPTD","ejected":false,"rolled":true,"broker_utc_offset_s":10800,"account_login":53077984}
26,-1,1791263686798,ea_event,,{"type":"fill_log","seq":9,"ea_time_ms":97028625,"magic":22260201,"deal_ticket":800000008,"order_ticket":9002,"position_id":900000004,"entry_type":"IN","deal_type":"BUY","side":"L","layer_index":1,"role":"ENT","deal_price":1.12145,"order_price_open":null,"slippage_pips":null,"volume":0.00,"profit":0.00,"swap":0.00,"commission":0.00,"deal_time_broker":"2026-10-06 05:14:46","deal_time_broker_msc":1791263686000,"halted_at_receipt":false,"quarantined_at_receipt":false}
27,-1,1791277527895,ea_event,,{"type":"fill_log","seq":0,"ea_time_ms":97028796,"magic":22260201,"deal_ticket":800000001,"order_ticket":1988657869,"position_id":900000001,"entry_type":"IN","deal_type":"SELL","side":"S","layer_index":7,"role":"EXT","deal_price":1.12083,"order_price_open":null,"slippage_pips":null,"volume":0.00,"profit":0.00,"swap":0.00,"commission":0.00,"deal_time_broker":"2026-10-06 09:05:27","deal_time_broker_msc":1791277527000,"halted_at_receipt":false,"quarantined_at_receipt":false}
27,-1,1791277528329,ea_event,,{"type":"fill_log","seq":1,"ea_time_ms":97028796,"magic":22260201,"deal_ticket":800000002,"order_ticket":700000002,"position_id":1988013431,"entry_type":"OUT_BY","deal_type":"SELL","side":null,"layer_index":null,"role":null,"deal_price":1.12083,"order_price_open":null,"slippage_pips":null,"volume":0.00,"profit":1.11,"swap":0.01,"commission":0.00,"deal_time_broker":"2026-10-06 09:05:28","deal_time_broker_msc":1791277528000,"halted_at_receipt":false,"quarantined_at_receipt":false}
27,-1,1791277528329,ea_event,,{"type":"fill_log","seq":2,"ea_time_ms":97028796,"magic":22260201,"deal_ticket":800000003,"order_ticket":700000002,"position_id":900000001,"entry_type":"OUT_BY","deal_type":"SELL","side":null,"layer_index":null,"role":null,"deal_price":1.12194,"order_price_open":null,"slippage_pips":null,"volume":0.00,"profit":0.00,"swap":0.00,"commission":0.00,"deal_time_broker":"2026-10-06 09:05:28","deal_time_broker_msc":1791277528000,"halted_at_receipt":false,"quarantined_at_receipt":false}
27,-1,1791277528329,scalp,SCALP_CLOSED,{"close_time":"2026-10-06T09:05:28Z","instrument":"EURUSD","direction":"SHORT","entry_price":1.12194,"exit_price":1.12083,"layer_depth":7,"stack_depth":7,"gross_pnl":1.12,"instance_id":"GRIND_EURUSD_OPTD","ejected":false,"rolled":false,"broker_utc_offset_s":10800,"account_login":53077984}
27,-1,1791277597316,ea_event,,{"type":"fill_log","seq":3,"ea_time_ms":97028796,"magic":22260201,"deal_ticket":800000004,"order_ticket":1988692255,"position_id":900000002,"entry_type":"IN","deal_type":"BUY","side":"L","layer_index":2,"role":"ENT","deal_price":1.12069,"order_price_open":null,"slippage_pips":null,"volume":0.00,"profit":0.00,"swap":0.00,"commission":0.00,"deal_time_broker":"2026-10-06 09:06:37","deal_time_broker_msc":1791277597000,"halted_at_receipt":false,"quarantined_at_receipt":false}
27,-1,1791281717456,ea_event,,{"type":"fill_log","seq":4,"ea_time_ms":97028921,"magic":22260201,"deal_ticket":800000005,"order_ticket":9002,"position_id":900000003,"entry_type":"IN","deal_type":"BUY","side":"L","layer_index":2,"role":"EXT","deal_price":1.12181,"order_price_open":null,"slippage_pips":null,"volume":0.00,"profit":0.00,"swap":0.00,"commission":0.00,"deal_time_broker":"2026-10-06 10:15:17","deal_time_broker_msc":1791281717000,"halted_at_receipt":false,"quarantined_at_receipt":false}
27,-1,1791281717892,ea_event,,{"type":"fill_log","seq":5,"ea_time_ms":97028921,"magic":22260201,"deal_ticket":800000006,"order_ticket":700000006,"position_id":900000002,"entry_type":"OUT_BY","deal_type":"SELL","side":null,"layer_index":null,"role":null,"deal_price":1.12181,"order_price_open":null,"slippage_pips":null,"volume":0.00,"profit":1.12,"swap":0.00,"commission":0.00,"deal_time_broker":"2026-10-06 10:15:17","deal_time_broker_msc":1791281717000,"halted_at_receipt":false,"quarantined_at_receipt":false}
27,-1,1791281717892,ea_event,,{"type":"fill_log","seq":6,"ea_time_ms":97028921,"magic":22260201,"deal_ticket":800000007,"order_ticket":700000006,"position_id":900000003,"entry_type":"OUT_BY","deal_type":"SELL","side":null,"layer_index":null,"role":null,"deal_price":1.12069,"order_price_open":null,"slippage_pips":null,"volume":0.00,"profit":0.00,"swap":0.00,"commission":0.00,"deal_time_broker":"2026-10-06 10:15:17","deal_time_broker_msc":1791281717000,"halted_at_receipt":false,"quarantined_at_receipt":false}
27,-1,1791281717892,scalp,SCALP_CLOSED,{"close_time":"2026-10-06T10:15:17Z","instrument":"EURUSD","direction":"LONG","entry_price":1.12069,"exit_price":1.12181,"layer_depth":2,"stack_depth":3,"gross_pnl":1.12,"instance_id":"GRIND_EURUSD_OPTD","ejected":false,"rolled":false,"broker_utc_offset_s":10800,"account_login":53077984}
27,-1,1791281738412,ea_event,,{"type":"fill_log","seq":7,"ea_time_ms":97028921,"magic":22260201,"deal_ticket":800000008,"order_ticket":9001,"position_id":900000004,"entry_type":"IN","deal_type":"SELL","side":"S","layer_index":7,"role":"ENT","deal_price":1.12197,"order_price_open":null,"slippage_pips":null,"volume":0.00,"profit":0.00,"swap":0.00,"commission":0.00,"deal_time_broker":"2026-10-06 10:15:38","deal_time_broker_msc":1791281738000,"halted_at_receipt":false,"quarantined_at_receipt":false}
27,-1,1791283176837,ea_event,,{"type":"fill_log","seq":8,"ea_time_ms":97028968,"magic":22260201,"deal_ticket":800000009,"order_ticket":9004,"position_id":900000005,"entry_type":"IN","deal_type":"BUY","side":"L","layer_index":1,"role":"EXT","deal_price":1.12257,"order_price_open":null,"slippage_pips":null,"volume":0.00,"profit":0.00,"swap":0.00,"commission":0.00,"deal_time_broker":"2026-10-06 10:39:36","deal_time_broker_msc":1791283176000,"halted_at_receipt":false,"quarantined_at_receipt":false}
27,-1,1791283179086,ea_event,,{"type":"fill_log","seq":9,"ea_time_ms":97028968,"magic":22260201,"deal_ticket":800000010,"order_ticket":700000010,"position_id":1988536791,"entry_type":"OUT_BY","deal_type":"SELL","side":null,"layer_index":null,"role":null,"deal_price":1.12257,"order_price_open":null,"slippage_pips":null,"volume":0.00,"profit":1.12,"swap":0.00,"commission":0.00,"deal_time_broker":"2026-10-06 10:39:39","deal_time_broker_msc":1791283179000,"halted_at_receipt":false,"quarantined_at_receipt":false}
27,-1,1791283179086,ea_event,,{"type":"fill_log","seq":10,"ea_time_ms":97028968,"magic":22260201,"deal_ticket":800000011,"order_ticket":700000010,"position_id":900000005,"entry_type":"OUT_BY","deal_type":"SELL","side":null,"layer_index":null,"role":null,"deal_price":1.12145,"order_price_open":null,"slippage_pips":null,"volume":0.00,"profit":0.00,"swap":0.00,"commission":0.00,"deal_time_broker":"2026-10-06 10:39:39","deal_time_broker_msc":1791283179000,"halted_at_receipt":false,"quarantined_at_receipt":false}
27,-1,1791283179086,scalp,SCALP_CLOSED,{"close_time":"2026-10-06T10:39:39Z","instrument":"EURUSD","direction":"LONG","entry_price":1.12145,"exit_price":1.12257,"layer_depth":1,"stack_depth":2,"gross_pnl":1.12,"instance_id":"GRIND_EURUSD_OPTD","ejected":false,"rolled":false,"broker_utc_offset_s":10800,"account_login":53077984}
27,-1,1791283204148,ea_event,,{"type":"fill_log","seq":11,"ea_time_ms":97028968,"magic":22260201,"deal_ticket":800000012,"order_ticket":9007,"position_id":900000006,"entry_type":"IN","deal_type":"SELL","side":"S","layer_index":8,"role":"ENT","deal_price":1.12269,"order_price_open":null,"slippage_pips":null,"volume":0.00,"profit":0.00,"swap":0.00,"commission":0.00,"deal_time_broker":"2026-10-06 10:40:04","deal_time_broker_msc":1791283204000,"halted_at_receipt":false,"quarantined_at_receipt":false}
27,-1,1791284001644,ea_event,ROLL_ACCEPTED,{"type":"ea_event","seq":12,"ea_time_ms":97028984,"magic":null,"level":"INFO","code":"ROLL_ACCEPTED","reason":null,"ticket":1985778829,"detail":{"ticket":1985778829,"side":"S","layer_index":1,"entry":1.11759,"level":1.12339,"target":1.12230,"accrued":0.00001,"clamped":false,"cost":0.00470,"cost_pips":47.0,"rolled":1,"was_ejected":false,"source":"auto","reroll":false,"from_level":0.00000}}
27,-1,1791284002262,ea_event,,{"type":"fill_log","seq":13,"ea_time_ms":97028984,"magic":22260201,"deal_ticket":800000013,"order_ticket":1985644509,"position_id":900000007,"entry_type":"IN","deal_type":"BUY","side":"L","layer_index":0,"role":"EXT","deal_price":1.12350,"order_price_open":null,"slippage_pips":null,"volume":0.00,"profit":0.00,"swap":0.00,"commission":0.00,"deal_time_broker":"2026-10-06 10:53:21","deal_time_broker_msc":1791284001000,"halted_at_receipt":false,"quarantined_at_receipt":false}
27,-1,1791284002556,ea_event,,{"type":"fill_log","seq":14,"ea_time_ms":97028984,"magic":22260201,"deal_ticket":800000014,"order_ticket":700000014,"position_id":1983404301,"entry_type":"OUT_BY","deal_type":"SELL","side":null,"layer_index":null,"role":null,"deal_price":1.12350,"order_price_open":null,"slippage_pips":null,"volume":0.00,"profit":-4.30,"swap":-0.16,"commission":0.00,"deal_time_broker":"2026-10-06 10:53:22","deal_time_broker_msc":1791284002000,"halted_at_receipt":false,"quarantined_at_receipt":false}
27,-1,1791284002556,ea_event,ROLL_FILLED,{"type":"ea_event","seq":15,"ea_time_ms":97028984,"magic":null,"level":"INFO","code":"ROLL_FILLED","reason":null,"ticket":1983404301,"detail":{"ticket":1983404301,"level":1.12217}}
27,-1,1791284002556,ea_event,,{"type":"fill_log","seq":16,"ea_time_ms":97028984,"magic":22260201,"deal_ticket":800000015,"order_ticket":700000014,"position_id":900000007,"entry_type":"OUT_BY","deal_type":"SELL","side":null,"layer_index":null,"role":null,"deal_price":1.12780,"order_price_open":null,"slippage_pips":null,"volume":0.00,"profit":0.00,"swap":0.00,"commission":0.00,"deal_time_broker":"2026-10-06 10:53:22","deal_time_broker_msc":1791284002000,"halted_at_receipt":false,"quarantined_at_receipt":false}
27,-1,1791284002556,scalp,SCALP_CLOSED,{"close_time":"2026-10-06T10:53:22Z","instrument":"EURUSD","direction":"LONG","entry_price":1.12780,"exit_price":1.12350,"layer_depth":0,"stack_depth":1,"gross_pnl":-4.46,"instance_id":"GRIND_EURUSD_OPTD","ejected":false,"rolled":true,"broker_utc_offset_s":10800,"account_login":53077984}
27,-1,1791284073226,ea_event,,{"type":"fill_log","seq":17,"ea_time_ms":97028984,"magic":22260201,"deal_ticket":800000016,"order_ticket":9011,"position_id":900000008,"entry_type":"IN","deal_type":"BUY","side":"L","layer_index":0,"role":"ENT","deal_price":1.12351,"order_price_open":null,"slippage_pips":null,"volume":0.00,"profit":0.00,"swap":0.00,"commission":0.00,"deal_time_broker":"2026-10-06 10:54:33","deal_time_broker_msc":1791284073000,"halted_at_receipt":false,"quarantined_at_receipt":false}
27,-1,1791284298852,ea_event,ROLL_ACCEPTED,{"type":"ea_event","seq":18,"ea_time_ms":97029000,"magic":null,"level":"INFO","code":"ROLL_ACCEPTED","reason":null,"ticket":1986168190,"detail":{"ticket":1986168190,"side":"S","layer_index":2,"entry":1.11834,"level":1.12409,"target":1.12300,"accrued":0.00001,"clamped":false,"cost":0.00465,"cost_pips":46.5,"rolled":2,"was_ejected":false,"source":"auto","reroll":false,"from_level":0.00000}}
27,-1,1791284872166,ea_event,,{"type":"fill_log","seq":19,"ea_time_ms":97029015,"magic":22260201,"deal_ticket":800000017,"order_ticket":9010,"position_id":900000009,"entry_type":"IN","deal_type":"SELL","side":"S","layer_index":2,"role":"EXT","deal_price":1.12299,"order_price_open":null,"slippage_pips":null,"volume":0.00,"profit":0.00,"swap":0.00,"commission":0.00,"deal_time_broker":"2026-10-06 11:07:52","deal_time_broker_msc":1791284872000,"halted_at_receipt":false,"quarantined_at_receipt":false}
27,-1,1791284872579,ea_event,,{"type":"fill_log","seq":20,"ea_time_ms":97029015,"magic":22260201,"deal_ticket":800000018,"order_ticket":700000018,"position_id":1986168190,"entry_type":"OUT_BY","deal_type":"SELL","side":null,"layer_index":null,"role":null,"deal_price":1.12299,"order_price_open":null,"slippage_pips":null,"volume":0.00,"profit":-4.65,"swap":0.01,"commission":0.00,"deal_time_broker":"2026-10-06 11:07:52","deal_time_broker_msc":1791284872000,"halted_at_receipt":false,"quarantined_at_receipt":false}
27,-1,1791284872579,ea_event,ROLL_FILLED,{"type":"ea_event","seq":21,"ea_time_ms":97029015,"magic":null,"level":"INFO","code":"ROLL_FILLED","reason":null,"ticket":1986168190,"detail":{"ticket":1986168190,"level":1.12409}}
27,-1,1791284872579,ea_event,,{"type":"fill_log","seq":22,"ea_time_ms":97029015,"magic":22260201,"deal_ticket":800000019,"order_ticket":700000018,"position_id":900000009,"entry_type":"OUT_BY","deal_type":"SELL","side":null,"layer_index":null,"role":null,"deal_price":1.11834,"order_price_open":null,"slippage_pips":null,"volume":0.00,"profit":0.00,"swap":0.00,"commission":0.00,"deal_time_broker":"2026-10-06 11:07:52","deal_time_broker_msc":1791284872000,"halted_at_receipt":false,"quarantined_at_receipt":false}
27,-1,1791284872579,scalp,SCALP_CLOSED,{"close_time":"2026-10-06T11:07:52Z","instrument":"EURUSD","direction":"SHORT","entry_price":1.11834,"exit_price":1.12299,"layer_depth":2,"stack_depth":8,"gross_pnl":-4.64,"instance_id":"GRIND_EURUSD_OPTD","ejected":false,"rolled":true,"broker_utc_offset_s":10800,"account_login":53077984}
27,-1,1791285375805,ea_event,,{"type":"fill_log","seq":23,"ea_time_ms":97029031,"magic":22260201,"deal_ticket":800000020,"order_ticket":9013,"position_id":900000010,"entry_type":"IN","deal_type":"BUY","side":"L","layer_index":1,"role":"ENT","deal_price":1.12280,"order_price_open":null,"slippage_pips":null,"volume":0.00,"profit":0.00,"swap":0.00,"commission":0.00,"deal_time_broker":"2026-10-06 11:16:15","deal_time_broker_msc":1791285375000,"halted_at_receipt":false,"quarantined_at_receipt":false}
27,-1,1791286628245,ea_event,,{"type":"fill_log","seq":24,"ea_time_ms":97029078,"magic":22260201,"deal_ticket":800000021,"order_ticket":9017,"position_id":900000011,"entry_type":"IN","deal_type":"BUY","side":"L","layer_index":1,"role":"EXT","deal_price":1.12392,"order_price_open":null,"slippage_pips":null,"volume":0.00,"profit":0.00,"swap":0.00,"commission":0.00,"deal_time_broker":"2026-10-06 11:37:08","deal_time_broker_msc":1791286628000,"halted_at_receipt":false,"quarantined_at_receipt":false}
27,-1,1791286628682,ea_event,,{"type":"fill_log","seq":25,"ea_time_ms":97029078,"magic":22260201,"deal_ticket":800000022,"order_ticket":700000022,"position_id":900000010,"entry_type":"OUT_BY","deal_type":"SELL","side":null,"layer_index":null,"role":null,"deal_price":1.12392,"order_price_open":null,"slippage_pips":null,"volume":0.00,"profit":1.12,"swap":0.00,"commission":0.00,"deal_time_broker":"2026-10-06 11:37:08","deal_time_broker_msc":1791286628000,"halted_at_receipt":false,"quarantined_at_receipt":false}
27,-1,1791286628682,ea_event,,{"type":"fill_log","seq":26,"ea_time_ms":97029078,"magic":22260201,"deal_ticket":800000023,"order_ticket":700000022,"position_id":900000011,"entry_type":"OUT_BY","deal_type":"SELL","side":null,"layer_index":null,"role":null,"deal_price":1.12280,"order_price_open":null,"slippage_pips":null,"volume":0.00,"profit":0.00,"swap":0.00,"commission":0.00,"deal_time_broker":"2026-10-06 11:37:08","deal_time_broker_msc":1791286628000,"halted_at_receipt":false,"quarantined_at_receipt":false}
27,-1,1791286628682,scalp,SCALP_CLOSED,{"close_time":"2026-10-06T11:37:08Z","instrument":"EURUSD","direction":"LONG","entry_price":1.12280,"exit_price":1.12392,"layer_depth":1,"stack_depth":2,"gross_pnl":1.12,"instance_id":"GRIND_EURUSD_OPTD","ejected":false,"rolled":false,"broker_utc_offset_s":10800,"account_login":53077984}
27,-1,1791286699765,ea_event,,{"type":"fill_log","seq":27,"ea_time_ms":97029078,"magic":22260201,"deal_ticket":800000024,"order_ticket":9016,"position_id":900000012,"entry_type":"IN","deal_type":"SELL","side":"S","layer_index":9,"role":"ENT","deal_price":1.12413,"order_price_open":null,"slippage_pips":null,"volume":0.00,"profit":0.00,"swap":0.00,"commission":0.00,"deal_time_broker":"2026-10-06 11:38:19","deal_time_broker_msc":1791286699000,"halted_at_receipt":false,"quarantined_at_receipt":false}
27,-1,1791286987918,ea_event,,{"type":"fill_log","seq":28,"ea_time_ms":97029078,"magic":22260201,"deal_ticket":800000025,"order_ticket":9012,"position_id":900000013,"entry_type":"IN","deal_type":"BUY","side":"L","layer_index":0,"role":"EXT","deal_price":1.12464,"order_price_open":null,"slippage_pips":null,"volume":0.00,"profit":0.00,"swap":0.00,"commission":0.00,"deal_time_broker":"2026-10-06 11:43:07","deal_time_broker_msc":1791286987000,"halted_at_receipt":false,"quarantined_at_receipt":false}
27,-1,1791286988552,ea_event,,{"type":"fill_log","seq":29,"ea_time_ms":97029078,"magic":22260201,"deal_ticket":800000026,"order_ticket":700000026,"position_id":900000008,"entry_type":"OUT_BY","deal_type":"SELL","side":null,"layer_index":null,"role":null,"deal_price":1.12464,"order_price_open":null,"slippage_pips":null,"volume":0.00,"profit":1.13,"swap":0.00,"commission":0.00,"deal_time_broker":"2026-10-06 11:43:08","deal_time_broker_msc":1791286988000,"halted_at_receipt":false,"quarantined_at_receipt":false}
27,-1,1791286988552,ea_event,,{"type":"fill_log","seq":30,"ea_time_ms":97029078,"magic":22260201,"deal_ticket":800000027,"order_ticket":700000026,"position_id":900000013,"entry_type":"OUT_BY","deal_type":"SELL","side":null,"layer_index":null,"role":null,"deal_price":1.12351,"order_price_open":null,"slippage_pips":null,"volume":0.00,"profit":0.00,"swap":0.00,"commission":0.00,"deal_time_broker":"2026-10-06 11:43:08","deal_time_broker_msc":1791286988000,"halted_at_receipt":false,"quarantined_at_receipt":false}
27,-1,1791286988552,scalp,SCALP_CLOSED,{"close_time":"2026-10-06T11:43:08Z","instrument":"EURUSD","direction":"LONG","entry_price":1.12351,"exit_price":1.12464,"layer_depth":0,"stack_depth":1,"gross_pnl":1.13,"instance_id":"GRIND_EURUSD_OPTD","ejected":false,"rolled":false,"broker_utc_offset_s":10800,"account_login":53077984}
27,-1,1791287031001,ea_event,,{"type":"fill_log","seq":31,"ea_time_ms":97029093,"magic":22260201,"deal_ticket":800000028,"order_ticket":9021,"position_id":900000014,"entry_type":"IN","deal_type":"BUY","side":"L","layer_index":0,"role":"ENT","deal_price":1.12442,"order_price_open":null,"slippage_pips":null,"volume":0.00,"profit":0.00,"swap":0.00,"commission":0.00,"deal_time_broker":"2026-10-06 11:43:51","deal_time_broker_msc":1791287031000,"halted_at_receipt":false,"quarantined_at_receipt":false}
27,-1,1791288819159,ea_event,,{"type":"fill_log","seq":32,"ea_time_ms":97029125,"magic":22260201,"deal_ticket":800000029,"order_ticket":9023,"position_id":900000015,"entry_type":"IN","deal_type":"BUY","side":"L","layer_index":1,"role":"ENT","deal_price":1.12369,"order_price_open":null,"slippage_pips":null,"volume":0.00,"profit":0.00,"swap":0.00,"commission":0.00,"deal_time_broker":"2026-10-06 12:13:39","deal_time_broker_msc":1791288819000,"halted_at_receipt":false,"quarantined_at_receipt":false}
27,-1,1791291111880,ea_event,,{"type":"fill_log","seq":33,"ea_time_ms":97029171,"magic":22260201,"deal_ticket":800000030,"order_ticket":9024,"position_id":900000016,"entry_type":"IN","deal_type":"BUY","side":"L","layer_index":1,"role":"EXT","deal_price":1.12478,"order_price_open":null,"slippage_pips":null,"volume":0.00,"profit":0.00,"swap":0.00,"commission":0.00,"deal_time_broker":"2026-10-06 12:51:51","deal_time_broker_msc":1791291111000,"halted_at_receipt":false,"quarantined_at_receipt":false}
27,-1,1791291112312,ea_event,,{"type":"fill_log","seq":34,"ea_time_ms":97029171,"magic":22260201,"deal_ticket":800000031,"order_ticket":700000031,"position_id":900000015,"entry_type":"OUT_BY","deal_type":"SELL","side":null,"layer_index":null,"role":null,"deal_price":1.12478,"order_price_open":null,"slippage_pips":null,"volume":0.00,"profit":1.09,"swap":0.00,"commission":0.00,"deal_time_broker":"2026-10-06 12:51:52","deal_time_broker_msc":1791291112000,"halted_at_receipt":false,"quarantined_at_receipt":false}
27,-1,1791291112312,ea_event,,{"type":"fill_log","seq":35,"ea_time_ms":97029171,"magic":22260201,"deal_ticket":800000032,"order_ticket":700000031,"position_id":900000016,"entry_type":"OUT_BY","deal_type":"SELL","side":null,"layer_index":null,"role":null,"deal_price":1.12369,"order_price_open":null,"slippage_pips":null,"volume":0.00,"profit":0.00,"swap":0.00,"commission":0.00,"deal_time_broker":"2026-10-06 12:51:52","deal_time_broker_msc":1791291112000,"halted_at_receipt":false,"quarantined_at_receipt":false}
27,-1,1791291112312,scalp,SCALP_CLOSED,{"close_time":"2026-10-06T12:51:52Z","instrument":"EURUSD","direction":"LONG","entry_price":1.12369,"exit_price":1.12478,"layer_depth":1,"stack_depth":2,"gross_pnl":1.09,"instance_id":"GRIND_EURUSD_OPTD","ejected":false,"rolled":false,"broker_utc_offset_s":10800,"account_login":53077984}
27,-1,1791292074682,ea_event,ROLL_ACCEPTED,{"type":"ea_event","seq":36,"ea_time_ms":97029203,"magic":null,"level":"INFO","code":"ROLL_ACCEPTED","reason":null,"ticket":1986184621,"detail":{"ticket":1986184621,"side":"S","layer_index":3,"entry":1.11911,"level":1.12483,"target":1.12374,"accrued":0.00001,"clamped":false,"cost":0.00462,"cost_pips":46.2,"rolled":2,"was_ejected":false,"source":"auto","reroll":false,"from_level":0.00000}}
27,-1,1791296304899,ea_event,ROLL_ACCEPTED,{"type":"ea_event","seq":37,"ea_time_ms":97029296,"magic":null,"level":"INFO","code":"ROLL_ACCEPTED","reason":null,"ticket":1987310031,"detail":{"ticket":1987310031,"side":"S","layer_index":4,"entry":1.11981,"level":1.12553,"target":1.12444,"accrued":0.00001,"clamped":false,"cost":0.00462,"cost_pips":46.2,"rolled":3,"was_ejected":false,"source":"auto","reroll":false,"from_level":0.00000}}
27,-1,1791296305517,ea_event,,{"type":"fill_log","seq":38,"ea_time_ms":97029296,"magic":22260201,"deal_ticket":800000033,"order_ticket":9022,"position_id":900000017,"entry_type":"IN","deal_type":"BUY","side":"L","layer_index":0,"role":"EXT","deal_price":1.12554,"order_price_open":null,"slippage_pips":null,"volume":0.00,"profit":0.00,"swap":0.00,"commission":0.00,"deal_time_broker":"2026-10-06 14:18:25","deal_time_broker_msc":1791296305000,"halted_at_receipt":false,"quarantined_at_receipt":false}
27,-1,1791296305811,ea_event,,{"type":"fill_log","seq":39,"ea_time_ms":97029296,"magic":22260201,"deal_ticket":800000034,"order_ticket":700000034,"position_id":900000014,"entry_type":"OUT_BY","deal_type":"SELL","side":null,"layer_index":null,"role":null,"deal_price":1.12554,"order_price_open":null,"slippage_pips":null,"volume":0.00,"profit":1.12,"swap":0.00,"commission":0.00,"deal_time_broker":"2026-10-06 14:18:25","deal_time_broker_msc":1791296305000,"halted_at_receipt":false,"quarantined_at_receipt":false}
27,-1,1791296305811,ea_event,,{"type":"fill_log","seq":40,"ea_time_ms":97029296,"magic":22260201,"deal_ticket":800000035,"order_ticket":700000034,"position_id":900000017,"entry_type":"OUT_BY","deal_type":"SELL","side":null,"layer_index":null,"role":null,"deal_price":1.12442,"order_price_open":null,"slippage_pips":null,"volume":0.00,"profit":0.00,"swap":0.00,"commission":0.00,"deal_time_broker":"2026-10-06 14:18:25","deal_time_broker_msc":1791296305000,"halted_at_receipt":false,"quarantined_at_receipt":false}
27,-1,1791296305811,scalp,SCALP_CLOSED,{"close_time":"2026-10-06T14:18:25Z","instrument":"EURUSD","direction":"LONG","entry_price":1.12442,"exit_price":1.12554,"layer_depth":0,"stack_depth":1,"gross_pnl":1.12,"instance_id":"GRIND_EURUSD_OPTD","ejected":false,"rolled":false,"broker_utc_offset_s":10800,"account_login":53077984}
27,-1,1791296638707,ea_event,,{"type":"fill_log","seq":41,"ea_time_ms":97029312,"magic":22260201,"deal_ticket":800000036,"order_ticket":9029,"position_id":900000018,"entry_type":"IN","deal_type":"BUY","side":"L","layer_index":0,"role":"ENT","deal_price":1.12575,"order_price_open":null,"slippage_pips":null,"volume":0.00,"profit":0.00,"swap":0.00,"commission":0.00,"deal_time_broker":"2026-10-06 14:23:58","deal_time_broker_msc":1791296638000,"halted_at_receipt":false,"quarantined_at_receipt":false}
27,-1,1791296737278,ea_event,ROLL_ACCEPTED,{"type":"ea_event","seq":42,"ea_time_ms":97029312,"magic":null,"level":"INFO","code":"ROLL_ACCEPTED","reason":null,"ticket":1987528677,"detail":{"ticket":1987528677,"side":"S","layer_index":5,"entry":1.12052,"level":1.12623,"target":1.12514,"accrued":0.00001,"clamped":false,"cost":0.00461,"cost_pips":46.1,"rolled":4,"was_ejected":false,"source":"auto","reroll":false,"from_level":0.00000}}
27,-1,1791297750266,ea_event,,{"type":"fill_log","seq":43,"ea_time_ms":97029359,"magic":22260201,"deal_ticket":800000037,"order_ticket":9030,"position_id":900000019,"entry_type":"IN","deal_type":"BUY","side":"L","layer_index":0,"role":"EXT","deal_price":1.12686,"order_price_open":null,"slippage_pips":null,"volume":0.00,"profit":0.00,"swap":0.00,"commission":0.00,"deal_time_broker":"2026-10-06 14:42:30","deal_time_broker_msc":1791297750000,"halted_at_receipt":false,"quarantined_at_receipt":false}
27,-1,1791297750699,ea_event,,{"type":"fill_log","seq":44,"ea_time_ms":97029359,"magic":22260201,"deal_ticket":800000038,"order_ticket":700000038,"position_id":900000018,"entry_type":"OUT_BY","deal_type":"SELL","side":null,"layer_index":null,"role":null,"deal_price":1.12686,"order_price_open":null,"slippage_pips":null,"volume":0.00,"profit":1.11,"swap":0.00,"commission":0.00,"deal_time_broker":"2026-10-06 14:42:30","deal_time_broker_msc":1791297750000,"halted_at_receipt":false,"quarantined_at_receipt":false}
27,-1,1791297750699,ea_event,,{"type":"fill_log","seq":45,"ea_time_ms":97029359,"magic":22260201,"deal_ticket":800000039,"order_ticket":700000038,"position_id":900000019,"entry_type":"OUT_BY","deal_type":"SELL","side":null,"layer_index":null,"role":null,"deal_price":1.12575,"order_price_open":null,"slippage_pips":null,"volume":0.00,"profit":0.00,"swap":0.00,"commission":0.00,"deal_time_broker":"2026-10-06 14:42:30","deal_time_broker_msc":1791297750000,"halted_at_receipt":false,"quarantined_at_receipt":false}
27,-1,1791297750699,scalp,SCALP_CLOSED,{"close_time":"2026-10-06T14:42:30Z","instrument":"EURUSD","direction":"LONG","entry_price":1.12575,"exit_price":1.12686,"layer_depth":0,"stack_depth":1,"gross_pnl":1.11,"instance_id":"GRIND_EURUSD_OPTD","ejected":false,"rolled":false,"broker_utc_offset_s":10800,"account_login":53077984}
27,-1,1791297752020,ea_event,ROLL_ACCEPTED,{"type":"ea_event","seq":46,"ea_time_ms":97029359,"magic":null,"level":"INFO","code":"ROLL_ACCEPTED","reason":null,"ticket":1987826216,"detail":{"ticket":1987826216,"side":"S","layer_index":6,"entry":1.12123,"level":1.12693,"target":1.12584,"accrued":0.00001,"clamped":false,"cost":0.00460,"cost_pips":46.0,"rolled":5,"was_ejected":false,"source":"auto","reroll":false,"from_level":0.00000}}
27,-1,1791297915836,ea_event,,{"type":"fill_log","seq":47,"ea_time_ms":97029359,"magic":22260201,"deal_ticket":800000040,"order_ticket":9033,"position_id":900000020,"entry_type":"IN","deal_type":"BUY","side":"L","layer_index":0,"role":"ENT","deal_price":1.12668,"order_price_open":null,"slippage_pips":null,"volume":0.00,"profit":0.00,"swap":0.00,"commission":0.00,"deal_time_broker":"2026-10-06 14:45:15","deal_time_broker_msc":1791297915000,"halted_at_receipt":false,"quarantined_at_receipt":false}
27,-1,1791299076701,ea_event,ROLL_ACCEPTED,{"type":"ea_event","seq":48,"ea_time_ms":97029406,"magic":null,"level":"INFO","code":"ROLL_ACCEPTED","reason":null,"ticket":900000004,"detail":{"ticket":900000004,"side":"S","layer_index":7,"entry":1.12197,"level":1.12763,"target":1.12653,"accrued":0.00000,"clamped":false,"cost":0.00456,"cost_pips":45.6,"rolled":6,"was_ejected":false,"source":"auto","reroll":false,"from_level":0.00000}}
27,-1,1791300430291,ea_event,,{"type":"fill_log","seq":49,"ea_time_ms":97029468,"magic":22260201,"deal_ticket":800000041,"order_ticket":9034,"position_id":900000021,"entry_type":"IN","deal_type":"SELL","side":"S","layer_index":7,"role":"EXT","deal_price":1.12652,"order_price_open":null,"slippage_pips":null,"volume":0.00,"profit":0.00,"swap":0.00,"commission":0.00,"deal_time_broker":"2026-10-06 15:27:10","deal_time_broker_msc":1791300430000,"halted_at_receipt":false,"quarantined_at_receipt":false}
27,-1,1791300431730,ea_event,,{"type":"fill_log","seq":50,"ea_time_ms":97029468,"magic":22260201,"deal_ticket":800000042,"order_ticket":700000042,"position_id":900000004,"entry_type":"OUT_BY","deal_type":"SELL","side":null,"layer_index":null,"role":null,"deal_price":1.12652,"order_price_open":null,"slippage_pips":null,"volume":0.00,"profit":-4.55,"swap":0.00,"commission":0.00,"deal_time_broker":"2026-10-06 15:27:11","deal_time_broker_msc":1791300431000,"halted_at_receipt":false,"quarantined_at_receipt":false}
27,-1,1791300431730,ea_event,ROLL_FILLED,{"type":"ea_event","seq":51,"ea_time_ms":97029468,"magic":null,"level":"INFO","code":"ROLL_FILLED","reason":null,"ticket":900000004,"detail":{"ticket":900000004,"level":1.12763}}
27,-1,1791300431730,ea_event,,{"type":"fill_log","seq":52,"ea_time_ms":97029468,"magic":22260201,"deal_ticket":800000043,"order_ticket":700000042,"position_id":900000021,"entry_type":"OUT_BY","deal_type":"SELL","side":null,"layer_index":null,"role":null,"deal_price":1.12197,"order_price_open":null,"slippage_pips":null,"volume":0.00,"profit":0.00,"swap":0.00,"commission":0.00,"deal_time_broker":"2026-10-06 15:27:11","deal_time_broker_msc":1791300431000,"halted_at_receipt":false,"quarantined_at_receipt":false}
27,-1,1791300431730,scalp,SCALP_CLOSED,{"close_time":"2026-10-06T15:27:11Z","instrument":"EURUSD","direction":"SHORT","entry_price":1.12197,"exit_price":1.12652,"layer_depth":7,"stack_depth":8,"gross_pnl":-4.55,"instance_id":"GRIND_EURUSD_OPTD","ejected":false,"rolled":true,"broker_utc_offset_s":10800,"account_login":53077984}
27,-1,1791301617792,ea_event,,{"type":"fill_log","seq":53,"ea_time_ms":97029515,"magic":22260201,"deal_ticket":800000044,"order_ticket":9036,"position_id":900000022,"entry_type":"IN","deal_type":"BUY","side":"L","layer_index":1,"role":"ENT","deal_price":1.12598,"order_price_open":null,"slippage_pips":null,"volume":0.00,"profit":0.00,"swap":0.00,"commission":0.00,"deal_time_broker":"2026-10-06 15:46:57","deal_time_broker_msc":1791301617000,"halted_at_receipt":false,"quarantined_at_receipt":false}
27,-1,1791301781287,ea_event,,{"type":"fill_log","seq":54,"ea_time_ms":97029515,"magic":22260201,"deal_ticket":800000045,"order_ticket":9038,"position_id":900000023,"entry_type":"IN","deal_type":"SELL","side":"S","layer_index":6,"role":"EXT","deal_price":1.12580,"order_price_open":null,"slippage_pips":null,"volume":0.00,"profit":0.00,"swap":0.00,"commission":0.00,"deal_time_broker":"2026-10-06 15:49:41","deal_time_broker_msc":1791301781000,"halted_at_receipt":false,"quarantined_at_receipt":false}
27,-1,1791301781732,ea_event,,{"type":"fill_log","seq":55,"ea_time_ms":97029515,"magic":22260201,"deal_ticket":800000046,"order_ticket":700000046,"position_id":1987826216,"entry_type":"OUT_BY","deal_type":"SELL","side":null,"layer_index":null,"role":null,"deal_price":1.12580,"order_price_open":null,"slippage_pips":null,"volume":0.00,"profit":-4.57,"swap":0.01,"commission":0.00,"deal_time_broker":"2026-10-06 15:49:41","deal_time_broker_msc":1791301781000,"halted_at_receipt":false,"quarantined_at_receipt":false}
27,-1,1791301781732,ea_event,ROLL_FILLED,{"type":"ea_event","seq":56,"ea_time_ms":97029515,"magic":null,"level":"INFO","code":"ROLL_FILLED","reason":null,"ticket":1987826216,"detail":{"ticket":1987826216,"level":1.12693}}
27,-1,1791301781732,ea_event,,{"type":"fill_log","seq":57,"ea_time_ms":97029515,"magic":22260201,"deal_ticket":800000047,"order_ticket":700000046,"position_id":900000023,"entry_type":"OUT_BY","deal_type":"SELL","side":null,"layer_index":null,"role":null,"deal_price":1.12123,"order_price_open":null,"slippage_pips":null,"volume":0.00,"profit":0.00,"swap":0.00,"commission":0.00,"deal_time_broker":"2026-10-06 15:49:41","deal_time_broker_msc":1791301781000,"halted_at_receipt":false,"quarantined_at_receipt":false}
27,-1,1791301781732,scalp,SCALP_CLOSED,{"close_time":"2026-10-06T15:49:41Z","instrument":"EURUSD","direction":"SHORT","entry_price":1.12123,"exit_price":1.12580,"layer_depth":6,"stack_depth":7,"gross_pnl":-4.56,"instance_id":"GRIND_EURUSD_OPTD","ejected":false,"rolled":true,"broker_utc_offset_s":10800,"account_login":53077984}
27,-1,1791303985517,ea_event,,{"type":"fill_log","seq":58,"ea_time_ms":97029609,"magic":22260201,"deal_ticket":800000048,"order_ticket":9041,"position_id":900000024,"entry_type":"IN","deal_type":"BUY","side":"L","layer_index":2,"role":"ENT","deal_price":1.12527,"order_price_open":null,"slippage_pips":null,"volume":0.00,"profit":0.00,"swap":0.00,"commission":0.00,"deal_time_broker":"2026-10-06 16:26:25","deal_time_broker_msc":1791303985000,"halted_at_receipt":false,"quarantined_at_receipt":false}
27,-1,1791304714596,ea_event,,{"type":"fill_log","seq":59,"ea_time_ms":97029640,"magic":22260201,"deal_ticket":800000049,"order_ticket":9042,"position_id":900000025,"entry_type":"IN","deal_type":"SELL","side":"S","layer_index":5,"role":"EXT","deal_price":1.12512,"order_price_open":null,"slippage_pips":null,"volume":0.00,"profit":0.00,"swap":0.00,"commission":0.00,"deal_time_broker":"2026-10-06 16:38:34","deal_time_broker_msc":1791304714000,"halted_at_receipt":false,"quarantined_at_receipt":false}
27,-1,1791304715228,ea_event,,{"type":"fill_log","seq":60,"ea_time_ms":97029640,"magic":22260201,"deal_ticket":800000050,"order_ticket":700000050,"position_id":1987528677,"entry_type":"OUT_BY","deal_type":"SELL","side":null,"layer_index":null,"role":null,"deal_price":1.12512,"order_price_open":null,"slippage_pips":null,"volume":0.00,"profit":-4.60,"swap":0.01,"commission":0.00,"deal_time_broker":"2026-10-06 16:38:35","deal_time_broker_msc":1791304715000,"halted_at_receipt":false,"quarantined_at_receipt":false}
27,-1,1791304715228,ea_event,ROLL_FILLED,{"type":"ea_event","seq":61,"ea_time_ms":97029640,"magic":null,"level":"INFO","code":"ROLL_FILLED","reason":null,"ticket":1987528677,"detail":{"ticket":1987528677,"level":1.12623}}
27,-1,1791304715228,ea_event,,{"type":"fill_log","seq":62,"ea_time_ms":97029640,"magic":22260201,"deal_ticket":800000051,"order_ticket":700000050,"position_id":900000025,"entry_type":"OUT_BY","deal_type":"SELL","side":null,"layer_index":null,"role":null,"deal_price":1.12052,"order_price_open":null,"slippage_pips":null,"volume":0.00,"profit":0.00,"swap":0.00,"commission":0.00,"deal_time_broker":"2026-10-06 16:38:35","deal_time_broker_msc":1791304715000,"halted_at_receipt":false,"quarantined_at_receipt":false}
27,-1,1791304715228,scalp,SCALP_CLOSED,{"close_time":"2026-10-06T16:38:35Z","instrument":"EURUSD","direction":"SHORT","entry_price":1.12052,"exit_price":1.12512,"layer_depth":5,"stack_depth":6,"gross_pnl":-4.59,"instance_id":"GRIND_EURUSD_OPTD","ejected":false,"rolled":true,"broker_utc_offset_s":10800,"account_login":53077984}
27,-1,1791308470594,ea_event,,{"type":"fill_log","seq":63,"ea_time_ms":97029765,"magic":22260201,"deal_ticket":800000052,"order_ticket":9044,"position_id":900000026,"entry_type":"IN","deal_type":"BUY","side":"L","layer_index":3,"role":"ENT","deal_price":1.12455,"order_price_open":null,"slippage_pips":null,"volume":0.00,"profit":0.00,"swap":0.00,"commission":0.00,"deal_time_broker":"2026-10-06 17:41:10","deal_time_broker_msc":1791308470000,"halted_at_receipt":false,"quarantined_at_receipt":false}
27,-1,1791309223157,ea_event,,{"type":"fill_log","seq":64,"ea_time_ms":97029781,"magic":22260201,"deal_ticket":800000053,"order_ticket":9046,"position_id":900000027,"entry_type":"IN","deal_type":"BUY","side":"L","layer_index":3,"role":"EXT","deal_price":1.12566,"order_price_open":null,"slippage_pips":null,"volume":0.00,"profit":0.00,"swap":0.00,"commission":0.00,"deal_time_broker":"2026-10-06 17:53:43","deal_time_broker_msc":1791309223000,"halted_at_receipt":false,"quarantined_at_receipt":false}
27,-1,1791309226407,ea_event,,{"type":"fill_log","seq":65,"ea_time_ms":97029781,"magic":22260201,"deal_ticket":800000054,"order_ticket":700000054,"position_id":900000026,"entry_type":"OUT_BY","deal_type":"SELL","side":null,"layer_index":null,"role":null,"deal_price":1.12566,"order_price_open":null,"slippage_pips":null,"volume":0.00,"profit":1.11,"swap":0.00,"commission":0.00,"deal_time_broker":"2026-10-06 17:53:46","deal_time_broker_msc":1791309226000,"halted_at_receipt":false,"quarantined_at_receipt":false}
27,-1,1791309226407,ea_event,,{"type":"fill_log","seq":66,"ea_time_ms":97029781,"magic":22260201,"deal_ticket":800000055,"order_ticket":700000054,"position_id":900000027,"entry_type":"OUT_BY","deal_type":"SELL","side":null,"layer_index":null,"role":null,"deal_price":1.12455,"order_price_open":null,"slippage_pips":null,"volume":0.00,"profit":0.00,"swap":0.00,"commission":0.00,"deal_time_broker":"2026-10-06 17:53:46","deal_time_broker_msc":1791309226000,"halted_at_receipt":false,"quarantined_at_receipt":false}
27,-1,1791309226407,scalp,SCALP_CLOSED,{"close_time":"2026-10-06T17:53:46Z","instrument":"EURUSD","direction":"LONG","entry_price":1.12455,"exit_price":1.12566,"layer_depth":3,"stack_depth":4,"gross_pnl":1.11,"instance_id":"GRIND_EURUSD_OPTD","ejected":false,"rolled":false,"broker_utc_offset_s":10800,"account_login":53077984}
27,-1,1791310537767,ea_event,,{"type":"fill_log","seq":67,"ea_time_ms":97029828,"magic":22260201,"deal_ticket":800000056,"order_ticket":9039,"position_id":900000028,"entry_type":"IN","deal_type":"SELL","side":"S","layer_index":10,"role":"ENT","deal_price":1.12627,"order_price_open":null,"slippage_pips":null,"volume":0.00,"profit":0.00,"swap":0.00,"commission":0.00,"deal_time_broker":"2026-10-06 18:15:37","deal_time_broker_msc":1791310537000,"halted_at_receipt":false,"quarantined_at_receipt":false}
27,-1,1791310769026,ea_event,,{"type":"fill_log","seq":68,"ea_time_ms":97029843,"magic":22260201,"deal_ticket":800000057,"order_ticket":9048,"position_id":900000029,"entry_type":"IN","deal_type":"BUY","side":"L","layer_index":2,"role":"EXT","deal_price":1.12640,"order_price_open":null,"slippage_pips":null,"volume":0.00,"profit":0.00,"swap":0.00,"commission":0.00,"deal_time_broker":"2026-10-06 18:19:29","deal_time_broker_msc":1791310769000,"halted_at_receipt":false,"quarantined_at_receipt":false}
27,-1,1791310769458,ea_event,,{"type":"fill_log","seq":69,"ea_time_ms":97029843,"magic":22260201,"deal_ticket":800000058,"order_ticket":700000058,"position_id":900000024,"entry_type":"OUT_BY","deal_type":"SELL","side":null,"layer_index":null,"role":null,"deal_price":1.12640,"order_price_open":null,"slippage_pips":null,"volume":0.00,"profit":1.13,"swap":0.00,"commission":0.00,"deal_time_broker":"2026-10-06 18:19:29","deal_time_broker_msc":1791310769000,"halted_at_receipt":false,"quarantined_at_receipt":false}
27,-1,1791310769458,ea_event,,{"type":"fill_log","seq":70,"ea_time_ms":97029843,"magic":22260201,"deal_ticket":800000059,"order_ticket":700000058,"position_id":900000029,"entry_type":"OUT_BY","deal_type":"SELL","side":null,"layer_index":null,"role":null,"deal_price":1.12527,"order_price_open":null,"slippage_pips":null,"volume":0.00,"profit":0.00,"swap":0.00,"commission":0.00,"deal_time_broker":"2026-10-06 18:19:29","deal_time_broker_msc":1791310769000,"halted_at_receipt":false,"quarantined_at_receipt":false}
27,-1,1791310769458,scalp,SCALP_CLOSED,{"close_time":"2026-10-06T18:19:29Z","instrument":"EURUSD","direction":"LONG","entry_price":1.12527,"exit_price":1.12640,"layer_depth":2,"stack_depth":3,"gross_pnl":1.13,"instance_id":"GRIND_EURUSD_OPTD","ejected":false,"rolled":false,"broker_utc_offset_s":10800,"account_login":53077984}
27,-1,1791330621138,ea_event,CARRY_SNAPSHOT,{"type":"ea_event","seq":71,"ea_time_ms":97030171,"magic":null,"level":"INFO","code":"CARRY_SNAPSHOT","reason":"EURUSD","ticket":null,"detail":{"symbol":"EURUSD","swap_mode":1,"swap_long":-7.9900,"swap_short":1.3100,"multiplier":1,"day_of_week":2,"rollover3days":3,"digits":5,"point":0.00001000,"tick_value":1.00000000,"tick_size":0.00001000,"stops_level":0,"freeze_level":0,"long_pips":-0.799,"short_pips":0.131,"eligible_long":2,"eligible_short":6,"trade_mode_full":true,"mult_today":1,"mult_tomorrow":3,"accrued_swap_long":0.00,"accrued_swap_short":0.00}}
27,-1,1791330621138,ea_event,CARRY_EXIT_SHIFT,{"type":"ea_event","seq":72,"ea_time_ms":97030171,"magic":null,"level":"INFO","code":"CARRY_EXIT_SHIFT","reason":"EURUSD","ticket":null,"detail":{"position_ticket":900000020,"side":"long","layer_index":0,"accrued_ledger_pips":0.000,"pending_pips":-2.397,"accrued_pips_total":-2.397,"old_price":1.12778,"new_price":1.12802,"clamped":false,"sign_guard_skipped":false,"retcode":10009,"points_native_pips":-0.799}}
27,-1,1791330621138,ea_event,CARRY_EXIT_SHIFT,{"type":"ea_event","seq":73,"ea_time_ms":97030171,"magic":null,"level":"INFO","code":"CARRY_EXIT_SHIFT","reason":"EURUSD","ticket":null,"detail":{"position_ticket":900000022,"side":"long","layer_index":1,"accrued_ledger_pips":0.000,"pending_pips":-2.397,"accrued_pips_total":-2.397,"old_price":1.12708,"new_price":1.12732,"clamped":false,"sign_guard_skipped":false,"retcode":10009,"points_native_pips":-0.799}}
27,-1,1791330741138,ea_event,CARRY_EXIT_SHIFT,{"type":"ea_event","seq":74,"ea_time_ms":97030171,"magic":null,"level":"INFO","code":"CARRY_EXIT_SHIFT","reason":"EURUSD","ticket":null,"detail":{"position_ticket":900000006,"side":"short","layer_index":8,"accrued_ledger_pips":0.000,"pending_pips":0.393,"accrued_pips_total":0.393,"old_price":1.12159,"new_price":1.12163,"clamped":false,"sign_guard_skipped":false,"retcode":10009,"points_native_pips":0.131}}
27,-1,1791330801138,ea_event,CARRY_EXIT_SHIFT,{"type":"ea_event","seq":75,"ea_time_ms":97030171,"magic":null,"level":"INFO","code":"CARRY_EXIT_SHIFT","reason":"EURUSD","ticket":null,"detail":{"position_ticket":900000028,"side":"short","layer_index":10,"accrued_ledger_pips":0.000,"pending_pips":0.393,"accrued_pips_total":0.393,"old_price":1.12517,"new_price":1.12521,"clamped":false,"sign_guard_skipped":false,"retcode":10009,"points_native_pips":0.131}}
27,-1,1791330801138,ea_event,CARRY_PASS_SUMMARY,{"type":"ea_event","seq":76,"ea_time_ms":97030171,"magic":null,"level":"INFO","code":"CARRY_PASS_SUMMARY","reason":"EURUSD","ticket":null,"detail":{"eligible":8,"shifted":4,"clamped":0,"skipped":0,"failed":0,"incomplete":false}}
27,-1,1791341088882,ea_event,,{"type":"fill_log","seq":77,"ea_time_ms":97030250,"magic":22260201,"deal_ticket":800000060,"order_ticket":9053,"position_id":900000030,"entry_type":"IN","deal_type":"BUY","side":"L","layer_index":2,"role":"ENT","deal_price":1.12527,"order_price_open":null,"slippage_pips":null,"volume":0.00,"profit":0.00,"swap":0.00,"commission":0.00,"deal_time_broker":"2026-10-07 02:44:48","deal_time_broker_msc":1791341088000,"halted_at_receipt":false,"quarantined_at_receipt":false}
27,-1,1791341112226,ea_event,,{"type":"fill_log","seq":78,"ea_time_ms":97030250,"magic":22260201,"deal_ticket":800000061,"order_ticket":9050,"position_id":900000031,"entry_type":"IN","deal_type":"SELL","side":"S","layer_index":10,"role":"EXT","deal_price":1.12518,"order_price_open":null,"slippage_pips":null,"volume":0.00,"profit":0.00,"swap":0.00,"commission":0.00,"deal_time_broker":"2026-10-07 02:45:12","deal_time_broker_msc":1791341112000,"halted_at_receipt":false,"quarantined_at_receipt":false}
27,-1,1791341112659,ea_event,,{"type":"fill_log","seq":79,"ea_time_ms":97030250,"magic":22260201,"deal_ticket":800000062,"order_ticket":700000062,"position_id":900000028,"entry_type":"OUT_BY","deal_type":"SELL","side":null,"layer_index":null,"role":null,"deal_price":1.12518,"order_price_open":null,"slippage_pips":null,"volume":0.00,"profit":1.09,"swap":0.01,"commission":0.00,"deal_time_broker":"2026-10-07 02:45:12","deal_time_broker_msc":1791341112000,"halted_at_receipt":false,"quarantined_at_receipt":false}
27,-1,1791341112659,ea_event,,{"type":"fill_log","seq":80,"ea_time_ms":97030250,"magic":22260201,"deal_ticket":800000063,"order_ticket":700000062,"position_id":900000031,"entry_type":"OUT_BY","deal_type":"SELL","side":null,"layer_index":null,"role":null,"deal_price":1.12627,"order_price_open":null,"slippage_pips":null,"volume":0.00,"profit":0.00,"swap":0.00,"commission":0.00,"deal_time_broker":"2026-10-07 02:45:12","deal_time_broker_msc":1791341112000,"halted_at_receipt":false,"quarantined_at_receipt":false}
27,-1,1791341112659,scalp,SCALP_CLOSED,{"close_time":"2026-10-07T02:45:12Z","instrument":"EURUSD","direction":"SHORT","entry_price":1.12627,"exit_price":1.12518,"layer_depth":10,"stack_depth":6,"gross_pnl":1.10,"instance_id":"GRIND_EURUSD_OPTD","ejected":false,"rolled":false,"broker_utc_offset_s":10800,"account_login":53077984}
27,-1,1791346058484,ea_event,,{"type":"fill_log","seq":81,"ea_time_ms":97030328,"magic":22260201,"deal_ticket":800000064,"order_ticket":9055,"position_id":900000032,"entry_type":"IN","deal_type":"BUY","side":"L","layer_index":3,"role":"ENT","deal_price":1.12456,"order_price_open":null,"slippage_pips":null,"volume":0.00,"profit":0.00,"swap":0.00,"commission":0.00,"deal_time_broker":"2026-10-07 04:07:38","deal_time_broker_msc":1791346058000,"halted_at_receipt":false,"quarantined_at_receipt":false}
27,-1,1791346846241,ea_event,,{"type":"fill_log","seq":82,"ea_time_ms":97030343,"magic":22260201,"deal_ticket":800000065,"order_ticket":9056,"position_id":900000033,"entry_type":"IN","deal_type":"SELL","side":"S","layer_index":4,"role":"EXT","deal_price":1.12446,"order_price_open":null,"slippage_pips":null,"volume":0.00,"profit":0.00,"swap":0.00,"commission":0.00,"deal_time_broker":"2026-10-07 04:20:46","deal_time_broker_msc":1791346846000,"halted_at_receipt":false,"quarantined_at_receipt":false}
27,-1,1791346847888,ea_event,,{"type":"fill_log","seq":83,"ea_time_ms":97030343,"magic":22260201,"deal_ticket":800000066,"order_ticket":700000066,"position_id":1987310031,"entry_type":"OUT_BY","deal_type":"SELL","side":null,"layer_index":null,"role":null,"deal_price":1.12446,"order_price_open":null,"slippage_pips":null,"volume":0.00,"profit":-4.65,"swap":0.02,"commission":0.00,"deal_time_broker":"2026-10-07 04:20:47","deal_time_broker_msc":1791346847000,"halted_at_receipt":false,"quarantined_at_receipt":false}
27,-1,1791346847888,ea_event,ROLL_FILLED,{"type":"ea_event","seq":84,"ea_time_ms":97030343,"magic":null,"level":"INFO","code":"ROLL_FILLED","reason":null,"ticket":1987310031,"detail":{"ticket":1987310031,"level":1.12553}}
27,-1,1791346847888,ea_event,,{"type":"fill_log","seq":85,"ea_time_ms":97030343,"magic":22260201,"deal_ticket":800000067,"order_ticket":700000066,"position_id":900000033,"entry_type":"OUT_BY","deal_type":"SELL","side":null,"layer_index":null,"role":null,"deal_price":1.11981,"order_price_open":null,"slippage_pips":null,"volume":0.00,"profit":0.00,"swap":0.00,"commission":0.00,"deal_time_broker":"2026-10-07 04:20:47","deal_time_broker_msc":1791346847000,"halted_at_receipt":false,"quarantined_at_receipt":false}
27,-1,1791346847888,scalp,SCALP_CLOSED,{"close_time":"2026-10-07T04:20:47Z","instrument":"EURUSD","direction":"SHORT","entry_price":1.11981,"exit_price":1.12446,"layer_depth":4,"stack_depth":5,"gross_pnl":-4.63,"instance_id":"GRIND_EURUSD_OPTD","ejected":false,"rolled":true,"broker_utc_offset_s":10800,"account_login":53077984}
29,-1,1791349412054,ea_event,,{"type":"fill_log","seq":0,"ea_time_ms":97030390,"magic":22260201,"deal_ticket":800000001,"order_ticket":1991611093,"position_id":900000001,"entry_type":"IN","deal_type":"SELL","side":"S","layer_index":3,"role":"EXT","deal_price":1.12370,"order_price_open":null,"slippage_pips":null,"volume":0.00,"profit":0.00,"swap":0.00,"commission":0.00,"deal_time_broker":"2026-10-07 05:03:32","deal_time_broker_msc":1791349412000,"halted_at_receipt":false,"quarantined_at_receipt":false}
29,-1,1791349412490,ea_event,,{"type":"fill_log","seq":1,"ea_time_ms":97030390,"magic":22260201,"deal_ticket":800000002,"order_ticket":700000002,"position_id":1986184621,"entry_type":"OUT_BY","deal_type":"SELL","side":null,"layer_index":null,"role":null,"deal_price":1.12370,"order_price_open":null,"slippage_pips":null,"volume":0.00,"profit":-4.59,"swap":0.02,"commission":0.00,"deal_time_broker":"2026-10-07 05:03:32","deal_time_broker_msc":1791349412000,"halted_at_receipt":false,"quarantined_at_receipt":false}
29,-1,1791349412490,ea_event,ROLL_FILLED,{"type":"ea_event","seq":2,"ea_time_ms":97030390,"magic":null,"level":"INFO","code":"ROLL_FILLED","reason":null,"ticket":1986184621,"detail":{"ticket":1986184621,"level":1.12479}}
29,-1,1791349412490,ea_event,,{"type":"fill_log","seq":3,"ea_time_ms":97030390,"magic":22260201,"deal_ticket":800000003,"order_ticket":700000002,"position_id":900000001,"entry_type":"OUT_BY","deal_type":"SELL","side":null,"layer_index":null,"role":null,"deal_price":1.11911,"order_price_open":null,"slippage_pips":null,"volume":0.00,"profit":0.00,"swap":0.00,"commission":0.00,"deal_time_broker":"2026-10-07 05:03:32","deal_time_broker_msc":1791349412000,"halted_at_receipt":false,"quarantined_at_receipt":false}
29,-1,1791349412490,scalp,SCALP_CLOSED,{"close_time":"2026-10-07T05:03:32Z","instrument":"EURUSD","direction":"SHORT","entry_price":1.11911,"exit_price":1.12370,"layer_depth":3,"stack_depth":4,"gross_pnl":-4.57,"instance_id":"GRIND_EURUSD_OPTD","ejected":false,"rolled":true,"broker_utc_offset_s":10800,"account_login":53077984}
29,-1,1791357875916,ea_event,,{"type":"fill_log","seq":4,"ea_time_ms":97030484,"magic":22260201,"deal_ticket":800000004,"order_ticket":1991683429,"position_id":900000002,"entry_type":"IN","deal_type":"BUY","side":"L","layer_index":5,"role":"ENT","deal_price":1.12319,"order_price_open":null,"slippage_pips":null,"volume":0.00,"profit":0.00,"swap":0.00,"commission":0.00,"deal_time_broker":"2026-10-07 07:24:35","deal_time_broker_msc":1791357875000,"halted_at_receipt":false,"quarantined_at_receipt":false}
29,-1,1791358041054,ea_event,,{"type":"fill_log","seq":5,"ea_time_ms":97030484,"magic":22260201,"deal_ticket":800000005,"order_ticket":9000,"position_id":900000003,"entry_type":"IN","deal_type":"SELL","side":"S","layer_index":9,"role":"EXT","deal_price":1.12301,"order_price_open":null,"slippage_pips":null,"volume":0.00,"profit":0.00,"swap":0.00,"commission":0.00,"deal_time_broker":"2026-10-07 07:27:21","deal_time_broker_msc":1791358041000,"halted_at_receipt":false,"quarantined_at_receipt":false}
29,-1,1791358041485,ea_event,,{"type":"fill_log","seq":6,"ea_time_ms":97030484,"magic":22260201,"deal_ticket":800000006,"order_ticket":700000006,"position_id":1989524643,"entry_type":"OUT_BY","deal_type":"SELL","side":null,"layer_index":null,"role":null,"deal_price":1.12301,"order_price_open":null,"slippage_pips":null,"volume":0.00,"profit":1.08,"swap":0.01,"commission":0.00,"deal_time_broker":"2026-10-07 07:27:21","deal_time_broker_msc":1791358041000,"halted_at_receipt":false,"quarantined_at_receipt":false}
29,-1,1791358041485,ea_event,,{"type":"fill_log","seq":7,"ea_time_ms":97030484,"magic":22260201,"deal_ticket":800000007,"order_ticket":700000006,"position_id":900000003,"entry_type":"OUT_BY","deal_type":"SELL","side":null,"layer_index":null,"role":null,"deal_price":1.12409,"order_price_open":null,"slippage_pips":null,"volume":0.00,"profit":0.00,"swap":0.00,"commission":0.00,"deal_time_broker":"2026-10-07 07:27:21","deal_time_broker_msc":1791358041000,"halted_at_receipt":false,"quarantined_at_receipt":false}
29,-1,1791358041485,scalp,SCALP_CLOSED,{"close_time":"2026-10-07T07:27:21Z","instrument":"EURUSD","direction":"SHORT","entry_price":1.12409,"exit_price":1.12301,"layer_depth":9,"stack_depth":3,"gross_pnl":1.09,"instance_id":"GRIND_EURUSD_OPTD","ejected":false,"rolled":false,"broker_utc_offset_s":10800,"account_login":53077984}
29,-1,1791363737289,ea_event,,{"type":"fill_log","seq":8,"ea_time_ms":97030546,"magic":22260201,"deal_ticket":800000008,"order_ticket":9002,"position_id":900000004,"entry_type":"IN","deal_type":"BUY","side":"L","layer_index":6,"role":"ENT","deal_price":1.12248,"order_price_open":null,"slippage_pips":null,"volume":0.00,"profit":0.00,"swap":0.00,"commission":0.00,"deal_time_broker":"2026-10-07 09:02:17","deal_time_broker_msc":1791363737000,"halted_at_receipt":false,"quarantined_at_receipt":false}
29,-1,1791364742450,ea_event,,{"type":"fill_log","seq":9,"ea_time_ms":97030562,"magic":22260201,"deal_ticket":800000009,"order_ticket":9003,"position_id":900000005,"entry_type":"IN","deal_type":"SELL","side":"S","layer_index":1,"role":"EXT","deal_price":1.12233,"order_price_open":null,"slippage_pips":null,"volume":0.00,"profit":0.00,"swap":0.00,"commission":0.00,"deal_time_broker":"2026-10-07 09:19:02","deal_time_broker_msc":1791364742000,"halted_at_receipt":false,"quarantined_at_receipt":false}
29,-1,1791364743684,ea_event,,{"type":"fill_log","seq":10,"ea_time_ms":97030562,"magic":22260201,"deal_ticket":800000010,"order_ticket":700000010,"position_id":1985778829,"entry_type":"OUT_BY","deal_type":"SELL","side":null,"layer_index":null,"role":null,"deal_price":1.12233,"order_price_open":null,"slippage_pips":null,"volume":0.00,"profit":-4.74,"swap":0.02,"commission":0.00,"deal_time_broker":"2026-10-07 09:19:03","deal_time_broker_msc":1791364743000,"halted_at_receipt":false,"quarantined_at_receipt":false}
29,-1,1791364743684,ea_event,ROLL_FILLED,{"type":"ea_event","seq":11,"ea_time_ms":97030562,"magic":null,"level":"INFO","code":"ROLL_FILLED","reason":null,"ticket":1985778829,"detail":{"ticket":1985778829,"level":1.12338}}
29,-1,1791364743684,ea_event,,{"type":"fill_log","seq":12,"ea_time_ms":97030562,"magic":22260201,"deal_ticket":800000011,"order_ticket":700000010,"position_id":900000005,"entry_type":"OUT_BY","deal_type":"SELL","side":null,"layer_index":null,"role":null,"deal_price":1.11759,"order_price_open":null,"slippage_pips":null,"volume":0.00,"profit":0.00,"swap":0.00,"commission":0.00,"deal_time_broker":"2026-10-07 09:19:03","deal_time_broker_msc":1791364743000,"halted_at_receipt":false,"quarantined_at_receipt":false}
29,-1,1791364743684,scalp,SCALP_CLOSED,{"close_time":"2026-10-07T09:19:03Z","instrument":"EURUSD","direction":"SHORT","entry_price":1.11759,"exit_price":1.12233,"layer_depth":1,"stack_depth":2,"gross_pnl":-4.72,"instance_id":"GRIND_EURUSD_OPTD","ejected":false,"rolled":true,"broker_utc_offset_s":10800,"account_login":53077984}
29,-1,1791368201283,ea_event,,{"type":"fill_log","seq":13,"ea_time_ms":97030640,"magic":22260201,"deal_ticket":800000012,"order_ticket":9006,"position_id":900000006,"entry_type":"IN","deal_type":"BUY","side":"L","layer_index":7,"role":"ENT","deal_price":1.12177,"order_price_open":null,"slippage_pips":null,"volume":0.00,"profit":0.00,"swap":0.00,"commission":0.00,"deal_time_broker":"2026-10-07 10:16:41","deal_time_broker_msc":1791368201000,"halted_at_receipt":false,"quarantined_at_receipt":false}
29,-1,1791368229851,ea_event,,{"type":"fill_log","seq":14,"ea_time_ms":97030640,"magic":22260201,"deal_ticket":800000013,"order_ticket":1990106683,"position_id":900000007,"entry_type":"IN","deal_type":"SELL","side":"S","layer_index":8,"role":"EXT","deal_price":1.12158,"order_price_open":null,"slippage_pips":null,"volume":0.00,"profit":0.00,"swap":0.00,"commission":0.00,"deal_time_broker":"2026-10-07 10:17:09","deal_time_broker_msc":1791368229000,"halted_at_receipt":false,"quarantined_at_receipt":false}
29,-1,1791368230288,ea_event,,{"type":"fill_log","seq":15,"ea_time_ms":97030640,"magic":22260201,"deal_ticket":800000014,"order_ticket":700000014,"position_id":1989381309,"entry_type":"OUT_BY","deal_type":"SELL","side":null,"layer_index":null,"role":null,"deal_price":1.12158,"order_price_open":null,"slippage_pips":null,"volume":0.00,"profit":1.10,"swap":0.01,"commission":0.00,"deal_time_broker":"2026-10-07 10:17:10","deal_time_broker_msc":1791368230000,"halted_at_receipt":false,"quarantined_at_receipt":false}
29,-1,1791368230288,ea_event,,{"type":"fill_log","seq":16,"ea_time_ms":97030640,"magic":22260201,"deal_ticket":800000015,"order_ticket":700000014,"position_id":900000007,"entry_type":"OUT_BY","deal_type":"SELL","side":null,"layer_index":null,"role":null,"deal_price":1.12268,"order_price_open":null,"slippage_pips":null,"volume":0.00,"profit":0.00,"swap":0.00,"commission":0.00,"deal_time_broker":"2026-10-07 10:17:10","deal_time_broker_msc":1791368230000,"halted_at_receipt":false,"quarantined_at_receipt":false}
29,-1,1791368230288,scalp,SCALP_CLOSED,{"close_time":"2026-10-07T10:17:10Z","instrument":"EURUSD","direction":"SHORT","entry_price":1.12268,"exit_price":1.12158,"layer_depth":8,"stack_depth":1,"gross_pnl":1.11,"instance_id":"GRIND_EURUSD_OPTD","ejected":false,"rolled":false,"broker_utc_offset_s":10800,"account_login":53077984}
29,-1,1791368659056,ea_event,,{"type":"fill_log","seq":17,"ea_time_ms":97030656,"magic":22260201,"deal_ticket":800000016,"order_ticket":9008,"position_id":900000008,"entry_type":"IN","deal_type":"SELL","side":"S","layer_index":0,"role":"ENT","deal_price":1.12160,"order_price_open":null,"slippage_pips":null,"volume":0.00,"profit":0.00,"swap":0.00,"commission":0.00,"deal_time_broker":"2026-10-07 10:24:19","deal_time_broker_msc":1791368659000,"halted_at_receipt":false,"quarantined_at_receipt":false}
29,-1,1791369245992,ea_event,ROLL_DEFERRED,{"type":"ea_event","seq":18,"ea_time_ms":97030671,"magic":null,"level":"INFO","code":"ROLL_DEFERRED","reason":"L","ticket":null,"detail":{"side":"L","depth":8,"opposite_depth":1,"gate":0,"level":1.12107,"market":1.12107}}
29,-1,1791369620626,ea_event,,{"type":"fill_log","seq":19,"ea_time_ms":97030671,"magic":22260201,"deal_ticket":800000017,"order_ticket":9009,"position_id":900000009,"entry_type":"IN","deal_type":"SELL","side":"S","layer_index":0,"role":"EXT","deal_price":1.12049,"order_price_open":null,"slippage_pips":null,"volume":0.00,"profit":0.00,"swap":0.00,"commission":0.00,"deal_time_broker":"2026-10-07 10:40:20","deal_time_broker_msc":1791369620000,"halted_at_receipt":false,"quarantined_at_receipt":false}
29,-1,1791369621852,ea_event,,{"type":"fill_log","seq":20,"ea_time_ms":97030671,"magic":22260201,"deal_ticket":800000018,"order_ticket":700000018,"position_id":900000008,"entry_type":"OUT_BY","deal_type":"SELL","side":null,"layer_index":null,"role":null,"deal_price":1.12049,"order_price_open":null,"slippage_pips":null,"volume":0.00,"profit":1.11,"swap":0.00,"commission":0.00,"deal_time_broker":"2026-10-07 10:40:21","deal_time_broker_msc":1791369621000,"halted_at_receipt":false,"quarantined_at_receipt":false}
29,-1,1791369621852,ea_event,,{"type":"fill_log","seq":21,"ea_time_ms":97030671,"magic":22260201,"deal_ticket":800000019,"order_ticket":700000018,"position_id":900000009,"entry_type":"OUT_BY","deal_type":"SELL","side":null,"layer_index":null,"role":null,"deal_price":1.12160,"order_price_open":null,"slippage_pips":null,"volume":0.00,"profit":0.00,"swap":0.00,"commission":0.00,"deal_time_broker":"2026-10-07 10:40:21","deal_time_broker_msc":1791369621000,"halted_at_receipt":false,"quarantined_at_receipt":false}
29,-1,1791369621852,scalp,SCALP_CLOSED,{"close_time":"2026-10-07T10:40:21Z","instrument":"EURUSD","direction":"SHORT","entry_price":1.12160,"exit_price":1.12049,"layer_depth":0,"stack_depth":1,"gross_pnl":1.11,"instance_id":"GRIND_EURUSD_OPTD","ejected":false,"rolled":false,"broker_utc_offset_s":10800,"account_login":53077984}
29,-1,1791369622157,ea_event,ROLL_ACCEPTED,{"type":"ea_event","seq":22,"ea_time_ms":97030671,"magic":null,"level":"INFO","code":"ROLL_ACCEPTED","reason":null,"ticket":1990044152,"detail":{"ticket":1990044152,"side":"L","layer_index":0,"entry":1.12672,"level":1.12107,"target":1.12241,"accrued":0.00024,"clamped":false,"cost":0.00455,"cost_pips":45.5,"rolled":1,"was_ejected":false,"source":"auto","reroll":false,"from_level":0.00000}}
29,-1,1791369743356,ea_event,,{"type":"fill_log","seq":23,"ea_time_ms":97030687,"magic":22260201,"deal_ticket":800000020,"order_ticket":9012,"position_id":900000010,"entry_type":"IN","deal_type":"SELL","side":"S","layer_index":0,"role":"ENT","deal_price":1.12069,"order_price_open":null,"slippage_pips":null,"volume":0.00,"profit":0.00,"swap":0.00,"commission":0.00,"deal_time_broker":"2026-10-07 10:42:23","deal_time_broker_msc":1791369743000,"halted_at_receipt":false,"quarantined_at_receipt":false}
29,-1,1791370316693,ea_event,ROLL_DEFERRED,{"type":"ea_event","seq":24,"ea_time_ms":97030703,"magic":null,"level":"INFO","code":"ROLL_DEFERRED","reason":"L","ticket":null,"detail":{"side":"L","depth":8,"opposite_depth":1,"gate":0,"level":1.12037,"market":1.12037}}
29,-1,1791370392374,ea_event,,{"type":"fill_log","seq":25,"ea_time_ms":97030703,"magic":22260201,"deal_ticket":800000021,"order_ticket":9013,"position_id":900000011,"entry_type":"IN","deal_type":"SELL","side":"S","layer_index":0,"role":"EXT","deal_price":1.11958,"order_price_open":null,"slippage_pips":null,"volume":0.00,"profit":0.00,"swap":0.00,"commission":0.00,"deal_time_broker":"2026-10-07 10:53:12","deal_time_broker_msc":1791370392000,"halted_at_receipt":false,"quarantined_at_receipt":false}
29,-1,1791370393010,ea_event,,{"type":"fill_log","seq":26,"ea_time_ms":97030703,"magic":22260201,"deal_ticket":800000022,"order_ticket":700000022,"position_id":900000010,"entry_type":"OUT_BY","deal_type":"SELL","side":null,"layer_index":null,"role":null,"deal_price":1.11958,"order_price_open":null,"slippage_pips":null,"volume":0.00,"profit":1.11,"swap":0.00,"commission":0.00,"deal_time_broker":"2026-10-07 10:53:13","deal_time_broker_msc":1791370393000,"halted_at_receipt":false,"quarantined_at_receipt":false}
29,-1,1791370393010,ea_event,,{"type":"fill_log","seq":27,"ea_time_ms":97030703,"magic":22260201,"deal_ticket":800000023,"order_ticket":700000022,"position_id":900000011,"entry_type":"OUT_BY","deal_type":"SELL","side":null,"layer_index":null,"role":null,"deal_price":1.12069,"order_price_open":null,"slippage_pips":null,"volume":0.00,"profit":0.00,"swap":0.00,"commission":0.00,"deal_time_broker":"2026-10-07 10:53:13","deal_time_broker_msc":1791370393000,"halted_at_receipt":false,"quarantined_at_receipt":false}
29,-1,1791370393010,scalp,SCALP_CLOSED,{"close_time":"2026-10-07T10:53:13Z","instrument":"EURUSD","direction":"SHORT","entry_price":1.12069,"exit_price":1.11958,"layer_depth":0,"stack_depth":1,"gross_pnl":1.11,"instance_id":"GRIND_EURUSD_OPTD","ejected":false,"rolled":false,"broker_utc_offset_s":10800,"account_login":53077984}
29,-1,1791370393118,ea_event,ROLL_ACCEPTED,{"type":"ea_event","seq":28,"ea_time_ms":97030703,"magic":null,"level":"INFO","code":"ROLL_ACCEPTED","reason":null,"ticket":1990054458,"detail":{"ticket":1990054458,"side":"L","layer_index":1,"entry":1.12601,"level":1.12037,"target":1.12171,"accrued":0.00024,"clamped":false,"cost":0.00454,"cost_pips":45.4,"rolled":2,"was_ejected":false,"source":"auto","reroll":false,"from_level":0.00000}}
29,-1,1791370393118,ea_event,ROLL_ACCEPTED,{"type":"ea_event","seq":29,"ea_time_ms":97030703,"magic":null,"level":"INFO","code":"ROLL_ACCEPTED","reason":null,"ticket":1990750020,"detail":{"ticket":1990750020,"side":"L","layer_index":2,"entry":1.12531,"level":1.11967,"target":1.12077,"accrued":0.00000,"clamped":false,"cost":0.00454,"cost_pips":45.4,"rolled":3,"was_ejected":false,"source":"auto","reroll":false,"from_level":0.00000}}
29,-1,1791370457325,ea_event,ROLL_ACCEPTED,{"type":"ea_event","seq":30,"ea_time_ms":97030703,"magic":null,"level":"INFO","code":"ROLL_ACCEPTED","reason":null,"ticket":1991426922,"detail":{"ticket":1991426922,"side":"L","layer_index":3,"entry":1.12460,"level":1.11897,"target":1.12007,"accrued":0.00000,"clamped":false,"cost":0.00453,"cost_pips":45.3,"rolled":4,"was_ejected":false,"source":"auto","reroll":false,"from_level":0.00000}}
29,-1,1791370472466,ea_event,,{"type":"fill_log","seq":31,"ea_time_ms":97030703,"magic":22260201,"deal_ticket":800000024,"order_ticket":9017,"position_id":900000012,"entry_type":"IN","deal_type":"SELL","side":"S","layer_index":0,"role":"ENT","deal_price":1.11918,"order_price_open":null,"slippage_pips":null,"volume":0.00,"profit":0.00,"swap":0.00,"commission":0.00,"deal_time_broker":"2026-10-07 10:54:32","deal_time_broker_msc":1791370472000,"halted_at_receipt":false,"quarantined_at_receipt":false}
29,-1,1791370599336,ea_event,ROLL_DEFERRED,{"type":"ea_event","seq":32,"ea_time_ms":97030718,"magic":null,"level":"INFO","code":"ROLL_DEFERRED","reason":"L","ticket":null,"detail":{"side":"L","depth":8,"opposite_depth":1,"gate":0,"level":1.11827,"market":1.11820}}
29,-1,1791371841794,ea_event,,{"type":"fill_log","seq":33,"ea_time_ms":97030765,"magic":22260201,"deal_ticket":800000025,"order_ticket":9019,"position_id":900000013,"entry_type":"IN","deal_type":"SELL","side":"S","layer_index":0,"role":"EXT","deal_price":1.11808,"order_price_open":null,"slippage_pips":null,"volume":0.00,"profit":0.00,"swap":0.00,"commission":0.00,"deal_time_broker":"2026-10-07 11:17:21","deal_time_broker_msc":1791371841000,"halted_at_receipt":false,"quarantined_at_receipt":false}
29,-1,1791371842216,ea_event,,{"type":"fill_log","seq":34,"ea_time_ms":97030765,"magic":22260201,"deal_ticket":800000026,"order_ticket":700000026,"position_id":900000012,"entry_type":"OUT_BY","deal_type":"SELL","side":null,"layer_index":null,"role":null,"deal_price":1.11808,"order_price_open":null,"slippage_pips":null,"volume":0.00,"profit":1.10,"swap":0.00,"commission":0.00,"deal_time_broker":"2026-10-07 11:17:22","deal_time_broker_msc":1791371842000,"halted_at_receipt":false,"quarantined_at_receipt":false}
29,-1,1791371842216,ea_event,,{"type":"fill_log","seq":35,"ea_time_ms":97030765,"magic":22260201,"deal_ticket":800000027,"order_ticket":700000026,"position_id":900000013,"entry_type":"OUT_BY","deal_type":"SELL","side":null,"layer_index":null,"role":null,"deal_price":1.11918,"order_price_open":null,"slippage_pips":null,"volume":0.00,"profit":0.00,"swap":0.00,"commission":0.00,"deal_time_broker":"2026-10-07 11:17:22","deal_time_broker_msc":1791371842000,"halted_at_receipt":false,"quarantined_at_receipt":false}
29,-1,1791371842216,scalp,SCALP_CLOSED,{"close_time":"2026-10-07T11:17:22Z","instrument":"EURUSD","direction":"SHORT","entry_price":1.11918,"exit_price":1.11808,"layer_depth":0,"stack_depth":1,"gross_pnl":1.10,"instance_id":"GRIND_EURUSD_OPTD","ejected":false,"rolled":false,"broker_utc_offset_s":10800,"account_login":53077984}
29,-1,1791371842325,ea_event,ROLL_ACCEPTED,{"type":"ea_event","seq":36,"ea_time_ms":97030765,"magic":null,"level":"INFO","code":"ROLL_ACCEPTED","reason":null,"ticket":1991588541,"detail":{"ticket":1991588541,"side":"L","layer_index":4,"entry":1.12391,"level":1.11827,"target":1.11937,"accrued":0.00000,"clamped":false,"cost":0.00454,"cost_pips":45.4,"rolled":5,"was_ejected":false,"source":"auto","reroll":false,"from_level":0.00000}}
29,-1,1791371861879,ea_event,,{"type":"fill_log","seq":37,"ea_time_ms":97030765,"magic":22260201,"deal_ticket":800000028,"order_ticket":9022,"position_id":900000014,"entry_type":"IN","deal_type":"SELL","side":"S","layer_index":0,"role":"ENT","deal_price":1.11827,"order_price_open":null,"slippage_pips":null,"volume":0.00,"profit":0.00,"swap":0.00,"commission":0.00,"deal_time_broker":"2026-10-07 11:17:41","deal_time_broker_msc":1791371861000,"halted_at_receipt":false,"quarantined_at_receipt":false}
29,-1,1791371961200,ea_event,,{"type":"fill_log","seq":38,"ea_time_ms":97030765,"magic":22260201,"deal_ticket":800000029,"order_ticket":9024,"position_id":900000015,"entry_type":"IN","deal_type":"SELL","side":"S","layer_index":1,"role":"ENT","deal_price":1.11899,"order_price_open":null,"slippage_pips":null,"volume":0.00,"profit":0.00,"swap":0.00,"commission":0.00,"deal_time_broker":"2026-10-07 11:19:21","deal_time_broker_msc":1791371961000,"halted_at_receipt":false,"quarantined_at_receipt":false}
29,-1,1791372123682,ea_event,,{"type":"fill_log","seq":39,"ea_time_ms":97030781,"magic":22260201,"deal_ticket":800000030,"order_ticket":9018,"position_id":900000016,"entry_type":"IN","deal_type":"BUY","side":"L","layer_index":4,"role":"EXT","deal_price":1.11938,"order_price_open":null,"slippage_pips":null,"volume":0.00,"profit":0.00,"swap":0.00,"commission":0.00,"deal_time_broker":"2026-10-07 11:22:03","deal_time_broker_msc":1791372123000,"halted_at_receipt":false,"quarantined_at_receipt":false}
29,-1,1791372125919,ea_event,,{"type":"fill_log","seq":40,"ea_time_ms":97030781,"magic":22260201,"deal_ticket":800000031,"order_ticket":700000031,"position_id":1991588541,"entry_type":"OUT_BY","deal_type":"SELL","side":null,"layer_index":null,"role":null,"deal_price":1.11938,"order_price_open":null,"slippage_pips":null,"volume":0.00,"profit":-4.53,"swap":0.00,"commission":0.00,"deal_time_broker":"2026-10-07 11:22:05","deal_time_broker_msc":1791372125000,"halted_at_receipt":false,"quarantined_at_receipt":false}
29,-1,1791372125919,ea_event,ROLL_FILLED,{"type":"ea_event","seq":41,"ea_time_ms":97030781,"magic":null,"level":"INFO","code":"ROLL_FILLED","reason":null,"ticket":1991588541,"detail":{"ticket":1991588541,"level":1.11827}}
29,-1,1791372125919,ea_event,,{"type":"fill_log","seq":42,"ea_time_ms":97030781,"magic":22260201,"deal_ticket":800000032,"order_ticket":700000031,"position_id":900000016,"entry_type":"OUT_BY","deal_type":"SELL","side":null,"layer_index":null,"role":null,"deal_price":1.12391,"order_price_open":null,"slippage_pips":null,"volume":0.00,"profit":0.00,"swap":0.00,"commission":0.00,"deal_time_broker":"2026-10-07 11:22:05","deal_time_broker_msc":1791372125000,"halted_at_receipt":false,"quarantined_at_receipt":false}
29,-1,1791372125919,scalp,SCALP_CLOSED,{"close_time":"2026-10-07T11:22:05Z","instrument":"EURUSD","direction":"LONG","entry_price":1.12391,"exit_price":1.11938,"layer_depth":4,"stack_depth":8,"gross_pnl":-4.53,"instance_id":"GRIND_EURUSD_OPTD","ejected":false,"rolled":true,"broker_utc_offset_s":10800,"account_login":53077984}
29,-1,1791372204106,ea_event,,{"type":"fill_log","seq":43,"ea_time_ms":97030781,"magic":22260201,"deal_ticket":800000033,"order_ticket":9026,"position_id":900000017,"entry_type":"IN","deal_type":"SELL","side":"S","layer_index":2,"role":"ENT","deal_price":1.11972,"order_price_open":null,"slippage_pips":null,"volume":0.00,"profit":0.00,"swap":0.00,"commission":0.00,"deal_time_broker":"2026-10-07 11:23:24","deal_time_broker_msc":1791372204000,"halted_at_receipt":false,"quarantined_at_receipt":false}
29,-1,1791374149358,ea_event,,{"type":"fill_log","seq":44,"ea_time_ms":97030828,"magic":22260201,"deal_ticket":800000034,"order_ticket":9027,"position_id":900000018,"entry_type":"IN","deal_type":"BUY","side":"L","layer_index":3,"role":"EXT","deal_price":1.12009,"order_price_open":null,"slippage_pips":null,"volume":0.00,"profit":0.00,"swap":0.00,"commission":0.00,"deal_time_broker":"2026-10-07 11:55:49","deal_time_broker_msc":1791374149000,"halted_at_receipt":false,"quarantined_at_receipt":false}
29,-1,1791374149995,ea_event,,{"type":"fill_log","seq":45,"ea_time_ms":97030828,"magic":22260201,"deal_ticket":800000035,"order_ticket":700000035,"position_id":1991426922,"entry_type":"OUT_BY","deal_type":"SELL","side":null,"layer_index":null,"role":null,"deal_price":1.12009,"order_price_open":null,"slippage_pips":null,"volume":0.00,"profit":-4.51,"swap":0.00,"commission":0.00,"deal_time_broker":"2026-10-07 11:55:49","deal_time_broker_msc":1791374149000,"halted_at_receipt":false,"quarantined_at_receipt":false}
29,-1,1791374149995,ea_event,ROLL_FILLED,{"type":"ea_event","seq":46,"ea_time_ms":97030828,"magic":null,"level":"INFO","code":"ROLL_FILLED","reason":null,"ticket":1991426922,"detail":{"ticket":1991426922,"level":1.11897}}
29,-1,1791374149995,ea_event,,{"type":"fill_log","seq":47,"ea_time_ms":97030828,"magic":22260201,"deal_ticket":800000036,"order_ticket":700000035,"position_id":900000018,"entry_type":"OUT_BY","deal_type":"SELL","side":null,"layer_index":null,"role":null,"deal_price":1.12460,"order_price_open":null,"slippage_pips":null,"volume":0.00,"profit":0.00,"swap":0.00,"commission":0.00,"deal_time_broker":"2026-10-07 11:55:49","deal_time_broker_msc":1791374149000,"halted_at_receipt":false,"quarantined_at_receipt":false}
29,-1,1791374149995,scalp,SCALP_CLOSED,{"close_time":"2026-10-07T11:55:49Z","instrument":"EURUSD","direction":"LONG","entry_price":1.12460,"exit_price":1.12009,"layer_depth":3,"stack_depth":7,"gross_pnl":-4.51,"instance_id":"GRIND_EURUSD_OPTD","ejected":false,"rolled":true,"broker_utc_offset_s":10800,"account_login":53077984}
29,-1,1791376232784,ea_event,,{"type":"fill_log","seq":48,"ea_time_ms":97030890,"magic":22260201,"deal_ticket":800000037,"order_ticket":9028,"position_id":900000019,"entry_type":"IN","deal_type":"BUY","side":"L","layer_index":8,"role":"ENT","deal_price":1.11893,"order_price_open":null,"slippage_pips":null,"volume":0.00,"profit":0.00,"swap":0.00,"commission":0.00,"deal_time_broker":"2026-10-07 12:30:32","deal_time_broker_msc":1791376232000,"halted_at_receipt":false,"quarantined_at_receipt":false}
29,-1,1791376341112,ea_event,,{"type":"fill_log","seq":49,"ea_time_ms":97030890,"magic":22260201,"deal_ticket":800000038,"order_ticket":9029,"position_id":900000020,"entry_type":"IN","deal_type":"SELL","side":"S","layer_index":2,"role":"EXT","deal_price":1.11861,"order_price_open":null,"slippage_pips":null,"volume":0.00,"profit":0.00,"swap":0.00,"commission":0.00,"deal_time_broker":"2026-10-07 12:32:21","deal_time_broker_msc":1791376341000,"halted_at_receipt":false,"quarantined_at_receipt":false}
29,-1,1791376341938,ea_event,,{"type":"fill_log","seq":50,"ea_time_ms":97030890,"magic":22260201,"deal_ticket":800000039,"order_ticket":700000039,"position_id":900000017,"entry_type":"OUT_BY","deal_type":"SELL","side":null,"layer_index":null,"role":null,"deal_price":1.11861,"order_price_open":null,"slippage_pips":null,"volume":0.00,"profit":1.11,"swap":0.00,"commission":0.00,"deal_time_broker":"2026-10-07 12:32:21","deal_time_broker_msc":1791376341000,"halted_at_receipt":false,"quarantined_at_receipt":false}
29,-1,1791376341938,ea_event,,{"type":"fill_log","seq":51,"ea_time_ms":97030890,"magic":22260201,"deal_ticket":800000040,"order_ticket":700000039,"position_id":900000020,"entry_type":"OUT_BY","deal_type":"SELL","side":null,"layer_index":null,"role":null,"deal_price":1.11972,"order_price_open":null,"slippage_pips":null,"volume":0.00,"profit":0.00,"swap":0.00,"commission":0.00,"deal_time_broker":"2026-10-07 12:32:21","deal_time_broker_msc":1791376341000,"halted_at_receipt":false,"quarantined_at_receipt":false}
29,-1,1791376341938,scalp,SCALP_CLOSED,{"close_time":"2026-10-07T12:32:21Z","instrument":"EURUSD","direction":"SHORT","entry_price":1.11972,"exit_price":1.11861,"layer_depth":2,"stack_depth":3,"gross_pnl":1.11,"instance_id":"GRIND_EURUSD_OPTD","ejected":false,"rolled":false,"broker_utc_offset_s":10800,"account_login":53077984}
29,-1,1791377997499,ea_event,,{"type":"fill_log","seq":52,"ea_time_ms":97030937,"magic":22260201,"deal_ticket":800000041,"order_ticket":9035,"position_id":900000021,"entry_type":"IN","deal_type":"SELL","side":"S","layer_index":2,"role":"ENT","deal_price":1.11971,"order_price_open":null,"slippage_pips":null,"volume":0.00,"profit":0.00,"swap":0.00,"commission":0.00,"deal_time_broker":"2026-10-07 12:59:57","deal_time_broker_msc":1791377997000,"halted_at_receipt":false,"quarantined_at_receipt":false}
29,-1,1791383253309,ea_event,,{"type":"fill_log","seq":53,"ea_time_ms":97031093,"magic":22260201,"deal_ticket":800000042,"order_ticket":9036,"position_id":900000022,"entry_type":"IN","deal_type":"SELL","side":"S","layer_index":2,"role":"EXT","deal_price":1.11852,"order_price_open":null,"slippage_pips":null,"volume":0.00,"profit":0.00,"swap":0.00,"commission":0.00,"deal_time_broker":"2026-10-07 14:27:33","deal_time_broker_msc":1791383253000,"halted_at_receipt":false,"quarantined_at_receipt":false}
29,-1,1791383253744,ea_event,,{"type":"fill_log","seq":54,"ea_time_ms":97031093,"magic":22260201,"deal_ticket":800000043,"order_ticket":700000043,"position_id":900000021,"entry_type":"OUT_BY","deal_type":"SELL","side":null,"layer_index":null,"role":null,"deal_price":1.11852,"order_price_open":null,"slippage_pips":null,"volume":0.00,"profit":1.19,"swap":0.00,"commission":0.00,"deal_time_broker":"2026-10-07 14:27:33","deal_time_broker_msc":1791383253000,"halted_at_receipt":false,"quarantined_at_receipt":false}
29,-1,1791383253744,ea_event,,{"type":"fill_log","seq":55,"ea_time_ms":97031093,"magic":22260201,"deal_ticket":800000044,"order_ticket":700000043,"position_id":900000022,"entry_type":"OUT_BY","deal_type":"SELL","side":null,"layer_index":null,"role":null,"deal_price":1.11971,"order_price_open":null,"slippage_pips":null,"volume":0.00,"profit":0.00,"swap":0.00,"commission":0.00,"deal_time_broker":"2026-10-07 14:27:33","deal_time_broker_msc":1791383253000,"halted_at_receipt":false,"quarantined_at_receipt":false}
29,-1,1791383253744,scalp,SCALP_CLOSED,{"close_time":"2026-10-07T14:27:33Z","instrument":"EURUSD","direction":"SHORT","entry_price":1.11971,"exit_price":1.11852,"layer_depth":2,"stack_depth":3,"gross_pnl":1.19,"instance_id":"GRIND_EURUSD_OPTD","ejected":false,"rolled":false,"broker_utc_offset_s":10800,"account_login":53077984}
29,-1,1791383765559,ea_event,,{"type":"fill_log","seq":56,"ea_time_ms":97031125,"magic":22260201,"deal_ticket":800000045,"order_ticket":9033,"position_id":900000023,"entry_type":"IN","deal_type":"BUY","side":"L","layer_index":9,"role":"ENT","deal_price":1.11822,"order_price_open":null,"slippage_pips":null,"volume":0.00,"profit":0.00,"swap":0.00,"commission":0.00,"deal_time_broker":"2026-10-07 14:36:05","deal_time_broker_msc":1791383765000,"halted_at_receipt":false,"quarantined_at_receipt":false}
29,-1,1791384017099,ea_event,,{"type":"fill_log","seq":57,"ea_time_ms":97031140,"magic":22260201,"deal_ticket":800000046,"order_ticket":9038,"position_id":900000024,"entry_type":"IN","deal_type":"SELL","side":"S","layer_index":1,"role":"EXT","deal_price":1.11787,"order_price_open":null,"slippage_pips":null,"volume":0.00,"profit":0.00,"swap":0.00,"commission":0.00,"deal_time_broker":"2026-10-07 14:40:17","deal_time_broker_msc":1791384017000,"halted_at_receipt":false,"quarantined_at_receipt":false}
29,-1,1791384018344,ea_event,,{"type":"fill_log","seq":58,"ea_time_ms":97031140,"magic":22260201,"deal_ticket":800000047,"order_ticket":700000047,"position_id":900000015,"entry_type":"OUT_BY","deal_type":"SELL","side":null,"layer_index":null,"role":null,"deal_price":1.11787,"order_price_open":null,"slippage_pips":null,"volume":0.00,"profit":1.12,"swap":0.00,"commission":0.00,"deal_time_broker":"2026-10-07 14:40:18","deal_time_broker_msc":1791384018000,"halted_at_receipt":false,"quarantined_at_receipt":false}
29,-1,1791384018344,ea_event,,{"type":"fill_log","seq":59,"ea_time_ms":97031140,"magic":22260201,"deal_ticket":800000048,"order_ticket":700000047,"position_id":900000024,"entry_type":"OUT_BY","deal_type":"SELL","side":null,"layer_index":null,"role":null,"deal_price":1.11899,"order_price_open":null,"slippage_pips":null,"volume":0.00,"profit":0.00,"swap":0.00,"commission":0.00,"deal_time_broker":"2026-10-07 14:40:18","deal_time_broker_msc":1791384018000,"halted_at_receipt":false,"quarantined_at_receipt":false}
29,-1,1791384018344,scalp,SCALP_CLOSED,{"close_time":"2026-10-07T14:40:18Z","instrument":"EURUSD","direction":"SHORT","entry_price":1.11899,"exit_price":1.11787,"layer_depth":1,"stack_depth":2,"gross_pnl":1.12,"instance_id":"GRIND_EURUSD_OPTD","ejected":false,"rolled":false,"broker_utc_offset_s":10800,"account_login":53077984}
29,-1,1791385837804,ea_event,ROLL_DEFERRED,{"type":"ea_event","seq":60,"ea_time_ms":97031250,"magic":null,"level":"INFO","code":"ROLL_DEFERRED","reason":"L","ticket":null,"detail":{"side":"L","depth":8,"opposite_depth":1,"gate":0,"level":1.11752,"market":1.11749}}
29,-1,1791386385306,ea_event,,{"type":"fill_log","seq":61,"ea_time_ms":97031265,"magic":22260201,"deal_ticket":800000049,"order_ticket":9023,"position_id":900000025,"entry_type":"IN","deal_type":"SELL","side":"S","layer_index":0,"role":"EXT","deal_price":1.11716,"order_price_open":null,"slippage_pips":null,"volume":0.00,"profit":0.00,"swap":0.00,"commission":0.00,"deal_time_broker":"2026-10-07 15:19:45","deal_time_broker_msc":1791386385000,"halted_at_receipt":false,"quarantined_at_receipt":false}
29,-1,1791386386146,ea_event,,{"type":"fill_log","seq":62,"ea_time_ms":97031265,"magic":22260201,"deal_ticket":800000050,"order_ticket":700000050,"position_id":900000014,"entry_type":"OUT_BY","deal_type":"SELL","side":null,"layer_index":null,"role":null,"deal_price":1.11716,"order_price_open":null,"slippage_pips":null,"volume":0.00,"profit":1.11,"swap":0.00,"commission":0.00,"deal_time_broker":"2026-10-07 15:19:46","deal_time_broker_msc":1791386386000,"halted_at_receipt":false,"quarantined_at_receipt":false}
29,-1,1791386386146,ea_event,,{"type":"fill_log","seq":63,"ea_time_ms":97031265,"magic":22260201,"deal_ticket":800000051,"order_ticket":700000050,"position_id":900000025,"entry_type":"OUT_BY","deal_type":"SELL","side":null,"layer_index":null,"role":null,"deal_price":1.11827,"order_price_open":null,"slippage_pips":null,"volume":0.00,"profit":0.00,"swap":0.00,"commission":0.00,"deal_time_broker":"2026-10-07 15:19:46","deal_time_broker_msc":1791386386000,"halted_at_receipt":false,"quarantined_at_receipt":false}
29,-1,1791386386146,scalp,SCALP_CLOSED,{"close_time":"2026-10-07T15:19:46Z","instrument":"EURUSD","direction":"SHORT","entry_price":1.11827,"exit_price":1.11716,"layer_depth":0,"stack_depth":1,"gross_pnl":1.11,"instance_id":"GRIND_EURUSD_OPTD","ejected":false,"rolled":false,"broker_utc_offset_s":10800,"account_login":53077984}
29,-1,1791386386255,ea_event,ROLL_ACCEPTED,{"type":"ea_event","seq":64,"ea_time_ms":97031265,"magic":null,"level":"INFO","code":"ROLL_ACCEPTED","reason":null,"ticket":900000002,"detail":{"ticket":900000002,"side":"L","layer_index":5,"entry":1.12319,"level":1.11752,"target":1.11862,"accrued":0.00000,"clamped":false,"cost":0.00457,"cost_pips":45.7,"rolled":4,"was_ejected":false,"source":"auto","reroll":false,"from_level":0.00000}}
29,-1,1791386596694,ea_event,ROLL_ACCEPTED,{"type":"ea_event","seq":65,"ea_time_ms":97031265,"magic":null,"level":"INFO","code":"ROLL_ACCEPTED","reason":null,"ticket":900000004,"detail":{"ticket":900000004,"side":"L","layer_index":6,"entry":1.12248,"level":1.11682,"target":1.11792,"accrued":0.00000,"clamped":false,"cost":0.00456,"cost_pips":45.6,"rolled":5,"was_ejected":false,"source":"auto","reroll":false,"from_level":0.00000}}
29,-1,1791386711708,ea_event,,{"type":"fill_log","seq":66,"ea_time_ms":97031265,"magic":22260201,"deal_ticket":800000052,"order_ticket":9043,"position_id":900000026,"entry_type":"IN","deal_type":"SELL","side":"S","layer_index":0,"role":"ENT","deal_price":1.11681,"order_price_open":null,"slippage_pips":null,"volume":0.00,"profit":0.00,"swap":0.00,"commission":0.00,"deal_time_broker":"2026-10-07 15:25:11","deal_time_broker_msc":1791386711000,"halted_at_receipt":false,"quarantined_at_receipt":false}
29,-1,1791388817386,ea_event,,{"type":"fill_log","seq":67,"ea_time_ms":97031343,"magic":22260201,"deal_ticket":800000053,"order_ticket":9046,"position_id":900000027,"entry_type":"IN","deal_type":"SELL","side":"S","layer_index":1,"role":"ENT","deal_price":1.11750,"order_price_open":null,"slippage_pips":null,"volume":0.00,"profit":0.00,"swap":0.00,"commission":0.00,"deal_time_broker":"2026-10-07 16:00:17","deal_time_broker_msc":1791388817000,"halted_at_receipt":false,"quarantined_at_receipt":false}
29,-1,1791388894378,ea_event,,{"type":"fill_log","seq":68,"ea_time_ms":97031343,"magic":22260201,"deal_ticket":800000054,"order_ticket":9042,"position_id":900000028,"entry_type":"IN","deal_type":"BUY","side":"L","layer_index":6,"role":"EXT","deal_price":1.11794,"order_price_open":null,"slippage_pips":null,"volume":0.00,"profit":0.00,"swap":0.00,"commission":0.00,"deal_time_broker":"2026-10-07 16:01:34","deal_time_broker_msc":1791388894000,"halted_at_receipt":false,"quarantined_at_receipt":false}
29,-1,1791388895407,ea_event,,{"type":"fill_log","seq":69,"ea_time_ms":97031343,"magic":22260201,"deal_ticket":800000055,"order_ticket":700000055,"position_id":900000004,"entry_type":"OUT_BY","deal_type":"SELL","side":null,"layer_index":null,"role":null,"deal_price":1.11794,"order_price_open":null,"slippage_pips":null,"volume":0.00,"profit":-4.54,"swap":0.00,"commission":0.00,"deal_time_broker":"2026-10-07 16:01:35","deal_time_broker_msc":1791388895000,"halted_at_receipt":false,"quarantined_at_receipt":false}
29,-1,1791388895407,ea_event,ROLL_FILLED,{"type":"ea_event","seq":70,"ea_time_ms":97031343,"magic":null,"level":"INFO","code":"ROLL_FILLED","reason":null,"ticket":900000004,"detail":{"ticket":900000004,"level":1.11682}}
29,-1,1791388895407,ea_event,,{"type":"fill_log","seq":71,"ea_time_ms":97031343,"magic":22260201,"deal_ticket":800000056,"order_ticket":700000055,"position_id":900000028,"entry_type":"OUT_BY","deal_type":"SELL","side":null,"layer_index":null,"role":null,"deal_price":1.12248,"order_price_open":null,"slippage_pips":null,"volume":0.00,"profit":0.00,"swap":0.00,"commission":0.00,"deal_time_broker":"2026-10-07 16:01:35","deal_time_broker_msc":1791388895000,"halted_at_receipt":false,"quarantined_at_receipt":false}
29,-1,1791388895407,scalp,SCALP_CLOSED,{"close_time":"2026-10-07T16:01:35Z","instrument":"EURUSD","direction":"LONG","entry_price":1.12248,"exit_price":1.11794,"layer_depth":6,"stack_depth":8,"gross_pnl":-4.54,"instance_id":"GRIND_EURUSD_OPTD","ejected":false,"rolled":true,"broker_utc_offset_s":10800,"account_login":53077984}
29,-1,1791389942249,ea_event,,{"type":"fill_log","seq":72,"ea_time_ms":97031390,"magic":22260201,"deal_ticket":800000057,"order_ticket":9048,"position_id":900000029,"entry_type":"IN","deal_type":"SELL","side":"S","layer_index":2,"role":"ENT","deal_price":1.11822,"order_price_open":null,"slippage_pips":null,"volume":0.00,"profit":0.00,"swap":0.00,"commission":0.00,"deal_time_broker":"2026-10-07 16:19:02","deal_time_broker_msc":1791389942000,"halted_at_receipt":false,"quarantined_at_receipt":false}
29,-1,1791392064786,ea_event,,{"type":"fill_log","seq":73,"ea_time_ms":97031468,"magic":22260201,"deal_ticket":800000058,"order_ticket":9049,"position_id":900000030,"entry_type":"IN","deal_type":"BUY","side":"L","layer_index":5,"role":"EXT","deal_price":1.11861,"order_price_open":null,"slippage_pips":null,"volume":0.00,"profit":0.00,"swap":0.00,"commission":0.00,"deal_time_broker":"2026-10-07 16:54:24","deal_time_broker_msc":1791392064000,"halted_at_receipt":false,"quarantined_at_receipt":false}
29,-1,1791392065221,ea_event,,{"type":"fill_log","seq":74,"ea_time_ms":97031468,"magic":22260201,"deal_ticket":800000059,"order_ticket":700000059,"position_id":900000002,"entry_type":"OUT_BY","deal_type":"SELL","side":null,"layer_index":null,"role":null,"deal_price":1.11861,"order_price_open":null,"slippage_pips":null,"volume":0.00,"profit":-4.58,"swap":0.00,"commission":0.00,"deal_time_broker":"2026-10-07 16:54:25","deal_time_broker_msc":1791392065000,"halted_at_receipt":false,"quarantined_at_receipt":false}
29,-1,1791392065221,ea_event,ROLL_FILLED,{"type":"ea_event","seq":75,"ea_time_ms":97031468,"magic":null,"level":"INFO","code":"ROLL_FILLED","reason":null,"ticket":900000002,"detail":{"ticket":900000002,"level":1.11752}}
29,-1,1791392065221,ea_event,,{"type":"fill_log","seq":76,"ea_time_ms":97031468,"magic":22260201,"deal_ticket":800000060,"order_ticket":700000059,"position_id":900000030,"entry_type":"OUT_BY","deal_type":"SELL","side":null,"layer_index":null,"role":null,"deal_price":1.12319,"order_price_open":null,"slippage_pips":null,"volume":0.00,"profit":0.00,"swap":0.00,"commission":0.00,"deal_time_broker":"2026-10-07 16:54:25","deal_time_broker_msc":1791392065000,"halted_at_receipt":false,"quarantined_at_receipt":false}
29,-1,1791392065221,scalp,SCALP_CLOSED,{"close_time":"2026-10-07T16:54:25Z","instrument":"EURUSD","direction":"LONG","entry_price":1.12319,"exit_price":1.11861,"layer_depth":5,"stack_depth":7,"gross_pnl":-4.58,"instance_id":"GRIND_EURUSD_OPTD","ejected":false,"rolled":true,"broker_utc_offset_s":10800,"account_login":53077984}
29,-1,1791392498747,ea_event,,{"type":"fill_log","seq":77,"ea_time_ms":97031484,"magic":22260201,"deal_ticket":800000061,"order_ticket":9052,"position_id":900000031,"entry_type":"IN","deal_type":"SELL","side":"S","layer_index":3,"role":"ENT","deal_price":1.11894,"order_price_open":null,"slippage_pips":null,"volume":0.00,"profit":0.00,"swap":0.00,"commission":0.00,"deal_time_broker":"2026-10-07 17:01:38","deal_time_broker_msc":1791392498000,"halted_at_receipt":false,"quarantined_at_receipt":false}
29,-1,1791393228640,ea_event,,{"type":"fill_log","seq":78,"ea_time_ms":97031515,"magic":22260201,"deal_ticket":800000062,"order_ticket":9054,"position_id":900000032,"entry_type":"IN","deal_type":"SELL","side":"S","layer_index":3,"role":"EXT","deal_price":1.11782,"order_price_open":null,"slippage_pips":null,"volume":0.00,"profit":0.00,"swap":0.00,"commission":0.00,"deal_time_broker":"2026-10-07 17:13:48","deal_time_broker_msc":1791393228000,"halted_at_receipt":false,"quarantined_at_receipt":false}
29,-1,1791393229269,ea_event,,{"type":"fill_log","seq":79,"ea_time_ms":97031515,"magic":22260201,"deal_ticket":800000063,"order_ticket":700000063,"position_id":900000031,"entry_type":"OUT_BY","deal_type":"SELL","side":null,"layer_index":null,"role":null,"deal_price":1.11782,"order_price_open":null,"slippage_pips":null,"volume":0.00,"profit":1.12,"swap":0.00,"commission":0.00,"deal_time_broker":"2026-10-07 17:13:49","deal_time_broker_msc":1791393229000,"halted_at_receipt":false,"quarantined_at_receipt":false}
29,-1,1791393229269,ea_event,,{"type":"fill_log","seq":80,"ea_time_ms":97031515,"magic":22260201,"deal_ticket":800000064,"order_ticket":700000063,"position_id":900000032,"entry_type":"OUT_BY","deal_type":"SELL","side":null,"layer_index":null,"role":null,"deal_price":1.11894,"order_price_open":null,"slippage_pips":null,"volume":0.00,"profit":0.00,"swap":0.00,"commission":0.00,"deal_time_broker":"2026-10-07 17:13:49","deal_time_broker_msc":1791393229000,"halted_at_receipt":false,"quarantined_at_receipt":false}
29,-1,1791393229269,scalp,SCALP_CLOSED,{"close_time":"2026-10-07T17:13:49Z","instrument":"EURUSD","direction":"SHORT","entry_price":1.11894,"exit_price":1.11782,"layer_depth":3,"stack_depth":4,"gross_pnl":1.12,"instance_id":"GRIND_EURUSD_OPTD","ejected":false,"rolled":false,"broker_utc_offset_s":10800,"account_login":53077984}
29,-1,1791394785502,ea_event,,{"type":"fill_log","seq":81,"ea_time_ms":97031578,"magic":22260201,"deal_ticket":800000065,"order_ticket":9057,"position_id":900000033,"entry_type":"IN","deal_type":"SELL","side":"S","layer_index":3,"role":"ENT","deal_price":1.11891,"order_price_open":null,"slippage_pips":null,"volume":0.00,"profit":0.00,"swap":0.00,"commission":0.00,"deal_time_broker":"2026-10-07 17:39:45","deal_time_broker_msc":1791394785000,"halted_at_receipt":false,"quarantined_at_receipt":false}
29,-1,1791395472363,ea_event,,{"type":"fill_log","seq":82,"ea_time_ms":97031593,"magic":22260201,"deal_ticket":800000066,"order_ticket":9053,"position_id":900000034,"entry_type":"IN","deal_type":"BUY","side":"L","layer_index":9,"role":"EXT","deal_price":1.11934,"order_price_open":null,"slippage_pips":null,"volume":0.00,"profit":0.00,"swap":0.00,"commission":0.00,"deal_time_broker":"2026-10-07 17:51:12","deal_time_broker_msc":1791395472000,"halted_at_receipt":false,"quarantined_at_receipt":false}
29,-1,1791395472994,ea_event,,{"type":"fill_log","seq":83,"ea_time_ms":97031593,"magic":22260201,"deal_ticket":800000067,"order_ticket":700000067,"position_id":900000023,"entry_type":"OUT_BY","deal_type":"SELL","side":null,"layer_index":null,"role":null,"deal_price":1.11934,"order_price_open":null,"slippage_pips":null,"volume":0.00,"profit":1.12,"swap":0.00,"commission":0.00,"deal_time_broker":"2026-10-07 17:51:12","deal_time_broker_msc":1791395472000,"halted_at_receipt":false,"quarantined_at_receipt":false}
29,-1,1791395472994,ea_event,,{"type":"fill_log","seq":84,"ea_time_ms":97031593,"magic":22260201,"deal_ticket":800000068,"order_ticket":700000067,"position_id":900000034,"entry_type":"OUT_BY","deal_type":"SELL","side":null,"layer_index":null,"role":null,"deal_price":1.11822,"order_price_open":null,"slippage_pips":null,"volume":0.00,"profit":0.00,"swap":0.00,"commission":0.00,"deal_time_broker":"2026-10-07 17:51:12","deal_time_broker_msc":1791395472000,"halted_at_receipt":false,"quarantined_at_receipt":false}
29,-1,1791395472994,scalp,SCALP_CLOSED,{"close_time":"2026-10-07T17:51:12Z","instrument":"EURUSD","direction":"LONG","entry_price":1.11822,"exit_price":1.11934,"layer_depth":9,"stack_depth":6,"gross_pnl":1.12,"instance_id":"GRIND_EURUSD_OPTD","ejected":false,"rolled":false,"broker_utc_offset_s":10800,"account_login":53077984}
29,-1,1791396795378,ea_event,,{"type":"fill_log","seq":85,"ea_time_ms":97031640,"magic":22260201,"deal_ticket":800000069,"order_ticket":9059,"position_id":900000035,"entry_type":"IN","deal_type":"SELL","side":"S","layer_index":4,"role":"ENT","deal_price":1.11979,"order_price_open":null,"slippage_pips":null,"volume":0.00,"profit":0.00,"swap":0.00,"commission":0.00,"deal_time_broker":"2026-10-07 18:13:15","deal_time_broker_msc":1791396795000,"halted_at_receipt":false,"quarantined_at_receipt":false}
29,-1,1791396806411,ea_event,,{"type":"fill_log","seq":86,"ea_time_ms":97031640,"magic":22260201,"deal_ticket":800000070,"order_ticket":9060,"position_id":900000036,"entry_type":"IN","deal_type":"BUY","side":"L","layer_index":8,"role":"EXT","deal_price":1.12003,"order_price_open":null,"slippage_pips":null,"volume":0.00,"profit":0.00,"swap":0.00,"commission":0.00,"deal_time_broker":"2026-10-07 18:13:26","deal_time_broker_msc":1791396806000,"halted_at_receipt":false,"quarantined_at_receipt":false}
29,-1,1791396807043,ea_event,,{"type":"fill_log","seq":87,"ea_time_ms":97031640,"magic":22260201,"deal_ticket":800000071,"order_ticket":700000071,"position_id":900000019,"entry_type":"OUT_BY","deal_type":"SELL","side":null,"layer_index":null,"role":null,"deal_price":1.12003,"order_price_open":null,"slippage_pips":null,"volume":0.00,"profit":1.10,"swap":0.00,"commission":0.00,"deal_time_broker":"2026-10-07 18:13:27","deal_time_broker_msc":1791396807000,"halted_at_receipt":false,"quarantined_at_receipt":false}
29,-1,1791396807043,ea_event,,{"type":"fill_log","seq":88,"ea_time_ms":97031640,"magic":22260201,"deal_ticket":800000072,"order_ticket":700000071,"position_id":900000036,"entry_type":"OUT_BY","deal_type":"SELL","side":null,"layer_index":null,"role":null,"deal_price":1.11893,"order_price_open":null,"slippage_pips":null,"volume":0.00,"profit":0.00,"swap":0.00,"commission":0.00,"deal_time_broker":"2026-10-07 18:13:27","deal_time_broker_msc":1791396807000,"halted_at_receipt":false,"quarantined_at_receipt":false}
29,-1,1791396807043,scalp,SCALP_CLOSED,{"close_time":"2026-10-07T18:13:27Z","instrument":"EURUSD","direction":"LONG","entry_price":1.11893,"exit_price":1.12003,"layer_depth":8,"stack_depth":5,"gross_pnl":1.10,"instance_id":"GRIND_EURUSD_OPTD","ejected":false,"rolled":false,"broker_utc_offset_s":10800,"account_login":53077984}
29,-1,1791397082133,ea_event,,{"type":"fill_log","seq":89,"ea_time_ms":97031656,"magic":22260201,"deal_ticket":800000073,"order_ticket":9065,"position_id":900000037,"entry_type":"IN","deal_type":"BUY","side":"L","layer_index":8,"role":"ENT","deal_price":1.11895,"order_price_open":null,"slippage_pips":null,"volume":0.00,"profit":0.00,"swap":0.00,"commission":0.00,"deal_time_broker":"2026-10-07 18:18:02","deal_time_broker_msc":1791397082000,"halted_at_receipt":false,"quarantined_at_receipt":false}
29,-1,1791397680626,ea_event,,{"type":"fill_log","seq":90,"ea_time_ms":97031687,"magic":22260201,"deal_ticket":800000074,"order_ticket":9062,"position_id":900000038,"entry_type":"IN","deal_type":"SELL","side":"S","layer_index":4,"role":"EXT","deal_price":1.11868,"order_price_open":null,"slippage_pips":null,"volume":0.00,"profit":0.00,"swap":0.00,"commission":0.00,"deal_time_broker":"2026-10-07 18:28:00","deal_time_broker_msc":1791397680000,"halted_at_receipt":false,"quarantined_at_receipt":false}
29,-1,1791397681460,ea_event,,{"type":"fill_log","seq":91,"ea_time_ms":97031687,"magic":22260201,"deal_ticket":800000075,"order_ticket":700000075,"position_id":900000035,"entry_type":"OUT_BY","deal_type":"SELL","side":null,"layer_index":null,"role":null,"deal_price":1.11868,"order_price_open":null,"slippage_pips":null,"volume":0.00,"profit":1.11,"swap":0.00,"commission":0.00,"deal_time_broker":"2026-10-07 18:28:01","deal_time_broker_msc":1791397681000,"halted_at_receipt":false,"quarantined_at_receipt":false}
29,-1,1791397681460,ea_event,,{"type":"fill_log","seq":92,"ea_time_ms":97031687,"magic":22260201,"deal_ticket":800000076,"order_ticket":700000075,"position_id":900000038,"entry_type":"OUT_BY","deal_type":"SELL","side":null,"layer_index":null,"role":null,"deal_price":1.11979,"order_price_open":null,"slippage_pips":null,"volume":0.00,"profit":0.00,"swap":0.00,"commission":0.00,"deal_time_broker":"2026-10-07 18:28:01","deal_time_broker_msc":1791397681000,"halted_at_receipt":false,"quarantined_at_receipt":false}
29,-1,1791397681460,scalp,SCALP_CLOSED,{"close_time":"2026-10-07T18:28:01Z","instrument":"EURUSD","direction":"SHORT","entry_price":1.11979,"exit_price":1.11868,"layer_depth":4,"stack_depth":5,"gross_pnl":1.11,"instance_id":"GRIND_EURUSD_OPTD","ejected":false,"rolled":false,"broker_utc_offset_s":10800,"account_login":53077984}
29,-1,1791400647406,ea_event,,{"type":"fill_log","seq":93,"ea_time_ms":97031781,"magic":22260201,"deal_ticket":800000077,"order_ticket":9069,"position_id":900000039,"entry_type":"IN","deal_type":"SELL","side":"S","layer_index":4,"role":"ENT","deal_price":1.11962,"order_price_open":null,"slippage_pips":null,"volume":0.00,"profit":0.00,"swap":0.00,"commission":0.00,"deal_time_broker":"2026-10-07 19:17:27","deal_time_broker_msc":1791400647000,"halted_at_receipt":false,"quarantined_at_receipt":false}
29,-1,1791406805308,ea_event,,{"type":"fill_log","seq":94,"ea_time_ms":97031953,"magic":22260201,"deal_ticket":800000078,"order_ticket":9066,"position_id":900000040,"entry_type":"IN","deal_type":"BUY","side":"L","layer_index":8,"role":"EXT","deal_price":1.12011,"order_price_open":null,"slippage_pips":null,"volume":0.00,"profit":0.00,"swap":0.00,"commission":0.00,"deal_time_broker":"2026-10-07 21:00:05","deal_time_broker_msc":1791406805000,"halted_at_receipt":false,"quarantined_at_receipt":false}
29,-1,1791406806149,ea_event,,{"type":"fill_log","seq":95,"ea_time_ms":97031953,"magic":22260201,"deal_ticket":800000079,"order_ticket":700000079,"position_id":900000037,"entry_type":"OUT_BY","deal_type":"SELL","side":null,"layer_index":null,"role":null,"deal_price":1.12011,"order_price_open":null,"slippage_pips":null,"volume":0.00,"profit":1.16,"swap":0.00,"commission":0.00,"deal_time_broker":"2026-10-07 21:00:06","deal_time_broker_msc":1791406806000,"halted_at_receipt":false,"quarantined_at_receipt":false}
29,-1,1791406806149,ea_event,,{"type":"fill_log","seq":96,"ea_time_ms":97031953,"magic":22260201,"deal_ticket":800000080,"order_ticket":700000079,"position_id":900000040,"entry_type":"OUT_BY","deal_type":"SELL","side":null,"layer_index":null,"role":null,"deal_price":1.11895,"order_price_open":null,"slippage_pips":null,"volume":0.00,"profit":0.00,"swap":0.00,"commission":0.00,"deal_time_broker":"2026-10-07 21:00:06","deal_time_broker_msc":1791406806000,"halted_at_receipt":false,"quarantined_at_receipt":false}
29,-1,1791406806149,scalp,SCALP_CLOSED,{"close_time":"2026-10-07T21:00:06Z","instrument":"EURUSD","direction":"LONG","entry_price":1.11895,"exit_price":1.12011,"layer_depth":8,"stack_depth":5,"gross_pnl":1.16,"instance_id":"GRIND_EURUSD_OPTD","ejected":false,"rolled":false,"broker_utc_offset_s":10800,"account_login":53077984}
29,-1,1791407151631,ea_event,,{"type":"fill_log","seq":97,"ea_time_ms":97031953,"magic":22260201,"deal_ticket":800000081,"order_ticket":9071,"position_id":900000041,"entry_type":"IN","deal_type":"SELL","side":"S","layer_index":5,"role":"ENT","deal_price":1.12032,"order_price_open":null,"slippage_pips":null,"volume":0.00,"profit":0.00,"swap":0.00,"commission":0.00,"deal_time_broker":"2026-10-07 21:05:51","deal_time_broker_msc":1791407151000,"halted_at_receipt":false,"quarantined_at_receipt":false}
29,-1,1791417036000,ea_event,CARRY_SNAPSHOT,{"type":"ea_event","seq":98,"ea_time_ms":97032140,"magic":null,"level":"INFO","code":"CARRY_SNAPSHOT","reason":"EURUSD","ticket":null,"detail":{"symbol":"EURUSD","swap_mode":1,"swap_long":-7.9900,"swap_short":1.3100,"multiplier":3,"day_of_week":3,"rollover3days":3,"digits":5,"point":0.00001000,"tick_value":1.00000000,"tick_size":0.00001000,"stops_level":0,"freeze_level":0,"long_pips":-2.397,"short_pips":0.393,"eligible_long":4,"eligible_short":6,"trade_mode_full":true,"mult_today":3,"mult_tomorrow":1,"accrued_swap_long":0.00,"accrued_swap_short":0.00}}
29,-1,1791417096000,ea_event,CARRY_EXIT_SHIFT,{"type":"ea_event","seq":99,"ea_time_ms":97032140,"magic":null,"level":"INFO","code":"CARRY_EXIT_SHIFT","reason":"EURUSD","ticket":null,"detail":{"position_ticket":1990750020,"side":"long","layer_index":2,"accrued_ledger_pips":0.000,"pending_pips":-0.799,"accrued_pips_total":-0.799,"old_price":1.12077,"new_price":1.12085,"clamped":false,"sign_guard_skipped":false,"retcode":10009,"points_native_pips":-0.799}}
29,-1,1791417096000,ea_event,CARRY_EXIT_SHIFT,{"type":"ea_event","seq":100,"ea_time_ms":97032140,"magic":null,"level":"INFO","code":"CARRY_EXIT_SHIFT","reason":"EURUSD","ticket":null,"detail":{"position_ticket":900000006,"side":"long","layer_index":7,"accrued_ledger_pips":0.000,"pending_pips":-0.799,"accrued_pips_total":-0.799,"old_price":1.12287,"new_price":1.12295,"clamped":false,"sign_guard_skipped":false,"retcode":10009,"points_native_pips":-0.799}}
29,-1,1791417156000,ea_event,CARRY_EXIT_SHIFT,{"type":"ea_event","seq":101,"ea_time_ms":97032140,"magic":null,"level":"INFO","code":"CARRY_EXIT_SHIFT","reason":"EURUSD","ticket":null,"detail":{"position_ticket":900000026,"side":"short","layer_index":0,"accrued_ledger_pips":0.000,"pending_pips":0.131,"accrued_pips_total":0.131,"old_price":1.11571,"new_price":1.11572,"clamped":false,"sign_guard_skipped":false,"retcode":10009,"points_native_pips":0.131}}
29,-1,1791417276000,ea_event,CARRY_EXIT_SHIFT,{"type":"ea_event","seq":102,"ea_time_ms":97032140,"magic":null,"level":"INFO","code":"CARRY_EXIT_SHIFT","reason":"EURUSD","ticket":null,"detail":{"position_ticket":900000041,"side":"short","layer_index":5,"accrued_ledger_pips":0.000,"pending_pips":0.131,"accrued_pips_total":0.131,"old_price":1.11922,"new_price":1.11923,"clamped":false,"sign_guard_skipped":false,"retcode":10009,"points_native_pips":0.131}}
29,-1,1791417276000,ea_event,CARRY_PASS_SUMMARY,{"type":"ea_event","seq":103,"ea_time_ms":97032140,"magic":null,"level":"INFO","code":"CARRY_PASS_SUMMARY","reason":"EURUSD","ticket":null,"detail":{"eligible":10,"shifted":4,"clamped":0,"skipped":0,"failed":0,"incomplete":false}}
29,-1,1791435510877,ea_event,,{"type":"fill_log","seq":104,"ea_time_ms":97032359,"magic":22260201,"deal_ticket":800000082,"order_ticket":9072,"position_id":900000042,"entry_type":"IN","deal_type":"BUY","side":"L","layer_index":2,"role":"EXT","deal_price":1.12085,"order_price_open":null,"slippage_pips":null,"volume":0.00,"profit":0.00,"swap":0.00,"commission":0.00,"deal_time_broker":"2026-10-08 04:58:30","deal_time_broker_msc":1791435510000,"halted_at_receipt":false,"quarantined_at_receipt":false}
29,-1,1791435511919,ea_event,,{"type":"fill_log","seq":105,"ea_time_ms":97032359,"magic":22260201,"deal_ticket":800000083,"order_ticket":700000083,"position_id":1990750020,"entry_type":"OUT_BY","deal_type":"SELL","side":null,"layer_index":null,"role":null,"deal_price":1.12085,"order_price_open":null,"slippage_pips":null,"volume":0.00,"profit":-4.46,"swap":-0.24,"commission":0.00,"deal_time_broker":"2026-10-08 04:58:31","deal_time_broker_msc":1791435511000,"halted_at_receipt":false,"quarantined_at_receipt":false}
29,-1,1791435511919,ea_event,ROLL_FILLED,{"type":"ea_event","seq":106,"ea_time_ms":97032359,"magic":null,"level":"INFO","code":"ROLL_FILLED","reason":null,"ticket":1990750020,"detail":{"ticket":1990750020,"level":1.11967}}
29,-1,1791435511919,ea_event,,{"type":"fill_log","seq":107,"ea_time_ms":97032359,"magic":22260201,"deal_ticket":800000084,"order_ticket":700000083,"position_id":900000042,"entry_type":"OUT_BY","deal_type":"SELL","side":null,"layer_index":null,"role":null,"deal_price":1.12531,"order_price_open":null,"slippage_pips":null,"volume":0.00,"profit":0.00,"swap":0.00,"commission":0.00,"deal_time_broker":"2026-10-08 04:58:31","deal_time_broker_msc":1791435511000,"halted_at_receipt":false,"quarantined_at_receipt":false}
29,-1,1791435511919,scalp,SCALP_CLOSED,{"close_time":"2026-10-08T04:58:31Z","instrument":"EURUSD","direction":"LONG","entry_price":1.12531,"exit_price":1.12085,"layer_depth":2,"stack_depth":4,"gross_pnl":-4.70,"instance_id":"GRIND_EURUSD_OPTD","ejected":false,"rolled":true,"broker_utc_offset_s":10800,"account_login":53077984}
29,-1,1791436484669,ea_event,,{"type":"fill_log","seq":108,"ea_time_ms":97032375,"magic":22260201,"deal_ticket":800000085,"order_ticket":9075,"position_id":900000043,"entry_type":"IN","deal_type":"SELL","side":"S","layer_index":6,"role":"ENT","deal_price":1.12104,"order_price_open":null,"slippage_pips":null,"volume":0.00,"profit":0.00,"swap":0.00,"commission":0.00,"deal_time_broker":"2026-10-08 05:14:44","deal_time_broker_msc":1791436484000,"halted_at_receipt":false,"quarantined_at_receipt":false}
29,-1,1791440071635,ea_event,,{"type":"fill_log","seq":109,"ea_time_ms":97032437,"magic":22260201,"deal_ticket":800000086,"order_ticket":9077,"position_id":900000044,"entry_type":"IN","deal_type":"SELL","side":"S","layer_index":6,"role":"EXT","deal_price":1.11992,"order_price_open":null,"slippage_pips":null,"volume":0.00,"profit":0.00,"swap":0.00,"commission":0.00,"deal_time_broker":"2026-10-08 06:14:31","deal_time_broker_msc":1791440071000,"halted_at_receipt":false,"quarantined_at_receipt":false}
29,-1,1791440072072,ea_event,,{"type":"fill_log","seq":110,"ea_time_ms":97032437,"magic":22260201,"deal_ticket":800000087,"order_ticket":700000087,"position_id":900000043,"entry_type":"OUT_BY","deal_type":"SELL","side":null,"layer_index":null,"role":null,"deal_price":1.11992,"order_price_open":null,"slippage_pips":null,"volume":0.00,"profit":1.12,"swap":0.00,"commission":0.00,"deal_time_broker":"2026-10-08 06:14:32","deal_time_broker_msc":1791440072000,"halted_at_receipt":false,"quarantined_at_receipt":false}
29,-1,1791440072072,ea_event,,{"type":"fill_log","seq":111,"ea_time_ms":97032437,"magic":22260201,"deal_ticket":800000088,"order_ticket":700000087,"position_id":900000044,"entry_type":"OUT_BY","deal_type":"SELL","side":null,"layer_index":null,"role":null,"deal_price":1.12104,"order_price_open":null,"slippage_pips":null,"volume":0.00,"profit":0.00,"swap":0.00,"commission":0.00,"deal_time_broker":"2026-10-08 06:14:32","deal_time_broker_msc":1791440072000,"halted_at_receipt":false,"quarantined_at_receipt":false}
29,-1,1791440072072,scalp,SCALP_CLOSED,{"close_time":"2026-10-08T06:14:32Z","instrument":"EURUSD","direction":"SHORT","entry_price":1.12104,"exit_price":1.11992,"layer_depth":6,"stack_depth":7,"gross_pnl":1.12,"instance_id":"GRIND_EURUSD_OPTD","ejected":false,"rolled":false,"broker_utc_offset_s":10800,"account_login":53077984}
29,-1,1791449489745,ea_event,,{"type":"fill_log","seq":112,"ea_time_ms":97032546,"magic":22260201,"deal_ticket":800000089,"order_ticket":9073,"position_id":900000045,"entry_type":"IN","deal_type":"BUY","side":"L","layer_index":8,"role":"ENT","deal_price":1.11963,"order_price_open":null,"slippage_pips":null,"volume":0.00,"profit":0.00,"swap":0.00,"commission":0.00,"deal_time_broker":"2026-10-08 08:51:29","deal_time_broker_msc":1791449489000,"halted_at_receipt":false,"quarantined_at_receipt":false}
29,-1,1791449799396,ea_event,,{"type":"fill_log","seq":113,"ea_time_ms":97032546,"magic":22260201,"deal_ticket":800000090,"order_ticket":9079,"position_id":900000046,"entry_type":"IN","deal_type":"SELL","side":"S","layer_index":5,"role":"EXT","deal_price":1.11921,"order_price_open":null,"slippage_pips":null,"volume":0.00,"profit":0.00,"swap":0.00,"commission":0.00,"deal_time_broker":"2026-10-08 08:56:39","deal_time_broker_msc":1791449799000,"halted_at_receipt":false,"quarantined_at_receipt":false}
29,-1,1791449799823,ea_event,,{"type":"fill_log","seq":114,"ea_time_ms":97032546,"magic":22260201,"deal_ticket":800000091,"order_ticket":700000091,"position_id":900000041,"entry_type":"OUT_BY","deal_type":"SELL","side":null,"layer_index":null,"role":null,"deal_price":1.11921,"order_price_open":null,"slippage_pips":null,"volume":0.00,"profit":1.11,"swap":0.04,"commission":0.00,"deal_time_broker":"2026-10-08 08:56:39","deal_time_broker_msc":1791449799000,"halted_at_receipt":false,"quarantined_at_receipt":false}
29,-1,1791449799823,ea_event,,{"type":"fill_log","seq":115,"ea_time_ms":97032546,"magic":22260201,"deal_ticket":800000092,"order_ticket":700000091,"position_id":900000046,"entry_type":"OUT_BY","deal_type":"SELL","side":null,"layer_index":null,"role":null,"deal_price":1.12032,"order_price_open":null,"slippage_pips":null,"volume":0.00,"profit":0.00,"swap":0.00,"commission":0.00,"deal_time_broker":"2026-10-08 08:56:39","deal_time_broker_msc":1791449799000,"halted_at_receipt":false,"quarantined_at_receipt":false}
29,-1,1791449799823,scalp,SCALP_CLOSED,{"close_time":"2026-10-08T08:56:39Z","instrument":"EURUSD","direction":"SHORT","entry_price":1.12032,"exit_price":1.11921,"layer_depth":5,"stack_depth":6,"gross_pnl":1.15,"instance_id":"GRIND_EURUSD_OPTD","ejected":false,"rolled":false,"broker_utc_offset_s":10800,"account_login":53077984}
29,-1,1791452477897,ea_event,,{"type":"fill_log","seq":116,"ea_time_ms":97032640,"magic":22260201,"deal_ticket":800000093,"order_ticket":9084,"position_id":900000047,"entry_type":"IN","deal_type":"SELL","side":"S","layer_index":5,"role":"ENT","deal_price":1.12032,"order_price_open":null,"slippage_pips":null,"volume":0.00,"profit":0.00,"swap":0.00,"commission":0.00,"deal_time_broker":"2026-10-08 09:41:17","deal_time_broker_msc":1791452477000,"halted_at_receipt":false,"quarantined_at_receipt":false}
29,-1,1791453585478,ea_event,,{"type":"fill_log","seq":117,"ea_time_ms":97032671,"magic":22260201,"deal_ticket":800000094,"order_ticket":9085,"position_id":900000048,"entry_type":"IN","deal_type":"SELL","side":"S","layer_index":5,"role":"EXT","deal_price":1.11918,"order_price_open":null,"slippage_pips":null,"volume":0.00,"profit":0.00,"swap":0.00,"commission":0.00,"deal_time_broker":"2026-10-08 09:59:45","deal_time_broker_msc":1791453585000,"halted_at_receipt":false,"quarantined_at_receipt":false}
29,-1,1791453585901,ea_event,,{"type":"fill_log","seq":118,"ea_time_ms":97032671,"magic":22260201,"deal_ticket":800000095,"order_ticket":700000095,"position_id":900000047,"entry_type":"OUT_BY","deal_type":"SELL","side":null,"layer_index":null,"role":null,"deal_price":1.11918,"order_price_open":null,"slippage_pips":null,"volume":0.00,"profit":1.14,"swap":0.00,"commission":0.00,"deal_time_broker":"2026-10-08 09:59:45","deal_time_broker_msc":1791453585000,"halted_at_receipt":false,"quarantined_at_receipt":false}
29,-1,1791453585901,ea_event,,{"type":"fill_log","seq":119,"ea_time_ms":97032671,"magic":22260201,"deal_ticket":800000096,"order_ticket":700000095,"position_id":900000048,"entry_type":"OUT_BY","deal_type":"SELL","side":null,"layer_index":null,"role":null,"deal_price":1.12032,"order_price_open":null,"slippage_pips":null,"volume":0.00,"profit":0.00,"swap":0.00,"commission":0.00,"deal_time_broker":"2026-10-08 09:59:45","deal_time_broker_msc":1791453585000,"halted_at_receipt":false,"quarantined_at_receipt":false}
29,-1,1791453585901,scalp,SCALP_CLOSED,{"close_time":"2026-10-08T09:59:45Z","instrument":"EURUSD","direction":"SHORT","entry_price":1.12032,"exit_price":1.11918,"layer_depth":5,"stack_depth":6,"gross_pnl":1.14,"instance_id":"GRIND_EURUSD_OPTD","ejected":false,"rolled":false,"broker_utc_offset_s":10800,"account_login":53077984}
29,-1,1791453623255,ea_event,,{"type":"fill_log","seq":120,"ea_time_ms":97032671,"magic":22260201,"deal_ticket":800000097,"order_ticket":9082,"position_id":900000049,"entry_type":"IN","deal_type":"BUY","side":"L","layer_index":9,"role":"ENT","deal_price":1.11891,"order_price_open":null,"slippage_pips":null,"volume":0.00,"profit":0.00,"swap":0.00,"commission":0.00,"deal_time_broker":"2026-10-08 10:00:23","deal_time_broker_msc":1791453623000,"halted_at_receipt":false,"quarantined_at_receipt":false}
29,-1,1791453721963,ea_event,,{"type":"fill_log","seq":121,"ea_time_ms":97032671,"magic":22260201,"deal_ticket":800000098,"order_ticket":9087,"position_id":900000050,"entry_type":"IN","deal_type":"SELL","side":"S","layer_index":4,"role":"EXT","deal_price":1.11853,"order_price_open":null,"slippage_pips":null,"volume":0.00,"profit":0.00,"swap":0.00,"commission":0.00,"deal_time_broker":"2026-10-08 10:02:01","deal_time_broker_msc":1791453721000,"halted_at_receipt":false,"quarantined_at_receipt":false}
29,-1,1791453722393,ea_event,,{"type":"fill_log","seq":122,"ea_time_ms":97032671,"magic":22260201,"deal_ticket":800000099,"order_ticket":700000099,"position_id":900000039,"entry_type":"OUT_BY","deal_type":"SELL","side":null,"layer_index":null,"role":null,"deal_price":1.11853,"order_price_open":null,"slippage_pips":null,"volume":0.00,"profit":1.09,"swap":0.04,"commission":0.00,"deal_time_broker":"2026-10-08 10:02:02","deal_time_broker_msc":1791453722000,"halted_at_receipt":false,"quarantined_at_receipt":false}
29,-1,1791453722393,ea_event,,{"type":"fill_log","seq":123,"ea_time_ms":97032671,"magic":22260201,"deal_ticket":800000100,"order_ticket":700000099,"position_id":900000050,"entry_type":"OUT_BY","deal_type":"SELL","side":null,"layer_index":null,"role":null,"deal_price":1.11962,"order_price_open":null,"slippage_pips":null,"volume":0.00,"profit":0.00,"swap":0.00,"commission":0.00,"deal_time_broker":"2026-10-08 10:02:02","deal_time_broker_msc":1791453722000,"halted_at_receipt":false,"quarantined_at_receipt":false}
29,-1,1791453722393,scalp,SCALP_CLOSED,{"close_time":"2026-10-08T10:02:02Z","instrument":"EURUSD","direction":"SHORT","entry_price":1.11962,"exit_price":1.11853,"layer_depth":4,"stack_depth":5,"gross_pnl":1.13,"instance_id":"GRIND_EURUSD_OPTD","ejected":false,"rolled":false,"broker_utc_offset_s":10800,"account_login":53077984}
29,-1,1791455089379,ea_event,,{"type":"fill_log","seq":124,"ea_time_ms":97032734,"magic":22260201,"deal_ticket":800000101,"order_ticket":9092,"position_id":900000051,"entry_type":"IN","deal_type":"SELL","side":"S","layer_index":4,"role":"ENT","deal_price":1.11966,"order_price_open":null,"slippage_pips":null,"volume":0.00,"profit":0.00,"swap":0.00,"commission":0.00,"deal_time_broker":"2026-10-08 10:24:49","deal_time_broker_msc":1791455089000,"halted_at_receipt":false,"quarantined_at_receipt":false}
29,-1,1791459006768,ea_event,,{"type":"fill_log","seq":125,"ea_time_ms":97032828,"magic":22260201,"deal_ticket":800000102,"order_ticket":9089,"position_id":900000052,"entry_type":"IN","deal_type":"BUY","side":"L","layer_index":9,"role":"EXT","deal_price":1.12004,"order_price_open":null,"slippage_pips":null,"volume":0.00,"profit":0.00,"swap":0.00,"commission":0.00,"deal_time_broker":"2026-10-08 11:30:06","deal_time_broker_msc":1791459006000,"halted_at_receipt":false,"quarantined_at_receipt":false}
29,-1,1791459007402,ea_event,,{"type":"fill_log","seq":126,"ea_time_ms":97032828,"magic":22260201,"deal_ticket":800000103,"order_ticket":700000103,"position_id":900000049,"entry_type":"OUT_BY","deal_type":"SELL","side":null,"layer_index":null,"role":null,"deal_price":1.12004,"order_price_open":null,"slippage_pips":null,"volume":0.00,"profit":1.13,"swap":0.00,"commission":0.00,"deal_time_broker":"2026-10-08 11:30:07","deal_time_broker_msc":1791459007000,"halted_at_receipt":false,"quarantined_at_receipt":false}
29,-1,1791459007402,ea_event,,{"type":"fill_log","seq":127,"ea_time_ms":97032828,"magic":22260201,"deal_ticket":800000104,"order_ticket":700000103,"position_id":900000052,"entry_type":"OUT_BY","deal_type":"SELL","side":null,"layer_index":null,"role":null,"deal_price":1.11891,"order_price_open":null,"slippage_pips":null,"volume":0.00,"profit":0.00,"swap":0.00,"commission":0.00,"deal_time_broker":"2026-10-08 11:30:07","deal_time_broker_msc":1791459007000,"halted_at_receipt":false,"quarantined_at_receipt":false}
29,-1,1791459007402,scalp,SCALP_CLOSED,{"close_time":"2026-10-08T11:30:07Z","instrument":"EURUSD","direction":"LONG","entry_price":1.11891,"exit_price":1.12004,"layer_depth":9,"stack_depth":5,"gross_pnl":1.13,"instance_id":"GRIND_EURUSD_OPTD","ejected":false,"rolled":false,"broker_utc_offset_s":10800,"account_login":53077984}
29,-1,1791459263658,ea_event,,{"type":"fill_log","seq":128,"ea_time_ms":97032843,"magic":22260201,"deal_ticket":800000105,"order_ticket":9096,"position_id":900000053,"entry_type":"IN","deal_type":"BUY","side":"L","layer_index":9,"role":"ENT","deal_price":1.11892,"order_price_open":null,"slippage_pips":null,"volume":0.00,"profit":0.00,"swap":0.00,"commission":0.00,"deal_time_broker":"2026-10-08 11:34:23","deal_time_broker_msc":1791459263000,"halted_at_receipt":false,"quarantined_at_receipt":false}
29,-1,1791461228698,ea_event,,{"type":"fill_log","seq":129,"ea_time_ms":97032906,"magic":22260201,"deal_ticket":800000106,"order_ticket":9093,"position_id":900000054,"entry_type":"IN","deal_type":"SELL","side":"S","layer_index":4,"role":"EXT","deal_price":1.11856,"order_price_open":null,"slippage_pips":null,"volume":0.00,"profit":0.00,"swap":0.00,"commission":0.00,"deal_time_broker":"2026-10-08 12:07:08","deal_time_broker_msc":1791461228000,"halted_at_receipt":false,"quarantined_at_receipt":false}
29,-1,1791461229136,ea_event,,{"type":"fill_log","seq":130,"ea_time_ms":97032906,"magic":22260201,"deal_ticket":800000107,"order_ticket":700000107,"position_id":900000051,"entry_type":"OUT_BY","deal_type":"SELL","side":null,"layer_index":null,"role":null,"deal_price":1.11856,"order_price_open":null,"slippage_pips":null,"volume":0.00,"profit":1.10,"swap":0.00,"commission":0.00,"deal_time_broker":"2026-10-08 12:07:09","deal_time_broker_msc":1791461229000,"halted_at_receipt":false,"quarantined_at_receipt":false}
29,-1,1791461229136,ea_event,,{"type":"fill_log","seq":131,"ea_time_ms":97032906,"magic":22260201,"deal_ticket":800000108,"order_ticket":700000107,"position_id":900000054,"entry_type":"OUT_BY","deal_type":"SELL","side":null,"layer_index":null,"role":null,"deal_price":1.11966,"order_price_open":null,"slippage_pips":null,"volume":0.00,"profit":0.00,"swap":0.00,"commission":0.00,"deal_time_broker":"2026-10-08 12:07:09","deal_time_broker_msc":1791461229000,"halted_at_receipt":false,"quarantined_at_receipt":false}
29,-1,1791461229136,scalp,SCALP_CLOSED,{"close_time":"2026-10-08T12:07:09Z","instrument":"EURUSD","direction":"SHORT","entry_price":1.11966,"exit_price":1.11856,"layer_depth":4,"stack_depth":5,"gross_pnl":1.10,"instance_id":"GRIND_EURUSD_OPTD","ejected":false,"rolled":false,"broker_utc_offset_s":10800,"account_login":53077984}
29,-1,1791461586284,ea_event,,{"type":"fill_log","seq":132,"ea_time_ms":97032906,"magic":22260201,"deal_ticket":800000109,"order_ticket":9098,"position_id":900000055,"entry_type":"IN","deal_type":"BUY","side":"L","layer_index":10,"role":"ENT","deal_price":1.11821,"order_price_open":null,"slippage_pips":null,"volume":0.00,"profit":0.00,"swap":0.00,"commission":0.00,"deal_time_broker":"2026-10-08 12:13:06","deal_time_broker_msc":1791461586000,"halted_at_receipt":false,"quarantined_at_receipt":false}
29,-1,1791466435439,ea_event,,{"type":"fill_log","seq":133,"ea_time_ms":97033031,"magic":22260201,"deal_ticket":800000110,"order_ticket":9099,"position_id":900000056,"entry_type":"IN","deal_type":"SELL","side":"S","layer_index":3,"role":"EXT","deal_price":1.11778,"order_price_open":null,"slippage_pips":null,"volume":0.00,"profit":0.00,"swap":0.00,"commission":0.00,"deal_time_broker":"2026-10-08 13:33:55","deal_time_broker_msc":1791466435000,"halted_at_receipt":false,"quarantined_at_receipt":false}
29,-1,1791466436283,ea_event,,{"type":"fill_log","seq":134,"ea_time_ms":97033031,"magic":22260201,"deal_ticket":800000111,"order_ticket":700000111,"position_id":900000033,"entry_type":"OUT_BY","deal_type":"SELL","side":null,"layer_index":null,"role":null,"deal_price":1.11778,"order_price_open":null,"slippage_pips":null,"volume":0.00,"profit":1.13,"swap":0.04,"commission":0.00,"deal_time_broker":"2026-10-08 13:33:56","deal_time_broker_msc":1791466436000,"halted_at_receipt":false,"quarantined_at_receipt":false}
29,-1,1791466436283,ea_event,,{"type":"fill_log","seq":135,"ea_time_ms":97033031,"magic":22260201,"deal_ticket":800000112,"order_ticket":700000111,"position_id":900000056,"entry_type":"OUT_BY","deal_type":"SELL","side":null,"layer_index":null,"role":null,"deal_price":1.11891,"order_price_open":null,"slippage_pips":null,"volume":0.00,"profit":0.00,"swap":0.00,"commission":0.00,"deal_time_broker":"2026-10-08 13:33:56","deal_time_broker_msc":1791466436000,"halted_at_receipt":false,"quarantined_at_receipt":false}
29,-1,1791466436283,scalp,SCALP_CLOSED,{"close_time":"2026-10-08T13:33:56Z","instrument":"EURUSD","direction":"SHORT","entry_price":1.11891,"exit_price":1.11778,"layer_depth":3,"stack_depth":4,"gross_pnl":1.17,"instance_id":"GRIND_EURUSD_OPTD","ejected":false,"rolled":false,"broker_utc_offset_s":10800,"account_login":53077984}
29,-1,1791468423550,ea_event,,{"type":"fill_log","seq":136,"ea_time_ms":97033078,"magic":22260201,"deal_ticket":800000113,"order_ticket":9102,"position_id":900000057,"entry_type":"IN","deal_type":"BUY","side":"L","layer_index":11,"role":"ENT","deal_price":1.11745,"order_price_open":null,"slippage_pips":null,"volume":0.00,"profit":0.00,"swap":0.00,"commission":0.00,"deal_time_broker":"2026-10-08 14:07:03","deal_time_broker_msc":1791468423000,"halted_at_receipt":false,"quarantined_at_receipt":false}
29,-1,1791471999972,ea_event,,{"type":"fill_log","seq":137,"ea_time_ms":97033187,"magic":22260201,"deal_ticket":800000114,"order_ticket":9105,"position_id":900000058,"entry_type":"IN","deal_type":"BUY","side":"L","layer_index":11,"role":"EXT","deal_price":1.11861,"order_price_open":null,"slippage_pips":null,"volume":0.00,"profit":0.00,"swap":0.00,"commission":0.00,"deal_time_broker":"2026-10-08 15:06:39","deal_time_broker_msc":1791471999000,"halted_at_receipt":false,"quarantined_at_receipt":false}
29,-1,1791472000403,ea_event,,{"type":"fill_log","seq":138,"ea_time_ms":97033187,"magic":22260201,"deal_ticket":800000115,"order_ticket":700000115,"position_id":900000057,"entry_type":"OUT_BY","deal_type":"SELL","side":null,"layer_index":null,"role":null,"deal_price":1.11861,"order_price_open":null,"slippage_pips":null,"volume":0.00,"profit":1.16,"swap":0.00,"commission":0.00,"deal_time_broker":"2026-10-08 15:06:40","deal_time_broker_msc":1791472000000,"halted_at_receipt":false,"quarantined_at_receipt":false}
29,-1,1791472000403,ea_event,,{"type":"fill_log","seq":139,"ea_time_ms":97033187,"magic":22260201,"deal_ticket":800000116,"order_ticket":700000115,"position_id":900000058,"entry_type":"OUT_BY","deal_type":"SELL","side":null,"layer_index":null,"role":null,"deal_price":1.11745,"order_price_open":null,"slippage_pips":null,"volume":0.00,"profit":0.00,"swap":0.00,"commission":0.00,"deal_time_broker":"2026-10-08 15:06:40","deal_time_broker_msc":1791472000000,"halted_at_receipt":false,"quarantined_at_receipt":false}
29,-1,1791472000403,scalp,SCALP_CLOSED,{"close_time":"2026-10-08T15:06:40Z","instrument":"EURUSD","direction":"LONG","entry_price":1.11745,"exit_price":1.11861,"layer_depth":11,"stack_depth":7,"gross_pnl":1.16,"instance_id":"GRIND_EURUSD_OPTD","ejected":false,"rolled":false,"broker_utc_offset_s":10800,"account_login":53077984}
29,-1,1791472640375,ea_event,,{"type":"fill_log","seq":140,"ea_time_ms":97033218,"magic":22260201,"deal_ticket":800000117,"order_ticket":9104,"position_id":900000059,"entry_type":"IN","deal_type":"SELL","side":"S","layer_index":3,"role":"ENT","deal_price":1.11896,"order_price_open":null,"slippage_pips":null,"volume":0.00,"profit":0.00,"swap":0.00,"commission":0.00,"deal_time_broker":"2026-10-08 15:17:20","deal_time_broker_msc":1791472640000,"halted_at_receipt":false,"quarantined_at_receipt":false}
29,-1,1791473106242,ea_event,,{"type":"fill_log","seq":141,"ea_time_ms":97033234,"magic":22260201,"deal_ticket":800000118,"order_ticket":9107,"position_id":900000060,"entry_type":"IN","deal_type":"BUY","side":"L","layer_index":10,"role":"EXT","deal_price":1.11935,"order_price_open":null,"slippage_pips":null,"volume":0.00,"profit":0.00,"swap":0.00,"commission":0.00,"deal_time_broker":"2026-10-08 15:25:06","deal_time_broker_msc":1791473106000,"halted_at_receipt":false,"quarantined_at_receipt":false}
29,-1,1791473106674,ea_event,,{"type":"fill_log","seq":142,"ea_time_ms":97033234,"magic":22260201,"deal_ticket":800000119,"order_ticket":700000119,"position_id":900000055,"entry_type":"OUT_BY","deal_type":"SELL","side":null,"layer_index":null,"role":null,"deal_price":1.11935,"order_price_open":null,"slippage_pips":null,"volume":0.00,"profit":1.14,"swap":0.00,"commission":0.00,"deal_time_broker":"2026-10-08 15:25:06","deal_time_broker_msc":1791473106000,"halted_at_receipt":false,"quarantined_at_receipt":false}
29,-1,1791473106674,ea_event,,{"type":"fill_log","seq":143,"ea_time_ms":97033234,"magic":22260201,"deal_ticket":800000120,"order_ticket":700000119,"position_id":900000060,"entry_type":"OUT_BY","deal_type":"SELL","side":null,"layer_index":null,"role":null,"deal_price":1.11821,"order_price_open":null,"slippage_pips":null,"volume":0.00,"profit":0.00,"swap":0.00,"commission":0.00,"deal_time_broker":"2026-10-08 15:25:06","deal_time_broker_msc":1791473106000,"halted_at_receipt":false,"quarantined_at_receipt":false}
29,-1,1791473106674,scalp,SCALP_CLOSED,{"close_time":"2026-10-08T15:25:06Z","instrument":"EURUSD","direction":"LONG","entry_price":1.11821,"exit_price":1.11935,"layer_depth":10,"stack_depth":6,"gross_pnl":1.14,"instance_id":"GRIND_EURUSD_OPTD","ejected":false,"rolled":false,"broker_utc_offset_s":10800,"account_login":53077984}
29,-1,1791473341635,ea_event,,{"type":"fill_log","seq":144,"ea_time_ms":97033234,"magic":22260201,"deal_ticket":800000121,"order_ticket":9110,"position_id":900000061,"entry_type":"IN","deal_type":"SELL","side":"S","layer_index":4,"role":"ENT","deal_price":1.11968,"order_price_open":null,"slippage_pips":null,"volume":0.00,"profit":0.00,"swap":0.00,"commission":0.00,"deal_time_broker":"2026-10-08 15:29:01","deal_time_broker_msc":1791473341000,"halted_at_receipt":false,"quarantined_at_receipt":false}
29,-1,1791474312816,ea_event,,{"type":"fill_log","seq":145,"ea_time_ms":97033281,"magic":22260201,"deal_ticket":800000122,"order_ticket":9113,"position_id":900000062,"entry_type":"IN","deal_type":"SELL","side":"S","layer_index":4,"role":"EXT","deal_price":1.11855,"order_price_open":null,"slippage_pips":null,"volume":0.00,"profit":0.00,"swap":0.00,"commission":0.00,"deal_time_broker":"2026-10-08 15:45:12","deal_time_broker_msc":1791474312000,"halted_at_receipt":false,"quarantined_at_receipt":false}
29,-1,1791474315255,ea_event,,{"type":"fill_log","seq":146,"ea_time_ms":97033281,"magic":22260201,"deal_ticket":800000123,"order_ticket":700000123,"position_id":900000061,"entry_type":"OUT_BY","deal_type":"SELL","side":null,"layer_index":null,"role":null,"deal_price":1.11855,"order_price_open":null,"slippage_pips":null,"volume":0.00,"profit":1.13,"swap":0.00,"commission":0.00,"deal_time_broker":"2026-10-08 15:45:15","deal_time_broker_msc":1791474315000,"halted_at_receipt":false,"quarantined_at_receipt":false}
29,-1,1791474315255,ea_event,,{"type":"fill_log","seq":147,"ea_time_ms":97033281,"magic":22260201,"deal_ticket":800000124,"order_ticket":700000123,"position_id":900000062,"entry_type":"OUT_BY","deal_type":"SELL","side":null,"layer_index":null,"role":null,"deal_price":1.11968,"order_price_open":null,"slippage_pips":null,"volume":0.00,"profit":0.00,"swap":0.00,"commission":0.00,"deal_time_broker":"2026-10-08 15:45:15","deal_time_broker_msc":1791474315000,"halted_at_receipt":false,"quarantined_at_receipt":false}
29,-1,1791474315255,scalp,SCALP_CLOSED,{"close_time":"2026-10-08T15:45:15Z","instrument":"EURUSD","direction":"SHORT","entry_price":1.11968,"exit_price":1.11855,"layer_depth":4,"stack_depth":5,"gross_pnl":1.13,"instance_id":"GRIND_EURUSD_OPTD","ejected":false,"rolled":false,"broker_utc_offset_s":10800,"account_login":53077984}
29,-1,1791474986574,ea_event,,{"type":"fill_log","seq":148,"ea_time_ms":97033296,"magic":22260201,"deal_ticket":800000125,"order_ticket":9112,"position_id":900000063,"entry_type":"IN","deal_type":"BUY","side":"L","layer_index":10,"role":"ENT","deal_price":1.11821,"order_price_open":null,"slippage_pips":null,"volume":0.00,"profit":0.00,"swap":0.00,"commission":0.00,"deal_time_broker":"2026-10-08 15:56:26","deal_time_broker_msc":1791474986000,"halted_at_receipt":false,"quarantined_at_receipt":false}
29,-1,1791475690737,ea_event,,{"type":"fill_log","seq":149,"ea_time_ms":97033328,"magic":22260201,"deal_ticket":800000126,"order_ticket":9117,"position_id":900000064,"entry_type":"IN","deal_type":"BUY","side":"L","layer_index":10,"role":"EXT","deal_price":1.11932,"order_price_open":null,"slippage_pips":null,"volume":0.00,"profit":0.00,"swap":0.00,"commission":0.00,"deal_time_broker":"2026-10-08 16:08:10","deal_time_broker_msc":1791475690000,"halted_at_receipt":false,"quarantined_at_receipt":false}
29,-1,1791475691163,ea_event,,{"type":"fill_log","seq":150,"ea_time_ms":97033328,"magic":22260201,"deal_ticket":800000127,"order_ticket":700000127,"position_id":900000063,"entry_type":"OUT_BY","deal_type":"SELL","side":null,"layer_index":null,"role":null,"deal_price":1.11932,"order_price_open":null,"slippage_pips":null,"volume":0.00,"profit":1.11,"swap":0.00,"commission":0.00,"deal_time_broker":"2026-10-08 16:08:11","deal_time_broker_msc":1791475691000,"halted_at_receipt":false,"quarantined_at_receipt":false}
29,-1,1791475691163,ea_event,,{"type":"fill_log","seq":151,"ea_time_ms":97033328,"magic":22260201,"deal_ticket":800000128,"order_ticket":700000127,"position_id":900000064,"entry_type":"OUT_BY","deal_type":"SELL","side":null,"layer_index":null,"role":null,"deal_price":1.11821,"order_price_open":null,"slippage_pips":null,"volume":0.00,"profit":0.00,"swap":0.00,"commission":0.00,"deal_time_broker":"2026-10-08 16:08:11","deal_time_broker_msc":1791475691000,"halted_at_receipt":false,"quarantined_at_receipt":false}
29,-1,1791475691163,scalp,SCALP_CLOSED,{"close_time":"2026-10-08T16:08:11Z","instrument":"EURUSD","direction":"LONG","entry_price":1.11821,"exit_price":1.11932,"layer_depth":10,"stack_depth":6,"gross_pnl":1.11,"instance_id":"GRIND_EURUSD_OPTD","ejected":false,"rolled":false,"broker_utc_offset_s":10800,"account_login":53077984}
29,-1,1791477200946,ea_event,,{"type":"fill_log","seq":152,"ea_time_ms":97033390,"magic":22260201,"deal_ticket":800000129,"order_ticket":9116,"position_id":900000065,"entry_type":"IN","deal_type":"SELL","side":"S","layer_index":4,"role":"ENT","deal_price":1.11968,"order_price_open":null,"slippage_pips":null,"volume":0.00,"profit":0.00,"swap":0.00,"commission":0.00,"deal_time_broker":"2026-10-08 16:33:20","deal_time_broker_msc":1791477200000,"halted_at_receipt":false,"quarantined_at_receipt":false}
29,-1,1791479275175,ea_event,,{"type":"fill_log","seq":153,"ea_time_ms":97033468,"magic":22260201,"deal_ticket":800000130,"order_ticket":9119,"position_id":900000066,"entry_type":"IN","deal_type":"BUY","side":"L","layer_index":9,"role":"EXT","deal_price":1.12004,"order_price_open":null,"slippage_pips":null,"volume":0.00,"profit":0.00,"swap":0.00,"commission":0.00,"deal_time_broker":"2026-10-08 17:07:55","deal_time_broker_msc":1791479275000,"halted_at_receipt":false,"quarantined_at_receipt":false}
29,-1,1791479275608,ea_event,,{"type":"fill_log","seq":154,"ea_time_ms":97033468,"magic":22260201,"deal_ticket":800000131,"order_ticket":700000131,"position_id":900000053,"entry_type":"OUT_BY","deal_type":"SELL","side":null,"layer_index":null,"role":null,"deal_price":1.12004,"order_price_open":null,"slippage_pips":null,"volume":0.00,"profit":1.12,"swap":0.00,"commission":0.00,"deal_time_broker":"2026-10-08 17:07:55","deal_time_broker_msc":1791479275000,"halted_at_receipt":false,"quarantined_at_receipt":false}
29,-1,1791479275608,ea_event,,{"type":"fill_log","seq":155,"ea_time_ms":97033468,"magic":22260201,"deal_ticket":800000132,"order_ticket":700000131,"position_id":900000066,"entry_type":"OUT_BY","deal_type":"SELL","side":null,"layer_index":null,"role":null,"deal_price":1.11892,"order_price_open":null,"slippage_pips":null,"volume":0.00,"profit":0.00,"swap":0.00,"commission":0.00,"deal_time_broker":"2026-10-08 17:07:55","deal_time_broker_msc":1791479275000,"halted_at_receipt":false,"quarantined_at_receipt":false}
29,-1,1791479275608,scalp,SCALP_CLOSED,{"close_time":"2026-10-08T17:07:55Z","instrument":"EURUSD","direction":"LONG","entry_price":1.11892,"exit_price":1.12004,"layer_depth":9,"stack_depth":5,"gross_pnl":1.12,"instance_id":"GRIND_EURUSD_OPTD","ejected":false,"rolled":false,"broker_utc_offset_s":10800,"account_login":53077984}
29,-1,1791479944683,ea_event,,{"type":"fill_log","seq":156,"ea_time_ms":97033484,"magic":22260201,"deal_ticket":800000133,"order_ticket":9122,"position_id":900000067,"entry_type":"IN","deal_type":"SELL","side":"S","layer_index":5,"role":"ENT","deal_price":1.12039,"order_price_open":null,"slippage_pips":null,"volume":0.00,"profit":0.00,"swap":0.00,"commission":0.00,"deal_time_broker":"2026-10-08 17:19:04","deal_time_broker_msc":1791479944000,"halted_at_receipt":false,"quarantined_at_receipt":false}
29,-1,1791480267983,ea_event,,{"type":"fill_log","seq":157,"ea_time_ms":97033500,"magic":22260201,"deal_ticket":800000134,"order_ticket":9123,"position_id":900000068,"entry_type":"IN","deal_type":"BUY","side":"L","layer_index":8,"role":"EXT","deal_price":1.12075,"order_price_open":null,"slippage_pips":null,"volume":0.00,"profit":0.00,"swap":0.00,"commission":0.00,"deal_time_broker":"2026-10-08 17:24:27","deal_time_broker_msc":1791480267000,"halted_at_receipt":false,"quarantined_at_receipt":false}
29,-1,1791480268414,ea_event,,{"type":"fill_log","seq":158,"ea_time_ms":97033500,"magic":22260201,"deal_ticket":800000135,"order_ticket":700000135,"position_id":900000045,"entry_type":"OUT_BY","deal_type":"SELL","side":null,"layer_index":null,"role":null,"deal_price":1.12075,"order_price_open":null,"slippage_pips":null,"volume":0.00,"profit":1.12,"swap":0.00,"commission":0.00,"deal_time_broker":"2026-10-08 17:24:28","deal_time_broker_msc":1791480268000,"halted_at_receipt":false,"quarantined_at_receipt":false}
29,-1,1791480268414,ea_event,,{"type":"fill_log","seq":159,"ea_time_ms":97033500,"magic":22260201,"deal_ticket":800000136,"order_ticket":700000135,"position_id":900000068,"entry_type":"OUT_BY","deal_type":"SELL","side":null,"layer_index":null,"role":null,"deal_price":1.11963,"order_price_open":null,"slippage_pips":null,"volume":0.00,"profit":0.00,"swap":0.00,"commission":0.00,"deal_time_broker":"2026-10-08 17:24:28","deal_time_broker_msc":1791480268000,"halted_at_receipt":false,"quarantined_at_receipt":false}
29,-1,1791480268414,scalp,SCALP_CLOSED,{"close_time":"2026-10-08T17:24:28Z","instrument":"EURUSD","direction":"LONG","entry_price":1.11963,"exit_price":1.12075,"layer_depth":8,"stack_depth":4,"gross_pnl":1.12,"instance_id":"GRIND_EURUSD_OPTD","ejected":false,"rolled":false,"broker_utc_offset_s":10800,"account_login":53077984}
29,-1,1791480327098,ea_event,,{"type":"fill_log","seq":160,"ea_time_ms":97033500,"magic":22260201,"deal_ticket":800000137,"order_ticket":9126,"position_id":900000069,"entry_type":"IN","deal_type":"SELL","side":"S","layer_index":6,"role":"ENT","deal_price":1.12122,"order_price_open":null,"slippage_pips":null,"volume":0.00,"profit":0.00,"swap":0.00,"commission":0.00,"deal_time_broker":"2026-10-08 17:25:27","deal_time_broker_msc":1791480327000,"halted_at_receipt":false,"quarantined_at_receipt":false}
29,-1,1791480542254,ea_event,,{"type":"fill_log","seq":161,"ea_time_ms":97033515,"magic":22260201,"deal_ticket":800000138,"order_ticket":9127,"position_id":900000070,"entry_type":"IN","deal_type":"BUY","side":"L","layer_index":1,"role":"EXT","deal_price":1.12165,"order_price_open":null,"slippage_pips":null,"volume":0.00,"profit":0.00,"swap":0.00,"commission":0.00,"deal_time_broker":"2026-10-08 17:29:02","deal_time_broker_msc":1791480542000,"halted_at_receipt":false,"quarantined_at_receipt":false}
29,-1,1791480543504,ea_event,,{"type":"fill_log","seq":162,"ea_time_ms":97033515,"magic":22260201,"deal_ticket":800000139,"order_ticket":700000139,"position_id":1990054458,"entry_type":"OUT_BY","deal_type":"SELL","side":null,"layer_index":null,"role":null,"deal_price":1.12165,"order_price_open":null,"slippage_pips":null,"volume":0.00,"profit":-4.36,"swap":-0.32,"commission":0.00,"deal_time_broker":"2026-10-08 17:29:03","deal_time_broker_msc":1791480543000,"halted_at_receipt":false,"quarantined_at_receipt":false}
29,-1,1791480543504,ea_event,ROLL_FILLED,{"type":"ea_event","seq":163,"ea_time_ms":97033515,"magic":null,"level":"INFO","code":"ROLL_FILLED","reason":null,"ticket":1990054458,"detail":{"ticket":1990054458,"level":1.12037}}
29,-1,1791480543504,ea_event,,{"type":"fill_log","seq":164,"ea_time_ms":97033515,"magic":22260201,"deal_ticket":800000140,"order_ticket":700000139,"position_id":900000070,"entry_type":"OUT_BY","deal_type":"SELL","side":null,"layer_index":null,"role":null,"deal_price":1.12601,"order_price_open":null,"slippage_pips":null,"volume":0.00,"profit":0.00,"swap":0.00,"commission":0.00,"deal_time_broker":"2026-10-08 17:29:03","deal_time_broker_msc":1791480543000,"halted_at_receipt":false,"quarantined_at_receipt":false}
29,-1,1791480543504,scalp,SCALP_CLOSED,{"close_time":"2026-10-08T17:29:03Z","instrument":"EURUSD","direction":"LONG","entry_price":1.12601,"exit_price":1.12165,"layer_depth":1,"stack_depth":3,"gross_pnl":-4.68,"instance_id":"GRIND_EURUSD_OPTD","ejected":false,"rolled":true,"broker_utc_offset_s":10800,"account_login":53077984}
29,-1,1791480722731,ea_event,,{"type":"fill_log","seq":165,"ea_time_ms":97033515,"magic":22260201,"deal_ticket":800000141,"order_ticket":9130,"position_id":900000071,"entry_type":"IN","deal_type":"SELL","side":"S","layer_index":7,"role":"ENT","deal_price":1.12193,"order_price_open":null,"slippage_pips":null,"volume":0.00,"profit":0.00,"swap":0.00,"commission":0.00,"deal_time_broker":"2026-10-08 17:32:02","deal_time_broker_msc":1791480722000,"halted_at_receipt":false,"quarantined_at_receipt":false}
29,-1,1791480867678,ea_event,,{"type":"fill_log","seq":166,"ea_time_ms":97033531,"magic":22260201,"deal_ticket":800000142,"order_ticket":9131,"position_id":900000072,"entry_type":"IN","deal_type":"BUY","side":"L","layer_index":0,"role":"EXT","deal_price":1.12237,"order_price_open":null,"slippage_pips":null,"volume":0.00,"profit":0.00,"swap":0.00,"commission":0.00,"deal_time_broker":"2026-10-08 17:34:27","deal_time_broker_msc":1791480867000,"halted_at_receipt":false,"quarantined_at_receipt":false}
29,-1,1791480868316,ea_event,,{"type":"fill_log","seq":167,"ea_time_ms":97033531,"magic":22260201,"deal_ticket":800000143,"order_ticket":700000143,"position_id":1990044152,"entry_type":"OUT_BY","deal_type":"SELL","side":null,"layer_index":null,"role":null,"deal_price":1.12237,"order_price_open":null,"slippage_pips":null,"volume":0.00,"profit":-4.35,"swap":-0.32,"commission":0.00,"deal_time_broker":"2026-10-08 17:34:28","deal_time_broker_msc":1791480868000,"halted_at_receipt":false,"quarantined_at_receipt":false}
29,-1,1791480868316,ea_event,ROLL_FILLED,{"type":"ea_event","seq":168,"ea_time_ms":97033531,"magic":null,"level":"INFO","code":"ROLL_FILLED","reason":null,"ticket":1990044152,"detail":{"ticket":1990044152,"level":1.12107}}
29,-1,1791480868316,ea_event,,{"type":"fill_log","seq":169,"ea_time_ms":97033531,"magic":22260201,"deal_ticket":800000144,"order_ticket":700000143,"position_id":900000072,"entry_type":"OUT_BY","deal_type":"SELL","side":null,"layer_index":null,"role":null,"deal_price":1.12672,"order_price_open":null,"slippage_pips":null,"volume":0.00,"profit":0.00,"swap":0.00,"commission":0.00,"deal_time_broker":"2026-10-08 17:34:28","deal_time_broker_msc":1791480868000,"halted_at_receipt":false,"quarantined_at_receipt":false}
29,-1,1791480868316,scalp,SCALP_CLOSED,{"close_time":"2026-10-08T17:34:28Z","instrument":"EURUSD","direction":"LONG","entry_price":1.12672,"exit_price":1.12237,"layer_depth":0,"stack_depth":2,"gross_pnl":-4.67,"instance_id":"GRIND_EURUSD_OPTD","ejected":false,"rolled":true,"broker_utc_offset_s":10800,"account_login":53077984}
29,-1,1791480898979,ea_event,ROLL_DEFERRED,{"type":"ea_event","seq":170,"ea_time_ms":97033531,"magic":null,"level":"INFO","code":"ROLL_DEFERRED","reason":"S","ticket":null,"detail":{"side":"S","depth":8,"opposite_depth":1,"gate":0,"level":1.12263,"market":1.12264}}
29,-1,1791482007181,ea_event,,{"type":"fill_log","seq":171,"ea_time_ms":97033562,"magic":22260201,"deal_ticket":800000145,"order_ticket":9128,"position_id":900000073,"entry_type":"IN","deal_type":"BUY","side":"L","layer_index":8,"role":"ENT","deal_price":1.12106,"order_price_open":null,"slippage_pips":null,"volume":0.00,"profit":0.00,"swap":0.00,"commission":0.00,"deal_time_broker":"2026-10-08 17:53:27","deal_time_broker_msc":1791482007000,"halted_at_receipt":false,"quarantined_at_receipt":false}
29,-1,1791482294971,ea_event,,{"type":"fill_log","seq":172,"ea_time_ms":97033578,"magic":22260201,"deal_ticket":800000146,"order_ticket":9132,"position_id":900000074,"entry_type":"IN","deal_type":"SELL","side":"S","layer_index":7,"role":"EXT","deal_price":1.12079,"order_price_open":null,"slippage_pips":null,"volume":0.00,"profit":0.00,"swap":0.00,"commission":0.00,"deal_time_broker":"2026-10-08 17:58:14","deal_time_broker_msc":1791482294000,"halted_at_receipt":false,"quarantined_at_receipt":false}
29,-1,1791482295603,ea_event,,{"type":"fill_log","seq":173,"ea_time_ms":97033578,"magic":22260201,"deal_ticket":800000147,"order_ticket":700000147,"position_id":900000071,"entry_type":"OUT_BY","deal_type":"SELL","side":null,"layer_index":null,"role":null,"deal_price":1.12079,"order_price_open":null,"slippage_pips":null,"volume":0.00,"profit":1.14,"swap":0.00,"commission":0.00,"deal_time_broker":"2026-10-08 17:58:15","deal_time_broker_msc":1791482295000,"halted_at_receipt":false,"quarantined_at_receipt":false}
29,-1,1791482295603,ea_event,,{"type":"fill_log","seq":174,"ea_time_ms":97033578,"magic":22260201,"deal_ticket":800000148,"order_ticket":700000147,"position_id":900000074,"entry_type":"OUT_BY","deal_type":"SELL","side":null,"layer_index":null,"role":null,"deal_price":1.12193,"order_price_open":null,"slippage_pips":null,"volume":0.00,"profit":0.00,"swap":0.00,"commission":0.00,"deal_time_broker":"2026-10-08 17:58:15","deal_time_broker_msc":1791482295000,"halted_at_receipt":false,"quarantined_at_receipt":false}
29,-1,1791482295603,scalp,SCALP_CLOSED,{"close_time":"2026-10-08T17:58:15Z","instrument":"EURUSD","direction":"SHORT","entry_price":1.12193,"exit_price":1.12079,"layer_depth":7,"stack_depth":8,"gross_pnl":1.14,"instance_id":"GRIND_EURUSD_OPTD","ejected":false,"rolled":false,"broker_utc_offset_s":10800,"account_login":53077984}
29,-1,1791483302391,ea_event,,{"type":"fill_log","seq":175,"ea_time_ms":97033609,"magic":22260201,"deal_ticket":800000149,"order_ticket":9134,"position_id":900000075,"entry_type":"IN","deal_type":"BUY","side":"L","layer_index":9,"role":"ENT","deal_price":1.12035,"order_price_open":null,"slippage_pips":null,"volume":0.00,"profit":0.00,"swap":0.00,"commission":0.00,"deal_time_broker":"2026-10-08 18:15:02","deal_time_broker_msc":1791483302000,"halted_at_receipt":false,"quarantined_at_receipt":false}
29,-1,1791483532691,ea_event,,{"type":"fill_log","seq":176,"ea_time_ms":97033609,"magic":22260201,"deal_ticket":800000150,"order_ticket":9135,"position_id":900000076,"entry_type":"IN","deal_type":"SELL","side":"S","layer_index":6,"role":"EXT","deal_price":1.12011,"order_price_open":null,"slippage_pips":null,"volume":0.00,"profit":0.00,"swap":0.00,"commission":0.00,"deal_time_broker":"2026-10-08 18:18:52","deal_time_broker_msc":1791483532000,"halted_at_receipt":false,"quarantined_at_receipt":false}
29,-1,1791483533125,ea_event,,{"type":"fill_log","seq":177,"ea_time_ms":97033609,"magic":22260201,"deal_ticket":800000151,"order_ticket":700000151,"position_id":900000069,"entry_type":"OUT_BY","deal_type":"SELL","side":null,"layer_index":null,"role":null,"deal_price":1.12011,"order_price_open":null,"slippage_pips":null,"volume":0.00,"profit":1.11,"swap":0.00,"commission":0.00,"deal_time_broker":"2026-10-08 18:18:53","deal_time_broker_msc":1791483533000,"halted_at_receipt":false,"quarantined_at_receipt":false}
29,-1,1791483533125,ea_event,,{"type":"fill_log","seq":178,"ea_time_ms":97033609,"magic":22260201,"deal_ticket":800000152,"order_ticket":700000151,"position_id":900000076,"entry_type":"OUT_BY","deal_type":"SELL","side":null,"layer_index":null,"role":null,"deal_price":1.12122,"order_price_open":null,"slippage_pips":null,"volume":0.00,"profit":0.00,"swap":0.00,"commission":0.00,"deal_time_broker":"2026-10-08 18:18:53","deal_time_broker_msc":1791483533000,"halted_at_receipt":false,"quarantined_at_receipt":false}
29,-1,1791483533125,scalp,SCALP_CLOSED,{"close_time":"2026-10-08T18:18:53Z","instrument":"EURUSD","direction":"SHORT","entry_price":1.12122,"exit_price":1.12011,"layer_depth":6,"stack_depth":7,"gross_pnl":1.11,"instance_id":"GRIND_EURUSD_OPTD","ejected":false,"rolled":false,"broker_utc_offset_s":10800,"account_login":53077984}
29,-1,1791484678777,ea_event,,{"type":"fill_log","seq":179,"ea_time_ms":97033656,"magic":22260201,"deal_ticket":800000153,"order_ticket":9138,"position_id":900000077,"entry_type":"IN","deal_type":"BUY","side":"L","layer_index":10,"role":"ENT","deal_price":1.11961,"order_price_open":null,"slippage_pips":null,"volume":0.00,"profit":0.00,"swap":0.00,"commission":0.00,"deal_time_broker":"2026-10-08 18:37:58","deal_time_broker_msc":1791484678000,"halted_at_receipt":false,"quarantined_at_receipt":false}
29,-1,1791485269653,ea_event,,{"type":"fill_log","seq":180,"ea_time_ms":97033671,"magic":22260201,"deal_ticket":800000154,"order_ticket":9139,"position_id":900000078,"entry_type":"IN","deal_type":"SELL","side":"S","layer_index":5,"role":"EXT","deal_price":1.11919,"order_price_open":null,"slippage_pips":null,"volume":0.00,"profit":0.00,"swap":0.00,"commission":0.00,"deal_time_broker":"2026-10-08 18:47:49","deal_time_broker_msc":1791485269000,"halted_at_receipt":false,"quarantined_at_receipt":false}
29,-1,1791485270085,ea_event,,{"type":"fill_log","seq":181,"ea_time_ms":97033671,"magic":22260201,"deal_ticket":800000155,"order_ticket":700000155,"position_id":900000067,"entry_type":"OUT_BY","deal_type":"SELL","side":null,"layer_index":null,"role":null,"deal_price":1.11919,"order_price_open":null,"slippage_pips":null,"volume":0.00,"profit":1.20,"swap":0.00,"commission":0.00,"deal_time_broker":"2026-10-08 18:47:50","deal_time_broker_msc":1791485270000,"halted_at_receipt":false,"quarantined_at_receipt":false}
29,-1,1791485270085,ea_event,,{"type":"fill_log","seq":182,"ea_time_ms":97033671,"magic":22260201,"deal_ticket":800000156,"order_ticket":700000155,"position_id":900000078,"entry_type":"OUT_BY","deal_type":"SELL","side":null,"layer_index":null,"role":null,"deal_price":1.12039,"order_price_open":null,"slippage_pips":null,"volume":0.00,"profit":0.00,"swap":0.00,"commission":0.00,"deal_time_broker":"2026-10-08 18:47:50","deal_time_broker_msc":1791485270000,"halted_at_receipt":false,"quarantined_at_receipt":false}
29,-1,1791485270085,scalp,SCALP_CLOSED,{"close_time":"2026-10-08T18:47:50Z","instrument":"EURUSD","direction":"SHORT","entry_price":1.12039,"exit_price":1.11919,"layer_depth":5,"stack_depth":6,"gross_pnl":1.20,"instance_id":"GRIND_EURUSD_OPTD","ejected":false,"rolled":false,"broker_utc_offset_s":10800,"account_login":53077984}
29,-1,1791486097215,ea_event,,{"type":"fill_log","seq":183,"ea_time_ms":97033703,"magic":22260201,"deal_ticket":800000157,"order_ticket":9142,"position_id":900000079,"entry_type":"IN","deal_type":"BUY","side":"L","layer_index":11,"role":"ENT","deal_price":1.11890,"order_price_open":null,"slippage_pips":null,"volume":0.00,"profit":0.00,"swap":0.00,"commission":0.00,"deal_time_broker":"2026-10-08 19:01:37","deal_time_broker_msc":1791486097000,"halted_at_receipt":false,"quarantined_at_receipt":false}
29,-1,1791486515092,ea_event,,{"type":"fill_log","seq":184,"ea_time_ms":97033718,"magic":22260201,"deal_ticket":800000158,"order_ticket":9143,"position_id":900000080,"entry_type":"IN","deal_type":"SELL","side":"S","layer_index":4,"role":"EXT","deal_price":1.11851,"order_price_open":null,"slippage_pips":null,"volume":0.00,"profit":0.00,"swap":0.00,"commission":0.00,"deal_time_broker":"2026-10-08 19:08:35","deal_time_broker_msc":1791486515000,"halted_at_receipt":false,"quarantined_at_receipt":false}
29,-1,1791486515518,ea_event,,{"type":"fill_log","seq":185,"ea_time_ms":97033718,"magic":22260201,"deal_ticket":800000159,"order_ticket":700000159,"position_id":900000065,"entry_type":"OUT_BY","deal_type":"SELL","side":null,"layer_index":null,"role":null,"deal_price":1.11851,"order_price_open":null,"slippage_pips":null,"volume":0.00,"profit":1.17,"swap":0.00,"commission":0.00,"deal_time_broker":"2026-10-08 19:08:35","deal_time_broker_msc":1791486515000,"halted_at_receipt":false,"quarantined_at_receipt":false}
29,-1,1791486515518,ea_event,,{"type":"fill_log","seq":186,"ea_time_ms":97033718,"magic":22260201,"deal_ticket":800000160,"order_ticket":700000159,"position_id":900000080,"entry_type":"OUT_BY","deal_type":"SELL","side":null,"layer_index":null,"role":null,"deal_price":1.11968,"order_price_open":null,"slippage_pips":null,"volume":0.00,"profit":0.00,"swap":0.00,"commission":0.00,"deal_time_broker":"2026-10-08 19:08:35","deal_time_broker_msc":1791486515000,"halted_at_receipt":false,"quarantined_at_receipt":false}
29,-1,1791486515518,scalp,SCALP_CLOSED,{"close_time":"2026-10-08T19:08:35Z","instrument":"EURUSD","direction":"SHORT","entry_price":1.11968,"exit_price":1.11851,"layer_depth":4,"stack_depth":5,"gross_pnl":1.17,"instance_id":"GRIND_EURUSD_OPTD","ejected":false,"rolled":false,"broker_utc_offset_s":10800,"account_login":53077984}
29,-1,1791487037237,ea_event,,{"type":"fill_log","seq":187,"ea_time_ms":97033734,"magic":22260201,"deal_ticket":800000161,"order_ticket":9148,"position_id":900000081,"entry_type":"IN","deal_type":"SELL","side":"S","layer_index":4,"role":"ENT","deal_price":1.11969,"order_price_open":null,"slippage_pips":null,"volume":0.00,"profit":0.00,"swap":0.00,"commission":0.00,"deal_time_broker":"2026-10-08 19:17:17","deal_time_broker_msc":1791487037000,"halted_at_receipt":false,"quarantined_at_receipt":false}
29,-1,1791487051309,ea_event,,{"type":"fill_log","seq":188,"ea_time_ms":97033734,"magic":22260201,"deal_ticket":800000162,"order_ticket":9145,"position_id":900000082,"entry_type":"IN","deal_type":"BUY","side":"L","layer_index":11,"role":"EXT","deal_price":1.12006,"order_price_open":null,"slippage_pips":null,"volume":0.00,"profit":0.00,"swap":0.00,"commission":0.00,"deal_time_broker":"2026-10-08 19:17:31","deal_time_broker_msc":1791487051000,"halted_at_receipt":false,"quarantined_at_receipt":false}
29,-1,1791487051943,ea_event,,{"type":"fill_log","seq":189,"ea_time_ms":97033734,"magic":22260201,"deal_ticket":800000163,"order_ticket":700000163,"position_id":900000079,"entry_type":"OUT_BY","deal_type":"SELL","side":null,"layer_index":null,"role":null,"deal_price":1.12006,"order_price_open":null,"slippage_pips":null,"volume":0.00,"profit":1.16,"swap":0.00,"commission":0.00,"deal_time_broker":"2026-10-08 19:17:31","deal_time_broker_msc":1791487051000,"halted_at_receipt":false,"quarantined_at_receipt":false}
29,-1,1791487051943,ea_event,,{"type":"fill_log","seq":190,"ea_time_ms":97033734,"magic":22260201,"deal_ticket":800000164,"order_ticket":700000163,"position_id":900000082,"entry_type":"OUT_BY","deal_type":"SELL","side":null,"layer_index":null,"role":null,"deal_price":1.11890,"order_price_open":null,"slippage_pips":null,"volume":0.00,"profit":0.00,"swap":0.00,"commission":0.00,"deal_time_broker":"2026-10-08 19:17:31","deal_time_broker_msc":1791487051000,"halted_at_receipt":false,"quarantined_at_receipt":false}
29,-1,1791487051943,scalp,SCALP_CLOSED,{"close_time":"2026-10-08T19:17:31Z","instrument":"EURUSD","direction":"LONG","entry_price":1.11890,"exit_price":1.12006,"layer_depth":11,"stack_depth":5,"gross_pnl":1.16,"instance_id":"GRIND_EURUSD_OPTD","ejected":false,"rolled":false,"broker_utc_offset_s":10800,"account_login":53077984}
29,-1,1791487848440,ea_event,,{"type":"fill_log","seq":191,"ea_time_ms":97033765,"magic":22260201,"deal_ticket":800000165,"order_ticket":9152,"position_id":900000083,"entry_type":"IN","deal_type":"BUY","side":"L","layer_index":11,"role":"ENT","deal_price":1.11888,"order_price_open":null,"slippage_pips":null,"volume":0.00,"profit":0.00,"swap":0.00,"commission":0.00,"deal_time_broker":"2026-10-08 19:30:48","deal_time_broker_msc":1791487848000,"halted_at_receipt":false,"quarantined_at_receipt":false}
29,-1,1791488231474,ea_event,,{"type":"fill_log","seq":192,"ea_time_ms":97033781,"magic":22260201,"deal_ticket":800000166,"order_ticket":9149,"position_id":900000084,"entry_type":"IN","deal_type":"SELL","side":"S","layer_index":4,"role":"EXT","deal_price":1.11858,"order_price_open":null,"slippage_pips":null,"volume":0.00,"profit":0.00,"swap":0.00,"commission":0.00,"deal_time_broker":"2026-10-08 19:37:11","deal_time_broker_msc":1791488231000,"halted_at_receipt":false,"quarantined_at_receipt":false}
29,-1,1791488231910,ea_event,,{"type":"fill_log","seq":193,"ea_time_ms":97033781,"magic":22260201,"deal_ticket":800000167,"order_ticket":700000167,"position_id":900000081,"entry_type":"OUT_BY","deal_type":"SELL","side":null,"layer_index":null,"role":null,"deal_price":1.11858,"order_price_open":null,"slippage_pips":null,"volume":0.00,"profit":1.11,"swap":0.00,"commission":0.00,"deal_time_broker":"2026-10-08 19:37:11","deal_time_broker_msc":1791488231000,"halted_at_receipt":false,"quarantined_at_receipt":false}
29,-1,1791488231910,ea_event,,{"type":"fill_log","seq":194,"ea_time_ms":97033781,"magic":22260201,"deal_ticket":800000168,"order_ticket":700000167,"position_id":900000084,"entry_type":"OUT_BY","deal_type":"SELL","side":null,"layer_index":null,"role":null,"deal_price":1.11969,"order_price_open":null,"slippage_pips":null,"volume":0.00,"profit":0.00,"swap":0.00,"commission":0.00,"deal_time_broker":"2026-10-08 19:37:11","deal_time_broker_msc":1791488231000,"halted_at_receipt":false,"quarantined_at_receipt":false}
29,-1,1791488231910,scalp,SCALP_CLOSED,{"close_time":"2026-10-08T19:37:11Z","instrument":"EURUSD","direction":"SHORT","entry_price":1.11969,"exit_price":1.11858,"layer_depth":4,"stack_depth":5,"gross_pnl":1.11,"instance_id":"GRIND_EURUSD_OPTD","ejected":false,"rolled":false,"broker_utc_offset_s":10800,"account_login":53077984}
29,-1,1791489153682,ea_event,,{"type":"fill_log","seq":195,"ea_time_ms":97033812,"magic":22260201,"deal_ticket":800000169,"order_ticket":9156,"position_id":900000085,"entry_type":"IN","deal_type":"SELL","side":"S","layer_index":4,"role":"ENT","deal_price":1.11971,"order_price_open":null,"slippage_pips":null,"volume":0.00,"profit":0.00,"swap":0.00,"commission":0.00,"deal_time_broker":"2026-10-08 19:52:33","deal_time_broker_msc":1791489153000,"halted_at_receipt":false,"quarantined_at_receipt":false}
29,-1,1791489690174,ea_event,,{"type":"fill_log","seq":196,"ea_time_ms":97033843,"magic":22260201,"deal_ticket":800000170,"order_ticket":9153,"position_id":900000086,"entry_type":"IN","deal_type":"BUY","side":"L","layer_index":11,"role":"EXT","deal_price":1.11998,"order_price_open":null,"slippage_pips":null,"volume":0.00,"profit":0.00,"swap":0.00,"commission":0.00,"deal_time_broker":"2026-10-08 20:01:30","deal_time_broker_msc":1791489690000,"halted_at_receipt":false,"quarantined_at_receipt":false}
29,-1,1791489692017,ea_event,,{"type":"fill_log","seq":197,"ea_time_ms":97033843,"magic":22260201,"deal_ticket":800000171,"order_ticket":700000171,"position_id":900000083,"entry_type":"OUT_BY","deal_type":"SELL","side":null,"layer_index":null,"role":null,"deal_price":1.11998,"order_price_open":null,"slippage_pips":null,"volume":0.00,"profit":1.10,"swap":0.00,"commission":0.00,"deal_time_broker":"2026-10-08 20:01:32","deal_time_broker_msc":1791489692000,"halted_at_receipt":false,"quarantined_at_receipt":false}
29,-1,1791489692017,ea_event,,{"type":"fill_log","seq":198,"ea_time_ms":97033843,"magic":22260201,"deal_ticket":800000172,"order_ticket":700000171,"position_id":900000086,"entry_type":"OUT_BY","deal_type":"SELL","side":null,"layer_index":null,"role":null,"deal_price":1.11888,"order_price_open":null,"slippage_pips":null,"volume":0.00,"profit":0.00,"swap":0.00,"commission":0.00,"deal_time_broker":"2026-10-08 20:01:32","deal_time_broker_msc":1791489692000,"halted_at_receipt":false,"quarantined_at_receipt":false}
29,-1,1791489692017,scalp,SCALP_CLOSED,{"close_time":"2026-10-08T20:01:32Z","instrument":"EURUSD","direction":"LONG","entry_price":1.11888,"exit_price":1.11998,"layer_depth":11,"stack_depth":5,"gross_pnl":1.10,"instance_id":"GRIND_EURUSD_OPTD","ejected":false,"rolled":false,"broker_utc_offset_s":10800,"account_login":53077984}
29,-1,1791490126622,ea_event,,{"type":"fill_log","seq":199,"ea_time_ms":97033859,"magic":22260201,"deal_ticket":800000173,"order_ticket":9158,"position_id":900000087,"entry_type":"IN","deal_type":"SELL","side":"S","layer_index":5,"role":"ENT","deal_price":1.12042,"order_price_open":null,"slippage_pips":null,"volume":0.00,"profit":0.00,"swap":0.00,"commission":0.00,"deal_time_broker":"2026-10-08 20:08:46","deal_time_broker_msc":1791490126000,"halted_at_receipt":false,"quarantined_at_receipt":false}
29,-1,1791490415551,ea_event,,{"type":"fill_log","seq":200,"ea_time_ms":97033875,"magic":22260201,"deal_ticket":800000174,"order_ticket":9159,"position_id":900000088,"entry_type":"IN","deal_type":"BUY","side":"L","layer_index":10,"role":"EXT","deal_price":1.12074,"order_price_open":null,"slippage_pips":null,"volume":0.00,"profit":0.00,"swap":0.00,"commission":0.00,"deal_time_broker":"2026-10-08 20:13:35","deal_time_broker_msc":1791490415000,"halted_at_receipt":false,"quarantined_at_receipt":false}
29,-1,1791490416799,ea_event,,{"type":"fill_log","seq":201,"ea_time_ms":97033875,"magic":22260201,"deal_ticket":800000175,"order_ticket":700000175,"position_id":900000077,"entry_type":"OUT_BY","deal_type":"SELL","side":null,"layer_index":null,"role":null,"deal_price":1.12074,"order_price_open":null,"slippage_pips":null,"volume":0.00,"profit":1.13,"swap":0.00,"commission":0.00,"deal_time_broker":"2026-10-08 20:13:36","deal_time_broker_msc":1791490416000,"halted_at_receipt":false,"quarantined_at_receipt":false}
29,-1,1791490416799,ea_event,,{"type":"fill_log","seq":202,"ea_time_ms":97033875,"magic":22260201,"deal_ticket":800000176,"order_ticket":700000175,"position_id":900000088,"entry_type":"OUT_BY","deal_type":"SELL","side":null,"layer_index":null,"role":null,"deal_price":1.11961,"order_price_open":null,"slippage_pips":null,"volume":0.00,"profit":0.00,"swap":0.00,"commission":0.00,"deal_time_broker":"2026-10-08 20:13:36","deal_time_broker_msc":1791490416000,"halted_at_receipt":false,"quarantined_at_receipt":false}
29,-1,1791490416799,scalp,SCALP_CLOSED,{"close_time":"2026-10-08T20:13:36Z","instrument":"EURUSD","direction":"LONG","entry_price":1.11961,"exit_price":1.12074,"layer_depth":10,"stack_depth":4,"gross_pnl":1.13,"instance_id":"GRIND_EURUSD_OPTD","ejected":false,"rolled":false,"broker_utc_offset_s":10800,"account_login":53077984}
29,-1,1791490566696,ea_event,,{"type":"fill_log","seq":203,"ea_time_ms":97033890,"magic":22260201,"deal_ticket":800000177,"order_ticket":9162,"position_id":900000089,"entry_type":"IN","deal_type":"SELL","side":"S","layer_index":6,"role":"ENT","deal_price":1.12116,"order_price_open":null,"slippage_pips":null,"volume":0.00,"profit":0.00,"swap":0.00,"commission":0.00,"deal_time_broker":"2026-10-08 20:16:06","deal_time_broker_msc":1791490566000,"halted_at_receipt":false,"quarantined_at_receipt":false}
29,-1,1791490675793,ea_event,,{"type":"fill_log","seq":204,"ea_time_ms":97033890,"magic":22260201,"deal_ticket":800000178,"order_ticket":9163,"position_id":900000090,"entry_type":"IN","deal_type":"BUY","side":"L","layer_index":9,"role":"EXT","deal_price":1.12148,"order_price_open":null,"slippage_pips":null,"volume":0.00,"profit":0.00,"swap":0.00,"commission":0.00,"deal_time_broker":"2026-10-08 20:17:55","deal_time_broker_msc":1791490675000,"halted_at_receipt":false,"quarantined_at_receipt":false}
29,-1,1791490676830,ea_event,,{"type":"fill_log","seq":205,"ea_time_ms":97033890,"magic":22260201,"deal_ticket":800000179,"order_ticket":700000179,"position_id":900000075,"entry_type":"OUT_BY","deal_type":"SELL","side":null,"layer_index":null,"role":null,"deal_price":1.12148,"order_price_open":null,"slippage_pips":null,"volume":0.00,"profit":1.13,"swap":0.00,"commission":0.00,"deal_time_broker":"2026-10-08 20:17:56","deal_time_broker_msc":1791490676000,"halted_at_receipt":false,"quarantined_at_receipt":false}
29,-1,1791490676830,ea_event,,{"type":"fill_log","seq":206,"ea_time_ms":97033890,"magic":22260201,"deal_ticket":800000180,"order_ticket":700000179,"position_id":900000090,"entry_type":"OUT_BY","deal_type":"SELL","side":null,"layer_index":null,"role":null,"deal_price":1.12035,"order_price_open":null,"slippage_pips":null,"volume":0.00,"profit":0.00,"swap":0.00,"commission":0.00,"deal_time_broker":"2026-10-08 20:17:56","deal_time_broker_msc":1791490676000,"halted_at_receipt":false,"quarantined_at_receipt":false}
29,-1,1791490676830,scalp,SCALP_CLOSED,{"close_time":"2026-10-08T20:17:56Z","instrument":"EURUSD","direction":"LONG","entry_price":1.12035,"exit_price":1.12148,"layer_depth":9,"stack_depth":3,"gross_pnl":1.13,"instance_id":"GRIND_EURUSD_OPTD","ejected":false,"rolled":false,"broker_utc_offset_s":10800,"account_login":53077984}
29,-1,1791491273980,ea_event,,{"type":"fill_log","seq":207,"ea_time_ms":97033906,"magic":22260201,"deal_ticket":800000181,"order_ticket":9166,"position_id":900000091,"entry_type":"IN","deal_type":"SELL","side":"S","layer_index":7,"role":"ENT","deal_price":1.12197,"order_price_open":null,"slippage_pips":null,"volume":0.00,"profit":0.00,"swap":0.00,"commission":0.00,"deal_time_broker":"2026-10-08 20:27:53","deal_time_broker_msc":1791491273000,"halted_at_receipt":false,"quarantined_at_receipt":false}
29,-1,1791492731060,ea_event,,{"type":"fill_log","seq":208,"ea_time_ms":97033953,"magic":22260201,"deal_ticket":800000182,"order_ticket":9169,"position_id":900000092,"entry_type":"IN","deal_type":"SELL","side":"S","layer_index":7,"role":"EXT","deal_price":1.12086,"order_price_open":null,"slippage_pips":null,"volume":0.00,"profit":0.00,"swap":0.00,"commission":0.00,"deal_time_broker":"2026-10-08 20:52:11","deal_time_broker_msc":1791492731000,"halted_at_receipt":false,"quarantined_at_receipt":false}
29,-1,1791492734506,ea_event,,{"type":"fill_log","seq":209,"ea_time_ms":97033953,"magic":22260201,"deal_ticket":800000183,"order_ticket":700000183,"position_id":900000091,"entry_type":"OUT_BY","deal_type":"SELL","side":null,"layer_index":null,"role":null,"deal_price":1.12086,"order_price_open":null,"slippage_pips":null,"volume":0.00,"profit":1.11,"swap":0.00,"commission":0.00,"deal_time_broker":"2026-10-08 20:52:14","deal_time_broker_msc":1791492734000,"halted_at_receipt":false,"quarantined_at_receipt":false}
29,-1,1791492734506,ea_event,,{"type":"fill_log","seq":210,"ea_time_ms":97033953,"magic":22260201,"deal_ticket":800000184,"order_ticket":700000183,"position_id":900000092,"entry_type":"OUT_BY","deal_type":"SELL","side":null,"layer_index":null,"role":null,"deal_price":1.12197,"order_price_open":null,"slippage_pips":null,"volume":0.00,"profit":0.00,"swap":0.00,"commission":0.00,"deal_time_broker":"2026-10-08 20:52:14","deal_time_broker_msc":1791492734000,"halted_at_receipt":false,"quarantined_at_receipt":false}
29,-1,1791492734506,scalp,SCALP_CLOSED,{"close_time":"2026-10-08T20:52:14Z","instrument":"EURUSD","direction":"SHORT","entry_price":1.12197,"exit_price":1.12086,"layer_depth":7,"stack_depth":8,"gross_pnl":1.11,"instance_id":"GRIND_EURUSD_OPTD","ejected":false,"rolled":false,"broker_utc_offset_s":10800,"account_login":53077984}
29,-1,1791493796091,ea_event,,{"type":"fill_log","seq":211,"ea_time_ms":97033984,"magic":22260201,"deal_ticket":800000185,"order_ticket":9168,"position_id":900000093,"entry_type":"IN","deal_type":"BUY","side":"L","layer_index":9,"role":"ENT","deal_price":1.12035,"order_price_open":null,"slippage_pips":null,"volume":0.00,"profit":0.00,"swap":0.00,"commission":0.00,"deal_time_broker":"2026-10-08 21:09:56","deal_time_broker_msc":1791493796000,"halted_at_receipt":false,"quarantined_at_receipt":false}
29,-1,1791500561191,ea_event,,{"type":"fill_log","seq":212,"ea_time_ms":97034093,"magic":22260201,"deal_ticket":800000186,"order_ticket":9172,"position_id":900000094,"entry_type":"IN","deal_type":"BUY","side":"L","layer_index":9,"role":"EXT","deal_price":1.12150,"order_price_open":null,"slippage_pips":null,"volume":0.00,"profit":0.00,"swap":0.00,"commission":0.00,"deal_time_broker":"2026-10-08 23:02:41","deal_time_broker_msc":1791500561000,"halted_at_receipt":false,"quarantined_at_receipt":false}
29,-1,1791500562640,ea_event,,{"type":"fill_log","seq":213,"ea_time_ms":97034093,"magic":22260201,"deal_ticket":800000187,"order_ticket":700000187,"position_id":900000093,"entry_type":"OUT_BY","deal_type":"SELL","side":null,"layer_index":null,"role":null,"deal_price":1.12150,"order_price_open":null,"slippage_pips":null,"volume":0.00,"profit":1.15,"swap":0.00,"commission":0.00,"deal_time_broker":"2026-10-08 23:02:42","deal_time_broker_msc":1791500562000,"halted_at_receipt":false,"quarantined_at_receipt":false}
29,-1,1791500562640,ea_event,,{"type":"fill_log","seq":214,"ea_time_ms":97034093,"magic":22260201,"deal_ticket":800000188,"order_ticket":700000187,"position_id":900000094,"entry_type":"OUT_BY","deal_type":"SELL","side":null,"layer_index":null,"role":null,"deal_price":1.12035,"order_price_open":null,"slippage_pips":null,"volume":0.00,"profit":0.00,"swap":0.00,"commission":0.00,"deal_time_broker":"2026-10-08 23:02:42","deal_time_broker_msc":1791500562000,"halted_at_receipt":false,"quarantined_at_receipt":false}
29,-1,1791500562640,scalp,SCALP_CLOSED,{"close_time":"2026-10-08T23:02:42Z","instrument":"EURUSD","direction":"LONG","entry_price":1.12035,"exit_price":1.12150,"layer_depth":9,"stack_depth":3,"gross_pnl":1.15,"instance_id":"GRIND_EURUSD_OPTD","ejected":false,"rolled":false,"broker_utc_offset_s":10800,"account_login":53077984}
29,-1,1791503436000,ea_event,CARRY_SNAPSHOT,{"type":"ea_event","seq":215,"ea_time_ms":97034109,"magic":null,"level":"INFO","code":"CARRY_SNAPSHOT","reason":"EURUSD","ticket":null,"detail":{"symbol":"EURUSD","swap_mode":1,"swap_long":-7.9900,"swap_short":1.3100,"multiplier":1,"day_of_week":4,"rollover3days":3,"digits":5,"point":0.00001000,"tick_value":1.00000000,"tick_size":0.00001000,"stops_level":0,"freeze_level":0,"long_pips":-0.799,"short_pips":0.131,"eligible_long":2,"eligible_short":7,"trade_mode_full":true,"mult_today":1,"mult_tomorrow":1,"accrued_swap_long":0.00,"accrued_swap_short":0.00}}
29,-1,1791503436000,ea_event,CARRY_EXIT_SHIFT,{"type":"ea_event","seq":216,"ea_time_ms":97034109,"magic":null,"level":"INFO","code":"CARRY_EXIT_SHIFT","reason":"EURUSD","ticket":null,"detail":{"position_ticket":900000006,"side":"long","layer_index":7,"accrued_ledger_pips":-2.400,"pending_pips":-0.799,"accrued_pips_total":-3.199,"old_price":1.12295,"new_price":1.12319,"clamped":false,"sign_guard_skipped":false,"retcode":10009,"points_native_pips":-0.799}}
29,-1,1791503436000,ea_event,CARRY_EXIT_SHIFT,{"type":"ea_event","seq":217,"ea_time_ms":97034109,"magic":null,"level":"INFO","code":"CARRY_EXIT_SHIFT","reason":"EURUSD","ticket":null,"detail":{"position_ticket":900000073,"side":"long","layer_index":8,"accrued_ledger_pips":0.000,"pending_pips":-0.799,"accrued_pips_total":-0.799,"old_price":1.12216,"new_price":1.12224,"clamped":false,"sign_guard_skipped":false,"retcode":10009,"points_native_pips":-0.799}}
29,-1,1791503496000,ea_event,CARRY_EXIT_SHIFT,{"type":"ea_event","seq":218,"ea_time_ms":97034109,"magic":null,"level":"INFO","code":"CARRY_EXIT_SHIFT","reason":"EURUSD","ticket":null,"detail":{"position_ticket":900000026,"side":"short","layer_index":0,"accrued_ledger_pips":0.400,"pending_pips":0.131,"accrued_pips_total":0.531,"old_price":1.11572,"new_price":1.11576,"clamped":false,"sign_guard_skipped":false,"retcode":10009,"points_native_pips":0.131}}
29,-1,1791503676000,ea_event,CARRY_EXIT_SHIFT,{"type":"ea_event","seq":219,"ea_time_ms":97034125,"magic":null,"level":"INFO","code":"CARRY_EXIT_SHIFT","reason":"EURUSD","ticket":null,"detail":{"position_ticket":900000089,"side":"short","layer_index":6,"accrued_ledger_pips":0.000,"pending_pips":0.131,"accrued_pips_total":0.131,"old_price":1.12006,"new_price":1.12007,"clamped":false,"sign_guard_skipped":false,"retcode":10009,"points_native_pips":0.131}}
29,-1,1791503676000,ea_event,CARRY_PASS_SUMMARY,{"type":"ea_event","seq":220,"ea_time_ms":97034125,"magic":null,"level":"INFO","code":"CARRY_PASS_SUMMARY","reason":"EURUSD","ticket":null,"detail":{"eligible":9,"shifted":4,"clamped":0,"skipped":0,"failed":0,"incomplete":false}}
