seg_id,sync_idx,time_ms,stage,action,ticket,type,side,layer,role,price,old_price
1,-1,1790837932001,SEED,PLACE,1975959125,SELL_LIMIT,L,0,EXT,1.13778,0.00000
1,-1,1790837932001,SEED,PLACE,1977728136,SELL_LIMIT,L,6,EXT,1.13349,0.00000
1,-1,1790837932001,SEED,PLACE,1977728160,BUY_LIMIT,L,7,ENT,1.13179,0.00000
1,-1,1790837932001,SEED,PLACE,1977312355,BUY_LIMIT,S,0,EXT,1.13207,0.00000
1,-1,1790837932001,SEED,PLACE,1977312358,SELL_LIMIT,S,1,ENT,1.13376,0.00000
1,-1,1790839277477,DEAL,FILL,1977312355,BUY_LIMIT,S,0,EXT,1.13207,0.00000
1,0,1790839279433,ENGINE,PLACE,9000,SELL_LIMIT,S,0,ENT,1.13275,0.00000
1,0,1790839279720,ENGINE,REMOVE,1977312358,SELL_LIMIT,S,1,ENT,1.13376,0.00000
1,2,1790841684319,DEAL,PLACE,9001,SELL_LIMIT,L,7,EXT,1.13274,0.00000
1,2,1790841684606,DEAL,REMOVE,1977728136,SELL_LIMIT,L,6,EXT,1.13349,0.00000
1,2,1790841684649,DEAL,FILL,1977728160,BUY_LIMIT,L,7,ENT,1.13179,0.00000
1,3,1790841685265,SYNC,REMOVE,9001,SELL_LIMIT,L,7,EXT,1.13274,0.00000
1,3,1790841685265,ENGINE,PLACE,9002,SELL_LIMIT,L,7,EXT,1.13274,0.00000
1,3,1790847623591,ENGINE,MODIFY,9000,SELL_LIMIT,S,0,ENT,1.13205,1.13275
1,3,1790847652134,LATTICE,MODIFY,1975959125,SELL_LIMIT,L,0,EXT,1.13212,1.13778
1,3,1790847652422,LATTICE,PLACE,9003,SELL_LIMIT,L,1,EXT,1.13708,0.00000
1,3,1790847652709,LATTICE,REMOVE,9002,SELL_LIMIT,L,7,EXT,1.13274,0.00000
1,4,1790850224173,ENGINE,MODIFY,9000,SELL_LIMIT,S,0,ENT,1.13135,1.13205
1,4,1790850665949,LATTICE,MODIFY,9003,SELL_LIMIT,L,1,EXT,1.13142,1.13708
1,4,1790850666237,LATTICE,PLACE,9004,SELL_LIMIT,L,2,EXT,1.13638,0.00000
1,4,1790850666524,LATTICE,REMOVE,1975959125,SELL_LIMIT,L,0,EXT,1.13212,0.00000
1,5,1790850678396,ENGINE,MODIFY,9000,SELL_LIMIT,S,0,ENT,1.13064,1.13135
1,5,1790850771328,DEAL,PLACE,9005,BUY_LIMIT,S,0,EXT,1.12964,0.00000
1,5,1790850771615,DEAL,PLACE,9006,SELL_LIMIT,S,1,ENT,1.13134,0.00000
1,5,1790850771902,DEAL,FILL,9000,SELL_LIMIT,S,0,ENT,1.13064,0.00000
1,6,1790850771470,SYNC,REMOVE,9005,BUY_LIMIT,S,0,EXT,1.12964,0.00000
1,6,1790850771902,ENGINE,PLACE,9007,BUY_LIMIT,S,0,EXT,1.12964,0.00000
1,6,1790853131208,LATTICE,MODIFY,9004,SELL_LIMIT,L,2,EXT,1.13072,1.13638
1,6,1790853131496,LATTICE,PLACE,9008,SELL_LIMIT,L,3,EXT,1.13568,0.00000
1,6,1790853131783,LATTICE,REMOVE,9003,SELL_LIMIT,L,1,EXT,1.13142,0.00000
1,6,1790853131826,DEAL,FILL,9007,BUY_LIMIT,S,0,EXT,1.12964,0.00000
1,8,1790853132212,ENGINE,PLACE,9009,SELL_LIMIT,S,0,ENT,1.13034,0.00000
1,8,1790853132499,ENGINE,REMOVE,9006,SELL_LIMIT,S,1,ENT,1.13134,0.00000
1,11,1790853977915,ENGINE,PLACE,9010,BUY_LIMIT,S,0,EXT,1.12925,0.00000
1,11,1790853978202,ENGINE,PLACE,9011,SELL_LIMIT,S,1,ENT,1.13095,0.00000
1,11,1790853978489,ENGINE,REMOVE,9009,SELL_LIMIT,S,0,ENT,1.13034,0.00000
1,11,1790854742124,DEAL,FILL,9010,BUY_LIMIT,S,0,EXT,1.12925,0.00000
1,12,1790854742265,ENGINE,PLACE,9012,SELL_LIMIT,S,0,ENT,1.12993,0.00000
1,12,1790854742552,ENGINE,REMOVE,9011,SELL_LIMIT,S,1,ENT,1.13095,0.00000
1,14,1790854775420,LATTICE,MODIFY,9008,SELL_LIMIT,L,3,EXT,1.13002,1.13568
1,14,1790854775708,LATTICE,PLACE,9013,SELL_LIMIT,L,4,EXT,1.13497,0.00000
1,14,1790854775995,LATTICE,REMOVE,9004,SELL_LIMIT,L,2,EXT,1.13072,0.00000
1,16,1790857054765,ENGINE,PLACE,9014,BUY_LIMIT,S,0,EXT,1.12892,0.00000
1,16,1790857055052,ENGINE,PLACE,9015,SELL_LIMIT,S,1,ENT,1.13062,0.00000
1,16,1790857055339,ENGINE,REMOVE,9012,SELL_LIMIT,S,0,ENT,1.12993,0.00000
1,16,1790857300920,DEAL,FILL,9008,SELL_LIMIT,L,3,EXT,1.13002,0.00000
1,17,1790857301258,ENGINE,PLACE,9016,SELL_LIMIT,L,2,EXT,1.13072,0.00000
1,17,1790857301545,ENGINE,PLACE,9017,BUY_LIMIT,L,8,ENT,1.12894,0.00000
1,19,1790858429466,DEAL,PLACE,9018,SELL_LIMIT,L,8,EXT,1.12993,0.00000
1,19,1790858429753,DEAL,REMOVE,9016,SELL_LIMIT,L,2,EXT,1.13072,0.00000
1,19,1790858429796,DEAL,FILL,9017,BUY_LIMIT,L,8,ENT,1.12894,0.00000
1,20,1790858429605,SYNC,REMOVE,9018,SELL_LIMIT,L,8,EXT,1.12993,0.00000
1,20,1790858429796,ENGINE,PLACE,9019,SELL_LIMIT,L,8,EXT,1.12993,0.00000
1,20,1790858430083,DEAL,FILL,9014,BUY_LIMIT,S,0,EXT,1.12892,0.00000
1,21,1790858431422,ENGINE,PLACE,9020,SELL_LIMIT,S,0,ENT,1.12962,0.00000
1,21,1790858431709,ENGINE,REMOVE,9015,SELL_LIMIT,S,1,ENT,1.13062,0.00000
1,23,1790859258973,LATTICE,MODIFY,9013,SELL_LIMIT,L,4,EXT,1.12931,1.13497
1,23,1790859259261,LATTICE,PLACE,9021,SELL_LIMIT,L,5,EXT,1.13427,0.00000
1,23,1790859259548,LATTICE,REMOVE,9019,SELL_LIMIT,L,8,EXT,1.12993,0.00000
1,24,1790859260985,ENGINE,MODIFY,9020,SELL_LIMIT,S,0,ENT,1.12891,1.12962
1,24,1790859450886,LATTICE,MODIFY,9021,SELL_LIMIT,L,5,EXT,1.12861,1.13427
1,24,1790859451174,LATTICE,PLACE,9022,SELL_LIMIT,L,6,EXT,1.13349,0.00000
1,24,1790859451461,LATTICE,REMOVE,9013,SELL_LIMIT,L,4,EXT,1.12931,0.00000
1,24,1790859451504,ENGINE,MODIFY,9020,SELL_LIMIT,S,0,ENT,1.12816,1.12891
1,25,1790859610146,LATTICE,MODIFY,9022,SELL_LIMIT,L,6,EXT,1.12783,1.13349
1,25,1790859610434,LATTICE,PLACE,9023,SELL_LIMIT,L,7,EXT,1.13274,0.00000
1,25,1790859610721,LATTICE,REMOVE,9021,SELL_LIMIT,L,5,EXT,1.12861,0.00000
1,26,1790859611149,ENGINE,MODIFY,9020,SELL_LIMIT,S,0,ENT,1.12741,1.12816
1,26,1790860062122,DEAL,PLACE,9024,BUY_LIMIT,S,0,EXT,1.12643,0.00000
1,26,1790860062409,DEAL,PLACE,9025,SELL_LIMIT,S,1,ENT,1.12813,0.00000
1,26,1790860062696,DEAL,FILL,9020,SELL_LIMIT,S,0,ENT,1.12741,0.00000
1,27,1790860062266,SYNC,REMOVE,9024,BUY_LIMIT,S,0,EXT,1.12643,0.00000
1,27,1790860062696,ENGINE,PLACE,9026,BUY_LIMIT,S,0,EXT,1.12643,0.00000
1,27,1790860504824,DEAL,FILL,9022,SELL_LIMIT,L,6,EXT,1.12783,0.00000
1,28,1790860505164,ENGINE,PLACE,9027,SELL_LIMIT,L,5,EXT,1.12861,0.00000
1,28,1790860505451,ENGINE,PLACE,9028,BUY_LIMIT,L,9,ENT,1.12683,0.00000
1,30,1790860724351,DEAL,PLACE,9029,BUY_LIMIT,S,1,EXT,1.12714,0.00000
1,30,1790860724638,DEAL,PLACE,9030,SELL_LIMIT,S,2,ENT,1.12884,0.00000
1,30,1790860724925,DEAL,FILL,9025,SELL_LIMIT,S,1,ENT,1.12813,0.00000
1,31,1790860724492,SYNC,REMOVE,9029,BUY_LIMIT,S,1,EXT,1.12714,0.00000
1,31,1790860724925,ENGINE,PLACE,9031,BUY_LIMIT,S,1,EXT,1.12714,0.00000
1,31,1790861224918,DEAL,FILL,9027,SELL_LIMIT,L,5,EXT,1.12861,0.00000
1,32,1790861225261,ENGINE,MODIFY,9028,BUY_LIMIT,L,9,ENT,1.12753,1.12683
1,32,1790861225549,ENGINE,PLACE,9032,SELL_LIMIT,L,4,EXT,1.12931,0.00000
1,34,1790861365412,DEAL,PLACE,9033,BUY_LIMIT,S,2,EXT,1.12785,0.00000
1,34,1790861365699,DEAL,PLACE,9034,SELL_LIMIT,S,3,ENT,1.12955,0.00000
1,34,1790861365986,DEAL,FILL,9030,SELL_LIMIT,S,2,ENT,1.12884,0.00000
1,34,1790861365986,DEAL,REMOVE,9031,BUY_LIMIT,S,1,EXT,1.12714,0.00000
1,35,1790861366556,SYNC,REMOVE,9033,BUY_LIMIT,S,2,EXT,1.12785,0.00000
1,35,1790861366556,ENGINE,PLACE,9035,BUY_LIMIT,S,2,EXT,1.12785,0.00000
1,35,1790861698981,DEAL,FILL,9032,SELL_LIMIT,L,4,EXT,1.12931,0.00000
1,36,1790861699124,ENGINE,MODIFY,9028,BUY_LIMIT,L,9,ENT,1.12823,1.12753
1,36,1790861699412,ENGINE,PLACE,9036,SELL_LIMIT,L,8,EXT,1.12993,0.00000
1,38,1790862729244,DEAL,PLACE,9037,BUY_LIMIT,S,3,EXT,1.12857,0.00000
1,38,1790862729531,DEAL,PLACE,9038,SELL_LIMIT,S,4,ENT,1.13027,0.00000
1,38,1790862729818,DEAL,FILL,9034,SELL_LIMIT,S,3,ENT,1.12955,0.00000
1,38,1790862729818,DEAL,REMOVE,9035,BUY_LIMIT,S,2,EXT,1.12785,0.00000
1,39,1790862731001,SYNC,REMOVE,9037,BUY_LIMIT,S,3,EXT,1.12857,0.00000
1,39,1790862731001,ENGINE,PLACE,9039,BUY_LIMIT,S,3,EXT,1.12857,0.00000
1,39,1790864165493,DEAL,FILL,9039,BUY_LIMIT,S,3,EXT,1.12857,0.00000
1,40,1790864166635,ENGINE,PLACE,9040,BUY_LIMIT,S,2,EXT,1.12785,0.00000
1,40,1790864166922,ENGINE,REMOVE,9038,SELL_LIMIT,S,4,ENT,1.13027,0.00000
1,42,1790864167039,ENGINE,PLACE,9041,SELL_LIMIT,S,3,ENT,1.12955,0.00000
1,42,1790864730641,DEAL,PLACE,9042,SELL_LIMIT,L,9,EXT,1.12921,0.00000
1,42,1790864730928,DEAL,PLACE,9043,BUY_LIMIT,L,10,ENT,1.12751,0.00000
1,42,1790864731215,DEAL,FILL,9028,BUY_LIMIT,L,9,ENT,1.12823,0.00000
1,42,1790864731215,DEAL,REMOVE,9036,SELL_LIMIT,L,8,EXT,1.12993,0.00000
1,43,1790864731383,SYNC,REMOVE,9042,SELL_LIMIT,L,9,EXT,1.12921,0.00000
1,43,1790864731383,ENGINE,PLACE,9044,SELL_LIMIT,L,9,EXT,1.12921,0.00000
1,43,1790865550516,DEAL,FILL,9044,SELL_LIMIT,L,9,EXT,1.12921,0.00000
1,44,1790865551261,ENGINE,PLACE,9045,SELL_LIMIT,L,8,EXT,1.12993,0.00000
1,44,1790865551548,ENGINE,REMOVE,9043,BUY_LIMIT,L,10,ENT,1.12751,0.00000
1,46,1790865552073,ENGINE,PLACE,9046,BUY_LIMIT,L,9,ENT,1.12823,0.00000
1,46,1790865681996,DEAL,PLACE,9047,BUY_LIMIT,S,3,EXT,1.12855,0.00000
1,46,1790865682283,DEAL,PLACE,9048,SELL_LIMIT,S,4,ENT,1.13025,0.00000
1,46,1790865682570,DEAL,REMOVE,9040,BUY_LIMIT,S,2,EXT,1.12785,0.00000
1,46,1790865682613,DEAL,FILL,9041,SELL_LIMIT,S,3,ENT,1.12955,0.00000
1,47,1790865682338,SYNC,REMOVE,9047,BUY_LIMIT,S,3,EXT,1.12855,0.00000
1,47,1790865682613,ENGINE,PLACE,9049,BUY_LIMIT,S,3,EXT,1.12855,0.00000
1,47,1790865992515,DEAL,FILL,9045,SELL_LIMIT,L,8,EXT,1.12993,0.00000
1,48,1790865992655,ENGINE,PLACE,9050,SELL_LIMIT,L,2,EXT,1.13072,0.00000
1,48,1790865992942,ENGINE,REMOVE,9046,BUY_LIMIT,L,9,ENT,1.12823,0.00000
1,50,1790865993863,ENGINE,PLACE,9051,BUY_LIMIT,L,8,ENT,1.12894,0.00000
1,50,1790866170431,DEAL,PLACE,9052,BUY_LIMIT,S,4,EXT,1.12925,0.00000
1,50,1790866170718,DEAL,PLACE,9053,SELL_LIMIT,S,5,ENT,1.13095,0.00000
1,50,1790866171005,DEAL,FILL,9048,SELL_LIMIT,S,4,ENT,1.13025,0.00000
1,50,1790866171005,DEAL,REMOVE,9049,BUY_LIMIT,S,3,EXT,1.12855,0.00000
1,51,1790866170577,SYNC,REMOVE,9052,BUY_LIMIT,S,4,EXT,1.12925,0.00000
1,51,1790866171048,ENGINE,PLACE,9054,BUY_LIMIT,S,4,EXT,1.12925,0.00000
1,51,1790866497376,DEAL,FILL,9050,SELL_LIMIT,L,2,EXT,1.13072,0.00000
1,52,1790866497517,ENGINE,MODIFY,9051,BUY_LIMIT,L,8,ENT,1.12964,1.12894
1,52,1790866497805,ENGINE,PLACE,9055,SELL_LIMIT,L,1,EXT,1.13142,0.00000
1,54,1790866506009,DEAL,PLACE,9056,BUY_LIMIT,S,5,EXT,1.12995,0.00000
1,54,1790866506296,DEAL,PLACE,9057,SELL_LIMIT,S,6,ENT,1.13165,0.00000
1,54,1790866506583,DEAL,FILL,9053,SELL_LIMIT,S,5,ENT,1.13095,0.00000
1,54,1790866506583,DEAL,REMOVE,9054,BUY_LIMIT,S,4,EXT,1.12925,0.00000
1,55,1790866506351,SYNC,REMOVE,9056,BUY_LIMIT,S,5,EXT,1.12995,0.00000
1,55,1790866506626,ENGINE,PLACE,9058,BUY_LIMIT,S,5,EXT,1.12995,0.00000
1,55,1790867382360,DEAL,FILL,9058,BUY_LIMIT,S,5,EXT,1.12995,0.00000
1,56,1790867383111,ENGINE,PLACE,9059,BUY_LIMIT,S,4,EXT,1.12925,0.00000
1,56,1790867383398,ENGINE,REMOVE,9057,SELL_LIMIT,S,6,ENT,1.13165,0.00000
1,58,1790867385315,ENGINE,PLACE,9060,SELL_LIMIT,S,5,ENT,1.13095,0.00000
1,58,1790867801578,DEAL,PLACE,9061,SELL_LIMIT,L,8,EXT,1.13061,0.00000
1,58,1790867801865,DEAL,PLACE,9062,BUY_LIMIT,L,9,ENT,1.12891,0.00000
1,58,1790867802152,DEAL,FILL,9051,BUY_LIMIT,L,8,ENT,1.12964,0.00000
1,58,1790867802152,DEAL,REMOVE,9055,SELL_LIMIT,L,1,EXT,1.13142,0.00000
1,59,1790867801920,SYNC,REMOVE,9061,SELL_LIMIT,L,8,EXT,1.13061,0.00000
1,59,1790867802195,ENGINE,PLACE,9063,SELL_LIMIT,L,8,EXT,1.13061,0.00000
1,59,1790868364695,DEAL,FILL,9059,BUY_LIMIT,S,4,EXT,1.12925,0.00000
1,60,1790868364838,ENGINE,PLACE,9064,BUY_LIMIT,S,3,EXT,1.12855,0.00000
1,60,1790868365125,ENGINE,REMOVE,9060,SELL_LIMIT,S,5,ENT,1.13095,0.00000
1,62,1790868365636,ENGINE,PLACE,9065,SELL_LIMIT,S,4,ENT,1.13025,0.00000
1,62,1790869671175,DEAL,PLACE,9066,SELL_LIMIT,L,9,EXT,1.12992,0.00000
1,62,1790869671462,DEAL,PLACE,9067,BUY_LIMIT,L,10,ENT,1.12822,0.00000
1,62,1790869671749,DEAL,FILL,9062,BUY_LIMIT,L,9,ENT,1.12891,0.00000
1,62,1790869671749,DEAL,REMOVE,9063,SELL_LIMIT,L,8,EXT,1.13061,0.00000
1,63,1790869672716,SYNC,REMOVE,9066,SELL_LIMIT,L,9,EXT,1.12992,0.00000
1,63,1790869672716,ENGINE,PLACE,9068,SELL_LIMIT,L,9,EXT,1.12992,0.00000
1,63,1790870219389,DEAL,FILL,9064,BUY_LIMIT,S,3,EXT,1.12855,0.00000
1,64,1790870219933,ENGINE,PLACE,9069,BUY_LIMIT,S,2,EXT,1.12785,0.00000
1,64,1790870220220,ENGINE,REMOVE,9065,SELL_LIMIT,S,4,ENT,1.13025,0.00000
1,66,1790870220534,ENGINE,PLACE,9070,SELL_LIMIT,S,3,ENT,1.12955,0.00000
1,66,1790872854612,DEAL,PLACE,9071,SELL_LIMIT,L,10,EXT,1.12922,0.00000
1,66,1790872854899,DEAL,PLACE,9072,BUY_LIMIT,L,11,ENT,1.12752,0.00000
1,66,1790872855186,DEAL,FILL,9067,BUY_LIMIT,L,10,ENT,1.12822,0.00000
1,66,1790872855186,DEAL,REMOVE,9068,SELL_LIMIT,L,9,EXT,1.12992,0.00000
1,67,1790872854958,SYNC,REMOVE,9071,SELL_LIMIT,L,10,EXT,1.12922,0.00000
1,67,1790872855229,ENGINE,PLACE,9073,SELL_LIMIT,L,10,EXT,1.12922,0.00000
1,67,1790873251935,DEAL,FILL,9073,SELL_LIMIT,L,10,EXT,1.12922,0.00000
1,68,1790873252676,ENGINE,PLACE,9074,SELL_LIMIT,L,9,EXT,1.12992,0.00000
1,68,1790873252963,ENGINE,REMOVE,9072,BUY_LIMIT,L,11,ENT,1.12752,0.00000
1,70,1790873253884,ENGINE,PLACE,9075,BUY_LIMIT,L,10,ENT,1.12822,0.00000
1,70,1790873697647,DEAL,PLACE,9076,BUY_LIMIT,S,3,EXT,1.12856,0.00000
1,70,1790873697934,DEAL,PLACE,9077,SELL_LIMIT,S,4,ENT,1.13026,0.00000
1,70,1790873698221,DEAL,REMOVE,9069,BUY_LIMIT,S,2,EXT,1.12785,0.00000
1,70,1790873698264,DEAL,FILL,9070,SELL_LIMIT,S,3,ENT,1.12955,0.00000
1,71,1790873697786,SYNC,REMOVE,9076,BUY_LIMIT,S,3,EXT,1.12856,0.00000
1,71,1790873698264,ENGINE,PLACE,9078,BUY_LIMIT,S,3,EXT,1.12856,0.00000
1,71,1790874324583,DEAL,FILL,9078,BUY_LIMIT,S,3,EXT,1.12856,0.00000
1,72,1790874325326,ENGINE,PLACE,9079,BUY_LIMIT,S,2,EXT,1.12785,0.00000
1,72,1790874325613,ENGINE,REMOVE,9077,SELL_LIMIT,S,4,ENT,1.13026,0.00000
1,74,1790874325928,ENGINE,PLACE,9080,SELL_LIMIT,S,3,ENT,1.12955,0.00000
1,74,1790875895582,DEAL,PLACE,9081,SELL_LIMIT,L,10,EXT,1.12915,0.00000
1,74,1790875895869,DEAL,PLACE,9082,BUY_LIMIT,L,11,ENT,1.12745,0.00000
1,74,1790875896156,DEAL,REMOVE,9074,SELL_LIMIT,L,9,EXT,1.12992,0.00000
1,74,1790875896199,DEAL,FILL,9075,BUY_LIMIT,L,10,ENT,1.12822,0.00000
1,75,1790875898324,SYNC,REMOVE,9081,SELL_LIMIT,L,10,EXT,1.12915,0.00000
1,75,1790875898324,ENGINE,PLACE,9083,SELL_LIMIT,L,10,EXT,1.12915,0.00000
1,75,1790876591850,DEAL,FILL,9079,BUY_LIMIT,S,2,EXT,1.12785,0.00000
1,76,1790876592195,ENGINE,PLACE,9084,BUY_LIMIT,S,1,EXT,1.12714,0.00000
1,76,1790876592482,ENGINE,REMOVE,9080,SELL_LIMIT,S,3,ENT,1.12955,0.00000
1,76,1790876592599,ENGINE,PLACE,9085,SELL_LIMIT,S,2,ENT,1.12884,0.00000
1,78,1790876625426,DEAL,PLACE,9086,SELL_LIMIT,L,11,EXT,1.12842,0.00000
1,78,1790876625713,DEAL,PLACE,9087,BUY_LIMIT,L,12,ENT,1.12672,0.00000
1,78,1790876626000,DEAL,FILL,9082,BUY_LIMIT,L,11,ENT,1.12745,0.00000
1,78,1790876626000,DEAL,REMOVE,9083,SELL_LIMIT,L,10,EXT,1.12915,0.00000
1,79,1790876625566,SYNC,REMOVE,9086,SELL_LIMIT,L,11,EXT,1.12842,0.00000
1,79,1790876626043,ENGINE,PLACE,9088,SELL_LIMIT,L,11,EXT,1.12842,0.00000
1,79,1790876643115,DEAL,FILL,9084,BUY_LIMIT,S,1,EXT,1.12714,0.00000
1,80,1790876643262,ENGINE,REMOVE,9085,SELL_LIMIT,S,2,ENT,1.12884,0.00000
1,80,1790876643459,ENGINE,PLACE,9089,SELL_LIMIT,S,1,ENT,1.12813,0.00000
1,82,1790876816347,DEAL,PLACE,9090,SELL_LIMIT,L,12,EXT,1.12772,0.00000
1,82,1790876816634,DEAL,FILL,9087,BUY_LIMIT,L,12,ENT,1.12672,0.00000
1,82,1790876816634,DEAL,REMOVE,9088,SELL_LIMIT,L,11,EXT,1.12842,0.00000
1,83,1790876816890,SYNC,REMOVE,9090,SELL_LIMIT,L,12,EXT,1.12772,0.00000
1,83,1790876816890,ENGINE,PLACE,9091,SELL_LIMIT,L,12,EXT,1.12772,0.00000
1,83,1790877064770,DEAL,FILL,9026,BUY_LIMIT,S,0,EXT,1.12643,0.00000
1,84,1790877065521,ENGINE,PLACE,9092,SELL_LIMIT,S,0,ENT,1.12714,0.00000
1,84,1790877065808,ENGINE,REMOVE,9089,SELL_LIMIT,S,1,ENT,1.12813,0.00000
1,86,1790877913638,LATTICE,MODIFY,9023,SELL_LIMIT,L,7,EXT,1.12702,1.13274
1,86,1790877913926,LATTICE,PLACE,9093,SELL_LIMIT,L,0,EXT,1.13212,0.00000
1,86,1790877914213,LATTICE,REMOVE,9091,SELL_LIMIT,L,12,EXT,1.12772,0.00000
1,87,1790877928111,ENGINE,MODIFY,9092,SELL_LIMIT,S,0,ENT,1.12644,1.12714
1,88,1790877964489,LATTICE,PLACE,9094,SELL_LIMIT,L,8,EXT,1.12632,0.00000
1,88,1790877964776,LATTICE,REMOVE,9023,SELL_LIMIT,L,7,EXT,1.12702,0.00000
1,88,1790879405342,ENGINE,MODIFY,9092,SELL_LIMIT,S,0,ENT,1.12571,1.12644
1,88,1790879435254,LATTICE,PLACE,9095,SELL_LIMIT,L,9,EXT,1.12562,0.00000
1,88,1790879435541,LATTICE,REMOVE,9094,SELL_LIMIT,L,8,EXT,1.12632,0.00000
1,89,1790879436257,LATTICE,PLACE,9096,SELL_LIMIT,L,10,EXT,1.12492,0.00000
1,89,1790879436544,LATTICE,REMOVE,9095,SELL_LIMIT,L,9,EXT,1.12562,0.00000
1,89,1790879436587,ENGINE,MODIFY,9092,SELL_LIMIT,S,0,ENT,1.12462,1.12571
1,91,1790879661027,LATTICE,PLACE,9097,SELL_LIMIT,L,11,EXT,1.12422,0.00000
1,91,1790879661314,LATTICE,REMOVE,9096,SELL_LIMIT,L,10,EXT,1.12492,0.00000
1,91,1790879661357,ENGINE,MODIFY,9092,SELL_LIMIT,S,0,ENT,1.12391,1.12462
1,91,1790879816092,DEAL,PLACE,9098,BUY_LIMIT,S,0,EXT,1.12293,0.00000
1,91,1790879816379,DEAL,FILL,9092,SELL_LIMIT,S,0,ENT,1.12391,0.00000
1,92,1790879816238,SYNC,REMOVE,9098,BUY_LIMIT,S,0,EXT,1.12293,0.00000
1,92,1790879816379,ENGINE,PLACE,9099,BUY_LIMIT,S,0,EXT,1.12293,0.00000
1,92,1790879856094,DEAL,FILL,9097,SELL_LIMIT,L,11,EXT,1.12422,0.00000
1,93,1790879856236,ENGINE,PLACE,9100,SELL_LIMIT,L,10,EXT,1.12492,0.00000
1,95,1790880685428,DEAL,FILL,9099,BUY_LIMIT,S,0,EXT,1.12293,0.00000
1,98,1790898652001,TIMER,MODIFY,9093,SELL_LIMIT,L,0,EXT,1.13237,1.13212
1,98,1790898772001,TIMER,MODIFY,9100,SELL_LIMIT,L,10,EXT,1.12500,1.12492
2,-1,1790900826000,SEED,PLACE,1979967856,SELL_LIMIT,L,0,EXT,1.13237,0.00000
2,-1,1790900826000,SEED,PLACE,1980106039,SELL_LIMIT,L,10,EXT,1.12500,0.00000
2,-1,1790900843955,ENGINE,PLACE,9000,SELL_LIMIT,S,0,ENT,1.12536,0.00000
2,-1,1790900862116,ENGINE,PLACE,9001,BUY_LIMIT,L,13,ENT,1.12322,0.00000
2,-1,1790902256543,ENGINE,MODIFY,9000,SELL_LIMIT,S,0,ENT,1.12459,1.12536
2,-1,1790909138795,DEAL,PLACE,9002,BUY_LIMIT,S,0,EXT,1.12358,0.00000
2,-1,1790909139082,DEAL,PLACE,9003,SELL_LIMIT,S,1,ENT,1.12528,0.00000
2,-1,1790909139369,DEAL,FILL,9000,SELL_LIMIT,S,0,ENT,1.12459,0.00000
2,0,1790909139131,SYNC,REMOVE,9002,BUY_LIMIT,S,0,EXT,1.12358,0.00000
2,0,1790909139369,ENGINE,PLACE,9004,BUY_LIMIT,S,0,EXT,1.12358,0.00000
2,0,1790912323373,DEAL,FILL,9004,BUY_LIMIT,S,0,EXT,1.12358,0.00000
2,1,1790912323913,ENGINE,PLACE,9005,SELL_LIMIT,S,0,ENT,1.12429,0.00000
2,1,1790912324200,ENGINE,REMOVE,9003,SELL_LIMIT,S,1,ENT,1.12528,0.00000
2,3,1790915684595,DEAL,PLACE,9006,SELL_LIMIT,L,13,EXT,1.12423,0.00000
2,3,1790915684882,DEAL,REMOVE,1980106039,SELL_LIMIT,L,10,EXT,1.12500,0.00000
2,3,1790915684925,DEAL,FILL,9001,BUY_LIMIT,L,13,ENT,1.12322,0.00000
2,4,1790915687155,SYNC,REMOVE,9006,SELL_LIMIT,L,13,EXT,1.12423,0.00000
2,4,1790915687155,ENGINE,PLACE,9007,SELL_LIMIT,L,13,EXT,1.12423,0.00000
2,4,1790917641851,DEAL,FILL,9007,SELL_LIMIT,L,13,EXT,1.12423,0.00000
2,5,1790917644394,ENGINE,PLACE,9008,SELL_LIMIT,L,10,EXT,1.12500,0.00000
2,5,1790917644681,ENGINE,PLACE,9009,BUY_LIMIT,L,13,ENT,1.12322,0.00000
2,8,1790919099207,ENGINE,PLACE,9010,BUY_LIMIT,S,0,EXT,1.12326,0.00000
2,8,1790919099494,ENGINE,PLACE,9011,SELL_LIMIT,S,1,ENT,1.12496,0.00000
2,8,1790919099781,ENGINE,REMOVE,9005,SELL_LIMIT,S,0,ENT,1.12429,0.00000
3,-1,1790920576002,SEED,PLACE,1979967856,SELL_LIMIT,L,0,EXT,1.13237,0.00000
3,-1,1790920576002,SEED,PLACE,1981329207,SELL_LIMIT,L,10,EXT,1.12500,0.00000
3,-1,1790920576002,SEED,PLACE,1981329218,BUY_LIMIT,L,13,ENT,1.12322,0.00000
3,-1,1790920576002,SEED,PLACE,1981380735,BUY_LIMIT,S,0,EXT,1.12326,0.00000
3,-1,1790920576002,SEED,PLACE,1981380745,SELL_LIMIT,S,1,ENT,1.12496,0.00000
3,-1,1790922489265,DEAL,PLACE,9000,BUY_LIMIT,S,1,EXT,1.12398,0.00000
3,-1,1790922489552,DEAL,PLACE,9001,SELL_LIMIT,S,2,ENT,1.12568,0.00000
3,-1,1790922489839,DEAL,FILL,1981380745,SELL_LIMIT,S,1,ENT,1.12496,0.00000
3,0,1790922489399,SYNC,REMOVE,9000,BUY_LIMIT,S,1,EXT,1.12398,0.00000
3,0,1790922489839,ENGINE,PLACE,9002,BUY_LIMIT,S,1,EXT,1.12398,0.00000
3,0,1790922492089,DEAL,FILL,1981329207,SELL_LIMIT,L,10,EXT,1.12500,0.00000
3,1,1790922492218,ENGINE,MODIFY,1981329218,BUY_LIMIT,L,13,ENT,1.12392,1.12322
3,1,1790922492506,ENGINE,PLACE,9003,SELL_LIMIT,L,9,EXT,1.12570,0.00000
3,3,1790932033051,DEAL,PLACE,9004,BUY_LIMIT,S,2,EXT,1.12469,0.00000
3,3,1790932033338,DEAL,PLACE,9005,SELL_LIMIT,S,3,ENT,1.12639,0.00000
3,3,1790932033625,DEAL,FILL,9001,SELL_LIMIT,S,2,ENT,1.12568,0.00000
3,3,1790932033625,DEAL,REMOVE,9002,BUY_LIMIT,S,1,EXT,1.12398,0.00000
3,4,1790932033990,SYNC,REMOVE,9004,BUY_LIMIT,S,2,EXT,1.12469,0.00000
3,4,1790932033990,ENGINE,PLACE,9006,BUY_LIMIT,S,2,EXT,1.12469,0.00000
3,4,1790932304476,DEAL,FILL,9003,SELL_LIMIT,L,9,EXT,1.12570,0.00000
3,5,1790932305029,ENGINE,MODIFY,1981329218,BUY_LIMIT,L,13,ENT,1.12462,1.12392
3,5,1790932305317,ENGINE,PLACE,9007,SELL_LIMIT,L,8,EXT,1.12640,0.00000
3,7,1790936075487,DEAL,PLACE,9008,BUY_LIMIT,S,3,EXT,1.12543,0.00000
3,7,1790936075774,DEAL,PLACE,9009,SELL_LIMIT,S,4,ENT,1.12713,0.00000
3,7,1790936076061,DEAL,FILL,9005,SELL_LIMIT,S,3,ENT,1.12639,0.00000
3,7,1790936076061,DEAL,REMOVE,9006,BUY_LIMIT,S,2,EXT,1.12469,0.00000
3,7,1790936076104,DEAL,FILL,9007,SELL_LIMIT,L,8,EXT,1.12640,0.00000
3,9,1790936075626,SYNC,REMOVE,9008,BUY_LIMIT,S,3,EXT,1.12543,0.00000
3,9,1790936076104,ENGINE,MODIFY,1981329218,BUY_LIMIT,L,13,ENT,1.12532,1.12462
3,9,1790936076392,ENGINE,PLACE,9010,SELL_LIMIT,L,7,EXT,1.12710,0.00000
3,9,1790936076679,ENGINE,PLACE,9011,BUY_LIMIT,S,3,EXT,1.12543,0.00000
3,11,1790940308652,DEAL,FILL,9011,BUY_LIMIT,S,3,EXT,1.12543,0.00000
3,12,1790940310802,ENGINE,PLACE,9012,BUY_LIMIT,S,2,EXT,1.12469,0.00000
3,12,1790940311089,ENGINE,REMOVE,9009,SELL_LIMIT,S,4,ENT,1.12713,0.00000
3,14,1790940312409,ENGINE,PLACE,9013,SELL_LIMIT,S,3,ENT,1.12639,0.00000
3,14,1790940669399,DEAL,PLACE,9014,SELL_LIMIT,L,13,EXT,1.12631,0.00000
3,14,1790940669686,DEAL,PLACE,9015,BUY_LIMIT,L,14,ENT,1.12461,0.00000
3,14,1790940669973,DEAL,FILL,1981329218,BUY_LIMIT,L,13,ENT,1.12532,0.00000
3,14,1790940669973,DEAL,REMOVE,9010,SELL_LIMIT,L,7,EXT,1.12710,0.00000
3,15,1790940669531,SYNC,REMOVE,9014,SELL_LIMIT,L,13,EXT,1.12631,0.00000
3,15,1790940670016,ENGINE,PLACE,9016,SELL_LIMIT,L,13,EXT,1.12631,0.00000
3,15,1790941591639,DEAL,FILL,9012,BUY_LIMIT,S,2,EXT,1.12469,0.00000
3,16,1790941591778,ENGINE,PLACE,9017,BUY_LIMIT,S,1,EXT,1.12398,0.00000
3,16,1790941592065,ENGINE,REMOVE,9013,SELL_LIMIT,S,3,ENT,1.12639,0.00000
3,18,1790941592188,ENGINE,PLACE,9018,SELL_LIMIT,S,2,ENT,1.12568,0.00000
3,18,1790941623225,DEAL,PLACE,9019,SELL_LIMIT,L,14,EXT,1.12561,0.00000
3,18,1790941623512,DEAL,PLACE,9020,BUY_LIMIT,L,15,ENT,1.12391,0.00000
3,18,1790941623799,DEAL,FILL,9015,BUY_LIMIT,L,14,ENT,1.12461,0.00000
3,18,1790941623799,DEAL,REMOVE,9016,SELL_LIMIT,L,13,EXT,1.12631,0.00000
3,19,1790941623765,SYNC,REMOVE,9019,SELL_LIMIT,L,14,EXT,1.12561,0.00000
3,19,1790941623842,ENGINE,PLACE,9021,SELL_LIMIT,L,14,EXT,1.12561,0.00000
3,19,1790946902437,DEAL,FILL,9017,BUY_LIMIT,S,1,EXT,1.12398,0.00000
3,20,1790946902586,ENGINE,REMOVE,9018,SELL_LIMIT,S,2,ENT,1.12568,0.00000
3,22,1790946903582,ENGINE,PLACE,9022,SELL_LIMIT,S,1,ENT,1.12496,0.00000
3,22,1790946929193,DEAL,PLACE,9023,SELL_LIMIT,L,15,EXT,1.12488,0.00000
3,22,1790946929480,DEAL,PLACE,9024,BUY_LIMIT,L,16,ENT,1.12318,0.00000
3,22,1790946929767,DEAL,FILL,9020,BUY_LIMIT,L,15,ENT,1.12391,0.00000
3,22,1790946929767,DEAL,REMOVE,9021,SELL_LIMIT,L,14,EXT,1.12561,0.00000
3,23,1790946929734,SYNC,REMOVE,9023,SELL_LIMIT,L,15,EXT,1.12488,0.00000
3,23,1790946929810,ENGINE,PLACE,9025,SELL_LIMIT,L,15,EXT,1.12488,0.00000
3,23,1790947243631,DEAL,FILL,1981380735,BUY_LIMIT,S,0,EXT,1.12326,0.00000
3,24,1790947243763,ENGINE,PLACE,9026,SELL_LIMIT,S,0,ENT,1.12392,0.00000
3,24,1790947244050,ENGINE,REMOVE,9022,SELL_LIMIT,S,1,ENT,1.12496,0.00000
3,26,1790947244165,ENGINE,MODIFY,9024,BUY_LIMIT,L,16,ENT,1.12317,1.12318
3,26,1790947244453,DEAL,PLACE,9027,SELL_LIMIT,L,16,EXT,1.12418,0.00000
3,26,1790947244740,DEAL,FILL,9024,BUY_LIMIT,L,16,ENT,1.12318,0.00000
3,26,1790947244740,DEAL,REMOVE,9025,SELL_LIMIT,L,15,EXT,1.12488,0.00000
3,27,1790947244572,SYNC,REMOVE,9027,SELL_LIMIT,L,16,EXT,1.12418,0.00000
3,27,1790947244783,ENGINE,PLACE,9028,SELL_LIMIT,L,16,EXT,1.12418,0.00000
3,28,1790947830232,ENGINE,PLACE,9029,BUY_LIMIT,S,0,EXT,1.12287,0.00000
3,28,1790947830519,ENGINE,PLACE,9030,SELL_LIMIT,S,1,ENT,1.12457,0.00000
3,28,1790947830806,ENGINE,REMOVE,9026,SELL_LIMIT,S,0,ENT,1.12392,0.00000
3,28,1790949812035,DEAL,FILL,9029,BUY_LIMIT,S,0,EXT,1.12287,0.00000
3,29,1790949812577,ENGINE,PLACE,9031,SELL_LIMIT,S,0,ENT,1.12355,0.00000
3,29,1790949812864,ENGINE,REMOVE,9030,SELL_LIMIT,S,1,ENT,1.12457,0.00000
3,31,1790950585967,DEAL,PLACE,9032,BUY_LIMIT,S,0,EXT,1.12257,0.00000
3,31,1790950586254,DEAL,PLACE,9033,SELL_LIMIT,S,1,ENT,1.12427,0.00000
3,31,1790950586541,DEAL,FILL,9031,SELL_LIMIT,S,0,ENT,1.12355,0.00000
3,32,1790950586510,SYNC,REMOVE,9032,BUY_LIMIT,S,0,EXT,1.12257,0.00000
3,32,1790950586541,ENGINE,PLACE,9034,BUY_LIMIT,S,0,EXT,1.12257,0.00000
3,32,1790951760216,DEAL,FILL,9028,SELL_LIMIT,L,16,EXT,1.12418,0.00000
3,33,1790951760355,ENGINE,PLACE,9035,SELL_LIMIT,L,15,EXT,1.12488,0.00000
3,33,1790951760642,ENGINE,PLACE,9036,BUY_LIMIT,L,16,ENT,1.12318,0.00000
3,35,1790952268628,DEAL,PLACE,9037,BUY_LIMIT,S,1,EXT,1.12327,0.00000
3,35,1790952268915,DEAL,PLACE,9038,SELL_LIMIT,S,2,ENT,1.12497,0.00000
3,35,1790952269202,DEAL,FILL,9033,SELL_LIMIT,S,1,ENT,1.12427,0.00000
3,36,1790952268775,SYNC,REMOVE,9037,BUY_LIMIT,S,1,EXT,1.12327,0.00000
3,36,1790952269202,ENGINE,PLACE,9039,BUY_LIMIT,S,1,EXT,1.12327,0.00000
3,36,1790952785414,DEAL,FILL,9039,BUY_LIMIT,S,1,EXT,1.12327,0.00000
3,37,1790952785550,ENGINE,REMOVE,9038,SELL_LIMIT,S,2,ENT,1.12497,0.00000
3,37,1790952785761,ENGINE,PLACE,9040,SELL_LIMIT,S,1,ENT,1.12427,0.00000
3,39,1790952797066,DEAL,PLACE,9041,SELL_LIMIT,L,16,EXT,1.12417,0.00000
3,39,1790952797353,DEAL,REMOVE,9035,SELL_LIMIT,L,15,EXT,1.12488,0.00000
3,39,1790952797396,DEAL,FILL,9036,BUY_LIMIT,L,16,ENT,1.12318,0.00000
3,40,1790952797204,SYNC,REMOVE,9041,SELL_LIMIT,L,16,EXT,1.12417,0.00000
3,40,1790952797396,ENGINE,PLACE,9042,SELL_LIMIT,L,16,EXT,1.12417,0.00000
3,40,1790953608019,DEAL,FILL,9034,BUY_LIMIT,S,0,EXT,1.12257,0.00000
3,41,1790953608149,ENGINE,PLACE,9043,SELL_LIMIT,S,0,ENT,1.12326,0.00000
3,41,1790953608436,ENGINE,REMOVE,9040,SELL_LIMIT,S,1,ENT,1.12427,0.00000
3,44,1790953711458,LATTICE,PLACE,9044,SELL_LIMIT,L,12,EXT,1.12355,0.00000
3,44,1790953711745,LATTICE,REMOVE,9042,SELL_LIMIT,L,16,EXT,1.12417,0.00000
3,44,1790954236546,ENGINE,MODIFY,9043,SELL_LIMIT,S,0,ENT,1.12283,1.12326
3,44,1790954738684,DEAL,PLACE,9045,BUY_LIMIT,S,0,EXT,1.12187,0.00000
3,44,1790954738971,DEAL,PLACE,9046,SELL_LIMIT,S,1,ENT,1.12357,0.00000
3,44,1790954739258,DEAL,FILL,9043,SELL_LIMIT,S,0,ENT,1.12283,0.00000
3,45,1790954739018,SYNC,REMOVE,9045,BUY_LIMIT,S,0,EXT,1.12187,0.00000
3,45,1790954739258,ENGINE,PLACE,9047,BUY_LIMIT,S,0,EXT,1.12187,0.00000
3,45,1790955002061,ENGINE,MODIFY,9046,SELL_LIMIT,S,1,ENT,1.12579,1.12357
3,45,1790955002349,DEAL,FILL,9044,SELL_LIMIT,L,12,EXT,1.12355,0.00000
3,45,1790955002349,DEAL,PLACE,9048,BUY_LIMIT,S,1,EXT,1.12473,0.00000
3,45,1790955002636,DEAL,PLACE,9049,SELL_LIMIT,S,2,ENT,1.12643,0.00000
3,45,1790955002923,DEAL,FILL,9046,SELL_LIMIT,S,1,ENT,1.12357,0.00000
3,45,1790955003760,CB_DONE,PLACE,9050,SELL_LIMIT,L,16,EXT,1.12575,0.00000
3,45,1790955004047,ENGINE,PLACE,9051,BUY_LIMIT,L,17,ENT,1.12247,0.00000
3,45,1790955005731,DEAL,FILL,9050,SELL_LIMIT,L,16,EXT,1.12575,0.00000
3,45,1790955006966,CB_DONE,PLACE,9052,SELL_LIMIT,L,15,EXT,1.12585,0.00000
3,45,1790955007253,ENGINE,REMOVE,9051,BUY_LIMIT,L,17,ENT,1.12247,0.00000
3,45,1790955007675,ENGINE,PLACE,9053,BUY_LIMIT,L,16,ENT,1.12318,0.00000
3,47,1790955010685,SYNC,REMOVE,9048,BUY_LIMIT,S,1,EXT,1.12473,0.00000
3,47,1790955010685,ENGINE,MODIFY,9049,SELL_LIMIT,S,2,ENT,1.12582,1.12643
3,47,1790955010973,ENGINE,PLACE,9054,SELL_LIMIT,L,16,EXT,1.12472,0.00000
3,47,1790955011260,ENGINE,PLACE,9055,BUY_LIMIT,S,1,EXT,1.12412,0.00000
3,47,1790955011547,ENGINE,REMOVE,9052,SELL_LIMIT,L,15,EXT,1.12585,0.00000
3,47,1790955011590,ENGINE,REMOVE,9053,BUY_LIMIT,L,16,ENT,1.12318,0.00000
3,47,1790955011890,ENGINE,PLACE,9056,BUY_LIMIT,L,17,ENT,1.12247,0.00000
3,47,1790955016361,DEAL,FILL,9055,BUY_LIMIT,S,1,EXT,1.12412,0.00000
3,47,1790955017705,ENGINE,REMOVE,9049,SELL_LIMIT,S,2,ENT,1.12582,0.00000
3,47,1790955018109,ENGINE,PLACE,9057,SELL_LIMIT,S,1,ENT,1.12418,0.00000
3,47,1790955018770,DEAL,PLACE,9058,BUY_LIMIT,S,1,EXT,1.12319,0.00000
3,47,1790955019057,DEAL,PLACE,9059,SELL_LIMIT,S,2,ENT,1.12489,0.00000
3,47,1790955019344,DEAL,FILL,9057,SELL_LIMIT,S,1,ENT,1.12418,0.00000
3,48,1790955023122,SYNC,REMOVE,9058,BUY_LIMIT,S,1,EXT,1.12319,0.00000
3,48,1790955023122,ENGINE,REMOVE,9059,SELL_LIMIT,S,2,ENT,1.12489,0.00000
3,48,1790955023925,ENGINE,PLACE,9060,SELL_LIMIT,S,1,ENT,1.12458,0.00000
3,50,1790955024528,ENGINE,MODIFY,9060,SELL_LIMIT,S,1,ENT,1.12452,1.12458
3,52,1790955025129,ENGINE,MODIFY,9060,SELL_LIMIT,S,1,ENT,1.12453,1.12452
3,52,1790955025991,DEAL,PLACE,9061,BUY_LIMIT,S,1,EXT,1.12377,0.00000
3,52,1790955026278,DEAL,PLACE,9062,SELL_LIMIT,S,2,ENT,1.12547,0.00000
3,52,1790955026565,DEAL,FILL,9060,SELL_LIMIT,S,1,ENT,1.12453,0.00000
3,52,1790955026565,DEAL,FILL,9054,SELL_LIMIT,L,16,EXT,1.12472,0.00000
3,52,1790955026859,CB_DONE,PLACE,9063,SELL_LIMIT,L,15,EXT,1.12488,0.00000
3,52,1790955027146,ENGINE,REMOVE,9056,BUY_LIMIT,L,17,ENT,1.12247,0.00000
3,53,1790955027339,SYNC,REMOVE,9061,BUY_LIMIT,S,1,EXT,1.12377,0.00000
3,53,1790955027339,ENGINE,PLACE,9064,BUY_LIMIT,L,16,ENT,1.12318,0.00000
3,53,1790955027626,ENGINE,REMOVE,9062,SELL_LIMIT,S,2,ENT,1.12547,0.00000
3,53,1790955027741,ENGINE,PLACE,9065,SELL_LIMIT,S,1,ENT,1.12476,0.00000
3,53,1790955028402,DEAL,PLACE,9066,BUY_LIMIT,S,1,EXT,1.12380,0.00000
3,53,1790955028689,DEAL,PLACE,9067,SELL_LIMIT,S,2,ENT,1.12550,0.00000
3,53,1790955028976,DEAL,FILL,9065,SELL_LIMIT,S,1,ENT,1.12476,0.00000
3,55,1790955029147,SYNC,REMOVE,9066,BUY_LIMIT,S,1,EXT,1.12380,0.00000
3,55,1790955029147,ENGINE,REMOVE,9067,SELL_LIMIT,S,2,ENT,1.12550,0.00000
3,55,1790955029350,ENGINE,PLACE,9068,SELL_LIMIT,S,1,ENT,1.12484,0.00000
3,56,1790955030756,ENGINE,PLACE,9069,BUY_LIMIT,S,1,EXT,1.12364,0.00000
3,56,1790955031043,ENGINE,REMOVE,9068,SELL_LIMIT,S,1,ENT,1.12484,0.00000
3,56,1790955031158,ENGINE,PLACE,9070,SELL_LIMIT,S,2,ENT,1.12534,0.00000
3,56,1790955072354,DEAL,FILL,9063,SELL_LIMIT,L,15,EXT,1.12488,0.00000
3,57,1790955072492,ENGINE,PLACE,9071,SELL_LIMIT,L,14,EXT,1.12561,0.00000
3,57,1790955072779,ENGINE,REMOVE,9064,BUY_LIMIT,L,16,ENT,1.12318,0.00000
3,57,1790955073094,ENGINE,PLACE,9072,BUY_LIMIT,L,15,ENT,1.12391,0.00000
3,59,1790955079176,DEAL,PLACE,9073,BUY_LIMIT,S,2,EXT,1.12437,0.00000
3,59,1790955079463,DEAL,PLACE,9074,SELL_LIMIT,S,3,ENT,1.12607,0.00000
3,59,1790955079750,DEAL,REMOVE,9069,BUY_LIMIT,S,1,EXT,1.12364,0.00000
3,59,1790955079793,DEAL,FILL,9070,SELL_LIMIT,S,2,ENT,1.12534,0.00000
3,60,1790955079517,SYNC,REMOVE,9073,BUY_LIMIT,S,2,EXT,1.12437,0.00000
3,60,1790955079793,ENGINE,PLACE,9075,BUY_LIMIT,S,2,EXT,1.12437,0.00000
3,60,1790955148637,DEAL,FILL,9071,SELL_LIMIT,L,14,EXT,1.12561,0.00000
3,61,1790955148776,ENGINE,PLACE,9076,SELL_LIMIT,L,13,EXT,1.12631,0.00000
3,61,1790955149063,ENGINE,REMOVE,9072,BUY_LIMIT,L,15,ENT,1.12391,0.00000
3,61,1790955149378,ENGINE,PLACE,9077,BUY_LIMIT,L,14,ENT,1.12461,0.00000
3,63,1790955212090,DEAL,PLACE,9078,SELL_LIMIT,L,14,EXT,1.12556,0.00000
3,63,1790955212377,DEAL,PLACE,9079,BUY_LIMIT,L,15,ENT,1.12386,0.00000
3,63,1790955212664,DEAL,REMOVE,9076,SELL_LIMIT,L,13,EXT,1.12631,0.00000
3,63,1790955212707,DEAL,FILL,9077,BUY_LIMIT,L,14,ENT,1.12461,0.00000
3,64,1790955212431,SYNC,REMOVE,9078,SELL_LIMIT,L,14,EXT,1.12556,0.00000
3,64,1790955212707,ENGINE,PLACE,9080,SELL_LIMIT,L,14,EXT,1.12556,0.00000
3,64,1790955215706,DEAL,FILL,9075,BUY_LIMIT,S,2,EXT,1.12437,0.00000
3,65,1790955215850,ENGINE,PLACE,9081,BUY_LIMIT,S,1,EXT,1.12364,0.00000
3,65,1790955216137,ENGINE,REMOVE,9074,SELL_LIMIT,S,3,ENT,1.12607,0.00000
3,65,1790955216251,ENGINE,PLACE,9082,SELL_LIMIT,S,2,ENT,1.12534,0.00000
3,67,1790955770242,DEAL,PLACE,9083,SELL_LIMIT,L,15,EXT,1.12484,0.00000
3,67,1790955770529,DEAL,PLACE,9084,BUY_LIMIT,L,16,ENT,1.12314,0.00000
3,67,1790955770816,DEAL,FILL,9079,BUY_LIMIT,L,15,ENT,1.12386,0.00000
3,67,1790955770816,DEAL,REMOVE,9080,SELL_LIMIT,L,14,EXT,1.12556,0.00000
3,68,1790955770982,SYNC,REMOVE,9083,SELL_LIMIT,L,15,EXT,1.12484,0.00000
3,68,1790955770982,ENGINE,PLACE,9085,SELL_LIMIT,L,15,EXT,1.12484,0.00000
3,68,1790956166589,DEAL,FILL,9085,SELL_LIMIT,L,15,EXT,1.12484,0.00000
3,69,1790956166932,ENGINE,PLACE,9086,SELL_LIMIT,L,14,EXT,1.12556,0.00000
3,69,1790956167219,ENGINE,REMOVE,9084,BUY_LIMIT,L,16,ENT,1.12314,0.00000
3,69,1790956167933,ENGINE,PLACE,9087,BUY_LIMIT,L,15,ENT,1.12386,0.00000
3,71,1790956241420,DEAL,PLACE,9088,BUY_LIMIT,S,2,EXT,1.12436,0.00000
3,71,1790956241707,DEAL,PLACE,9089,SELL_LIMIT,S,3,ENT,1.12606,0.00000
3,71,1790956241994,DEAL,REMOVE,9081,BUY_LIMIT,S,1,EXT,1.12364,0.00000
3,71,1790956242037,DEAL,FILL,9082,SELL_LIMIT,S,2,ENT,1.12534,0.00000
3,72,1790956241559,SYNC,REMOVE,9088,BUY_LIMIT,S,2,EXT,1.12436,0.00000
3,72,1790956242037,ENGINE,PLACE,9090,BUY_LIMIT,S,2,EXT,1.12436,0.00000
3,72,1790956456609,DEAL,FILL,9086,SELL_LIMIT,L,14,EXT,1.12556,0.00000
3,73,1790956456753,ENGINE,PLACE,9091,SELL_LIMIT,L,13,EXT,1.12631,0.00000
3,73,1790956457040,ENGINE,REMOVE,9087,BUY_LIMIT,L,15,ENT,1.12386,0.00000
3,73,1790956457153,ENGINE,PLACE,9092,BUY_LIMIT,L,14,ENT,1.12461,0.00000
3,75,1790956547652,DEAL,PLACE,9093,BUY_LIMIT,S,3,EXT,1.12505,0.00000
3,75,1790956547939,DEAL,PLACE,9094,SELL_LIMIT,S,4,ENT,1.12675,0.00000
3,75,1790956548226,DEAL,FILL,9089,SELL_LIMIT,S,3,ENT,1.12606,0.00000
3,75,1790956548226,DEAL,REMOVE,9090,BUY_LIMIT,S,2,EXT,1.12436,0.00000
3,76,1790956547796,SYNC,REMOVE,9093,BUY_LIMIT,S,3,EXT,1.12505,0.00000
3,76,1790956548269,ENGINE,PLACE,9095,BUY_LIMIT,S,3,EXT,1.12505,0.00000
3,76,1790956741785,DEAL,FILL,9091,SELL_LIMIT,L,13,EXT,1.12631,0.00000
3,77,1790956742328,ENGINE,PLACE,9096,SELL_LIMIT,L,7,EXT,1.12710,0.00000
3,77,1790956742615,ENGINE,REMOVE,9092,BUY_LIMIT,L,14,ENT,1.12461,0.00000
3,79,1790956743732,ENGINE,PLACE,9097,BUY_LIMIT,L,8,ENT,1.12532,0.00000
3,79,1790957242326,DEAL,PLACE,9098,SELL_LIMIT,L,8,EXT,1.12633,0.00000
3,79,1790957242613,DEAL,PLACE,9099,BUY_LIMIT,L,9,ENT,1.12463,0.00000
3,79,1790957242900,DEAL,REMOVE,9096,SELL_LIMIT,L,7,EXT,1.12710,0.00000
3,79,1790957242943,DEAL,FILL,9097,BUY_LIMIT,L,8,ENT,1.12532,0.00000
3,80,1790957242672,SYNC,REMOVE,9098,SELL_LIMIT,L,8,EXT,1.12633,0.00000
3,80,1790957242943,ENGINE,PLACE,9100,SELL_LIMIT,L,8,EXT,1.12633,0.00000
3,80,1790957381731,DEAL,FILL,9095,BUY_LIMIT,S,3,EXT,1.12505,0.00000
3,81,1790957383082,ENGINE,PLACE,9101,BUY_LIMIT,S,2,EXT,1.12436,0.00000
3,81,1790957383369,ENGINE,REMOVE,9094,SELL_LIMIT,S,4,ENT,1.12675,0.00000
3,83,1790957383688,ENGINE,PLACE,9102,SELL_LIMIT,S,3,ENT,1.12606,0.00000
3,83,1790957688769,DEAL,PLACE,9103,SELL_LIMIT,L,9,EXT,1.12563,0.00000
3,83,1790957689056,DEAL,PLACE,9104,BUY_LIMIT,L,10,ENT,1.12393,0.00000
3,83,1790957689343,DEAL,FILL,9099,BUY_LIMIT,L,9,ENT,1.12463,0.00000
3,83,1790957689343,DEAL,REMOVE,9100,SELL_LIMIT,L,8,EXT,1.12633,0.00000
3,84,1790957691326,SYNC,REMOVE,9103,SELL_LIMIT,L,9,EXT,1.12563,0.00000
3,84,1790957691326,ENGINE,PLACE,9105,SELL_LIMIT,L,9,EXT,1.12563,0.00000
3,84,1790958129495,DEAL,FILL,9101,BUY_LIMIT,S,2,EXT,1.12436,0.00000
3,85,1790958129835,ENGINE,PLACE,9106,BUY_LIMIT,S,1,EXT,1.12364,0.00000
3,85,1790958130122,ENGINE,REMOVE,9102,SELL_LIMIT,S,3,ENT,1.12606,0.00000
3,85,1790958130240,ENGINE,PLACE,9107,SELL_LIMIT,S,2,ENT,1.12534,0.00000
3,87,1790958562407,DEAL,PLACE,9108,BUY_LIMIT,S,2,EXT,1.12435,0.00000
3,87,1790958562694,DEAL,PLACE,9109,SELL_LIMIT,S,3,ENT,1.12605,0.00000
3,87,1790958562981,DEAL,REMOVE,9106,BUY_LIMIT,S,1,EXT,1.12364,0.00000
3,87,1790958563024,DEAL,FILL,9107,SELL_LIMIT,S,2,ENT,1.12534,0.00000
3,88,1790958562544,SYNC,REMOVE,9108,BUY_LIMIT,S,2,EXT,1.12435,0.00000
3,88,1790958563024,ENGINE,PLACE,9110,BUY_LIMIT,S,2,EXT,1.12435,0.00000
3,88,1790959508844,DEAL,FILL,9105,SELL_LIMIT,L,9,EXT,1.12563,0.00000
3,89,1790959508990,ENGINE,PLACE,9111,SELL_LIMIT,L,8,EXT,1.12633,0.00000
3,89,1790959509277,ENGINE,REMOVE,9104,BUY_LIMIT,L,10,ENT,1.12393,0.00000
3,91,1790959510597,ENGINE,PLACE,9112,BUY_LIMIT,L,9,ENT,1.12463,0.00000
3,91,1790959652690,DEAL,PLACE,9113,BUY_LIMIT,S,3,EXT,1.12506,0.00000
3,91,1790959652977,DEAL,PLACE,9114,SELL_LIMIT,S,4,ENT,1.12676,0.00000
3,91,1790959653264,DEAL,FILL,9109,SELL_LIMIT,S,3,ENT,1.12605,0.00000
3,91,1790959653264,DEAL,REMOVE,9110,BUY_LIMIT,S,2,EXT,1.12435,0.00000
3,92,1790959652831,SYNC,REMOVE,9113,BUY_LIMIT,S,3,EXT,1.12506,0.00000
3,92,1790959653307,ENGINE,PLACE,9115,BUY_LIMIT,S,3,EXT,1.12506,0.00000
3,92,1790959762583,DEAL,FILL,9111,SELL_LIMIT,L,8,EXT,1.12633,0.00000
3,93,1790959764731,ENGINE,PLACE,9116,SELL_LIMIT,L,7,EXT,1.12710,0.00000
3,93,1790959765018,ENGINE,REMOVE,9112,BUY_LIMIT,L,9,ENT,1.12463,0.00000
3,95,1790959765538,ENGINE,PLACE,9117,BUY_LIMIT,L,8,ENT,1.12532,0.00000
3,95,1790959839539,DEAL,PLACE,9118,BUY_LIMIT,S,4,EXT,1.12578,0.00000
3,95,1790959839826,DEAL,PLACE,9119,SELL_LIMIT,S,5,ENT,1.12748,0.00000
3,95,1790959840113,DEAL,FILL,9114,SELL_LIMIT,S,4,ENT,1.12676,0.00000
3,95,1790959840113,DEAL,REMOVE,9115,BUY_LIMIT,S,3,EXT,1.12506,0.00000
3,96,1790959839677,SYNC,REMOVE,9118,BUY_LIMIT,S,4,EXT,1.12578,0.00000
3,96,1790959840156,ENGINE,PLACE,9120,BUY_LIMIT,S,4,EXT,1.12578,0.00000
3,96,1790960263446,DEAL,FILL,9116,SELL_LIMIT,L,7,EXT,1.12710,0.00000
3,96,1790960263881,CB_DONE,PLACE,9121,SELL_LIMIT,L,1,EXT,1.13167,0.00000
3,96,1790960264168,ENGINE,REMOVE,9117,BUY_LIMIT,L,8,ENT,1.12532,0.00000
3,97,1790960264390,ENGINE,PLACE,9122,BUY_LIMIT,L,2,ENT,1.12707,0.00000
3,99,1790960264789,ENGINE,MODIFY,9122,BUY_LIMIT,L,2,ENT,1.12706,1.12707
3,99,1790960265254,DEAL,PLACE,9123,SELL_LIMIT,L,2,EXT,1.12803,0.00000
3,99,1790960265541,DEAL,PLACE,9124,BUY_LIMIT,L,3,ENT,1.12633,0.00000
3,99,1790960265828,DEAL,REMOVE,9121,SELL_LIMIT,L,1,EXT,1.13167,0.00000
3,99,1790960265871,DEAL,FILL,9122,BUY_LIMIT,L,2,ENT,1.12706,0.00000
3,100,1790960284042,SYNC,REMOVE,9123,SELL_LIMIT,L,2,EXT,1.12803,0.00000
3,100,1790960284042,ENGINE,MODIFY,9124,BUY_LIMIT,L,3,ENT,1.12676,1.12633
3,100,1790960284330,ENGINE,PLACE,9125,SELL_LIMIT,L,2,EXT,1.12846,0.00000
3,100,1790960345537,DEAL,PLACE,9126,BUY_LIMIT,S,5,EXT,1.12651,0.00000
3,100,1790960345824,DEAL,PLACE,9127,SELL_LIMIT,S,6,ENT,1.12821,0.00000
3,100,1790960346111,DEAL,FILL,9119,SELL_LIMIT,S,5,ENT,1.12748,0.00000
3,100,1790960346111,DEAL,REMOVE,9120,BUY_LIMIT,S,4,EXT,1.12578,0.00000
3,101,1790960346277,SYNC,REMOVE,9126,BUY_LIMIT,S,5,EXT,1.12651,0.00000
3,101,1790960346277,ENGINE,PLACE,9128,BUY_LIMIT,S,5,EXT,1.12651,0.00000
3,101,1790960701289,DEAL,PLACE,9129,BUY_LIMIT,S,6,EXT,1.12722,0.00000
3,101,1790960701576,DEAL,PLACE,9130,SELL_LIMIT,S,7,ENT,1.12892,0.00000
3,101,1790960701863,DEAL,FILL,9127,SELL_LIMIT,S,6,ENT,1.12821,0.00000
3,101,1790960701863,DEAL,REMOVE,9128,BUY_LIMIT,S,5,EXT,1.12651,0.00000
3,102,1790960701424,SYNC,REMOVE,9129,BUY_LIMIT,S,6,EXT,1.12722,0.00000
3,102,1790960701906,ENGINE,PLACE,9131,BUY_LIMIT,S,6,EXT,1.12722,0.00000
3,102,1790960947034,DEAL,FILL,9125,SELL_LIMIT,L,2,EXT,1.12846,0.00000
3,103,1790960947972,ENGINE,PLACE,9132,SELL_LIMIT,L,1,EXT,1.13167,0.00000
3,103,1790960948259,ENGINE,REMOVE,9124,BUY_LIMIT,L,3,ENT,1.12676,0.00000
3,103,1790960948573,ENGINE,PLACE,9133,BUY_LIMIT,L,2,ENT,1.12843,0.00000
3,105,1790960949581,ENGINE,MODIFY,9133,BUY_LIMIT,L,2,ENT,1.12849,1.12843
3,105,1790960950655,DEAL,PLACE,9134,SELL_LIMIT,L,2,EXT,1.12943,0.00000
3,105,1790960950942,DEAL,PLACE,9135,BUY_LIMIT,L,3,ENT,1.12773,0.00000
3,105,1790960951229,DEAL,REMOVE,9132,SELL_LIMIT,L,1,EXT,1.13167,0.00000
3,105,1790960951272,DEAL,FILL,9133,BUY_LIMIT,L,2,ENT,1.12849,0.00000
3,106,1790960950788,SYNC,REMOVE,9134,SELL_LIMIT,L,2,EXT,1.12943,0.00000
3,106,1790960951272,ENGINE,PLACE,9136,SELL_LIMIT,L,2,EXT,1.12943,0.00000
3,106,1790961106767,DEAL,PLACE,9137,SELL_LIMIT,L,3,EXT,1.12873,0.00000
3,106,1790961107054,DEAL,PLACE,9138,BUY_LIMIT,L,4,ENT,1.12703,0.00000
3,106,1790961107341,DEAL,FILL,9135,BUY_LIMIT,L,3,ENT,1.12773,0.00000
3,106,1790961107341,DEAL,REMOVE,9136,SELL_LIMIT,L,2,EXT,1.12943,0.00000
3,107,1790961106905,SYNC,REMOVE,9137,SELL_LIMIT,L,3,EXT,1.12873,0.00000
3,107,1790961107384,ENGINE,PLACE,9139,SELL_LIMIT,L,3,EXT,1.12873,0.00000
4,-1,1790961652001,SEED,PLACE,1979967856,SELL_LIMIT,L,0,EXT,1.13237,0.00000
4,-1,1790961652001,SEED,PLACE,1983449557,SELL_LIMIT,L,3,EXT,1.12873,0.00000
4,-1,1790961652001,SEED,PLACE,1983449572,BUY_LIMIT,L,4,ENT,1.12703,0.00000
4,-1,1790961652001,SEED,PLACE,1982764022,BUY_LIMIT,S,0,EXT,1.12187,0.00000
4,-1,1790961652001,SEED,PLACE,1983413278,BUY_LIMIT,S,6,EXT,1.12722,0.00000
4,-1,1790961652001,SEED,PLACE,1983413349,SELL_LIMIT,S,7,ENT,1.12892,0.00000
4,-1,1790963698169,DEAL,FILL,1983413278,BUY_LIMIT,S,6,EXT,1.12722,0.00000
4,0,1790963698310,ENGINE,PLACE,9000,BUY_LIMIT,S,5,EXT,1.12651,0.00000
4,0,1790963698597,ENGINE,REMOVE,1983413349,SELL_LIMIT,S,7,ENT,1.12892,0.00000
4,2,1790963698711,ENGINE,PLACE,9001,SELL_LIMIT,S,6,ENT,1.12821,0.00000
4,2,1790964258231,DEAL,PLACE,9002,SELL_LIMIT,L,4,EXT,1.12802,0.00000
4,2,1790964258518,DEAL,PLACE,9003,BUY_LIMIT,L,5,ENT,1.12632,0.00000
4,2,1790964258805,DEAL,REMOVE,1983449557,SELL_LIMIT,L,3,EXT,1.12873,0.00000
4,2,1790964258848,DEAL,FILL,1983449572,BUY_LIMIT,L,4,ENT,1.12703,0.00000
4,3,1790964259787,SYNC,REMOVE,9002,SELL_LIMIT,L,4,EXT,1.12802,0.00000
4,3,1790964259787,ENGINE,PLACE,9004,SELL_LIMIT,L,4,EXT,1.12802,0.00000
4,3,1790964651983,DEAL,FILL,9000,BUY_LIMIT,S,5,EXT,1.12651,0.00000
4,4,1790964652930,ENGINE,PLACE,9005,BUY_LIMIT,S,4,EXT,1.12578,0.00000
4,4,1790964653217,ENGINE,REMOVE,9001,SELL_LIMIT,S,6,ENT,1.12821,0.00000
4,6,1790964654339,ENGINE,PLACE,9006,SELL_LIMIT,S,5,ENT,1.12748,0.00000
4,6,1790964945240,DEAL,PLACE,9007,SELL_LIMIT,L,5,EXT,1.12732,0.00000
4,6,1790964945527,DEAL,PLACE,9008,BUY_LIMIT,L,6,ENT,1.12562,0.00000
4,6,1790964945814,DEAL,FILL,9003,BUY_LIMIT,L,5,ENT,1.12632,0.00000
4,6,1790964945814,DEAL,REMOVE,9004,SELL_LIMIT,L,4,EXT,1.12802,0.00000
4,7,1790964945382,SYNC,REMOVE,9007,SELL_LIMIT,L,5,EXT,1.12732,0.00000
4,7,1790964945857,ENGINE,PLACE,9009,SELL_LIMIT,L,5,EXT,1.12732,0.00000
4,7,1790965471664,DEAL,FILL,9005,BUY_LIMIT,S,4,EXT,1.12578,0.00000
4,8,1790965472811,ENGINE,PLACE,9010,BUY_LIMIT,S,3,EXT,1.12506,0.00000
4,8,1790965473098,ENGINE,REMOVE,9006,SELL_LIMIT,S,5,ENT,1.12748,0.00000
4,10,1790965474618,ENGINE,PLACE,9011,SELL_LIMIT,S,4,ENT,1.12676,0.00000
4,10,1790965492541,DEAL,PLACE,9012,SELL_LIMIT,L,6,EXT,1.12662,0.00000
4,10,1790965492828,DEAL,PLACE,9013,BUY_LIMIT,L,7,ENT,1.12492,0.00000
4,10,1790965493115,DEAL,FILL,9008,BUY_LIMIT,L,6,ENT,1.12562,0.00000
4,10,1790965493115,DEAL,REMOVE,9009,SELL_LIMIT,L,5,EXT,1.12732,0.00000
4,11,1790965493085,SYNC,REMOVE,9012,SELL_LIMIT,L,6,EXT,1.12662,0.00000
4,11,1790965493158,ENGINE,PLACE,9014,SELL_LIMIT,L,6,EXT,1.12662,0.00000
4,11,1790969155183,DEAL,FILL,9010,BUY_LIMIT,S,3,EXT,1.12506,0.00000
4,12,1790969155525,ENGINE,PLACE,9015,BUY_LIMIT,S,2,EXT,1.12435,0.00000
4,12,1790969155812,ENGINE,REMOVE,9011,SELL_LIMIT,S,4,ENT,1.12676,0.00000
4,14,1790969156122,ENGINE,PLACE,9016,SELL_LIMIT,S,3,ENT,1.12605,0.00000
4,14,1790970510820,DEAL,PLACE,9017,BUY_LIMIT,S,3,EXT,1.12509,0.00000
4,14,1790970511107,DEAL,PLACE,9018,SELL_LIMIT,S,4,ENT,1.12679,0.00000
4,14,1790970511394,DEAL,REMOVE,9015,BUY_LIMIT,S,2,EXT,1.12435,0.00000
4,14,1790970511437,DEAL,FILL,9016,SELL_LIMIT,S,3,ENT,1.12605,0.00000
4,15,1790970510963,SYNC,REMOVE,9017,BUY_LIMIT,S,3,EXT,1.12509,0.00000
4,15,1790970511437,ENGINE,PLACE,9019,BUY_LIMIT,S,3,EXT,1.12509,0.00000
4,15,1790976201287,DEAL,FILL,9019,BUY_LIMIT,S,3,EXT,1.12509,0.00000
4,16,1790976202434,ENGINE,PLACE,9020,BUY_LIMIT,S,2,EXT,1.12435,0.00000
4,16,1790976202721,ENGINE,REMOVE,9018,SELL_LIMIT,S,4,ENT,1.12679,0.00000
4,18,1790976203238,ENGINE,PLACE,9021,SELL_LIMIT,S,3,ENT,1.12605,0.00000
4,18,1790978098546,DEAL,PLACE,9022,SELL_LIMIT,L,7,EXT,1.12592,0.00000
4,18,1790978098833,DEAL,FILL,9013,BUY_LIMIT,L,7,ENT,1.12492,0.00000
4,18,1790978098833,DEAL,REMOVE,9014,SELL_LIMIT,L,6,EXT,1.12662,0.00000
4,19,1790978100097,SYNC,REMOVE,9022,SELL_LIMIT,L,7,EXT,1.12592,0.00000
4,19,1790978100097,ENGINE,PLACE,9023,SELL_LIMIT,L,7,EXT,1.12592,0.00000
4,19,1790979887701,DEAL,FILL,9023,SELL_LIMIT,L,7,EXT,1.12592,0.00000
4,20,1790979887848,ENGINE,PLACE,9024,SELL_LIMIT,L,6,EXT,1.12662,0.00000
4,20,1790979888135,ENGINE,PLACE,9025,BUY_LIMIT,L,7,ENT,1.12492,0.00000
4,22,1791164991985,DEAL,PLACE,9026,BUY_LIMIT,S,3,EXT,1.12505,0.00000
4,22,1791164992272,DEAL,PLACE,9027,SELL_LIMIT,S,4,ENT,1.12675,0.00000
4,22,1791164992559,DEAL,REMOVE,9020,BUY_LIMIT,S,2,EXT,1.12435,0.00000
4,22,1791164992602,DEAL,FILL,9021,SELL_LIMIT,S,3,ENT,1.12605,0.00000
4,23,1791164992524,SYNC,REMOVE,9026,BUY_LIMIT,S,3,EXT,1.12505,0.00000
4,23,1791164992602,ENGINE,PLACE,9028,BUY_LIMIT,S,3,EXT,1.12505,0.00000
4,23,1791169937617,DEAL,FILL,9028,BUY_LIMIT,S,3,EXT,1.12505,0.00000
4,24,1791169937955,ENGINE,PLACE,9029,BUY_LIMIT,S,2,EXT,1.12435,0.00000
4,24,1791169938242,ENGINE,REMOVE,9027,SELL_LIMIT,S,4,ENT,1.12675,0.00000
4,26,1791169938361,ENGINE,PLACE,9030,SELL_LIMIT,S,3,ENT,1.12605,0.00000
4,26,1791170006874,DEAL,PLACE,9031,SELL_LIMIT,L,7,EXT,1.12592,0.00000
4,26,1791170007161,DEAL,REMOVE,9024,SELL_LIMIT,L,6,EXT,1.12662,0.00000
4,26,1791170007204,DEAL,FILL,9025,BUY_LIMIT,L,7,ENT,1.12492,0.00000
4,27,1791170007213,SYNC,REMOVE,9031,SELL_LIMIT,L,7,EXT,1.12592,0.00000
4,27,1791170007213,ENGINE,PLACE,9032,SELL_LIMIT,L,7,EXT,1.12592,0.00000
4,27,1791171968619,DEAL,FILL,9029,BUY_LIMIT,S,2,EXT,1.12435,0.00000
4,28,1791171970161,ENGINE,PLACE,9033,BUY_LIMIT,S,1,EXT,1.12364,0.00000
4,28,1791171970448,ENGINE,REMOVE,9030,SELL_LIMIT,S,3,ENT,1.12605,0.00000
4,30,1791171970564,ENGINE,PLACE,9034,SELL_LIMIT,S,2,ENT,1.12534,0.00000
4,31,1791172290867,LATTICE,PLACE,9035,SELL_LIMIT,L,2,EXT,1.12522,0.00000
4,31,1791172291154,LATTICE,REMOVE,9032,SELL_LIMIT,L,7,EXT,1.12592,0.00000
4,31,1791173718602,DEAL,FILL,9033,BUY_LIMIT,S,1,EXT,1.12364,0.00000
4,32,1791173718744,ENGINE,REMOVE,9034,SELL_LIMIT,S,2,ENT,1.12534,0.00000
4,32,1791173718941,ENGINE,PLACE,9036,SELL_LIMIT,S,1,ENT,1.12363,0.00000
4,34,1791173719753,ENGINE,MODIFY,9036,SELL_LIMIT,S,1,ENT,1.12364,1.12363
4,34,1791173721015,DEAL,PLACE,9037,BUY_LIMIT,S,1,EXT,1.12265,0.00000
4,34,1791173721302,DEAL,PLACE,9038,SELL_LIMIT,S,2,ENT,1.12435,0.00000
4,34,1791173721589,DEAL,FILL,9036,SELL_LIMIT,S,1,ENT,1.12364,0.00000
4,35,1791173721763,SYNC,REMOVE,9037,BUY_LIMIT,S,1,EXT,1.12265,0.00000
4,35,1791173721763,ENGINE,PLACE,9039,BUY_LIMIT,S,1,EXT,1.12265,0.00000
4,36,1791174084826,LATTICE,PLACE,9040,SELL_LIMIT,L,3,EXT,1.12452,0.00000
4,36,1791174085113,LATTICE,REMOVE,9035,SELL_LIMIT,L,2,EXT,1.12522,0.00000
4,37,1791176898045,LATTICE,PLACE,9041,SELL_LIMIT,L,4,EXT,1.12382,0.00000
4,37,1791176898332,LATTICE,REMOVE,9040,SELL_LIMIT,L,3,EXT,1.12452,0.00000
4,37,1791177146908,DEAL,FILL,9039,BUY_LIMIT,S,1,EXT,1.12265,0.00000
4,38,1791177147046,ENGINE,REMOVE,9038,SELL_LIMIT,S,2,ENT,1.12435,0.00000
4,40,1791177149058,ENGINE,PLACE,9042,SELL_LIMIT,S,1,ENT,1.12357,0.00000
4,41,1791177439237,LATTICE,PLACE,9043,SELL_LIMIT,L,5,EXT,1.12312,0.00000
4,41,1791177439524,LATTICE,REMOVE,9041,SELL_LIMIT,L,4,EXT,1.12382,0.00000
4,41,1791177541623,DEAL,FILL,1982764022,BUY_LIMIT,S,0,EXT,1.12187,0.00000
4,42,1791177541762,ENGINE,PLACE,9044,SELL_LIMIT,S,0,ENT,1.12257,0.00000
4,42,1791177542049,ENGINE,REMOVE,9042,SELL_LIMIT,S,1,ENT,1.12357,0.00000
4,45,1791177556640,ENGINE,MODIFY,9044,SELL_LIMIT,S,0,ENT,1.12215,1.12257
4,45,1791177557053,LATTICE,PLACE,9045,SELL_LIMIT,L,6,EXT,1.12242,0.00000
4,45,1791177557340,LATTICE,REMOVE,9043,SELL_LIMIT,L,5,EXT,1.12312,0.00000
4,45,1791177664399,ENGINE,MODIFY,9044,SELL_LIMIT,S,0,ENT,1.12175,1.12215
4,46,1791178588481,LATTICE,PLACE,9046,SELL_LIMIT,L,7,EXT,1.12172,0.00000
4,46,1791178588768,LATTICE,REMOVE,9045,SELL_LIMIT,L,6,EXT,1.12242,0.00000
4,46,1791178870459,ENGINE,MODIFY,9044,SELL_LIMIT,S,0,ENT,1.12134,1.12175
4,46,1791179172468,ENGINE,MODIFY,9044,SELL_LIMIT,S,0,ENT,1.12094,1.12134
4,46,1791179348711,ENGINE,MODIFY,9044,SELL_LIMIT,S,0,ENT,1.12014,1.12094
4,46,1791179375721,ENGINE,MODIFY,9044,SELL_LIMIT,S,0,ENT,1.11945,1.12014
4,46,1791179453027,DEAL,PLACE,9047,BUY_LIMIT,S,0,EXT,1.11850,0.00000
4,46,1791179453314,DEAL,PLACE,9048,SELL_LIMIT,S,1,ENT,1.12020,0.00000
4,46,1791179453601,DEAL,FILL,9044,SELL_LIMIT,S,0,ENT,1.11945,0.00000
4,47,1791179453172,SYNC,REMOVE,9047,BUY_LIMIT,S,0,EXT,1.11850,0.00000
4,47,1791179453601,ENGINE,PLACE,9049,BUY_LIMIT,S,0,EXT,1.11850,0.00000
4,47,1791179685063,DEAL,FILL,9049,BUY_LIMIT,S,0,EXT,1.11850,0.00000
4,48,1791179685200,ENGINE,PLACE,9050,SELL_LIMIT,S,0,ENT,1.11922,0.00000
4,48,1791179685487,ENGINE,REMOVE,9048,SELL_LIMIT,S,1,ENT,1.12020,0.00000
4,50,1791179704503,ENGINE,MODIFY,9050,SELL_LIMIT,S,0,ENT,1.11874,1.11922
4,50,1791179731069,ENGINE,MODIFY,9050,SELL_LIMIT,S,0,ENT,1.11833,1.11874
4,50,1791179835334,ENGINE,MODIFY,9050,SELL_LIMIT,S,0,ENT,1.11787,1.11833
4,50,1791179847009,ENGINE,MODIFY,9050,SELL_LIMIT,S,0,ENT,1.11737,1.11787
4,50,1791179889575,DEAL,PLACE,9051,BUY_LIMIT,S,0,EXT,1.11649,0.00000
4,50,1791179889862,DEAL,PLACE,9052,SELL_LIMIT,S,1,ENT,1.11819,0.00000
4,50,1791179890149,DEAL,FILL,9050,SELL_LIMIT,S,0,ENT,1.11737,0.00000
4,51,1791179889710,SYNC,REMOVE,9051,BUY_LIMIT,S,0,EXT,1.11649,0.00000
4,51,1791179890149,ENGINE,PLACE,9053,BUY_LIMIT,S,0,EXT,1.11649,0.00000
4,51,1791180137856,DEAL,PLACE,9054,BUY_LIMIT,S,1,EXT,1.11717,0.00000
4,51,1791180138143,DEAL,PLACE,9055,SELL_LIMIT,S,2,ENT,1.11887,0.00000
4,51,1791180138430,DEAL,FILL,9052,SELL_LIMIT,S,1,ENT,1.11819,0.00000
4,52,1791180138807,SYNC,REMOVE,9054,BUY_LIMIT,S,1,EXT,1.11717,0.00000
4,52,1791180138807,ENGINE,PLACE,9056,BUY_LIMIT,S,1,EXT,1.11717,0.00000
4,52,1791180380115,DEAL,FILL,9056,BUY_LIMIT,S,1,EXT,1.11717,0.00000
4,53,1791180380255,ENGINE,REMOVE,9055,SELL_LIMIT,S,2,ENT,1.11887,0.00000
4,53,1791180380455,ENGINE,PLACE,9057,SELL_LIMIT,S,1,ENT,1.11819,0.00000
4,55,1791180431446,DEAL,FILL,9053,BUY_LIMIT,S,0,EXT,1.11649,0.00000
4,56,1791180431587,ENGINE,PLACE,9058,SELL_LIMIT,S,0,ENT,1.11711,0.00000
4,56,1791180431874,ENGINE,REMOVE,9057,SELL_LIMIT,S,1,ENT,1.11819,0.00000
4,58,1791180566871,DEAL,PLACE,9059,BUY_LIMIT,S,0,EXT,1.11613,0.00000
4,58,1791180567158,DEAL,PLACE,9060,SELL_LIMIT,S,1,ENT,1.11783,0.00000
4,58,1791180567445,DEAL,FILL,9058,SELL_LIMIT,S,0,ENT,1.11711,0.00000
4,59,1791180567218,SYNC,REMOVE,9059,BUY_LIMIT,S,0,EXT,1.11613,0.00000
4,59,1791180567445,ENGINE,PLACE,9061,BUY_LIMIT,S,0,EXT,1.11613,0.00000
4,59,1791180730981,DEAL,PLACE,9062,BUY_LIMIT,S,1,EXT,1.11683,0.00000
4,59,1791180731268,DEAL,PLACE,9063,SELL_LIMIT,S,2,ENT,1.11853,0.00000
4,59,1791180731555,DEAL,FILL,9060,SELL_LIMIT,S,1,ENT,1.11783,0.00000
4,60,1791180731118,SYNC,REMOVE,9062,BUY_LIMIT,S,1,EXT,1.11683,0.00000
4,60,1791180731555,ENGINE,PLACE,9064,BUY_LIMIT,S,1,EXT,1.11683,0.00000
4,60,1791181609406,DEAL,PLACE,9065,BUY_LIMIT,S,2,EXT,1.11752,0.00000
4,60,1791181609693,DEAL,PLACE,9066,SELL_LIMIT,S,3,ENT,1.11922,0.00000
4,60,1791181609980,DEAL,FILL,9063,SELL_LIMIT,S,2,ENT,1.11853,0.00000
4,60,1791181609980,DEAL,REMOVE,9064,BUY_LIMIT,S,1,EXT,1.11683,0.00000
4,61,1791181609539,SYNC,REMOVE,9065,BUY_LIMIT,S,2,EXT,1.11752,0.00000
4,61,1791181610023,ENGINE,PLACE,9067,BUY_LIMIT,S,2,EXT,1.11752,0.00000
4,61,1791182366608,DEAL,FILL,9067,BUY_LIMIT,S,2,EXT,1.11752,0.00000
4,62,1791182367151,ENGINE,PLACE,9068,BUY_LIMIT,S,1,EXT,1.11683,0.00000
4,62,1791182367438,ENGINE,REMOVE,9066,SELL_LIMIT,S,3,ENT,1.11922,0.00000
4,64,1791182367544,ENGINE,PLACE,9069,SELL_LIMIT,S,2,ENT,1.11853,0.00000
4,64,1791183130915,DEAL,FILL,9068,BUY_LIMIT,S,1,EXT,1.11683,0.00000
4,65,1791183131064,ENGINE,REMOVE,9069,SELL_LIMIT,S,2,ENT,1.11853,0.00000
4,67,1791183131444,ENGINE,PLACE,9070,SELL_LIMIT,S,1,ENT,1.11783,0.00000
4,67,1791183921945,DEAL,FILL,9061,BUY_LIMIT,S,0,EXT,1.11613,0.00000
4,68,1791183923688,ENGINE,PLACE,9071,SELL_LIMIT,S,0,ENT,1.11683,0.00000
4,68,1791183923975,ENGINE,REMOVE,9070,SELL_LIMIT,S,1,ENT,1.11783,0.00000
4,70,1791183998991,DEAL,PLACE,9072,BUY_LIMIT,S,0,EXT,1.11584,0.00000
4,70,1791183999278,DEAL,PLACE,9073,SELL_LIMIT,S,1,ENT,1.11754,0.00000
4,70,1791183999565,DEAL,FILL,9071,SELL_LIMIT,S,0,ENT,1.11683,0.00000
4,71,1791183999325,SYNC,REMOVE,9072,BUY_LIMIT,S,0,EXT,1.11584,0.00000
4,71,1791183999565,ENGINE,PLACE,9074,BUY_LIMIT,S,0,EXT,1.11584,0.00000
4,71,1791186098834,DEAL,PLACE,9075,BUY_LIMIT,S,1,EXT,1.11655,0.00000
4,71,1791186099121,DEAL,PLACE,9076,SELL_LIMIT,S,2,ENT,1.11825,0.00000
4,71,1791186099408,DEAL,FILL,9073,SELL_LIMIT,S,1,ENT,1.11754,0.00000
4,72,1791186099979,SYNC,REMOVE,9075,BUY_LIMIT,S,1,EXT,1.11655,0.00000
4,72,1791186099979,ENGINE,PLACE,9077,BUY_LIMIT,S,1,EXT,1.11655,0.00000
4,72,1791187188989,DEAL,PLACE,9078,BUY_LIMIT,S,2,EXT,1.11726,0.00000
4,72,1791187189276,DEAL,PLACE,9079,SELL_LIMIT,S,3,ENT,1.11896,0.00000
4,72,1791187189563,DEAL,FILL,9076,SELL_LIMIT,S,2,ENT,1.11825,0.00000
4,72,1791187189563,DEAL,REMOVE,9077,BUY_LIMIT,S,1,EXT,1.11655,0.00000
4,73,1791187189130,SYNC,REMOVE,9078,BUY_LIMIT,S,2,EXT,1.11726,0.00000
4,73,1791187189606,ENGINE,PLACE,9080,BUY_LIMIT,S,2,EXT,1.11726,0.00000
4,73,1791189972052,DEAL,PLACE,9081,BUY_LIMIT,S,3,EXT,1.11796,0.00000
4,73,1791189972339,DEAL,PLACE,9082,SELL_LIMIT,S,4,ENT,1.11966,0.00000
4,73,1791189972626,DEAL,FILL,9079,SELL_LIMIT,S,3,ENT,1.11896,0.00000
4,73,1791189972626,DEAL,REMOVE,9080,BUY_LIMIT,S,2,EXT,1.11726,0.00000
4,74,1791189972588,SYNC,REMOVE,9081,BUY_LIMIT,S,3,EXT,1.11796,0.00000
4,74,1791189972669,ENGINE,PLACE,9083,BUY_LIMIT,S,3,EXT,1.11796,0.00000
4,74,1791191194196,DEAL,PLACE,9084,BUY_LIMIT,S,4,EXT,1.11866,0.00000
4,74,1791191194483,DEAL,PLACE,9085,SELL_LIMIT,S,5,ENT,1.12036,0.00000
4,74,1791191194770,DEAL,FILL,9082,SELL_LIMIT,S,4,ENT,1.11966,0.00000
4,74,1791191194770,DEAL,REMOVE,9083,BUY_LIMIT,S,3,EXT,1.11796,0.00000
4,75,1791191195156,SYNC,REMOVE,9084,BUY_LIMIT,S,4,EXT,1.11866,0.00000
4,75,1791191195156,ENGINE,PLACE,9086,BUY_LIMIT,S,4,EXT,1.11866,0.00000
4,75,1791192511702,DEAL,FILL,9086,BUY_LIMIT,S,4,EXT,1.11866,0.00000
4,76,1791192511841,ENGINE,PLACE,9087,BUY_LIMIT,S,3,EXT,1.11796,0.00000
4,76,1791192512128,ENGINE,REMOVE,9085,SELL_LIMIT,S,5,ENT,1.12036,0.00000
4,78,1791192512844,ENGINE,PLACE,9088,SELL_LIMIT,S,4,ENT,1.11966,0.00000
4,78,1791192835077,DEAL,FILL,9087,BUY_LIMIT,S,3,EXT,1.11796,0.00000
4,79,1791192835823,ENGINE,PLACE,9089,BUY_LIMIT,S,2,EXT,1.11726,0.00000
4,79,1791192836110,ENGINE,REMOVE,9088,SELL_LIMIT,S,4,ENT,1.11966,0.00000
4,81,1791192836228,ENGINE,PLACE,9090,SELL_LIMIT,S,3,ENT,1.11896,0.00000
4,81,1791192923971,DEAL,FILL,9089,BUY_LIMIT,S,2,EXT,1.11726,0.00000
4,82,1791192924514,ENGINE,PLACE,9091,BUY_LIMIT,S,1,EXT,1.11655,0.00000
4,82,1791192924801,ENGINE,REMOVE,9090,SELL_LIMIT,S,3,ENT,1.11896,0.00000
4,84,1791192925128,ENGINE,PLACE,9092,SELL_LIMIT,S,2,ENT,1.11825,0.00000
4,84,1791193378006,DEAL,PLACE,9093,BUY_LIMIT,S,2,EXT,1.11724,0.00000
4,84,1791193378293,DEAL,PLACE,9094,SELL_LIMIT,S,3,ENT,1.11894,0.00000
4,84,1791193378580,DEAL,REMOVE,9091,BUY_LIMIT,S,1,EXT,1.11655,0.00000
4,84,1791193378623,DEAL,FILL,9092,SELL_LIMIT,S,2,ENT,1.11825,0.00000
4,85,1791193378147,SYNC,REMOVE,9093,BUY_LIMIT,S,2,EXT,1.11724,0.00000
4,85,1791193378623,ENGINE,PLACE,9095,BUY_LIMIT,S,2,EXT,1.11724,0.00000
4,85,1791194117752,DEAL,PLACE,9096,BUY_LIMIT,S,3,EXT,1.11794,0.00000
4,85,1791194118039,DEAL,PLACE,9097,SELL_LIMIT,S,4,ENT,1.11964,0.00000
4,85,1791194118326,DEAL,FILL,9094,SELL_LIMIT,S,3,ENT,1.11894,0.00000
4,85,1791194118326,DEAL,REMOVE,9095,BUY_LIMIT,S,2,EXT,1.11724,0.00000
4,86,1791194117889,SYNC,REMOVE,9096,BUY_LIMIT,S,3,EXT,1.11794,0.00000
4,86,1791194118369,ENGINE,PLACE,9098,BUY_LIMIT,S,3,EXT,1.11794,0.00000
4,86,1791196358909,DEAL,PLACE,9099,BUY_LIMIT,S,4,EXT,1.11864,0.00000
4,86,1791196359196,DEAL,PLACE,9100,SELL_LIMIT,S,5,ENT,1.12034,0.00000
4,86,1791196359483,DEAL,FILL,9097,SELL_LIMIT,S,4,ENT,1.11964,0.00000
4,86,1791196359483,DEAL,REMOVE,9098,BUY_LIMIT,S,3,EXT,1.11794,0.00000
4,87,1791196359049,SYNC,REMOVE,9099,BUY_LIMIT,S,4,EXT,1.11864,0.00000
4,87,1791196359526,ENGINE,PLACE,9101,BUY_LIMIT,S,4,EXT,1.11864,0.00000
4,87,1791196874602,DEAL,PLACE,9102,BUY_LIMIT,S,5,EXT,1.11937,0.00000
4,87,1791196874889,DEAL,PLACE,9103,SELL_LIMIT,S,6,ENT,1.12107,0.00000
4,87,1791196875176,DEAL,FILL,9100,SELL_LIMIT,S,5,ENT,1.12034,0.00000
4,87,1791196875176,DEAL,REMOVE,9101,BUY_LIMIT,S,4,EXT,1.11864,0.00000
4,88,1791196874746,SYNC,REMOVE,9102,BUY_LIMIT,S,5,EXT,1.11937,0.00000
4,88,1791196875219,ENGINE,PLACE,9104,BUY_LIMIT,S,5,EXT,1.11937,0.00000
4,88,1791200784945,DEAL,PLACE,9105,BUY_LIMIT,S,6,EXT,1.12007,0.00000
4,88,1791200785232,DEAL,PLACE,9106,SELL_LIMIT,S,7,ENT,1.12177,0.00000
4,88,1791200785519,DEAL,FILL,9103,SELL_LIMIT,S,6,ENT,1.12107,0.00000
4,88,1791200785519,DEAL,REMOVE,9104,BUY_LIMIT,S,5,EXT,1.11937,0.00000
4,89,1791200785486,SYNC,REMOVE,9105,BUY_LIMIT,S,6,EXT,1.12007,0.00000
4,89,1791200785562,ENGINE,PLACE,9107,BUY_LIMIT,S,6,EXT,1.12007,0.00000
4,89,1791202294091,DEAL,FILL,9046,SELL_LIMIT,L,7,EXT,1.12172,0.00000
4,90,1791202294834,ENGINE,PLACE,9108,SELL_LIMIT,L,6,EXT,1.12242,0.00000
4,90,1791202295121,ENGINE,PLACE,9109,BUY_LIMIT,L,7,ENT,1.12072,0.00000
4,92,1791202299531,DEAL,PLACE,9110,BUY_LIMIT,S,7,EXT,1.12074,0.00000
4,92,1791202299818,DEAL,FILL,9106,SELL_LIMIT,S,7,ENT,1.12177,0.00000
4,92,1791202299818,DEAL,REMOVE,9107,BUY_LIMIT,S,6,EXT,1.12007,0.00000
4,93,1791202299667,SYNC,REMOVE,9110,BUY_LIMIT,S,7,EXT,1.12074,0.00000
4,93,1791202299861,ENGINE,PLACE,9111,BUY_LIMIT,S,7,EXT,1.12074,0.00000
4,93,1791204295375,DEAL,FILL,9111,BUY_LIMIT,S,7,EXT,1.12074,0.00000
4,94,1791204296321,ENGINE,PLACE,9112,BUY_LIMIT,S,6,EXT,1.12007,0.00000
4,94,1791204296608,ENGINE,PLACE,9113,SELL_LIMIT,S,7,ENT,1.12177,0.00000
4,96,1791204301596,DEAL,PLACE,9114,SELL_LIMIT,L,7,EXT,1.12169,0.00000
4,96,1791204301883,DEAL,REMOVE,9108,SELL_LIMIT,L,6,EXT,1.12242,0.00000
4,96,1791204301926,DEAL,FILL,9109,BUY_LIMIT,L,7,ENT,1.12072,0.00000
4,97,1791204301733,SYNC,REMOVE,9114,SELL_LIMIT,L,7,EXT,1.12169,0.00000
4,97,1791204301926,ENGINE,PLACE,9115,SELL_LIMIT,L,7,EXT,1.12169,0.00000
4,97,1791208444523,DEAL,FILL,9112,BUY_LIMIT,S,6,EXT,1.12007,0.00000
4,98,1791208445886,ENGINE,PLACE,9116,BUY_LIMIT,S,5,EXT,1.11937,0.00000
4,98,1791208446173,ENGINE,REMOVE,9113,SELL_LIMIT,S,7,ENT,1.12177,0.00000
4,100,1791208447496,ENGINE,PLACE,9117,SELL_LIMIT,S,6,ENT,1.12107,0.00000
4,101,1791208481504,LATTICE,MODIFY,9115,SELL_LIMIT,L,7,EXT,1.12099,1.12169
4,101,1791210517759,DEAL,FILL,9115,SELL_LIMIT,L,7,EXT,1.12099,0.00000
4,102,1791210518102,ENGINE,MODIFY,9117,SELL_LIMIT,S,6,ENT,1.12109,1.12107
4,102,1791210518390,ENGINE,PLACE,9118,SELL_LIMIT,L,6,EXT,1.12242,0.00000
4,102,1791210518677,ENGINE,PLACE,9119,BUY_LIMIT,L,7,ENT,1.12072,0.00000
4,102,1791210518964,DEAL,PLACE,9120,BUY_LIMIT,S,6,EXT,1.12008,0.00000
4,102,1791210519251,DEAL,REMOVE,9116,BUY_LIMIT,S,5,EXT,1.11937,0.00000
4,102,1791210519294,DEAL,FILL,9117,SELL_LIMIT,S,6,ENT,1.12107,0.00000
4,105,1791210518501,SYNC,REMOVE,9120,BUY_LIMIT,S,6,EXT,1.12008,0.00000
4,105,1791210519294,ENGINE,PLACE,9121,BUY_LIMIT,S,6,EXT,1.12008,0.00000
4,105,1791210519581,ENGINE,PLACE,9122,SELL_LIMIT,S,7,ENT,1.12178,0.00000
4,105,1791211010921,DEAL,PLACE,9123,SELL_LIMIT,L,7,EXT,1.12171,0.00000
4,105,1791211011208,DEAL,REMOVE,9118,SELL_LIMIT,L,6,EXT,1.12242,0.00000
4,105,1791211011251,DEAL,FILL,9119,BUY_LIMIT,L,7,ENT,1.12072,0.00000
4,106,1791211012865,SYNC,REMOVE,9123,SELL_LIMIT,L,7,EXT,1.12171,0.00000
4,106,1791211012865,ENGINE,PLACE,9124,SELL_LIMIT,L,7,EXT,1.12171,0.00000
4,106,1791213743890,DEAL,FILL,9121,BUY_LIMIT,S,6,EXT,1.12008,0.00000
4,107,1791213744231,ENGINE,PLACE,9125,BUY_LIMIT,S,5,EXT,1.11937,0.00000
4,107,1791213744518,ENGINE,REMOVE,9122,SELL_LIMIT,S,7,ENT,1.12178,0.00000
4,109,1791213745236,ENGINE,PLACE,9126,SELL_LIMIT,S,6,ENT,1.12107,0.00000
4,110,1791213772567,LATTICE,MODIFY,9124,SELL_LIMIT,L,7,EXT,1.12101,1.12171
4,110,1791214197738,DEAL,FILL,9124,SELL_LIMIT,L,7,EXT,1.12101,0.00000
4,111,1791214200095,ENGINE,PLACE,9127,SELL_LIMIT,L,6,EXT,1.12242,0.00000
4,111,1791214200382,ENGINE,PLACE,9128,BUY_LIMIT,L,7,ENT,1.12072,0.00000
4,113,1791214200701,ENGINE,MODIFY,9126,SELL_LIMIT,S,6,ENT,1.12108,1.12107
4,113,1791214201965,DEAL,PLACE,9129,BUY_LIMIT,S,6,EXT,1.12009,0.00000
4,113,1791214202252,DEAL,PLACE,9130,SELL_LIMIT,S,7,ENT,1.12179,0.00000
4,113,1791214202539,DEAL,REMOVE,9125,BUY_LIMIT,S,5,EXT,1.11937,0.00000
4,113,1791214202582,DEAL,FILL,9126,SELL_LIMIT,S,6,ENT,1.12108,0.00000
4,114,1791214202109,SYNC,REMOVE,9129,BUY_LIMIT,S,6,EXT,1.12009,0.00000
4,114,1791214202582,ENGINE,PLACE,9131,BUY_LIMIT,S,6,EXT,1.12009,0.00000
4,114,1791214808297,DEAL,PLACE,9132,SELL_LIMIT,L,7,EXT,1.12171,0.00000
4,114,1791214808584,DEAL,REMOVE,9127,SELL_LIMIT,L,6,EXT,1.12242,0.00000
4,114,1791214808627,DEAL,FILL,9128,BUY_LIMIT,L,7,ENT,1.12072,0.00000
4,115,1791214808435,SYNC,REMOVE,9132,SELL_LIMIT,L,7,EXT,1.12171,0.00000
4,115,1791214808627,ENGINE,PLACE,9133,SELL_LIMIT,L,7,EXT,1.12171,0.00000
4,115,1791217701664,DEAL,FILL,9131,BUY_LIMIT,S,6,EXT,1.12009,0.00000
4,116,1791217701809,ENGINE,PLACE,9134,BUY_LIMIT,S,5,EXT,1.11937,0.00000
4,116,1791217702096,ENGINE,REMOVE,9130,SELL_LIMIT,S,7,ENT,1.12179,0.00000
4,118,1791217702215,ENGINE,PLACE,9135,SELL_LIMIT,S,6,ENT,1.12107,0.00000
4,119,1791217864500,LATTICE,MODIFY,9133,SELL_LIMIT,L,7,EXT,1.12101,1.12171
4,119,1791218176811,DEAL,FILL,9134,BUY_LIMIT,S,5,EXT,1.11937,0.00000
4,122,1791218177745,ENGINE,PLACE,9136,BUY_LIMIT,S,4,EXT,1.11864,0.00000
4,122,1791218178032,ENGINE,REMOVE,9135,SELL_LIMIT,S,6,ENT,1.12107,0.00000
4,122,1791218178345,ENGINE,PLACE,9137,SELL_LIMIT,S,5,ENT,1.12034,0.00000
4,122,1791222467788,DEAL,PLACE,9138,BUY_LIMIT,S,5,EXT,1.11936,0.00000
4,122,1791222468075,DEAL,PLACE,9139,SELL_LIMIT,S,6,ENT,1.12106,0.00000
4,122,1791222468362,DEAL,REMOVE,9136,BUY_LIMIT,S,4,EXT,1.11864,0.00000
4,122,1791222468405,DEAL,FILL,9137,SELL_LIMIT,S,5,ENT,1.12034,0.00000
4,123,1791222468128,SYNC,REMOVE,9138,BUY_LIMIT,S,5,EXT,1.11936,0.00000
4,123,1791222468405,ENGINE,PLACE,9140,BUY_LIMIT,S,5,EXT,1.11936,0.00000
4,123,1791223238876,DEAL,FILL,9133,SELL_LIMIT,L,7,EXT,1.12101,0.00000
4,124,1791223239428,ENGINE,PLACE,9141,SELL_LIMIT,L,6,EXT,1.12242,0.00000
4,124,1791223239715,ENGINE,PLACE,9142,BUY_LIMIT,L,7,ENT,1.12072,0.00000
4,126,1791223268813,DEAL,PLACE,9143,BUY_LIMIT,S,6,EXT,1.12006,0.00000
4,126,1791223269100,DEAL,PLACE,9144,SELL_LIMIT,S,7,ENT,1.12176,0.00000
4,126,1791223269387,DEAL,FILL,9139,SELL_LIMIT,S,6,ENT,1.12106,0.00000
4,126,1791223269387,DEAL,REMOVE,9140,BUY_LIMIT,S,5,EXT,1.11936,0.00000
4,127,1791223269957,SYNC,REMOVE,9143,BUY_LIMIT,S,6,EXT,1.12006,0.00000
4,127,1791223269957,ENGINE,PLACE,9145,BUY_LIMIT,S,6,EXT,1.12006,0.00000
4,127,1791227168650,DEAL,PLACE,9146,SELL_LIMIT,L,7,EXT,1.12170,0.00000
4,127,1791227168937,DEAL,REMOVE,9141,SELL_LIMIT,L,6,EXT,1.12242,0.00000
4,127,1791227168980,DEAL,FILL,9142,BUY_LIMIT,L,7,ENT,1.12072,0.00000
4,128,1791227168994,SYNC,REMOVE,9146,SELL_LIMIT,L,7,EXT,1.12170,0.00000
4,128,1791227168994,ENGINE,PLACE,9147,SELL_LIMIT,L,7,EXT,1.12170,0.00000
4,128,1791230703568,DEAL,FILL,9145,BUY_LIMIT,S,6,EXT,1.12006,0.00000
4,129,1791230703707,ENGINE,PLACE,9148,BUY_LIMIT,S,5,EXT,1.11936,0.00000
4,129,1791230703994,ENGINE,REMOVE,9144,SELL_LIMIT,S,7,ENT,1.12176,0.00000
4,131,1791230704105,ENGINE,PLACE,9149,SELL_LIMIT,S,6,ENT,1.12106,0.00000
4,132,1791230724399,LATTICE,MODIFY,9147,SELL_LIMIT,L,7,EXT,1.12100,1.12170
4,132,1791233856935,DEAL,FILL,9147,SELL_LIMIT,L,7,EXT,1.12100,0.00000
4,133,1791233857070,ENGINE,PLACE,9150,SELL_LIMIT,L,6,EXT,1.12242,0.00000
4,133,1791233857357,ENGINE,PLACE,9151,BUY_LIMIT,L,7,ENT,1.12072,0.00000
4,135,1791233997350,DEAL,PLACE,9152,BUY_LIMIT,S,6,EXT,1.12006,0.00000
4,135,1791233997637,DEAL,PLACE,9153,SELL_LIMIT,S,7,ENT,1.12176,0.00000
4,135,1791233997924,DEAL,REMOVE,9148,BUY_LIMIT,S,5,EXT,1.11936,0.00000
4,135,1791233997967,DEAL,FILL,9149,SELL_LIMIT,S,6,ENT,1.12106,0.00000
4,136,1791233999712,SYNC,REMOVE,9152,BUY_LIMIT,S,6,EXT,1.12006,0.00000
4,136,1791233999712,ENGINE,PLACE,9154,BUY_LIMIT,S,6,EXT,1.12006,0.00000
4,136,1791238759074,DEAL,PLACE,9155,BUY_LIMIT,S,7,EXT,1.12077,0.00000
4,136,1791238759361,DEAL,FILL,9153,SELL_LIMIT,S,7,ENT,1.12176,0.00000
4,136,1791238759361,DEAL,REMOVE,9154,BUY_LIMIT,S,6,EXT,1.12006,0.00000
4,137,1791238760625,SYNC,REMOVE,9155,BUY_LIMIT,S,7,EXT,1.12077,0.00000
4,137,1791238760625,ENGINE,PLACE,9156,BUY_LIMIT,S,7,EXT,1.12077,0.00000
4,137,1791244201582,DEAL,FILL,9150,SELL_LIMIT,L,6,EXT,1.12242,0.00000
4,138,1791244202328,ENGINE,PLACE,9157,SELL_LIMIT,L,5,EXT,1.12312,0.00000
4,138,1791244202615,ENGINE,REMOVE,9151,BUY_LIMIT,L,7,ENT,1.12072,0.00000
4,140,1791244203156,ENGINE,PLACE,9158,BUY_LIMIT,L,6,ENT,1.12142,0.00000
4,141,1791244209366,LATTICE,MODIFY,9074,BUY_LIMIT,S,0,EXT,1.12147,1.11584
4,141,1791244209654,LATTICE,PLACE,9159,BUY_LIMIT,S,1,EXT,1.11655,0.00000
4,141,1791244209941,LATTICE,REMOVE,9156,BUY_LIMIT,S,7,EXT,1.12077,0.00000
4,141,1791244252001,TIMER,MODIFY,1979967856,SELL_LIMIT,L,0,EXT,1.13253,1.13237
4,141,1791244372001,TIMER,MODIFY,9157,SELL_LIMIT,L,5,EXT,1.12328,1.12312
4,141,1791244432001,TIMER,MODIFY,9074,BUY_LIMIT,S,0,EXT,1.12148,1.12147
4,141,1791244432289,TIMER,MODIFY,9159,BUY_LIMIT,S,1,EXT,1.11656,1.11655
5,-1,1791252994001,SEED,PLACE,1979967856,SELL_LIMIT,L,0,EXT,1.13253,0.00000
5,-1,1791252994001,SEED,PLACE,1988240417,SELL_LIMIT,L,5,EXT,1.12328,0.00000
5,-1,1791252994001,SEED,PLACE,1988240492,BUY_LIMIT,L,6,ENT,1.12142,0.00000
5,-1,1791252994001,SEED,PLACE,1985808612,BUY_LIMIT,S,0,EXT,1.12148,0.00000
5,-1,1791252994001,SEED,PLACE,1988240941,BUY_LIMIT,S,1,EXT,1.11656,0.00000
6,-1,1791253193000,SEED,PLACE,1979967856,SELL_LIMIT,L,0,EXT,1.13253,0.00000
6,-1,1791253193000,SEED,PLACE,1988240417,SELL_LIMIT,L,5,EXT,1.12328,0.00000
6,-1,1791253193000,SEED,PLACE,1988240492,BUY_LIMIT,L,6,ENT,1.12142,0.00000
6,-1,1791253193000,SEED,PLACE,1985808612,BUY_LIMIT,S,0,EXT,1.12148,0.00000
6,-1,1791253193000,SEED,PLACE,1988240941,BUY_LIMIT,S,1,EXT,1.11656,0.00000
6,-1,1791255837811,DEAL,FILL,1985808612,BUY_LIMIT,S,0,EXT,1.12148,0.00000
6,0,1791255838759,ENGINE,PLACE,9000,BUY_LIMIT,S,7,EXT,1.12078,0.00000
6,0,1791255839046,ENGINE,PLACE,9001,SELL_LIMIT,S,8,ENT,1.12247,0.00000
6,2,1791255959116,DEAL,PLACE,9002,SELL_LIMIT,L,6,EXT,1.12243,0.00000
6,2,1791255959403,DEAL,PLACE,9003,BUY_LIMIT,L,7,ENT,1.12073,0.00000
6,2,1791255959690,DEAL,REMOVE,1988240417,SELL_LIMIT,L,5,EXT,1.12328,0.00000
6,2,1791255959733,DEAL,FILL,1988240492,BUY_LIMIT,L,6,ENT,1.12142,0.00000
6,3,1791255960056,SYNC,REMOVE,9002,SELL_LIMIT,L,6,EXT,1.12243,0.00000
6,3,1791255960056,ENGINE,PLACE,9004,SELL_LIMIT,L,6,EXT,1.12243,0.00000
6,3,1791259212872,DEAL,FILL,9004,SELL_LIMIT,L,6,EXT,1.12243,0.00000
6,4,1791259216045,ENGINE,PLACE,9005,SELL_LIMIT,L,5,EXT,1.12328,0.00000
6,4,1791259216332,ENGINE,REMOVE,9003,BUY_LIMIT,L,7,ENT,1.12073,0.00000
6,6,1791259216442,ENGINE,PLACE,9006,BUY_LIMIT,L,6,ENT,1.12142,0.00000
6,6,1791259222718,DEAL,PLACE,9007,BUY_LIMIT,S,8,EXT,1.12147,0.00000
6,6,1791259223005,DEAL,REMOVE,9000,BUY_LIMIT,S,7,EXT,1.12078,0.00000
6,6,1791259223048,DEAL,FILL,9001,SELL_LIMIT,S,8,ENT,1.12247,0.00000
6,7,1791259222879,SYNC,REMOVE,9007,BUY_LIMIT,S,8,EXT,1.12147,0.00000
6,7,1791259223048,ENGINE,PLACE,9008,BUY_LIMIT,S,8,EXT,1.12147,0.00000
6,7,1791263686798,DEAL,FILL,9008,BUY_LIMIT,S,8,EXT,1.12147,0.00000
6,8,1791263700039,ENGINE,PLACE,9009,BUY_LIMIT,S,7,EXT,1.12078,0.00000
6,8,1791263700326,ENGINE,PLACE,9010,SELL_LIMIT,S,8,ENT,1.12247,0.00000
6,10,1791263834655,DEAL,PLACE,9011,SELL_LIMIT,L,6,EXT,1.12241,0.00000
6,10,1791263834942,DEAL,PLACE,9012,BUY_LIMIT,L,7,ENT,1.12071,0.00000
6,10,1791263835229,DEAL,REMOVE,9005,SELL_LIMIT,L,5,EXT,1.12328,0.00000
6,10,1791263835272,DEAL,FILL,9006,BUY_LIMIT,L,6,ENT,1.12142,0.00000
6,11,1791263835591,SYNC,REMOVE,9011,SELL_LIMIT,L,6,EXT,1.12241,0.00000
6,11,1791263835591,ENGINE,PLACE,9013,SELL_LIMIT,L,6,EXT,1.12241,0.00000
7,-1,1791268423001,SEED,PLACE,1979967856,SELL_LIMIT,L,0,EXT,1.13253,0.00000
7,-1,1791268423001,SEED,PLACE,1988697118,SELL_LIMIT,L,6,EXT,1.12241,0.00000
7,-1,1791268423001,SEED,PLACE,1988697123,BUY_LIMIT,L,7,ENT,1.12071,0.00000
7,-1,1791268423001,SEED,PLACE,1988240941,BUY_LIMIT,S,1,EXT,1.11656,0.00000
7,-1,1791268423001,SEED,PLACE,1988692978,BUY_LIMIT,S,7,EXT,1.12078,0.00000
7,-1,1791268423001,SEED,PLACE,1988693327,SELL_LIMIT,S,8,ENT,1.12247,0.00000
7,-1,1791269033744,DEAL,FILL,1988697118,SELL_LIMIT,L,6,EXT,1.12241,0.00000
7,0,1791269033886,ENGINE,PLACE,9000,SELL_LIMIT,L,5,EXT,1.12328,0.00000
7,0,1791269034173,ENGINE,REMOVE,1988697123,BUY_LIMIT,L,7,ENT,1.12071,0.00000
7,2,1791269034483,ENGINE,PLACE,9001,BUY_LIMIT,L,6,ENT,1.12142,0.00000
7,2,1791269141530,DEAL,PLACE,9002,BUY_LIMIT,S,8,EXT,1.12147,0.00000
7,2,1791269141817,DEAL,REMOVE,1988692978,BUY_LIMIT,S,7,EXT,1.12078,0.00000
7,2,1791269141860,DEAL,FILL,1988693327,SELL_LIMIT,S,8,ENT,1.12247,0.00000
7,3,1791269142487,SYNC,REMOVE,9002,BUY_LIMIT,S,8,EXT,1.12147,0.00000
7,3,1791269142487,ENGINE,PLACE,9003,BUY_LIMIT,S,8,EXT,1.12147,0.00000
7,3,1791275237990,DEAL,FILL,9003,BUY_LIMIT,S,8,EXT,1.12147,0.00000
7,4,1791275239331,ENGINE,PLACE,9004,BUY_LIMIT,S,7,EXT,1.12078,0.00000
7,4,1791275239618,ENGINE,PLACE,9005,SELL_LIMIT,S,8,ENT,1.12247,0.00000
7,6,1791275248823,DEAL,PLACE,9006,SELL_LIMIT,L,6,EXT,1.12242,0.00000
7,6,1791275249110,DEAL,PLACE,9007,BUY_LIMIT,L,7,ENT,1.12072,0.00000
7,6,1791275249397,DEAL,REMOVE,9000,SELL_LIMIT,L,5,EXT,1.12328,0.00000
7,6,1791275249440,DEAL,FILL,9001,BUY_LIMIT,L,6,ENT,1.12142,0.00000
7,7,1791275248965,SYNC,REMOVE,9006,SELL_LIMIT,L,6,EXT,1.12242,0.00000
7,7,1791275249440,ENGINE,PLACE,9008,SELL_LIMIT,L,6,EXT,1.12242,0.00000
7,7,1791277545196,DEAL,FILL,9004,BUY_LIMIT,S,7,EXT,1.12078,0.00000
7,8,1791277545535,ENGINE,PLACE,9009,BUY_LIMIT,S,6,EXT,1.12007,0.00000
7,8,1791277545822,ENGINE,REMOVE,9005,SELL_LIMIT,S,8,ENT,1.12247,0.00000
7,10,1791277546140,ENGINE,PLACE,9010,SELL_LIMIT,S,7,ENT,1.12176,0.00000
7,10,1791277597316,DEAL,PLACE,9011,SELL_LIMIT,L,7,EXT,1.12169,0.00000
7,10,1791277597603,DEAL,FILL,9007,BUY_LIMIT,L,7,ENT,1.12072,0.00000
7,10,1791277597603,DEAL,REMOVE,9008,SELL_LIMIT,L,6,EXT,1.12242,0.00000
7,11,1791277597655,SYNC,REMOVE,9011,SELL_LIMIT,L,7,EXT,1.12169,0.00000
7,11,1791277597655,ENGINE,PLACE,9012,SELL_LIMIT,L,7,EXT,1.12169,0.00000
7,11,1791281707371,DEAL,FILL,9012,SELL_LIMIT,L,7,EXT,1.12169,0.00000
7,12,1791281707515,ENGINE,PLACE,9013,SELL_LIMIT,L,6,EXT,1.12242,0.00000
7,12,1791281707802,ENGINE,PLACE,9014,BUY_LIMIT,L,7,ENT,1.12072,0.00000
7,14,1791281714834,DEAL,PLACE,9015,BUY_LIMIT,S,7,EXT,1.12076,0.00000
7,14,1791281715121,DEAL,PLACE,9016,SELL_LIMIT,S,8,ENT,1.12246,0.00000
7,14,1791281715408,DEAL,REMOVE,9009,BUY_LIMIT,S,6,EXT,1.12007,0.00000
7,14,1791281715451,DEAL,FILL,9010,SELL_LIMIT,S,7,ENT,1.12176,0.00000
7,15,1791281715377,SYNC,REMOVE,9015,BUY_LIMIT,S,7,EXT,1.12076,0.00000
7,15,1791281715451,ENGINE,PLACE,9017,BUY_LIMIT,S,7,EXT,1.12076,0.00000
7,15,1791282942497,DEAL,FILL,9013,SELL_LIMIT,L,6,EXT,1.12242,0.00000
7,16,1791282942642,ENGINE,PLACE,9018,SELL_LIMIT,L,5,EXT,1.12328,0.00000
7,16,1791282942929,ENGINE,REMOVE,9014,BUY_LIMIT,L,7,ENT,1.12072,0.00000
7,18,1791282943050,ENGINE,PLACE,9019,BUY_LIMIT,L,6,ENT,1.12142,0.00000
7,18,1791282975094,DEAL,PLACE,9020,BUY_LIMIT,S,8,EXT,1.12146,0.00000
7,18,1791282975381,DEAL,FILL,9016,SELL_LIMIT,S,8,ENT,1.12246,0.00000
7,18,1791282975381,DEAL,REMOVE,9017,BUY_LIMIT,S,7,EXT,1.12076,0.00000
7,19,1791282975643,SYNC,REMOVE,9020,BUY_LIMIT,S,8,EXT,1.12146,0.00000
7,19,1791282975643,ENGINE,PLACE,9021,BUY_LIMIT,S,8,EXT,1.12146,0.00000
7,20,1791283853206,LATTICE,MODIFY,1988240941,BUY_LIMIT,S,1,EXT,1.12217,1.11656
7,20,1791283853494,LATTICE,PLACE,9022,BUY_LIMIT,S,2,EXT,1.11725,0.00000
7,20,1791283853781,LATTICE,REMOVE,9021,BUY_LIMIT,S,8,EXT,1.12146,0.00000
7,20,1791283999496,DEAL,FILL,9018,SELL_LIMIT,L,5,EXT,1.12328,0.00000
7,21,1791284001445,ENGINE,PLACE,9023,SELL_LIMIT,L,4,EXT,1.12398,0.00000
7,21,1791284001732,ENGINE,REMOVE,9019,BUY_LIMIT,L,6,ENT,1.12142,0.00000
7,23,1791284002056,ENGINE,PLACE,9024,BUY_LIMIT,L,5,ENT,1.12212,0.00000
7,24,1791284256160,LATTICE,MODIFY,9022,BUY_LIMIT,S,2,EXT,1.12287,1.11725
7,24,1791284256448,LATTICE,PLACE,9025,BUY_LIMIT,S,3,EXT,1.11795,0.00000
7,24,1791284256735,LATTICE,REMOVE,1988240941,BUY_LIMIT,S,1,EXT,1.12217,0.00000
7,24,1791284271123,DEAL,FILL,9023,SELL_LIMIT,L,4,EXT,1.12398,0.00000
7,25,1791284271680,ENGINE,PLACE,9026,SELL_LIMIT,L,3,EXT,1.12468,0.00000
7,25,1791284271967,ENGINE,REMOVE,9024,BUY_LIMIT,L,5,ENT,1.12212,0.00000
7,27,1791284272092,ENGINE,PLACE,9027,BUY_LIMIT,L,4,ENT,1.12282,0.00000
7,27,1791284913107,DEAL,FILL,9022,BUY_LIMIT,S,2,EXT,1.12287,0.00000
7,28,1791284913457,ENGINE,PLACE,9028,BUY_LIMIT,S,1,EXT,1.12217,0.00000
7,28,1791284913744,ENGINE,PLACE,9029,SELL_LIMIT,S,9,ENT,1.12386,0.00000
7,30,1791285372782,DEAL,PLACE,9030,SELL_LIMIT,L,4,EXT,1.12382,0.00000
7,30,1791285373069,DEAL,PLACE,9031,BUY_LIMIT,L,5,ENT,1.12212,0.00000
7,30,1791285373356,DEAL,REMOVE,9026,SELL_LIMIT,L,3,EXT,1.12468,0.00000
7,30,1791285373399,DEAL,FILL,9027,BUY_LIMIT,L,4,ENT,1.12282,0.00000
7,31,1791285373134,SYNC,REMOVE,9030,SELL_LIMIT,L,4,EXT,1.12382,0.00000
7,31,1791285373399,ENGINE,PLACE,9032,SELL_LIMIT,L,4,EXT,1.12382,0.00000
7,31,1791286623033,DEAL,FILL,9032,SELL_LIMIT,L,4,EXT,1.12382,0.00000
7,32,1791286623988,ENGINE,MODIFY,9029,SELL_LIMIT,S,9,ENT,1.12387,1.12386
7,32,1791286624276,ENGINE,PLACE,9033,SELL_LIMIT,L,3,EXT,1.12468,0.00000
7,32,1791286624563,ENGINE,REMOVE,9031,BUY_LIMIT,L,5,ENT,1.12212,0.00000
7,32,1791286624606,DEAL,PLACE,9034,BUY_LIMIT,S,9,EXT,1.12286,0.00000
7,32,1791286624893,DEAL,REMOVE,9028,BUY_LIMIT,S,1,EXT,1.12217,0.00000
7,32,1791286624936,DEAL,FILL,9029,SELL_LIMIT,S,9,ENT,1.12386,0.00000
7,35,1791286624975,SYNC,REMOVE,9034,BUY_LIMIT,S,9,EXT,1.12286,0.00000
7,35,1791286624975,ENGINE,PLACE,9035,BUY_LIMIT,S,9,EXT,1.12286,0.00000
7,35,1791286625262,ENGINE,PLACE,9036,BUY_LIMIT,L,4,ENT,1.12282,0.00000
7,36,1791286877951,LATTICE,MODIFY,9025,BUY_LIMIT,S,3,EXT,1.12357,1.11795
7,36,1791286878239,LATTICE,PLACE,9037,BUY_LIMIT,S,4,EXT,1.11865,0.00000
7,36,1791286878526,LATTICE,REMOVE,9035,BUY_LIMIT,S,9,EXT,1.12286,0.00000
7,36,1791286992742,DEAL,FILL,9033,SELL_LIMIT,L,3,EXT,1.12468,0.00000
7,37,1791286993895,ENGINE,PLACE,9038,SELL_LIMIT,L,2,EXT,1.12538,0.00000
7,37,1791286994182,ENGINE,REMOVE,9036,BUY_LIMIT,L,4,ENT,1.12282,0.00000
7,39,1791286994294,ENGINE,PLACE,9039,BUY_LIMIT,L,3,ENT,1.12352,0.00000
7,39,1791288851668,DEAL,FILL,9025,BUY_LIMIT,S,3,EXT,1.12357,0.00000
7,40,1791288852617,ENGINE,PLACE,9040,BUY_LIMIT,S,9,EXT,1.12286,0.00000
7,40,1791288852904,ENGINE,PLACE,9041,SELL_LIMIT,S,10,ENT,1.12456,0.00000
7,42,1791289255989,DEAL,PLACE,9042,SELL_LIMIT,L,3,EXT,1.12447,0.00000
7,42,1791289256276,DEAL,PLACE,9043,BUY_LIMIT,L,4,ENT,1.12277,0.00000
7,42,1791289256563,DEAL,REMOVE,9038,SELL_LIMIT,L,2,EXT,1.12538,0.00000
7,42,1791289256606,DEAL,FILL,9039,BUY_LIMIT,L,3,ENT,1.12352,0.00000
7,43,1791289256526,SYNC,REMOVE,9042,SELL_LIMIT,L,3,EXT,1.12447,0.00000
7,43,1791289256606,ENGINE,PLACE,9044,SELL_LIMIT,L,3,EXT,1.12447,0.00000
7,43,1791290041865,DEAL,FILL,9044,SELL_LIMIT,L,3,EXT,1.12447,0.00000
7,44,1791290042410,ENGINE,PLACE,9045,SELL_LIMIT,L,2,EXT,1.12538,0.00000
7,44,1791290042697,ENGINE,REMOVE,9043,BUY_LIMIT,L,4,ENT,1.12277,0.00000
7,46,1791290043219,ENGINE,PLACE,9046,BUY_LIMIT,L,3,ENT,1.12352,0.00000
7,46,1791290066008,DEAL,PLACE,9047,BUY_LIMIT,S,10,EXT,1.12359,0.00000
7,46,1791290066295,DEAL,REMOVE,9040,BUY_LIMIT,S,9,EXT,1.12286,0.00000
7,46,1791290066338,DEAL,FILL,9041,SELL_LIMIT,S,10,ENT,1.12456,0.00000
7,47,1791290066153,SYNC,REMOVE,9047,BUY_LIMIT,S,10,EXT,1.12359,0.00000
7,47,1791290066338,ENGINE,PLACE,9048,BUY_LIMIT,S,10,EXT,1.12359,0.00000
7,48,1791296131224,LATTICE,MODIFY,9037,BUY_LIMIT,S,4,EXT,1.12430,1.11865
7,48,1791296131512,LATTICE,PLACE,9049,BUY_LIMIT,S,5,EXT,1.11937,0.00000
7,48,1791296131799,LATTICE,REMOVE,9048,BUY_LIMIT,S,10,EXT,1.12359,0.00000
7,48,1791296133110,DEAL,FILL,9045,SELL_LIMIT,L,2,EXT,1.12538,0.00000
7,49,1791296133251,ENGINE,PLACE,9050,SELL_LIMIT,L,1,EXT,1.13183,0.00000
7,49,1791296133538,ENGINE,REMOVE,9046,BUY_LIMIT,L,3,ENT,1.12352,0.00000
7,51,1791296133660,ENGINE,PLACE,9051,BUY_LIMIT,L,2,ENT,1.12532,0.00000
7,51,1791296148176,DEAL,PLACE,9052,SELL_LIMIT,L,2,EXT,1.12632,0.00000
7,51,1791296148463,DEAL,PLACE,9053,BUY_LIMIT,L,3,ENT,1.12462,0.00000
7,51,1791296148750,DEAL,REMOVE,9050,SELL_LIMIT,L,1,EXT,1.13183,0.00000
7,51,1791296148793,DEAL,FILL,9051,BUY_LIMIT,L,2,ENT,1.12532,0.00000
7,52,1791296148317,SYNC,REMOVE,9052,SELL_LIMIT,L,2,EXT,1.12632,0.00000
7,52,1791296148793,ENGINE,PLACE,9054,SELL_LIMIT,L,2,EXT,1.12632,0.00000
7,53,1791296731783,LATTICE,MODIFY,9049,BUY_LIMIT,S,5,EXT,1.12500,1.11937
7,53,1791296732071,LATTICE,PLACE,9055,BUY_LIMIT,S,6,EXT,1.12007,0.00000
7,53,1791296732358,LATTICE,REMOVE,9037,BUY_LIMIT,S,4,EXT,1.12430,0.00000
7,53,1791296737539,DEAL,FILL,9054,SELL_LIMIT,L,2,EXT,1.12632,0.00000
7,54,1791296737682,ENGINE,PLACE,9056,SELL_LIMIT,L,1,EXT,1.13183,0.00000
7,54,1791296737969,ENGINE,REMOVE,9053,BUY_LIMIT,L,3,ENT,1.12462,0.00000
7,56,1791296738284,ENGINE,PLACE,9057,BUY_LIMIT,L,2,ENT,1.12627,0.00000
7,56,1791296739150,DEAL,PLACE,9058,SELL_LIMIT,L,2,EXT,1.12724,0.00000
7,56,1791296739437,DEAL,PLACE,9059,BUY_LIMIT,L,3,ENT,1.12554,0.00000
7,56,1791296739724,DEAL,REMOVE,9056,SELL_LIMIT,L,1,EXT,1.13183,0.00000
7,56,1791296739767,DEAL,FILL,9057,BUY_LIMIT,L,2,ENT,1.12627,0.00000
7,57,1791296767707,SYNC,REMOVE,9058,SELL_LIMIT,L,2,EXT,1.12724,0.00000
7,57,1791296767707,ENGINE,MODIFY,9059,BUY_LIMIT,L,3,ENT,1.12576,1.12554
7,57,1791296767995,ENGINE,PLACE,9060,SELL_LIMIT,L,2,EXT,1.12746,0.00000
7,58,1791297649831,LATTICE,MODIFY,9055,BUY_LIMIT,S,6,EXT,1.12570,1.12007
7,58,1791297650119,LATTICE,PLACE,9061,BUY_LIMIT,S,7,EXT,1.12076,0.00000
7,58,1791297650406,LATTICE,REMOVE,9049,BUY_LIMIT,S,5,EXT,1.12500,0.00000
7,59,1791298994203,LATTICE,MODIFY,9061,BUY_LIMIT,S,7,EXT,1.12639,1.12076
7,59,1791298994491,LATTICE,PLACE,9062,BUY_LIMIT,S,8,EXT,1.12146,0.00000
7,59,1791298994778,LATTICE,REMOVE,9055,BUY_LIMIT,S,6,EXT,1.12570,0.00000
7,59,1791299001104,DEAL,FILL,9060,SELL_LIMIT,L,2,EXT,1.12746,0.00000
7,60,1791299002048,ENGINE,PLACE,9063,SELL_LIMIT,L,1,EXT,1.13183,0.00000
7,60,1791299002335,ENGINE,REMOVE,9059,BUY_LIMIT,L,3,ENT,1.12576,0.00000
7,62,1791299002458,ENGINE,PLACE,9064,BUY_LIMIT,L,2,ENT,1.12745,0.00000
7,63,1791299004069,ENGINE,PLACE,9065,SELL_LIMIT,L,2,EXT,1.12846,0.00000
7,63,1791299004356,ENGINE,REMOVE,9063,SELL_LIMIT,L,1,EXT,1.13183,0.00000
7,63,1791299004399,ENGINE,REMOVE,9064,BUY_LIMIT,L,2,ENT,1.12745,0.00000
7,63,1791299004663,ENGINE,PLACE,9066,BUY_LIMIT,L,3,ENT,1.12676,0.00000
7,63,1791299190021,DEAL,PLACE,9067,SELL_LIMIT,L,3,EXT,1.12776,0.00000
7,63,1791299190308,DEAL,PLACE,9068,BUY_LIMIT,L,4,ENT,1.12606,0.00000
7,63,1791299190595,DEAL,REMOVE,9065,SELL_LIMIT,L,2,EXT,1.12846,0.00000
7,63,1791299190638,DEAL,FILL,9066,BUY_LIMIT,L,3,ENT,1.12676,0.00000
7,64,1791299190166,SYNC,REMOVE,9067,SELL_LIMIT,L,3,EXT,1.12776,0.00000
7,64,1791299190638,ENGINE,PLACE,9069,SELL_LIMIT,L,3,EXT,1.12776,0.00000
7,64,1791300499262,DEAL,FILL,9061,BUY_LIMIT,S,7,EXT,1.12639,0.00000
7,65,1791300502212,ENGINE,PLACE,9070,BUY_LIMIT,S,6,EXT,1.12570,0.00000
7,65,1791300502499,ENGINE,PLACE,9071,SELL_LIMIT,S,11,ENT,1.12739,0.00000
7,67,1791301504768,DEAL,PLACE,9072,SELL_LIMIT,L,4,EXT,1.12705,0.00000
7,67,1791301505055,DEAL,PLACE,9073,BUY_LIMIT,L,5,ENT,1.12535,0.00000
7,67,1791301505342,DEAL,FILL,9068,BUY_LIMIT,L,4,ENT,1.12606,0.00000
7,67,1791301505342,DEAL,REMOVE,9069,SELL_LIMIT,L,3,EXT,1.12776,0.00000
7,68,1791301505119,SYNC,REMOVE,9072,SELL_LIMIT,L,4,EXT,1.12705,0.00000
7,68,1791301505385,ENGINE,PLACE,9074,SELL_LIMIT,L,4,EXT,1.12705,0.00000
7,68,1791301992329,DEAL,FILL,9070,BUY_LIMIT,S,6,EXT,1.12570,0.00000
7,69,1791301992473,ENGINE,MODIFY,9071,SELL_LIMIT,S,11,ENT,1.12669,1.12739
7,69,1791301992761,ENGINE,PLACE,9075,BUY_LIMIT,S,5,EXT,1.12500,0.00000
7,71,1791303973244,DEAL,PLACE,9076,SELL_LIMIT,L,5,EXT,1.12635,0.00000
7,71,1791303973531,DEAL,PLACE,9077,BUY_LIMIT,L,6,ENT,1.12465,0.00000
7,71,1791303973818,DEAL,FILL,9073,BUY_LIMIT,L,5,ENT,1.12535,0.00000
7,71,1791303973818,DEAL,REMOVE,9074,SELL_LIMIT,L,4,EXT,1.12705,0.00000
7,72,1791303973779,SYNC,REMOVE,9076,SELL_LIMIT,L,5,EXT,1.12635,0.00000
7,72,1791303973861,ENGINE,PLACE,9078,SELL_LIMIT,L,5,EXT,1.12635,0.00000
7,72,1791304768428,DEAL,FILL,9075,BUY_LIMIT,S,5,EXT,1.12500,0.00000
7,73,1791304768566,ENGINE,MODIFY,9071,SELL_LIMIT,S,11,ENT,1.12599,1.12669
7,73,1791304768854,ENGINE,PLACE,9079,BUY_LIMIT,S,4,EXT,1.12430,0.00000
7,75,1791308458943,DEAL,PLACE,9080,SELL_LIMIT,L,6,EXT,1.12562,0.00000
7,75,1791308459230,DEAL,PLACE,9081,BUY_LIMIT,L,7,ENT,1.12392,0.00000
7,75,1791308459517,DEAL,FILL,9077,BUY_LIMIT,L,6,ENT,1.12465,0.00000
7,75,1791308459517,DEAL,REMOVE,9078,SELL_LIMIT,L,5,EXT,1.12635,0.00000
7,76,1791308459084,SYNC,REMOVE,9080,SELL_LIMIT,L,6,EXT,1.12562,0.00000
7,76,1791308459560,ENGINE,PLACE,9082,SELL_LIMIT,L,6,EXT,1.12562,0.00000
7,76,1791309218117,DEAL,FILL,9082,SELL_LIMIT,L,6,EXT,1.12562,0.00000
7,77,1791309218871,ENGINE,PLACE,9083,SELL_LIMIT,L,5,EXT,1.12635,0.00000
7,77,1791309219158,ENGINE,REMOVE,9081,BUY_LIMIT,L,7,ENT,1.12392,0.00000
7,79,1791309219268,ENGINE,PLACE,9084,BUY_LIMIT,L,6,ENT,1.12465,0.00000
7,79,1791310020250,DEAL,PLACE,9085,BUY_LIMIT,S,11,EXT,1.12504,0.00000
7,79,1791310020537,DEAL,PLACE,9086,SELL_LIMIT,S,12,ENT,1.12674,0.00000
7,79,1791310020824,DEAL,FILL,9071,SELL_LIMIT,S,11,ENT,1.12599,0.00000
7,79,1791310020824,DEAL,REMOVE,9079,BUY_LIMIT,S,4,EXT,1.12430,0.00000
7,80,1791310020388,SYNC,REMOVE,9085,BUY_LIMIT,S,11,EXT,1.12504,0.00000
7,80,1791310020867,ENGINE,PLACE,9087,BUY_LIMIT,S,11,EXT,1.12504,0.00000
7,80,1791310557680,DEAL,FILL,9083,SELL_LIMIT,L,5,EXT,1.12635,0.00000
7,81,1791310558022,ENGINE,PLACE,9088,SELL_LIMIT,L,4,EXT,1.12705,0.00000
7,81,1791310558309,ENGINE,REMOVE,9084,BUY_LIMIT,L,6,ENT,1.12465,0.00000
7,81,1791310558423,ENGINE,PLACE,9089,BUY_LIMIT,L,5,ENT,1.12535,0.00000
7,83,1791311763855,DEAL,PLACE,9090,BUY_LIMIT,S,12,EXT,1.12578,0.00000
7,83,1791311764142,DEAL,PLACE,9091,SELL_LIMIT,S,13,ENT,1.12748,0.00000
7,83,1791311764429,DEAL,FILL,9086,SELL_LIMIT,S,12,ENT,1.12674,0.00000
7,83,1791311764429,DEAL,REMOVE,9087,BUY_LIMIT,S,11,EXT,1.12504,0.00000
7,84,1791311770417,SYNC,REMOVE,9090,BUY_LIMIT,S,12,EXT,1.12578,0.00000
7,84,1791311770417,ENGINE,PLACE,9092,BUY_LIMIT,S,12,EXT,1.12578,0.00000
7,84,1791313873521,DEAL,FILL,9092,BUY_LIMIT,S,12,EXT,1.12578,0.00000
7,85,1791313873870,ENGINE,PLACE,9093,BUY_LIMIT,S,11,EXT,1.12504,0.00000
7,85,1791313874157,ENGINE,REMOVE,9091,SELL_LIMIT,S,13,ENT,1.12748,0.00000
7,87,1791313875680,ENGINE,PLACE,9094,SELL_LIMIT,S,12,ENT,1.12674,0.00000
7,87,1791330643001,TIMER,MODIFY,1979967856,SELL_LIMIT,L,0,EXT,1.13277,1.13253
7,87,1791330763001,TIMER,MODIFY,9088,SELL_LIMIT,L,4,EXT,1.12729,1.12705
7,87,1791330823001,TIMER,MODIFY,9062,BUY_LIMIT,S,8,EXT,1.12150,1.12146
7,87,1791330943001,TIMER,MODIFY,9093,BUY_LIMIT,S,11,EXT,1.12508,1.12504
7,87,1791331201154,ENGINE,MODIFY,9089,BUY_LIMIT,L,5,ENT,1.12495,1.12535
7,87,1791331201658,ENGINE,MODIFY,9089,BUY_LIMIT,L,5,ENT,1.12535,1.12495
7,87,1791340987565,DEAL,PLACE,9095,SELL_LIMIT,L,5,EXT,1.12634,0.00000
7,87,1791340987852,DEAL,PLACE,9096,BUY_LIMIT,L,6,ENT,1.12464,0.00000
7,87,1791340988139,DEAL,REMOVE,9088,SELL_LIMIT,L,4,EXT,1.12729,0.00000
7,87,1791340988182,DEAL,FILL,9089,BUY_LIMIT,L,5,ENT,1.12535,0.00000
7,88,1791340988101,SYNC,REMOVE,9095,SELL_LIMIT,L,5,EXT,1.12634,0.00000
7,88,1791340988182,ENGINE,PLACE,9097,SELL_LIMIT,L,5,EXT,1.12634,0.00000
7,88,1791342461762,DEAL,FILL,9093,BUY_LIMIT,S,11,EXT,1.12508,0.00000
7,89,1791342462704,ENGINE,PLACE,9098,BUY_LIMIT,S,4,EXT,1.12434,0.00000
7,89,1791342462991,ENGINE,REMOVE,9094,SELL_LIMIT,S,12,ENT,1.12674,0.00000
7,91,1791342468541,ENGINE,PLACE,9099,SELL_LIMIT,S,11,ENT,1.12599,0.00000
7,91,1791345704498,DEAL,PLACE,9100,SELL_LIMIT,L,6,EXT,1.12567,0.00000
7,91,1791345704785,DEAL,PLACE,9101,BUY_LIMIT,L,7,ENT,1.12397,0.00000
7,91,1791345705072,DEAL,FILL,9096,BUY_LIMIT,L,6,ENT,1.12464,0.00000
7,91,1791345705072,DEAL,REMOVE,9097,SELL_LIMIT,L,5,EXT,1.12634,0.00000
7,92,1791345704642,SYNC,REMOVE,9100,SELL_LIMIT,L,6,EXT,1.12567,0.00000
7,92,1791345705115,ENGINE,PLACE,9102,SELL_LIMIT,L,6,EXT,1.12567,0.00000
7,92,1791346901157,DEAL,FILL,9098,BUY_LIMIT,S,4,EXT,1.12434,0.00000
7,93,1791346901917,ENGINE,MODIFY,9099,SELL_LIMIT,S,11,ENT,1.12529,1.12599
7,93,1791346902205,ENGINE,PLACE,9103,BUY_LIMIT,S,10,EXT,1.12363,0.00000
7,95,1791348871820,DEAL,PLACE,9104,SELL_LIMIT,L,7,EXT,1.12497,0.00000
7,95,1791348872107,DEAL,FILL,9101,BUY_LIMIT,L,7,ENT,1.12397,0.00000
7,95,1791348872107,DEAL,REMOVE,9102,SELL_LIMIT,L,6,EXT,1.12567,0.00000
7,96,1791348871962,SYNC,REMOVE,9104,SELL_LIMIT,L,7,EXT,1.12497,0.00000
7,96,1791348872150,ENGINE,PLACE,9105,SELL_LIMIT,L,7,EXT,1.12497,0.00000
7,96,1791349441405,DEAL,FILL,9103,BUY_LIMIT,S,10,EXT,1.12363,0.00000
7,97,1791349444354,ENGINE,PLACE,9106,BUY_LIMIT,S,9,EXT,1.12290,0.00000
7,97,1791349444641,ENGINE,REMOVE,9099,SELL_LIMIT,S,11,ENT,1.12529,0.00000
7,99,1791349444764,ENGINE,PLACE,9107,SELL_LIMIT,S,10,ENT,1.12456,0.00000
8,-1,1791350283005,SEED,PLACE,1979967856,SELL_LIMIT,L,0,EXT,1.13277,0.00000
8,-1,1791350283005,SEED,PLACE,1991677410,SELL_LIMIT,L,7,EXT,1.12497,0.00000
8,-1,1791350283005,SEED,PLACE,1990102658,BUY_LIMIT,S,8,EXT,1.12150,0.00000
8,-1,1791350283005,SEED,PLACE,1991707921,BUY_LIMIT,S,9,EXT,1.12290,0.00000
8,-1,1791350283005,SEED,PLACE,1991707961,SELL_LIMIT,S,10,ENT,1.12456,0.00000
9,-1,1791350480000,SEED,PLACE,1979967856,SELL_LIMIT,L,0,EXT,1.13277,0.00000
9,-1,1791350480000,SEED,PLACE,1991677410,SELL_LIMIT,L,7,EXT,1.12497,0.00000
9,-1,1791350480000,SEED,PLACE,1990102658,BUY_LIMIT,S,8,EXT,1.12150,0.00000
9,-1,1791350480000,SEED,PLACE,1991707921,BUY_LIMIT,S,9,EXT,1.12290,0.00000
9,-1,1791350480000,SEED,PLACE,1991707961,SELL_LIMIT,S,10,ENT,1.12456,0.00000
9,-1,1791358042876,DEAL,FILL,1991707921,BUY_LIMIT,S,9,EXT,1.12290,0.00000
9,0,1791358044614,ENGINE,PLACE,9000,BUY_LIMIT,S,1,EXT,1.12221,0.00000
9,0,1791358044901,ENGINE,REMOVE,1991707961,SELL_LIMIT,S,10,ENT,1.12456,0.00000
9,2,1791358045024,ENGINE,PLACE,9001,SELL_LIMIT,S,9,ENT,1.12386,0.00000
9,2,1791365153018,DEAL,FILL,9000,BUY_LIMIT,S,1,EXT,1.12221,0.00000
9,3,1791365153564,ENGINE,MODIFY,9001,SELL_LIMIT,S,9,ENT,1.12316,1.12386
9,5,1791365724019,DEAL,PLACE,9002,BUY_LIMIT,S,9,EXT,1.12218,0.00000
9,5,1791365724306,DEAL,PLACE,9003,SELL_LIMIT,S,10,ENT,1.12388,0.00000
9,5,1791365724593,DEAL,FILL,9001,SELL_LIMIT,S,9,ENT,1.12316,0.00000
9,6,1791365724158,SYNC,REMOVE,9002,BUY_LIMIT,S,9,EXT,1.12218,0.00000
9,6,1791365724593,ENGINE,PLACE,9004,BUY_LIMIT,S,9,EXT,1.12218,0.00000
9,6,1791368120071,DEAL,FILL,9004,BUY_LIMIT,S,9,EXT,1.12218,0.00000
9,7,1791368121404,ENGINE,REMOVE,9003,SELL_LIMIT,S,10,ENT,1.12388,0.00000
9,9,1791368122815,ENGINE,PLACE,9005,SELL_LIMIT,S,9,ENT,1.12316,0.00000
9,9,1791368477217,DEAL,FILL,1990102658,BUY_LIMIT,S,8,EXT,1.12150,0.00000
9,11,1791368477348,LATTICE,PLACE,9008,SELL_LIMIT,L,4,EXT,1.12311,0.00000
9,11,1791368477635,LATTICE,REMOVE,1991677410,SELL_LIMIT,L,7,EXT,1.12497,0.00000
9,11,1791368477678,ENGINE,PLACE,9009,SELL_LIMIT,S,0,ENT,1.12171,0.00000
9,11,1791368477965,ENGINE,REMOVE,9005,SELL_LIMIT,S,9,ENT,1.12316,0.00000
9,15,1791368516544,ENGINE,MODIFY,9009,SELL_LIMIT,S,0,ENT,1.12147,1.12171
9,15,1791368623488,DEAL,PLACE,9010,BUY_LIMIT,S,0,EXT,1.12047,0.00000
9,15,1791368623775,DEAL,PLACE,9011,SELL_LIMIT,S,1,ENT,1.12217,0.00000
9,15,1791368624062,DEAL,FILL,9009,SELL_LIMIT,S,0,ENT,1.12147,0.00000
9,16,1791368625232,SYNC,REMOVE,9010,BUY_LIMIT,S,0,EXT,1.12047,0.00000
9,16,1791368625232,ENGINE,PLACE,9012,BUY_LIMIT,S,0,EXT,1.12047,0.00000
9,16,1791369624024,DEAL,FILL,9012,BUY_LIMIT,S,0,EXT,1.12047,0.00000
9,18,1791369625779,LATTICE,PLACE,9014,SELL_LIMIT,L,6,EXT,1.12147,0.00000
9,18,1791369626066,LATTICE,REMOVE,9008,SELL_LIMIT,L,4,EXT,1.12311,0.00000
9,18,1791369626109,ENGINE,PLACE,9015,SELL_LIMIT,S,0,ENT,1.12067,0.00000
9,18,1791369626396,ENGINE,REMOVE,9011,SELL_LIMIT,S,1,ENT,1.12217,0.00000
9,21,1791369736529,DEAL,PLACE,9016,BUY_LIMIT,S,0,EXT,1.11968,0.00000
9,21,1791369736816,DEAL,PLACE,9017,SELL_LIMIT,S,1,ENT,1.12138,0.00000
9,21,1791369737103,DEAL,FILL,9015,SELL_LIMIT,S,0,ENT,1.12067,0.00000
9,22,1791369737074,SYNC,REMOVE,9016,BUY_LIMIT,S,0,EXT,1.11968,0.00000
9,22,1791369737103,ENGINE,PLACE,9018,BUY_LIMIT,S,0,EXT,1.11968,0.00000
9,22,1791370392172,DEAL,FILL,9018,BUY_LIMIT,S,0,EXT,1.11968,0.00000
9,24,1791370392716,LATTICE,PLACE,9019,SELL_LIMIT,L,7,EXT,1.12077,0.00000
9,24,1791370393003,LATTICE,REMOVE,9014,SELL_LIMIT,L,6,EXT,1.12147,0.00000
9,24,1791370393046,ENGINE,PLACE,9020,SELL_LIMIT,S,0,ENT,1.11977,0.00000
9,24,1791370393333,ENGINE,REMOVE,9017,SELL_LIMIT,S,1,ENT,1.12138,0.00000
9,26,1791370399761,ENGINE,MODIFY,9020,SELL_LIMIT,S,0,ENT,1.11951,1.11977
9,26,1791370424307,ENGINE,MODIFY,9020,SELL_LIMIT,S,0,ENT,1.11930,1.11951
9,27,1791370439228,LATTICE,MODIFY,1979967856,SELL_LIMIT,L,0,EXT,1.12080,1.13277
9,27,1791370439516,LATTICE,PLACE,9021,SELL_LIMIT,L,1,EXT,1.13207,0.00000
9,27,1791370439803,LATTICE,REMOVE,9019,SELL_LIMIT,L,7,EXT,1.12077,0.00000
9,28,1791370466391,ENGINE,PLACE,9022,BUY_LIMIT,S,0,EXT,1.11819,0.00000
9,28,1791370466678,ENGINE,PLACE,9023,SELL_LIMIT,S,1,ENT,1.11989,0.00000
9,28,1791370466965,ENGINE,REMOVE,9020,SELL_LIMIT,S,0,ENT,1.11930,0.00000
9,28,1791370628393,DEAL,FILL,9022,BUY_LIMIT,S,0,EXT,1.11819,0.00000
9,29,1791370628536,LATTICE,MODIFY,9021,SELL_LIMIT,L,1,EXT,1.12010,1.13207
9,29,1791370628824,LATTICE,PLACE,9024,SELL_LIMIT,L,2,EXT,1.12451,0.00000
9,29,1791370629111,LATTICE,REMOVE,1979967856,SELL_LIMIT,L,0,EXT,1.12080,0.00000
9,29,1791370629154,ENGINE,PLACE,9025,SELL_LIMIT,S,0,ENT,1.11839,0.00000
9,29,1791370629441,ENGINE,REMOVE,9023,SELL_LIMIT,S,1,ENT,1.11989,0.00000
9,32,1791370642045,DEAL,PLACE,9026,BUY_LIMIT,S,0,EXT,1.11743,0.00000
9,32,1791370642332,DEAL,PLACE,9027,SELL_LIMIT,S,1,ENT,1.11913,0.00000
9,32,1791370642619,DEAL,FILL,9025,SELL_LIMIT,S,0,ENT,1.11839,0.00000
9,33,1791370642586,SYNC,REMOVE,9026,BUY_LIMIT,S,0,EXT,1.11743,0.00000
9,33,1791370642619,ENGINE,MODIFY,9027,SELL_LIMIT,S,1,ENT,1.11918,1.11913
9,33,1791370642907,ENGINE,PLACE,9028,BUY_LIMIT,S,0,EXT,1.11748,0.00000
9,33,1791370806938,DEAL,PLACE,9029,BUY_LIMIT,S,1,EXT,1.11818,0.00000
9,33,1791370807225,DEAL,PLACE,9030,SELL_LIMIT,S,2,ENT,1.11988,0.00000
9,33,1791370807512,DEAL,FILL,9027,SELL_LIMIT,S,1,ENT,1.11918,0.00000
9,34,1791370807481,SYNC,REMOVE,9029,BUY_LIMIT,S,1,EXT,1.11818,0.00000
9,34,1791370807512,ENGINE,PLACE,9031,BUY_LIMIT,S,1,EXT,1.11818,0.00000
9,34,1791371781316,DEAL,FILL,9031,BUY_LIMIT,S,1,EXT,1.11818,0.00000
9,35,1791371782462,ENGINE,REMOVE,9030,SELL_LIMIT,S,2,ENT,1.11988,0.00000
9,35,1791371782659,ENGINE,PLACE,9032,SELL_LIMIT,S,1,ENT,1.11918,0.00000
9,37,1791372089490,DEAL,PLACE,9033,BUY_LIMIT,S,1,EXT,1.11820,0.00000
9,37,1791372089777,DEAL,PLACE,9034,SELL_LIMIT,S,2,ENT,1.11990,0.00000
9,37,1791372090064,DEAL,FILL,9032,SELL_LIMIT,S,1,ENT,1.11918,0.00000
9,38,1791372089631,SYNC,REMOVE,9033,BUY_LIMIT,S,1,EXT,1.11820,0.00000
9,38,1791372090064,ENGINE,PLACE,9035,BUY_LIMIT,S,1,EXT,1.11820,0.00000
9,38,1791373556610,DEAL,PLACE,9036,BUY_LIMIT,S,2,EXT,1.11890,0.00000
9,38,1791373556897,DEAL,PLACE,9037,SELL_LIMIT,S,3,ENT,1.12060,0.00000
9,38,1791373557184,DEAL,FILL,9034,SELL_LIMIT,S,2,ENT,1.11990,0.00000
9,38,1791373557184,DEAL,REMOVE,9035,BUY_LIMIT,S,1,EXT,1.11820,0.00000
9,39,1791373558965,SYNC,REMOVE,9036,BUY_LIMIT,S,2,EXT,1.11890,0.00000
9,39,1791373558965,ENGINE,PLACE,9038,BUY_LIMIT,S,2,EXT,1.11890,0.00000
9,39,1791374538088,DEAL,FILL,9021,SELL_LIMIT,L,1,EXT,1.12010,0.00000
9,40,1791374538234,ENGINE,PLACE,9039,SELL_LIMIT,L,0,EXT,1.12080,0.00000
9,40,1791374538521,ENGINE,PLACE,9040,BUY_LIMIT,L,8,ENT,1.11837,0.00000
9,42,1791376233780,DEAL,FILL,9038,BUY_LIMIT,S,2,EXT,1.11890,0.00000
9,43,1791376233922,ENGINE,PLACE,9041,BUY_LIMIT,S,1,EXT,1.11820,0.00000
9,43,1791376234209,ENGINE,REMOVE,9037,SELL_LIMIT,S,3,ENT,1.12060,0.00000
9,45,1791376234322,ENGINE,PLACE,9042,SELL_LIMIT,S,2,ENT,1.11990,0.00000
9,45,1791383270009,DEAL,PLACE,9043,SELL_LIMIT,L,8,EXT,1.11938,0.00000
9,45,1791383270296,DEAL,REMOVE,9039,SELL_LIMIT,L,0,EXT,1.12080,0.00000
9,45,1791383270339,DEAL,FILL,9040,BUY_LIMIT,L,8,ENT,1.11837,0.00000
9,46,1791383273164,SYNC,REMOVE,9043,SELL_LIMIT,L,8,EXT,1.11938,0.00000
9,46,1791383273164,ENGINE,PLACE,9044,SELL_LIMIT,L,8,EXT,1.11938,0.00000
9,46,1791383766760,DEAL,FILL,9041,BUY_LIMIT,S,1,EXT,1.11820,0.00000
9,47,1791383767500,ENGINE,REMOVE,9042,SELL_LIMIT,S,2,ENT,1.11990,0.00000
9,47,1791383767701,ENGINE,PLACE,9045,SELL_LIMIT,S,1,ENT,1.11918,0.00000
9,49,1791385838469,DEAL,FILL,9028,BUY_LIMIT,S,0,EXT,1.11748,0.00000
9,50,1791385840828,LATTICE,MODIFY,9044,SELL_LIMIT,L,8,EXT,1.11868,1.11938
9,50,1791385841116,ENGINE,PLACE,9046,SELL_LIMIT,S,0,ENT,1.11764,0.00000
9,50,1791385841403,ENGINE,REMOVE,9045,SELL_LIMIT,S,1,ENT,1.11918,0.00000
9,54,1791385914253,ENGINE,PLACE,9047,BUY_LIMIT,S,0,EXT,1.11663,0.00000
9,54,1791385914540,ENGINE,PLACE,9048,SELL_LIMIT,S,1,ENT,1.11833,0.00000
9,54,1791385914827,ENGINE,REMOVE,9046,SELL_LIMIT,S,0,ENT,1.11764,0.00000
9,54,1791386683597,DEAL,FILL,9047,BUY_LIMIT,S,0,EXT,1.11663,0.00000
9,55,1791386684132,LATTICE,MODIFY,9024,SELL_LIMIT,L,2,EXT,1.11822,1.12451
9,55,1791386684420,LATTICE,PLACE,9049,SELL_LIMIT,L,3,EXT,1.12381,0.00000
9,55,1791386684707,LATTICE,REMOVE,9044,SELL_LIMIT,L,8,EXT,1.11868,0.00000
9,55,1791386684750,ENGINE,PLACE,9050,SELL_LIMIT,S,0,ENT,1.11685,0.00000
9,55,1791386685037,ENGINE,REMOVE,9048,SELL_LIMIT,S,1,ENT,1.11833,0.00000
9,58,1791386743870,DEAL,PLACE,9051,BUY_LIMIT,S,0,EXT,1.11585,0.00000
9,58,1791386744157,DEAL,PLACE,9052,SELL_LIMIT,S,1,ENT,1.11755,0.00000
9,58,1791386744444,DEAL,FILL,9050,SELL_LIMIT,S,0,ENT,1.11685,0.00000
9,59,1791386744821,SYNC,REMOVE,9051,BUY_LIMIT,S,0,EXT,1.11585,0.00000
9,59,1791386744821,ENGINE,PLACE,9053,BUY_LIMIT,S,0,EXT,1.11585,0.00000
9,59,1791388827041,DEAL,PLACE,9054,BUY_LIMIT,S,1,EXT,1.11655,0.00000
9,59,1791388827328,DEAL,PLACE,9055,SELL_LIMIT,S,2,ENT,1.11825,0.00000
9,59,1791388827615,DEAL,FILL,9052,SELL_LIMIT,S,1,ENT,1.11755,0.00000
9,60,1791388827579,SYNC,REMOVE,9054,BUY_LIMIT,S,1,EXT,1.11655,0.00000
9,60,1791388827615,ENGINE,PLACE,9056,BUY_LIMIT,S,1,EXT,1.11655,0.00000
9,60,1791389942249,DEAL,FILL,9024,SELL_LIMIT,L,2,EXT,1.11822,0.00000
9,61,1791389942399,ENGINE,PLACE,9057,SELL_LIMIT,L,8,EXT,1.11868,0.00000
9,61,1791389942686,ENGINE,PLACE,9058,BUY_LIMIT,L,9,ENT,1.11698,0.00000
9,63,1791389943391,ENGINE,MODIFY,9055,SELL_LIMIT,S,2,ENT,1.11826,1.11825
9,64,1791389945409,ENGINE,PLACE,9059,BUY_LIMIT,S,2,EXT,1.11726,0.00000
9,64,1791389945696,ENGINE,REMOVE,9055,SELL_LIMIT,S,2,ENT,1.11826,0.00000
9,64,1791389945739,ENGINE,REMOVE,9056,BUY_LIMIT,S,1,EXT,1.11655,0.00000
9,64,1791389945812,ENGINE,PLACE,9060,SELL_LIMIT,S,3,ENT,1.11896,0.00000
9,64,1791392397551,DEAL,FILL,9057,SELL_LIMIT,L,8,EXT,1.11868,0.00000
9,65,1791392398099,ENGINE,PLACE,9061,SELL_LIMIT,L,0,EXT,1.12080,0.00000
9,65,1791392398386,ENGINE,REMOVE,9058,BUY_LIMIT,L,9,ENT,1.11698,0.00000
9,67,1791392399095,ENGINE,PLACE,9062,BUY_LIMIT,L,8,ENT,1.11837,0.00000
9,67,1791392501969,DEAL,PLACE,9063,BUY_LIMIT,S,3,EXT,1.11795,0.00000
9,67,1791392502256,DEAL,PLACE,9064,SELL_LIMIT,S,4,ENT,1.11965,0.00000
9,67,1791392502543,DEAL,REMOVE,9059,BUY_LIMIT,S,2,EXT,1.11726,0.00000
9,67,1791392502586,DEAL,FILL,9060,SELL_LIMIT,S,3,ENT,1.11896,0.00000
9,68,1791392502304,SYNC,REMOVE,9063,BUY_LIMIT,S,3,EXT,1.11795,0.00000
9,68,1791392502586,ENGINE,PLACE,9065,BUY_LIMIT,S,3,EXT,1.11795,0.00000
9,68,1791392625082,DEAL,PLACE,9066,SELL_LIMIT,L,8,EXT,1.11932,0.00000
9,68,1791392625369,DEAL,PLACE,9067,BUY_LIMIT,L,9,ENT,1.11762,0.00000
9,68,1791392625656,DEAL,REMOVE,9061,SELL_LIMIT,L,0,EXT,1.12080,0.00000
9,68,1791392625699,DEAL,FILL,9062,BUY_LIMIT,L,8,ENT,1.11837,0.00000
9,69,1791392625225,SYNC,REMOVE,9066,SELL_LIMIT,L,8,EXT,1.11932,0.00000
9,69,1791392625699,ENGINE,PLACE,9068,SELL_LIMIT,L,8,EXT,1.11932,0.00000
9,69,1791392779414,DEAL,FILL,9065,BUY_LIMIT,S,3,EXT,1.11795,0.00000
9,70,1791392779757,ENGINE,PLACE,9069,BUY_LIMIT,S,2,EXT,1.11726,0.00000
9,70,1791392780044,ENGINE,REMOVE,9064,SELL_LIMIT,S,4,ENT,1.11965,0.00000
9,72,1791392780155,ENGINE,PLACE,9070,SELL_LIMIT,S,3,ENT,1.11896,0.00000
9,72,1791394791719,DEAL,PLACE,9071,BUY_LIMIT,S,3,EXT,1.11797,0.00000
9,72,1791394792006,DEAL,PLACE,9072,SELL_LIMIT,S,4,ENT,1.11967,0.00000
9,72,1791394792293,DEAL,REMOVE,9069,BUY_LIMIT,S,2,EXT,1.11726,0.00000
9,72,1791394792336,DEAL,FILL,9070,SELL_LIMIT,S,3,ENT,1.11896,0.00000
9,73,1791394791867,SYNC,REMOVE,9071,BUY_LIMIT,S,3,EXT,1.11797,0.00000
9,73,1791394792336,ENGINE,PLACE,9073,BUY_LIMIT,S,3,EXT,1.11797,0.00000
9,73,1791395472363,DEAL,FILL,9068,SELL_LIMIT,L,8,EXT,1.11932,0.00000
9,74,1791395472700,ENGINE,PLACE,9074,SELL_LIMIT,L,0,EXT,1.12080,0.00000
9,74,1791395472987,ENGINE,REMOVE,9067,BUY_LIMIT,L,9,ENT,1.11762,0.00000
9,74,1791395473098,ENGINE,PLACE,9075,BUY_LIMIT,L,8,ENT,1.11837,0.00000
9,76,1791396795378,DEAL,PLACE,9076,BUY_LIMIT,S,4,EXT,1.11879,0.00000
9,76,1791396795665,DEAL,PLACE,9077,SELL_LIMIT,S,5,ENT,1.12049,0.00000
9,76,1791396795952,DEAL,FILL,9072,SELL_LIMIT,S,4,ENT,1.11967,0.00000
9,76,1791396795952,DEAL,REMOVE,9073,BUY_LIMIT,S,3,EXT,1.11797,0.00000
9,77,1791396795710,SYNC,REMOVE,9076,BUY_LIMIT,S,4,EXT,1.11879,0.00000
9,77,1791396795995,ENGINE,PLACE,9078,BUY_LIMIT,S,4,EXT,1.11879,0.00000
9,77,1791397574369,DEAL,FILL,9078,BUY_LIMIT,S,4,EXT,1.11879,0.00000
9,78,1791397574511,ENGINE,PLACE,9079,BUY_LIMIT,S,3,EXT,1.11797,0.00000
9,78,1791397574798,ENGINE,REMOVE,9077,SELL_LIMIT,S,5,ENT,1.12049,0.00000
9,80,1791397574913,ENGINE,PLACE,9080,SELL_LIMIT,S,4,ENT,1.11967,0.00000
9,80,1791398976738,DEAL,PLACE,9081,SELL_LIMIT,L,8,EXT,1.11935,0.00000
9,80,1791398977025,DEAL,PLACE,9082,BUY_LIMIT,L,9,ENT,1.11765,0.00000
9,80,1791398977312,DEAL,REMOVE,9074,SELL_LIMIT,L,0,EXT,1.12080,0.00000
9,80,1791398977355,DEAL,FILL,9075,BUY_LIMIT,L,8,ENT,1.11837,0.00000
9,81,1791398978298,SYNC,REMOVE,9081,SELL_LIMIT,L,8,EXT,1.11935,0.00000
9,81,1791398978298,ENGINE,PLACE,9083,SELL_LIMIT,L,8,EXT,1.11935,0.00000
9,81,1791400065219,DEAL,FILL,9083,SELL_LIMIT,L,8,EXT,1.11935,0.00000
9,82,1791400065359,ENGINE,PLACE,9084,SELL_LIMIT,L,0,EXT,1.12080,0.00000
9,82,1791400065646,ENGINE,REMOVE,9082,BUY_LIMIT,L,9,ENT,1.11765,0.00000
9,84,1791400066163,ENGINE,PLACE,9085,BUY_LIMIT,L,8,ENT,1.11837,0.00000
9,84,1791400732791,DEAL,PLACE,9086,BUY_LIMIT,S,4,EXT,1.11869,0.00000
9,84,1791400733078,DEAL,PLACE,9087,SELL_LIMIT,S,5,ENT,1.12039,0.00000
9,84,1791400733365,DEAL,REMOVE,9079,BUY_LIMIT,S,3,EXT,1.11797,0.00000
9,84,1791400733408,DEAL,FILL,9080,SELL_LIMIT,S,4,ENT,1.11967,0.00000
9,85,1791400732928,SYNC,REMOVE,9086,BUY_LIMIT,S,4,EXT,1.11869,0.00000
9,85,1791400733408,ENGINE,PLACE,9088,BUY_LIMIT,S,4,EXT,1.11869,0.00000
9,85,1791417020000,TIMER,MODIFY,9049,SELL_LIMIT,L,3,EXT,1.12373,1.12381
9,85,1791417020288,TIMER,MODIFY,9084,SELL_LIMIT,L,0,EXT,1.12072,1.12080
9,85,1791417200000,TIMER,MODIFY,9053,BUY_LIMIT,S,0,EXT,1.11586,1.11585
9,85,1791417320000,TIMER,MODIFY,9088,BUY_LIMIT,S,4,EXT,1.11870,1.11869
9,85,1791434485884,DEAL,PLACE,9089,BUY_LIMIT,S,5,EXT,1.11939,0.00000
9,85,1791434486171,DEAL,PLACE,9090,SELL_LIMIT,S,6,ENT,1.12109,0.00000
9,85,1791434486458,DEAL,FILL,9087,SELL_LIMIT,S,5,ENT,1.12039,0.00000
9,85,1791434486458,DEAL,REMOVE,9088,BUY_LIMIT,S,4,EXT,1.11870,0.00000
9,86,1791434486633,SYNC,REMOVE,9089,BUY_LIMIT,S,5,EXT,1.11939,0.00000
9,86,1791434486633,ENGINE,PLACE,9091,BUY_LIMIT,S,5,EXT,1.11939,0.00000
9,86,1791434950848,DEAL,FILL,9084,SELL_LIMIT,L,0,EXT,1.12072,0.00000
9,87,1791434950990,ENGINE,MODIFY,9085,BUY_LIMIT,L,8,ENT,1.11907,1.11837
9,87,1791434951278,ENGINE,PLACE,9092,SELL_LIMIT,L,7,EXT,1.12085,0.00000
9,89,1791435510877,DEAL,FILL,9092,SELL_LIMIT,L,7,EXT,1.12085,0.00000
9,90,1791435511625,ENGINE,PLACE,9093,SELL_LIMIT,L,6,EXT,1.12155,0.00000
9,90,1791435511912,ENGINE,REMOVE,9085,BUY_LIMIT,L,8,ENT,1.11907,0.00000
9,92,1791435514827,ENGINE,PLACE,9094,BUY_LIMIT,L,7,ENT,1.11977,0.00000
9,92,1791436501147,DEAL,PLACE,9095,BUY_LIMIT,S,6,EXT,1.12009,0.00000
9,92,1791436501434,DEAL,PLACE,9096,SELL_LIMIT,S,7,ENT,1.12179,0.00000
9,92,1791436501721,DEAL,FILL,9090,SELL_LIMIT,S,6,ENT,1.12109,0.00000
9,92,1791436501721,DEAL,REMOVE,9091,BUY_LIMIT,S,5,EXT,1.11939,0.00000
9,93,1791436501887,SYNC,REMOVE,9095,BUY_LIMIT,S,6,EXT,1.12009,0.00000
9,93,1791436501887,ENGINE,PLACE,9097,BUY_LIMIT,S,6,EXT,1.12009,0.00000
9,93,1791439279787,DEAL,FILL,9097,BUY_LIMIT,S,6,EXT,1.12009,0.00000
9,94,1791439280734,ENGINE,PLACE,9098,BUY_LIMIT,S,5,EXT,1.11939,0.00000
9,94,1791439281021,ENGINE,REMOVE,9096,SELL_LIMIT,S,7,ENT,1.12179,0.00000
9,96,1791439281133,ENGINE,PLACE,9099,SELL_LIMIT,S,6,ENT,1.12109,0.00000
9,96,1791449451159,DEAL,PLACE,9100,SELL_LIMIT,L,7,EXT,1.12075,0.00000
9,96,1791449451446,DEAL,PLACE,9101,BUY_LIMIT,L,8,ENT,1.11905,0.00000
9,96,1791449451733,DEAL,REMOVE,9093,SELL_LIMIT,L,6,EXT,1.12155,0.00000
9,96,1791449451776,DEAL,FILL,9094,BUY_LIMIT,L,7,ENT,1.11977,0.00000
9,97,1791449451488,SYNC,REMOVE,9100,SELL_LIMIT,L,7,EXT,1.12075,0.00000
9,97,1791449451776,ENGINE,PLACE,9102,SELL_LIMIT,L,7,EXT,1.12075,0.00000
9,97,1791449696070,DEAL,FILL,9098,BUY_LIMIT,S,5,EXT,1.11939,0.00000
9,98,1791449696425,ENGINE,PLACE,9103,BUY_LIMIT,S,4,EXT,1.11870,0.00000
9,98,1791449696712,ENGINE,REMOVE,9099,SELL_LIMIT,S,6,ENT,1.12109,0.00000
9,100,1791449699035,ENGINE,PLACE,9104,SELL_LIMIT,S,5,ENT,1.12039,0.00000
9,100,1791450426910,DEAL,PLACE,9105,SELL_LIMIT,L,8,EXT,1.12005,0.00000
9,100,1791450427197,DEAL,PLACE,9106,BUY_LIMIT,L,9,ENT,1.11835,0.00000
9,100,1791450427484,DEAL,FILL,9101,BUY_LIMIT,L,8,ENT,1.11905,0.00000
9,100,1791450427484,DEAL,REMOVE,9102,SELL_LIMIT,L,7,EXT,1.12075,0.00000
9,101,1791450427451,SYNC,REMOVE,9105,SELL_LIMIT,L,8,EXT,1.12005,0.00000
9,101,1791450427527,ENGINE,PLACE,9107,SELL_LIMIT,L,8,EXT,1.12005,0.00000
9,101,1791451397935,DEAL,FILL,9107,SELL_LIMIT,L,8,EXT,1.12005,0.00000
9,102,1791451398079,ENGINE,PLACE,9108,SELL_LIMIT,L,7,EXT,1.12075,0.00000
9,102,1791451398366,ENGINE,REMOVE,9106,BUY_LIMIT,L,9,ENT,1.11835,0.00000
9,104,1791451399482,ENGINE,PLACE,9109,BUY_LIMIT,L,8,ENT,1.11905,0.00000
9,104,1791452485936,DEAL,PLACE,9110,BUY_LIMIT,S,5,EXT,1.11940,0.00000
9,104,1791452486223,DEAL,PLACE,9111,SELL_LIMIT,S,6,ENT,1.12110,0.00000
9,104,1791452486510,DEAL,REMOVE,9103,BUY_LIMIT,S,4,EXT,1.11870,0.00000
9,104,1791452486553,DEAL,FILL,9104,SELL_LIMIT,S,5,ENT,1.12039,0.00000
9,105,1791452486284,SYNC,REMOVE,9110,BUY_LIMIT,S,5,EXT,1.11940,0.00000
9,105,1791452486553,ENGINE,PLACE,9112,BUY_LIMIT,S,5,EXT,1.11940,0.00000
9,105,1791453370713,DEAL,FILL,9112,BUY_LIMIT,S,5,EXT,1.11940,0.00000
9,106,1791453371452,ENGINE,PLACE,9113,BUY_LIMIT,S,4,EXT,1.11870,0.00000
9,106,1791453371739,ENGINE,REMOVE,9111,SELL_LIMIT,S,6,ENT,1.12110,0.00000
9,108,1791453372661,ENGINE,PLACE,9114,SELL_LIMIT,S,5,ENT,1.12039,0.00000
9,108,1791453603769,DEAL,PLACE,9115,SELL_LIMIT,L,8,EXT,1.12005,0.00000
9,108,1791453604056,DEAL,PLACE,9116,BUY_LIMIT,L,9,ENT,1.11835,0.00000
9,108,1791453604343,DEAL,REMOVE,9108,SELL_LIMIT,L,7,EXT,1.12075,0.00000
9,108,1791453604386,DEAL,FILL,9109,BUY_LIMIT,L,8,ENT,1.11905,0.00000
9,109,1791453605113,SYNC,REMOVE,9115,SELL_LIMIT,L,8,EXT,1.12005,0.00000
9,109,1791453605113,ENGINE,PLACE,9117,SELL_LIMIT,L,8,EXT,1.12005,0.00000
9,109,1791453666881,DEAL,FILL,9113,BUY_LIMIT,S,4,EXT,1.11870,0.00000
9,110,1791453667420,ENGINE,PLACE,9118,BUY_LIMIT,S,3,EXT,1.11798,0.00000
9,110,1791453667707,ENGINE,REMOVE,9114,SELL_LIMIT,S,5,ENT,1.12039,0.00000
9,112,1791453667831,ENGINE,PLACE,9119,SELL_LIMIT,S,4,ENT,1.11967,0.00000
9,112,1791453996364,DEAL,PLACE,9120,SELL_LIMIT,L,9,EXT,1.11930,0.00000
9,112,1791453996651,DEAL,PLACE,9121,BUY_LIMIT,L,10,ENT,1.11760,0.00000
9,112,1791453996938,DEAL,FILL,9116,BUY_LIMIT,L,9,ENT,1.11835,0.00000
9,112,1791453996938,DEAL,REMOVE,9117,SELL_LIMIT,L,8,EXT,1.12005,0.00000
9,113,1791453996907,SYNC,REMOVE,9120,SELL_LIMIT,L,9,EXT,1.11930,0.00000
9,113,1791453996981,ENGINE,PLACE,9122,SELL_LIMIT,L,9,EXT,1.11930,0.00000
9,113,1791454435072,DEAL,FILL,9122,SELL_LIMIT,L,9,EXT,1.11930,0.00000
9,114,1791454435207,ENGINE,PLACE,9123,SELL_LIMIT,L,8,EXT,1.12005,0.00000
9,114,1791454435494,ENGINE,REMOVE,9121,BUY_LIMIT,L,10,ENT,1.11760,0.00000
9,116,1791454435805,ENGINE,PLACE,9124,BUY_LIMIT,L,9,ENT,1.11835,0.00000
9,116,1791455101011,DEAL,PLACE,9125,BUY_LIMIT,S,4,EXT,1.11866,0.00000
9,116,1791455101298,DEAL,PLACE,9126,SELL_LIMIT,S,5,ENT,1.12036,0.00000
9,116,1791455101585,DEAL,REMOVE,9118,BUY_LIMIT,S,3,EXT,1.11798,0.00000
9,116,1791455101628,DEAL,FILL,9119,SELL_LIMIT,S,4,ENT,1.11967,0.00000
9,117,1791455101152,SYNC,REMOVE,9125,BUY_LIMIT,S,4,EXT,1.11866,0.00000
9,117,1791455101628,ENGINE,PLACE,9127,BUY_LIMIT,S,4,EXT,1.11866,0.00000
9,117,1791459006768,DEAL,FILL,9123,SELL_LIMIT,L,8,EXT,1.12005,0.00000
9,118,1791459007108,ENGINE,PLACE,9128,SELL_LIMIT,L,7,EXT,1.12075,0.00000
9,118,1791459007395,ENGINE,REMOVE,9124,BUY_LIMIT,L,9,ENT,1.11835,0.00000
9,120,1791459007506,ENGINE,PLACE,9129,BUY_LIMIT,L,8,ENT,1.11905,0.00000
9,120,1791459232307,DEAL,PLACE,9130,SELL_LIMIT,L,8,EXT,1.12004,0.00000
9,120,1791459232594,DEAL,PLACE,9131,BUY_LIMIT,L,9,ENT,1.11834,0.00000
9,120,1791459232881,DEAL,REMOVE,9128,SELL_LIMIT,L,7,EXT,1.12075,0.00000
9,120,1791459232924,DEAL,FILL,9129,BUY_LIMIT,L,8,ENT,1.11905,0.00000
9,121,1791459232452,SYNC,REMOVE,9130,SELL_LIMIT,L,8,EXT,1.12004,0.00000
9,121,1791459232924,ENGINE,PLACE,9132,SELL_LIMIT,L,8,EXT,1.12004,0.00000
9,121,1791459447645,DEAL,FILL,9127,BUY_LIMIT,S,4,EXT,1.11866,0.00000
9,122,1791459447986,ENGINE,PLACE,9133,BUY_LIMIT,S,3,EXT,1.11798,0.00000
9,122,1791459448273,ENGINE,REMOVE,9126,SELL_LIMIT,S,5,ENT,1.12036,0.00000
9,124,1791459448391,ENGINE,PLACE,9134,SELL_LIMIT,S,4,ENT,1.11967,0.00000
9,124,1791461551286,DEAL,PLACE,9135,SELL_LIMIT,L,9,EXT,1.11934,0.00000
9,124,1791461551573,DEAL,PLACE,9136,BUY_LIMIT,L,10,ENT,1.11764,0.00000
9,124,1791461551860,DEAL,FILL,9131,BUY_LIMIT,L,9,ENT,1.11834,0.00000
9,124,1791461551860,DEAL,REMOVE,9132,SELL_LIMIT,L,8,EXT,1.12004,0.00000
9,125,1791461551625,SYNC,REMOVE,9135,SELL_LIMIT,L,9,EXT,1.11934,0.00000
9,125,1791461551903,ENGINE,PLACE,9137,SELL_LIMIT,L,9,EXT,1.11934,0.00000
9,125,1791464690419,DEAL,FILL,9133,BUY_LIMIT,S,3,EXT,1.11798,0.00000
9,126,1791464690754,ENGINE,PLACE,9138,BUY_LIMIT,S,2,EXT,1.11727,0.00000
9,126,1791464691041,ENGINE,REMOVE,9134,SELL_LIMIT,S,4,ENT,1.11967,0.00000
9,128,1791464691391,ENGINE,PLACE,9139,SELL_LIMIT,S,3,ENT,1.11896,0.00000
9,128,1791466467000,DEAL,PLACE,9140,SELL_LIMIT,L,10,EXT,1.11862,0.00000
9,128,1791466467287,DEAL,FILL,9136,BUY_LIMIT,L,10,ENT,1.11764,0.00000
9,128,1791466467287,DEAL,REMOVE,9137,SELL_LIMIT,L,9,EXT,1.11934,0.00000
9,129,1791466467141,SYNC,REMOVE,9140,SELL_LIMIT,L,10,EXT,1.11862,0.00000
9,129,1791466467330,ENGINE,PLACE,9141,SELL_LIMIT,L,10,EXT,1.11862,0.00000
9,129,1791467575152,DEAL,FILL,9141,SELL_LIMIT,L,10,EXT,1.11862,0.00000
9,130,1791467575699,ENGINE,PLACE,9142,SELL_LIMIT,L,9,EXT,1.11934,0.00000
9,130,1791467575986,ENGINE,PLACE,9143,BUY_LIMIT,L,10,ENT,1.11764,0.00000
9,132,1791468392799,DEAL,PLACE,9144,SELL_LIMIT,L,10,EXT,1.11861,0.00000
9,132,1791468393086,DEAL,REMOVE,9142,SELL_LIMIT,L,9,EXT,1.11934,0.00000
9,132,1791468393129,DEAL,FILL,9143,BUY_LIMIT,L,10,ENT,1.11764,0.00000
9,133,1791468394141,SYNC,REMOVE,9144,SELL_LIMIT,L,10,EXT,1.11861,0.00000
9,133,1791468394141,ENGINE,PLACE,9145,SELL_LIMIT,L,10,EXT,1.11861,0.00000
9,133,1791470161114,DEAL,FILL,9138,BUY_LIMIT,S,2,EXT,1.11727,0.00000
9,134,1791470163659,ENGINE,PLACE,9146,BUY_LIMIT,S,1,EXT,1.11656,0.00000
9,134,1791470163946,ENGINE,REMOVE,9139,SELL_LIMIT,S,3,ENT,1.11896,0.00000
9,136,1791470165065,ENGINE,PLACE,9147,SELL_LIMIT,S,2,ENT,1.11825,0.00000
9,136,1791470603991,DEAL,PLACE,9148,BUY_LIMIT,S,2,EXT,1.11725,0.00000
9,136,1791470604278,DEAL,PLACE,9149,SELL_LIMIT,S,3,ENT,1.11895,0.00000
9,136,1791470604565,DEAL,REMOVE,9146,BUY_LIMIT,S,1,EXT,1.11656,0.00000
9,136,1791470604608,DEAL,FILL,9147,SELL_LIMIT,S,2,ENT,1.11825,0.00000
9,137,1791470604130,SYNC,REMOVE,9148,BUY_LIMIT,S,2,EXT,1.11725,0.00000
9,137,1791470604608,ENGINE,PLACE,9150,BUY_LIMIT,S,2,EXT,1.11725,0.00000
9,137,1791471999972,DEAL,FILL,9145,SELL_LIMIT,L,10,EXT,1.11861,0.00000
9,138,1791472000109,ENGINE,PLACE,9151,SELL_LIMIT,L,9,EXT,1.11934,0.00000
9,138,1791472000396,ENGINE,PLACE,9152,BUY_LIMIT,L,10,ENT,1.11764,0.00000
9,140,1791472640375,DEAL,PLACE,9153,BUY_LIMIT,S,3,EXT,1.11796,0.00000
9,140,1791472640662,DEAL,PLACE,9154,SELL_LIMIT,S,4,ENT,1.11966,0.00000
9,140,1791472640949,DEAL,FILL,9149,SELL_LIMIT,S,3,ENT,1.11895,0.00000
9,140,1791472640949,DEAL,REMOVE,9150,BUY_LIMIT,S,2,EXT,1.11725,0.00000
9,141,1791472641108,SYNC,REMOVE,9153,BUY_LIMIT,S,3,EXT,1.11796,0.00000
9,141,1791472641108,ENGINE,PLACE,9155,BUY_LIMIT,S,3,EXT,1.11796,0.00000
9,141,1791473106242,DEAL,FILL,9151,SELL_LIMIT,L,9,EXT,1.11934,0.00000
9,142,1791473106380,ENGINE,PLACE,9156,SELL_LIMIT,L,8,EXT,1.12004,0.00000
9,142,1791473106667,ENGINE,REMOVE,9152,BUY_LIMIT,L,10,ENT,1.11764,0.00000
9,144,1791473108594,ENGINE,PLACE,9157,BUY_LIMIT,L,9,ENT,1.11834,0.00000
9,144,1791473340631,DEAL,PLACE,9158,BUY_LIMIT,S,4,EXT,1.11867,0.00000
9,144,1791473340918,DEAL,PLACE,9159,SELL_LIMIT,S,5,ENT,1.12037,0.00000
9,144,1791473341205,DEAL,FILL,9154,SELL_LIMIT,S,4,ENT,1.11966,0.00000
9,144,1791473341205,DEAL,REMOVE,9155,BUY_LIMIT,S,3,EXT,1.11796,0.00000
9,145,1791473340781,SYNC,REMOVE,9158,BUY_LIMIT,S,4,EXT,1.11867,0.00000
9,145,1791473341248,ENGINE,PLACE,9160,BUY_LIMIT,S,4,EXT,1.11867,0.00000
9,145,1791474244570,DEAL,FILL,9160,BUY_LIMIT,S,4,EXT,1.11867,0.00000
9,146,1791474247339,ENGINE,PLACE,9161,BUY_LIMIT,S,3,EXT,1.11796,0.00000
9,146,1791474247626,ENGINE,REMOVE,9159,SELL_LIMIT,S,5,ENT,1.12037,0.00000
9,148,1791474247721,ENGINE,PLACE,9162,SELL_LIMIT,S,4,ENT,1.11966,0.00000
9,148,1791474915820,DEAL,PLACE,9163,SELL_LIMIT,L,9,EXT,1.11933,0.00000
9,148,1791474916107,DEAL,PLACE,9164,BUY_LIMIT,L,10,ENT,1.11763,0.00000
9,148,1791474916394,DEAL,REMOVE,9156,SELL_LIMIT,L,8,EXT,1.12004,0.00000
9,148,1791474916437,DEAL,FILL,9157,BUY_LIMIT,L,9,ENT,1.11834,0.00000
9,149,1791474916161,SYNC,REMOVE,9163,SELL_LIMIT,L,9,EXT,1.11933,0.00000
9,149,1791474916437,ENGINE,PLACE,9165,SELL_LIMIT,L,9,EXT,1.11933,0.00000
9,149,1791475691745,DEAL,FILL,9165,SELL_LIMIT,L,9,EXT,1.11933,0.00000
9,150,1791475692078,ENGINE,PLACE,9166,SELL_LIMIT,L,8,EXT,1.12004,0.00000
9,150,1791475692365,ENGINE,REMOVE,9164,BUY_LIMIT,L,10,ENT,1.11763,0.00000
9,152,1791475692692,ENGINE,PLACE,9167,BUY_LIMIT,L,9,ENT,1.11834,0.00000
9,152,1791477171225,DEAL,PLACE,9168,BUY_LIMIT,S,4,EXT,1.11866,0.00000
9,152,1791477171512,DEAL,PLACE,9169,SELL_LIMIT,S,5,ENT,1.12036,0.00000
9,152,1791477171799,DEAL,REMOVE,9161,BUY_LIMIT,S,3,EXT,1.11796,0.00000
9,152,1791477171842,DEAL,FILL,9162,SELL_LIMIT,S,4,ENT,1.11966,0.00000
9,153,1791477171571,SYNC,REMOVE,9168,BUY_LIMIT,S,4,EXT,1.11866,0.00000
9,153,1791477171842,ENGINE,PLACE,9170,BUY_LIMIT,S,4,EXT,1.11866,0.00000
9,153,1791479275175,DEAL,FILL,9166,SELL_LIMIT,L,8,EXT,1.12004,0.00000
9,154,1791479275314,ENGINE,PLACE,9171,SELL_LIMIT,L,7,EXT,1.12075,0.00000
9,154,1791479275601,ENGINE,REMOVE,9167,BUY_LIMIT,L,9,ENT,1.11834,0.00000
9,156,1791479276521,ENGINE,PLACE,9172,BUY_LIMIT,L,8,ENT,1.11905,0.00000
9,156,1791479928412,DEAL,PLACE,9173,BUY_LIMIT,S,5,EXT,1.11936,0.00000
9,156,1791479928699,DEAL,PLACE,9174,SELL_LIMIT,S,6,ENT,1.12106,0.00000
9,156,1791479928986,DEAL,FILL,9169,SELL_LIMIT,S,5,ENT,1.12036,0.00000
9,156,1791479928986,DEAL,REMOVE,9170,BUY_LIMIT,S,4,EXT,1.11866,0.00000
9,157,1791479929552,SYNC,REMOVE,9173,BUY_LIMIT,S,5,EXT,1.11936,0.00000
9,157,1791479929552,ENGINE,PLACE,9175,BUY_LIMIT,S,5,EXT,1.11936,0.00000
9,157,1791480267983,DEAL,FILL,9171,SELL_LIMIT,L,7,EXT,1.12075,0.00000
9,158,1791480268120,ENGINE,PLACE,9176,SELL_LIMIT,L,6,EXT,1.12155,0.00000
9,158,1791480268407,ENGINE,REMOVE,9172,BUY_LIMIT,L,8,ENT,1.11905,0.00000
9,160,1791480269531,ENGINE,PLACE,9177,BUY_LIMIT,L,7,ENT,1.11977,0.00000
9,160,1791480323677,DEAL,PLACE,9178,BUY_LIMIT,S,6,EXT,1.12007,0.00000
9,160,1791480323964,DEAL,PLACE,9179,SELL_LIMIT,S,7,ENT,1.12177,0.00000
9,160,1791480324251,DEAL,FILL,9174,SELL_LIMIT,S,6,ENT,1.12106,0.00000
9,160,1791480324251,DEAL,REMOVE,9175,BUY_LIMIT,S,5,EXT,1.11936,0.00000
9,161,1791480324022,SYNC,REMOVE,9178,BUY_LIMIT,S,6,EXT,1.12007,0.00000
9,161,1791480324294,ENGINE,PLACE,9180,BUY_LIMIT,S,6,EXT,1.12007,0.00000
9,161,1791480533418,DEAL,FILL,9176,SELL_LIMIT,L,6,EXT,1.12155,0.00000
9,162,1791480534162,ENGINE,PLACE,9181,SELL_LIMIT,L,5,EXT,1.12225,0.00000
9,162,1791480534449,ENGINE,REMOVE,9177,BUY_LIMIT,L,7,ENT,1.11977,0.00000
9,164,1791480534777,ENGINE,PLACE,9182,BUY_LIMIT,L,6,ENT,1.12047,0.00000
9,164,1791480640486,DEAL,PLACE,9183,BUY_LIMIT,S,7,EXT,1.12077,0.00000
9,164,1791480640773,DEAL,FILL,9179,SELL_LIMIT,S,7,ENT,1.12177,0.00000
9,164,1791480640773,DEAL,REMOVE,9180,BUY_LIMIT,S,6,EXT,1.12007,0.00000
9,165,1791480640628,SYNC,REMOVE,9183,BUY_LIMIT,S,7,EXT,1.12077,0.00000
9,165,1791480640816,ENGINE,PLACE,9184,BUY_LIMIT,S,7,EXT,1.12077,0.00000
9,165,1791480830281,DEAL,FILL,9181,SELL_LIMIT,L,5,EXT,1.12225,0.00000
9,166,1791480830419,ENGINE,PLACE,9185,SELL_LIMIT,L,4,EXT,1.12303,0.00000
9,166,1791480830706,ENGINE,REMOVE,9182,BUY_LIMIT,L,6,ENT,1.12047,0.00000
9,168,1791480830819,ENGINE,PLACE,9186,BUY_LIMIT,L,5,ENT,1.12117,0.00000
9,168,1791481985895,DEAL,PLACE,9187,SELL_LIMIT,L,5,EXT,1.12216,0.00000
9,168,1791481986182,DEAL,PLACE,9188,BUY_LIMIT,L,6,ENT,1.12046,0.00000
9,168,1791481986469,DEAL,REMOVE,9185,SELL_LIMIT,L,4,EXT,1.12303,0.00000
9,168,1791481986512,DEAL,FILL,9186,BUY_LIMIT,L,5,ENT,1.12117,0.00000
9,169,1791481986425,SYNC,REMOVE,9187,SELL_LIMIT,L,5,EXT,1.12216,0.00000
9,169,1791481986512,ENGINE,PLACE,9189,SELL_LIMIT,L,5,EXT,1.12216,0.00000
9,169,1791482295970,DEAL,FILL,9184,BUY_LIMIT,S,7,EXT,1.12077,0.00000
9,170,1791482296109,ENGINE,PLACE,9190,BUY_LIMIT,S,6,EXT,1.12007,0.00000
9,170,1791482296396,ENGINE,PLACE,9191,SELL_LIMIT,S,7,ENT,1.12177,0.00000
9,172,1791483290554,DEAL,PLACE,9192,SELL_LIMIT,L,6,EXT,1.12145,0.00000
9,172,1791483290841,DEAL,PLACE,9193,BUY_LIMIT,L,7,ENT,1.11975,0.00000
9,172,1791483291128,DEAL,FILL,9188,BUY_LIMIT,L,6,ENT,1.12046,0.00000
9,172,1791483291128,DEAL,REMOVE,9189,SELL_LIMIT,L,5,EXT,1.12216,0.00000
9,173,1791483290894,SYNC,REMOVE,9192,SELL_LIMIT,L,6,EXT,1.12145,0.00000
9,173,1791483291171,ENGINE,PLACE,9194,SELL_LIMIT,L,6,EXT,1.12145,0.00000
9,173,1791483533693,DEAL,FILL,9190,BUY_LIMIT,S,6,EXT,1.12007,0.00000
9,174,1791483533834,ENGINE,PLACE,9195,BUY_LIMIT,S,5,EXT,1.11936,0.00000
9,174,1791483534121,ENGINE,REMOVE,9191,SELL_LIMIT,S,7,ENT,1.12177,0.00000
9,176,1791483534632,ENGINE,PLACE,9196,SELL_LIMIT,S,6,ENT,1.12106,0.00000
9,176,1791483555991,DEAL,PLACE,9197,SELL_LIMIT,L,7,EXT,1.12074,0.00000
9,176,1791483556278,DEAL,PLACE,9198,BUY_LIMIT,L,8,ENT,1.11904,0.00000
9,176,1791483556565,DEAL,FILL,9193,BUY_LIMIT,L,7,ENT,1.11975,0.00000
9,176,1791483556565,DEAL,REMOVE,9194,SELL_LIMIT,L,6,EXT,1.12145,0.00000
9,177,1791483556133,SYNC,REMOVE,9197,SELL_LIMIT,L,7,EXT,1.12074,0.00000
9,177,1791483556608,ENGINE,PLACE,9199,SELL_LIMIT,L,7,EXT,1.12074,0.00000
9,177,1791485266633,DEAL,FILL,9195,BUY_LIMIT,S,5,EXT,1.11936,0.00000
9,178,1791485267777,ENGINE,PLACE,9200,BUY_LIMIT,S,4,EXT,1.11866,0.00000
9,178,1791485268064,ENGINE,REMOVE,9196,SELL_LIMIT,S,6,ENT,1.12106,0.00000
9,178,1791485268389,ENGINE,PLACE,9201,SELL_LIMIT,S,5,ENT,1.12036,0.00000
9,180,1791485329106,DEAL,PLACE,9202,SELL_LIMIT,L,8,EXT,1.12000,0.00000
9,180,1791485329393,DEAL,PLACE,9203,BUY_LIMIT,L,9,ENT,1.11830,0.00000
9,180,1791485329680,DEAL,FILL,9198,BUY_LIMIT,L,8,ENT,1.11904,0.00000
9,180,1791485329680,DEAL,REMOVE,9199,SELL_LIMIT,L,7,EXT,1.12074,0.00000
9,181,1791485329244,SYNC,REMOVE,9202,SELL_LIMIT,L,8,EXT,1.12000,0.00000
9,181,1791485329723,ENGINE,PLACE,9204,SELL_LIMIT,L,8,EXT,1.12000,0.00000
9,181,1791486492388,DEAL,FILL,9200,BUY_LIMIT,S,4,EXT,1.11866,0.00000
9,182,1791486493334,ENGINE,PLACE,9205,BUY_LIMIT,S,3,EXT,1.11796,0.00000
9,182,1791486493621,ENGINE,REMOVE,9201,SELL_LIMIT,S,5,ENT,1.12036,0.00000
9,184,1791486493733,ENGINE,PLACE,9206,SELL_LIMIT,S,4,ENT,1.11966,0.00000
9,184,1791487037237,DEAL,PLACE,9207,BUY_LIMIT,S,4,EXT,1.11869,0.00000
9,184,1791487037524,DEAL,PLACE,9208,SELL_LIMIT,S,5,ENT,1.12039,0.00000
9,184,1791487037811,DEAL,REMOVE,9205,BUY_LIMIT,S,3,EXT,1.11796,0.00000
9,184,1791487037854,DEAL,FILL,9206,SELL_LIMIT,S,4,ENT,1.11966,0.00000
9,185,1791487042605,SYNC,REMOVE,9207,BUY_LIMIT,S,4,EXT,1.11869,0.00000
9,185,1791487042605,ENGINE,MODIFY,9208,SELL_LIMIT,S,5,ENT,1.12017,1.12039
9,185,1791487042893,ENGINE,PLACE,9209,BUY_LIMIT,S,4,EXT,1.11847,0.00000
9,185,1791487051309,DEAL,FILL,9204,SELL_LIMIT,L,8,EXT,1.12000,0.00000
9,185,1791487051943,CB_DONE,PLACE,9210,SELL_LIMIT,L,7,EXT,1.12074,0.00000
9,185,1791487052230,ENGINE,REMOVE,9203,BUY_LIMIT,L,9,ENT,1.11830,0.00000
9,185,1791487052451,ENGINE,PLACE,9211,BUY_LIMIT,L,8,ENT,1.11904,0.00000
9,188,1791487055059,ENGINE,MODIFY,9208,SELL_LIMIT,S,5,ENT,1.12022,1.12017
9,188,1791487055347,DEAL,PLACE,9212,BUY_LIMIT,S,5,EXT,1.11920,0.00000
9,188,1791487055634,DEAL,PLACE,9213,SELL_LIMIT,S,6,ENT,1.12090,0.00000
9,188,1791487055921,DEAL,FILL,9208,SELL_LIMIT,S,5,ENT,1.12017,0.00000
9,188,1791487055921,DEAL,REMOVE,9209,BUY_LIMIT,S,4,EXT,1.11847,0.00000
9,189,1791487057863,SYNC,REMOVE,9212,BUY_LIMIT,S,5,EXT,1.11920,0.00000
9,189,1791487057863,ENGINE,MODIFY,9213,SELL_LIMIT,S,6,ENT,1.12086,1.12090
9,189,1791487058151,ENGINE,PLACE,9214,BUY_LIMIT,S,5,EXT,1.11916,0.00000
9,189,1791487274124,DEAL,FILL,9214,BUY_LIMIT,S,5,EXT,1.11916,0.00000
9,190,1791487274261,ENGINE,PLACE,9215,BUY_LIMIT,S,4,EXT,1.11847,0.00000
9,190,1791487274548,ENGINE,REMOVE,9213,SELL_LIMIT,S,6,ENT,1.12086,0.00000
9,190,1791487274663,ENGINE,PLACE,9216,SELL_LIMIT,S,5,ENT,1.12017,0.00000
9,192,1791487807650,DEAL,PLACE,9217,SELL_LIMIT,L,8,EXT,1.12003,0.00000
9,192,1791487807937,DEAL,PLACE,9218,BUY_LIMIT,L,9,ENT,1.11833,0.00000
9,192,1791487808224,DEAL,REMOVE,9210,SELL_LIMIT,L,7,EXT,1.12074,0.00000
9,192,1791487808267,DEAL,FILL,9211,BUY_LIMIT,L,8,ENT,1.11904,0.00000
9,193,1791487808998,SYNC,REMOVE,9217,SELL_LIMIT,L,8,EXT,1.12003,0.00000
9,193,1791487808998,ENGINE,PLACE,9219,SELL_LIMIT,L,8,EXT,1.12003,0.00000
9,193,1791489721100,DEAL,FILL,9219,SELL_LIMIT,L,8,EXT,1.12003,0.00000
9,194,1791489721637,ENGINE,PLACE,9220,SELL_LIMIT,L,7,EXT,1.12074,0.00000
9,194,1791489721924,ENGINE,REMOVE,9218,BUY_LIMIT,L,9,ENT,1.11833,0.00000
9,196,1791489722045,ENGINE,PLACE,9221,BUY_LIMIT,L,8,ENT,1.11904,0.00000
9,196,1791489783975,DEAL,PLACE,9222,BUY_LIMIT,S,5,EXT,1.11920,0.00000
9,196,1791489784262,DEAL,PLACE,9223,SELL_LIMIT,S,6,ENT,1.12090,0.00000
9,196,1791489784549,DEAL,REMOVE,9215,BUY_LIMIT,S,4,EXT,1.11847,0.00000
9,196,1791489784592,DEAL,FILL,9216,SELL_LIMIT,S,5,ENT,1.12017,0.00000
9,197,1791489784120,SYNC,REMOVE,9222,BUY_LIMIT,S,5,EXT,1.11920,0.00000
9,197,1791489784592,ENGINE,PLACE,9224,BUY_LIMIT,S,5,EXT,1.11920,0.00000
9,197,1791490415551,DEAL,FILL,9220,SELL_LIMIT,L,7,EXT,1.12074,0.00000
9,198,1791490416505,ENGINE,PLACE,9225,SELL_LIMIT,L,6,EXT,1.12145,0.00000
9,198,1791490416792,ENGINE,REMOVE,9221,BUY_LIMIT,L,8,ENT,1.11904,0.00000
9,200,1791490417902,ENGINE,PLACE,9226,BUY_LIMIT,L,7,ENT,1.11975,0.00000
9,200,1791490556637,DEAL,PLACE,9227,BUY_LIMIT,S,6,EXT,1.11990,0.00000
9,200,1791490556924,DEAL,PLACE,9228,SELL_LIMIT,S,7,ENT,1.12160,0.00000
9,200,1791490557211,DEAL,FILL,9223,SELL_LIMIT,S,6,ENT,1.12090,0.00000
9,200,1791490557211,DEAL,REMOVE,9224,BUY_LIMIT,S,5,EXT,1.11920,0.00000
9,201,1791490556777,SYNC,REMOVE,9227,BUY_LIMIT,S,6,EXT,1.11990,0.00000
9,201,1791490557254,ENGINE,PLACE,9229,BUY_LIMIT,S,6,EXT,1.11990,0.00000
9,201,1791490674590,DEAL,FILL,9225,SELL_LIMIT,L,6,EXT,1.12145,0.00000
9,201,1791490675223,CB_DONE,PLACE,9230,SELL_LIMIT,L,5,EXT,1.12216,0.00000
9,202,1791490675532,ENGINE,REMOVE,9226,BUY_LIMIT,L,7,ENT,1.11975,0.00000
9,202,1791490675735,ENGINE,PLACE,9231,BUY_LIMIT,L,6,ENT,1.12046,0.00000
9,204,1791490684233,DEAL,PLACE,9232,BUY_LIMIT,S,7,EXT,1.12063,0.00000
9,204,1791490684520,DEAL,FILL,9228,SELL_LIMIT,S,7,ENT,1.12160,0.00000
9,204,1791490684520,DEAL,REMOVE,9229,BUY_LIMIT,S,6,EXT,1.11990,0.00000
9,205,1791490684371,SYNC,REMOVE,9232,BUY_LIMIT,S,7,EXT,1.12063,0.00000
9,205,1791490684563,ENGINE,PLACE,9233,BUY_LIMIT,S,7,EXT,1.12063,0.00000
9,205,1791493631859,DEAL,FILL,9233,BUY_LIMIT,S,7,EXT,1.12063,0.00000
9,206,1791493641675,ENGINE,PLACE,9234,BUY_LIMIT,S,6,EXT,1.11990,0.00000
9,206,1791493641962,ENGINE,PLACE,9235,SELL_LIMIT,S,7,ENT,1.12160,0.00000
9,208,1791493777390,DEAL,PLACE,9236,SELL_LIMIT,L,6,EXT,1.12143,0.00000
9,208,1791493777677,DEAL,PLACE,9237,BUY_LIMIT,L,7,ENT,1.11973,0.00000
9,208,1791493777964,DEAL,REMOVE,9230,SELL_LIMIT,L,5,EXT,1.12216,0.00000
9,208,1791493778007,DEAL,FILL,9231,BUY_LIMIT,L,6,ENT,1.12046,0.00000
9,209,1791493777528,SYNC,REMOVE,9236,SELL_LIMIT,L,6,EXT,1.12143,0.00000
9,209,1791493778007,ENGINE,PLACE,9238,SELL_LIMIT,L,6,EXT,1.12143,0.00000
9,209,1791499976439,DEAL,FILL,9238,SELL_LIMIT,L,6,EXT,1.12143,0.00000
9,210,1791499980185,ENGINE,PLACE,9239,SELL_LIMIT,L,5,EXT,1.12216,0.00000
9,210,1791499980472,ENGINE,REMOVE,9237,BUY_LIMIT,L,7,ENT,1.11973,0.00000
9,212,1791499985413,ENGINE,PLACE,9240,BUY_LIMIT,L,6,ENT,1.12046,0.00000
9,212,1791500867160,DEAL,PLACE,9241,BUY_LIMIT,S,7,EXT,1.12060,0.00000
9,212,1791500867447,DEAL,REMOVE,9234,BUY_LIMIT,S,6,EXT,1.11990,0.00000
9,212,1791500867490,DEAL,FILL,9235,SELL_LIMIT,S,7,ENT,1.12160,0.00000
9,213,1791500867498,SYNC,REMOVE,9241,BUY_LIMIT,S,7,EXT,1.12060,0.00000
9,213,1791500867498,ENGINE,PLACE,9242,BUY_LIMIT,S,7,EXT,1.12060,0.00000
9,213,1791503420000,TIMER,MODIFY,9049,SELL_LIMIT,L,3,EXT,1.12397,1.12373
9,213,1791503480000,TIMER,MODIFY,9053,BUY_LIMIT,S,0,EXT,1.11590,1.11586
9,213,1791503480288,TIMER,MODIFY,9239,SELL_LIMIT,L,5,EXT,1.12224,1.12216
9,213,1791503720000,TIMER,MODIFY,9242,BUY_LIMIT,S,7,EXT,1.12061,1.12060
9,213,1791504584797,ENGINE,MODIFY,9240,BUY_LIMIT,L,6,ENT,1.11998,1.12046
9,213,1791504585395,ENGINE,MODIFY,9240,BUY_LIMIT,L,6,ENT,1.12046,1.11998
9,213,1791504900466,ENGINE,MODIFY,9240,BUY_LIMIT,L,6,ENT,1.11998,1.12046
9,213,1791504901269,ENGINE,MODIFY,9240,BUY_LIMIT,L,6,ENT,1.12046,1.11998
