seg_id,sync_idx,time_ms,stage,action,ticket,type,side,layer,role,price,old_price
20,-1,1790842378834,ENGINE,PLACE,9000,BUY_LIMIT,L,0,ENT,1.13101,0.00000
20,-1,1790842379447,ENGINE,PLACE,9001,SELL_LIMIT,S,0,ENT,1.13241,0.00000
20,-1,1790845296208,DEAL,PLACE,9002,BUY_LIMIT,S,0,EXT,1.13141,0.00000
20,-1,1790845296502,DEAL,PLACE,9003,SELL_LIMIT,S,1,ENT,1.13311,0.00000
20,-1,1790845296796,DEAL,FILL,9001,SELL_LIMIT,S,0,ENT,1.13241,0.00000
20,-1,1790845300158,ENGINE,MODIFY,9000,BUY_LIMIT,L,0,ENT,1.13172,1.13101
21,-1,1790846487288,SEED,PLACE,1978117494,BUY_LIMIT,L,0,ENT,1.13172,0.00000
21,-1,1790846487288,SEED,PLACE,1978243207,BUY_LIMIT,S,0,EXT,1.13151,0.00000
21,-1,1790846487288,SEED,PLACE,1978243215,SELL_LIMIT,S,1,ENT,1.13311,0.00000
21,-1,1790847581642,DEAL,PLACE,9000,SELL_LIMIT,L,0,EXT,1.13261,0.00000
21,-1,1790847581936,DEAL,PLACE,9001,BUY_LIMIT,L,1,ENT,1.13101,0.00000
21,-1,1790847582230,DEAL,FILL,1978117494,BUY_LIMIT,L,0,ENT,1.13172,0.00000
21,-1,1790847601352,DEAL,FILL,1978243207,BUY_LIMIT,S,0,EXT,1.13151,0.00000
21,-1,1790847604281,ENGINE,PLACE,9002,SELL_LIMIT,S,0,ENT,1.13222,0.00000
21,-1,1790847604575,ENGINE,REMOVE,1978243215,SELL_LIMIT,S,1,ENT,1.13311,0.00000
21,-1,1790847652415,DEAL,PLACE,9003,SELL_LIMIT,L,1,EXT,1.13182,0.00000
21,-1,1790847652709,DEAL,PLACE,9004,BUY_LIMIT,L,2,ENT,1.13022,0.00000
21,-1,1790847653003,DEAL,FILL,9001,BUY_LIMIT,L,1,ENT,1.13101,0.00000
21,-1,1790847658568,ENGINE,MODIFY,9002,SELL_LIMIT,S,0,ENT,1.13152,1.13222
21,-1,1790848450552,DEAL,PLACE,9005,BUY_LIMIT,S,0,EXT,1.13064,0.00000
21,-1,1790848450846,DEAL,PLACE,9006,SELL_LIMIT,S,1,ENT,1.13224,0.00000
21,-1,1790848451140,DEAL,FILL,9002,SELL_LIMIT,S,0,ENT,1.13152,0.00000
21,-1,1790848654658,DEAL,FILL,9003,SELL_LIMIT,L,1,EXT,1.13182,0.00000
21,-1,1790848655174,ENGINE,REMOVE,9004,BUY_LIMIT,L,2,ENT,1.13022,0.00000
21,-1,1790848661210,ENGINE,PLACE,9007,BUY_LIMIT,L,1,ENT,1.13101,0.00000
21,-1,1790850146342,DEAL,PLACE,9008,SELL_LIMIT,L,1,EXT,1.13189,0.00000
21,-1,1790850146636,DEAL,PLACE,9009,BUY_LIMIT,L,2,ENT,1.13029,0.00000
21,-1,1790850146930,DEAL,FILL,9007,BUY_LIMIT,L,1,ENT,1.13101,0.00000
21,-1,1790850225057,DEAL,FILL,9005,BUY_LIMIT,S,0,EXT,1.13064,0.00000
21,-1,1790850225781,ENGINE,PLACE,9010,SELL_LIMIT,S,0,ENT,1.13122,0.00000
21,-1,1790850226075,ENGINE,REMOVE,9006,SELL_LIMIT,S,1,ENT,1.13224,0.00000
21,-1,1790850667231,DEAL,PLACE,9011,SELL_LIMIT,L,2,EXT,1.13102,0.00000
21,-1,1790850667525,DEAL,PLACE,9012,BUY_LIMIT,L,3,ENT,1.12942,0.00000
21,-1,1790850667819,DEAL,REMOVE,9008,SELL_LIMIT,L,1,EXT,1.13189,0.00000
21,-1,1790850667871,DEAL,FILL,9009,BUY_LIMIT,L,2,ENT,1.13029,0.00000
21,-1,1790851669809,DEAL,FILL,9011,SELL_LIMIT,L,2,EXT,1.13102,0.00000
21,-1,1790851670433,CB_DONE,PLACE,9013,SELL_LIMIT,L,1,EXT,1.13189,0.00000
21,-1,1790851670733,ENGINE,REMOVE,9012,BUY_LIMIT,L,3,ENT,1.12942,0.00000
21,-1,1790851671138,ENGINE,PLACE,9014,BUY_LIMIT,L,2,ENT,1.13029,0.00000
21,-1,1790852460661,DEAL,PLACE,9015,SELL_LIMIT,L,2,EXT,1.13117,0.00000
21,-1,1790852460955,DEAL,PLACE,9016,BUY_LIMIT,L,3,ENT,1.12957,0.00000
21,-1,1790852461249,DEAL,REMOVE,9013,SELL_LIMIT,L,1,EXT,1.13189,0.00000
21,-1,1790852461301,DEAL,FILL,9014,BUY_LIMIT,L,2,ENT,1.13029,0.00000
21,-1,1790852590965,ENGINE,MODIFY,9010,SELL_LIMIT,S,0,ENT,1.13051,1.13122
21,-1,1790853133100,DEAL,PLACE,9017,SELL_LIMIT,L,3,EXT,1.13045,0.00000
21,-1,1790853133394,DEAL,PLACE,9018,BUY_LIMIT,L,4,ENT,1.12885,0.00000
21,-1,1790853133688,DEAL,REMOVE,9015,SELL_LIMIT,L,2,EXT,1.13117,0.00000
21,-1,1790853133740,DEAL,FILL,9016,BUY_LIMIT,L,3,ENT,1.12957,0.00000
21,-1,1790853998906,DEAL,FILL,9017,SELL_LIMIT,L,3,EXT,1.13045,0.00000
21,-1,1790853999530,CB_DONE,PLACE,9019,SELL_LIMIT,L,2,EXT,1.13117,0.00000
21,-1,1790853999829,ENGINE,REMOVE,9018,BUY_LIMIT,L,4,ENT,1.12885,0.00000
21,-1,1790854000031,ENGINE,PLACE,9020,BUY_LIMIT,L,3,ENT,1.12957,0.00000
21,-1,1790854003573,DEAL,PLACE,9021,BUY_LIMIT,S,0,EXT,1.12960,0.00000
21,-1,1790854003867,DEAL,PLACE,9022,SELL_LIMIT,S,1,ENT,1.13120,0.00000
21,-1,1790854004161,DEAL,FILL,9010,SELL_LIMIT,S,0,ENT,1.13051,0.00000
21,-1,1790854582357,DEAL,FILL,9021,BUY_LIMIT,S,0,EXT,1.12960,0.00000
21,-1,1790854583683,ENGINE,PLACE,9023,SELL_LIMIT,S,0,ENT,1.13036,0.00000
21,-1,1790854583977,ENGINE,REMOVE,9022,SELL_LIMIT,S,1,ENT,1.13120,0.00000
21,-1,1790854590396,DEAL,PLACE,9024,SELL_LIMIT,L,3,EXT,1.13044,0.00000
21,-1,1790854590690,DEAL,PLACE,9025,BUY_LIMIT,L,4,ENT,1.12884,0.00000
21,-1,1790854590984,DEAL,REMOVE,9019,SELL_LIMIT,L,2,EXT,1.13117,0.00000
21,-1,1790854591036,DEAL,FILL,9020,BUY_LIMIT,L,3,ENT,1.12957,0.00000
21,-1,1790854775420,ENGINE,MODIFY,9023,SELL_LIMIT,S,0,ENT,1.12961,1.13036
21,-1,1790855595106,DEAL,PLACE,9026,SELL_LIMIT,L,4,EXT,1.12973,0.00000
21,-1,1790855595400,DEAL,PLACE,9027,BUY_LIMIT,L,5,ENT,1.12813,0.00000
21,-1,1790855595694,DEAL,REMOVE,9024,SELL_LIMIT,L,3,EXT,1.13044,0.00000
21,-1,1790855595746,DEAL,FILL,9025,BUY_LIMIT,L,4,ENT,1.12884,0.00000
21,-1,1790856460540,DEAL,PLACE,9028,BUY_LIMIT,S,0,EXT,1.12872,0.00000
21,-1,1790856460834,DEAL,PLACE,9029,SELL_LIMIT,S,1,ENT,1.13032,0.00000
21,-1,1790856461128,DEAL,FILL,9023,SELL_LIMIT,S,0,ENT,1.12961,0.00000
21,-1,1790856505806,DEAL,FILL,9026,SELL_LIMIT,L,4,EXT,1.12973,0.00000
21,-1,1790856506845,CB_DONE,PLACE,9030,SELL_LIMIT,L,3,EXT,1.13044,0.00000
21,-1,1790856507139,ENGINE,REMOVE,9027,BUY_LIMIT,L,5,ENT,1.12813,0.00000
21,-1,1790856507541,ENGINE,PLACE,9031,BUY_LIMIT,L,4,ENT,1.12884,0.00000
21,-1,1790858990842,DEAL,PLACE,9032,SELL_LIMIT,L,4,EXT,1.12972,0.00000
21,-1,1790858991136,DEAL,PLACE,9033,BUY_LIMIT,L,5,ENT,1.12812,0.00000
21,-1,1790858991430,DEAL,REMOVE,9030,SELL_LIMIT,L,3,EXT,1.13044,0.00000
21,-1,1790858991482,DEAL,FILL,9031,BUY_LIMIT,L,4,ENT,1.12884,0.00000
21,-1,1790859005515,DEAL,FILL,9028,BUY_LIMIT,S,0,EXT,1.12872,0.00000
21,-1,1790859006839,ENGINE,PLACE,9034,SELL_LIMIT,S,0,ENT,1.12934,0.00000
21,-1,1790859007133,ENGINE,REMOVE,9029,SELL_LIMIT,S,1,ENT,1.13032,0.00000
21,-1,1790859280961,DEAL,PLACE,9035,SELL_LIMIT,L,5,EXT,1.12901,0.00000
21,-1,1790859281255,DEAL,PLACE,9036,BUY_LIMIT,L,6,ENT,1.12741,0.00000
21,-1,1790859281549,DEAL,REMOVE,9032,SELL_LIMIT,L,4,EXT,1.12972,0.00000
21,-1,1790859281601,DEAL,FILL,9033,BUY_LIMIT,L,5,ENT,1.12812,0.00000
21,-1,1790859321481,ENGINE,MODIFY,9034,SELL_LIMIT,S,0,ENT,1.12857,1.12934
21,-1,1790859566721,ENGINE,MODIFY,9034,SELL_LIMIT,S,0,ENT,1.12787,1.12857
21,-1,1790859567022,DEAL,PLACE,9037,SELL_LIMIT,L,6,EXT,1.12808,0.00000
21,-1,1790859567316,DEAL,PLACE,9038,BUY_LIMIT,L,7,ENT,1.12648,0.00000
21,-1,1790859567610,DEAL,REMOVE,9035,SELL_LIMIT,L,5,EXT,1.12901,0.00000
21,-1,1790859567662,DEAL,FILL,9036,BUY_LIMIT,L,6,ENT,1.12741,0.00000
21,-1,1790860512883,DEAL,PLACE,9039,BUY_LIMIT,S,0,EXT,1.12698,0.00000
21,-1,1790860513177,DEAL,PLACE,9040,SELL_LIMIT,S,1,ENT,1.12858,0.00000
21,-1,1790860513471,DEAL,FILL,9034,SELL_LIMIT,S,0,ENT,1.12787,0.00000
21,-1,1790860721154,DEAL,FILL,9037,SELL_LIMIT,L,6,EXT,1.12808,0.00000
21,-1,1790860721583,CB_DONE,PLACE,9041,SELL_LIMIT,L,5,EXT,1.12901,0.00000
21,-1,1790860721877,ENGINE,REMOVE,9038,BUY_LIMIT,L,7,ENT,1.12648,0.00000
21,-1,1790860722080,ENGINE,PLACE,9042,BUY_LIMIT,L,6,ENT,1.12741,0.00000
21,-1,1790861224938,DEAL,PLACE,9043,BUY_LIMIT,S,1,EXT,1.12776,0.00000
21,-1,1790861225232,DEAL,PLACE,9044,SELL_LIMIT,S,2,ENT,1.12936,0.00000
21,-1,1790861225526,DEAL,FILL,9040,SELL_LIMIT,S,1,ENT,1.12858,0.00000
21,-1,1790861419940,DEAL,FILL,9041,SELL_LIMIT,L,5,EXT,1.12901,0.00000
21,-1,1790861420366,CB_DONE,PLACE,9045,SELL_LIMIT,L,4,EXT,1.12972,0.00000
21,-1,1790861420868,ENGINE,REMOVE,9042,BUY_LIMIT,L,6,ENT,1.12741,0.00000
21,-1,1790861421069,ENGINE,PLACE,9046,BUY_LIMIT,L,5,ENT,1.12812,0.00000
21,-1,1790861704839,DEAL,PLACE,9047,BUY_LIMIT,S,2,EXT,1.12846,0.00000
21,-1,1790861705133,DEAL,PLACE,9048,SELL_LIMIT,S,3,ENT,1.13006,0.00000
21,-1,1790861705427,DEAL,REMOVE,9043,BUY_LIMIT,S,1,EXT,1.12776,0.00000
21,-1,1790861705479,DEAL,FILL,9044,SELL_LIMIT,S,2,ENT,1.12936,0.00000
21,-1,1790862850583,DEAL,FILL,9045,SELL_LIMIT,L,4,EXT,1.12972,0.00000
21,-1,1790862852419,CB_DONE,PLACE,9049,SELL_LIMIT,L,3,EXT,1.13044,0.00000
21,-1,1790862853317,ENGINE,REMOVE,9046,BUY_LIMIT,L,5,ENT,1.12812,0.00000
21,-1,1790862854121,ENGINE,PLACE,9050,BUY_LIMIT,L,4,ENT,1.12884,0.00000
21,-1,1790864084685,DEAL,PLACE,9051,SELL_LIMIT,L,4,EXT,1.12974,0.00000
21,-1,1790864084979,DEAL,PLACE,9052,BUY_LIMIT,L,5,ENT,1.12814,0.00000
21,-1,1790864085273,DEAL,REMOVE,9049,SELL_LIMIT,L,3,EXT,1.13044,0.00000
21,-1,1790864085325,DEAL,FILL,9050,BUY_LIMIT,L,4,ENT,1.12884,0.00000
21,-1,1790864188046,DEAL,FILL,9047,BUY_LIMIT,S,2,EXT,1.12846,0.00000
21,-1,1790864188664,CB_DONE,PLACE,9053,BUY_LIMIT,S,1,EXT,1.12776,0.00000
21,-1,1790864188958,ENGINE,REMOVE,9048,SELL_LIMIT,S,3,ENT,1.13006,0.00000
21,-1,1790864189564,ENGINE,PLACE,9054,SELL_LIMIT,S,2,ENT,1.12936,0.00000
21,-1,1790864808621,DEAL,PLACE,9055,SELL_LIMIT,L,5,EXT,1.12904,0.00000
21,-1,1790864808915,DEAL,PLACE,9056,BUY_LIMIT,L,6,ENT,1.12744,0.00000
21,-1,1790864809209,DEAL,REMOVE,9051,SELL_LIMIT,L,4,EXT,1.12974,0.00000
21,-1,1790864809261,DEAL,FILL,9052,BUY_LIMIT,L,5,ENT,1.12814,0.00000
21,-1,1790865382177,DEAL,FILL,9055,SELL_LIMIT,L,5,EXT,1.12904,0.00000
21,-1,1790865382798,CB_DONE,PLACE,9057,SELL_LIMIT,L,4,EXT,1.12974,0.00000
21,-1,1790865383092,ENGINE,REMOVE,9056,BUY_LIMIT,L,6,ENT,1.12744,0.00000
21,-1,1790865383301,ENGINE,PLACE,9058,BUY_LIMIT,L,5,ENT,1.12814,0.00000
21,-1,1790865580068,DEAL,PLACE,9059,BUY_LIMIT,S,2,EXT,1.12847,0.00000
21,-1,1790865580362,DEAL,PLACE,9060,SELL_LIMIT,S,3,ENT,1.13007,0.00000
21,-1,1790865580656,DEAL,REMOVE,9053,BUY_LIMIT,S,1,EXT,1.12776,0.00000
21,-1,1790865580708,DEAL,FILL,9054,SELL_LIMIT,S,2,ENT,1.12936,0.00000
21,-1,1790865792242,DEAL,FILL,9057,SELL_LIMIT,L,4,EXT,1.12974,0.00000
21,-1,1790865793074,CB_DONE,PLACE,9061,SELL_LIMIT,L,3,EXT,1.13044,0.00000
21,-1,1790865793375,ENGINE,REMOVE,9058,BUY_LIMIT,L,5,ENT,1.12814,0.00000
21,-1,1790865793574,ENGINE,PLACE,9062,BUY_LIMIT,L,4,ENT,1.12884,0.00000
21,-1,1790866070955,DEAL,PLACE,9063,BUY_LIMIT,S,3,EXT,1.12918,0.00000
21,-1,1790866071249,DEAL,PLACE,9064,SELL_LIMIT,S,4,ENT,1.13078,0.00000
21,-1,1790866071543,DEAL,REMOVE,9059,BUY_LIMIT,S,2,EXT,1.12847,0.00000
21,-1,1790866071595,DEAL,FILL,9060,SELL_LIMIT,S,3,ENT,1.13007,0.00000
21,-1,1790866323352,DEAL,FILL,9061,SELL_LIMIT,L,3,EXT,1.13044,0.00000
21,-1,1790866323773,CB_DONE,PLACE,9065,SELL_LIMIT,L,2,EXT,1.13117,0.00000
21,-1,1790866324676,ENGINE,REMOVE,9062,BUY_LIMIT,L,4,ENT,1.12884,0.00000
21,-1,1790866324877,ENGINE,PLACE,9066,BUY_LIMIT,L,3,ENT,1.12957,0.00000
21,-1,1790866501408,DEAL,PLACE,9067,BUY_LIMIT,S,4,EXT,1.12997,0.00000
21,-1,1790866501702,DEAL,PLACE,9068,SELL_LIMIT,S,5,ENT,1.13157,0.00000
21,-1,1790866501996,DEAL,REMOVE,9063,BUY_LIMIT,S,3,EXT,1.12918,0.00000
21,-1,1790866502048,DEAL,FILL,9064,SELL_LIMIT,S,4,ENT,1.13078,0.00000
21,-1,1790866633960,DEAL,FILL,9065,SELL_LIMIT,L,2,EXT,1.13117,0.00000
21,-1,1790866634582,CB_DONE,PLACE,9069,SELL_LIMIT,L,1,EXT,1.13189,0.00000
21,-1,1790866637492,ENGINE,REMOVE,9066,BUY_LIMIT,L,3,ENT,1.12957,0.00000
21,-1,1790866638103,ENGINE,PLACE,9070,BUY_LIMIT,L,2,ENT,1.13029,0.00000
21,-1,1790867104886,DEAL,PLACE,9071,SELL_LIMIT,L,2,EXT,1.13120,0.00000
21,-1,1790867105180,DEAL,PLACE,9072,BUY_LIMIT,L,3,ENT,1.12960,0.00000
21,-1,1790867105474,DEAL,REMOVE,9069,SELL_LIMIT,L,1,EXT,1.13189,0.00000
21,-1,1790867105526,DEAL,FILL,9070,BUY_LIMIT,L,2,ENT,1.13029,0.00000
21,-1,1790867381181,DEAL,FILL,9067,BUY_LIMIT,S,4,EXT,1.12997,0.00000
21,-1,1790867382004,CB_DONE,PLACE,9073,BUY_LIMIT,S,3,EXT,1.12918,0.00000
21,-1,1790867382298,ENGINE,REMOVE,9068,SELL_LIMIT,S,5,ENT,1.13157,0.00000
21,-1,1790867383111,ENGINE,PLACE,9074,SELL_LIMIT,S,4,ENT,1.13078,0.00000
21,-1,1790867806042,DEAL,PLACE,9075,SELL_LIMIT,L,3,EXT,1.13051,0.00000
21,-1,1790867806336,DEAL,PLACE,9076,BUY_LIMIT,L,4,ENT,1.12891,0.00000
21,-1,1790867806630,DEAL,REMOVE,9071,SELL_LIMIT,L,2,EXT,1.13120,0.00000
21,-1,1790867806682,DEAL,FILL,9072,BUY_LIMIT,L,3,ENT,1.12960,0.00000
21,-1,1790868367122,DEAL,FILL,9073,BUY_LIMIT,S,3,EXT,1.12918,0.00000
21,-1,1790868367552,CB_DONE,PLACE,9077,BUY_LIMIT,S,2,EXT,1.12847,0.00000
21,-1,1790868367846,ENGINE,REMOVE,9074,SELL_LIMIT,S,4,ENT,1.13078,0.00000
21,-1,1790868368043,ENGINE,PLACE,9078,SELL_LIMIT,S,3,ENT,1.13007,0.00000
21,-1,1790869671195,DEAL,PLACE,9079,SELL_LIMIT,L,4,EXT,1.12982,0.00000
21,-1,1790869671489,DEAL,PLACE,9080,BUY_LIMIT,L,5,ENT,1.12822,0.00000
21,-1,1790869671783,DEAL,REMOVE,9075,SELL_LIMIT,L,3,EXT,1.13051,0.00000
21,-1,1790869671835,DEAL,FILL,9076,BUY_LIMIT,L,4,ENT,1.12891,0.00000
21,-1,1790870349694,DEAL,FILL,9077,BUY_LIMIT,S,2,EXT,1.12847,0.00000
21,-1,1790870351723,CB_DONE,PLACE,9081,BUY_LIMIT,S,1,EXT,1.12776,0.00000
21,-1,1790870352017,ENGINE,REMOVE,9078,SELL_LIMIT,S,3,ENT,1.13007,0.00000
21,-1,1790870352635,ENGINE,PLACE,9082,SELL_LIMIT,S,2,ENT,1.12936,0.00000
21,-1,1790872854632,DEAL,PLACE,9083,SELL_LIMIT,L,5,EXT,1.12912,0.00000
21,-1,1790872854926,DEAL,PLACE,9084,BUY_LIMIT,L,6,ENT,1.12752,0.00000
21,-1,1790872855220,DEAL,REMOVE,9079,SELL_LIMIT,L,4,EXT,1.12982,0.00000
21,-1,1790872855272,DEAL,FILL,9080,BUY_LIMIT,L,5,ENT,1.12822,0.00000
21,-1,1790873250145,DEAL,FILL,9083,SELL_LIMIT,L,5,EXT,1.12912,0.00000
21,-1,1790873250771,CB_DONE,PLACE,9085,SELL_LIMIT,L,4,EXT,1.12982,0.00000
21,-1,1790873251478,ENGINE,REMOVE,9084,BUY_LIMIT,L,6,ENT,1.12752,0.00000
21,-1,1790873251674,ENGINE,PLACE,9086,BUY_LIMIT,L,5,ENT,1.12822,0.00000
21,-1,1790873523457,DEAL,PLACE,9087,BUY_LIMIT,S,2,EXT,1.12855,0.00000
21,-1,1790873523751,DEAL,PLACE,9088,SELL_LIMIT,S,3,ENT,1.13015,0.00000
21,-1,1790873524045,DEAL,REMOVE,9081,BUY_LIMIT,S,1,EXT,1.12776,0.00000
21,-1,1790873524097,DEAL,FILL,9082,SELL_LIMIT,S,2,ENT,1.12936,0.00000
21,-1,1790874324603,DEAL,FILL,9087,BUY_LIMIT,S,2,EXT,1.12855,0.00000
21,-1,1790874325628,CB_DONE,PLACE,9089,BUY_LIMIT,S,1,EXT,1.12776,0.00000
21,-1,1790874325928,ENGINE,REMOVE,9088,SELL_LIMIT,S,3,ENT,1.13015,0.00000
21,-1,1790874326131,ENGINE,PLACE,9090,SELL_LIMIT,S,2,ENT,1.12936,0.00000
21,-1,1790874521352,DEAL,PLACE,9091,BUY_LIMIT,S,2,EXT,1.12843,0.00000
21,-1,1790874521646,DEAL,PLACE,9092,SELL_LIMIT,S,3,ENT,1.13003,0.00000
21,-1,1790874521940,DEAL,REMOVE,9089,BUY_LIMIT,S,1,EXT,1.12776,0.00000
21,-1,1790874521992,DEAL,FILL,9090,SELL_LIMIT,S,2,ENT,1.12936,0.00000
21,-1,1790874820503,DEAL,FILL,9091,BUY_LIMIT,S,2,EXT,1.12843,0.00000
21,-1,1790874820927,CB_DONE,PLACE,9093,BUY_LIMIT,S,1,EXT,1.12776,0.00000
21,-1,1790874821221,ENGINE,REMOVE,9092,SELL_LIMIT,S,3,ENT,1.13003,0.00000
21,-1,1790874821830,ENGINE,PLACE,9094,SELL_LIMIT,S,2,ENT,1.12936,0.00000
21,-1,1790875895602,DEAL,PLACE,9095,SELL_LIMIT,L,5,EXT,1.12905,0.00000
21,-1,1790875895896,DEAL,PLACE,9096,BUY_LIMIT,L,6,ENT,1.12745,0.00000
21,-1,1790875896190,DEAL,REMOVE,9085,SELL_LIMIT,L,4,EXT,1.12982,0.00000
21,-1,1790875896242,DEAL,FILL,9086,BUY_LIMIT,L,5,ENT,1.12822,0.00000
21,-1,1790876593877,DEAL,FILL,9093,BUY_LIMIT,S,1,EXT,1.12776,0.00000
21,-1,1790876594604,ENGINE,REMOVE,9094,SELL_LIMIT,S,2,ENT,1.12936,0.00000
21,-1,1790876594806,ENGINE,PLACE,9097,SELL_LIMIT,S,1,ENT,1.12858,0.00000
21,-1,1790876625446,DEAL,PLACE,9098,SELL_LIMIT,L,6,EXT,1.12832,0.00000
21,-1,1790876625740,DEAL,PLACE,9099,BUY_LIMIT,L,7,ENT,1.12672,0.00000
21,-1,1790876626034,DEAL,REMOVE,9095,SELL_LIMIT,L,5,EXT,1.12905,0.00000
21,-1,1790876626086,DEAL,FILL,9096,BUY_LIMIT,L,6,ENT,1.12745,0.00000
21,-1,1790876794455,DEAL,FILL,9039,BUY_LIMIT,S,0,EXT,1.12698,0.00000
21,-1,1790876795578,ENGINE,PLACE,9100,SELL_LIMIT,S,0,ENT,1.12765,0.00000
21,-1,1790876795872,ENGINE,REMOVE,9097,SELL_LIMIT,S,1,ENT,1.12858,0.00000
21,-1,1790876816367,DEAL,PLACE,9101,SELL_LIMIT,L,7,EXT,1.12762,0.00000
21,-1,1790876816661,DEAL,REMOVE,9098,SELL_LIMIT,L,6,EXT,1.12832,0.00000
21,-1,1790876816713,DEAL,FILL,9099,BUY_LIMIT,L,7,ENT,1.12672,0.00000
21,-1,1790877131802,ENGINE,MODIFY,9100,SELL_LIMIT,S,0,ENT,1.12694,1.12765
21,-1,1790877913638,LATTICE,MODIFY,9000,SELL_LIMIT,L,0,EXT,1.12692,1.13261
21,-1,1790877913939,LATTICE,PLACE,9102,SELL_LIMIT,L,1,EXT,1.13189,0.00000
21,-1,1790877914233,LATTICE,REMOVE,9101,SELL_LIMIT,L,7,EXT,1.12762,0.00000
21,-1,1790877943990,ENGINE,MODIFY,9100,SELL_LIMIT,S,0,ENT,1.12624,1.12694
21,-1,1790877964489,LATTICE,MODIFY,9102,SELL_LIMIT,L,1,EXT,1.12622,1.13189
21,-1,1790877964790,LATTICE,PLACE,9103,SELL_LIMIT,L,2,EXT,1.13120,0.00000
21,-1,1790877965084,LATTICE,REMOVE,9000,SELL_LIMIT,L,0,EXT,1.12692,0.00000
21,-1,1790879420793,ENGINE,MODIFY,9100,SELL_LIMIT,S,0,ENT,1.12554,1.12624
21,-1,1790879435254,LATTICE,MODIFY,9103,SELL_LIMIT,L,2,EXT,1.12552,1.13120
21,-1,1790879435555,LATTICE,PLACE,9104,SELL_LIMIT,L,3,EXT,1.13051,0.00000
21,-1,1790879435849,LATTICE,REMOVE,9102,SELL_LIMIT,L,1,EXT,1.12622,0.00000
21,-1,1790879436257,LATTICE,MODIFY,9104,SELL_LIMIT,L,3,EXT,1.12482,1.13051
21,-1,1790879436558,LATTICE,PLACE,9105,SELL_LIMIT,L,4,EXT,1.12982,0.00000
21,-1,1790879436852,LATTICE,REMOVE,9103,SELL_LIMIT,L,2,EXT,1.12552,0.00000
21,-1,1790879436904,ENGINE,MODIFY,9100,SELL_LIMIT,S,0,ENT,1.12462,1.12554
21,-1,1790879661027,LATTICE,MODIFY,9105,SELL_LIMIT,L,4,EXT,1.12412,1.12982
21,-1,1790879661328,LATTICE,PLACE,9106,SELL_LIMIT,L,5,EXT,1.12905,0.00000
21,-1,1790879661622,LATTICE,REMOVE,9104,SELL_LIMIT,L,3,EXT,1.12482,0.00000
21,-1,1790879661674,ENGINE,MODIFY,9100,SELL_LIMIT,S,0,ENT,1.12388,1.12462
21,-1,1790879813294,DEAL,PLACE,9107,BUY_LIMIT,S,0,EXT,1.12298,0.00000
21,-1,1790879813588,DEAL,FILL,9100,SELL_LIMIT,S,0,ENT,1.12388,0.00000
21,-1,1790879829797,DEAL,FILL,9105,SELL_LIMIT,L,4,EXT,1.12412,0.00000
21,-1,1790879830210,CB_DONE,PLACE,9108,SELL_LIMIT,L,3,EXT,1.12482,0.00000
21,-1,1790880603864,DEAL,FILL,9107,BUY_LIMIT,S,0,EXT,1.12298,0.00000
21,-1,1790881646656,ENGINE,PLACE,9109,SELL_LIMIT,S,0,ENT,1.12448,0.00000
21,-1,1790881647056,ENGINE,PLACE,9110,BUY_LIMIT,L,8,ENT,1.12322,0.00000
21,-1,1790882790753,DEAL,PLACE,9111,BUY_LIMIT,S,0,EXT,1.12360,0.00000
21,-1,1790882791047,DEAL,PLACE,9112,SELL_LIMIT,S,1,ENT,1.12520,0.00000
21,-1,1790882791341,DEAL,FILL,9109,SELL_LIMIT,S,0,ENT,1.12448,0.00000
21,-1,1790883100155,DEAL,FILL,9111,BUY_LIMIT,S,0,EXT,1.12360,0.00000
21,-1,1790883101484,ENGINE,PLACE,9113,SELL_LIMIT,S,0,ENT,1.12427,0.00000
21,-1,1790883101778,ENGINE,REMOVE,9112,SELL_LIMIT,S,1,ENT,1.12520,0.00000
21,-1,1790883217160,DEAL,PLACE,9114,SELL_LIMIT,L,8,EXT,1.12412,0.00000
21,-1,1790883217454,DEAL,REMOVE,9108,SELL_LIMIT,L,3,EXT,1.12482,0.00000
21,-1,1790883217506,DEAL,FILL,9110,BUY_LIMIT,L,8,ENT,1.12322,0.00000
21,-1,1790883363695,ENGINE,MODIFY,9113,SELL_LIMIT,S,0,ENT,1.12356,1.12427
21,-1,1790883659640,LATTICE,MODIFY,9106,SELL_LIMIT,L,5,EXT,1.12342,1.12905
21,-1,1790883659941,LATTICE,PLACE,9115,SELL_LIMIT,L,6,EXT,1.12832,0.00000
21,-1,1790883660235,LATTICE,REMOVE,9114,SELL_LIMIT,L,8,EXT,1.12412,0.00000
21,-1,1790884144632,ENGINE,MODIFY,9113,SELL_LIMIT,S,0,ENT,1.12286,1.12356
21,-1,1790884315624,LATTICE,MODIFY,9115,SELL_LIMIT,L,6,EXT,1.12272,1.12832
21,-1,1790884315925,LATTICE,PLACE,9116,SELL_LIMIT,L,7,EXT,1.12762,0.00000
21,-1,1790884316219,LATTICE,REMOVE,9106,SELL_LIMIT,L,5,EXT,1.12342,0.00000
21,-1,1790886233869,DEAL,FILL,9115,SELL_LIMIT,L,6,EXT,1.12272,0.00000
21,-1,1790886235092,CB_DONE,PLACE,9117,SELL_LIMIT,L,5,EXT,1.12342,0.00000
21,-1,1790886235591,ENGINE,PLACE,9118,BUY_LIMIT,L,9,ENT,1.12182,0.00000
21,-1,1790886305324,DEAL,PLACE,9119,BUY_LIMIT,S,0,EXT,1.12203,0.00000
21,-1,1790886305618,DEAL,PLACE,9120,SELL_LIMIT,S,1,ENT,1.12363,0.00000
21,-1,1790886305912,DEAL,FILL,9113,SELL_LIMIT,S,0,ENT,1.12286,0.00000
21,-1,1790886603162,DEAL,FILL,9117,SELL_LIMIT,L,5,EXT,1.12342,0.00000
21,-1,1790886603583,CB_DONE,PLACE,9121,SELL_LIMIT,L,8,EXT,1.12412,0.00000
21,-1,1790886603877,ENGINE,MODIFY,9118,BUY_LIMIT,L,9,ENT,1.12252,1.12182
21,-1,1790886604368,DEAL,PLACE,9122,BUY_LIMIT,S,1,EXT,1.12273,0.00000
21,-1,1790886604662,DEAL,PLACE,9123,SELL_LIMIT,S,2,ENT,1.12433,0.00000
21,-1,1790886604956,DEAL,FILL,9120,SELL_LIMIT,S,1,ENT,1.12363,0.00000
21,-1,1790887703355,DEAL,FILL,9122,BUY_LIMIT,S,1,EXT,1.12273,0.00000
21,-1,1790887704077,ENGINE,REMOVE,9123,SELL_LIMIT,S,2,ENT,1.12433,0.00000
21,-1,1790887704478,ENGINE,PLACE,9124,SELL_LIMIT,S,1,ENT,1.12363,0.00000
21,-1,1790888097726,DEAL,PLACE,9125,SELL_LIMIT,L,9,EXT,1.12342,0.00000
21,-1,1790888098020,DEAL,PLACE,9126,BUY_LIMIT,L,10,ENT,1.12182,0.00000
21,-1,1790888098314,DEAL,FILL,9118,BUY_LIMIT,L,9,ENT,1.12252,0.00000
21,-1,1790888098314,DEAL,REMOVE,9121,SELL_LIMIT,L,8,EXT,1.12412,0.00000
21,-1,1790890495275,DEAL,FILL,9125,SELL_LIMIT,L,9,EXT,1.12342,0.00000
21,-1,1790890495696,CB_DONE,PLACE,9127,SELL_LIMIT,L,8,EXT,1.12412,0.00000
21,-1,1790890495990,ENGINE,REMOVE,9126,BUY_LIMIT,L,10,ENT,1.12182,0.00000
21,-1,1790890496394,ENGINE,PLACE,9128,BUY_LIMIT,L,9,ENT,1.12252,0.00000
21,-1,1790890511142,DEAL,PLACE,9129,BUY_LIMIT,S,1,EXT,1.12274,0.00000
21,-1,1790890511436,DEAL,PLACE,9130,SELL_LIMIT,S,2,ENT,1.12434,0.00000
21,-1,1790890511730,DEAL,FILL,9124,SELL_LIMIT,S,1,ENT,1.12363,0.00000
21,-1,1790893724808,DEAL,FILL,9127,SELL_LIMIT,L,8,EXT,1.12412,0.00000
21,-1,1790893727267,CB_DONE,PLACE,9131,SELL_LIMIT,L,3,EXT,1.12482,0.00000
21,-1,1790893729767,ENGINE,REMOVE,9128,BUY_LIMIT,L,9,ENT,1.12252,0.00000
21,-1,1790893729970,ENGINE,PLACE,9132,BUY_LIMIT,L,8,ENT,1.12322,0.00000
21,-1,1790893870785,DEAL,PLACE,9133,BUY_LIMIT,S,2,EXT,1.12344,0.00000
21,-1,1790893871079,DEAL,PLACE,9134,SELL_LIMIT,S,3,ENT,1.12504,0.00000
21,-1,1790893871373,DEAL,REMOVE,9129,BUY_LIMIT,S,1,EXT,1.12274,0.00000
21,-1,1790893871425,DEAL,FILL,9130,SELL_LIMIT,S,2,ENT,1.12434,0.00000
21,-1,1790898687288,TIMER,MODIFY,9131,SELL_LIMIT,L,3,EXT,1.12490,1.12482
21,-1,1790898747288,TIMER,MODIFY,9116,SELL_LIMIT,L,7,EXT,1.12770,1.12762
21,-1,1790898747589,TIMER,MODIFY,9119,BUY_LIMIT,S,0,EXT,1.12204,1.12203
21,-1,1790898807288,TIMER,MODIFY,9133,BUY_LIMIT,S,2,EXT,1.12345,1.12344
22,-1,1790900423001,SEED,PLACE,1980743306,SELL_LIMIT,L,3,EXT,1.12490,0.00000
22,-1,1790900423001,SEED,PLACE,1980342588,SELL_LIMIT,L,7,EXT,1.12770,0.00000
22,-1,1790900423001,SEED,PLACE,1980743315,BUY_LIMIT,L,8,ENT,1.12322,0.00000
22,-1,1790900423001,SEED,PLACE,1980417634,BUY_LIMIT,S,0,EXT,1.12137,0.00000
22,-1,1790900423001,SEED,PLACE,1980748293,BUY_LIMIT,S,3,EXT,1.12345,0.00000
22,-1,1790900423001,SEED,PLACE,1980748332,SELL_LIMIT,S,4,ENT,1.12504,0.00000
22,-1,1790910024435,DEAL,FILL,1980743306,SELL_LIMIT,L,3,EXT,1.12490,0.00000
22,-1,1790910024867,CB_DONE,PLACE,9000,SELL_LIMIT,L,2,EXT,1.12560,0.00000
22,-1,1790910025161,ENGINE,MODIFY,1980743315,BUY_LIMIT,L,8,ENT,1.12392,1.12322
22,-1,1790911789235,DEAL,PLACE,9001,SELL_LIMIT,L,8,EXT,1.12482,0.00000
22,-1,1790911789529,DEAL,PLACE,9002,BUY_LIMIT,L,9,ENT,1.12322,0.00000
22,-1,1790911789823,DEAL,FILL,1980743315,BUY_LIMIT,L,8,ENT,1.12392,0.00000
22,-1,1790911789823,DEAL,REMOVE,9000,SELL_LIMIT,L,2,EXT,1.12560,0.00000
22,-1,1790913555484,DEAL,FILL,1980748293,BUY_LIMIT,S,3,EXT,1.12345,0.00000
22,-1,1790913557305,CB_DONE,PLACE,9003,BUY_LIMIT,S,2,EXT,1.12275,0.00000
22,-1,1790913557599,ENGINE,REMOVE,1980748332,SELL_LIMIT,S,4,ENT,1.12504,0.00000
22,-1,1790913557810,ENGINE,PLACE,9004,SELL_LIMIT,S,3,ENT,1.12434,0.00000
22,-1,1790915684615,DEAL,PLACE,9005,SELL_LIMIT,L,9,EXT,1.12413,0.00000
22,-1,1790915684909,DEAL,PLACE,9006,BUY_LIMIT,L,10,ENT,1.12253,0.00000
22,-1,1790915685203,DEAL,REMOVE,9001,SELL_LIMIT,L,8,EXT,1.12482,0.00000
22,-1,1790915685255,DEAL,FILL,9002,BUY_LIMIT,L,9,ENT,1.12322,0.00000
22,-1,1790917500263,DEAL,FILL,9005,SELL_LIMIT,L,9,EXT,1.12413,0.00000
22,-1,1790917500691,CB_DONE,PLACE,9007,SELL_LIMIT,L,8,EXT,1.12482,0.00000
22,-1,1790917501783,ENGINE,REMOVE,9006,BUY_LIMIT,L,10,ENT,1.12253,0.00000
22,-1,1790917503590,ENGINE,PLACE,9008,BUY_LIMIT,L,9,ENT,1.12322,0.00000
22,-1,1790919377099,DEAL,PLACE,9009,BUY_LIMIT,S,3,EXT,1.12344,0.00000
22,-1,1790919377393,DEAL,PLACE,9010,SELL_LIMIT,S,4,ENT,1.12504,0.00000
22,-1,1790919377687,DEAL,REMOVE,9003,BUY_LIMIT,S,2,EXT,1.12275,0.00000
22,-1,1790919377739,DEAL,FILL,9004,SELL_LIMIT,S,3,ENT,1.12434,0.00000
23,-1,1790920989002,SEED,PLACE,1980342588,SELL_LIMIT,L,7,EXT,1.12770,0.00000
23,-1,1790920989002,SEED,PLACE,1981323545,SELL_LIMIT,L,8,EXT,1.12482,0.00000
23,-1,1790920989002,SEED,PLACE,1981323880,BUY_LIMIT,L,9,ENT,1.12322,0.00000
23,-1,1790920989002,SEED,PLACE,1980417634,BUY_LIMIT,S,0,EXT,1.12137,0.00000
23,-1,1790920989002,SEED,PLACE,1981389976,BUY_LIMIT,S,3,EXT,1.12344,0.00000
23,-1,1790920989002,SEED,PLACE,1981389991,SELL_LIMIT,S,4,ENT,1.12504,0.00000
23,-1,1790921933382,DEAL,FILL,1981323545,SELL_LIMIT,L,8,EXT,1.12482,0.00000
23,-1,1790921938824,CB_DONE,PLACE,9000,SELL_LIMIT,L,2,EXT,1.12560,0.00000
23,-1,1790921940129,ENGINE,REMOVE,1981323880,BUY_LIMIT,L,9,ENT,1.12322,0.00000
23,-1,1790921940325,ENGINE,PLACE,9001,BUY_LIMIT,L,8,ENT,1.12392,0.00000
23,-1,1790922492109,DEAL,PLACE,9002,BUY_LIMIT,S,4,EXT,1.12414,0.00000
23,-1,1790922492403,DEAL,PLACE,9003,SELL_LIMIT,S,5,ENT,1.12574,0.00000
23,-1,1790922492697,DEAL,REMOVE,1981389976,BUY_LIMIT,S,3,EXT,1.12344,0.00000
23,-1,1790922492749,DEAL,FILL,1981389991,SELL_LIMIT,S,4,ENT,1.12504,0.00000
23,-1,1790931910025,DEAL,FILL,9000,SELL_LIMIT,L,2,EXT,1.12560,0.00000
23,-1,1790931910648,CB_DONE,PLACE,9004,SELL_LIMIT,L,1,EXT,1.12630,0.00000
23,-1,1790931910953,ENGINE,MODIFY,9001,BUY_LIMIT,L,8,ENT,1.12462,1.12392
23,-1,1790932339701,DEAL,PLACE,9005,BUY_LIMIT,S,5,EXT,1.12484,0.00000
23,-1,1790932339995,DEAL,PLACE,9006,SELL_LIMIT,S,6,ENT,1.12644,0.00000
23,-1,1790932340289,DEAL,REMOVE,9002,BUY_LIMIT,S,4,EXT,1.12414,0.00000
23,-1,1790932340341,DEAL,FILL,9003,SELL_LIMIT,S,5,ENT,1.12574,0.00000
23,-1,1790936035265,DEAL,FILL,9004,SELL_LIMIT,L,1,EXT,1.12630,0.00000
23,-1,1790936036497,CB_DONE,PLACE,9007,SELL_LIMIT,L,0,EXT,1.12700,0.00000
23,-1,1790936036997,ENGINE,MODIFY,9001,BUY_LIMIT,L,8,ENT,1.12532,1.12462
23,-1,1790936075907,DEAL,PLACE,9008,BUY_LIMIT,S,6,EXT,1.12554,0.00000
23,-1,1790936076201,DEAL,PLACE,9009,SELL_LIMIT,S,7,ENT,1.12714,0.00000
23,-1,1790936076495,DEAL,REMOVE,9005,BUY_LIMIT,S,5,EXT,1.12484,0.00000
23,-1,1790936076547,DEAL,FILL,9006,SELL_LIMIT,S,6,ENT,1.12644,0.00000
23,-1,1790937870352,DEAL,FILL,9008,BUY_LIMIT,S,6,EXT,1.12554,0.00000
23,-1,1790937871584,CB_DONE,PLACE,9010,BUY_LIMIT,S,5,EXT,1.12484,0.00000
23,-1,1790937871886,ENGINE,REMOVE,9009,SELL_LIMIT,S,7,ENT,1.12714,0.00000
23,-1,1790937872487,ENGINE,PLACE,9011,SELL_LIMIT,S,6,ENT,1.12644,0.00000
23,-1,1790938669301,DEAL,PLACE,9012,BUY_LIMIT,S,6,EXT,1.12553,0.00000
23,-1,1790938669595,DEAL,PLACE,9013,SELL_LIMIT,S,7,ENT,1.12713,0.00000
23,-1,1790938669889,DEAL,REMOVE,9010,BUY_LIMIT,S,5,EXT,1.12484,0.00000
23,-1,1790938669941,DEAL,FILL,9011,SELL_LIMIT,S,6,ENT,1.12644,0.00000
23,-1,1790940226102,DEAL,FILL,9012,BUY_LIMIT,S,6,EXT,1.12553,0.00000
23,-1,1790940226727,CB_DONE,PLACE,9014,BUY_LIMIT,S,5,EXT,1.12484,0.00000
23,-1,1790940227024,ENGINE,REMOVE,9013,SELL_LIMIT,S,7,ENT,1.12713,0.00000
23,-1,1790940229843,ENGINE,PLACE,9015,SELL_LIMIT,S,6,ENT,1.12644,0.00000
23,-1,1790940669419,DEAL,PLACE,9016,SELL_LIMIT,L,8,EXT,1.12621,0.00000
23,-1,1790940669713,DEAL,PLACE,9017,BUY_LIMIT,L,9,ENT,1.12461,0.00000
23,-1,1790940670007,DEAL,FILL,9001,BUY_LIMIT,L,8,ENT,1.12532,0.00000
23,-1,1790940670007,DEAL,REMOVE,9007,SELL_LIMIT,L,0,EXT,1.12700,0.00000
23,-1,1790941500593,DEAL,FILL,9014,BUY_LIMIT,S,5,EXT,1.12484,0.00000
23,-1,1790941501618,CB_DONE,PLACE,9018,BUY_LIMIT,S,4,EXT,1.12414,0.00000
23,-1,1790941503262,ENGINE,REMOVE,9015,SELL_LIMIT,S,6,ENT,1.12644,0.00000
23,-1,1790941506476,ENGINE,PLACE,9019,SELL_LIMIT,S,5,ENT,1.12574,0.00000
23,-1,1790941623245,DEAL,PLACE,9020,SELL_LIMIT,L,9,EXT,1.12551,0.00000
23,-1,1790941623539,DEAL,PLACE,9021,BUY_LIMIT,L,10,ENT,1.12391,0.00000
23,-1,1790941623833,DEAL,REMOVE,9016,SELL_LIMIT,L,8,EXT,1.12621,0.00000
23,-1,1790941623885,DEAL,FILL,9017,BUY_LIMIT,L,9,ENT,1.12461,0.00000
23,-1,1790946796462,DEAL,FILL,9018,BUY_LIMIT,S,4,EXT,1.12414,0.00000
23,-1,1790946797287,CB_DONE,PLACE,9022,BUY_LIMIT,S,3,EXT,1.12344,0.00000
23,-1,1790946797581,ENGINE,REMOVE,9019,SELL_LIMIT,S,5,ENT,1.12574,0.00000
23,-1,1790946797789,ENGINE,PLACE,9023,SELL_LIMIT,S,4,ENT,1.12504,0.00000
23,-1,1790946929213,DEAL,PLACE,9024,SELL_LIMIT,L,10,EXT,1.12478,0.00000
23,-1,1790946929507,DEAL,PLACE,9025,BUY_LIMIT,L,11,ENT,1.12318,0.00000
23,-1,1790946929801,DEAL,REMOVE,9020,SELL_LIMIT,L,9,EXT,1.12551,0.00000
23,-1,1790946929853,DEAL,FILL,9021,BUY_LIMIT,L,10,ENT,1.12391,0.00000
23,-1,1790947212496,DEAL,FILL,9022,BUY_LIMIT,S,3,EXT,1.12344,0.00000
23,-1,1790947212915,CB_DONE,PLACE,9026,BUY_LIMIT,S,2,EXT,1.12275,0.00000
23,-1,1790947213209,ENGINE,REMOVE,9023,SELL_LIMIT,S,4,ENT,1.12504,0.00000
23,-1,1790947213433,ENGINE,PLACE,9027,SELL_LIMIT,S,3,ENT,1.12434,0.00000
23,-1,1790947244446,DEAL,PLACE,9028,SELL_LIMIT,L,11,EXT,1.12408,0.00000
23,-1,1790947244740,DEAL,PLACE,9029,BUY_LIMIT,L,12,ENT,1.12248,0.00000
23,-1,1790947245034,DEAL,REMOVE,9024,SELL_LIMIT,L,10,EXT,1.12478,0.00000
23,-1,1790947245086,DEAL,FILL,9025,BUY_LIMIT,L,11,ENT,1.12318,0.00000
23,-1,1790949893895,DEAL,FILL,9026,BUY_LIMIT,S,2,EXT,1.12275,0.00000
23,-1,1790949894520,CB_DONE,PLACE,9030,BUY_LIMIT,S,1,EXT,1.12204,0.00000
23,-1,1790949894814,ENGINE,REMOVE,9027,SELL_LIMIT,S,3,ENT,1.12434,0.00000
23,-1,1790949895230,ENGINE,PLACE,9031,SELL_LIMIT,S,2,ENT,1.12363,0.00000
23,-1,1790950632677,DEAL,PLACE,9032,BUY_LIMIT,S,2,EXT,1.12274,0.00000
23,-1,1790950632971,DEAL,PLACE,9033,SELL_LIMIT,S,3,ENT,1.12434,0.00000
23,-1,1790950633265,DEAL,REMOVE,9030,BUY_LIMIT,S,1,EXT,1.12204,0.00000
23,-1,1790950633317,DEAL,FILL,9031,SELL_LIMIT,S,2,ENT,1.12363,0.00000
23,-1,1790951070306,DEAL,FILL,9028,SELL_LIMIT,L,11,EXT,1.12408,0.00000
23,-1,1790951071533,CB_DONE,PLACE,9034,SELL_LIMIT,L,10,EXT,1.12478,0.00000
23,-1,1790951071827,ENGINE,REMOVE,9029,BUY_LIMIT,L,12,ENT,1.12248,0.00000
23,-1,1790951072034,ENGINE,PLACE,9035,BUY_LIMIT,L,11,ENT,1.12318,0.00000
23,-1,1790952797086,DEAL,PLACE,9036,SELL_LIMIT,L,11,EXT,1.12407,0.00000
23,-1,1790952797380,DEAL,PLACE,9037,BUY_LIMIT,L,12,ENT,1.12247,0.00000
23,-1,1790952797674,DEAL,REMOVE,9034,SELL_LIMIT,L,10,EXT,1.12478,0.00000
23,-1,1790952797726,DEAL,FILL,9035,BUY_LIMIT,L,11,ENT,1.12318,0.00000
23,-1,1790953552380,DEAL,FILL,9032,BUY_LIMIT,S,2,EXT,1.12274,0.00000
23,-1,1790953552800,CB_DONE,PLACE,9038,BUY_LIMIT,S,1,EXT,1.12204,0.00000
23,-1,1790953553094,ENGINE,REMOVE,9033,SELL_LIMIT,S,3,ENT,1.12434,0.00000
23,-1,1790953553506,ENGINE,PLACE,9039,SELL_LIMIT,S,2,ENT,1.12363,0.00000
23,-1,1790953711739,DEAL,PLACE,9040,SELL_LIMIT,L,12,EXT,1.12337,0.00000
23,-1,1790953712033,DEAL,PLACE,9041,BUY_LIMIT,L,13,ENT,1.12177,0.00000
23,-1,1790953712327,DEAL,REMOVE,9036,SELL_LIMIT,L,11,EXT,1.12407,0.00000
23,-1,1790953712379,DEAL,FILL,9037,BUY_LIMIT,L,12,ENT,1.12247,0.00000
23,-1,1790954998847,DEAL,FILL,9040,SELL_LIMIT,L,12,EXT,1.12337,0.00000
23,-1,1790954999268,CB_DONE,PLACE,9042,SELL_LIMIT,L,11,EXT,1.12407,0.00000
23,-1,1790954999565,ENGINE,REMOVE,9041,BUY_LIMIT,L,13,ENT,1.12177,0.00000
23,-1,1790954999761,ENGINE,PLACE,9043,BUY_LIMIT,L,12,ENT,1.12247,0.00000
23,-1,1790955002061,ENGINE,MODIFY,9039,SELL_LIMIT,S,2,ENT,1.12579,1.12363
23,-1,1790955002362,DEAL,PLACE,9044,BUY_LIMIT,S,2,EXT,1.12483,0.00000
23,-1,1790955002656,DEAL,PLACE,9045,SELL_LIMIT,S,3,ENT,1.12643,0.00000
23,-1,1790955002950,DEAL,REMOVE,9038,BUY_LIMIT,S,1,EXT,1.12204,0.00000
23,-1,1790955003002,DEAL,FILL,9039,SELL_LIMIT,S,2,ENT,1.12363,0.00000
23,-1,1790955003002,DEAL,FILL,9042,SELL_LIMIT,L,11,EXT,1.12407,0.00000
23,-1,1790955003768,CB_DONE,PLACE,9046,SELL_LIMIT,L,10,EXT,1.12575,0.00000
23,-1,1790955004062,ENGINE,REMOVE,9043,BUY_LIMIT,L,12,ENT,1.12247,0.00000
23,-1,1790955005470,ENGINE,PLACE,9047,BUY_LIMIT,L,11,ENT,1.12318,0.00000
23,-1,1790955005764,DEAL,FILL,9046,SELL_LIMIT,L,10,EXT,1.12575,0.00000
23,-1,1790955006974,CB_DONE,PLACE,9048,SELL_LIMIT,L,9,EXT,1.12585,0.00000
23,-1,1790955007268,ENGINE,REMOVE,9047,BUY_LIMIT,L,11,ENT,1.12318,0.00000
23,-1,1790955007675,ENGINE,PLACE,9049,BUY_LIMIT,L,10,ENT,1.12391,0.00000
23,-1,1790955010966,DEAL,FILL,9044,BUY_LIMIT,S,2,EXT,1.12483,0.00000
23,-1,1790955011590,CB_DONE,PLACE,9050,BUY_LIMIT,S,1,EXT,1.12204,0.00000
23,-1,1790955011890,ENGINE,REMOVE,9045,SELL_LIMIT,S,3,ENT,1.12643,0.00000
23,-1,1790955013495,ENGINE,PLACE,9051,SELL_LIMIT,S,2,ENT,1.12443,0.00000
23,-1,1790955014378,DEAL,PLACE,9052,BUY_LIMIT,S,2,EXT,1.12365,0.00000
23,-1,1790955014672,DEAL,PLACE,9053,SELL_LIMIT,S,3,ENT,1.12525,0.00000
23,-1,1790955014966,DEAL,REMOVE,9050,BUY_LIMIT,S,1,EXT,1.12204,0.00000
23,-1,1790955015018,DEAL,FILL,9051,SELL_LIMIT,S,2,ENT,1.12443,0.00000
23,-1,1790955075784,DEAL,PLACE,9054,BUY_LIMIT,S,3,EXT,1.12442,0.00000
23,-1,1790955076078,DEAL,PLACE,9055,SELL_LIMIT,S,4,ENT,1.12602,0.00000
23,-1,1790955076372,DEAL,REMOVE,9052,BUY_LIMIT,S,2,EXT,1.12365,0.00000
23,-1,1790955076424,DEAL,FILL,9053,SELL_LIMIT,S,3,ENT,1.12525,0.00000
23,-1,1790955215526,DEAL,FILL,9054,BUY_LIMIT,S,3,EXT,1.12442,0.00000
23,-1,1790955215950,CB_DONE,PLACE,9056,BUY_LIMIT,S,2,EXT,1.12365,0.00000
23,-1,1790955216251,ENGINE,REMOVE,9055,SELL_LIMIT,S,4,ENT,1.12602,0.00000
23,-1,1790955216449,ENGINE,PLACE,9057,SELL_LIMIT,S,3,ENT,1.12525,0.00000
23,-1,1790955769657,DEAL,PLACE,9058,SELL_LIMIT,L,10,EXT,1.12478,0.00000
23,-1,1790955769951,DEAL,PLACE,9059,BUY_LIMIT,L,11,ENT,1.12318,0.00000
23,-1,1790955770245,DEAL,REMOVE,9048,SELL_LIMIT,L,9,EXT,1.12585,0.00000
23,-1,1790955770297,DEAL,FILL,9049,BUY_LIMIT,L,10,ENT,1.12391,0.00000
23,-1,1790955987309,DEAL,FILL,9058,SELL_LIMIT,L,10,EXT,1.12478,0.00000
23,-1,1790955987936,CB_DONE,PLACE,9060,SELL_LIMIT,L,9,EXT,1.12551,0.00000
23,-1,1790955988230,ENGINE,REMOVE,9059,BUY_LIMIT,L,11,ENT,1.12318,0.00000
23,-1,1790955989243,ENGINE,PLACE,9061,BUY_LIMIT,L,10,ENT,1.12391,0.00000
23,-1,1790956236411,DEAL,PLACE,9062,BUY_LIMIT,S,3,EXT,1.12438,0.00000
23,-1,1790956236705,DEAL,PLACE,9063,SELL_LIMIT,S,4,ENT,1.12598,0.00000
23,-1,1790956236999,DEAL,REMOVE,9056,BUY_LIMIT,S,2,EXT,1.12365,0.00000
23,-1,1790956237051,DEAL,FILL,9057,SELL_LIMIT,S,3,ENT,1.12525,0.00000
23,-1,1790956456629,DEAL,FILL,9060,SELL_LIMIT,L,9,EXT,1.12551,0.00000
23,-1,1790956457055,CB_DONE,PLACE,9064,SELL_LIMIT,L,8,EXT,1.12621,0.00000
23,-1,1790956457349,ENGINE,REMOVE,9061,BUY_LIMIT,L,10,ENT,1.12391,0.00000
23,-1,1790956457556,ENGINE,PLACE,9065,BUY_LIMIT,L,9,ENT,1.12461,0.00000
23,-1,1790956517734,DEAL,PLACE,9066,BUY_LIMIT,S,4,EXT,1.12510,0.00000
23,-1,1790956518028,DEAL,PLACE,9067,SELL_LIMIT,S,5,ENT,1.12670,0.00000
23,-1,1790956518322,DEAL,REMOVE,9062,BUY_LIMIT,S,3,EXT,1.12438,0.00000
23,-1,1790956518374,DEAL,FILL,9063,SELL_LIMIT,S,4,ENT,1.12598,0.00000
23,-1,1790956708621,DEAL,FILL,9064,SELL_LIMIT,L,8,EXT,1.12621,0.00000
23,-1,1790956709446,CB_DONE,PLACE,9068,SELL_LIMIT,L,0,EXT,1.12700,0.00000
23,-1,1790956709740,ENGINE,REMOVE,9065,BUY_LIMIT,L,9,ENT,1.12461,0.00000
23,-1,1790956709946,ENGINE,PLACE,9069,BUY_LIMIT,L,8,ENT,1.12532,0.00000
23,-1,1790957242346,DEAL,PLACE,9070,SELL_LIMIT,L,8,EXT,1.12623,0.00000
23,-1,1790957242640,DEAL,PLACE,9071,BUY_LIMIT,L,9,ENT,1.12463,0.00000
23,-1,1790957242934,DEAL,REMOVE,9068,SELL_LIMIT,L,0,EXT,1.12700,0.00000
23,-1,1790957242986,DEAL,FILL,9069,BUY_LIMIT,L,8,ENT,1.12532,0.00000
23,-1,1790957349975,DEAL,FILL,9066,BUY_LIMIT,S,4,EXT,1.12510,0.00000
23,-1,1790957350399,CB_DONE,PLACE,9072,BUY_LIMIT,S,3,EXT,1.12438,0.00000
23,-1,1790957350693,ENGINE,REMOVE,9067,SELL_LIMIT,S,5,ENT,1.12670,0.00000
23,-1,1790957351306,ENGINE,PLACE,9073,SELL_LIMIT,S,4,ENT,1.12598,0.00000
23,-1,1790957688789,DEAL,PLACE,9074,SELL_LIMIT,L,9,EXT,1.12553,0.00000
23,-1,1790957689083,DEAL,PLACE,9075,BUY_LIMIT,L,10,ENT,1.12393,0.00000
23,-1,1790957689377,DEAL,REMOVE,9070,SELL_LIMIT,L,8,EXT,1.12623,0.00000
23,-1,1790957689429,DEAL,FILL,9071,BUY_LIMIT,L,9,ENT,1.12463,0.00000
23,-1,1790958129115,DEAL,FILL,9072,BUY_LIMIT,S,3,EXT,1.12438,0.00000
23,-1,1790958129536,CB_DONE,PLACE,9076,BUY_LIMIT,S,2,EXT,1.12365,0.00000
23,-1,1790958129835,ENGINE,REMOVE,9073,SELL_LIMIT,S,4,ENT,1.12598,0.00000
23,-1,1790958130037,ENGINE,PLACE,9077,SELL_LIMIT,S,3,ENT,1.12525,0.00000
23,-1,1790958559206,DEAL,PLACE,9078,BUY_LIMIT,S,3,EXT,1.12435,0.00000
23,-1,1790958559500,DEAL,PLACE,9079,SELL_LIMIT,S,4,ENT,1.12595,0.00000
23,-1,1790958559794,DEAL,REMOVE,9076,BUY_LIMIT,S,2,EXT,1.12365,0.00000
23,-1,1790958559846,DEAL,FILL,9077,SELL_LIMIT,S,3,ENT,1.12525,0.00000
23,-1,1790959498059,DEAL,FILL,9074,SELL_LIMIT,L,9,EXT,1.12553,0.00000
23,-1,1790959498485,CB_DONE,PLACE,9080,SELL_LIMIT,L,8,EXT,1.12623,0.00000
23,-1,1790959498782,ENGINE,REMOVE,9075,BUY_LIMIT,L,10,ENT,1.12393,0.00000
23,-1,1790959498978,ENGINE,PLACE,9081,BUY_LIMIT,L,9,ENT,1.12463,0.00000
23,-1,1790959628788,DEAL,PLACE,9082,BUY_LIMIT,S,4,EXT,1.12507,0.00000
23,-1,1790959629082,DEAL,PLACE,9083,SELL_LIMIT,S,5,ENT,1.12667,0.00000
23,-1,1790959629376,DEAL,REMOVE,9078,BUY_LIMIT,S,3,EXT,1.12435,0.00000
23,-1,1790959629428,DEAL,FILL,9079,SELL_LIMIT,S,4,ENT,1.12595,0.00000
23,-1,1790959760799,DEAL,FILL,9080,SELL_LIMIT,L,8,EXT,1.12623,0.00000
23,-1,1790959761219,CB_DONE,PLACE,9084,SELL_LIMIT,L,0,EXT,1.12700,0.00000
23,-1,1790959761513,ENGINE,REMOVE,9081,BUY_LIMIT,L,9,ENT,1.12463,0.00000
23,-1,1790959761718,ENGINE,PLACE,9085,BUY_LIMIT,L,8,ENT,1.12532,0.00000
23,-1,1790959803187,DEAL,PLACE,9086,BUY_LIMIT,S,5,EXT,1.12577,0.00000
23,-1,1790959803481,DEAL,PLACE,9087,SELL_LIMIT,S,6,ENT,1.12737,0.00000
23,-1,1790959803775,DEAL,REMOVE,9082,BUY_LIMIT,S,4,EXT,1.12507,0.00000
23,-1,1790959803827,DEAL,FILL,9083,SELL_LIMIT,S,5,ENT,1.12667,0.00000
23,-1,1790960263466,DEAL,FILL,9084,SELL_LIMIT,L,0,EXT,1.12700,0.00000
23,-1,1790960263988,ENGINE,MODIFY,9085,BUY_LIMIT,L,8,ENT,1.12602,1.12532
23,-1,1790960283322,DEAL,PLACE,9088,BUY_LIMIT,S,6,EXT,1.12653,0.00000
23,-1,1790960283616,DEAL,PLACE,9089,SELL_LIMIT,S,7,ENT,1.12813,0.00000
23,-1,1790960283910,DEAL,REMOVE,9086,BUY_LIMIT,S,5,EXT,1.12577,0.00000
23,-1,1790960283962,DEAL,FILL,9087,SELL_LIMIT,S,6,ENT,1.12737,0.00000
23,-1,1790960627000,DEAL,FILL,1980342588,SELL_LIMIT,L,7,EXT,1.12770,0.00000
23,-1,1790960628319,ENGINE,PLACE,9090,BUY_LIMIT,L,0,ENT,1.12702,0.00000
23,-1,1790960628613,ENGINE,REMOVE,9085,BUY_LIMIT,L,8,ENT,1.12602,0.00000
23,-1,1790960700222,ENGINE,MODIFY,9090,BUY_LIMIT,L,0,ENT,1.12743,1.12702
23,-1,1790960700706,DEAL,PLACE,9091,BUY_LIMIT,S,7,EXT,1.12723,0.00000
23,-1,1790960701000,DEAL,REMOVE,9088,BUY_LIMIT,S,6,EXT,1.12653,0.00000
23,-1,1790960701052,DEAL,FILL,9089,SELL_LIMIT,S,7,ENT,1.12813,0.00000
23,-1,1790961142336,DEAL,PLACE,9092,SELL_LIMIT,L,0,EXT,1.12833,0.00000
23,-1,1790961142630,DEAL,PLACE,9093,BUY_LIMIT,L,1,ENT,1.12673,0.00000
23,-1,1790961142924,DEAL,FILL,9090,BUY_LIMIT,L,0,ENT,1.12743,0.00000
24,-1,1790961360001,SEED,PLACE,1983447920,SELL_LIMIT,L,0,EXT,1.12870,0.00000
24,-1,1790961360001,SEED,PLACE,1983447937,BUY_LIMIT,L,1,ENT,1.12710,0.00000
24,-1,1790961360001,SEED,PLACE,1980417634,BUY_LIMIT,S,0,EXT,1.12732,0.00000
24,-1,1790961360001,SEED,PLACE,1983413435,BUY_LIMIT,S,1,EXT,1.12204,0.00000
24,-1,1790963544124,DEAL,FILL,1980417634,BUY_LIMIT,S,0,EXT,1.12732,0.00000
24,-1,1790963544545,CB_DONE,PLACE,9000,BUY_LIMIT,S,7,EXT,1.12661,0.00000
24,-1,1790963546049,ENGINE,PLACE,9001,SELL_LIMIT,S,8,ENT,1.12821,0.00000
24,-1,1790964246392,DEAL,PLACE,9002,SELL_LIMIT,L,1,EXT,1.12799,0.00000
24,-1,1790964246686,DEAL,PLACE,9003,BUY_LIMIT,L,2,ENT,1.12639,0.00000
24,-1,1790964246980,DEAL,FILL,1983447937,BUY_LIMIT,L,1,ENT,1.12710,0.00000
24,-1,1790964466486,DEAL,FILL,9000,BUY_LIMIT,S,7,EXT,1.12661,0.00000
24,-1,1790964466911,CB_DONE,PLACE,9004,BUY_LIMIT,S,6,EXT,1.12588,0.00000
24,-1,1790964467407,ENGINE,REMOVE,9001,SELL_LIMIT,S,8,ENT,1.12821,0.00000
24,-1,1790964467618,ENGINE,PLACE,9005,SELL_LIMIT,S,7,ENT,1.12748,0.00000
24,-1,1790964933204,DEAL,PLACE,9006,SELL_LIMIT,L,2,EXT,1.12729,0.00000
24,-1,1790964933498,DEAL,PLACE,9007,BUY_LIMIT,L,3,ENT,1.12569,0.00000
24,-1,1790964933792,DEAL,REMOVE,9002,SELL_LIMIT,L,1,EXT,1.12799,0.00000
24,-1,1790964933844,DEAL,FILL,9003,BUY_LIMIT,L,2,ENT,1.12639,0.00000
24,-1,1790965460841,DEAL,FILL,9004,BUY_LIMIT,S,6,EXT,1.12588,0.00000
24,-1,1790965462667,CB_DONE,PLACE,9008,BUY_LIMIT,S,5,EXT,1.12516,0.00000
24,-1,1790965462961,ENGINE,REMOVE,9005,SELL_LIMIT,S,7,ENT,1.12748,0.00000
24,-1,1790965464975,ENGINE,PLACE,9009,SELL_LIMIT,S,6,ENT,1.12676,0.00000
24,-1,1790965480115,DEAL,PLACE,9010,SELL_LIMIT,L,3,EXT,1.12659,0.00000
24,-1,1790965480409,DEAL,PLACE,9011,BUY_LIMIT,L,4,ENT,1.12499,0.00000
24,-1,1790965480703,DEAL,REMOVE,9006,SELL_LIMIT,L,2,EXT,1.12729,0.00000
24,-1,1790965480755,DEAL,FILL,9007,BUY_LIMIT,L,3,ENT,1.12569,0.00000
24,-1,1790969080765,DEAL,FILL,9008,BUY_LIMIT,S,5,EXT,1.12516,0.00000
24,-1,1790969081188,CB_DONE,PLACE,9012,BUY_LIMIT,S,4,EXT,1.12445,0.00000
24,-1,1790969081482,ENGINE,REMOVE,9009,SELL_LIMIT,S,6,ENT,1.12676,0.00000
24,-1,1790969081689,ENGINE,PLACE,9013,SELL_LIMIT,S,5,ENT,1.12605,0.00000
24,-1,1790970510840,DEAL,PLACE,9014,BUY_LIMIT,S,5,EXT,1.12519,0.00000
24,-1,1790970511134,DEAL,PLACE,9015,SELL_LIMIT,S,6,ENT,1.12679,0.00000
24,-1,1790970511428,DEAL,REMOVE,9012,BUY_LIMIT,S,4,EXT,1.12445,0.00000
24,-1,1790970511480,DEAL,FILL,9013,SELL_LIMIT,S,5,ENT,1.12605,0.00000
24,-1,1790972890723,DEAL,FILL,9014,BUY_LIMIT,S,5,EXT,1.12519,0.00000
24,-1,1790972892153,CB_DONE,PLACE,9016,BUY_LIMIT,S,4,EXT,1.12445,0.00000
24,-1,1790972892447,ENGINE,REMOVE,9015,SELL_LIMIT,S,6,ENT,1.12679,0.00000
24,-1,1790972893068,ENGINE,PLACE,9017,SELL_LIMIT,S,5,ENT,1.12605,0.00000
24,-1,1790978060566,DEAL,PLACE,9018,SELL_LIMIT,L,4,EXT,1.12588,0.00000
24,-1,1790978060860,DEAL,PLACE,9019,BUY_LIMIT,L,5,ENT,1.12428,0.00000
24,-1,1790978061154,DEAL,REMOVE,9010,SELL_LIMIT,L,3,EXT,1.12659,0.00000
24,-1,1790978061206,DEAL,FILL,9011,BUY_LIMIT,L,4,ENT,1.12499,0.00000
24,-1,1790979880270,DEAL,FILL,9018,SELL_LIMIT,L,4,EXT,1.12588,0.00000
24,-1,1790979881298,CB_DONE,PLACE,9020,SELL_LIMIT,L,3,EXT,1.12659,0.00000
24,-1,1790979881592,ENGINE,REMOVE,9019,BUY_LIMIT,L,5,ENT,1.12428,0.00000
24,-1,1790979882000,ENGINE,PLACE,9021,BUY_LIMIT,L,4,ENT,1.12499,0.00000
24,-1,1791164992005,DEAL,PLACE,9022,BUY_LIMIT,S,5,EXT,1.12515,0.00000
24,-1,1791164992299,DEAL,PLACE,9023,SELL_LIMIT,S,6,ENT,1.12675,0.00000
24,-1,1791164992593,DEAL,REMOVE,9016,BUY_LIMIT,S,4,EXT,1.12445,0.00000
24,-1,1791164992645,DEAL,FILL,9017,SELL_LIMIT,S,5,ENT,1.12605,0.00000
24,-1,1791168329552,DEAL,FILL,9022,BUY_LIMIT,S,5,EXT,1.12515,0.00000
24,-1,1791168330579,CB_DONE,PLACE,9024,BUY_LIMIT,S,4,EXT,1.12445,0.00000
24,-1,1791168330873,ENGINE,REMOVE,9023,SELL_LIMIT,S,6,ENT,1.12675,0.00000
24,-1,1791168332087,ENGINE,PLACE,9025,SELL_LIMIT,S,5,ENT,1.12605,0.00000
24,-1,1791169964855,DEAL,PLACE,9026,SELL_LIMIT,L,4,EXT,1.12588,0.00000
24,-1,1791169965149,DEAL,PLACE,9027,BUY_LIMIT,L,5,ENT,1.12428,0.00000
24,-1,1791169965443,DEAL,REMOVE,9020,SELL_LIMIT,L,3,EXT,1.12659,0.00000
24,-1,1791169965495,DEAL,FILL,9021,BUY_LIMIT,L,4,ENT,1.12499,0.00000
24,-1,1791171923026,DEAL,FILL,9024,BUY_LIMIT,S,4,EXT,1.12445,0.00000
24,-1,1791171923683,CB_DONE,PLACE,9028,BUY_LIMIT,S,3,EXT,1.12373,0.00000
24,-1,1791171924347,ENGINE,REMOVE,9025,SELL_LIMIT,S,5,ENT,1.12605,0.00000
24,-1,1791171924559,ENGINE,PLACE,9029,SELL_LIMIT,S,4,ENT,1.12533,0.00000
24,-1,1791172060158,DEAL,PLACE,9030,SELL_LIMIT,L,5,EXT,1.12518,0.00000
24,-1,1791172060452,DEAL,PLACE,9031,BUY_LIMIT,L,6,ENT,1.12358,0.00000
24,-1,1791172060746,DEAL,REMOVE,9026,SELL_LIMIT,L,4,EXT,1.12588,0.00000
24,-1,1791172060798,DEAL,FILL,9027,BUY_LIMIT,L,5,ENT,1.12428,0.00000
24,-1,1791173553276,DEAL,FILL,9028,BUY_LIMIT,S,3,EXT,1.12373,0.00000
24,-1,1791173556306,CB_DONE,PLACE,9032,BUY_LIMIT,S,2,EXT,1.12303,0.00000
24,-1,1791173556600,ENGINE,REMOVE,9029,SELL_LIMIT,S,4,ENT,1.12533,0.00000
24,-1,1791173558006,ENGINE,PLACE,9033,SELL_LIMIT,S,3,ENT,1.12463,0.00000
24,-1,1791173859591,DEAL,PLACE,9034,SELL_LIMIT,L,6,EXT,1.12447,0.00000
24,-1,1791173859885,DEAL,PLACE,9035,BUY_LIMIT,L,7,ENT,1.12287,0.00000
24,-1,1791173860179,DEAL,REMOVE,9030,SELL_LIMIT,L,5,EXT,1.12518,0.00000
24,-1,1791173860231,DEAL,FILL,9031,BUY_LIMIT,L,6,ENT,1.12358,0.00000
24,-1,1791175842160,DEAL,FILL,9032,BUY_LIMIT,S,2,EXT,1.12303,0.00000
24,-1,1791175844485,ENGINE,REMOVE,9033,SELL_LIMIT,S,3,ENT,1.12463,0.00000
24,-1,1791175845492,ENGINE,PLACE,9036,SELL_LIMIT,S,2,ENT,1.12363,0.00000
24,-1,1791176830067,DEAL,PLACE,9037,SELL_LIMIT,L,7,EXT,1.12377,0.00000
24,-1,1791176830361,DEAL,REMOVE,9034,SELL_LIMIT,L,6,EXT,1.12447,0.00000
24,-1,1791176830413,DEAL,FILL,9035,BUY_LIMIT,L,7,ENT,1.12287,0.00000
24,-1,1791177439237,LATTICE,MODIFY,1983447920,SELL_LIMIT,L,0,EXT,1.12307,1.12870
24,-1,1791177439538,LATTICE,PLACE,9038,SELL_LIMIT,L,1,EXT,1.12799,0.00000
24,-1,1791177439832,LATTICE,REMOVE,9037,SELL_LIMIT,L,7,EXT,1.12377,0.00000
24,-1,1791177453991,DEAL,FILL,1983413435,BUY_LIMIT,S,1,EXT,1.12204,0.00000
24,-1,1791177454715,ENGINE,PLACE,9039,SELL_LIMIT,S,0,ENT,1.12270,0.00000
24,-1,1791177455009,ENGINE,REMOVE,9036,SELL_LIMIT,S,2,ENT,1.12363,0.00000
24,-1,1791177554638,ENGINE,MODIFY,9039,SELL_LIMIT,S,0,ENT,1.12227,1.12270
24,-1,1791177556640,LATTICE,MODIFY,9038,SELL_LIMIT,L,1,EXT,1.12237,1.12799
24,-1,1791177556941,LATTICE,PLACE,9040,SELL_LIMIT,L,2,EXT,1.12729,0.00000
24,-1,1791177557235,LATTICE,REMOVE,1983447920,SELL_LIMIT,L,0,EXT,1.12307,0.00000
24,-1,1791177618049,ENGINE,MODIFY,9039,SELL_LIMIT,S,0,ENT,1.12186,1.12227
24,-1,1791178570996,LATTICE,MODIFY,9040,SELL_LIMIT,L,2,EXT,1.12167,1.12729
24,-1,1791178571297,LATTICE,PLACE,9041,SELL_LIMIT,L,3,EXT,1.12659,0.00000
24,-1,1791178571591,LATTICE,REMOVE,9038,SELL_LIMIT,L,1,EXT,1.12237,0.00000
24,-1,1791178580255,ENGINE,MODIFY,9039,SELL_LIMIT,S,0,ENT,1.12146,1.12186
24,-1,1791179005079,ENGINE,MODIFY,9039,SELL_LIMIT,S,0,ENT,1.12105,1.12146
24,-1,1791179347916,LATTICE,MODIFY,9041,SELL_LIMIT,L,3,EXT,1.12097,1.12659
24,-1,1791179348217,LATTICE,PLACE,9042,SELL_LIMIT,L,4,EXT,1.12588,0.00000
24,-1,1791179348511,LATTICE,REMOVE,9040,SELL_LIMIT,L,2,EXT,1.12167,0.00000
24,-1,1791179348711,ENGINE,MODIFY,9039,SELL_LIMIT,S,0,ENT,1.12014,1.12105
24,-1,1791179353154,LATTICE,MODIFY,9042,SELL_LIMIT,L,4,EXT,1.12027,1.12588
24,-1,1791179353455,LATTICE,PLACE,9043,SELL_LIMIT,L,5,EXT,1.12518,0.00000
24,-1,1791179353749,LATTICE,REMOVE,9041,SELL_LIMIT,L,3,EXT,1.12097,0.00000
24,-1,1791179375721,ENGINE,MODIFY,9039,SELL_LIMIT,S,0,ENT,1.11945,1.12014
24,-1,1791179378538,LATTICE,MODIFY,9043,SELL_LIMIT,L,5,EXT,1.11957,1.12518
24,-1,1791179378839,LATTICE,PLACE,9044,SELL_LIMIT,L,6,EXT,1.12447,0.00000
24,-1,1791179379133,LATTICE,REMOVE,9042,SELL_LIMIT,L,4,EXT,1.12027,0.00000
24,-1,1791179453047,DEAL,PLACE,9045,BUY_LIMIT,S,0,EXT,1.11860,0.00000
24,-1,1791179453341,DEAL,PLACE,9046,SELL_LIMIT,S,1,ENT,1.12020,0.00000
24,-1,1791179453635,DEAL,FILL,9039,SELL_LIMIT,S,0,ENT,1.11945,0.00000
24,-1,1791179683477,DEAL,FILL,9045,BUY_LIMIT,S,0,EXT,1.11860,0.00000
24,-1,1791179684600,ENGINE,PLACE,9047,SELL_LIMIT,S,0,ENT,1.11923,0.00000
24,-1,1791179684894,ENGINE,REMOVE,9046,SELL_LIMIT,S,1,ENT,1.12020,0.00000
24,-1,1791179704503,ENGINE,MODIFY,9047,SELL_LIMIT,S,0,ENT,1.11874,1.11923
24,-1,1791179705713,LATTICE,MODIFY,9044,SELL_LIMIT,L,6,EXT,1.11887,1.12447
24,-1,1791179706014,LATTICE,PLACE,9048,SELL_LIMIT,L,7,EXT,1.12377,0.00000
24,-1,1791179706308,LATTICE,REMOVE,9043,SELL_LIMIT,L,5,EXT,1.11957,0.00000
24,-1,1791179731069,ENGINE,MODIFY,9047,SELL_LIMIT,S,0,ENT,1.11833,1.11874
24,-1,1791179801105,LATTICE,MODIFY,9048,SELL_LIMIT,L,7,EXT,1.11817,1.12377
24,-1,1791179801406,LATTICE,PLACE,9049,SELL_LIMIT,L,0,EXT,1.12307,0.00000
24,-1,1791179801700,LATTICE,REMOVE,9044,SELL_LIMIT,L,6,EXT,1.11887,0.00000
24,-1,1791179835334,ENGINE,MODIFY,9047,SELL_LIMIT,S,0,ENT,1.11787,1.11833
24,-1,1791179847009,ENGINE,MODIFY,9047,SELL_LIMIT,S,0,ENT,1.11737,1.11787
24,-1,1791179889595,DEAL,PLACE,9050,BUY_LIMIT,S,0,EXT,1.11659,0.00000
24,-1,1791179889889,DEAL,PLACE,9051,SELL_LIMIT,S,1,ENT,1.11819,0.00000
24,-1,1791179890183,DEAL,FILL,9047,SELL_LIMIT,S,0,ENT,1.11737,0.00000
24,-1,1791180137876,DEAL,FILL,9048,SELL_LIMIT,L,7,EXT,1.11817,0.00000
24,-1,1791180137876,DEAL,PLACE,9052,BUY_LIMIT,S,1,EXT,1.11727,0.00000
24,-1,1791180138170,DEAL,PLACE,9053,SELL_LIMIT,S,2,ENT,1.11887,0.00000
24,-1,1791180138464,DEAL,FILL,9051,SELL_LIMIT,S,1,ENT,1.11819,0.00000
24,-1,1791180139109,CB_DONE,PLACE,9054,SELL_LIMIT,L,6,EXT,1.11887,0.00000
24,-1,1791180139406,ENGINE,PLACE,9055,BUY_LIMIT,L,7,ENT,1.11727,0.00000
24,-1,1791180371909,DEAL,FILL,9052,BUY_LIMIT,S,1,EXT,1.11727,0.00000
24,-1,1791180371909,DEAL,PLACE,9056,SELL_LIMIT,L,7,EXT,1.11818,0.00000
24,-1,1791180372203,DEAL,REMOVE,9054,SELL_LIMIT,L,6,EXT,1.11887,0.00000
24,-1,1791180372255,DEAL,FILL,9055,BUY_LIMIT,L,7,ENT,1.11727,0.00000
24,-1,1791180375238,ENGINE,REMOVE,9053,SELL_LIMIT,S,2,ENT,1.11887,0.00000
24,-1,1791180376240,ENGINE,PLACE,9057,SELL_LIMIT,S,1,ENT,1.11819,0.00000
24,-1,1791180413252,LATTICE,MODIFY,9056,SELL_LIMIT,L,7,EXT,1.11748,1.11818
24,-1,1791180413553,DEAL,FILL,9050,BUY_LIMIT,S,0,EXT,1.11659,0.00000
24,-1,1791180414662,ENGINE,PLACE,9058,SELL_LIMIT,S,0,ENT,1.11725,0.00000
24,-1,1791180414956,ENGINE,REMOVE,9057,SELL_LIMIT,S,1,ENT,1.11819,0.00000
24,-1,1791180435619,ENGINE,MODIFY,9058,SELL_LIMIT,S,0,ENT,1.11685,1.11725
24,-1,1791180555240,DEAL,PLACE,9059,BUY_LIMIT,S,0,EXT,1.11598,0.00000
24,-1,1791180555534,DEAL,PLACE,9060,SELL_LIMIT,S,1,ENT,1.11758,0.00000
24,-1,1791180555828,DEAL,FILL,9058,SELL_LIMIT,S,0,ENT,1.11685,0.00000
24,-1,1791180681740,DEAL,FILL,9056,SELL_LIMIT,L,7,EXT,1.11748,0.00000
24,-1,1791180683377,CB_DONE,PLACE,9061,SELL_LIMIT,L,6,EXT,1.11887,0.00000
24,-1,1791180684687,ENGINE,PLACE,9062,BUY_LIMIT,L,7,ENT,1.11727,0.00000
24,-1,1791180701050,DEAL,PLACE,9063,BUY_LIMIT,S,1,EXT,1.11670,0.00000
24,-1,1791180701344,DEAL,PLACE,9064,SELL_LIMIT,S,2,ENT,1.11830,0.00000
24,-1,1791180701638,DEAL,FILL,9060,SELL_LIMIT,S,1,ENT,1.11758,0.00000
24,-1,1791181214395,DEAL,PLACE,9065,BUY_LIMIT,S,2,EXT,1.11740,0.00000
24,-1,1791181214689,DEAL,PLACE,9066,SELL_LIMIT,S,3,ENT,1.11900,0.00000
24,-1,1791181214983,DEAL,REMOVE,9063,BUY_LIMIT,S,1,EXT,1.11670,0.00000
24,-1,1791181215035,DEAL,FILL,9064,SELL_LIMIT,S,2,ENT,1.11830,0.00000
24,-1,1791182566999,DEAL,FILL,9065,BUY_LIMIT,S,2,EXT,1.11740,0.00000
24,-1,1791182569828,CB_DONE,PLACE,9067,BUY_LIMIT,S,1,EXT,1.11670,0.00000
24,-1,1791182570327,ENGINE,REMOVE,9066,SELL_LIMIT,S,3,ENT,1.11900,0.00000
24,-1,1791182576139,ENGINE,PLACE,9068,SELL_LIMIT,S,2,ENT,1.11830,0.00000
24,-1,1791182611992,DEAL,PLACE,9069,SELL_LIMIT,L,7,EXT,1.11813,0.00000
24,-1,1791182612286,DEAL,REMOVE,9061,SELL_LIMIT,L,6,EXT,1.11887,0.00000
24,-1,1791182612338,DEAL,FILL,9062,BUY_LIMIT,L,7,ENT,1.11727,0.00000
24,-1,1791183170492,DEAL,FILL,9067,BUY_LIMIT,S,1,EXT,1.11670,0.00000
24,-1,1791183171235,ENGINE,REMOVE,9068,SELL_LIMIT,S,2,ENT,1.11830,0.00000
24,-1,1791183171833,ENGINE,PLACE,9070,SELL_LIMIT,S,1,ENT,1.11758,0.00000
24,-1,1791183609473,LATTICE,MODIFY,9069,SELL_LIMIT,L,7,EXT,1.11743,1.11813
24,-1,1791186061183,DEAL,FILL,9069,SELL_LIMIT,L,7,EXT,1.11743,0.00000
24,-1,1791186061806,CB_DONE,PLACE,9071,SELL_LIMIT,L,6,EXT,1.11887,0.00000
24,-1,1791186062305,ENGINE,PLACE,9072,BUY_LIMIT,L,7,ENT,1.11727,0.00000
24,-1,1791186100260,DEAL,PLACE,9073,BUY_LIMIT,S,1,EXT,1.11669,0.00000
24,-1,1791186100554,DEAL,PLACE,9074,SELL_LIMIT,S,2,ENT,1.11829,0.00000
24,-1,1791186100848,DEAL,FILL,9070,SELL_LIMIT,S,1,ENT,1.11758,0.00000
24,-1,1791187204705,DEAL,PLACE,9075,BUY_LIMIT,S,2,EXT,1.11740,0.00000
24,-1,1791187204999,DEAL,PLACE,9076,SELL_LIMIT,S,3,ENT,1.11900,0.00000
24,-1,1791187205293,DEAL,REMOVE,9073,BUY_LIMIT,S,1,EXT,1.11669,0.00000
24,-1,1791187205345,DEAL,FILL,9074,SELL_LIMIT,S,2,ENT,1.11829,0.00000
24,-1,1791188718345,DEAL,FILL,9071,SELL_LIMIT,L,6,EXT,1.11887,0.00000
24,-1,1791188718971,CB_DONE,PLACE,9077,SELL_LIMIT,L,5,EXT,1.11957,0.00000
24,-1,1791188719270,ENGINE,REMOVE,9072,BUY_LIMIT,L,7,ENT,1.11727,0.00000
24,-1,1791188719670,ENGINE,PLACE,9078,BUY_LIMIT,L,6,ENT,1.11797,0.00000
24,-1,1791189989773,DEAL,PLACE,9079,BUY_LIMIT,S,3,EXT,1.11815,0.00000
24,-1,1791189990067,DEAL,PLACE,9080,SELL_LIMIT,S,4,ENT,1.11975,0.00000
24,-1,1791189990361,DEAL,REMOVE,9075,BUY_LIMIT,S,2,EXT,1.11740,0.00000
24,-1,1791189990413,DEAL,FILL,9076,SELL_LIMIT,S,3,ENT,1.11900,0.00000
24,-1,1791191170849,DEAL,FILL,9077,SELL_LIMIT,L,5,EXT,1.11957,0.00000
24,-1,1791191171472,CB_DONE,PLACE,9081,SELL_LIMIT,L,4,EXT,1.12027,0.00000
24,-1,1791191171766,ENGINE,REMOVE,9078,BUY_LIMIT,L,6,ENT,1.11797,0.00000
24,-1,1791191171977,ENGINE,PLACE,9082,BUY_LIMIT,L,5,ENT,1.11867,0.00000
24,-1,1791191557685,DEAL,PLACE,9083,BUY_LIMIT,S,4,EXT,1.11884,0.00000
24,-1,1791191557979,DEAL,PLACE,9084,SELL_LIMIT,S,5,ENT,1.12044,0.00000
24,-1,1791191558273,DEAL,REMOVE,9079,BUY_LIMIT,S,3,EXT,1.11815,0.00000
24,-1,1791191558325,DEAL,FILL,9080,SELL_LIMIT,S,4,ENT,1.11975,0.00000
24,-1,1791192462126,DEAL,FILL,9083,BUY_LIMIT,S,4,EXT,1.11884,0.00000
24,-1,1791192462542,CB_DONE,PLACE,9085,BUY_LIMIT,S,3,EXT,1.11815,0.00000
24,-1,1791192466056,ENGINE,REMOVE,9084,SELL_LIMIT,S,5,ENT,1.12044,0.00000
24,-1,1791192466454,ENGINE,PLACE,9086,SELL_LIMIT,S,4,ENT,1.11975,0.00000
24,-1,1791192507506,DEAL,PLACE,9087,SELL_LIMIT,L,5,EXT,1.11957,0.00000
24,-1,1791192507800,DEAL,PLACE,9088,BUY_LIMIT,L,6,ENT,1.11797,0.00000
24,-1,1791192508094,DEAL,REMOVE,9081,SELL_LIMIT,L,4,EXT,1.12027,0.00000
24,-1,1791192508146,DEAL,FILL,9082,BUY_LIMIT,L,5,ENT,1.11867,0.00000
24,-1,1791192829461,DEAL,FILL,9085,BUY_LIMIT,S,3,EXT,1.11815,0.00000
24,-1,1791192831295,CB_DONE,PLACE,9089,BUY_LIMIT,S,2,EXT,1.11740,0.00000
24,-1,1791192832000,ENGINE,REMOVE,9086,SELL_LIMIT,S,4,ENT,1.11975,0.00000
24,-1,1791192832800,ENGINE,PLACE,9090,SELL_LIMIT,S,3,ENT,1.11900,0.00000
24,-1,1791192835097,DEAL,PLACE,9091,SELL_LIMIT,L,6,EXT,1.11884,0.00000
24,-1,1791192835391,DEAL,PLACE,9092,BUY_LIMIT,L,7,ENT,1.11724,0.00000
24,-1,1791192835685,DEAL,REMOVE,9087,SELL_LIMIT,L,5,EXT,1.11957,0.00000
24,-1,1791192835737,DEAL,FILL,9088,BUY_LIMIT,L,6,ENT,1.11797,0.00000
24,-1,1791192916148,DEAL,FILL,9089,BUY_LIMIT,S,2,EXT,1.11740,0.00000
24,-1,1791192916584,CB_DONE,PLACE,9093,BUY_LIMIT,S,1,EXT,1.11669,0.00000
24,-1,1791192916878,ENGINE,REMOVE,9090,SELL_LIMIT,S,3,ENT,1.11900,0.00000
24,-1,1791192917670,ENGINE,PLACE,9094,SELL_LIMIT,S,2,ENT,1.11829,0.00000
24,-1,1791192937689,DEAL,PLACE,9095,SELL_LIMIT,L,7,EXT,1.11811,0.00000
24,-1,1791192937983,DEAL,REMOVE,9091,SELL_LIMIT,L,6,EXT,1.11884,0.00000
24,-1,1791192938035,DEAL,FILL,9092,BUY_LIMIT,L,7,ENT,1.11724,0.00000
24,-1,1791193372400,DEAL,FILL,9095,SELL_LIMIT,L,7,EXT,1.11811,0.00000
24,-1,1791193372829,CB_DONE,PLACE,9096,SELL_LIMIT,L,6,EXT,1.11884,0.00000
24,-1,1791193373124,ENGINE,PLACE,9097,BUY_LIMIT,L,7,ENT,1.11724,0.00000
24,-1,1791193384657,DEAL,PLACE,9098,BUY_LIMIT,S,2,EXT,1.11744,0.00000
24,-1,1791193384951,DEAL,PLACE,9099,SELL_LIMIT,S,3,ENT,1.11904,0.00000
24,-1,1791193385245,DEAL,REMOVE,9093,BUY_LIMIT,S,1,EXT,1.11669,0.00000
24,-1,1791193385297,DEAL,FILL,9094,SELL_LIMIT,S,2,ENT,1.11829,0.00000
24,-1,1791194102061,DEAL,FILL,9096,SELL_LIMIT,L,6,EXT,1.11884,0.00000
24,-1,1791194102486,CB_DONE,PLACE,9100,SELL_LIMIT,L,5,EXT,1.11957,0.00000
24,-1,1791194102780,ENGINE,REMOVE,9097,BUY_LIMIT,L,7,ENT,1.11724,0.00000
24,-1,1791194103603,ENGINE,PLACE,9101,BUY_LIMIT,L,6,ENT,1.11797,0.00000
24,-1,1791194131887,DEAL,PLACE,9102,BUY_LIMIT,S,3,EXT,1.11821,0.00000
24,-1,1791194132181,DEAL,PLACE,9103,SELL_LIMIT,S,4,ENT,1.11981,0.00000
24,-1,1791194132475,DEAL,REMOVE,9098,BUY_LIMIT,S,2,EXT,1.11744,0.00000
24,-1,1791194132527,DEAL,FILL,9099,SELL_LIMIT,S,3,ENT,1.11904,0.00000
24,-1,1791196345866,DEAL,FILL,9100,SELL_LIMIT,L,5,EXT,1.11957,0.00000
24,-1,1791196346284,CB_DONE,PLACE,9104,SELL_LIMIT,L,4,EXT,1.12027,0.00000
24,-1,1791196346578,ENGINE,REMOVE,9101,BUY_LIMIT,L,6,ENT,1.11797,0.00000
24,-1,1791196346786,ENGINE,PLACE,9105,BUY_LIMIT,L,5,ENT,1.11867,0.00000
24,-1,1791196495794,DEAL,PLACE,9106,BUY_LIMIT,S,4,EXT,1.11891,0.00000
24,-1,1791196496088,DEAL,PLACE,9107,SELL_LIMIT,S,5,ENT,1.12051,0.00000
24,-1,1791196496382,DEAL,REMOVE,9102,BUY_LIMIT,S,3,EXT,1.11821,0.00000
24,-1,1791196496434,DEAL,FILL,9103,SELL_LIMIT,S,4,ENT,1.11981,0.00000
24,-1,1791196871202,DEAL,FILL,9104,SELL_LIMIT,L,4,EXT,1.12027,0.00000
24,-1,1791196872229,CB_DONE,PLACE,9108,SELL_LIMIT,L,3,EXT,1.12097,0.00000
24,-1,1791196872538,ENGINE,REMOVE,9105,BUY_LIMIT,L,5,ENT,1.11867,0.00000
24,-1,1791196872937,ENGINE,PLACE,9109,BUY_LIMIT,L,4,ENT,1.11937,0.00000
24,-1,1791196943439,DEAL,PLACE,9110,BUY_LIMIT,S,5,EXT,1.11962,0.00000
24,-1,1791196943733,DEAL,PLACE,9111,SELL_LIMIT,S,6,ENT,1.12122,0.00000
24,-1,1791196944027,DEAL,REMOVE,9106,BUY_LIMIT,S,4,EXT,1.11891,0.00000
24,-1,1791196944079,DEAL,FILL,9107,SELL_LIMIT,S,5,ENT,1.12051,0.00000
24,-1,1791198485823,DEAL,FILL,9110,BUY_LIMIT,S,5,EXT,1.11962,0.00000
24,-1,1791198487450,CB_DONE,PLACE,9112,BUY_LIMIT,S,4,EXT,1.11891,0.00000
24,-1,1791198487953,ENGINE,REMOVE,9111,SELL_LIMIT,S,6,ENT,1.12122,0.00000
24,-1,1791198488360,ENGINE,PLACE,9113,SELL_LIMIT,S,5,ENT,1.12051,0.00000
24,-1,1791198885971,DEAL,PLACE,9114,BUY_LIMIT,S,5,EXT,1.11964,0.00000
24,-1,1791198886265,DEAL,PLACE,9115,SELL_LIMIT,S,6,ENT,1.12124,0.00000
24,-1,1791198886559,DEAL,REMOVE,9112,BUY_LIMIT,S,4,EXT,1.11891,0.00000
24,-1,1791198886611,DEAL,FILL,9113,SELL_LIMIT,S,5,ENT,1.12051,0.00000
24,-1,1791200660475,DEAL,FILL,9108,SELL_LIMIT,L,3,EXT,1.12097,0.00000
24,-1,1791200661702,CB_DONE,PLACE,9116,SELL_LIMIT,L,2,EXT,1.12167,0.00000
24,-1,1791200662005,ENGINE,REMOVE,9109,BUY_LIMIT,L,4,ENT,1.11937,0.00000
24,-1,1791200663008,ENGINE,PLACE,9117,BUY_LIMIT,L,3,ENT,1.12007,0.00000
24,-1,1791200830833,DEAL,PLACE,9118,BUY_LIMIT,S,6,EXT,1.12034,0.00000
24,-1,1791200831127,DEAL,PLACE,9119,SELL_LIMIT,S,7,ENT,1.12194,0.00000
24,-1,1791200831421,DEAL,REMOVE,9114,BUY_LIMIT,S,5,EXT,1.11964,0.00000
24,-1,1791200831473,DEAL,FILL,9115,SELL_LIMIT,S,6,ENT,1.12124,0.00000
24,-1,1791201135321,DEAL,FILL,9116,SELL_LIMIT,L,2,EXT,1.12167,0.00000
24,-1,1791201135744,CB_DONE,PLACE,9120,SELL_LIMIT,L,1,EXT,1.12237,0.00000
24,-1,1791201136038,ENGINE,REMOVE,9117,BUY_LIMIT,L,3,ENT,1.12007,0.00000
24,-1,1791201136642,ENGINE,PLACE,9121,BUY_LIMIT,L,2,ENT,1.12077,0.00000
24,-1,1791203167031,DEAL,PLACE,9122,BUY_LIMIT,S,7,EXT,1.12104,0.00000
24,-1,1791203167325,DEAL,REMOVE,9118,BUY_LIMIT,S,6,EXT,1.12034,0.00000
24,-1,1791203167377,DEAL,FILL,9119,SELL_LIMIT,S,7,ENT,1.12194,0.00000
24,-1,1791204233022,DEAL,FILL,9122,BUY_LIMIT,S,7,EXT,1.12104,0.00000
24,-1,1791204235450,CB_DONE,PLACE,9123,BUY_LIMIT,S,6,EXT,1.12034,0.00000
24,-1,1791204237165,ENGINE,PLACE,9124,SELL_LIMIT,S,7,ENT,1.12194,0.00000
24,-1,1791204287755,DEAL,PLACE,9125,SELL_LIMIT,L,2,EXT,1.12167,0.00000
24,-1,1791204288049,DEAL,PLACE,9126,BUY_LIMIT,L,3,ENT,1.12007,0.00000
24,-1,1791204288343,DEAL,REMOVE,9120,SELL_LIMIT,L,1,EXT,1.12237,0.00000
24,-1,1791204288395,DEAL,FILL,9121,BUY_LIMIT,L,2,ENT,1.12077,0.00000
24,-1,1791206139696,DEAL,FILL,9123,BUY_LIMIT,S,6,EXT,1.12034,0.00000
24,-1,1791206140528,CB_DONE,PLACE,9127,BUY_LIMIT,S,5,EXT,1.11964,0.00000
24,-1,1791206142629,ENGINE,REMOVE,9124,SELL_LIMIT,S,7,ENT,1.12194,0.00000
24,-1,1791206142840,ENGINE,PLACE,9128,SELL_LIMIT,S,6,ENT,1.12124,0.00000
24,-1,1791208444543,DEAL,PLACE,9129,SELL_LIMIT,L,3,EXT,1.12097,0.00000
24,-1,1791208444837,DEAL,PLACE,9130,BUY_LIMIT,L,4,ENT,1.11937,0.00000
24,-1,1791208445131,DEAL,REMOVE,9125,SELL_LIMIT,L,2,EXT,1.12167,0.00000
24,-1,1791208445183,DEAL,FILL,9126,BUY_LIMIT,L,3,ENT,1.12007,0.00000
24,-1,1791209672159,DEAL,FILL,9127,BUY_LIMIT,S,5,EXT,1.11964,0.00000
24,-1,1791209672783,CB_DONE,PLACE,9131,BUY_LIMIT,S,4,EXT,1.11891,0.00000
24,-1,1791209673077,ENGINE,REMOVE,9128,SELL_LIMIT,S,6,ENT,1.12124,0.00000
24,-1,1791209673885,ENGINE,PLACE,9132,SELL_LIMIT,S,5,ENT,1.12051,0.00000
24,-1,1791210436408,DEAL,PLACE,9133,BUY_LIMIT,S,5,EXT,1.11960,0.00000
24,-1,1791210436702,DEAL,PLACE,9134,SELL_LIMIT,S,6,ENT,1.12120,0.00000
24,-1,1791210436996,DEAL,REMOVE,9131,BUY_LIMIT,S,4,EXT,1.11891,0.00000
24,-1,1791210437048,DEAL,FILL,9132,SELL_LIMIT,S,5,ENT,1.12051,0.00000
24,-1,1791210512140,DEAL,FILL,9129,SELL_LIMIT,L,3,EXT,1.12097,0.00000
24,-1,1791210512573,CB_DONE,PLACE,9135,SELL_LIMIT,L,2,EXT,1.12167,0.00000
24,-1,1791210512867,ENGINE,REMOVE,9130,BUY_LIMIT,L,4,ENT,1.11937,0.00000
24,-1,1791210513066,ENGINE,PLACE,9136,BUY_LIMIT,L,3,ENT,1.12007,0.00000
24,-1,1791210522201,DEAL,PLACE,9137,BUY_LIMIT,S,6,EXT,1.12033,0.00000
24,-1,1791210522495,DEAL,PLACE,9138,SELL_LIMIT,S,7,ENT,1.12193,0.00000
24,-1,1791210522789,DEAL,REMOVE,9133,BUY_LIMIT,S,5,EXT,1.11960,0.00000
24,-1,1791210522841,DEAL,FILL,9134,SELL_LIMIT,S,6,ENT,1.12120,0.00000
24,-1,1791210606477,DEAL,FILL,9135,SELL_LIMIT,L,2,EXT,1.12167,0.00000
24,-1,1791210606901,CB_DONE,PLACE,9139,SELL_LIMIT,L,1,EXT,1.12237,0.00000
24,-1,1791210607195,ENGINE,REMOVE,9136,BUY_LIMIT,L,3,ENT,1.12007,0.00000
24,-1,1791210607414,ENGINE,PLACE,9140,BUY_LIMIT,L,2,ENT,1.12077,0.00000
24,-1,1791210983598,DEAL,PLACE,9141,SELL_LIMIT,L,2,EXT,1.12167,0.00000
24,-1,1791210983892,DEAL,PLACE,9142,BUY_LIMIT,L,3,ENT,1.12007,0.00000
24,-1,1791210984186,DEAL,REMOVE,9139,SELL_LIMIT,L,1,EXT,1.12237,0.00000
24,-1,1791210984238,DEAL,FILL,9140,BUY_LIMIT,L,2,ENT,1.12077,0.00000
24,-1,1791211370401,DEAL,FILL,9137,BUY_LIMIT,S,6,EXT,1.12033,0.00000
24,-1,1791211370822,CB_DONE,PLACE,9143,BUY_LIMIT,S,5,EXT,1.11960,0.00000
24,-1,1791211371126,ENGINE,REMOVE,9138,SELL_LIMIT,S,7,ENT,1.12193,0.00000
24,-1,1791211371325,ENGINE,PLACE,9144,SELL_LIMIT,S,6,ENT,1.12120,0.00000
24,-1,1791213743910,DEAL,PLACE,9145,SELL_LIMIT,L,3,EXT,1.12095,0.00000
24,-1,1791213744204,DEAL,PLACE,9146,BUY_LIMIT,L,4,ENT,1.11935,0.00000
24,-1,1791213744498,DEAL,REMOVE,9141,SELL_LIMIT,L,2,EXT,1.12167,0.00000
24,-1,1791213744550,DEAL,FILL,9142,BUY_LIMIT,L,3,ENT,1.12007,0.00000
24,-1,1791214187680,DEAL,FILL,9145,SELL_LIMIT,L,3,EXT,1.12095,0.00000
24,-1,1791214188306,CB_DONE,PLACE,9147,SELL_LIMIT,L,2,EXT,1.12167,0.00000
24,-1,1791214188600,ENGINE,REMOVE,9146,BUY_LIMIT,L,4,ENT,1.11935,0.00000
24,-1,1791214189010,ENGINE,PLACE,9148,BUY_LIMIT,L,3,ENT,1.12007,0.00000
24,-1,1791214254834,DEAL,PLACE,9149,BUY_LIMIT,S,6,EXT,1.12030,0.00000
24,-1,1791214255128,DEAL,PLACE,9150,SELL_LIMIT,S,7,ENT,1.12190,0.00000
24,-1,1791214255422,DEAL,REMOVE,9143,BUY_LIMIT,S,5,EXT,1.11960,0.00000
24,-1,1791214255474,DEAL,FILL,9144,SELL_LIMIT,S,6,ENT,1.12120,0.00000
24,-1,1791216648318,DEAL,FILL,9149,BUY_LIMIT,S,6,EXT,1.12030,0.00000
24,-1,1791216650142,CB_DONE,PLACE,9151,BUY_LIMIT,S,5,EXT,1.11960,0.00000
24,-1,1791216652071,ENGINE,REMOVE,9150,SELL_LIMIT,S,7,ENT,1.12190,0.00000
24,-1,1791216652481,ENGINE,PLACE,9152,SELL_LIMIT,S,6,ENT,1.12120,0.00000
24,-1,1791217747517,DEAL,PLACE,9153,SELL_LIMIT,L,3,EXT,1.12097,0.00000
24,-1,1791217747811,DEAL,PLACE,9154,BUY_LIMIT,L,4,ENT,1.11937,0.00000
24,-1,1791217748105,DEAL,REMOVE,9147,SELL_LIMIT,L,2,EXT,1.12167,0.00000
24,-1,1791217748157,DEAL,FILL,9148,BUY_LIMIT,L,3,ENT,1.12007,0.00000
24,-1,1791218065925,DEAL,FILL,9151,BUY_LIMIT,S,5,EXT,1.11960,0.00000
24,-1,1791218067348,CB_DONE,PLACE,9155,BUY_LIMIT,S,4,EXT,1.11891,0.00000
24,-1,1791218067642,ENGINE,REMOVE,9152,SELL_LIMIT,S,6,ENT,1.12120,0.00000
24,-1,1791218068258,ENGINE,PLACE,9156,SELL_LIMIT,S,5,ENT,1.12051,0.00000
24,-1,1791218176831,DEAL,PLACE,9157,SELL_LIMIT,L,4,EXT,1.12022,0.00000
24,-1,1791218177125,DEAL,PLACE,9158,BUY_LIMIT,L,5,ENT,1.11862,0.00000
24,-1,1791218177419,DEAL,REMOVE,9153,SELL_LIMIT,L,3,EXT,1.12097,0.00000
24,-1,1791218177471,DEAL,FILL,9154,BUY_LIMIT,L,4,ENT,1.11937,0.00000
24,-1,1791218757738,DEAL,FILL,9155,BUY_LIMIT,S,4,EXT,1.11891,0.00000
24,-1,1791218758160,CB_DONE,PLACE,9159,BUY_LIMIT,S,3,EXT,1.11821,0.00000
24,-1,1791218759061,ENGINE,REMOVE,9156,SELL_LIMIT,S,5,ENT,1.12051,0.00000
24,-1,1791218759266,ENGINE,PLACE,9160,SELL_LIMIT,S,4,ENT,1.11981,0.00000
24,-1,1791222077577,DEAL,PLACE,9161,BUY_LIMIT,S,4,EXT,1.11891,0.00000
24,-1,1791222077871,DEAL,PLACE,9162,SELL_LIMIT,S,5,ENT,1.12051,0.00000
24,-1,1791222078165,DEAL,REMOVE,9159,BUY_LIMIT,S,3,EXT,1.11821,0.00000
24,-1,1791222078217,DEAL,FILL,9160,SELL_LIMIT,S,4,ENT,1.11981,0.00000
24,-1,1791222440500,DEAL,FILL,9157,SELL_LIMIT,L,4,EXT,1.12022,0.00000
24,-1,1791222440922,CB_DONE,PLACE,9163,SELL_LIMIT,L,3,EXT,1.12097,0.00000
24,-1,1791222441223,ENGINE,REMOVE,9158,BUY_LIMIT,L,5,ENT,1.11862,0.00000
24,-1,1791222441423,ENGINE,PLACE,9164,BUY_LIMIT,L,4,ENT,1.11937,0.00000
24,-1,1791222733857,DEAL,PLACE,9165,BUY_LIMIT,S,5,EXT,1.11962,0.00000
24,-1,1791222734151,DEAL,PLACE,9166,SELL_LIMIT,S,6,ENT,1.12122,0.00000
24,-1,1791222734445,DEAL,REMOVE,9161,BUY_LIMIT,S,4,EXT,1.11891,0.00000
24,-1,1791222734497,DEAL,FILL,9162,SELL_LIMIT,S,5,ENT,1.12051,0.00000
24,-1,1791223236889,DEAL,FILL,9163,SELL_LIMIT,L,3,EXT,1.12097,0.00000
24,-1,1791223237309,CB_DONE,PLACE,9167,SELL_LIMIT,L,2,EXT,1.12167,0.00000
24,-1,1791223238013,ENGINE,REMOVE,9164,BUY_LIMIT,L,4,ENT,1.11937,0.00000
24,-1,1791223238211,ENGINE,PLACE,9168,BUY_LIMIT,L,3,ENT,1.12007,0.00000
24,-1,1791223498432,DEAL,PLACE,9169,BUY_LIMIT,S,6,EXT,1.12031,0.00000
24,-1,1791223498726,DEAL,PLACE,9170,SELL_LIMIT,S,7,ENT,1.12191,0.00000
24,-1,1791223499020,DEAL,REMOVE,9165,BUY_LIMIT,S,5,EXT,1.11962,0.00000
24,-1,1791223499072,DEAL,FILL,9166,SELL_LIMIT,S,6,ENT,1.12122,0.00000
24,-1,1791228321010,DEAL,FILL,9169,BUY_LIMIT,S,6,EXT,1.12031,0.00000
24,-1,1791228324454,CB_DONE,PLACE,9171,BUY_LIMIT,S,5,EXT,1.11962,0.00000
24,-1,1791228324956,ENGINE,REMOVE,9170,SELL_LIMIT,S,7,ENT,1.12191,0.00000
24,-1,1791228325155,ENGINE,PLACE,9172,SELL_LIMIT,S,6,ENT,1.12122,0.00000
24,-1,1791230703588,DEAL,PLACE,9173,SELL_LIMIT,L,3,EXT,1.12095,0.00000
24,-1,1791230703882,DEAL,PLACE,9174,BUY_LIMIT,L,4,ENT,1.11935,0.00000
24,-1,1791230704176,DEAL,REMOVE,9167,SELL_LIMIT,L,2,EXT,1.12167,0.00000
24,-1,1791230704228,DEAL,FILL,9168,BUY_LIMIT,L,3,ENT,1.12007,0.00000
24,-1,1791233855741,DEAL,FILL,9173,SELL_LIMIT,L,3,EXT,1.12095,0.00000
24,-1,1791233856368,CB_DONE,PLACE,9175,SELL_LIMIT,L,2,EXT,1.12167,0.00000
24,-1,1791233856662,ENGINE,REMOVE,9174,BUY_LIMIT,L,4,ENT,1.11935,0.00000
24,-1,1791233857070,ENGINE,PLACE,9176,BUY_LIMIT,L,3,ENT,1.12007,0.00000
24,-1,1791234021700,DEAL,PLACE,9177,BUY_LIMIT,S,6,EXT,1.12033,0.00000
24,-1,1791234021994,DEAL,PLACE,9178,SELL_LIMIT,S,7,ENT,1.12193,0.00000
24,-1,1791234022288,DEAL,REMOVE,9171,BUY_LIMIT,S,5,EXT,1.11962,0.00000
24,-1,1791234022340,DEAL,FILL,9172,SELL_LIMIT,S,6,ENT,1.12122,0.00000
24,-1,1791237903424,DEAL,FILL,9175,SELL_LIMIT,L,2,EXT,1.12167,0.00000
24,-1,1791237904050,CB_DONE,PLACE,9179,SELL_LIMIT,L,1,EXT,1.12237,0.00000
24,-1,1791237904561,ENGINE,REMOVE,9176,BUY_LIMIT,L,3,ENT,1.12007,0.00000
24,-1,1791237904760,ENGINE,PLACE,9180,BUY_LIMIT,L,2,ENT,1.12077,0.00000
24,-1,1791239150471,DEAL,PLACE,9181,BUY_LIMIT,S,7,EXT,1.12104,0.00000
24,-1,1791239150765,DEAL,REMOVE,9177,BUY_LIMIT,S,6,EXT,1.12033,0.00000
24,-1,1791239150817,DEAL,FILL,9178,SELL_LIMIT,S,7,ENT,1.12193,0.00000
24,-1,1791244200001,TIMER,MODIFY,9049,SELL_LIMIT,L,0,EXT,1.12323,1.12307
24,-1,1791244200302,TIMER,MODIFY,9179,SELL_LIMIT,L,1,EXT,1.12253,1.12237
24,-1,1791244260001,TIMER,MODIFY,9059,BUY_LIMIT,S,0,EXT,1.11599,1.11598
24,-1,1791244440001,TIMER,MODIFY,9181,BUY_LIMIT,S,7,EXT,1.12105,1.12104
25,-1,1791250681000,SEED,PLACE,1985644509,SELL_LIMIT,L,0,EXT,1.12323,0.00000
25,-1,1791250681000,SEED,PLACE,1988240489,BUY_LIMIT,L,1,ENT,1.12147,0.00000
25,-1,1791250681000,SEED,PLACE,1985694703,BUY_LIMIT,S,0,EXT,1.11599,0.00000
25,-1,1791250681000,SEED,PLACE,1988152487,BUY_LIMIT,S,7,EXT,1.12105,0.00000
26,-1,1791250964000,SEED,PLACE,1985644509,SELL_LIMIT,L,0,EXT,1.12323,0.00000
26,-1,1791250964000,SEED,PLACE,1988240489,BUY_LIMIT,L,1,ENT,1.12147,0.00000
26,-1,1791250964000,SEED,PLACE,1985694703,BUY_LIMIT,S,0,EXT,1.11599,0.00000
26,-1,1791250964000,SEED,PLACE,1988152487,BUY_LIMIT,S,7,EXT,1.12105,0.00000
26,-1,1791255840854,DEAL,PLACE,9000,SELL_LIMIT,L,1,EXT,1.12237,0.00000
26,-1,1791255841148,DEAL,PLACE,9001,BUY_LIMIT,L,2,ENT,1.12077,0.00000
26,-1,1791255841442,DEAL,FILL,1988240489,BUY_LIMIT,L,1,ENT,1.12147,0.00000
26,-1,1791259209667,DEAL,FILL,9000,SELL_LIMIT,L,1,EXT,1.12237,0.00000
26,-1,1791259212611,ENGINE,REMOVE,9001,BUY_LIMIT,L,2,ENT,1.12077,0.00000
26,-1,1791259216045,ENGINE,PLACE,9002,BUY_LIMIT,L,1,ENT,1.12147,0.00000
26,-1,1791259224075,LATTICE,MODIFY,1985694703,BUY_LIMIT,S,0,EXT,1.12175,1.11599
26,-1,1791259224376,LATTICE,PLACE,9003,BUY_LIMIT,S,1,EXT,1.11670,0.00000
26,-1,1791259224670,LATTICE,REMOVE,1988152487,BUY_LIMIT,S,7,EXT,1.12105,0.00000
26,-1,1791262509513,DEAL,FILL,1985694703,BUY_LIMIT,S,0,EXT,1.12175,0.00000
26,-1,1791262510741,CB_DONE,PLACE,9004,BUY_LIMIT,S,7,EXT,1.12105,0.00000
26,-1,1791262511240,ENGINE,PLACE,9005,SELL_LIMIT,S,8,ENT,1.12264,0.00000
26,-1,1791263686818,DEAL,PLACE,9006,SELL_LIMIT,L,1,EXT,1.12235,0.00000
26,-1,1791263687112,DEAL,PLACE,9007,BUY_LIMIT,L,2,ENT,1.12075,0.00000
26,-1,1791263687406,DEAL,FILL,9002,BUY_LIMIT,L,1,ENT,1.12147,0.00000
27,-1,1791267621138,SEED,PLACE,1985644509,SELL_LIMIT,L,0,EXT,1.12343,0.00000
27,-1,1791267621138,SEED,PLACE,1988692243,SELL_LIMIT,L,1,EXT,1.12255,0.00000
27,-1,1791267621138,SEED,PLACE,1988692255,BUY_LIMIT,L,2,ENT,1.12075,0.00000
27,-1,1791267621138,SEED,PLACE,1988537635,BUY_LIMIT,S,1,EXT,1.11650,0.00000
27,-1,1791267621138,SEED,PLACE,1988657869,BUY_LIMIT,S,7,EXT,1.12085,0.00000
27,-1,1791267621138,SEED,PLACE,1988657886,SELL_LIMIT,S,8,ENT,1.12264,0.00000
27,-1,1791277527915,DEAL,FILL,1988657869,BUY_LIMIT,S,7,EXT,1.12085,0.00000
27,-1,1791277528337,CB_DONE,PLACE,9000,BUY_LIMIT,S,6,EXT,1.12014,0.00000
27,-1,1791277528637,ENGINE,REMOVE,1988657886,SELL_LIMIT,S,8,ENT,1.12264,0.00000
27,-1,1791277529437,ENGINE,PLACE,9001,SELL_LIMIT,S,7,ENT,1.12193,0.00000
27,-1,1791277597135,DEAL,PLACE,9002,SELL_LIMIT,L,2,EXT,1.12179,0.00000
27,-1,1791277597429,DEAL,PLACE,9003,BUY_LIMIT,L,3,ENT,1.11999,0.00000
27,-1,1791277597723,DEAL,REMOVE,1988692243,SELL_LIMIT,L,1,EXT,1.12255,0.00000
27,-1,1791277597775,DEAL,FILL,1988692255,BUY_LIMIT,L,2,ENT,1.12075,0.00000
27,-1,1791281716269,DEAL,FILL,9002,SELL_LIMIT,L,2,EXT,1.12179,0.00000
27,-1,1791281717296,CB_DONE,PLACE,9004,SELL_LIMIT,L,1,EXT,1.12255,0.00000
27,-1,1791281717598,ENGINE,REMOVE,9003,BUY_LIMIT,L,3,ENT,1.11999,0.00000
27,-1,1791281718201,ENGINE,PLACE,9005,BUY_LIMIT,L,2,ENT,1.12075,0.00000
27,-1,1791281738432,DEAL,PLACE,9006,BUY_LIMIT,S,7,EXT,1.12087,0.00000
27,-1,1791281738726,DEAL,PLACE,9007,SELL_LIMIT,S,8,ENT,1.12267,0.00000
27,-1,1791281739020,DEAL,REMOVE,9000,BUY_LIMIT,S,6,EXT,1.12014,0.00000
27,-1,1791281739072,DEAL,FILL,9001,SELL_LIMIT,S,7,ENT,1.12193,0.00000
27,-1,1791283174855,DEAL,FILL,9004,SELL_LIMIT,L,1,EXT,1.12255,0.00000
27,-1,1791283176376,ENGINE,REMOVE,9005,BUY_LIMIT,L,2,ENT,1.12075,0.00000
27,-1,1791283176576,ENGINE,PLACE,9008,BUY_LIMIT,L,1,ENT,1.12147,0.00000
27,-1,1791283202567,DEAL,PLACE,9009,BUY_LIMIT,S,8,EXT,1.12158,0.00000
27,-1,1791283202861,DEAL,REMOVE,9006,BUY_LIMIT,S,7,EXT,1.12087,0.00000
27,-1,1791283202913,DEAL,FILL,9007,SELL_LIMIT,S,8,ENT,1.12267,0.00000
27,-1,1791284001644,LATTICE,MODIFY,1988537635,BUY_LIMIT,S,1,EXT,1.12229,1.11650
27,-1,1791284001945,LATTICE,PLACE,9010,BUY_LIMIT,S,2,EXT,1.11725,0.00000
27,-1,1791284002239,LATTICE,REMOVE,9009,BUY_LIMIT,S,8,EXT,1.12158,0.00000
27,-1,1791284002291,DEAL,FILL,1985644509,SELL_LIMIT,L,0,EXT,1.12343,0.00000
27,-1,1791284002655,ENGINE,PLACE,9011,BUY_LIMIT,L,0,ENT,1.12334,0.00000
27,-1,1791284002949,ENGINE,REMOVE,9008,BUY_LIMIT,L,1,ENT,1.12147,0.00000
27,-1,1791284009942,ENGINE,MODIFY,9011,BUY_LIMIT,L,0,ENT,1.12355,1.12334
27,-1,1791284073246,DEAL,PLACE,9012,SELL_LIMIT,L,0,EXT,1.12461,0.00000
27,-1,1791284073540,DEAL,PLACE,9013,BUY_LIMIT,L,1,ENT,1.12281,0.00000
27,-1,1791284073834,DEAL,FILL,9011,BUY_LIMIT,L,0,ENT,1.12355,0.00000
27,-1,1791284298852,LATTICE,MODIFY,9010,BUY_LIMIT,S,2,EXT,1.12299,1.11725
27,-1,1791284299153,LATTICE,PLACE,9014,BUY_LIMIT,S,3,EXT,1.11802,0.00000
27,-1,1791284299447,LATTICE,REMOVE,1988537635,BUY_LIMIT,S,1,EXT,1.12229,0.00000
27,-1,1791284872186,DEAL,FILL,9010,BUY_LIMIT,S,2,EXT,1.12299,0.00000
27,-1,1791284872587,CB_DONE,PLACE,9015,BUY_LIMIT,S,1,EXT,1.12229,0.00000
27,-1,1791284873485,ENGINE,PLACE,9016,SELL_LIMIT,S,9,ENT,1.12408,0.00000
27,-1,1791285375208,DEAL,PLACE,9017,SELL_LIMIT,L,1,EXT,1.12391,0.00000
27,-1,1791285375502,DEAL,PLACE,9018,BUY_LIMIT,L,2,ENT,1.12211,0.00000
27,-1,1791285375796,DEAL,FILL,9013,BUY_LIMIT,L,1,ENT,1.12281,0.00000
27,-1,1791286628265,DEAL,FILL,9017,SELL_LIMIT,L,1,EXT,1.12391,0.00000
27,-1,1791286628991,ENGINE,REMOVE,9018,BUY_LIMIT,L,2,ENT,1.12211,0.00000
27,-1,1791286629397,ENGINE,PLACE,9019,BUY_LIMIT,L,1,ENT,1.12281,0.00000
27,-1,1791286636907,DEAL,PLACE,9020,BUY_LIMIT,S,9,EXT,1.12299,0.00000
27,-1,1791286637201,DEAL,REMOVE,9015,BUY_LIMIT,S,1,EXT,1.12229,0.00000
27,-1,1791286637253,DEAL,FILL,9016,SELL_LIMIT,S,9,ENT,1.12408,0.00000
27,-1,1791286987938,DEAL,FILL,9012,SELL_LIMIT,L,0,EXT,1.12461,0.00000
27,-1,1791286989063,ENGINE,PLACE,9021,BUY_LIMIT,L,0,ENT,1.12444,0.00000
27,-1,1791286989357,ENGINE,REMOVE,9019,BUY_LIMIT,L,1,ENT,1.12281,0.00000
27,-1,1791287030814,DEAL,PLACE,9022,SELL_LIMIT,L,0,EXT,1.12552,0.00000
27,-1,1791287031108,DEAL,PLACE,9023,BUY_LIMIT,L,1,ENT,1.12372,0.00000
27,-1,1791287031402,DEAL,FILL,9021,BUY_LIMIT,L,0,ENT,1.12444,0.00000
27,-1,1791288819179,DEAL,PLACE,9024,SELL_LIMIT,L,1,EXT,1.12479,0.00000
27,-1,1791288819473,DEAL,PLACE,9025,BUY_LIMIT,L,2,ENT,1.12299,0.00000
27,-1,1791288819767,DEAL,FILL,9023,BUY_LIMIT,L,1,ENT,1.12372,0.00000
27,-1,1791291111619,LATTICE,MODIFY,9014,BUY_LIMIT,S,3,EXT,1.12370,1.11802
27,-1,1791291111920,LATTICE,PLACE,9026,BUY_LIMIT,S,4,EXT,1.11872,0.00000
27,-1,1791291112214,LATTICE,REMOVE,9020,BUY_LIMIT,S,9,EXT,1.12299,0.00000
27,-1,1791291112266,DEAL,FILL,9024,SELL_LIMIT,L,1,EXT,1.12479,0.00000
27,-1,1791291112618,ENGINE,REMOVE,9025,BUY_LIMIT,L,2,ENT,1.12299,0.00000
27,-1,1791291112828,ENGINE,PLACE,9027,BUY_LIMIT,L,1,ENT,1.12372,0.00000
27,-1,1791296302672,LATTICE,MODIFY,9026,BUY_LIMIT,S,4,EXT,1.12440,1.11872
27,-1,1791296302973,LATTICE,PLACE,9028,BUY_LIMIT,S,5,EXT,1.11943,0.00000
27,-1,1791296303267,LATTICE,REMOVE,9014,BUY_LIMIT,S,3,EXT,1.12370,0.00000
27,-1,1791296305180,DEAL,FILL,9022,SELL_LIMIT,L,0,EXT,1.12552,0.00000
27,-1,1791296305892,ENGINE,PLACE,9029,BUY_LIMIT,L,0,ENT,1.12529,0.00000
27,-1,1791296306186,ENGINE,REMOVE,9027,BUY_LIMIT,L,1,ENT,1.12372,0.00000
27,-1,1791296496245,ENGINE,MODIFY,9029,BUY_LIMIT,L,0,ENT,1.12554,1.12529
27,-1,1791296545335,ENGINE,MODIFY,9029,BUY_LIMIT,L,0,ENT,1.12577,1.12554
27,-1,1791296617636,DEAL,PLACE,9030,SELL_LIMIT,L,0,EXT,1.12687,0.00000
27,-1,1791296617930,DEAL,PLACE,9031,BUY_LIMIT,L,1,ENT,1.12507,0.00000
27,-1,1791296618224,DEAL,FILL,9029,BUY_LIMIT,L,0,ENT,1.12577,0.00000
27,-1,1791296736878,LATTICE,MODIFY,9028,BUY_LIMIT,S,5,EXT,1.12510,1.11943
27,-1,1791296737179,LATTICE,PLACE,9032,BUY_LIMIT,S,6,EXT,1.12014,0.00000
27,-1,1791296737473,LATTICE,REMOVE,9026,BUY_LIMIT,S,4,EXT,1.12440,0.00000
27,-1,1791297750286,DEAL,FILL,9030,SELL_LIMIT,L,0,EXT,1.12687,0.00000
27,-1,1791297750808,LATTICE,MODIFY,9032,BUY_LIMIT,S,6,EXT,1.12580,1.12014
27,-1,1791297751109,LATTICE,PLACE,9033,BUY_LIMIT,S,7,EXT,1.12087,0.00000
27,-1,1791297751403,LATTICE,REMOVE,9028,BUY_LIMIT,S,5,EXT,1.12510,0.00000
27,-1,1791297751455,ENGINE,PLACE,9034,BUY_LIMIT,L,0,ENT,1.12672,0.00000
27,-1,1791297751749,ENGINE,REMOVE,9031,BUY_LIMIT,L,1,ENT,1.12507,0.00000
27,-1,1791297909432,DEAL,PLACE,9035,SELL_LIMIT,L,0,EXT,1.12782,0.00000
27,-1,1791297909726,DEAL,PLACE,9036,BUY_LIMIT,L,1,ENT,1.12602,0.00000
27,-1,1791297910020,DEAL,FILL,9034,BUY_LIMIT,L,0,ENT,1.12672,0.00000
27,-1,1791299076701,LATTICE,MODIFY,9033,BUY_LIMIT,S,7,EXT,1.12649,1.12087
27,-1,1791299077002,LATTICE,PLACE,9037,BUY_LIMIT,S,8,EXT,1.12158,0.00000
27,-1,1791299077296,LATTICE,REMOVE,9032,BUY_LIMIT,S,6,EXT,1.12580,0.00000
27,-1,1791300473169,DEAL,FILL,9033,BUY_LIMIT,S,7,EXT,1.12649,0.00000
27,-1,1791300473978,CB_DONE,PLACE,9038,BUY_LIMIT,S,6,EXT,1.12580,0.00000
27,-1,1791300474277,ENGINE,PLACE,9039,SELL_LIMIT,S,10,ENT,1.12759,0.00000
27,-1,1791301595497,DEAL,PLACE,9040,SELL_LIMIT,L,1,EXT,1.12711,0.00000
27,-1,1791301595791,DEAL,PLACE,9041,BUY_LIMIT,L,2,ENT,1.12531,0.00000
27,-1,1791301596085,DEAL,FILL,9036,BUY_LIMIT,L,1,ENT,1.12602,0.00000
27,-1,1791301781307,DEAL,FILL,9038,BUY_LIMIT,S,6,EXT,1.12580,0.00000
27,-1,1791301781740,CB_DONE,PLACE,9042,BUY_LIMIT,S,5,EXT,1.12510,0.00000
27,-1,1791301782042,ENGINE,MODIFY,9039,SELL_LIMIT,S,10,ENT,1.12689,1.12759
27,-1,1791303979292,DEAL,PLACE,9043,SELL_LIMIT,L,2,EXT,1.12640,0.00000
27,-1,1791303979586,DEAL,PLACE,9044,BUY_LIMIT,L,3,ENT,1.12460,0.00000
27,-1,1791303979880,DEAL,REMOVE,9040,SELL_LIMIT,L,1,EXT,1.12711,0.00000
27,-1,1791303979932,DEAL,FILL,9041,BUY_LIMIT,L,2,ENT,1.12531,0.00000
27,-1,1791304715215,DEAL,FILL,9042,BUY_LIMIT,S,5,EXT,1.12510,0.00000
27,-1,1791304715646,CB_DONE,PLACE,9045,BUY_LIMIT,S,4,EXT,1.12440,0.00000
27,-1,1791304716145,ENGINE,MODIFY,9039,SELL_LIMIT,S,10,ENT,1.12619,1.12689
27,-1,1791308465188,DEAL,PLACE,9046,SELL_LIMIT,L,3,EXT,1.12567,0.00000
27,-1,1791308465482,DEAL,PLACE,9047,BUY_LIMIT,L,4,ENT,1.12387,0.00000
27,-1,1791308465776,DEAL,REMOVE,9043,SELL_LIMIT,L,2,EXT,1.12640,0.00000
27,-1,1791308465828,DEAL,FILL,9044,BUY_LIMIT,L,3,ENT,1.12460,0.00000
27,-1,1791309223177,DEAL,FILL,9046,SELL_LIMIT,L,3,EXT,1.12567,0.00000
27,-1,1791309226415,CB_DONE,PLACE,9048,SELL_LIMIT,L,2,EXT,1.12640,0.00000
27,-1,1791309226909,ENGINE,REMOVE,9047,BUY_LIMIT,L,4,ENT,1.12387,0.00000
27,-1,1791309227106,ENGINE,PLACE,9049,BUY_LIMIT,L,3,ENT,1.12460,0.00000
27,-1,1791310520676,DEAL,PLACE,9050,BUY_LIMIT,S,10,EXT,1.12510,0.00000
27,-1,1791310520970,DEAL,PLACE,9051,SELL_LIMIT,S,11,ENT,1.12690,0.00000
27,-1,1791310521264,DEAL,FILL,9039,SELL_LIMIT,S,10,ENT,1.12619,0.00000
27,-1,1791310521264,DEAL,REMOVE,9045,BUY_LIMIT,S,4,EXT,1.12440,0.00000
27,-1,1791310769046,DEAL,FILL,9048,SELL_LIMIT,L,2,EXT,1.12640,0.00000
27,-1,1791310769466,CB_DONE,PLACE,9052,SELL_LIMIT,L,1,EXT,1.12711,0.00000
27,-1,1791310769760,ENGINE,REMOVE,9049,BUY_LIMIT,L,3,ENT,1.12460,0.00000
27,-1,1791310770782,ENGINE,PLACE,9053,BUY_LIMIT,L,2,ENT,1.12531,0.00000
27,-1,1791311848110,DEAL,PLACE,9054,BUY_LIMIT,S,11,EXT,1.12580,0.00000
27,-1,1791311848404,DEAL,PLACE,9055,SELL_LIMIT,S,12,ENT,1.12760,0.00000
27,-1,1791311848698,DEAL,REMOVE,9050,BUY_LIMIT,S,10,EXT,1.12510,0.00000
27,-1,1791311848750,DEAL,FILL,9051,SELL_LIMIT,S,11,ENT,1.12690,0.00000
27,-1,1791313873541,DEAL,FILL,9054,BUY_LIMIT,S,11,EXT,1.12580,0.00000
27,-1,1791313874172,CB_DONE,PLACE,9056,BUY_LIMIT,S,10,EXT,1.12510,0.00000
27,-1,1791313875680,ENGINE,REMOVE,9055,SELL_LIMIT,S,12,ENT,1.12760,0.00000
27,-1,1791313876492,ENGINE,PLACE,9057,SELL_LIMIT,S,11,ENT,1.12690,0.00000
27,-1,1791330621138,TIMER,MODIFY,9035,SELL_LIMIT,L,0,EXT,1.12806,1.12782
27,-1,1791330621439,TIMER,MODIFY,9052,SELL_LIMIT,L,1,EXT,1.12735,1.12711
27,-1,1791330741138,TIMER,MODIFY,9037,BUY_LIMIT,S,8,EXT,1.12162,1.12158
27,-1,1791330801138,TIMER,MODIFY,9056,BUY_LIMIT,S,10,EXT,1.12514,1.12510
27,-1,1791331201154,ENGINE,MODIFY,9053,BUY_LIMIT,L,2,ENT,1.12495,1.12531
27,-1,1791331201658,ENGINE,MODIFY,9053,BUY_LIMIT,L,2,ENT,1.12531,1.12495
27,-1,1791341004482,DEAL,PLACE,9058,SELL_LIMIT,L,2,EXT,1.12641,0.00000
27,-1,1791341004776,DEAL,PLACE,9059,BUY_LIMIT,L,3,ENT,1.12461,0.00000
27,-1,1791341005070,DEAL,REMOVE,9052,SELL_LIMIT,L,1,EXT,1.12735,0.00000
27,-1,1791341005122,DEAL,FILL,9053,BUY_LIMIT,L,2,ENT,1.12531,0.00000
27,-1,1791342014953,DEAL,FILL,9056,BUY_LIMIT,S,10,EXT,1.12514,0.00000
27,-1,1791342015573,CB_DONE,PLACE,9060,BUY_LIMIT,S,4,EXT,1.12444,0.00000
27,-1,1791342017485,ENGINE,REMOVE,9057,SELL_LIMIT,S,11,ENT,1.12690,0.00000
27,-1,1791342017685,ENGINE,PLACE,9061,SELL_LIMIT,S,10,ENT,1.12619,0.00000
27,-1,1791345975177,DEAL,PLACE,9062,SELL_LIMIT,L,3,EXT,1.12570,0.00000
27,-1,1791345975471,DEAL,PLACE,9063,BUY_LIMIT,L,4,ENT,1.12390,0.00000
27,-1,1791345975765,DEAL,REMOVE,9058,SELL_LIMIT,L,2,EXT,1.12641,0.00000
27,-1,1791345975817,DEAL,FILL,9059,BUY_LIMIT,L,3,ENT,1.12461,0.00000
27,-1,1791346860760,DEAL,FILL,9060,BUY_LIMIT,S,4,EXT,1.12444,0.00000
27,-1,1791346871034,CB_DONE,PLACE,9064,BUY_LIMIT,S,3,EXT,1.12374,0.00000
27,-1,1791346871929,ENGINE,MODIFY,9061,SELL_LIMIT,S,10,ENT,1.12549,1.12619
27,-1,1791349046813,DEAL,PLACE,9065,SELL_LIMIT,L,4,EXT,1.12501,0.00000
27,-1,1791349047107,DEAL,PLACE,9066,BUY_LIMIT,L,5,ENT,1.12321,0.00000
27,-1,1791349047401,DEAL,REMOVE,9062,SELL_LIMIT,L,3,EXT,1.12570,0.00000
27,-1,1791349047453,DEAL,FILL,9063,BUY_LIMIT,L,4,ENT,1.12390,0.00000
28,-1,1791349058001,SEED,PLACE,1990054431,SELL_LIMIT,L,0,EXT,1.12806,0.00000
28,-1,1791349058001,SEED,PLACE,1991683424,SELL_LIMIT,L,4,EXT,1.12501,0.00000
28,-1,1791349058001,SEED,PLACE,1991683429,BUY_LIMIT,L,5,ENT,1.12321,0.00000
28,-1,1791349058001,SEED,PLACE,1991611093,BUY_LIMIT,S,3,EXT,1.12374,0.00000
28,-1,1791349058001,SEED,PLACE,1990106683,BUY_LIMIT,S,8,EXT,1.12162,0.00000
28,-1,1791349058001,SEED,PLACE,1991454511,SELL_LIMIT,S,10,ENT,1.12549,0.00000
29,-1,1791349296000,SEED,PLACE,1990054431,SELL_LIMIT,L,0,EXT,1.12806,0.00000
29,-1,1791349296000,SEED,PLACE,1991683424,SELL_LIMIT,L,4,EXT,1.12501,0.00000
29,-1,1791349296000,SEED,PLACE,1991683429,BUY_LIMIT,L,5,ENT,1.12321,0.00000
29,-1,1791349296000,SEED,PLACE,1991611093,BUY_LIMIT,S,3,EXT,1.12374,0.00000
29,-1,1791349296000,SEED,PLACE,1990106683,BUY_LIMIT,S,8,EXT,1.12162,0.00000
29,-1,1791349296000,SEED,PLACE,1991454511,SELL_LIMIT,S,10,ENT,1.12549,0.00000
29,-1,1791349411668,DEAL,FILL,1991611093,BUY_LIMIT,S,3,EXT,1.12374,0.00000
29,-1,1791349412095,CB_DONE,PLACE,9000,BUY_LIMIT,S,9,EXT,1.12303,0.00000
29,-1,1791349412389,ENGINE,MODIFY,1991454511,SELL_LIMIT,S,10,ENT,1.12479,1.12549
29,-1,1791357875936,DEAL,PLACE,9001,SELL_LIMIT,L,5,EXT,1.12429,0.00000
29,-1,1791357876230,DEAL,PLACE,9002,BUY_LIMIT,L,6,ENT,1.12249,0.00000
29,-1,1791357876524,DEAL,REMOVE,1991683424,SELL_LIMIT,L,4,EXT,1.12501,0.00000
29,-1,1791357876576,DEAL,FILL,1991683429,BUY_LIMIT,L,5,ENT,1.12321,0.00000
29,-1,1791358037264,DEAL,FILL,9000,BUY_LIMIT,S,9,EXT,1.12303,0.00000
29,-1,1791358041095,CB_DONE,PLACE,9003,BUY_LIMIT,S,1,EXT,1.12233,0.00000
29,-1,1791358041389,ENGINE,REMOVE,1991454511,SELL_LIMIT,S,10,ENT,1.12479,0.00000
29,-1,1791358042010,ENGINE,PLACE,9004,SELL_LIMIT,S,9,ENT,1.12408,0.00000
29,-1,1791363736707,DEAL,PLACE,9005,SELL_LIMIT,L,6,EXT,1.12360,0.00000
29,-1,1791363737001,DEAL,PLACE,9006,BUY_LIMIT,L,7,ENT,1.12180,0.00000
29,-1,1791363737295,DEAL,REMOVE,9001,SELL_LIMIT,L,5,EXT,1.12429,0.00000
29,-1,1791363737347,DEAL,FILL,9002,BUY_LIMIT,L,6,ENT,1.12249,0.00000
29,-1,1791364740462,DEAL,FILL,9003,BUY_LIMIT,S,1,EXT,1.12233,0.00000
29,-1,1791364741991,ENGINE,MODIFY,9004,SELL_LIMIT,S,9,ENT,1.12338,1.12408
29,-1,1791368195681,DEAL,PLACE,9007,SELL_LIMIT,L,7,EXT,1.12288,0.00000
29,-1,1791368195975,DEAL,REMOVE,9005,SELL_LIMIT,L,6,EXT,1.12360,0.00000
29,-1,1791368196027,DEAL,FILL,9006,BUY_LIMIT,L,7,ENT,1.12180,0.00000
29,-1,1791368229871,DEAL,FILL,1990106683,BUY_LIMIT,S,8,EXT,1.12162,0.00000
29,-1,1791368232002,ENGINE,PLACE,9008,SELL_LIMIT,S,0,ENT,1.12177,0.00000
29,-1,1791368232296,ENGINE,REMOVE,9004,SELL_LIMIT,S,9,ENT,1.12338,0.00000
29,-1,1791368502083,ENGINE,MODIFY,9008,SELL_LIMIT,S,0,ENT,1.12157,1.12177
29,-1,1791368659076,DEAL,PLACE,9009,BUY_LIMIT,S,0,EXT,1.12050,0.00000
29,-1,1791368659370,DEAL,PLACE,9010,SELL_LIMIT,S,1,ENT,1.12230,0.00000
29,-1,1791368659664,DEAL,FILL,9008,SELL_LIMIT,S,0,ENT,1.12157,0.00000
29,-1,1791369620646,DEAL,FILL,9009,BUY_LIMIT,S,0,EXT,1.12050,0.00000
29,-1,1791369622157,LATTICE,MODIFY,1990054431,SELL_LIMIT,L,0,EXT,1.12242,1.12806
29,-1,1791369622458,LATTICE,PLACE,9011,SELL_LIMIT,L,1,EXT,1.12735,0.00000
29,-1,1791369622752,LATTICE,REMOVE,9007,SELL_LIMIT,L,7,EXT,1.12288,0.00000
29,-1,1791369622804,ENGINE,PLACE,9012,SELL_LIMIT,S,0,ENT,1.12068,0.00000
29,-1,1791369623098,ENGINE,REMOVE,9010,SELL_LIMIT,S,1,ENT,1.12230,0.00000
29,-1,1791369736755,DEAL,PLACE,9013,BUY_LIMIT,S,0,EXT,1.11958,0.00000
29,-1,1791369737049,DEAL,PLACE,9014,SELL_LIMIT,S,1,ENT,1.12138,0.00000
29,-1,1791369737343,DEAL,FILL,9012,SELL_LIMIT,S,0,ENT,1.12068,0.00000
29,-1,1791370392394,DEAL,FILL,9013,BUY_LIMIT,S,0,EXT,1.11958,0.00000
29,-1,1791370393118,LATTICE,PLACE,9015,SELL_LIMIT,L,2,EXT,1.12078,0.00000
29,-1,1791370393412,LATTICE,PLACE,9016,SELL_LIMIT,L,3,EXT,1.12570,0.00000
29,-1,1791370393706,LATTICE,REMOVE,1990054431,SELL_LIMIT,L,0,EXT,1.12242,0.00000
29,-1,1791370393758,LATTICE,REMOVE,9011,SELL_LIMIT,L,1,EXT,1.12735,0.00000
29,-1,1791370393810,ENGINE,PLACE,9017,SELL_LIMIT,S,0,ENT,1.11967,0.00000
29,-1,1791370394104,ENGINE,REMOVE,9014,SELL_LIMIT,S,1,ENT,1.12138,0.00000
29,-1,1791370406806,ENGINE,MODIFY,9017,SELL_LIMIT,S,0,ENT,1.11943,1.11967
29,-1,1791370456517,ENGINE,MODIFY,9017,SELL_LIMIT,S,0,ENT,1.11921,1.11943
29,-1,1791370457325,LATTICE,MODIFY,9016,SELL_LIMIT,L,3,EXT,1.12008,1.12570
29,-1,1791370457626,LATTICE,PLACE,9018,SELL_LIMIT,L,4,EXT,1.12501,0.00000
29,-1,1791370457920,LATTICE,REMOVE,9015,SELL_LIMIT,L,2,EXT,1.12078,0.00000
29,-1,1791370465654,DEAL,PLACE,9019,BUY_LIMIT,S,0,EXT,1.11809,0.00000
29,-1,1791370465948,DEAL,PLACE,9020,SELL_LIMIT,S,1,ENT,1.11989,0.00000
29,-1,1791370466242,DEAL,FILL,9017,SELL_LIMIT,S,0,ENT,1.11921,0.00000
29,-1,1791371841814,DEAL,FILL,9019,BUY_LIMIT,S,0,EXT,1.11809,0.00000
29,-1,1791371842325,LATTICE,MODIFY,9018,SELL_LIMIT,L,4,EXT,1.11938,1.12501
29,-1,1791371842626,LATTICE,PLACE,9021,SELL_LIMIT,L,5,EXT,1.12429,0.00000
29,-1,1791371842920,LATTICE,REMOVE,9016,SELL_LIMIT,L,3,EXT,1.12008,0.00000
29,-1,1791371842972,ENGINE,PLACE,9022,SELL_LIMIT,S,0,ENT,1.11826,0.00000
29,-1,1791371843266,ENGINE,REMOVE,9020,SELL_LIMIT,S,1,ENT,1.11989,0.00000
29,-1,1791371860683,DEAL,PLACE,9023,BUY_LIMIT,S,0,EXT,1.11716,0.00000
29,-1,1791371860977,DEAL,PLACE,9024,SELL_LIMIT,S,1,ENT,1.11896,0.00000
29,-1,1791371861271,DEAL,FILL,9022,SELL_LIMIT,S,0,ENT,1.11826,0.00000
29,-1,1791371960617,DEAL,PLACE,9025,BUY_LIMIT,S,1,EXT,1.11785,0.00000
29,-1,1791371960911,DEAL,PLACE,9026,SELL_LIMIT,S,2,ENT,1.11965,0.00000
29,-1,1791371961205,DEAL,FILL,9024,SELL_LIMIT,S,1,ENT,1.11896,0.00000
29,-1,1791372123702,DEAL,FILL,9018,SELL_LIMIT,L,4,EXT,1.11938,0.00000
29,-1,1791372125927,CB_DONE,PLACE,9027,SELL_LIMIT,L,3,EXT,1.12008,0.00000
29,-1,1791372126432,ENGINE,PLACE,9028,BUY_LIMIT,L,8,ENT,1.11828,0.00000
29,-1,1791372196473,DEAL,PLACE,9029,BUY_LIMIT,S,2,EXT,1.11855,0.00000
29,-1,1791372196767,DEAL,PLACE,9030,SELL_LIMIT,S,3,ENT,1.12035,0.00000
29,-1,1791372197061,DEAL,REMOVE,9025,BUY_LIMIT,S,1,EXT,1.11785,0.00000
29,-1,1791372197113,DEAL,FILL,9026,SELL_LIMIT,S,2,ENT,1.11965,0.00000
29,-1,1791374149378,DEAL,FILL,9027,SELL_LIMIT,L,3,EXT,1.12008,0.00000
29,-1,1791374150003,CB_DONE,PLACE,9031,SELL_LIMIT,L,2,EXT,1.12078,0.00000
29,-1,1791374150302,ENGINE,MODIFY,9028,BUY_LIMIT,L,8,ENT,1.11898,1.11828
29,-1,1791374552999,DEAL,PLACE,9032,BUY_LIMIT,S,3,EXT,1.11924,0.00000
29,-1,1791374553293,DEAL,PLACE,9033,SELL_LIMIT,S,4,ENT,1.12104,0.00000
29,-1,1791374553587,DEAL,REMOVE,9029,BUY_LIMIT,S,2,EXT,1.11855,0.00000
29,-1,1791374553639,DEAL,FILL,9030,SELL_LIMIT,S,3,ENT,1.12035,0.00000
29,-1,1791375511361,DEAL,FILL,9032,BUY_LIMIT,S,3,EXT,1.11924,0.00000
29,-1,1791375512182,CB_DONE,PLACE,9034,BUY_LIMIT,S,2,EXT,1.11855,0.00000
29,-1,1791375512480,ENGINE,REMOVE,9033,SELL_LIMIT,S,4,ENT,1.12104,0.00000
29,-1,1791375512682,ENGINE,PLACE,9035,SELL_LIMIT,S,3,ENT,1.12035,0.00000
29,-1,1791376227990,DEAL,PLACE,9036,SELL_LIMIT,L,8,EXT,1.12008,0.00000
29,-1,1791376228284,DEAL,PLACE,9037,BUY_LIMIT,L,9,ENT,1.11828,0.00000
29,-1,1791376228578,DEAL,FILL,9028,BUY_LIMIT,L,8,ENT,1.11898,0.00000
29,-1,1791376228578,DEAL,REMOVE,9031,SELL_LIMIT,L,2,EXT,1.12078,0.00000
29,-1,1791383253329,DEAL,FILL,9034,BUY_LIMIT,S,2,EXT,1.11855,0.00000
29,-1,1791383253752,CB_DONE,PLACE,9038,BUY_LIMIT,S,1,EXT,1.11785,0.00000
29,-1,1791383254051,ENGINE,REMOVE,9035,SELL_LIMIT,S,3,ENT,1.12035,0.00000
29,-1,1791383254257,ENGINE,PLACE,9039,SELL_LIMIT,S,2,ENT,1.11965,0.00000
29,-1,1791383300757,DEAL,PLACE,9040,SELL_LIMIT,L,9,EXT,1.11938,0.00000
29,-1,1791383301051,DEAL,REMOVE,9036,SELL_LIMIT,L,8,EXT,1.12008,0.00000
29,-1,1791383301103,DEAL,FILL,9037,BUY_LIMIT,L,9,ENT,1.11828,0.00000
29,-1,1791384019537,DEAL,FILL,9038,BUY_LIMIT,S,1,EXT,1.11785,0.00000
29,-1,1791384020866,ENGINE,REMOVE,9039,SELL_LIMIT,S,2,ENT,1.11965,0.00000
29,-1,1791384022676,ENGINE,PLACE,9041,SELL_LIMIT,S,1,ENT,1.11896,0.00000
29,-1,1791386385326,DEAL,FILL,9023,BUY_LIMIT,S,0,EXT,1.11716,0.00000
29,-1,1791386386255,LATTICE,MODIFY,9021,SELL_LIMIT,L,5,EXT,1.11868,1.12429
29,-1,1791386386556,LATTICE,PLACE,9042,SELL_LIMIT,L,6,EXT,1.12360,0.00000
29,-1,1791386386850,LATTICE,REMOVE,9040,SELL_LIMIT,L,9,EXT,1.11938,0.00000
29,-1,1791386386902,ENGINE,PLACE,9043,SELL_LIMIT,S,0,ENT,1.11736,0.00000
29,-1,1791386387196,ENGINE,REMOVE,9041,SELL_LIMIT,S,1,ENT,1.11896,0.00000
29,-1,1791386596099,ENGINE,MODIFY,9043,SELL_LIMIT,S,0,ENT,1.11716,1.11736
29,-1,1791386596694,LATTICE,MODIFY,9042,SELL_LIMIT,L,6,EXT,1.11798,1.12360
29,-1,1791386596995,LATTICE,PLACE,9044,SELL_LIMIT,L,7,EXT,1.12288,0.00000
29,-1,1791386597289,LATTICE,REMOVE,9021,SELL_LIMIT,L,5,EXT,1.11868,0.00000
29,-1,1791386598700,ENGINE,MODIFY,9043,SELL_LIMIT,S,0,ENT,1.11696,1.11716
29,-1,1791386691154,ENGINE,MODIFY,9043,SELL_LIMIT,S,0,ENT,1.11676,1.11696
29,-1,1791386711332,DEAL,PLACE,9045,BUY_LIMIT,S,0,EXT,1.11566,0.00000
29,-1,1791386711626,DEAL,PLACE,9046,SELL_LIMIT,S,1,ENT,1.11746,0.00000
29,-1,1791386711920,DEAL,FILL,9043,SELL_LIMIT,S,0,ENT,1.11676,0.00000
29,-1,1791388809779,DEAL,PLACE,9047,BUY_LIMIT,S,1,EXT,1.11634,0.00000
29,-1,1791388810073,DEAL,PLACE,9048,SELL_LIMIT,S,2,ENT,1.11814,0.00000
29,-1,1791388810367,DEAL,FILL,9046,SELL_LIMIT,S,1,ENT,1.11746,0.00000
29,-1,1791388904021,DEAL,FILL,9042,SELL_LIMIT,L,6,EXT,1.11798,0.00000
29,-1,1791388905259,CB_DONE,PLACE,9049,SELL_LIMIT,L,5,EXT,1.11868,0.00000
29,-1,1791388910169,ENGINE,PLACE,9050,BUY_LIMIT,L,10,ENT,1.11688,0.00000
29,-1,1791389666580,DEAL,PLACE,9051,BUY_LIMIT,S,2,EXT,1.11704,0.00000
29,-1,1791389666874,DEAL,PLACE,9052,SELL_LIMIT,S,3,ENT,1.11884,0.00000
29,-1,1791389667168,DEAL,REMOVE,9047,BUY_LIMIT,S,1,EXT,1.11634,0.00000
29,-1,1791389667220,DEAL,FILL,9048,SELL_LIMIT,S,2,ENT,1.11814,0.00000
29,-1,1791392397571,DEAL,FILL,9049,SELL_LIMIT,L,5,EXT,1.11868,0.00000
29,-1,1791392398401,CB_DONE,PLACE,9053,SELL_LIMIT,L,9,EXT,1.11938,0.00000
29,-1,1791392399095,ENGINE,MODIFY,9050,BUY_LIMIT,L,10,ENT,1.11758,1.11688
29,-1,1791392466653,DEAL,PLACE,9054,BUY_LIMIT,S,3,EXT,1.11774,0.00000
29,-1,1791392466947,DEAL,PLACE,9055,SELL_LIMIT,S,4,ENT,1.11954,0.00000
29,-1,1791392467241,DEAL,REMOVE,9051,BUY_LIMIT,S,2,EXT,1.11704,0.00000
29,-1,1791392467293,DEAL,FILL,9052,SELL_LIMIT,S,3,ENT,1.11884,0.00000
29,-1,1791393247335,DEAL,FILL,9054,BUY_LIMIT,S,3,EXT,1.11774,0.00000
29,-1,1791393248358,CB_DONE,PLACE,9056,BUY_LIMIT,S,2,EXT,1.11704,0.00000
29,-1,1791393248655,ENGINE,REMOVE,9055,SELL_LIMIT,S,4,ENT,1.11954,0.00000
29,-1,1791393248856,ENGINE,PLACE,9057,SELL_LIMIT,S,3,ENT,1.11884,0.00000
29,-1,1791394391193,DEAL,PLACE,9058,BUY_LIMIT,S,3,EXT,1.11774,0.00000
29,-1,1791394391487,DEAL,PLACE,9059,SELL_LIMIT,S,4,ENT,1.11954,0.00000
29,-1,1791394391781,DEAL,REMOVE,9056,BUY_LIMIT,S,2,EXT,1.11704,0.00000
29,-1,1791394391833,DEAL,FILL,9057,SELL_LIMIT,S,3,ENT,1.11884,0.00000
29,-1,1791395854599,DEAL,FILL,9053,SELL_LIMIT,L,9,EXT,1.11938,0.00000
29,-1,1791395855419,CB_DONE,PLACE,9060,SELL_LIMIT,L,8,EXT,1.12008,0.00000
29,-1,1791395855713,ENGINE,REMOVE,9050,BUY_LIMIT,L,10,ENT,1.11758,0.00000
29,-1,1791395855923,ENGINE,PLACE,9061,BUY_LIMIT,L,9,ENT,1.11828,0.00000
29,-1,1791396100747,DEAL,PLACE,9062,BUY_LIMIT,S,4,EXT,1.11844,0.00000
29,-1,1791396101041,DEAL,PLACE,9063,SELL_LIMIT,S,5,ENT,1.12024,0.00000
29,-1,1791396101335,DEAL,REMOVE,9058,BUY_LIMIT,S,3,EXT,1.11774,0.00000
29,-1,1791396101387,DEAL,FILL,9059,SELL_LIMIT,S,4,ENT,1.11954,0.00000
29,-1,1791396824307,DEAL,FILL,9060,SELL_LIMIT,L,8,EXT,1.12008,0.00000
29,-1,1791396824934,CB_DONE,PLACE,9064,SELL_LIMIT,L,2,EXT,1.12078,0.00000
29,-1,1791396825629,ENGINE,REMOVE,9061,BUY_LIMIT,L,9,ENT,1.11828,0.00000
29,-1,1791396825828,ENGINE,PLACE,9065,BUY_LIMIT,L,8,ENT,1.11898,0.00000
29,-1,1791396826512,DEAL,PLACE,9066,BUY_LIMIT,S,5,EXT,1.11913,0.00000
29,-1,1791396826806,DEAL,PLACE,9067,SELL_LIMIT,S,6,ENT,1.12093,0.00000
29,-1,1791396827100,DEAL,REMOVE,9062,BUY_LIMIT,S,4,EXT,1.11844,0.00000
29,-1,1791396827152,DEAL,FILL,9063,SELL_LIMIT,S,5,ENT,1.12024,0.00000
29,-1,1791397064669,DEAL,FILL,9066,BUY_LIMIT,S,5,EXT,1.11913,0.00000
29,-1,1791397065101,CB_DONE,PLACE,9068,BUY_LIMIT,S,4,EXT,1.11844,0.00000
29,-1,1791397065400,ENGINE,REMOVE,9067,SELL_LIMIT,S,6,ENT,1.12093,0.00000
29,-1,1791397065598,ENGINE,PLACE,9069,SELL_LIMIT,S,5,ENT,1.12024,0.00000
29,-1,1791397081742,DEAL,PLACE,9070,SELL_LIMIT,L,8,EXT,1.12010,0.00000
29,-1,1791397082036,DEAL,PLACE,9071,BUY_LIMIT,L,9,ENT,1.11830,0.00000
29,-1,1791397082330,DEAL,REMOVE,9064,SELL_LIMIT,L,2,EXT,1.12078,0.00000
29,-1,1791397082382,DEAL,FILL,9065,BUY_LIMIT,L,8,ENT,1.11898,0.00000
29,-1,1791398971130,DEAL,FILL,9068,BUY_LIMIT,S,4,EXT,1.11844,0.00000
29,-1,1791398975383,CB_DONE,PLACE,9072,BUY_LIMIT,S,3,EXT,1.11774,0.00000
29,-1,1791398975677,ENGINE,REMOVE,9069,SELL_LIMIT,S,5,ENT,1.12024,0.00000
29,-1,1791398976477,ENGINE,PLACE,9073,SELL_LIMIT,S,4,ENT,1.11954,0.00000
29,-1,1791398996658,DEAL,PLACE,9074,SELL_LIMIT,L,9,EXT,1.11939,0.00000
29,-1,1791398996952,DEAL,PLACE,9075,BUY_LIMIT,L,10,ENT,1.11759,0.00000
29,-1,1791398997246,DEAL,REMOVE,9070,SELL_LIMIT,L,8,EXT,1.12010,0.00000
29,-1,1791398997298,DEAL,FILL,9071,BUY_LIMIT,L,9,ENT,1.11830,0.00000
29,-1,1791400066444,DEAL,FILL,9074,SELL_LIMIT,L,9,EXT,1.11939,0.00000
29,-1,1791400067067,CB_DONE,PLACE,9076,SELL_LIMIT,L,8,EXT,1.12010,0.00000
29,-1,1791400067566,ENGINE,REMOVE,9075,BUY_LIMIT,L,10,ENT,1.11759,0.00000
29,-1,1791400067769,ENGINE,PLACE,9077,BUY_LIMIT,L,9,ENT,1.11830,0.00000
29,-1,1791400645009,DEAL,PLACE,9078,BUY_LIMIT,S,4,EXT,1.11846,0.00000
29,-1,1791400645303,DEAL,PLACE,9079,SELL_LIMIT,S,5,ENT,1.12026,0.00000
29,-1,1791400645597,DEAL,REMOVE,9072,BUY_LIMIT,S,3,EXT,1.11774,0.00000
29,-1,1791400645649,DEAL,FILL,9073,SELL_LIMIT,S,4,ENT,1.11954,0.00000
29,-1,1791406805328,DEAL,FILL,9076,SELL_LIMIT,L,8,EXT,1.12010,0.00000
29,-1,1791406806157,CB_DONE,PLACE,9080,SELL_LIMIT,L,2,EXT,1.12078,0.00000
29,-1,1791406806451,ENGINE,REMOVE,9077,BUY_LIMIT,L,9,ENT,1.11830,0.00000
29,-1,1791406806854,ENGINE,PLACE,9081,BUY_LIMIT,L,8,ENT,1.11898,0.00000
29,-1,1791407133768,DEAL,PLACE,9082,BUY_LIMIT,S,5,EXT,1.11916,0.00000
29,-1,1791407134062,DEAL,PLACE,9083,SELL_LIMIT,S,6,ENT,1.12096,0.00000
29,-1,1791407134356,DEAL,REMOVE,9078,BUY_LIMIT,S,4,EXT,1.11846,0.00000
29,-1,1791407134408,DEAL,FILL,9079,SELL_LIMIT,S,5,ENT,1.12026,0.00000
29,-1,1791417096000,TIMER,MODIFY,9044,SELL_LIMIT,L,7,EXT,1.12296,1.12288
29,-1,1791417096301,TIMER,MODIFY,9080,SELL_LIMIT,L,2,EXT,1.12086,1.12078
29,-1,1791417156000,TIMER,MODIFY,9045,BUY_LIMIT,S,0,EXT,1.11567,1.11566
29,-1,1791417276000,TIMER,MODIFY,9082,BUY_LIMIT,S,5,EXT,1.11917,1.11916
29,-1,1791435510897,DEAL,FILL,9080,SELL_LIMIT,L,2,EXT,1.12086,0.00000
29,-1,1791435511927,CB_DONE,PLACE,9084,SELL_LIMIT,L,1,EXT,1.12164,0.00000
29,-1,1791435514827,ENGINE,MODIFY,9081,BUY_LIMIT,L,8,ENT,1.11968,1.11898
29,-1,1791435989820,DEAL,PLACE,9085,BUY_LIMIT,S,6,EXT,1.11986,0.00000
29,-1,1791435990114,DEAL,PLACE,9086,SELL_LIMIT,S,7,ENT,1.12166,0.00000
29,-1,1791435990408,DEAL,REMOVE,9082,BUY_LIMIT,S,5,EXT,1.11917,0.00000
29,-1,1791435990460,DEAL,FILL,9083,SELL_LIMIT,S,6,ENT,1.12096,0.00000
29,-1,1791440080499,DEAL,FILL,9085,BUY_LIMIT,S,6,EXT,1.11986,0.00000
29,-1,1791440083936,CB_DONE,PLACE,9087,BUY_LIMIT,S,5,EXT,1.11917,0.00000
29,-1,1791440084451,ENGINE,REMOVE,9086,SELL_LIMIT,S,7,ENT,1.12166,0.00000
29,-1,1791440086852,ENGINE,PLACE,9088,SELL_LIMIT,S,6,ENT,1.12096,0.00000
29,-1,1791449489570,DEAL,PLACE,9089,SELL_LIMIT,L,8,EXT,1.12074,0.00000
29,-1,1791449489864,DEAL,PLACE,9090,BUY_LIMIT,L,9,ENT,1.11894,0.00000
29,-1,1791449490158,DEAL,FILL,9081,BUY_LIMIT,L,8,ENT,1.11968,0.00000
29,-1,1791449490158,DEAL,REMOVE,9084,SELL_LIMIT,L,1,EXT,1.12164,0.00000
29,-1,1791450146475,DEAL,FILL,9087,BUY_LIMIT,S,5,EXT,1.11917,0.00000
29,-1,1791450147100,CB_DONE,PLACE,9091,BUY_LIMIT,S,4,EXT,1.11847,0.00000
29,-1,1791450147394,ENGINE,REMOVE,9088,SELL_LIMIT,S,6,ENT,1.12096,0.00000
29,-1,1791450147596,ENGINE,PLACE,9092,SELL_LIMIT,S,5,ENT,1.12026,0.00000
29,-1,1791451442967,DEAL,PLACE,9093,BUY_LIMIT,S,5,EXT,1.11919,0.00000
29,-1,1791451443261,DEAL,PLACE,9094,SELL_LIMIT,S,6,ENT,1.12099,0.00000
29,-1,1791451443555,DEAL,REMOVE,9091,BUY_LIMIT,S,4,EXT,1.11847,0.00000
29,-1,1791451443607,DEAL,FILL,9092,SELL_LIMIT,S,5,ENT,1.12026,0.00000
29,-1,1791453585690,DEAL,FILL,9093,BUY_LIMIT,S,5,EXT,1.11919,0.00000
29,-1,1791453586515,CB_DONE,PLACE,9095,BUY_LIMIT,S,4,EXT,1.11847,0.00000
29,-1,1791453587821,ENGINE,REMOVE,9094,SELL_LIMIT,S,6,ENT,1.12099,0.00000
29,-1,1791453590490,ENGINE,PLACE,9096,SELL_LIMIT,S,5,ENT,1.12026,0.00000
29,-1,1791453623081,DEAL,PLACE,9097,SELL_LIMIT,L,9,EXT,1.12001,0.00000
29,-1,1791453623375,DEAL,PLACE,9098,BUY_LIMIT,L,10,ENT,1.11821,0.00000
29,-1,1791453623669,DEAL,REMOVE,9089,SELL_LIMIT,L,8,EXT,1.12074,0.00000
29,-1,1791453623721,DEAL,FILL,9090,BUY_LIMIT,L,9,ENT,1.11894,0.00000
29,-1,1791453723588,DEAL,FILL,9095,BUY_LIMIT,S,4,EXT,1.11847,0.00000
29,-1,1791453728824,CB_DONE,PLACE,9099,BUY_LIMIT,S,3,EXT,1.11775,0.00000
29,-1,1791453729118,ENGINE,REMOVE,9096,SELL_LIMIT,S,5,ENT,1.12026,0.00000
29,-1,1791453730534,ENGINE,PLACE,9100,SELL_LIMIT,S,4,ENT,1.11954,0.00000
29,-1,1791454005215,DEAL,PLACE,9101,SELL_LIMIT,L,10,EXT,1.11932,0.00000
29,-1,1791454005509,DEAL,PLACE,9102,BUY_LIMIT,L,11,ENT,1.11752,0.00000
29,-1,1791454005803,DEAL,REMOVE,9097,SELL_LIMIT,L,9,EXT,1.12001,0.00000
29,-1,1791454005855,DEAL,FILL,9098,BUY_LIMIT,L,10,ENT,1.11821,0.00000
29,-1,1791454435092,DEAL,FILL,9101,SELL_LIMIT,L,10,EXT,1.11932,0.00000
29,-1,1791454435509,CB_DONE,PLACE,9103,SELL_LIMIT,L,9,EXT,1.12001,0.00000
29,-1,1791454435805,ENGINE,REMOVE,9102,BUY_LIMIT,L,11,ENT,1.11752,0.00000
29,-1,1791454436009,ENGINE,PLACE,9104,BUY_LIMIT,L,10,ENT,1.11821,0.00000
29,-1,1791454616407,DEAL,PLACE,9105,BUY_LIMIT,S,4,EXT,1.11844,0.00000
29,-1,1791454616701,DEAL,PLACE,9106,SELL_LIMIT,S,5,ENT,1.12024,0.00000
29,-1,1791454616995,DEAL,REMOVE,9099,BUY_LIMIT,S,3,EXT,1.11775,0.00000
29,-1,1791454617047,DEAL,FILL,9100,SELL_LIMIT,S,4,ENT,1.11954,0.00000
29,-1,1791458314724,DEAL,FILL,9103,SELL_LIMIT,L,9,EXT,1.12001,0.00000
29,-1,1791458316967,CB_DONE,PLACE,9107,SELL_LIMIT,L,8,EXT,1.12074,0.00000
29,-1,1791458318674,ENGINE,REMOVE,9104,BUY_LIMIT,L,10,ENT,1.11821,0.00000
29,-1,1791458318865,ENGINE,PLACE,9108,BUY_LIMIT,L,9,ENT,1.11894,0.00000
29,-1,1791459263678,DEAL,PLACE,9109,SELL_LIMIT,L,9,EXT,1.12002,0.00000
29,-1,1791459263972,DEAL,PLACE,9110,BUY_LIMIT,L,10,ENT,1.11822,0.00000
29,-1,1791459264266,DEAL,REMOVE,9107,SELL_LIMIT,L,8,EXT,1.12074,0.00000
29,-1,1791459264318,DEAL,FILL,9108,BUY_LIMIT,L,9,ENT,1.11894,0.00000
29,-1,1791461513127,DEAL,FILL,9105,BUY_LIMIT,S,4,EXT,1.11844,0.00000
29,-1,1791461513544,CB_DONE,PLACE,9111,BUY_LIMIT,S,3,EXT,1.11775,0.00000
29,-1,1791461513838,ENGINE,REMOVE,9106,SELL_LIMIT,S,5,ENT,1.12024,0.00000
29,-1,1791461514050,ENGINE,PLACE,9112,SELL_LIMIT,S,4,ENT,1.11954,0.00000
29,-1,1791461582488,DEAL,PLACE,9113,SELL_LIMIT,L,10,EXT,1.11932,0.00000
29,-1,1791461582782,DEAL,PLACE,9114,BUY_LIMIT,L,11,ENT,1.11752,0.00000
29,-1,1791461583076,DEAL,REMOVE,9109,SELL_LIMIT,L,9,EXT,1.12002,0.00000
29,-1,1791461583128,DEAL,FILL,9110,BUY_LIMIT,L,10,ENT,1.11822,0.00000
29,-1,1791466444099,DEAL,FILL,9111,BUY_LIMIT,S,3,EXT,1.11775,0.00000
29,-1,1791466445131,CB_DONE,PLACE,9115,BUY_LIMIT,S,2,EXT,1.11705,0.00000
29,-1,1791466445425,ENGINE,REMOVE,9112,SELL_LIMIT,S,4,ENT,1.11954,0.00000
29,-1,1791466448231,ENGINE,PLACE,9116,SELL_LIMIT,S,3,ENT,1.11884,0.00000
29,-1,1791468417533,DEAL,PLACE,9117,SELL_LIMIT,L,11,EXT,1.11861,0.00000
29,-1,1791468417827,DEAL,PLACE,9118,BUY_LIMIT,L,12,ENT,1.11681,0.00000
29,-1,1791468418121,DEAL,REMOVE,9113,SELL_LIMIT,L,10,EXT,1.11932,0.00000
29,-1,1791468418173,DEAL,FILL,9114,BUY_LIMIT,L,11,ENT,1.11752,0.00000
29,-1,1791471999992,DEAL,FILL,9117,SELL_LIMIT,L,11,EXT,1.11861,0.00000
29,-1,1791472000411,CB_DONE,PLACE,9119,SELL_LIMIT,L,10,EXT,1.11932,0.00000
29,-1,1791472000718,ENGINE,REMOVE,9118,BUY_LIMIT,L,12,ENT,1.11681,0.00000
29,-1,1791472001119,ENGINE,PLACE,9120,BUY_LIMIT,L,11,ENT,1.11752,0.00000
29,-1,1791472623088,DEAL,PLACE,9121,BUY_LIMIT,S,3,EXT,1.11778,0.00000
29,-1,1791472623382,DEAL,PLACE,9122,SELL_LIMIT,S,4,ENT,1.11958,0.00000
29,-1,1791472623676,DEAL,REMOVE,9115,BUY_LIMIT,S,2,EXT,1.11705,0.00000
29,-1,1791472623728,DEAL,FILL,9116,SELL_LIMIT,S,3,ENT,1.11884,0.00000
29,-1,1791473106262,DEAL,FILL,9119,SELL_LIMIT,L,10,EXT,1.11932,0.00000
29,-1,1791473106682,CB_DONE,PLACE,9123,SELL_LIMIT,L,9,EXT,1.12002,0.00000
29,-1,1791473108594,ENGINE,REMOVE,9120,BUY_LIMIT,L,11,ENT,1.11752,0.00000
29,-1,1791473108808,ENGINE,PLACE,9124,BUY_LIMIT,L,10,ENT,1.11822,0.00000
29,-1,1791473166212,DEAL,PLACE,9125,BUY_LIMIT,S,4,EXT,1.11848,0.00000
29,-1,1791473166506,DEAL,PLACE,9126,SELL_LIMIT,S,5,ENT,1.12028,0.00000
29,-1,1791473166800,DEAL,REMOVE,9121,BUY_LIMIT,S,3,EXT,1.11778,0.00000
29,-1,1791473166852,DEAL,FILL,9122,SELL_LIMIT,S,4,ENT,1.11958,0.00000
29,-1,1791474337577,DEAL,FILL,9125,BUY_LIMIT,S,4,EXT,1.11848,0.00000
29,-1,1791474338003,CB_DONE,PLACE,9127,BUY_LIMIT,S,3,EXT,1.11778,0.00000
29,-1,1791474338297,ENGINE,REMOVE,9126,SELL_LIMIT,S,5,ENT,1.12028,0.00000
29,-1,1791474338489,ENGINE,PLACE,9128,SELL_LIMIT,S,4,ENT,1.11958,0.00000
29,-1,1791474981358,DEAL,PLACE,9129,SELL_LIMIT,L,10,EXT,1.11932,0.00000
29,-1,1791474981652,DEAL,PLACE,9130,BUY_LIMIT,L,11,ENT,1.11752,0.00000
29,-1,1791474981946,DEAL,REMOVE,9123,SELL_LIMIT,L,9,EXT,1.12002,0.00000
29,-1,1791474981998,DEAL,FILL,9124,BUY_LIMIT,L,10,ENT,1.11822,0.00000
29,-1,1791475690757,DEAL,FILL,9129,SELL_LIMIT,L,10,EXT,1.11932,0.00000
29,-1,1791475691171,CB_DONE,PLACE,9131,SELL_LIMIT,L,9,EXT,1.12002,0.00000
29,-1,1791475691465,ENGINE,REMOVE,9130,BUY_LIMIT,L,11,ENT,1.11752,0.00000
29,-1,1791475692078,ENGINE,PLACE,9132,BUY_LIMIT,L,10,ENT,1.11822,0.00000
29,-1,1791477123455,DEAL,PLACE,9133,BUY_LIMIT,S,4,EXT,1.11848,0.00000
29,-1,1791477123749,DEAL,PLACE,9134,SELL_LIMIT,S,5,ENT,1.12028,0.00000
29,-1,1791477124043,DEAL,REMOVE,9127,BUY_LIMIT,S,3,EXT,1.11778,0.00000
29,-1,1791477124095,DEAL,FILL,9128,SELL_LIMIT,S,4,ENT,1.11958,0.00000
29,-1,1791478285597,DEAL,FILL,9131,SELL_LIMIT,L,9,EXT,1.12002,0.00000
29,-1,1791478286227,CB_DONE,PLACE,9135,SELL_LIMIT,L,8,EXT,1.12074,0.00000
29,-1,1791478286523,ENGINE,REMOVE,9132,BUY_LIMIT,L,10,ENT,1.11822,0.00000
29,-1,1791478286929,ENGINE,PLACE,9136,BUY_LIMIT,L,9,ENT,1.11894,0.00000
29,-1,1791479899294,DEAL,PLACE,9137,BUY_LIMIT,S,5,EXT,1.11918,0.00000
29,-1,1791479899588,DEAL,PLACE,9138,SELL_LIMIT,S,6,ENT,1.12098,0.00000
29,-1,1791479899882,DEAL,REMOVE,9133,BUY_LIMIT,S,4,EXT,1.11848,0.00000
29,-1,1791479899934,DEAL,FILL,9134,SELL_LIMIT,S,5,ENT,1.12028,0.00000
29,-1,1791480268003,DEAL,FILL,9135,SELL_LIMIT,L,8,EXT,1.12074,0.00000
29,-1,1791480268422,CB_DONE,PLACE,9139,SELL_LIMIT,L,1,EXT,1.12164,0.00000
29,-1,1791480269531,ENGINE,REMOVE,9136,BUY_LIMIT,L,9,ENT,1.11894,0.00000
29,-1,1791480269736,ENGINE,PLACE,9140,BUY_LIMIT,L,8,ENT,1.11968,0.00000
29,-1,1791480318675,DEAL,PLACE,9141,BUY_LIMIT,S,6,EXT,1.11992,0.00000
29,-1,1791480318969,DEAL,PLACE,9142,SELL_LIMIT,S,7,ENT,1.12172,0.00000
29,-1,1791480319263,DEAL,REMOVE,9137,BUY_LIMIT,S,5,EXT,1.11918,0.00000
29,-1,1791480319315,DEAL,FILL,9138,SELL_LIMIT,S,6,ENT,1.12098,0.00000
29,-1,1791480542274,DEAL,FILL,9139,SELL_LIMIT,L,1,EXT,1.12164,0.00000
29,-1,1791480543512,CB_DONE,PLACE,9143,SELL_LIMIT,L,0,EXT,1.12234,0.00000
29,-1,1791480544005,ENGINE,MODIFY,9140,BUY_LIMIT,L,8,ENT,1.12038,1.11968
29,-1,1791480634075,DEAL,PLACE,9144,BUY_LIMIT,S,7,EXT,1.12060,0.00000
29,-1,1791480634369,DEAL,REMOVE,9141,BUY_LIMIT,S,6,EXT,1.11992,0.00000
29,-1,1791480634421,DEAL,FILL,9142,SELL_LIMIT,S,7,ENT,1.12172,0.00000
29,-1,1791480867698,DEAL,FILL,9143,SELL_LIMIT,L,0,EXT,1.12234,0.00000
29,-1,1791480869221,ENGINE,MODIFY,9140,BUY_LIMIT,L,8,ENT,1.12108,1.12038
29,-1,1791481993131,DEAL,PLACE,9145,SELL_LIMIT,L,8,EXT,1.12218,0.00000
29,-1,1791481993425,DEAL,PLACE,9146,BUY_LIMIT,L,9,ENT,1.12038,0.00000
29,-1,1791481993719,DEAL,FILL,9140,BUY_LIMIT,L,8,ENT,1.12108,0.00000
29,-1,1791482565584,DEAL,FILL,9144,BUY_LIMIT,S,7,EXT,1.12060,0.00000
29,-1,1791482566211,CB_DONE,PLACE,9147,BUY_LIMIT,S,6,EXT,1.11992,0.00000
29,-1,1791482566505,ENGINE,PLACE,9148,SELL_LIMIT,S,7,ENT,1.12172,0.00000
29,-1,1791483302411,DEAL,PLACE,9149,SELL_LIMIT,L,9,EXT,1.12145,0.00000
29,-1,1791483302705,DEAL,PLACE,9150,BUY_LIMIT,L,10,ENT,1.11965,0.00000
29,-1,1791483302999,DEAL,REMOVE,9145,SELL_LIMIT,L,8,EXT,1.12218,0.00000
29,-1,1791483303051,DEAL,FILL,9146,BUY_LIMIT,L,9,ENT,1.12038,0.00000
29,-1,1791483548379,DEAL,FILL,9147,BUY_LIMIT,S,6,EXT,1.11992,0.00000
29,-1,1791483548803,CB_DONE,PLACE,9151,BUY_LIMIT,S,5,EXT,1.11918,0.00000
29,-1,1791483549097,ENGINE,REMOVE,9148,SELL_LIMIT,S,7,ENT,1.12172,0.00000
29,-1,1791483549508,ENGINE,PLACE,9152,SELL_LIMIT,S,6,ENT,1.12098,0.00000
29,-1,1791484665546,DEAL,PLACE,9153,SELL_LIMIT,L,10,EXT,1.12075,0.00000
29,-1,1791484665840,DEAL,PLACE,9154,BUY_LIMIT,L,11,ENT,1.11895,0.00000
29,-1,1791484666134,DEAL,REMOVE,9149,SELL_LIMIT,L,9,EXT,1.12145,0.00000
29,-1,1791484666186,DEAL,FILL,9150,BUY_LIMIT,L,10,ENT,1.11965,0.00000
29,-1,1791485328725,DEAL,FILL,9151,BUY_LIMIT,S,5,EXT,1.11918,0.00000
29,-1,1791485329147,CB_DONE,PLACE,9155,BUY_LIMIT,S,4,EXT,1.11848,0.00000
29,-1,1791485329441,ENGINE,REMOVE,9152,SELL_LIMIT,S,6,ENT,1.12098,0.00000
29,-1,1791485329646,ENGINE,PLACE,9156,SELL_LIMIT,S,5,ENT,1.12028,0.00000
29,-1,1791485643841,DEAL,PLACE,9157,SELL_LIMIT,L,11,EXT,1.12007,0.00000
29,-1,1791485644135,DEAL,PLACE,9158,BUY_LIMIT,L,12,ENT,1.11827,0.00000
29,-1,1791485644429,DEAL,REMOVE,9153,SELL_LIMIT,L,10,EXT,1.12075,0.00000
29,-1,1791485644481,DEAL,FILL,9154,BUY_LIMIT,L,11,ENT,1.11895,0.00000
29,-1,1791486523342,DEAL,FILL,9155,BUY_LIMIT,S,4,EXT,1.11848,0.00000
29,-1,1791486523768,CB_DONE,PLACE,9159,BUY_LIMIT,S,3,EXT,1.11778,0.00000
29,-1,1791486524062,ENGINE,REMOVE,9156,SELL_LIMIT,S,5,ENT,1.12028,0.00000
29,-1,1791486525076,ENGINE,PLACE,9160,SELL_LIMIT,S,4,ENT,1.11958,0.00000
29,-1,1791487037257,DEAL,PLACE,9161,BUY_LIMIT,S,4,EXT,1.11859,0.00000
29,-1,1791487037551,DEAL,PLACE,9162,SELL_LIMIT,S,5,ENT,1.12039,0.00000
29,-1,1791487037845,DEAL,REMOVE,9159,BUY_LIMIT,S,3,EXT,1.11778,0.00000
29,-1,1791487037897,DEAL,FILL,9160,SELL_LIMIT,S,4,ENT,1.11958,0.00000
29,-1,1791487051930,DEAL,FILL,9157,SELL_LIMIT,L,11,EXT,1.12007,0.00000
29,-1,1791487052353,CB_DONE,PLACE,9163,SELL_LIMIT,L,10,EXT,1.12075,0.00000
29,-1,1791487052647,ENGINE,REMOVE,9158,BUY_LIMIT,L,12,ENT,1.11827,0.00000
29,-1,1791487052862,ENGINE,PLACE,9164,BUY_LIMIT,L,11,ENT,1.11895,0.00000
29,-1,1791487821932,DEAL,PLACE,9165,SELL_LIMIT,L,11,EXT,1.12005,0.00000
29,-1,1791487822226,DEAL,PLACE,9166,BUY_LIMIT,L,12,ENT,1.11825,0.00000
29,-1,1791487822520,DEAL,REMOVE,9163,SELL_LIMIT,L,10,EXT,1.12075,0.00000
29,-1,1791487822572,DEAL,FILL,9164,BUY_LIMIT,L,11,ENT,1.11895,0.00000
29,-1,1791488231494,DEAL,FILL,9161,BUY_LIMIT,S,4,EXT,1.11859,0.00000
29,-1,1791488231918,CB_DONE,PLACE,9167,BUY_LIMIT,S,3,EXT,1.11778,0.00000
29,-1,1791488232626,ENGINE,REMOVE,9162,SELL_LIMIT,S,5,ENT,1.12039,0.00000
29,-1,1791488233033,ENGINE,PLACE,9168,SELL_LIMIT,S,4,ENT,1.11958,0.00000
29,-1,1791489003886,DEAL,PLACE,9169,BUY_LIMIT,S,4,EXT,1.11849,0.00000
29,-1,1791489004180,DEAL,PLACE,9170,SELL_LIMIT,S,5,ENT,1.12029,0.00000
29,-1,1791489004474,DEAL,REMOVE,9167,BUY_LIMIT,S,3,EXT,1.11778,0.00000
29,-1,1791489004526,DEAL,FILL,9168,SELL_LIMIT,S,4,ENT,1.11958,0.00000
29,-1,1791489728539,DEAL,FILL,9165,SELL_LIMIT,L,11,EXT,1.12005,0.00000
29,-1,1791489728965,CB_DONE,PLACE,9171,SELL_LIMIT,L,10,EXT,1.12075,0.00000
29,-1,1791489729263,ENGINE,REMOVE,9166,BUY_LIMIT,L,12,ENT,1.11825,0.00000
29,-1,1791489729461,ENGINE,PLACE,9172,BUY_LIMIT,L,11,ENT,1.11895,0.00000
29,-1,1791490083869,DEAL,PLACE,9173,BUY_LIMIT,S,5,EXT,1.11921,0.00000
29,-1,1791490084163,DEAL,PLACE,9174,SELL_LIMIT,S,6,ENT,1.12101,0.00000
29,-1,1791490084457,DEAL,REMOVE,9169,BUY_LIMIT,S,4,EXT,1.11849,0.00000
29,-1,1791490084509,DEAL,FILL,9170,SELL_LIMIT,S,5,ENT,1.12029,0.00000
29,-1,1791490415571,DEAL,FILL,9171,SELL_LIMIT,L,10,EXT,1.12075,0.00000
29,-1,1791490416807,CB_DONE,PLACE,9175,SELL_LIMIT,L,9,EXT,1.12145,0.00000
29,-1,1791490417902,ENGINE,REMOVE,9172,BUY_LIMIT,L,11,ENT,1.11895,0.00000
29,-1,1791490418110,ENGINE,PLACE,9176,BUY_LIMIT,L,10,ENT,1.11965,0.00000
29,-1,1791490562491,DEAL,PLACE,9177,BUY_LIMIT,S,6,EXT,1.11997,0.00000
29,-1,1791490562785,DEAL,PLACE,9178,SELL_LIMIT,S,7,ENT,1.12177,0.00000
29,-1,1791490563079,DEAL,REMOVE,9173,BUY_LIMIT,S,5,EXT,1.11921,0.00000
29,-1,1791490563131,DEAL,FILL,9174,SELL_LIMIT,S,6,ENT,1.12101,0.00000
29,-1,1791490674610,DEAL,FILL,9175,SELL_LIMIT,L,9,EXT,1.12145,0.00000
29,-1,1791490675231,CB_DONE,PLACE,9179,SELL_LIMIT,L,8,EXT,1.12218,0.00000
29,-1,1791490675532,ENGINE,REMOVE,9176,BUY_LIMIT,L,10,ENT,1.11965,0.00000
29,-1,1791490675735,ENGINE,PLACE,9180,BUY_LIMIT,L,9,ENT,1.12038,0.00000
29,-1,1791490695500,DEAL,PLACE,9181,BUY_LIMIT,S,7,EXT,1.12067,0.00000
29,-1,1791490695794,DEAL,REMOVE,9177,BUY_LIMIT,S,6,EXT,1.11997,0.00000
29,-1,1791490695846,DEAL,FILL,9178,SELL_LIMIT,S,7,ENT,1.12177,0.00000
29,-1,1791493624642,DEAL,FILL,9181,BUY_LIMIT,S,7,EXT,1.12067,0.00000
29,-1,1791493625279,CB_DONE,PLACE,9182,BUY_LIMIT,S,6,EXT,1.11997,0.00000
29,-1,1791493625573,ENGINE,PLACE,9183,SELL_LIMIT,S,7,ENT,1.12177,0.00000
29,-1,1791493781829,DEAL,PLACE,9184,SELL_LIMIT,L,9,EXT,1.12147,0.00000
29,-1,1791493782123,DEAL,PLACE,9185,BUY_LIMIT,L,10,ENT,1.11967,0.00000
29,-1,1791493782417,DEAL,REMOVE,9179,SELL_LIMIT,L,8,EXT,1.12218,0.00000
29,-1,1791493782469,DEAL,FILL,9180,BUY_LIMIT,L,9,ENT,1.12038,0.00000
29,-1,1791500561211,DEAL,FILL,9184,SELL_LIMIT,L,9,EXT,1.12147,0.00000
29,-1,1791500562648,CB_DONE,PLACE,9186,SELL_LIMIT,L,8,EXT,1.12218,0.00000
29,-1,1791500565764,ENGINE,REMOVE,9185,BUY_LIMIT,L,10,ENT,1.11967,0.00000
29,-1,1791500567558,ENGINE,PLACE,9187,BUY_LIMIT,L,9,ENT,1.12038,0.00000
29,-1,1791503436000,TIMER,MODIFY,9044,SELL_LIMIT,L,7,EXT,1.12320,1.12296
29,-1,1791503436301,TIMER,MODIFY,9186,SELL_LIMIT,L,8,EXT,1.12226,1.12218
29,-1,1791503496000,TIMER,MODIFY,9045,BUY_LIMIT,S,0,EXT,1.11571,1.11567
29,-1,1791503676000,TIMER,MODIFY,9182,BUY_LIMIT,S,6,EXT,1.11998,1.11997
29,-1,1791504584797,ENGINE,MODIFY,9183,SELL_LIMIT,S,7,ENT,1.12199,1.12177
29,-1,1791504585098,ENGINE,MODIFY,9187,BUY_LIMIT,L,9,ENT,1.11998,1.12038
29,-1,1791504600023,ENGINE,MODIFY,9183,SELL_LIMIT,S,7,ENT,1.12177,1.12199
29,-1,1791504600324,ENGINE,MODIFY,9187,BUY_LIMIT,L,9,ENT,1.12038,1.11998
29,-1,1791504900466,ENGINE,MODIFY,9187,BUY_LIMIT,L,9,ENT,1.11998,1.12038
29,-1,1791504901269,ENGINE,MODIFY,9187,BUY_LIMIT,L,9,ENT,1.12038,1.11998
