seg_id,sync_idx,time_ms,kind,code,json
1,-1,1790839279837,ea_event,,{"type":"fill_log","seq":0,"ea_time_ms":63444312,"magic":22260201,"deal_ticket":800000001,"order_ticket":1977312355,"position_id":900000001,"entry_type":"IN","deal_type":"SELL","side":"S","layer_index":0,"role":"EXT","deal_price":1.13205,"order_price_open":null,"slippage_pips":null,"volume":0.00,"profit":0.00,"swap":0.00,"commission":0.00,"deal_time_broker":"2026-10-01 07:21:19","deal_time_broker_msc":1790839279000,"halted_at_receipt":false,"quarantined_at_receipt":false}
1,-1,1790839280441,ea_event,,{"type":"fill_log","seq":1,"ea_time_ms":63444312,"magic":22260201,"deal_ticket":800000002,"order_ticket":700000002,"position_id":1977220650,"entry_type":"OUT_BY","deal_type":"SELL","side":null,"layer_index":null,"role":null,"deal_price":1.13205,"order_price_open":null,"slippage_pips":null,"volume":0.00,"profit":1.01,"swap":0.04,"commission":0.00,"deal_time_broker":"2026-10-01 07:21:20","deal_time_broker_msc":1790839280000,"halted_at_receipt":false,"quarantined_at_receipt":false}
1,-1,1790839280441,ea_event,,{"type":"fill_log","seq":2,"ea_time_ms":63444312,"magic":22260201,"deal_ticket":800000003,"order_ticket":700000002,"position_id":900000001,"entry_type":"OUT_BY","deal_type":"SELL","side":null,"layer_index":null,"role":null,"deal_price":1.13306,"order_price_open":null,"slippage_pips":null,"volume":0.00,"profit":0.00,"swap":0.00,"commission":0.00,"deal_time_broker":"2026-10-01 07:21:20","deal_time_broker_msc":1790839280000,"halted_at_receipt":false,"quarantined_at_receipt":false}
1,-1,1790839280441,scalp,SCALP_CLOSED,{"close_time":"2026-10-01T07:21:20Z","instrument":"EURUSD","direction":"SHORT","entry_price":1.13306,"exit_price":1.13205,"layer_depth":0,"stack_depth":1,"gross_pnl":1.05,"instance_id":"GRIND_EURUSD_OPTB","ejected":false,"rolled":false,"broker_utc_offset_s":10800,"account_login":53077984}
1,-1,1790841685265,ea_event,,{"type":"fill_log","seq":3,"ea_time_ms":63444328,"magic":22260201,"deal_ticket":800000004,"order_ticket":1977728160,"position_id":900000002,"entry_type":"IN","deal_type":"BUY","side":"L","layer_index":7,"role":"ENT","deal_price":1.13174,"order_price_open":null,"slippage_pips":null,"volume":0.00,"profit":0.00,"swap":0.00,"commission":0.00,"deal_time_broker":"2026-10-01 08:01:24","deal_time_broker_msc":1790841684000,"halted_at_receipt":false,"quarantined_at_receipt":false}
1,-1,1790847652134,ea_event,ROLL_ACCEPTED,{"type":"ea_event","seq":4,"ea_time_ms":63444390,"magic":null,"level":"INFO","code":"ROLL_ACCEPTED","reason":null,"ticket":1975880441,"detail":{"ticket":1975880441,"side":"L","layer_index":0,"entry":1.13670,"level":1.13104,"target":1.13212,"accrued":0.00008,"clamped":false,"cost":0.00466,"cost_pips":46.6,"rolled":1,"was_ejected":false,"source":"auto","reroll":false,"from_level":0.00000}}
1,-1,1790850665949,ea_event,ROLL_ACCEPTED,{"type":"ea_event","seq":5,"ea_time_ms":63444468,"magic":null,"level":"INFO","code":"ROLL_ACCEPTED","reason":null,"ticket":1975959172,"detail":{"ticket":1975959172,"side":"L","layer_index":1,"entry":1.13600,"level":1.13034,"target":1.13142,"accrued":0.00008,"clamped":false,"cost":0.00466,"cost_pips":46.6,"rolled":2,"was_ejected":false,"source":"auto","reroll":false,"from_level":0.00000}}
1,-1,1790850776085,ea_event,,{"type":"fill_log","seq":6,"ea_time_ms":63444468,"magic":22260201,"deal_ticket":800000005,"order_ticket":9000,"position_id":900000003,"entry_type":"IN","deal_type":"SELL","side":"S","layer_index":0,"role":"ENT","deal_price":1.13066,"order_price_open":null,"slippage_pips":null,"volume":0.00,"profit":0.00,"swap":0.00,"commission":0.00,"deal_time_broker":"2026-10-01 10:32:55","deal_time_broker_msc":1790850775000,"halted_at_receipt":false,"quarantined_at_receipt":false}
1,-1,1790853131208,ea_event,ROLL_ACCEPTED,{"type":"ea_event","seq":7,"ea_time_ms":63444562,"magic":null,"level":"INFO","code":"ROLL_ACCEPTED","reason":null,"ticket":1976074197,"detail":{"ticket":1976074197,"side":"L","layer_index":2,"entry":1.13530,"level":1.12964,"target":1.13072,"accrued":0.00008,"clamped":false,"cost":0.00466,"cost_pips":46.6,"rolled":3,"was_ejected":false,"source":"auto","reroll":false,"from_level":0.00000}}
1,-1,1790853132212,ea_event,,{"type":"fill_log","seq":8,"ea_time_ms":63444562,"magic":22260201,"deal_ticket":800000006,"order_ticket":9004,"position_id":900000004,"entry_type":"IN","deal_type":"SELL","side":"S","layer_index":0,"role":"EXT","deal_price":1.12963,"order_price_open":null,"slippage_pips":null,"volume":0.00,"profit":0.00,"swap":0.00,"commission":0.00,"deal_time_broker":"2026-10-01 11:12:11","deal_time_broker_msc":1790853131000,"halted_at_receipt":false,"quarantined_at_receipt":false}
1,-1,1790853132819,ea_event,,{"type":"fill_log","seq":9,"ea_time_ms":63444562,"magic":22260201,"deal_ticket":800000007,"order_ticket":700000007,"position_id":900000003,"entry_type":"OUT_BY","deal_type":"SELL","side":null,"layer_index":null,"role":null,"deal_price":1.12963,"order_price_open":null,"slippage_pips":null,"volume":0.00,"profit":1.03,"swap":0.00,"commission":0.00,"deal_time_broker":"2026-10-01 11:12:12","deal_time_broker_msc":1790853132000,"halted_at_receipt":false,"quarantined_at_receipt":false}
1,-1,1790853132819,ea_event,,{"type":"fill_log","seq":10,"ea_time_ms":63444562,"magic":22260201,"deal_ticket":800000008,"order_ticket":700000007,"position_id":900000004,"entry_type":"OUT_BY","deal_type":"SELL","side":null,"layer_index":null,"role":null,"deal_price":1.13066,"order_price_open":null,"slippage_pips":null,"volume":0.00,"profit":0.00,"swap":0.00,"commission":0.00,"deal_time_broker":"2026-10-01 11:12:12","deal_time_broker_msc":1790853132000,"halted_at_receipt":false,"quarantined_at_receipt":false}
1,-1,1790853132819,scalp,SCALP_CLOSED,{"close_time":"2026-10-01T11:12:12Z","instrument":"EURUSD","direction":"SHORT","entry_price":1.13066,"exit_price":1.12963,"layer_depth":0,"stack_depth":1,"gross_pnl":1.03,"instance_id":"GRIND_EURUSD_OPTB","ejected":false,"rolled":false,"broker_utc_offset_s":10800,"account_login":53077984}
1,-1,1790853978519,ea_event,,{"type":"fill_log","seq":11,"ea_time_ms":63444593,"magic":22260201,"deal_ticket":800000009,"order_ticket":9007,"position_id":900000005,"entry_type":"IN","deal_type":"SELL","side":"S","layer_index":0,"role":"ENT","deal_price":1.13027,"order_price_open":null,"slippage_pips":null,"volume":0.00,"profit":0.00,"swap":0.00,"commission":0.00,"deal_time_broker":"2026-10-01 11:26:18","deal_time_broker_msc":1790853978000,"halted_at_receipt":false,"quarantined_at_receipt":false}
1,-1,1790854735839,ea_event,,{"type":"fill_log","seq":12,"ea_time_ms":63444609,"magic":22260201,"deal_ticket":800000010,"order_ticket":9008,"position_id":900000006,"entry_type":"IN","deal_type":"SELL","side":"S","layer_index":0,"role":"EXT","deal_price":1.12926,"order_price_open":null,"slippage_pips":null,"volume":0.00,"profit":0.00,"swap":0.00,"commission":0.00,"deal_time_broker":"2026-10-01 11:38:55","deal_time_broker_msc":1790854735000,"halted_at_receipt":false,"quarantined_at_receipt":false}
1,-1,1790854736853,ea_event,,{"type":"fill_log","seq":13,"ea_time_ms":63444609,"magic":22260201,"deal_ticket":800000011,"order_ticket":700000011,"position_id":900000005,"entry_type":"OUT_BY","deal_type":"SELL","side":null,"layer_index":null,"role":null,"deal_price":1.12926,"order_price_open":null,"slippage_pips":null,"volume":0.00,"profit":1.01,"swap":0.00,"commission":0.00,"deal_time_broker":"2026-10-01 11:38:56","deal_time_broker_msc":1790854736000,"halted_at_receipt":false,"quarantined_at_receipt":false}
1,-1,1790854736853,ea_event,,{"type":"fill_log","seq":14,"ea_time_ms":63444609,"magic":22260201,"deal_ticket":800000012,"order_ticket":700000011,"position_id":900000006,"entry_type":"OUT_BY","deal_type":"SELL","side":null,"layer_index":null,"role":null,"deal_price":1.13027,"order_price_open":null,"slippage_pips":null,"volume":0.00,"profit":0.00,"swap":0.00,"commission":0.00,"deal_time_broker":"2026-10-01 11:38:56","deal_time_broker_msc":1790854736000,"halted_at_receipt":false,"quarantined_at_receipt":false}
1,-1,1790854736853,scalp,SCALP_CLOSED,{"close_time":"2026-10-01T11:38:56Z","instrument":"EURUSD","direction":"SHORT","entry_price":1.13027,"exit_price":1.12926,"layer_depth":0,"stack_depth":1,"gross_pnl":1.01,"instance_id":"GRIND_EURUSD_OPTB","ejected":false,"rolled":false,"broker_utc_offset_s":10800,"account_login":53077984}
1,-1,1790854775420,ea_event,ROLL_ACCEPTED,{"type":"ea_event","seq":15,"ea_time_ms":63444609,"magic":null,"level":"INFO","code":"ROLL_ACCEPTED","reason":null,"ticket":1976558641,"detail":{"ticket":1976558641,"side":"L","layer_index":3,"entry":1.13460,"level":1.12894,"target":1.13002,"accrued":0.00008,"clamped":false,"cost":0.00466,"cost_pips":46.6,"rolled":4,"was_ejected":false,"source":"auto","reroll":false,"from_level":0.00000}}
1,-1,1790857300659,ea_event,,{"type":"fill_log","seq":16,"ea_time_ms":63444687,"magic":22260201,"deal_ticket":800000013,"order_ticket":9010,"position_id":900000007,"entry_type":"IN","deal_type":"SELL","side":"S","layer_index":0,"role":"ENT","deal_price":1.12999,"order_price_open":null,"slippage_pips":null,"volume":0.00,"profit":0.00,"swap":0.00,"commission":0.00,"deal_time_broker":"2026-10-01 12:21:40","deal_time_broker_msc":1790857300000,"halted_at_receipt":false,"quarantined_at_receipt":false}
1,-1,1790857301258,ea_event,,{"type":"fill_log","seq":17,"ea_time_ms":63444687,"magic":22260201,"deal_ticket":800000014,"order_ticket":9006,"position_id":900000008,"entry_type":"IN","deal_type":"BUY","side":"L","layer_index":3,"role":"EXT","deal_price":1.13008,"order_price_open":null,"slippage_pips":null,"volume":0.00,"profit":0.00,"swap":0.00,"commission":0.00,"deal_time_broker":"2026-10-01 12:21:40","deal_time_broker_msc":1790857300000,"halted_at_receipt":false,"quarantined_at_receipt":false}
1,-1,1790857301459,ea_event,,{"type":"fill_log","seq":18,"ea_time_ms":63444687,"magic":22260201,"deal_ticket":800000015,"order_ticket":700000015,"position_id":1976558641,"entry_type":"OUT_BY","deal_type":"SELL","side":null,"layer_index":null,"role":null,"deal_price":1.13008,"order_price_open":null,"slippage_pips":null,"volume":0.00,"profit":-4.52,"swap":-0.25,"commission":0.00,"deal_time_broker":"2026-10-01 12:21:41","deal_time_broker_msc":1790857301000,"halted_at_receipt":false,"quarantined_at_receipt":false}
1,-1,1790857301459,ea_event,ROLL_FILLED,{"type":"ea_event","seq":19,"ea_time_ms":63444687,"magic":null,"level":"INFO","code":"ROLL_FILLED","reason":null,"ticket":1976558641,"detail":{"ticket":1976558641,"level":1.12894}}
1,-1,1790857301459,ea_event,,{"type":"fill_log","seq":20,"ea_time_ms":63444687,"magic":22260201,"deal_ticket":800000016,"order_ticket":700000015,"position_id":900000008,"entry_type":"OUT_BY","deal_type":"SELL","side":null,"layer_index":null,"role":null,"deal_price":1.13460,"order_price_open":null,"slippage_pips":null,"volume":0.00,"profit":0.00,"swap":0.00,"commission":0.00,"deal_time_broker":"2026-10-01 12:21:41","deal_time_broker_msc":1790857301000,"halted_at_receipt":false,"quarantined_at_receipt":false}
1,-1,1790857301459,scalp,SCALP_CLOSED,{"close_time":"2026-10-01T12:21:41Z","instrument":"EURUSD","direction":"LONG","entry_price":1.13460,"exit_price":1.13008,"layer_depth":3,"stack_depth":8,"gross_pnl":-4.77,"instance_id":"GRIND_EURUSD_OPTB","ejected":false,"rolled":true,"broker_utc_offset_s":10800,"account_login":53077984}
1,-1,1790858229786,ea_event,,{"type":"fill_log","seq":21,"ea_time_ms":63444718,"magic":22260201,"deal_ticket":800000017,"order_ticket":9012,"position_id":900000009,"entry_type":"IN","deal_type":"SELL","side":"S","layer_index":0,"role":"EXT","deal_price":1.12897,"order_price_open":null,"slippage_pips":null,"volume":0.00,"profit":0.00,"swap":0.00,"commission":0.00,"deal_time_broker":"2026-10-01 12:37:09","deal_time_broker_msc":1790858229000,"halted_at_receipt":false,"quarantined_at_receipt":false}
1,-1,1790858232405,ea_event,,{"type":"fill_log","seq":22,"ea_time_ms":63444718,"magic":22260201,"deal_ticket":800000018,"order_ticket":700000018,"position_id":900000007,"entry_type":"OUT_BY","deal_type":"SELL","side":null,"layer_index":null,"role":null,"deal_price":1.12897,"order_price_open":null,"slippage_pips":null,"volume":0.00,"profit":1.02,"swap":0.00,"commission":0.00,"deal_time_broker":"2026-10-01 12:37:10","deal_time_broker_msc":1790858230000,"halted_at_receipt":false,"quarantined_at_receipt":false}
1,-1,1790858232405,ea_event,,{"type":"fill_log","seq":23,"ea_time_ms":63444718,"magic":22260201,"deal_ticket":800000019,"order_ticket":700000018,"position_id":900000009,"entry_type":"OUT_BY","deal_type":"SELL","side":null,"layer_index":null,"role":null,"deal_price":1.12999,"order_price_open":null,"slippage_pips":null,"volume":0.00,"profit":0.00,"swap":0.00,"commission":0.00,"deal_time_broker":"2026-10-01 12:37:10","deal_time_broker_msc":1790858230000,"halted_at_receipt":false,"quarantined_at_receipt":false}
1,-1,1790858232405,scalp,SCALP_CLOSED,{"close_time":"2026-10-01T12:37:10Z","instrument":"EURUSD","direction":"SHORT","entry_price":1.12999,"exit_price":1.12897,"layer_depth":0,"stack_depth":1,"gross_pnl":1.02,"instance_id":"GRIND_EURUSD_OPTB","ejected":false,"rolled":false,"broker_utc_offset_s":10800,"account_login":53077984}
1,-1,1790858429605,ea_event,,{"type":"fill_log","seq":24,"ea_time_ms":63444718,"magic":22260201,"deal_ticket":800000020,"order_ticket":9015,"position_id":900000010,"entry_type":"IN","deal_type":"BUY","side":"L","layer_index":8,"role":"ENT","deal_price":1.12893,"order_price_open":null,"slippage_pips":null,"volume":0.00,"profit":0.00,"swap":0.00,"commission":0.00,"deal_time_broker":"2026-10-01 12:40:29","deal_time_broker_msc":1790858429000,"halted_at_receipt":false,"quarantined_at_receipt":false}
1,-1,1790859258973,ea_event,ROLL_ACCEPTED,{"type":"ea_event","seq":25,"ea_time_ms":63444734,"magic":null,"level":"INFO","code":"ROLL_ACCEPTED","reason":null,"ticket":1976761825,"detail":{"ticket":1976761825,"side":"L","layer_index":4,"entry":1.13389,"level":1.12823,"target":1.12931,"accrued":0.00008,"clamped":false,"cost":0.00466,"cost_pips":46.6,"rolled":4,"was_ejected":false,"source":"auto","reroll":false,"from_level":0.00000}}
1,-1,1790859450886,ea_event,ROLL_ACCEPTED,{"type":"ea_event","seq":26,"ea_time_ms":63444734,"magic":null,"level":"INFO","code":"ROLL_ACCEPTED","reason":null,"ticket":1976795818,"detail":{"ticket":1976795818,"side":"L","layer_index":5,"entry":1.13319,"level":1.12753,"target":1.12861,"accrued":0.00008,"clamped":false,"cost":0.00466,"cost_pips":46.6,"rolled":5,"was_ejected":false,"source":"auto","reroll":false,"from_level":0.00000}}
1,-1,1790859610146,ea_event,ROLL_ACCEPTED,{"type":"ea_event","seq":27,"ea_time_ms":63444750,"magic":null,"level":"INFO","code":"ROLL_ACCEPTED","reason":null,"ticket":1977659142,"detail":{"ticket":1977659142,"side":"L","layer_index":6,"entry":1.13249,"level":1.12683,"target":1.12783,"accrued":0.00000,"clamped":false,"cost":0.00466,"cost_pips":46.6,"rolled":6,"was_ejected":false,"source":"auto","reroll":false,"from_level":0.00000}}
1,-1,1790860062868,ea_event,,{"type":"fill_log","seq":28,"ea_time_ms":63444765,"magic":22260201,"deal_ticket":800000021,"order_ticket":9016,"position_id":900000011,"entry_type":"IN","deal_type":"SELL","side":"S","layer_index":0,"role":"ENT","deal_price":1.12741,"order_price_open":null,"slippage_pips":null,"volume":0.00,"profit":0.00,"swap":0.00,"commission":0.00,"deal_time_broker":"2026-10-01 13:07:42","deal_time_broker_msc":1790860062000,"halted_at_receipt":false,"quarantined_at_receipt":false}
1,-1,1790860505164,ea_event,,{"type":"fill_log","seq":29,"ea_time_ms":63444781,"magic":22260201,"deal_ticket":800000022,"order_ticket":9019,"position_id":900000012,"entry_type":"IN","deal_type":"BUY","side":"L","layer_index":6,"role":"EXT","deal_price":1.12783,"order_price_open":null,"slippage_pips":null,"volume":0.00,"profit":0.00,"swap":0.00,"commission":0.00,"deal_time_broker":"2026-10-01 13:15:04","deal_time_broker_msc":1790860504000,"halted_at_receipt":false,"quarantined_at_receipt":false}
1,-1,1790860506773,ea_event,,{"type":"fill_log","seq":30,"ea_time_ms":63444781,"magic":22260201,"deal_ticket":800000023,"order_ticket":700000023,"position_id":1977659142,"entry_type":"OUT_BY","deal_type":"SELL","side":null,"layer_index":null,"role":null,"deal_price":1.12783,"order_price_open":null,"slippage_pips":null,"volume":0.00,"profit":-4.66,"swap":0.00,"commission":0.00,"deal_time_broker":"2026-10-01 13:15:05","deal_time_broker_msc":1790860505000,"halted_at_receipt":false,"quarantined_at_receipt":false}
1,-1,1790860506773,ea_event,ROLL_FILLED,{"type":"ea_event","seq":31,"ea_time_ms":63444781,"magic":null,"level":"INFO","code":"ROLL_FILLED","reason":null,"ticket":1977659142,"detail":{"ticket":1977659142,"level":1.12683}}
1,-1,1790860506773,ea_event,,{"type":"fill_log","seq":32,"ea_time_ms":63444781,"magic":22260201,"deal_ticket":800000024,"order_ticket":700000023,"position_id":900000012,"entry_type":"OUT_BY","deal_type":"SELL","side":null,"layer_index":null,"role":null,"deal_price":1.13249,"order_price_open":null,"slippage_pips":null,"volume":0.00,"profit":0.00,"swap":0.00,"commission":0.00,"deal_time_broker":"2026-10-01 13:15:05","deal_time_broker_msc":1790860505000,"halted_at_receipt":false,"quarantined_at_receipt":false}
1,-1,1790860506773,scalp,SCALP_CLOSED,{"close_time":"2026-10-01T13:15:05Z","instrument":"EURUSD","direction":"LONG","entry_price":1.13249,"exit_price":1.12783,"layer_depth":6,"stack_depth":8,"gross_pnl":-4.66,"instance_id":"GRIND_EURUSD_OPTB","ejected":false,"rolled":true,"broker_utc_offset_s":10800,"account_login":53077984}
1,-1,1790860724492,ea_event,,{"type":"fill_log","seq":33,"ea_time_ms":63444781,"magic":22260201,"deal_ticket":800000025,"order_ticket":9022,"position_id":900000013,"entry_type":"IN","deal_type":"SELL","side":"S","layer_index":1,"role":"ENT","deal_price":1.12814,"order_price_open":null,"slippage_pips":null,"volume":0.00,"profit":0.00,"swap":0.00,"commission":0.00,"deal_time_broker":"2026-10-01 13:18:44","deal_time_broker_msc":1790860724000,"halted_at_receipt":false,"quarantined_at_receipt":false}
1,-1,1790861225261,ea_event,,{"type":"fill_log","seq":34,"ea_time_ms":63444812,"magic":22260201,"deal_ticket":800000026,"order_ticket":9023,"position_id":900000014,"entry_type":"IN","deal_type":"BUY","side":"L","layer_index":5,"role":"EXT","deal_price":1.12866,"order_price_open":null,"slippage_pips":null,"volume":0.00,"profit":0.00,"swap":0.00,"commission":0.00,"deal_time_broker":"2026-10-01 13:27:04","deal_time_broker_msc":1790861224000,"halted_at_receipt":false,"quarantined_at_receipt":false}
1,-1,1790861225880,ea_event,,{"type":"fill_log","seq":35,"ea_time_ms":63444812,"magic":22260201,"deal_ticket":800000027,"order_ticket":700000027,"position_id":1976795818,"entry_type":"OUT_BY","deal_type":"SELL","side":null,"layer_index":null,"role":null,"deal_price":1.12866,"order_price_open":null,"slippage_pips":null,"volume":0.00,"profit":-4.53,"swap":-0.25,"commission":0.00,"deal_time_broker":"2026-10-01 13:27:05","deal_time_broker_msc":1790861225000,"halted_at_receipt":false,"quarantined_at_receipt":false}
1,-1,1790861225880,ea_event,ROLL_FILLED,{"type":"ea_event","seq":36,"ea_time_ms":63444812,"magic":null,"level":"INFO","code":"ROLL_FILLED","reason":null,"ticket":1976795818,"detail":{"ticket":1976795818,"level":1.12753}}
1,-1,1790861225880,ea_event,,{"type":"fill_log","seq":37,"ea_time_ms":63444812,"magic":22260201,"deal_ticket":800000028,"order_ticket":700000027,"position_id":900000014,"entry_type":"OUT_BY","deal_type":"SELL","side":null,"layer_index":null,"role":null,"deal_price":1.13319,"order_price_open":null,"slippage_pips":null,"volume":0.00,"profit":0.00,"swap":0.00,"commission":0.00,"deal_time_broker":"2026-10-01 13:27:05","deal_time_broker_msc":1790861225000,"halted_at_receipt":false,"quarantined_at_receipt":false}
1,-1,1790861225880,scalp,SCALP_CLOSED,{"close_time":"2026-10-01T13:27:05Z","instrument":"EURUSD","direction":"LONG","entry_price":1.13319,"exit_price":1.12866,"layer_depth":5,"stack_depth":7,"gross_pnl":-4.78,"instance_id":"GRIND_EURUSD_OPTB","ejected":false,"rolled":true,"broker_utc_offset_s":10800,"account_login":53077984}
1,-1,1790861366556,ea_event,,{"type":"fill_log","seq":38,"ea_time_ms":63444812,"magic":22260201,"deal_ticket":800000029,"order_ticket":9026,"position_id":900000015,"entry_type":"IN","deal_type":"SELL","side":"S","layer_index":2,"role":"ENT","deal_price":1.12885,"order_price_open":null,"slippage_pips":null,"volume":0.00,"profit":0.00,"swap":0.00,"commission":0.00,"deal_time_broker":"2026-10-01 13:29:25","deal_time_broker_msc":1790861365000,"halted_at_receipt":false,"quarantined_at_receipt":false}
1,-1,1790861700529,ea_event,,{"type":"fill_log","seq":39,"ea_time_ms":63444828,"magic":22260201,"deal_ticket":800000030,"order_ticket":9027,"position_id":900000016,"entry_type":"IN","deal_type":"BUY","side":"L","layer_index":4,"role":"EXT","deal_price":1.12934,"order_price_open":null,"slippage_pips":null,"volume":0.00,"profit":0.00,"swap":0.00,"commission":0.00,"deal_time_broker":"2026-10-01 13:35:00","deal_time_broker_msc":1790861700000,"halted_at_receipt":false,"quarantined_at_receipt":false}
1,-1,1790861701535,ea_event,,{"type":"fill_log","seq":40,"ea_time_ms":63444828,"magic":22260201,"deal_ticket":800000031,"order_ticket":700000031,"position_id":1976761825,"entry_type":"OUT_BY","deal_type":"SELL","side":null,"layer_index":null,"role":null,"deal_price":1.12934,"order_price_open":null,"slippage_pips":null,"volume":0.00,"profit":-4.55,"swap":-0.25,"commission":0.00,"deal_time_broker":"2026-10-01 13:35:00","deal_time_broker_msc":1790861700000,"halted_at_receipt":false,"quarantined_at_receipt":false}
1,-1,1790861701535,ea_event,ROLL_FILLED,{"type":"ea_event","seq":41,"ea_time_ms":63444828,"magic":null,"level":"INFO","code":"ROLL_FILLED","reason":null,"ticket":1976761825,"detail":{"ticket":1976761825,"level":1.12823}}
1,-1,1790861701535,ea_event,,{"type":"fill_log","seq":42,"ea_time_ms":63444828,"magic":22260201,"deal_ticket":800000032,"order_ticket":700000031,"position_id":900000016,"entry_type":"OUT_BY","deal_type":"SELL","side":null,"layer_index":null,"role":null,"deal_price":1.13389,"order_price_open":null,"slippage_pips":null,"volume":0.00,"profit":0.00,"swap":0.00,"commission":0.00,"deal_time_broker":"2026-10-01 13:35:00","deal_time_broker_msc":1790861700000,"halted_at_receipt":false,"quarantined_at_receipt":false}
1,-1,1790861701535,scalp,SCALP_CLOSED,{"close_time":"2026-10-01T13:35:00Z","instrument":"EURUSD","direction":"LONG","entry_price":1.13389,"exit_price":1.12934,"layer_depth":4,"stack_depth":6,"gross_pnl":-4.80,"instance_id":"GRIND_EURUSD_OPTB","ejected":false,"rolled":true,"broker_utc_offset_s":10800,"account_login":53077984}
1,-1,1790862731001,ea_event,,{"type":"fill_log","seq":43,"ea_time_ms":63444859,"magic":22260201,"deal_ticket":800000033,"order_ticket":9029,"position_id":900000017,"entry_type":"IN","deal_type":"SELL","side":"S","layer_index":3,"role":"ENT","deal_price":1.12957,"order_price_open":null,"slippage_pips":null,"volume":0.00,"profit":0.00,"swap":0.00,"commission":0.00,"deal_time_broker":"2026-10-01 13:52:09","deal_time_broker_msc":1790862729000,"halted_at_receipt":false,"quarantined_at_receipt":false}
1,-1,1790864167039,ea_event,,{"type":"fill_log","seq":44,"ea_time_ms":63444921,"magic":22260201,"deal_ticket":800000034,"order_ticket":9031,"position_id":900000018,"entry_type":"IN","deal_type":"SELL","side":"S","layer_index":3,"role":"EXT","deal_price":1.12855,"order_price_open":null,"slippage_pips":null,"volume":0.00,"profit":0.00,"swap":0.00,"commission":0.00,"deal_time_broker":"2026-10-01 14:16:06","deal_time_broker_msc":1790864166000,"halted_at_receipt":false,"quarantined_at_receipt":false}
1,-1,1790864167449,ea_event,,{"type":"fill_log","seq":45,"ea_time_ms":63444921,"magic":22260201,"deal_ticket":800000035,"order_ticket":700000035,"position_id":900000017,"entry_type":"OUT_BY","deal_type":"SELL","side":null,"layer_index":null,"role":null,"deal_price":1.12855,"order_price_open":null,"slippage_pips":null,"volume":0.00,"profit":1.02,"swap":0.00,"commission":0.00,"deal_time_broker":"2026-10-01 14:16:07","deal_time_broker_msc":1790864167000,"halted_at_receipt":false,"quarantined_at_receipt":false}
1,-1,1790864167449,ea_event,,{"type":"fill_log","seq":46,"ea_time_ms":63444921,"magic":22260201,"deal_ticket":800000036,"order_ticket":700000035,"position_id":900000018,"entry_type":"OUT_BY","deal_type":"SELL","side":null,"layer_index":null,"role":null,"deal_price":1.12957,"order_price_open":null,"slippage_pips":null,"volume":0.00,"profit":0.00,"swap":0.00,"commission":0.00,"deal_time_broker":"2026-10-01 14:16:07","deal_time_broker_msc":1790864167000,"halted_at_receipt":false,"quarantined_at_receipt":false}
1,-1,1790864167449,scalp,SCALP_CLOSED,{"close_time":"2026-10-01T14:16:07Z","instrument":"EURUSD","direction":"SHORT","entry_price":1.12957,"exit_price":1.12855,"layer_depth":3,"stack_depth":4,"gross_pnl":1.02,"instance_id":"GRIND_EURUSD_OPTB","ejected":false,"rolled":false,"broker_utc_offset_s":10800,"account_login":53077984}
1,-1,1790864731383,ea_event,,{"type":"fill_log","seq":47,"ea_time_ms":63444937,"magic":22260201,"deal_ticket":800000037,"order_ticket":9024,"position_id":900000019,"entry_type":"IN","deal_type":"BUY","side":"L","layer_index":9,"role":"ENT","deal_price":1.12821,"order_price_open":null,"slippage_pips":null,"volume":0.00,"profit":0.00,"swap":0.00,"commission":0.00,"deal_time_broker":"2026-10-01 14:25:30","deal_time_broker_msc":1790864730000,"halted_at_receipt":false,"quarantined_at_receipt":false}
1,-1,1790865551261,ea_event,,{"type":"fill_log","seq":48,"ea_time_ms":63444953,"magic":22260201,"deal_ticket":800000038,"order_ticket":9035,"position_id":900000020,"entry_type":"IN","deal_type":"BUY","side":"L","layer_index":9,"role":"EXT","deal_price":1.12920,"order_price_open":null,"slippage_pips":null,"volume":0.00,"profit":0.00,"swap":0.00,"commission":0.00,"deal_time_broker":"2026-10-01 14:39:10","deal_time_broker_msc":1790865550000,"halted_at_receipt":false,"quarantined_at_receipt":false}
1,-1,1790865552073,ea_event,,{"type":"fill_log","seq":49,"ea_time_ms":63444953,"magic":22260201,"deal_ticket":800000039,"order_ticket":700000039,"position_id":900000019,"entry_type":"OUT_BY","deal_type":"SELL","side":null,"layer_index":null,"role":null,"deal_price":1.12920,"order_price_open":null,"slippage_pips":null,"volume":0.00,"profit":0.99,"swap":0.00,"commission":0.00,"deal_time_broker":"2026-10-01 14:39:11","deal_time_broker_msc":1790865551000,"halted_at_receipt":false,"quarantined_at_receipt":false}
1,-1,1790865552073,ea_event,,{"type":"fill_log","seq":50,"ea_time_ms":63444953,"magic":22260201,"deal_ticket":800000040,"order_ticket":700000039,"position_id":900000020,"entry_type":"OUT_BY","deal_type":"SELL","side":null,"layer_index":null,"role":null,"deal_price":1.12821,"order_price_open":null,"slippage_pips":null,"volume":0.00,"profit":0.00,"swap":0.00,"commission":0.00,"deal_time_broker":"2026-10-01 14:39:11","deal_time_broker_msc":1790865551000,"halted_at_receipt":false,"quarantined_at_receipt":false}
1,-1,1790865552073,scalp,SCALP_CLOSED,{"close_time":"2026-10-01T14:39:11Z","instrument":"EURUSD","direction":"LONG","entry_price":1.12821,"exit_price":1.12920,"layer_depth":9,"stack_depth":6,"gross_pnl":0.99,"instance_id":"GRIND_EURUSD_OPTB","ejected":false,"rolled":false,"broker_utc_offset_s":10800,"account_login":53077984}
1,-1,1790865687170,ea_event,,{"type":"fill_log","seq":51,"ea_time_ms":63444968,"magic":22260201,"deal_ticket":800000041,"order_ticket":9034,"position_id":900000021,"entry_type":"IN","deal_type":"SELL","side":"S","layer_index":3,"role":"ENT","deal_price":1.12958,"order_price_open":null,"slippage_pips":null,"volume":0.00,"profit":0.00,"swap":0.00,"commission":0.00,"deal_time_broker":"2026-10-01 14:41:26","deal_time_broker_msc":1790865686000,"halted_at_receipt":false,"quarantined_at_receipt":false}
1,-1,1790865998881,ea_event,,{"type":"fill_log","seq":52,"ea_time_ms":63444968,"magic":22260201,"deal_ticket":800000042,"order_ticket":9037,"position_id":900000022,"entry_type":"IN","deal_type":"BUY","side":"L","layer_index":8,"role":"EXT","deal_price":1.12994,"order_price_open":null,"slippage_pips":null,"volume":0.00,"profit":0.00,"swap":0.00,"commission":0.00,"deal_time_broker":"2026-10-01 14:46:35","deal_time_broker_msc":1790865995000,"halted_at_receipt":false,"quarantined_at_receipt":false}
1,-1,1790865999685,ea_event,,{"type":"fill_log","seq":53,"ea_time_ms":63444968,"magic":22260201,"deal_ticket":800000043,"order_ticket":700000043,"position_id":900000010,"entry_type":"OUT_BY","deal_type":"SELL","side":null,"layer_index":null,"role":null,"deal_price":1.12994,"order_price_open":null,"slippage_pips":null,"volume":0.00,"profit":1.01,"swap":0.00,"commission":0.00,"deal_time_broker":"2026-10-01 14:46:39","deal_time_broker_msc":1790865999000,"halted_at_receipt":false,"quarantined_at_receipt":false}
1,-1,1790865999685,ea_event,,{"type":"fill_log","seq":54,"ea_time_ms":63444968,"magic":22260201,"deal_ticket":800000044,"order_ticket":700000043,"position_id":900000022,"entry_type":"OUT_BY","deal_type":"SELL","side":null,"layer_index":null,"role":null,"deal_price":1.12893,"order_price_open":null,"slippage_pips":null,"volume":0.00,"profit":0.00,"swap":0.00,"commission":0.00,"deal_time_broker":"2026-10-01 14:46:39","deal_time_broker_msc":1790865999000,"halted_at_receipt":false,"quarantined_at_receipt":false}
1,-1,1790865999685,scalp,SCALP_CLOSED,{"close_time":"2026-10-01T14:46:39Z","instrument":"EURUSD","direction":"LONG","entry_price":1.12893,"exit_price":1.12994,"layer_depth":8,"stack_depth":5,"gross_pnl":1.01,"instance_id":"GRIND_EURUSD_OPTB","ejected":false,"rolled":false,"broker_utc_offset_s":10800,"account_login":53077984}
1,-1,1790866192863,ea_event,,{"type":"fill_log","seq":55,"ea_time_ms":63444984,"magic":22260201,"deal_ticket":800000045,"order_ticket":9040,"position_id":900000023,"entry_type":"IN","deal_type":"SELL","side":"S","layer_index":4,"role":"ENT","deal_price":1.13030,"order_price_open":null,"slippage_pips":null,"volume":0.00,"profit":0.00,"swap":0.00,"commission":0.00,"deal_time_broker":"2026-10-01 14:49:52","deal_time_broker_msc":1790866192000,"halted_at_receipt":false,"quarantined_at_receipt":false}
1,-1,1790866497517,ea_event,,{"type":"fill_log","seq":56,"ea_time_ms":63445000,"magic":22260201,"deal_ticket":800000046,"order_ticket":9041,"position_id":900000024,"entry_type":"IN","deal_type":"BUY","side":"L","layer_index":2,"role":"EXT","deal_price":1.13076,"order_price_open":null,"slippage_pips":null,"volume":0.00,"profit":0.00,"swap":0.00,"commission":0.00,"deal_time_broker":"2026-10-01 14:54:57","deal_time_broker_msc":1790866497000,"halted_at_receipt":false,"quarantined_at_receipt":false}
1,-1,1790866498117,ea_event,,{"type":"fill_log","seq":57,"ea_time_ms":63445000,"magic":22260201,"deal_ticket":800000047,"order_ticket":700000047,"position_id":1976074197,"entry_type":"OUT_BY","deal_type":"SELL","side":null,"layer_index":null,"role":null,"deal_price":1.13076,"order_price_open":null,"slippage_pips":null,"volume":0.00,"profit":-4.54,"swap":-0.25,"commission":0.00,"deal_time_broker":"2026-10-01 14:54:57","deal_time_broker_msc":1790866497000,"halted_at_receipt":false,"quarantined_at_receipt":false}
1,-1,1790866498117,ea_event,ROLL_FILLED,{"type":"ea_event","seq":58,"ea_time_ms":63445000,"magic":null,"level":"INFO","code":"ROLL_FILLED","reason":null,"ticket":1976074197,"detail":{"ticket":1976074197,"level":1.12964}}
1,-1,1790866498117,ea_event,,{"type":"fill_log","seq":59,"ea_time_ms":63445000,"magic":22260201,"deal_ticket":800000048,"order_ticket":700000047,"position_id":900000024,"entry_type":"OUT_BY","deal_type":"SELL","side":null,"layer_index":null,"role":null,"deal_price":1.13530,"order_price_open":null,"slippage_pips":null,"volume":0.00,"profit":0.00,"swap":0.00,"commission":0.00,"deal_time_broker":"2026-10-01 14:54:57","deal_time_broker_msc":1790866497000,"halted_at_receipt":false,"quarantined_at_receipt":false}
1,-1,1790866498117,scalp,SCALP_CLOSED,{"close_time":"2026-10-01T14:54:57Z","instrument":"EURUSD","direction":"LONG","entry_price":1.13530,"exit_price":1.13076,"layer_depth":2,"stack_depth":4,"gross_pnl":-4.79,"instance_id":"GRIND_EURUSD_OPTB","ejected":false,"rolled":true,"broker_utc_offset_s":10800,"account_login":53077984}
1,-1,1790866611577,ea_event,,{"type":"fill_log","seq":60,"ea_time_ms":63445000,"magic":22260201,"deal_ticket":800000049,"order_ticket":9044,"position_id":900000025,"entry_type":"IN","deal_type":"SELL","side":"S","layer_index":5,"role":"ENT","deal_price":1.13101,"order_price_open":null,"slippage_pips":null,"volume":0.00,"profit":0.00,"swap":0.00,"commission":0.00,"deal_time_broker":"2026-10-01 14:56:51","deal_time_broker_msc":1790866611000,"halted_at_receipt":false,"quarantined_at_receipt":false}
1,-1,1790867285113,ea_event,,{"type":"fill_log","seq":61,"ea_time_ms":63445015,"magic":22260201,"deal_ticket":800000050,"order_ticket":9046,"position_id":900000026,"entry_type":"IN","deal_type":"SELL","side":"S","layer_index":5,"role":"EXT","deal_price":1.13001,"order_price_open":null,"slippage_pips":null,"volume":0.00,"profit":0.00,"swap":0.00,"commission":0.00,"deal_time_broker":"2026-10-01 15:08:04","deal_time_broker_msc":1790867284000,"halted_at_receipt":false,"quarantined_at_receipt":false}
1,-1,1790867286722,ea_event,,{"type":"fill_log","seq":62,"ea_time_ms":63445015,"magic":22260201,"deal_ticket":800000051,"order_ticket":700000051,"position_id":900000025,"entry_type":"OUT_BY","deal_type":"SELL","side":null,"layer_index":null,"role":null,"deal_price":1.13001,"order_price_open":null,"slippage_pips":null,"volume":0.00,"profit":1.00,"swap":0.00,"commission":0.00,"deal_time_broker":"2026-10-01 15:08:05","deal_time_broker_msc":1790867285000,"halted_at_receipt":false,"quarantined_at_receipt":false}
1,-1,1790867286722,ea_event,,{"type":"fill_log","seq":63,"ea_time_ms":63445015,"magic":22260201,"deal_ticket":800000052,"order_ticket":700000051,"position_id":900000026,"entry_type":"OUT_BY","deal_type":"SELL","side":null,"layer_index":null,"role":null,"deal_price":1.13101,"order_price_open":null,"slippage_pips":null,"volume":0.00,"profit":0.00,"swap":0.00,"commission":0.00,"deal_time_broker":"2026-10-01 15:08:05","deal_time_broker_msc":1790867285000,"halted_at_receipt":false,"quarantined_at_receipt":false}
1,-1,1790867286722,scalp,SCALP_CLOSED,{"close_time":"2026-10-01T15:08:05Z","instrument":"EURUSD","direction":"SHORT","entry_price":1.13101,"exit_price":1.13001,"layer_depth":5,"stack_depth":6,"gross_pnl":1.00,"instance_id":"GRIND_EURUSD_OPTB","ejected":false,"rolled":false,"broker_utc_offset_s":10800,"account_login":53077984}
1,-1,1790867801920,ea_event,,{"type":"fill_log","seq":64,"ea_time_ms":63445031,"magic":22260201,"deal_ticket":800000053,"order_ticket":9042,"position_id":900000027,"entry_type":"IN","deal_type":"BUY","side":"L","layer_index":8,"role":"ENT","deal_price":1.12961,"order_price_open":null,"slippage_pips":null,"volume":0.00,"profit":0.00,"swap":0.00,"commission":0.00,"deal_time_broker":"2026-10-01 15:16:41","deal_time_broker_msc":1790867801000,"halted_at_receipt":false,"quarantined_at_receipt":false}
1,-1,1790868301939,ea_event,,{"type":"fill_log","seq":65,"ea_time_ms":63445046,"magic":22260201,"deal_ticket":800000054,"order_ticket":9048,"position_id":900000028,"entry_type":"IN","deal_type":"SELL","side":"S","layer_index":4,"role":"EXT","deal_price":1.12928,"order_price_open":null,"slippage_pips":null,"volume":0.00,"profit":0.00,"swap":0.00,"commission":0.00,"deal_time_broker":"2026-10-01 15:25:01","deal_time_broker_msc":1790868301000,"halted_at_receipt":false,"quarantined_at_receipt":false}
1,-1,1790868302544,ea_event,,{"type":"fill_log","seq":66,"ea_time_ms":63445046,"magic":22260201,"deal_ticket":800000055,"order_ticket":700000055,"position_id":900000023,"entry_type":"OUT_BY","deal_type":"SELL","side":null,"layer_index":null,"role":null,"deal_price":1.12928,"order_price_open":null,"slippage_pips":null,"volume":0.00,"profit":1.02,"swap":0.00,"commission":0.00,"deal_time_broker":"2026-10-01 15:25:02","deal_time_broker_msc":1790868302000,"halted_at_receipt":false,"quarantined_at_receipt":false}
1,-1,1790868302544,ea_event,,{"type":"fill_log","seq":67,"ea_time_ms":63445046,"magic":22260201,"deal_ticket":800000056,"order_ticket":700000055,"position_id":900000028,"entry_type":"OUT_BY","deal_type":"SELL","side":null,"layer_index":null,"role":null,"deal_price":1.13030,"order_price_open":null,"slippage_pips":null,"volume":0.00,"profit":0.00,"swap":0.00,"commission":0.00,"deal_time_broker":"2026-10-01 15:25:02","deal_time_broker_msc":1790868302000,"halted_at_receipt":false,"quarantined_at_receipt":false}
1,-1,1790868302544,scalp,SCALP_CLOSED,{"close_time":"2026-10-01T15:25:02Z","instrument":"EURUSD","direction":"SHORT","entry_price":1.13030,"exit_price":1.12928,"layer_depth":4,"stack_depth":5,"gross_pnl":1.02,"instance_id":"GRIND_EURUSD_OPTB","ejected":false,"rolled":false,"broker_utc_offset_s":10800,"account_login":53077984}
1,-1,1790869673523,ea_event,,{"type":"fill_log","seq":68,"ea_time_ms":63445093,"magic":22260201,"deal_ticket":800000057,"order_ticket":9051,"position_id":900000029,"entry_type":"IN","deal_type":"BUY","side":"L","layer_index":9,"role":"ENT","deal_price":1.12890,"order_price_open":null,"slippage_pips":null,"volume":0.00,"profit":0.00,"swap":0.00,"commission":0.00,"deal_time_broker":"2026-10-01 15:47:53","deal_time_broker_msc":1790869673000,"halted_at_receipt":false,"quarantined_at_receipt":false}
1,-1,1790870143972,ea_event,,{"type":"fill_log","seq":69,"ea_time_ms":63445109,"magic":22260201,"deal_ticket":800000058,"order_ticket":9052,"position_id":900000030,"entry_type":"IN","deal_type":"SELL","side":"S","layer_index":3,"role":"EXT","deal_price":1.12856,"order_price_open":null,"slippage_pips":null,"volume":0.00,"profit":0.00,"swap":0.00,"commission":0.00,"deal_time_broker":"2026-10-01 15:55:42","deal_time_broker_msc":1790870142000,"halted_at_receipt":false,"quarantined_at_receipt":false}
1,-1,1790870145780,ea_event,,{"type":"fill_log","seq":70,"ea_time_ms":63445109,"magic":22260201,"deal_ticket":800000059,"order_ticket":700000059,"position_id":900000021,"entry_type":"OUT_BY","deal_type":"SELL","side":null,"layer_index":null,"role":null,"deal_price":1.12856,"order_price_open":null,"slippage_pips":null,"volume":0.00,"profit":1.02,"swap":0.00,"commission":0.00,"deal_time_broker":"2026-10-01 15:55:44","deal_time_broker_msc":1790870144000,"halted_at_receipt":false,"quarantined_at_receipt":false}
1,-1,1790870145780,ea_event,,{"type":"fill_log","seq":71,"ea_time_ms":63445109,"magic":22260201,"deal_ticket":800000060,"order_ticket":700000059,"position_id":900000030,"entry_type":"OUT_BY","deal_type":"SELL","side":null,"layer_index":null,"role":null,"deal_price":1.12958,"order_price_open":null,"slippage_pips":null,"volume":0.00,"profit":0.00,"swap":0.00,"commission":0.00,"deal_time_broker":"2026-10-01 15:55:44","deal_time_broker_msc":1790870144000,"halted_at_receipt":false,"quarantined_at_receipt":false}
1,-1,1790870145780,scalp,SCALP_CLOSED,{"close_time":"2026-10-01T15:55:44Z","instrument":"EURUSD","direction":"SHORT","entry_price":1.12958,"exit_price":1.12856,"layer_depth":3,"stack_depth":4,"gross_pnl":1.02,"instance_id":"GRIND_EURUSD_OPTB","ejected":false,"rolled":false,"broker_utc_offset_s":10800,"account_login":53077984}
1,-1,1790873697786,ea_event,,{"type":"fill_log","seq":72,"ea_time_ms":63445218,"magic":22260201,"deal_ticket":800000061,"order_ticket":9057,"position_id":900000031,"entry_type":"IN","deal_type":"SELL","side":"S","layer_index":3,"role":"ENT","deal_price":1.12956,"order_price_open":null,"slippage_pips":null,"volume":0.00,"profit":0.00,"swap":0.00,"commission":0.00,"deal_time_broker":"2026-10-01 16:54:57","deal_time_broker_msc":1790873697000,"halted_at_receipt":false,"quarantined_at_receipt":false}
1,-1,1790874325326,ea_event,,{"type":"fill_log","seq":73,"ea_time_ms":63445250,"magic":22260201,"deal_ticket":800000062,"order_ticket":9058,"position_id":900000032,"entry_type":"IN","deal_type":"SELL","side":"S","layer_index":3,"role":"EXT","deal_price":1.12855,"order_price_open":null,"slippage_pips":null,"volume":0.00,"profit":0.00,"swap":0.00,"commission":0.00,"deal_time_broker":"2026-10-01 17:05:24","deal_time_broker_msc":1790874324000,"halted_at_receipt":false,"quarantined_at_receipt":false}
1,-1,1790874325928,ea_event,,{"type":"fill_log","seq":74,"ea_time_ms":63445250,"magic":22260201,"deal_ticket":800000063,"order_ticket":700000063,"position_id":900000031,"entry_type":"OUT_BY","deal_type":"SELL","side":null,"layer_index":null,"role":null,"deal_price":1.12855,"order_price_open":null,"slippage_pips":null,"volume":0.00,"profit":1.01,"swap":0.00,"commission":0.00,"deal_time_broker":"2026-10-01 17:05:25","deal_time_broker_msc":1790874325000,"halted_at_receipt":false,"quarantined_at_receipt":false}
1,-1,1790874325928,ea_event,,{"type":"fill_log","seq":75,"ea_time_ms":63445250,"magic":22260201,"deal_ticket":800000064,"order_ticket":700000063,"position_id":900000032,"entry_type":"OUT_BY","deal_type":"SELL","side":null,"layer_index":null,"role":null,"deal_price":1.12956,"order_price_open":null,"slippage_pips":null,"volume":0.00,"profit":0.00,"swap":0.00,"commission":0.00,"deal_time_broker":"2026-10-01 17:05:25","deal_time_broker_msc":1790874325000,"halted_at_receipt":false,"quarantined_at_receipt":false}
1,-1,1790874325928,scalp,SCALP_CLOSED,{"close_time":"2026-10-01T17:05:25Z","instrument":"EURUSD","direction":"SHORT","entry_price":1.12956,"exit_price":1.12855,"layer_depth":3,"stack_depth":4,"gross_pnl":1.01,"instance_id":"GRIND_EURUSD_OPTB","ejected":false,"rolled":false,"broker_utc_offset_s":10800,"account_login":53077984}
1,-1,1790875898324,ea_event,,{"type":"fill_log","seq":76,"ea_time_ms":63445328,"magic":22260201,"deal_ticket":800000065,"order_ticket":9055,"position_id":900000033,"entry_type":"IN","deal_type":"BUY","side":"L","layer_index":10,"role":"ENT","deal_price":1.12815,"order_price_open":null,"slippage_pips":null,"volume":0.00,"profit":0.00,"swap":0.00,"commission":0.00,"deal_time_broker":"2026-10-01 17:31:35","deal_time_broker_msc":1790875895000,"halted_at_receipt":false,"quarantined_at_receipt":false}
1,-1,1790876593197,ea_event,,{"type":"fill_log","seq":77,"ea_time_ms":63445359,"magic":22260201,"deal_ticket":800000066,"order_ticket":9060,"position_id":900000034,"entry_type":"IN","deal_type":"SELL","side":"S","layer_index":2,"role":"EXT","deal_price":1.12782,"order_price_open":null,"slippage_pips":null,"volume":0.00,"profit":0.00,"swap":0.00,"commission":0.00,"deal_time_broker":"2026-10-01 17:43:13","deal_time_broker_msc":1790876593000,"halted_at_receipt":false,"quarantined_at_receipt":false}
1,-1,1790876593596,ea_event,,{"type":"fill_log","seq":78,"ea_time_ms":63445359,"magic":22260201,"deal_ticket":800000067,"order_ticket":700000067,"position_id":900000015,"entry_type":"OUT_BY","deal_type":"SELL","side":null,"layer_index":null,"role":null,"deal_price":1.12782,"order_price_open":null,"slippage_pips":null,"volume":0.00,"profit":1.03,"swap":0.00,"commission":0.00,"deal_time_broker":"2026-10-01 17:43:13","deal_time_broker_msc":1790876593000,"halted_at_receipt":false,"quarantined_at_receipt":false}
1,-1,1790876593596,ea_event,,{"type":"fill_log","seq":79,"ea_time_ms":63445359,"magic":22260201,"deal_ticket":800000068,"order_ticket":700000067,"position_id":900000034,"entry_type":"OUT_BY","deal_type":"SELL","side":null,"layer_index":null,"role":null,"deal_price":1.12885,"order_price_open":null,"slippage_pips":null,"volume":0.00,"profit":0.00,"swap":0.00,"commission":0.00,"deal_time_broker":"2026-10-01 17:43:13","deal_time_broker_msc":1790876593000,"halted_at_receipt":false,"quarantined_at_receipt":false}
1,-1,1790876593596,scalp,SCALP_CLOSED,{"close_time":"2026-10-01T17:43:13Z","instrument":"EURUSD","direction":"SHORT","entry_price":1.12885,"exit_price":1.12782,"layer_depth":2,"stack_depth":3,"gross_pnl":1.03,"instance_id":"GRIND_EURUSD_OPTB","ejected":false,"rolled":false,"broker_utc_offset_s":10800,"account_login":53077984}
1,-1,1790876625768,ea_event,,{"type":"fill_log","seq":80,"ea_time_ms":63445359,"magic":22260201,"deal_ticket":800000069,"order_ticket":9063,"position_id":900000035,"entry_type":"IN","deal_type":"BUY","side":"L","layer_index":11,"role":"ENT","deal_price":1.12743,"order_price_open":null,"slippage_pips":null,"volume":0.00,"profit":0.00,"swap":0.00,"commission":0.00,"deal_time_broker":"2026-10-01 17:43:45","deal_time_broker_msc":1790876625000,"halted_at_receipt":false,"quarantined_at_receipt":false}
1,-1,1790876643262,ea_event,,{"type":"fill_log","seq":81,"ea_time_ms":63445375,"magic":22260201,"deal_ticket":800000070,"order_ticket":9064,"position_id":900000036,"entry_type":"IN","deal_type":"SELL","side":"S","layer_index":1,"role":"EXT","deal_price":1.12713,"order_price_open":null,"slippage_pips":null,"volume":0.00,"profit":0.00,"swap":0.00,"commission":0.00,"deal_time_broker":"2026-10-01 17:44:03","deal_time_broker_msc":1790876643000,"halted_at_receipt":false,"quarantined_at_receipt":false}
1,-1,1790876643664,ea_event,,{"type":"fill_log","seq":82,"ea_time_ms":63445375,"magic":22260201,"deal_ticket":800000071,"order_ticket":700000071,"position_id":900000013,"entry_type":"OUT_BY","deal_type":"SELL","side":null,"layer_index":null,"role":null,"deal_price":1.12713,"order_price_open":null,"slippage_pips":null,"volume":0.00,"profit":1.01,"swap":0.00,"commission":0.00,"deal_time_broker":"2026-10-01 17:44:03","deal_time_broker_msc":1790876643000,"halted_at_receipt":false,"quarantined_at_receipt":false}
1,-1,1790876643664,ea_event,,{"type":"fill_log","seq":83,"ea_time_ms":63445375,"magic":22260201,"deal_ticket":800000072,"order_ticket":700000071,"position_id":900000036,"entry_type":"OUT_BY","deal_type":"SELL","side":null,"layer_index":null,"role":null,"deal_price":1.12814,"order_price_open":null,"slippage_pips":null,"volume":0.00,"profit":0.00,"swap":0.00,"commission":0.00,"deal_time_broker":"2026-10-01 17:44:03","deal_time_broker_msc":1790876643000,"halted_at_receipt":false,"quarantined_at_receipt":false}
1,-1,1790876643664,scalp,SCALP_CLOSED,{"close_time":"2026-10-01T17:44:03Z","instrument":"EURUSD","direction":"SHORT","entry_price":1.12814,"exit_price":1.12713,"layer_depth":1,"stack_depth":2,"gross_pnl":1.01,"instance_id":"GRIND_EURUSD_OPTB","ejected":false,"rolled":false,"broker_utc_offset_s":10800,"account_login":53077984}
1,-1,1790876816890,ea_event,,{"type":"fill_log","seq":84,"ea_time_ms":63445375,"magic":22260201,"deal_ticket":800000073,"order_ticket":9067,"position_id":900000037,"entry_type":"IN","deal_type":"BUY","side":"L","layer_index":12,"role":"ENT","deal_price":1.12672,"order_price_open":null,"slippage_pips":null,"volume":0.00,"profit":0.00,"swap":0.00,"commission":0.00,"deal_time_broker":"2026-10-01 17:46:56","deal_time_broker_msc":1790876816000,"halted_at_receipt":false,"quarantined_at_receipt":false}
1,-1,1790877090016,ea_event,,{"type":"fill_log","seq":85,"ea_time_ms":63445390,"magic":22260201,"deal_ticket":800000074,"order_ticket":9021,"position_id":900000038,"entry_type":"IN","deal_type":"SELL","side":"S","layer_index":0,"role":"EXT","deal_price":1.12637,"order_price_open":null,"slippage_pips":null,"volume":0.00,"profit":0.00,"swap":0.00,"commission":0.00,"deal_time_broker":"2026-10-01 17:51:29","deal_time_broker_msc":1790877089000,"halted_at_receipt":false,"quarantined_at_receipt":false}
1,-1,1790877090417,ea_event,,{"type":"fill_log","seq":86,"ea_time_ms":63445390,"magic":22260201,"deal_ticket":800000075,"order_ticket":700000075,"position_id":900000011,"entry_type":"OUT_BY","deal_type":"SELL","side":null,"layer_index":null,"role":null,"deal_price":1.12637,"order_price_open":null,"slippage_pips":null,"volume":0.00,"profit":1.04,"swap":0.00,"commission":0.00,"deal_time_broker":"2026-10-01 17:51:30","deal_time_broker_msc":1790877090000,"halted_at_receipt":false,"quarantined_at_receipt":false}
1,-1,1790877090417,ea_event,,{"type":"fill_log","seq":87,"ea_time_ms":63445390,"magic":22260201,"deal_ticket":800000076,"order_ticket":700000075,"position_id":900000038,"entry_type":"OUT_BY","deal_type":"SELL","side":null,"layer_index":null,"role":null,"deal_price":1.12741,"order_price_open":null,"slippage_pips":null,"volume":0.00,"profit":0.00,"swap":0.00,"commission":0.00,"deal_time_broker":"2026-10-01 17:51:30","deal_time_broker_msc":1790877090000,"halted_at_receipt":false,"quarantined_at_receipt":false}
1,-1,1790877090417,scalp,SCALP_CLOSED,{"close_time":"2026-10-01T17:51:30Z","instrument":"EURUSD","direction":"SHORT","entry_price":1.12741,"exit_price":1.12637,"layer_depth":0,"stack_depth":1,"gross_pnl":1.04,"instance_id":"GRIND_EURUSD_OPTB","ejected":false,"rolled":false,"broker_utc_offset_s":10800,"account_login":53077984}
1,-1,1790877913638,ea_event,ROLL_ACCEPTED,{"type":"ea_event","seq":88,"ea_time_ms":63445437,"magic":null,"level":"INFO","code":"ROLL_ACCEPTED","reason":null,"ticket":900000002,"detail":{"ticket":900000002,"side":"L","layer_index":7,"entry":1.13174,"level":1.12602,"target":1.12702,"accrued":0.00000,"clamped":false,"cost":0.00472,"cost_pips":47.2,"rolled":3,"was_ejected":false,"source":"auto","reroll":false,"from_level":0.00000}}
1,-1,1790877964489,ea_event,ROLL_ACCEPTED,{"type":"ea_event","seq":89,"ea_time_ms":63445437,"magic":null,"level":"INFO","code":"ROLL_ACCEPTED","reason":null,"ticket":900000027,"detail":{"ticket":900000027,"side":"L","layer_index":8,"entry":1.12961,"level":1.12532,"target":1.12632,"accrued":0.00000,"clamped":false,"cost":0.00329,"cost_pips":32.9,"rolled":4,"was_ejected":false,"source":"auto","reroll":false,"from_level":0.00000}}
1,-1,1790879435254,ea_event,ROLL_ACCEPTED,{"type":"ea_event","seq":90,"ea_time_ms":63445515,"magic":null,"level":"INFO","code":"ROLL_ACCEPTED","reason":null,"ticket":900000029,"detail":{"ticket":900000029,"side":"L","layer_index":9,"entry":1.12890,"level":1.12462,"target":1.12562,"accrued":0.00000,"clamped":false,"cost":0.00328,"cost_pips":32.8,"rolled":5,"was_ejected":false,"source":"auto","reroll":false,"from_level":0.00000}}
1,-1,1790879436257,ea_event,ROLL_ACCEPTED,{"type":"ea_event","seq":91,"ea_time_ms":63445515,"magic":null,"level":"INFO","code":"ROLL_ACCEPTED","reason":null,"ticket":900000033,"detail":{"ticket":900000033,"side":"L","layer_index":10,"entry":1.12815,"level":1.12392,"target":1.12492,"accrued":0.00000,"clamped":false,"cost":0.00323,"cost_pips":32.3,"rolled":6,"was_ejected":false,"source":"auto","reroll":false,"from_level":0.00000}}
1,-1,1790879661027,ea_event,ROLL_ACCEPTED,{"type":"ea_event","seq":92,"ea_time_ms":63445531,"magic":null,"level":"INFO","code":"ROLL_ACCEPTED","reason":null,"ticket":900000035,"detail":{"ticket":900000035,"side":"L","layer_index":11,"entry":1.12743,"level":1.12322,"target":1.12422,"accrued":0.00000,"clamped":false,"cost":0.00321,"cost_pips":32.1,"rolled":7,"was_ejected":false,"source":"auto","reroll":false,"from_level":0.00000}}
1,-1,1790879856437,ea_event,,{"type":"fill_log","seq":93,"ea_time_ms":63445546,"magic":22260201,"deal_ticket":800000077,"order_ticket":9074,"position_id":900000039,"entry_type":"IN","deal_type":"BUY","side":"L","layer_index":11,"role":"EXT","deal_price":1.12424,"order_price_open":null,"slippage_pips":null,"volume":0.00,"profit":0.00,"swap":0.00,"commission":0.00,"deal_time_broker":"2026-10-01 18:37:36","deal_time_broker_msc":1790879856000,"halted_at_receipt":false,"quarantined_at_receipt":false}
1,-1,1790879856838,ea_event,,{"type":"fill_log","seq":94,"ea_time_ms":63445546,"magic":22260201,"deal_ticket":800000078,"order_ticket":700000078,"position_id":900000035,"entry_type":"OUT_BY","deal_type":"SELL","side":null,"layer_index":null,"role":null,"deal_price":1.12424,"order_price_open":null,"slippage_pips":null,"volume":0.00,"profit":-3.19,"swap":0.00,"commission":0.00,"deal_time_broker":"2026-10-01 18:37:36","deal_time_broker_msc":1790879856000,"halted_at_receipt":false,"quarantined_at_receipt":false}
1,-1,1790879856838,ea_event,ROLL_FILLED,{"type":"ea_event","seq":95,"ea_time_ms":63445546,"magic":null,"level":"INFO","code":"ROLL_FILLED","reason":null,"ticket":900000035,"detail":{"ticket":900000035,"level":1.12322}}
1,-1,1790879856838,ea_event,,{"type":"fill_log","seq":96,"ea_time_ms":63445546,"magic":22260201,"deal_ticket":800000079,"order_ticket":700000078,"position_id":900000039,"entry_type":"OUT_BY","deal_type":"SELL","side":null,"layer_index":null,"role":null,"deal_price":1.12743,"order_price_open":null,"slippage_pips":null,"volume":0.00,"profit":0.00,"swap":0.00,"commission":0.00,"deal_time_broker":"2026-10-01 18:37:36","deal_time_broker_msc":1790879856000,"halted_at_receipt":false,"quarantined_at_receipt":false}
1,-1,1790879856838,scalp,SCALP_CLOSED,{"close_time":"2026-10-01T18:37:36Z","instrument":"EURUSD","direction":"LONG","entry_price":1.12743,"exit_price":1.12424,"layer_depth":11,"stack_depth":8,"gross_pnl":-3.19,"instance_id":"GRIND_EURUSD_OPTB","ejected":false,"rolled":true,"broker_utc_offset_s":10800,"account_login":53077984}
1,-1,1790898652182,ea_event,CARRY_SNAPSHOT,{"type":"ea_event","seq":97,"ea_time_ms":63446093,"magic":null,"level":"INFO","code":"CARRY_SNAPSHOT","reason":"EURUSD","ticket":null,"detail":{"symbol":"EURUSD","swap_mode":1,"swap_long":-7.9900,"swap_short":1.3100,"multiplier":1,"day_of_week":4,"rollover3days":3,"digits":5,"point":0.00001000,"tick_value":1.00000000,"tick_size":0.00001000,"stops_level":0,"freeze_level":0,"long_pips":-0.799,"short_pips":0.131,"eligible_long":7,"eligible_short":0,"trade_mode_full":true,"mult_today":1,"mult_tomorrow":1,"accrued_swap_long":0.00,"accrued_swap_short":0.00}}
1,-1,1790898652182,ea_event,CARRY_EXIT_SHIFT,{"type":"ea_event","seq":98,"ea_time_ms":63446093,"magic":null,"level":"INFO","code":"CARRY_EXIT_SHIFT","reason":"EURUSD","ticket":null,"detail":{"position_ticket":1975880441,"side":"long","layer_index":0,"accrued_ledger_pips":-2.500,"pending_pips":-0.799,"accrued_pips_total":-3.299,"old_price":1.13212,"new_price":1.13237,"clamped":false,"sign_guard_skipped":false,"retcode":10009,"points_native_pips":-0.799}}
1,-1,1790898773250,ea_event,CARRY_EXIT_SHIFT,{"type":"ea_event","seq":99,"ea_time_ms":63446093,"magic":null,"level":"INFO","code":"CARRY_EXIT_SHIFT","reason":"EURUSD","ticket":null,"detail":{"position_ticket":900000033,"side":"long","layer_index":10,"accrued_ledger_pips":0.000,"pending_pips":-0.799,"accrued_pips_total":-0.799,"old_price":1.12492,"new_price":1.12500,"clamped":false,"sign_guard_skipped":false,"retcode":10009,"points_native_pips":-0.799}}
1,-1,1790898832551,ea_event,CARRY_PASS_SUMMARY,{"type":"ea_event","seq":100,"ea_time_ms":63446093,"magic":null,"level":"INFO","code":"CARRY_PASS_SUMMARY","reason":"EURUSD","ticket":null,"detail":{"eligible":7,"shifted":2,"clamped":0,"skipped":0,"failed":0,"incomplete":false}}
2,-1,1790909139131,ea_event,,{"type":"fill_log","seq":0,"ea_time_ms":63446156,"magic":22260201,"deal_ticket":800000001,"order_ticket":9000,"position_id":900000001,"entry_type":"IN","deal_type":"SELL","side":"S","layer_index":0,"role":"ENT","deal_price":1.12458,"order_price_open":null,"slippage_pips":null,"volume":0.00,"profit":0.00,"swap":0.00,"commission":0.00,"deal_time_broker":"2026-10-02 02:45:38","deal_time_broker_msc":1790909138000,"halted_at_receipt":false,"quarantined_at_receipt":false}
2,-1,1790912327334,ea_event,,{"type":"fill_log","seq":1,"ea_time_ms":63446203,"magic":22260201,"deal_ticket":800000002,"order_ticket":9002,"position_id":900000002,"entry_type":"IN","deal_type":"SELL","side":"S","layer_index":0,"role":"EXT","deal_price":1.12356,"order_price_open":null,"slippage_pips":null,"volume":0.00,"profit":0.00,"swap":0.00,"commission":0.00,"deal_time_broker":"2026-10-02 03:38:46","deal_time_broker_msc":1790912326000,"halted_at_receipt":false,"quarantined_at_receipt":false}
2,-1,1790912329141,ea_event,,{"type":"fill_log","seq":2,"ea_time_ms":63446203,"magic":22260201,"deal_ticket":800000003,"order_ticket":700000003,"position_id":900000001,"entry_type":"OUT_BY","deal_type":"SELL","side":null,"layer_index":null,"role":null,"deal_price":1.12356,"order_price_open":null,"slippage_pips":null,"volume":0.00,"profit":1.02,"swap":0.00,"commission":0.00,"deal_time_broker":"2026-10-02 03:38:47","deal_time_broker_msc":1790912327000,"halted_at_receipt":false,"quarantined_at_receipt":false}
2,-1,1790912329141,ea_event,,{"type":"fill_log","seq":3,"ea_time_ms":63446203,"magic":22260201,"deal_ticket":800000004,"order_ticket":700000003,"position_id":900000002,"entry_type":"OUT_BY","deal_type":"SELL","side":null,"layer_index":null,"role":null,"deal_price":1.12458,"order_price_open":null,"slippage_pips":null,"volume":0.00,"profit":0.00,"swap":0.00,"commission":0.00,"deal_time_broker":"2026-10-02 03:38:47","deal_time_broker_msc":1790912327000,"halted_at_receipt":false,"quarantined_at_receipt":false}
2,-1,1790912329141,scalp,SCALP_CLOSED,{"close_time":"2026-10-02T03:38:47Z","instrument":"EURUSD","direction":"SHORT","entry_price":1.12458,"exit_price":1.12356,"layer_depth":0,"stack_depth":1,"gross_pnl":1.02,"instance_id":"GRIND_EURUSD_OPTB","ejected":false,"rolled":false,"broker_utc_offset_s":10800,"account_login":53077984}
2,-1,1790915688760,ea_event,,{"type":"fill_log","seq":4,"ea_time_ms":63446250,"magic":22260201,"deal_ticket":800000005,"order_ticket":9001,"position_id":900000003,"entry_type":"IN","deal_type":"BUY","side":"L","layer_index":13,"role":"ENT","deal_price":1.12318,"order_price_open":null,"slippage_pips":null,"volume":0.00,"profit":0.00,"swap":0.00,"commission":0.00,"deal_time_broker":"2026-10-02 04:34:48","deal_time_broker_msc":1790915688000,"halted_at_receipt":false,"quarantined_at_receipt":false}
2,-1,1790917572500,ea_event,,{"type":"fill_log","seq":5,"ea_time_ms":63446281,"magic":22260201,"deal_ticket":800000006,"order_ticket":9005,"position_id":900000004,"entry_type":"IN","deal_type":"BUY","side":"L","layer_index":13,"role":"EXT","deal_price":1.12419,"order_price_open":null,"slippage_pips":null,"volume":0.00,"profit":0.00,"swap":0.00,"commission":0.00,"deal_time_broker":"2026-10-02 05:06:12","deal_time_broker_msc":1790917572000,"halted_at_receipt":false,"quarantined_at_receipt":false}
2,-1,1790917576110,ea_event,,{"type":"fill_log","seq":6,"ea_time_ms":63446281,"magic":22260201,"deal_ticket":800000007,"order_ticket":700000007,"position_id":900000003,"entry_type":"OUT_BY","deal_type":"SELL","side":null,"layer_index":null,"role":null,"deal_price":1.12419,"order_price_open":null,"slippage_pips":null,"volume":0.00,"profit":1.01,"swap":0.00,"commission":0.00,"deal_time_broker":"2026-10-02 05:06:12","deal_time_broker_msc":1790917572000,"halted_at_receipt":false,"quarantined_at_receipt":false}
2,-1,1790917576110,ea_event,,{"type":"fill_log","seq":7,"ea_time_ms":63446281,"magic":22260201,"deal_ticket":800000008,"order_ticket":700000007,"position_id":900000004,"entry_type":"OUT_BY","deal_type":"SELL","side":null,"layer_index":null,"role":null,"deal_price":1.12318,"order_price_open":null,"slippage_pips":null,"volume":0.00,"profit":0.00,"swap":0.00,"commission":0.00,"deal_time_broker":"2026-10-02 05:06:12","deal_time_broker_msc":1790917572000,"halted_at_receipt":false,"quarantined_at_receipt":false}
2,-1,1790917576110,scalp,SCALP_CLOSED,{"close_time":"2026-10-02T05:06:12Z","instrument":"EURUSD","direction":"LONG","entry_price":1.12318,"exit_price":1.12419,"layer_depth":13,"stack_depth":8,"gross_pnl":1.01,"instance_id":"GRIND_EURUSD_OPTB","ejected":false,"rolled":false,"broker_utc_offset_s":10800,"account_login":53077984}
2,-1,1790919126899,ea_event,,{"type":"fill_log","seq":8,"ea_time_ms":63446312,"magic":22260201,"deal_ticket":800000009,"order_ticket":9004,"position_id":900000005,"entry_type":"IN","deal_type":"SELL","side":"S","layer_index":0,"role":"ENT","deal_price":1.12427,"order_price_open":null,"slippage_pips":null,"volume":0.00,"profit":0.00,"swap":0.00,"commission":0.00,"deal_time_broker":"2026-10-02 05:32:06","deal_time_broker_msc":1790919126000,"halted_at_receipt":false,"quarantined_at_receipt":false}
3,-1,1790922489399,ea_event,,{"type":"fill_log","seq":0,"ea_time_ms":63446359,"magic":22260201,"deal_ticket":800000001,"order_ticket":1981380745,"position_id":900000001,"entry_type":"IN","deal_type":"SELL","side":"S","layer_index":1,"role":"ENT","deal_price":1.12498,"order_price_open":null,"slippage_pips":null,"volume":0.00,"profit":0.00,"swap":0.00,"commission":0.00,"deal_time_broker":"2026-10-02 06:28:09","deal_time_broker_msc":1790922489000,"halted_at_receipt":false,"quarantined_at_receipt":false}
3,-1,1790922492218,ea_event,,{"type":"fill_log","seq":1,"ea_time_ms":63446359,"magic":22260201,"deal_ticket":800000002,"order_ticket":1981329207,"position_id":900000002,"entry_type":"IN","deal_type":"BUY","side":"L","layer_index":10,"role":"EXT","deal_price":1.12504,"order_price_open":null,"slippage_pips":null,"volume":0.00,"profit":0.00,"swap":0.00,"commission":0.00,"deal_time_broker":"2026-10-02 06:28:12","deal_time_broker_msc":1790922492000,"halted_at_receipt":false,"quarantined_at_receipt":false}
3,-1,1790922492816,ea_event,,{"type":"fill_log","seq":2,"ea_time_ms":63446359,"magic":22260201,"deal_ticket":800000003,"order_ticket":700000003,"position_id":1979610661,"entry_type":"OUT_BY","deal_type":"SELL","side":null,"layer_index":null,"role":null,"deal_price":1.12504,"order_price_open":null,"slippage_pips":null,"volume":0.00,"profit":-3.11,"swap":-0.08,"commission":0.00,"deal_time_broker":"2026-10-02 06:28:12","deal_time_broker_msc":1790922492000,"halted_at_receipt":false,"quarantined_at_receipt":false}
3,-1,1790922492816,ea_event,ROLL_FILLED,{"type":"ea_event","seq":3,"ea_time_ms":63446359,"magic":null,"level":"INFO","code":"ROLL_FILLED","reason":null,"ticket":1979610661,"detail":{"ticket":1979610661,"level":1.12392}}
3,-1,1790922492816,ea_event,,{"type":"fill_log","seq":4,"ea_time_ms":63446359,"magic":22260201,"deal_ticket":800000004,"order_ticket":700000003,"position_id":900000002,"entry_type":"OUT_BY","deal_type":"SELL","side":null,"layer_index":null,"role":null,"deal_price":1.12815,"order_price_open":null,"slippage_pips":null,"volume":0.00,"profit":0.00,"swap":0.00,"commission":0.00,"deal_time_broker":"2026-10-02 06:28:12","deal_time_broker_msc":1790922492000,"halted_at_receipt":false,"quarantined_at_receipt":false}
3,-1,1790922492816,scalp,SCALP_CLOSED,{"close_time":"2026-10-02T06:28:12Z","instrument":"EURUSD","direction":"LONG","entry_price":1.12815,"exit_price":1.12504,"layer_depth":10,"stack_depth":7,"gross_pnl":-3.19,"instance_id":"GRIND_EURUSD_OPTB","ejected":false,"rolled":true,"broker_utc_offset_s":10800,"account_login":53077984}
3,-1,1790932033990,ea_event,,{"type":"fill_log","seq":5,"ea_time_ms":63446500,"magic":22260201,"deal_ticket":800000005,"order_ticket":9001,"position_id":900000003,"entry_type":"IN","deal_type":"SELL","side":"S","layer_index":2,"role":"ENT","deal_price":1.12569,"order_price_open":null,"slippage_pips":null,"volume":0.00,"profit":0.00,"swap":0.00,"commission":0.00,"deal_time_broker":"2026-10-02 09:07:13","deal_time_broker_msc":1790932033000,"halted_at_receipt":false,"quarantined_at_receipt":false}
3,-1,1790932306635,ea_event,,{"type":"fill_log","seq":6,"ea_time_ms":63446515,"magic":22260201,"deal_ticket":800000006,"order_ticket":9002,"position_id":900000004,"entry_type":"IN","deal_type":"BUY","side":"L","layer_index":9,"role":"EXT","deal_price":1.12571,"order_price_open":null,"slippage_pips":null,"volume":0.00,"profit":0.00,"swap":0.00,"commission":0.00,"deal_time_broker":"2026-10-02 09:11:45","deal_time_broker_msc":1790932305000,"halted_at_receipt":false,"quarantined_at_receipt":false}
3,-1,1790932307247,ea_event,,{"type":"fill_log","seq":7,"ea_time_ms":63446515,"magic":22260201,"deal_ticket":800000007,"order_ticket":700000007,"position_id":1979310667,"entry_type":"OUT_BY","deal_type":"SELL","side":null,"layer_index":null,"role":null,"deal_price":1.12571,"order_price_open":null,"slippage_pips":null,"volume":0.00,"profit":-3.21,"swap":-0.08,"commission":0.00,"deal_time_broker":"2026-10-02 09:11:46","deal_time_broker_msc":1790932306000,"halted_at_receipt":false,"quarantined_at_receipt":false}
3,-1,1790932307247,ea_event,ROLL_FILLED,{"type":"ea_event","seq":8,"ea_time_ms":63446515,"magic":null,"level":"INFO","code":"ROLL_FILLED","reason":null,"ticket":1979310667,"detail":{"ticket":1979310667,"level":1.12462}}
3,-1,1790932307247,ea_event,,{"type":"fill_log","seq":9,"ea_time_ms":63446515,"magic":22260201,"deal_ticket":800000008,"order_ticket":700000007,"position_id":900000004,"entry_type":"OUT_BY","deal_type":"SELL","side":null,"layer_index":null,"role":null,"deal_price":1.12892,"order_price_open":null,"slippage_pips":null,"volume":0.00,"profit":0.00,"swap":0.00,"commission":0.00,"deal_time_broker":"2026-10-02 09:11:46","deal_time_broker_msc":1790932306000,"halted_at_receipt":false,"quarantined_at_receipt":false}
3,-1,1790932307247,scalp,SCALP_CLOSED,{"close_time":"2026-10-02T09:11:46Z","instrument":"EURUSD","direction":"LONG","entry_price":1.12892,"exit_price":1.12571,"layer_depth":9,"stack_depth":6,"gross_pnl":-3.29,"instance_id":"GRIND_EURUSD_OPTB","ejected":false,"rolled":true,"broker_utc_offset_s":10800,"account_login":53077984}
3,-1,1790936075626,ea_event,,{"type":"fill_log","seq":10,"ea_time_ms":63446625,"magic":22260201,"deal_ticket":800000009,"order_ticket":9004,"position_id":900000005,"entry_type":"IN","deal_type":"SELL","side":"S","layer_index":3,"role":"ENT","deal_price":1.12643,"order_price_open":null,"slippage_pips":null,"volume":0.00,"profit":0.00,"swap":0.00,"commission":0.00,"deal_time_broker":"2026-10-02 10:14:35","deal_time_broker_msc":1790936075000,"halted_at_receipt":false,"quarantined_at_receipt":false}
3,-1,1790936075626,ea_event,,{"type":"fill_log","seq":11,"ea_time_ms":63446625,"magic":22260201,"deal_ticket":800000010,"order_ticket":9005,"position_id":900000006,"entry_type":"IN","deal_type":"BUY","side":"L","layer_index":8,"role":"EXT","deal_price":1.12643,"order_price_open":null,"slippage_pips":null,"volume":0.00,"profit":0.00,"swap":0.00,"commission":0.00,"deal_time_broker":"2026-10-02 10:14:35","deal_time_broker_msc":1790936075000,"halted_at_receipt":false,"quarantined_at_receipt":false}
3,-1,1790936076436,ea_event,,{"type":"fill_log","seq":12,"ea_time_ms":63446625,"magic":22260201,"deal_ticket":800000011,"order_ticket":700000011,"position_id":1979228897,"entry_type":"OUT_BY","deal_type":"SELL","side":null,"layer_index":null,"role":null,"deal_price":1.12643,"order_price_open":null,"slippage_pips":null,"volume":0.00,"profit":-3.18,"swap":-0.08,"commission":0.00,"deal_time_broker":"2026-10-02 10:14:36","deal_time_broker_msc":1790936076000,"halted_at_receipt":false,"quarantined_at_receipt":false}
3,-1,1790936076436,ea_event,ROLL_FILLED,{"type":"ea_event","seq":13,"ea_time_ms":63446625,"magic":null,"level":"INFO","code":"ROLL_FILLED","reason":null,"ticket":1979228897,"detail":{"ticket":1979228897,"level":1.12532}}
3,-1,1790936076436,ea_event,,{"type":"fill_log","seq":14,"ea_time_ms":63446625,"magic":22260201,"deal_ticket":800000012,"order_ticket":700000011,"position_id":900000006,"entry_type":"OUT_BY","deal_type":"SELL","side":null,"layer_index":null,"role":null,"deal_price":1.12961,"order_price_open":null,"slippage_pips":null,"volume":0.00,"profit":0.00,"swap":0.00,"commission":0.00,"deal_time_broker":"2026-10-02 10:14:36","deal_time_broker_msc":1790936076000,"halted_at_receipt":false,"quarantined_at_receipt":false}
3,-1,1790936076436,scalp,SCALP_CLOSED,{"close_time":"2026-10-02T10:14:36Z","instrument":"EURUSD","direction":"LONG","entry_price":1.12961,"exit_price":1.12643,"layer_depth":8,"stack_depth":5,"gross_pnl":-3.26,"instance_id":"GRIND_EURUSD_OPTB","ejected":false,"rolled":true,"broker_utc_offset_s":10800,"account_login":53077984}
3,-1,1790940312409,ea_event,,{"type":"fill_log","seq":15,"ea_time_ms":63446765,"magic":22260201,"deal_ticket":800000013,"order_ticket":9006,"position_id":900000007,"entry_type":"IN","deal_type":"SELL","side":"S","layer_index":3,"role":"EXT","deal_price":1.12541,"order_price_open":null,"slippage_pips":null,"volume":0.00,"profit":0.00,"swap":0.00,"commission":0.00,"deal_time_broker":"2026-10-02 11:25:11","deal_time_broker_msc":1790940311000,"halted_at_receipt":false,"quarantined_at_receipt":false}
3,-1,1790940313620,ea_event,,{"type":"fill_log","seq":16,"ea_time_ms":63446765,"magic":22260201,"deal_ticket":800000014,"order_ticket":700000014,"position_id":900000005,"entry_type":"OUT_BY","deal_type":"SELL","side":null,"layer_index":null,"role":null,"deal_price":1.12541,"order_price_open":null,"slippage_pips":null,"volume":0.00,"profit":1.02,"swap":0.00,"commission":0.00,"deal_time_broker":"2026-10-02 11:25:12","deal_time_broker_msc":1790940312000,"halted_at_receipt":false,"quarantined_at_receipt":false}
3,-1,1790940313620,ea_event,,{"type":"fill_log","seq":17,"ea_time_ms":63446765,"magic":22260201,"deal_ticket":800000015,"order_ticket":700000014,"position_id":900000007,"entry_type":"OUT_BY","deal_type":"SELL","side":null,"layer_index":null,"role":null,"deal_price":1.12643,"order_price_open":null,"slippage_pips":null,"volume":0.00,"profit":0.00,"swap":0.00,"commission":0.00,"deal_time_broker":"2026-10-02 11:25:12","deal_time_broker_msc":1790940312000,"halted_at_receipt":false,"quarantined_at_receipt":false}
3,-1,1790940313620,scalp,SCALP_CLOSED,{"close_time":"2026-10-02T11:25:12Z","instrument":"EURUSD","direction":"SHORT","entry_price":1.12643,"exit_price":1.12541,"layer_depth":3,"stack_depth":4,"gross_pnl":1.02,"instance_id":"GRIND_EURUSD_OPTB","ejected":false,"rolled":false,"broker_utc_offset_s":10800,"account_login":53077984}
3,-1,1790940670343,ea_event,,{"type":"fill_log","seq":18,"ea_time_ms":63446781,"magic":22260201,"deal_ticket":800000016,"order_ticket":1981329218,"position_id":900000008,"entry_type":"IN","deal_type":"BUY","side":"L","layer_index":13,"role":"ENT","deal_price":1.12529,"order_price_open":null,"slippage_pips":null,"volume":0.00,"profit":0.00,"swap":0.00,"commission":0.00,"deal_time_broker":"2026-10-02 11:31:09","deal_time_broker_msc":1790940669000,"halted_at_receipt":false,"quarantined_at_receipt":false}
3,-1,1790941591778,ea_event,,{"type":"fill_log","seq":19,"ea_time_ms":63446812,"magic":22260201,"deal_ticket":800000017,"order_ticket":9009,"position_id":900000009,"entry_type":"IN","deal_type":"SELL","side":"S","layer_index":2,"role":"EXT","deal_price":1.12468,"order_price_open":null,"slippage_pips":null,"volume":0.00,"profit":0.00,"swap":0.00,"commission":0.00,"deal_time_broker":"2026-10-02 11:46:31","deal_time_broker_msc":1790941591000,"halted_at_receipt":false,"quarantined_at_receipt":false}
3,-1,1790941592188,ea_event,,{"type":"fill_log","seq":20,"ea_time_ms":63446812,"magic":22260201,"deal_ticket":800000018,"order_ticket":700000018,"position_id":900000003,"entry_type":"OUT_BY","deal_type":"SELL","side":null,"layer_index":null,"role":null,"deal_price":1.12468,"order_price_open":null,"slippage_pips":null,"volume":0.00,"profit":1.01,"swap":0.00,"commission":0.00,"deal_time_broker":"2026-10-02 11:46:32","deal_time_broker_msc":1790941592000,"halted_at_receipt":false,"quarantined_at_receipt":false}
3,-1,1790941592188,ea_event,,{"type":"fill_log","seq":21,"ea_time_ms":63446812,"magic":22260201,"deal_ticket":800000019,"order_ticket":700000018,"position_id":900000009,"entry_type":"OUT_BY","deal_type":"SELL","side":null,"layer_index":null,"role":null,"deal_price":1.12569,"order_price_open":null,"slippage_pips":null,"volume":0.00,"profit":0.00,"swap":0.00,"commission":0.00,"deal_time_broker":"2026-10-02 11:46:32","deal_time_broker_msc":1790941592000,"halted_at_receipt":false,"quarantined_at_receipt":false}
3,-1,1790941592188,scalp,SCALP_CLOSED,{"close_time":"2026-10-02T11:46:32Z","instrument":"EURUSD","direction":"SHORT","entry_price":1.12569,"exit_price":1.12468,"layer_depth":2,"stack_depth":3,"gross_pnl":1.01,"instance_id":"GRIND_EURUSD_OPTB","ejected":false,"rolled":false,"broker_utc_offset_s":10800,"account_login":53077984}
3,-1,1790946633535,ea_event,,{"type":"fill_log","seq":22,"ea_time_ms":63446953,"magic":22260201,"deal_ticket":800000020,"order_ticket":9012,"position_id":900000010,"entry_type":"IN","deal_type":"BUY","side":"L","layer_index":14,"role":"ENT","deal_price":1.12458,"order_price_open":null,"slippage_pips":null,"volume":0.00,"profit":0.00,"swap":0.00,"commission":0.00,"deal_time_broker":"2026-10-02 13:10:32","deal_time_broker_msc":1790946632000,"halted_at_receipt":false,"quarantined_at_receipt":false}
3,-1,1790946918868,ea_event,,{"type":"fill_log","seq":23,"ea_time_ms":63446953,"magic":22260201,"deal_ticket":800000021,"order_ticket":9013,"position_id":900000011,"entry_type":"IN","deal_type":"SELL","side":"S","layer_index":1,"role":"EXT","deal_price":1.12394,"order_price_open":null,"slippage_pips":null,"volume":0.00,"profit":0.00,"swap":0.00,"commission":0.00,"deal_time_broker":"2026-10-02 13:15:18","deal_time_broker_msc":1790946918000,"halted_at_receipt":false,"quarantined_at_receipt":false}
3,-1,1790946920679,ea_event,,{"type":"fill_log","seq":24,"ea_time_ms":63446953,"magic":22260201,"deal_ticket":800000022,"order_ticket":700000022,"position_id":900000001,"entry_type":"OUT_BY","deal_type":"SELL","side":null,"layer_index":null,"role":null,"deal_price":1.12394,"order_price_open":null,"slippage_pips":null,"volume":0.00,"profit":1.04,"swap":0.00,"commission":0.00,"deal_time_broker":"2026-10-02 13:15:19","deal_time_broker_msc":1790946919000,"halted_at_receipt":false,"quarantined_at_receipt":false}
3,-1,1790946920679,ea_event,,{"type":"fill_log","seq":25,"ea_time_ms":63446953,"magic":22260201,"deal_ticket":800000023,"order_ticket":700000022,"position_id":900000011,"entry_type":"OUT_BY","deal_type":"SELL","side":null,"layer_index":null,"role":null,"deal_price":1.12498,"order_price_open":null,"slippage_pips":null,"volume":0.00,"profit":0.00,"swap":0.00,"commission":0.00,"deal_time_broker":"2026-10-02 13:15:19","deal_time_broker_msc":1790946919000,"halted_at_receipt":false,"quarantined_at_receipt":false}
3,-1,1790946920679,scalp,SCALP_CLOSED,{"close_time":"2026-10-02T13:15:19Z","instrument":"EURUSD","direction":"SHORT","entry_price":1.12498,"exit_price":1.12394,"layer_depth":1,"stack_depth":2,"gross_pnl":1.04,"instance_id":"GRIND_EURUSD_OPTB","ejected":false,"rolled":false,"broker_utc_offset_s":10800,"account_login":53077984}
3,-1,1790946930949,ea_event,,{"type":"fill_log","seq":26,"ea_time_ms":63446953,"magic":22260201,"deal_ticket":800000024,"order_ticket":9016,"position_id":900000012,"entry_type":"IN","deal_type":"BUY","side":"L","layer_index":15,"role":"ENT","deal_price":1.12386,"order_price_open":null,"slippage_pips":null,"volume":0.00,"profit":0.00,"swap":0.00,"commission":0.00,"deal_time_broker":"2026-10-02 13:15:29","deal_time_broker_msc":1790946929000,"halted_at_receipt":false,"quarantined_at_receipt":false}
3,-1,1790947243963,ea_event,,{"type":"fill_log","seq":27,"ea_time_ms":63446968,"magic":22260201,"deal_ticket":800000025,"order_ticket":1981380735,"position_id":900000013,"entry_type":"IN","deal_type":"SELL","side":"S","layer_index":0,"role":"EXT","deal_price":1.12322,"order_price_open":null,"slippage_pips":null,"volume":0.00,"profit":0.00,"swap":0.00,"commission":0.00,"deal_time_broker":"2026-10-02 13:20:43","deal_time_broker_msc":1790947243000,"halted_at_receipt":false,"quarantined_at_receipt":false}
3,-1,1790947244369,ea_event,,{"type":"fill_log","seq":28,"ea_time_ms":63446968,"magic":22260201,"deal_ticket":800000026,"order_ticket":700000026,"position_id":1981098959,"entry_type":"OUT_BY","deal_type":"SELL","side":null,"layer_index":null,"role":null,"deal_price":1.12322,"order_price_open":null,"slippage_pips":null,"volume":0.00,"profit":1.04,"swap":0.00,"commission":0.00,"deal_time_broker":"2026-10-02 13:20:44","deal_time_broker_msc":1790947244000,"halted_at_receipt":false,"quarantined_at_receipt":false}
3,-1,1790947244369,ea_event,,{"type":"fill_log","seq":29,"ea_time_ms":63446968,"magic":22260201,"deal_ticket":800000027,"order_ticket":700000026,"position_id":900000013,"entry_type":"OUT_BY","deal_type":"SELL","side":null,"layer_index":null,"role":null,"deal_price":1.12426,"order_price_open":null,"slippage_pips":null,"volume":0.00,"profit":0.00,"swap":0.00,"commission":0.00,"deal_time_broker":"2026-10-02 13:20:44","deal_time_broker_msc":1790947244000,"halted_at_receipt":false,"quarantined_at_receipt":false}
3,-1,1790947244369,scalp,SCALP_CLOSED,{"close_time":"2026-10-02T13:20:44Z","instrument":"EURUSD","direction":"SHORT","entry_price":1.12426,"exit_price":1.12322,"layer_depth":0,"stack_depth":1,"gross_pnl":1.04,"instance_id":"GRIND_EURUSD_OPTB","ejected":false,"rolled":false,"broker_utc_offset_s":10800,"account_login":53077984}
3,-1,1790947282410,ea_event,,{"type":"fill_log","seq":30,"ea_time_ms":63446968,"magic":22260201,"deal_ticket":800000028,"order_ticket":9019,"position_id":900000014,"entry_type":"IN","deal_type":"BUY","side":"L","layer_index":16,"role":"ENT","deal_price":1.12314,"order_price_open":null,"slippage_pips":null,"volume":0.00,"profit":0.00,"swap":0.00,"commission":0.00,"deal_time_broker":"2026-10-02 13:21:21","deal_time_broker_msc":1790947281000,"halted_at_receipt":false,"quarantined_at_receipt":false}
3,-1,1790947838876,ea_event,,{"type":"fill_log","seq":31,"ea_time_ms":63447000,"magic":22260201,"deal_ticket":800000029,"order_ticket":9020,"position_id":900000015,"entry_type":"IN","deal_type":"SELL","side":"S","layer_index":0,"role":"ENT","deal_price":1.12393,"order_price_open":null,"slippage_pips":null,"volume":0.00,"profit":0.00,"swap":0.00,"commission":0.00,"deal_time_broker":"2026-10-02 13:30:37","deal_time_broker_msc":1790947837000,"halted_at_receipt":false,"quarantined_at_receipt":false}
3,-1,1790949809965,ea_event,,{"type":"fill_log","seq":32,"ea_time_ms":63447062,"magic":22260201,"deal_ticket":800000030,"order_ticket":9022,"position_id":900000016,"entry_type":"IN","deal_type":"SELL","side":"S","layer_index":0,"role":"EXT","deal_price":1.12293,"order_price_open":null,"slippage_pips":null,"volume":0.00,"profit":0.00,"swap":0.00,"commission":0.00,"deal_time_broker":"2026-10-02 14:03:28","deal_time_broker_msc":1790949808000,"halted_at_receipt":false,"quarantined_at_receipt":false}
3,-1,1790949810567,ea_event,,{"type":"fill_log","seq":33,"ea_time_ms":63447062,"magic":22260201,"deal_ticket":800000031,"order_ticket":700000031,"position_id":900000015,"entry_type":"OUT_BY","deal_type":"SELL","side":null,"layer_index":null,"role":null,"deal_price":1.12293,"order_price_open":null,"slippage_pips":null,"volume":0.00,"profit":1.00,"swap":0.00,"commission":0.00,"deal_time_broker":"2026-10-02 14:03:30","deal_time_broker_msc":1790949810000,"halted_at_receipt":false,"quarantined_at_receipt":false}
3,-1,1790949810567,ea_event,,{"type":"fill_log","seq":34,"ea_time_ms":63447062,"magic":22260201,"deal_ticket":800000032,"order_ticket":700000031,"position_id":900000016,"entry_type":"OUT_BY","deal_type":"SELL","side":null,"layer_index":null,"role":null,"deal_price":1.12393,"order_price_open":null,"slippage_pips":null,"volume":0.00,"profit":0.00,"swap":0.00,"commission":0.00,"deal_time_broker":"2026-10-02 14:03:30","deal_time_broker_msc":1790949810000,"halted_at_receipt":false,"quarantined_at_receipt":false}
3,-1,1790949810567,scalp,SCALP_CLOSED,{"close_time":"2026-10-02T14:03:30Z","instrument":"EURUSD","direction":"SHORT","entry_price":1.12393,"exit_price":1.12293,"layer_depth":0,"stack_depth":1,"gross_pnl":1.00,"instance_id":"GRIND_EURUSD_OPTB","ejected":false,"rolled":false,"broker_utc_offset_s":10800,"account_login":53077984}
3,-1,1790950632797,ea_event,,{"type":"fill_log","seq":35,"ea_time_ms":63447093,"magic":22260201,"deal_ticket":800000033,"order_ticket":9024,"position_id":900000017,"entry_type":"IN","deal_type":"SELL","side":"S","layer_index":0,"role":"ENT","deal_price":1.12364,"order_price_open":null,"slippage_pips":null,"volume":0.00,"profit":0.00,"swap":0.00,"commission":0.00,"deal_time_broker":"2026-10-02 14:17:12","deal_time_broker_msc":1790950632000,"halted_at_receipt":false,"quarantined_at_receipt":false}
3,-1,1790951112702,ea_event,,{"type":"fill_log","seq":36,"ea_time_ms":63447109,"magic":22260201,"deal_ticket":800000034,"order_ticket":9021,"position_id":900000018,"entry_type":"IN","deal_type":"BUY","side":"L","layer_index":16,"role":"EXT","deal_price":1.12416,"order_price_open":null,"slippage_pips":null,"volume":0.00,"profit":0.00,"swap":0.00,"commission":0.00,"deal_time_broker":"2026-10-02 14:25:12","deal_time_broker_msc":1790951112000,"halted_at_receipt":false,"quarantined_at_receipt":false}
3,-1,1790951113511,ea_event,,{"type":"fill_log","seq":37,"ea_time_ms":63447109,"magic":22260201,"deal_ticket":800000035,"order_ticket":700000035,"position_id":900000014,"entry_type":"OUT_BY","deal_type":"SELL","side":null,"layer_index":null,"role":null,"deal_price":1.12416,"order_price_open":null,"slippage_pips":null,"volume":0.00,"profit":1.02,"swap":0.00,"commission":0.00,"deal_time_broker":"2026-10-02 14:25:12","deal_time_broker_msc":1790951112000,"halted_at_receipt":false,"quarantined_at_receipt":false}
3,-1,1790951113511,ea_event,,{"type":"fill_log","seq":38,"ea_time_ms":63447109,"magic":22260201,"deal_ticket":800000036,"order_ticket":700000035,"position_id":900000018,"entry_type":"OUT_BY","deal_type":"SELL","side":null,"layer_index":null,"role":null,"deal_price":1.12314,"order_price_open":null,"slippage_pips":null,"volume":0.00,"profit":0.00,"swap":0.00,"commission":0.00,"deal_time_broker":"2026-10-02 14:25:12","deal_time_broker_msc":1790951112000,"halted_at_receipt":false,"quarantined_at_receipt":false}
3,-1,1790951113511,scalp,SCALP_CLOSED,{"close_time":"2026-10-02T14:25:12Z","instrument":"EURUSD","direction":"LONG","entry_price":1.12314,"exit_price":1.12416,"layer_depth":16,"stack_depth":8,"gross_pnl":1.02,"instance_id":"GRIND_EURUSD_OPTB","ejected":false,"rolled":false,"broker_utc_offset_s":10800,"account_login":53077984}
3,-1,1790952890846,ea_event,,{"type":"fill_log","seq":39,"ea_time_ms":63447171,"magic":22260201,"deal_ticket":800000037,"order_ticket":9028,"position_id":900000019,"entry_type":"IN","deal_type":"BUY","side":"L","layer_index":16,"role":"ENT","deal_price":1.12308,"order_price_open":null,"slippage_pips":null,"volume":0.00,"profit":0.00,"swap":0.00,"commission":0.00,"deal_time_broker":"2026-10-02 14:54:49","deal_time_broker_msc":1790952889000,"halted_at_receipt":false,"quarantined_at_receipt":false}
3,-1,1790953563369,ea_event,,{"type":"fill_log","seq":40,"ea_time_ms":63447187,"magic":22260201,"deal_ticket":800000038,"order_ticket":9025,"position_id":900000020,"entry_type":"IN","deal_type":"SELL","side":"S","layer_index":0,"role":"EXT","deal_price":1.12263,"order_price_open":null,"slippage_pips":null,"volume":0.00,"profit":0.00,"swap":0.00,"commission":0.00,"deal_time_broker":"2026-10-02 15:06:02","deal_time_broker_msc":1790953562000,"halted_at_receipt":false,"quarantined_at_receipt":false}
3,-1,1790953564184,ea_event,,{"type":"fill_log","seq":41,"ea_time_ms":63447187,"magic":22260201,"deal_ticket":800000039,"order_ticket":700000039,"position_id":900000017,"entry_type":"OUT_BY","deal_type":"SELL","side":null,"layer_index":null,"role":null,"deal_price":1.12263,"order_price_open":null,"slippage_pips":null,"volume":0.00,"profit":1.01,"swap":0.00,"commission":0.00,"deal_time_broker":"2026-10-02 15:06:03","deal_time_broker_msc":1790953563000,"halted_at_receipt":false,"quarantined_at_receipt":false}
3,-1,1790953564184,ea_event,,{"type":"fill_log","seq":42,"ea_time_ms":63447187,"magic":22260201,"deal_ticket":800000040,"order_ticket":700000039,"position_id":900000020,"entry_type":"OUT_BY","deal_type":"SELL","side":null,"layer_index":null,"role":null,"deal_price":1.12364,"order_price_open":null,"slippage_pips":null,"volume":0.00,"profit":0.00,"swap":0.00,"commission":0.00,"deal_time_broker":"2026-10-02 15:06:03","deal_time_broker_msc":1790953563000,"halted_at_receipt":false,"quarantined_at_receipt":false}
3,-1,1790953564184,scalp,SCALP_CLOSED,{"close_time":"2026-10-02T15:06:03Z","instrument":"EURUSD","direction":"SHORT","entry_price":1.12364,"exit_price":1.12263,"layer_depth":0,"stack_depth":1,"gross_pnl":1.01,"instance_id":"GRIND_EURUSD_OPTB","ejected":false,"rolled":false,"broker_utc_offset_s":10800,"account_login":53077984}
3,-1,1790953880305,ea_event,ROLL_ACCEPTED,{"type":"ea_event","seq":43,"ea_time_ms":63447203,"magic":null,"level":"INFO","code":"ROLL_ACCEPTED","reason":null,"ticket":1979871645,"detail":{"ticket":1979871645,"side":"L","layer_index":12,"entry":1.12672,"level":1.12238,"target":1.12346,"accrued":0.00008,"clamped":false,"cost":0.00334,"cost_pips":33.4,"rolled":4,"was_ejected":false,"source":"auto","reroll":false,"from_level":0.00000}}
3,-1,1790954760508,ea_event,,{"type":"fill_log","seq":44,"ea_time_ms":63447234,"magic":22260201,"deal_ticket":800000041,"order_ticket":9030,"position_id":900000021,"entry_type":"IN","deal_type":"SELL","side":"S","layer_index":0,"role":"ENT","deal_price":1.12294,"order_price_open":null,"slippage_pips":null,"volume":0.00,"profit":0.00,"swap":0.00,"commission":0.00,"deal_time_broker":"2026-10-02 15:26:00","deal_time_broker_msc":1790954760000,"halted_at_receipt":false,"quarantined_at_receipt":false}
3,-1,1790955003466,ea_event,,{"type":"fill_log","seq":45,"ea_time_ms":63447250,"magic":22260201,"deal_ticket":800000042,"order_ticket":9031,"position_id":900000022,"entry_type":"IN","deal_type":"BUY","side":"L","layer_index":12,"role":"EXT","deal_price":1.12573,"order_price_open":null,"slippage_pips":null,"volume":0.00,"profit":0.00,"swap":0.00,"commission":0.00,"deal_time_broker":"2026-10-02 15:30:02","deal_time_broker_msc":1790955002000,"halted_at_receipt":false,"quarantined_at_receipt":false}
3,-1,1790955003466,ea_event,,{"type":"fill_log","seq":46,"ea_time_ms":63447250,"magic":22260201,"deal_ticket":800000043,"order_ticket":9033,"position_id":900000023,"entry_type":"IN","deal_type":"SELL","side":"S","layer_index":1,"role":"ENT","deal_price":1.12573,"order_price_open":null,"slippage_pips":null,"volume":0.00,"profit":0.00,"swap":0.00,"commission":0.00,"deal_time_broker":"2026-10-02 15:30:02","deal_time_broker_msc":1790955002000,"halted_at_receipt":false,"quarantined_at_receipt":false}
3,-1,1790955003869,ea_event,,{"type":"fill_log","seq":47,"ea_time_ms":63447250,"magic":22260201,"deal_ticket":800000044,"order_ticket":700000044,"position_id":1979871645,"entry_type":"OUT_BY","deal_type":"SELL","side":null,"layer_index":null,"role":null,"deal_price":1.12573,"order_price_open":null,"slippage_pips":null,"volume":0.00,"profit":-0.99,"swap":-0.08,"commission":0.00,"deal_time_broker":"2026-10-02 15:30:03","deal_time_broker_msc":1790955003000,"halted_at_receipt":false,"quarantined_at_receipt":false}
3,-1,1790955003869,ea_event,ROLL_FILLED,{"type":"ea_event","seq":48,"ea_time_ms":63447250,"magic":null,"level":"INFO","code":"ROLL_FILLED","reason":null,"ticket":1979871645,"detail":{"ticket":1979871645,"level":1.12238}}
3,-1,1790955003869,ea_event,,{"type":"fill_log","seq":49,"ea_time_ms":63447250,"magic":22260201,"deal_ticket":800000045,"order_ticket":700000044,"position_id":900000022,"entry_type":"OUT_BY","deal_type":"SELL","side":null,"layer_index":null,"role":null,"deal_price":1.12672,"order_price_open":null,"slippage_pips":null,"volume":0.00,"profit":0.00,"swap":0.00,"commission":0.00,"deal_time_broker":"2026-10-02 15:30:03","deal_time_broker_msc":1790955003000,"halted_at_receipt":false,"quarantined_at_receipt":false}
3,-1,1790955003869,scalp,SCALP_CLOSED,{"close_time":"2026-10-02T15:30:03Z","instrument":"EURUSD","direction":"LONG","entry_price":1.12672,"exit_price":1.12573,"layer_depth":12,"stack_depth":8,"gross_pnl":-1.07,"instance_id":"GRIND_EURUSD_OPTB","ejected":false,"rolled":true,"broker_utc_offset_s":10800,"account_login":53077984}
3,-1,1790955006672,ea_event,,{"type":"fill_log","seq":50,"ea_time_ms":63447250,"magic":22260201,"deal_ticket":800000046,"order_ticket":9036,"position_id":900000024,"entry_type":"IN","deal_type":"BUY","side":"L","layer_index":16,"role":"EXT","deal_price":1.12600,"order_price_open":null,"slippage_pips":null,"volume":0.00,"profit":0.00,"swap":0.00,"commission":0.00,"deal_time_broker":"2026-10-02 15:30:05","deal_time_broker_msc":1790955005000,"halted_at_receipt":false,"quarantined_at_receipt":false}
3,-1,1790955007074,ea_event,,{"type":"fill_log","seq":51,"ea_time_ms":63447250,"magic":22260201,"deal_ticket":800000047,"order_ticket":700000047,"position_id":900000019,"entry_type":"OUT_BY","deal_type":"SELL","side":null,"layer_index":null,"role":null,"deal_price":1.12600,"order_price_open":null,"slippage_pips":null,"volume":0.00,"profit":2.92,"swap":0.00,"commission":0.00,"deal_time_broker":"2026-10-02 15:30:06","deal_time_broker_msc":1790955006000,"halted_at_receipt":false,"quarantined_at_receipt":false}
3,-1,1790955007074,ea_event,,{"type":"fill_log","seq":52,"ea_time_ms":63447250,"magic":22260201,"deal_ticket":800000048,"order_ticket":700000047,"position_id":900000024,"entry_type":"OUT_BY","deal_type":"SELL","side":null,"layer_index":null,"role":null,"deal_price":1.12308,"order_price_open":null,"slippage_pips":null,"volume":0.00,"profit":0.00,"swap":0.00,"commission":0.00,"deal_time_broker":"2026-10-02 15:30:06","deal_time_broker_msc":1790955006000,"halted_at_receipt":false,"quarantined_at_receipt":false}
3,-1,1790955007074,scalp,SCALP_CLOSED,{"close_time":"2026-10-02T15:30:06Z","instrument":"EURUSD","direction":"LONG","entry_price":1.12308,"exit_price":1.12600,"layer_depth":16,"stack_depth":7,"gross_pnl":2.92,"instance_id":"GRIND_EURUSD_OPTB","ejected":false,"rolled":false,"broker_utc_offset_s":10800,"account_login":53077984}
3,-1,1790955011288,ea_event,,{"type":"fill_log","seq":53,"ea_time_ms":63447250,"magic":22260201,"deal_ticket":800000049,"order_ticket":9034,"position_id":900000025,"entry_type":"IN","deal_type":"SELL","side":"S","layer_index":1,"role":"EXT","deal_price":1.12469,"order_price_open":null,"slippage_pips":null,"volume":0.00,"profit":0.00,"swap":0.00,"commission":0.00,"deal_time_broker":"2026-10-02 15:30:10","deal_time_broker_msc":1790955010000,"halted_at_receipt":false,"quarantined_at_receipt":false}
3,-1,1790955011890,ea_event,,{"type":"fill_log","seq":54,"ea_time_ms":63447250,"magic":22260201,"deal_ticket":800000050,"order_ticket":700000050,"position_id":900000023,"entry_type":"OUT_BY","deal_type":"SELL","side":null,"layer_index":null,"role":null,"deal_price":1.12469,"order_price_open":null,"slippage_pips":null,"volume":0.00,"profit":1.04,"swap":0.00,"commission":0.00,"deal_time_broker":"2026-10-02 15:30:11","deal_time_broker_msc":1790955011000,"halted_at_receipt":false,"quarantined_at_receipt":false}
3,-1,1790955011890,ea_event,,{"type":"fill_log","seq":55,"ea_time_ms":63447250,"magic":22260201,"deal_ticket":800000051,"order_ticket":700000050,"position_id":900000025,"entry_type":"OUT_BY","deal_type":"SELL","side":null,"layer_index":null,"role":null,"deal_price":1.12573,"order_price_open":null,"slippage_pips":null,"volume":0.00,"profit":0.00,"swap":0.00,"commission":0.00,"deal_time_broker":"2026-10-02 15:30:11","deal_time_broker_msc":1790955011000,"halted_at_receipt":false,"quarantined_at_receipt":false}
3,-1,1790955011890,scalp,SCALP_CLOSED,{"close_time":"2026-10-02T15:30:11Z","instrument":"EURUSD","direction":"SHORT","entry_price":1.12573,"exit_price":1.12469,"layer_depth":1,"stack_depth":2,"gross_pnl":1.04,"instance_id":"GRIND_EURUSD_OPTB","ejected":false,"rolled":false,"broker_utc_offset_s":10800,"account_login":53077984}
3,-1,1790955014899,ea_event,,{"type":"fill_log","seq":56,"ea_time_ms":63447250,"magic":22260201,"deal_ticket":800000052,"order_ticket":9040,"position_id":900000026,"entry_type":"IN","deal_type":"SELL","side":"S","layer_index":1,"role":"ENT","deal_price":1.12455,"order_price_open":null,"slippage_pips":null,"volume":0.00,"profit":0.00,"swap":0.00,"commission":0.00,"deal_time_broker":"2026-10-02 15:30:14","deal_time_broker_msc":1790955014000,"halted_at_receipt":false,"quarantined_at_receipt":false}
3,-1,1790955075904,ea_event,,{"type":"fill_log","seq":57,"ea_time_ms":63447250,"magic":22260201,"deal_ticket":800000053,"order_ticket":9042,"position_id":900000027,"entry_type":"IN","deal_type":"SELL","side":"S","layer_index":2,"role":"ENT","deal_price":1.12532,"order_price_open":null,"slippage_pips":null,"volume":0.00,"profit":0.00,"swap":0.00,"commission":0.00,"deal_time_broker":"2026-10-02 15:31:15","deal_time_broker_msc":1790955075000,"halted_at_receipt":false,"quarantined_at_receipt":false}
3,-1,1790955220666,ea_event,,{"type":"fill_log","seq":58,"ea_time_ms":63447265,"magic":22260201,"deal_ticket":800000054,"order_ticket":9043,"position_id":900000028,"entry_type":"IN","deal_type":"SELL","side":"S","layer_index":2,"role":"EXT","deal_price":1.12429,"order_price_open":null,"slippage_pips":null,"volume":0.00,"profit":0.00,"swap":0.00,"commission":0.00,"deal_time_broker":"2026-10-02 15:33:40","deal_time_broker_msc":1790955220000,"halted_at_receipt":false,"quarantined_at_receipt":false}
3,-1,1790955221065,ea_event,,{"type":"fill_log","seq":59,"ea_time_ms":63447265,"magic":22260201,"deal_ticket":800000055,"order_ticket":700000055,"position_id":900000027,"entry_type":"OUT_BY","deal_type":"SELL","side":null,"layer_index":null,"role":null,"deal_price":1.12429,"order_price_open":null,"slippage_pips":null,"volume":0.00,"profit":1.03,"swap":0.00,"commission":0.00,"deal_time_broker":"2026-10-02 15:33:40","deal_time_broker_msc":1790955220000,"halted_at_receipt":false,"quarantined_at_receipt":false}
3,-1,1790955221065,ea_event,,{"type":"fill_log","seq":60,"ea_time_ms":63447265,"magic":22260201,"deal_ticket":800000056,"order_ticket":700000055,"position_id":900000028,"entry_type":"OUT_BY","deal_type":"SELL","side":null,"layer_index":null,"role":null,"deal_price":1.12532,"order_price_open":null,"slippage_pips":null,"volume":0.00,"profit":0.00,"swap":0.00,"commission":0.00,"deal_time_broker":"2026-10-02 15:33:40","deal_time_broker_msc":1790955220000,"halted_at_receipt":false,"quarantined_at_receipt":false}
3,-1,1790955221065,scalp,SCALP_CLOSED,{"close_time":"2026-10-02T15:33:40Z","instrument":"EURUSD","direction":"SHORT","entry_price":1.12532,"exit_price":1.12429,"layer_depth":2,"stack_depth":3,"gross_pnl":1.03,"instance_id":"GRIND_EURUSD_OPTB","ejected":false,"rolled":false,"broker_utc_offset_s":10800,"account_login":53077984}
3,-1,1790956236726,ea_event,,{"type":"fill_log","seq":61,"ea_time_ms":63447390,"magic":22260201,"deal_ticket":800000057,"order_ticket":9046,"position_id":900000029,"entry_type":"IN","deal_type":"SELL","side":"S","layer_index":2,"role":"ENT","deal_price":1.12528,"order_price_open":null,"slippage_pips":null,"volume":0.00,"profit":0.00,"swap":0.00,"commission":0.00,"deal_time_broker":"2026-10-02 15:50:36","deal_time_broker_msc":1790956236000,"halted_at_receipt":false,"quarantined_at_receipt":false}
3,-1,1790956509017,ea_event,,{"type":"fill_log","seq":62,"ea_time_ms":63447406,"magic":22260201,"deal_ticket":800000058,"order_ticket":9038,"position_id":900000030,"entry_type":"IN","deal_type":"BUY","side":"L","layer_index":15,"role":"EXT","deal_price":1.12588,"order_price_open":null,"slippage_pips":null,"volume":0.00,"profit":0.00,"swap":0.00,"commission":0.00,"deal_time_broker":"2026-10-02 15:55:08","deal_time_broker_msc":1790956508000,"halted_at_receipt":false,"quarantined_at_receipt":false}
3,-1,1790956510021,ea_event,,{"type":"fill_log","seq":63,"ea_time_ms":63447406,"magic":22260201,"deal_ticket":800000059,"order_ticket":700000059,"position_id":900000012,"entry_type":"OUT_BY","deal_type":"SELL","side":null,"layer_index":null,"role":null,"deal_price":1.12588,"order_price_open":null,"slippage_pips":null,"volume":0.00,"profit":2.02,"swap":0.00,"commission":0.00,"deal_time_broker":"2026-10-02 15:55:09","deal_time_broker_msc":1790956509000,"halted_at_receipt":false,"quarantined_at_receipt":false}
3,-1,1790956510021,ea_event,,{"type":"fill_log","seq":64,"ea_time_ms":63447406,"magic":22260201,"deal_ticket":800000060,"order_ticket":700000059,"position_id":900000030,"entry_type":"OUT_BY","deal_type":"SELL","side":null,"layer_index":null,"role":null,"deal_price":1.12386,"order_price_open":null,"slippage_pips":null,"volume":0.00,"profit":0.00,"swap":0.00,"commission":0.00,"deal_time_broker":"2026-10-02 15:55:09","deal_time_broker_msc":1790956509000,"halted_at_receipt":false,"quarantined_at_receipt":false}
3,-1,1790956510021,scalp,SCALP_CLOSED,{"close_time":"2026-10-02T15:55:09Z","instrument":"EURUSD","direction":"LONG","entry_price":1.12386,"exit_price":1.12588,"layer_depth":15,"stack_depth":6,"gross_pnl":2.02,"instance_id":"GRIND_EURUSD_OPTB","ejected":false,"rolled":false,"broker_utc_offset_s":10800,"account_login":53077984}
3,-1,1790956517856,ea_event,,{"type":"fill_log","seq":65,"ea_time_ms":63447406,"magic":22260201,"deal_ticket":800000061,"order_ticket":9049,"position_id":900000031,"entry_type":"IN","deal_type":"BUY","side":"L","layer_index":14,"role":"EXT","deal_price":1.12600,"order_price_open":null,"slippage_pips":null,"volume":0.00,"profit":0.00,"swap":0.00,"commission":0.00,"deal_time_broker":"2026-10-02 15:55:17","deal_time_broker_msc":1790956517000,"halted_at_receipt":false,"quarantined_at_receipt":false}
3,-1,1790956518058,ea_event,,{"type":"fill_log","seq":66,"ea_time_ms":63447406,"magic":22260201,"deal_ticket":800000062,"order_ticket":9048,"position_id":900000032,"entry_type":"IN","deal_type":"SELL","side":"S","layer_index":3,"role":"ENT","deal_price":1.12595,"order_price_open":null,"slippage_pips":null,"volume":0.00,"profit":0.00,"swap":0.00,"commission":0.00,"deal_time_broker":"2026-10-02 15:55:17","deal_time_broker_msc":1790956517000,"halted_at_receipt":false,"quarantined_at_receipt":false}
3,-1,1790956518863,ea_event,,{"type":"fill_log","seq":67,"ea_time_ms":63447406,"magic":22260201,"deal_ticket":800000063,"order_ticket":700000063,"position_id":900000010,"entry_type":"OUT_BY","deal_type":"SELL","side":null,"layer_index":null,"role":null,"deal_price":1.12600,"order_price_open":null,"slippage_pips":null,"volume":0.00,"profit":1.42,"swap":0.00,"commission":0.00,"deal_time_broker":"2026-10-02 15:55:18","deal_time_broker_msc":1790956518000,"halted_at_receipt":false,"quarantined_at_receipt":false}
3,-1,1790956518863,ea_event,,{"type":"fill_log","seq":68,"ea_time_ms":63447406,"magic":22260201,"deal_ticket":800000064,"order_ticket":700000063,"position_id":900000031,"entry_type":"OUT_BY","deal_type":"SELL","side":null,"layer_index":null,"role":null,"deal_price":1.12458,"order_price_open":null,"slippage_pips":null,"volume":0.00,"profit":0.00,"swap":0.00,"commission":0.00,"deal_time_broker":"2026-10-02 15:55:18","deal_time_broker_msc":1790956518000,"halted_at_receipt":false,"quarantined_at_receipt":false}
3,-1,1790956518863,scalp,SCALP_CLOSED,{"close_time":"2026-10-02T15:55:18Z","instrument":"EURUSD","direction":"LONG","entry_price":1.12458,"exit_price":1.12600,"layer_depth":14,"stack_depth":5,"gross_pnl":1.42,"instance_id":"GRIND_EURUSD_OPTB","ejected":false,"rolled":false,"broker_utc_offset_s":10800,"account_login":53077984}
3,-1,1790956742328,ea_event,,{"type":"fill_log","seq":69,"ea_time_ms":63447421,"magic":22260201,"deal_ticket":800000065,"order_ticket":9053,"position_id":900000033,"entry_type":"IN","deal_type":"BUY","side":"L","layer_index":13,"role":"EXT","deal_price":1.12631,"order_price_open":null,"slippage_pips":null,"volume":0.00,"profit":0.00,"swap":0.00,"commission":0.00,"deal_time_broker":"2026-10-02 15:59:01","deal_time_broker_msc":1790956741000,"halted_at_receipt":false,"quarantined_at_receipt":false}
3,-1,1790956743732,ea_event,,{"type":"fill_log","seq":70,"ea_time_ms":63447421,"magic":22260201,"deal_ticket":800000066,"order_ticket":700000066,"position_id":900000008,"entry_type":"OUT_BY","deal_type":"SELL","side":null,"layer_index":null,"role":null,"deal_price":1.12631,"order_price_open":null,"slippage_pips":null,"volume":0.00,"profit":1.02,"swap":0.00,"commission":0.00,"deal_time_broker":"2026-10-02 15:59:02","deal_time_broker_msc":1790956742000,"halted_at_receipt":false,"quarantined_at_receipt":false}
3,-1,1790956743732,ea_event,,{"type":"fill_log","seq":71,"ea_time_ms":63447421,"magic":22260201,"deal_ticket":800000067,"order_ticket":700000066,"position_id":900000033,"entry_type":"OUT_BY","deal_type":"SELL","side":null,"layer_index":null,"role":null,"deal_price":1.12529,"order_price_open":null,"slippage_pips":null,"volume":0.00,"profit":0.00,"swap":0.00,"commission":0.00,"deal_time_broker":"2026-10-02 15:59:02","deal_time_broker_msc":1790956742000,"halted_at_receipt":false,"quarantined_at_receipt":false}
3,-1,1790956743732,scalp,SCALP_CLOSED,{"close_time":"2026-10-02T15:59:02Z","instrument":"EURUSD","direction":"LONG","entry_price":1.12529,"exit_price":1.12631,"layer_depth":13,"stack_depth":4,"gross_pnl":1.02,"instance_id":"GRIND_EURUSD_OPTB","ejected":false,"rolled":false,"broker_utc_offset_s":10800,"account_login":53077984}
3,-1,1790957243473,ea_event,,{"type":"fill_log","seq":72,"ea_time_ms":63447453,"magic":22260201,"deal_ticket":800000068,"order_ticket":9056,"position_id":900000034,"entry_type":"IN","deal_type":"BUY","side":"L","layer_index":8,"role":"ENT","deal_price":1.12532,"order_price_open":null,"slippage_pips":null,"volume":0.00,"profit":0.00,"swap":0.00,"commission":0.00,"deal_time_broker":"2026-10-02 16:07:23","deal_time_broker_msc":1790957243000,"halted_at_receipt":false,"quarantined_at_receipt":false}
3,-1,1790957411650,ea_event,,{"type":"fill_log","seq":73,"ea_time_ms":63447468,"magic":22260201,"deal_ticket":800000069,"order_ticket":9051,"position_id":900000035,"entry_type":"IN","deal_type":"SELL","side":"S","layer_index":3,"role":"EXT","deal_price":1.12495,"order_price_open":null,"slippage_pips":null,"volume":0.00,"profit":0.00,"swap":0.00,"commission":0.00,"deal_time_broker":"2026-10-02 16:10:11","deal_time_broker_msc":1790957411000,"halted_at_receipt":false,"quarantined_at_receipt":false}
3,-1,1790957412051,ea_event,,{"type":"fill_log","seq":74,"ea_time_ms":63447468,"magic":22260201,"deal_ticket":800000070,"order_ticket":700000070,"position_id":900000032,"entry_type":"OUT_BY","deal_type":"SELL","side":null,"layer_index":null,"role":null,"deal_price":1.12495,"order_price_open":null,"slippage_pips":null,"volume":0.00,"profit":1.00,"swap":0.00,"commission":0.00,"deal_time_broker":"2026-10-02 16:10:11","deal_time_broker_msc":1790957411000,"halted_at_receipt":false,"quarantined_at_receipt":false}
3,-1,1790957412051,ea_event,,{"type":"fill_log","seq":75,"ea_time_ms":63447468,"magic":22260201,"deal_ticket":800000071,"order_ticket":700000070,"position_id":900000035,"entry_type":"OUT_BY","deal_type":"SELL","side":null,"layer_index":null,"role":null,"deal_price":1.12595,"order_price_open":null,"slippage_pips":null,"volume":0.00,"profit":0.00,"swap":0.00,"commission":0.00,"deal_time_broker":"2026-10-02 16:10:11","deal_time_broker_msc":1790957411000,"halted_at_receipt":false,"quarantined_at_receipt":false}
3,-1,1790957412051,scalp,SCALP_CLOSED,{"close_time":"2026-10-02T16:10:11Z","instrument":"EURUSD","direction":"SHORT","entry_price":1.12595,"exit_price":1.12495,"layer_depth":3,"stack_depth":4,"gross_pnl":1.00,"instance_id":"GRIND_EURUSD_OPTB","ejected":false,"rolled":false,"broker_utc_offset_s":10800,"account_login":53077984}
3,-1,1790957712610,ea_event,,{"type":"fill_log","seq":76,"ea_time_ms":63447484,"magic":22260201,"deal_ticket":800000072,"order_ticket":9058,"position_id":900000036,"entry_type":"IN","deal_type":"BUY","side":"L","layer_index":9,"role":"ENT","deal_price":1.12458,"order_price_open":null,"slippage_pips":null,"volume":0.00,"profit":0.00,"swap":0.00,"commission":0.00,"deal_time_broker":"2026-10-02 16:15:11","deal_time_broker_msc":1790957711000,"halted_at_receipt":false,"quarantined_at_receipt":false}
3,-1,1790958139281,ea_event,,{"type":"fill_log","seq":77,"ea_time_ms":63447500,"magic":22260201,"deal_ticket":800000073,"order_ticket":9059,"position_id":900000037,"entry_type":"IN","deal_type":"SELL","side":"S","layer_index":2,"role":"EXT","deal_price":1.12426,"order_price_open":null,"slippage_pips":null,"volume":0.00,"profit":0.00,"swap":0.00,"commission":0.00,"deal_time_broker":"2026-10-02 16:22:18","deal_time_broker_msc":1790958138000,"halted_at_receipt":false,"quarantined_at_receipt":false}
3,-1,1790958139881,ea_event,,{"type":"fill_log","seq":78,"ea_time_ms":63447500,"magic":22260201,"deal_ticket":800000074,"order_ticket":700000074,"position_id":900000029,"entry_type":"OUT_BY","deal_type":"SELL","side":null,"layer_index":null,"role":null,"deal_price":1.12426,"order_price_open":null,"slippage_pips":null,"volume":0.00,"profit":1.02,"swap":0.00,"commission":0.00,"deal_time_broker":"2026-10-02 16:22:19","deal_time_broker_msc":1790958139000,"halted_at_receipt":false,"quarantined_at_receipt":false}
3,-1,1790958139881,ea_event,,{"type":"fill_log","seq":79,"ea_time_ms":63447500,"magic":22260201,"deal_ticket":800000075,"order_ticket":700000074,"position_id":900000037,"entry_type":"OUT_BY","deal_type":"SELL","side":null,"layer_index":null,"role":null,"deal_price":1.12528,"order_price_open":null,"slippage_pips":null,"volume":0.00,"profit":0.00,"swap":0.00,"commission":0.00,"deal_time_broker":"2026-10-02 16:22:19","deal_time_broker_msc":1790958139000,"halted_at_receipt":false,"quarantined_at_receipt":false}
3,-1,1790958139881,scalp,SCALP_CLOSED,{"close_time":"2026-10-02T16:22:19Z","instrument":"EURUSD","direction":"SHORT","entry_price":1.12528,"exit_price":1.12426,"layer_depth":2,"stack_depth":3,"gross_pnl":1.02,"instance_id":"GRIND_EURUSD_OPTB","ejected":false,"rolled":false,"broker_utc_offset_s":10800,"account_login":53077984}
3,-1,1790958561535,ea_event,,{"type":"fill_log","seq":80,"ea_time_ms":63447515,"magic":22260201,"deal_ticket":800000076,"order_ticket":9064,"position_id":900000038,"entry_type":"IN","deal_type":"SELL","side":"S","layer_index":2,"role":"ENT","deal_price":1.12528,"order_price_open":null,"slippage_pips":null,"volume":0.00,"profit":0.00,"swap":0.00,"commission":0.00,"deal_time_broker":"2026-10-02 16:29:20","deal_time_broker_msc":1790958560000,"halted_at_receipt":false,"quarantined_at_receipt":false}
3,-1,1790959499184,ea_event,,{"type":"fill_log","seq":81,"ea_time_ms":63447578,"magic":22260201,"deal_ticket":800000077,"order_ticket":9061,"position_id":900000039,"entry_type":"IN","deal_type":"BUY","side":"L","layer_index":9,"role":"EXT","deal_price":1.12561,"order_price_open":null,"slippage_pips":null,"volume":0.00,"profit":0.00,"swap":0.00,"commission":0.00,"deal_time_broker":"2026-10-02 16:44:59","deal_time_broker_msc":1790959499000,"halted_at_receipt":false,"quarantined_at_receipt":false}
3,-1,1790959499579,ea_event,,{"type":"fill_log","seq":82,"ea_time_ms":63447578,"magic":22260201,"deal_ticket":800000078,"order_ticket":700000078,"position_id":900000036,"entry_type":"OUT_BY","deal_type":"SELL","side":null,"layer_index":null,"role":null,"deal_price":1.12561,"order_price_open":null,"slippage_pips":null,"volume":0.00,"profit":1.03,"swap":0.00,"commission":0.00,"deal_time_broker":"2026-10-02 16:44:59","deal_time_broker_msc":1790959499000,"halted_at_receipt":false,"quarantined_at_receipt":false}
3,-1,1790959499579,ea_event,,{"type":"fill_log","seq":83,"ea_time_ms":63447578,"magic":22260201,"deal_ticket":800000079,"order_ticket":700000078,"position_id":900000039,"entry_type":"OUT_BY","deal_type":"SELL","side":null,"layer_index":null,"role":null,"deal_price":1.12458,"order_price_open":null,"slippage_pips":null,"volume":0.00,"profit":0.00,"swap":0.00,"commission":0.00,"deal_time_broker":"2026-10-02 16:44:59","deal_time_broker_msc":1790959499000,"halted_at_receipt":false,"quarantined_at_receipt":false}
3,-1,1790959499579,scalp,SCALP_CLOSED,{"close_time":"2026-10-02T16:44:59Z","instrument":"EURUSD","direction":"LONG","entry_price":1.12458,"exit_price":1.12561,"layer_depth":9,"stack_depth":5,"gross_pnl":1.03,"instance_id":"GRIND_EURUSD_OPTB","ejected":false,"rolled":false,"broker_utc_offset_s":10800,"account_login":53077984}
3,-1,1790959636550,ea_event,,{"type":"fill_log","seq":84,"ea_time_ms":63447578,"magic":22260201,"deal_ticket":800000080,"order_ticket":9066,"position_id":900000040,"entry_type":"IN","deal_type":"SELL","side":"S","layer_index":3,"role":"ENT","deal_price":1.12599,"order_price_open":null,"slippage_pips":null,"volume":0.00,"profit":0.00,"swap":0.00,"commission":0.00,"deal_time_broker":"2026-10-02 16:47:16","deal_time_broker_msc":1790959636000,"halted_at_receipt":false,"quarantined_at_receipt":false}
3,-1,1790959764731,ea_event,,{"type":"fill_log","seq":85,"ea_time_ms":63447593,"magic":22260201,"deal_ticket":800000081,"order_ticket":9067,"position_id":900000041,"entry_type":"IN","deal_type":"BUY","side":"L","layer_index":8,"role":"EXT","deal_price":1.12634,"order_price_open":null,"slippage_pips":null,"volume":0.00,"profit":0.00,"swap":0.00,"commission":0.00,"deal_time_broker":"2026-10-02 16:49:22","deal_time_broker_msc":1790959762000,"halted_at_receipt":false,"quarantined_at_receipt":false}
3,-1,1790959765538,ea_event,,{"type":"fill_log","seq":86,"ea_time_ms":63447593,"magic":22260201,"deal_ticket":800000082,"order_ticket":700000082,"position_id":900000034,"entry_type":"OUT_BY","deal_type":"SELL","side":null,"layer_index":null,"role":null,"deal_price":1.12634,"order_price_open":null,"slippage_pips":null,"volume":0.00,"profit":1.02,"swap":0.00,"commission":0.00,"deal_time_broker":"2026-10-02 16:49:25","deal_time_broker_msc":1790959765000,"halted_at_receipt":false,"quarantined_at_receipt":false}
3,-1,1790959765538,ea_event,,{"type":"fill_log","seq":87,"ea_time_ms":63447593,"magic":22260201,"deal_ticket":800000083,"order_ticket":700000082,"position_id":900000041,"entry_type":"OUT_BY","deal_type":"SELL","side":null,"layer_index":null,"role":null,"deal_price":1.12532,"order_price_open":null,"slippage_pips":null,"volume":0.00,"profit":0.00,"swap":0.00,"commission":0.00,"deal_time_broker":"2026-10-02 16:49:25","deal_time_broker_msc":1790959765000,"halted_at_receipt":false,"quarantined_at_receipt":false}
3,-1,1790959765538,scalp,SCALP_CLOSED,{"close_time":"2026-10-02T16:49:25Z","instrument":"EURUSD","direction":"LONG","entry_price":1.12532,"exit_price":1.12634,"layer_depth":8,"stack_depth":4,"gross_pnl":1.02,"instance_id":"GRIND_EURUSD_OPTB","ejected":false,"rolled":false,"broker_utc_offset_s":10800,"account_login":53077984}
3,-1,1790959838676,ea_event,,{"type":"fill_log","seq":88,"ea_time_ms":63447593,"magic":22260201,"deal_ticket":800000084,"order_ticket":9070,"position_id":900000042,"entry_type":"IN","deal_type":"SELL","side":"S","layer_index":4,"role":"ENT","deal_price":1.12674,"order_price_open":null,"slippage_pips":null,"volume":0.00,"profit":0.00,"swap":0.00,"commission":0.00,"deal_time_broker":"2026-10-02 16:50:38","deal_time_broker_msc":1790959838000,"halted_at_receipt":false,"quarantined_at_receipt":false}
3,-1,1790960263587,ea_event,,{"type":"fill_log","seq":89,"ea_time_ms":63447609,"magic":22260201,"deal_ticket":800000085,"order_ticket":9071,"position_id":900000043,"entry_type":"IN","deal_type":"BUY","side":"L","layer_index":7,"role":"EXT","deal_price":1.12717,"order_price_open":null,"slippage_pips":null,"volume":0.00,"profit":0.00,"swap":0.00,"commission":0.00,"deal_time_broker":"2026-10-02 16:57:43","deal_time_broker_msc":1790960263000,"halted_at_receipt":false,"quarantined_at_receipt":false}
3,-1,1790960263988,ea_event,,{"type":"fill_log","seq":90,"ea_time_ms":63447609,"magic":22260201,"deal_ticket":800000086,"order_ticket":700000086,"position_id":1977728160,"entry_type":"OUT_BY","deal_type":"SELL","side":null,"layer_index":null,"role":null,"deal_price":1.12717,"order_price_open":null,"slippage_pips":null,"volume":0.00,"profit":-4.57,"swap":-0.08,"commission":0.00,"deal_time_broker":"2026-10-02 16:57:43","deal_time_broker_msc":1790960263000,"halted_at_receipt":false,"quarantined_at_receipt":false}
3,-1,1790960263988,ea_event,ROLL_FILLED,{"type":"ea_event","seq":91,"ea_time_ms":63447609,"magic":null,"level":"INFO","code":"ROLL_FILLED","reason":null,"ticket":1977728160,"detail":{"ticket":1977728160,"level":1.12602}}
3,-1,1790960263988,ea_event,,{"type":"fill_log","seq":92,"ea_time_ms":63447609,"magic":22260201,"deal_ticket":800000087,"order_ticket":700000086,"position_id":900000043,"entry_type":"OUT_BY","deal_type":"SELL","side":null,"layer_index":null,"role":null,"deal_price":1.13174,"order_price_open":null,"slippage_pips":null,"volume":0.00,"profit":0.00,"swap":0.00,"commission":0.00,"deal_time_broker":"2026-10-02 16:57:43","deal_time_broker_msc":1790960263000,"halted_at_receipt":false,"quarantined_at_receipt":false}
3,-1,1790960263988,scalp,SCALP_CLOSED,{"close_time":"2026-10-02T16:57:43Z","instrument":"EURUSD","direction":"LONG","entry_price":1.13174,"exit_price":1.12717,"layer_depth":7,"stack_depth":3,"gross_pnl":-4.65,"instance_id":"GRIND_EURUSD_OPTB","ejected":false,"rolled":true,"broker_utc_offset_s":10800,"account_login":53077984}
3,-1,1790960265391,ea_event,,{"type":"fill_log","seq":93,"ea_time_ms":63447609,"magic":22260201,"deal_ticket":800000088,"order_ticket":9076,"position_id":900000044,"entry_type":"IN","deal_type":"BUY","side":"L","layer_index":2,"role":"ENT","deal_price":1.12703,"order_price_open":null,"slippage_pips":null,"volume":0.00,"profit":0.00,"swap":0.00,"commission":0.00,"deal_time_broker":"2026-10-02 16:57:45","deal_time_broker_msc":1790960265000,"halted_at_receipt":false,"quarantined_at_receipt":false}
3,-1,1790960283642,ea_event,,{"type":"fill_log","seq":94,"ea_time_ms":63447625,"magic":22260201,"deal_ticket":800000089,"order_ticket":9074,"position_id":900000045,"entry_type":"IN","deal_type":"SELL","side":"S","layer_index":5,"role":"ENT","deal_price":1.12743,"order_price_open":null,"slippage_pips":null,"volume":0.00,"profit":0.00,"swap":0.00,"commission":0.00,"deal_time_broker":"2026-10-02 16:58:03","deal_time_broker_msc":1790960283000,"halted_at_receipt":false,"quarantined_at_receipt":false}
3,-1,1790960693384,ea_event,,{"type":"fill_log","seq":95,"ea_time_ms":63447640,"magic":22260201,"deal_ticket":800000090,"order_ticket":9077,"position_id":900000046,"entry_type":"IN","deal_type":"BUY","side":"L","layer_index":2,"role":"EXT","deal_price":1.12807,"order_price_open":null,"slippage_pips":null,"volume":0.00,"profit":0.00,"swap":0.00,"commission":0.00,"deal_time_broker":"2026-10-02 17:04:52","deal_time_broker_msc":1790960692000,"halted_at_receipt":false,"quarantined_at_receipt":false}
3,-1,1790960694388,ea_event,,{"type":"fill_log","seq":96,"ea_time_ms":63447640,"magic":22260201,"deal_ticket":800000091,"order_ticket":700000091,"position_id":900000044,"entry_type":"OUT_BY","deal_type":"SELL","side":null,"layer_index":null,"role":null,"deal_price":1.12807,"order_price_open":null,"slippage_pips":null,"volume":0.00,"profit":1.04,"swap":0.00,"commission":0.00,"deal_time_broker":"2026-10-02 17:04:53","deal_time_broker_msc":1790960693000,"halted_at_receipt":false,"quarantined_at_receipt":false}
3,-1,1790960694388,ea_event,,{"type":"fill_log","seq":97,"ea_time_ms":63447640,"magic":22260201,"deal_ticket":800000092,"order_ticket":700000091,"position_id":900000046,"entry_type":"OUT_BY","deal_type":"SELL","side":null,"layer_index":null,"role":null,"deal_price":1.12703,"order_price_open":null,"slippage_pips":null,"volume":0.00,"profit":0.00,"swap":0.00,"commission":0.00,"deal_time_broker":"2026-10-02 17:04:53","deal_time_broker_msc":1790960693000,"halted_at_receipt":false,"quarantined_at_receipt":false}
3,-1,1790960694388,scalp,SCALP_CLOSED,{"close_time":"2026-10-02T17:04:53Z","instrument":"EURUSD","direction":"LONG","entry_price":1.12703,"exit_price":1.12807,"layer_depth":2,"stack_depth":3,"gross_pnl":1.04,"instance_id":"GRIND_EURUSD_OPTB","ejected":false,"rolled":false,"broker_utc_offset_s":10800,"account_login":53077984}
3,-1,1790960696998,ea_event,,{"type":"fill_log","seq":98,"ea_time_ms":63447640,"magic":22260201,"deal_ticket":800000093,"order_ticket":9082,"position_id":900000047,"entry_type":"IN","deal_type":"BUY","side":"L","layer_index":2,"role":"ENT","deal_price":1.12804,"order_price_open":null,"slippage_pips":null,"volume":0.00,"profit":0.00,"swap":0.00,"commission":0.00,"deal_time_broker":"2026-10-02 17:04:56","deal_time_broker_msc":1790960696000,"halted_at_receipt":false,"quarantined_at_receipt":false}
3,-1,1790960701424,ea_event,,{"type":"fill_log","seq":99,"ea_time_ms":63447640,"magic":22260201,"deal_ticket":800000094,"order_ticket":9080,"position_id":900000048,"entry_type":"IN","deal_type":"SELL","side":"S","layer_index":6,"role":"ENT","deal_price":1.12822,"order_price_open":null,"slippage_pips":null,"volume":0.00,"profit":0.00,"swap":0.00,"commission":0.00,"deal_time_broker":"2026-10-02 17:05:01","deal_time_broker_msc":1790960701000,"halted_at_receipt":false,"quarantined_at_receipt":false}
4,-1,1790963705735,ea_event,,{"type":"fill_log","seq":0,"ea_time_ms":63448125,"magic":22260201,"deal_ticket":800000001,"order_ticket":1983413278,"position_id":900000001,"entry_type":"IN","deal_type":"SELL","side":"S","layer_index":6,"role":"EXT","deal_price":1.12718,"order_price_open":null,"slippage_pips":null,"volume":0.00,"profit":0.00,"swap":0.00,"commission":0.00,"deal_time_broker":"2026-10-02 17:55:05","deal_time_broker_msc":1790963705000,"halted_at_receipt":false,"quarantined_at_receipt":false}
4,-1,1790963706140,ea_event,,{"type":"fill_log","seq":1,"ea_time_ms":63448125,"magic":22260201,"deal_ticket":800000002,"order_ticket":700000002,"position_id":1983368337,"entry_type":"OUT_BY","deal_type":"SELL","side":null,"layer_index":null,"role":null,"deal_price":1.12718,"order_price_open":null,"slippage_pips":null,"volume":0.00,"profit":1.04,"swap":0.00,"commission":0.00,"deal_time_broker":"2026-10-02 17:55:06","deal_time_broker_msc":1790963706000,"halted_at_receipt":false,"quarantined_at_receipt":false}
4,-1,1790963706140,ea_event,,{"type":"fill_log","seq":2,"ea_time_ms":63448125,"magic":22260201,"deal_ticket":800000003,"order_ticket":700000002,"position_id":900000001,"entry_type":"OUT_BY","deal_type":"SELL","side":null,"layer_index":null,"role":null,"deal_price":1.12822,"order_price_open":null,"slippage_pips":null,"volume":0.00,"profit":0.00,"swap":0.00,"commission":0.00,"deal_time_broker":"2026-10-02 17:55:06","deal_time_broker_msc":1790963706000,"halted_at_receipt":false,"quarantined_at_receipt":false}
4,-1,1790963706140,scalp,SCALP_CLOSED,{"close_time":"2026-10-02T17:55:06Z","instrument":"EURUSD","direction":"SHORT","entry_price":1.12822,"exit_price":1.12718,"layer_depth":6,"stack_depth":7,"gross_pnl":1.04,"instance_id":"GRIND_EURUSD_OPTB","ejected":false,"rolled":false,"broker_utc_offset_s":10800,"account_login":53077984}
4,-1,1790964259787,ea_event,,{"type":"fill_log","seq":3,"ea_time_ms":63448156,"magic":22260201,"deal_ticket":800000004,"order_ticket":1983449572,"position_id":900000002,"entry_type":"IN","deal_type":"BUY","side":"L","layer_index":4,"role":"ENT","deal_price":1.12702,"order_price_open":null,"slippage_pips":null,"volume":0.00,"profit":0.00,"swap":0.00,"commission":0.00,"deal_time_broker":"2026-10-02 18:04:18","deal_time_broker_msc":1790964258000,"halted_at_receipt":false,"quarantined_at_receipt":false}
4,-1,1790964657556,ea_event,,{"type":"fill_log","seq":4,"ea_time_ms":63448171,"magic":22260201,"deal_ticket":800000005,"order_ticket":9000,"position_id":900000003,"entry_type":"IN","deal_type":"SELL","side":"S","layer_index":5,"role":"EXT","deal_price":1.12651,"order_price_open":null,"slippage_pips":null,"volume":0.00,"profit":0.00,"swap":0.00,"commission":0.00,"deal_time_broker":"2026-10-02 18:10:55","deal_time_broker_msc":1790964655000,"halted_at_receipt":false,"quarantined_at_receipt":false}
4,-1,1790964659564,ea_event,,{"type":"fill_log","seq":5,"ea_time_ms":63448171,"magic":22260201,"deal_ticket":800000006,"order_ticket":700000006,"position_id":1983316664,"entry_type":"OUT_BY","deal_type":"SELL","side":null,"layer_index":null,"role":null,"deal_price":1.12651,"order_price_open":null,"slippage_pips":null,"volume":0.00,"profit":1.00,"swap":0.00,"commission":0.00,"deal_time_broker":"2026-10-02 18:10:57","deal_time_broker_msc":1790964657000,"halted_at_receipt":false,"quarantined_at_receipt":false}
4,-1,1790964659564,ea_event,,{"type":"fill_log","seq":6,"ea_time_ms":63448171,"magic":22260201,"deal_ticket":800000007,"order_ticket":700000006,"position_id":900000003,"entry_type":"OUT_BY","deal_type":"SELL","side":null,"layer_index":null,"role":null,"deal_price":1.12751,"order_price_open":null,"slippage_pips":null,"volume":0.00,"profit":0.00,"swap":0.00,"commission":0.00,"deal_time_broker":"2026-10-02 18:10:57","deal_time_broker_msc":1790964657000,"halted_at_receipt":false,"quarantined_at_receipt":false}
4,-1,1790964659564,scalp,SCALP_CLOSED,{"close_time":"2026-10-02T18:10:57Z","instrument":"EURUSD","direction":"SHORT","entry_price":1.12751,"exit_price":1.12651,"layer_depth":5,"stack_depth":6,"gross_pnl":1.00,"instance_id":"GRIND_EURUSD_OPTB","ejected":false,"rolled":false,"broker_utc_offset_s":10800,"account_login":53077984}
4,-1,1790965037170,ea_event,,{"type":"fill_log","seq":7,"ea_time_ms":63448187,"magic":22260201,"deal_ticket":800000008,"order_ticket":9003,"position_id":900000004,"entry_type":"IN","deal_type":"BUY","side":"L","layer_index":5,"role":"ENT","deal_price":1.12632,"order_price_open":null,"slippage_pips":null,"volume":0.00,"profit":0.00,"swap":0.00,"commission":0.00,"deal_time_broker":"2026-10-02 18:17:17","deal_time_broker_msc":1790965037000,"halted_at_receipt":false,"quarantined_at_receipt":false}
4,-1,1790965472811,ea_event,,{"type":"fill_log","seq":8,"ea_time_ms":63448203,"magic":22260201,"deal_ticket":800000009,"order_ticket":9004,"position_id":900000005,"entry_type":"IN","deal_type":"SELL","side":"S","layer_index":4,"role":"EXT","deal_price":1.12577,"order_price_open":null,"slippage_pips":null,"volume":0.00,"profit":0.00,"swap":0.00,"commission":0.00,"deal_time_broker":"2026-10-02 18:24:31","deal_time_broker_msc":1790965471000,"halted_at_receipt":false,"quarantined_at_receipt":false}
4,-1,1790965474618,ea_event,,{"type":"fill_log","seq":9,"ea_time_ms":63448203,"magic":22260201,"deal_ticket":800000010,"order_ticket":700000010,"position_id":1983299155,"entry_type":"OUT_BY","deal_type":"SELL","side":null,"layer_index":null,"role":null,"deal_price":1.12577,"order_price_open":null,"slippage_pips":null,"volume":0.00,"profit":1.01,"swap":0.00,"commission":0.00,"deal_time_broker":"2026-10-02 18:24:33","deal_time_broker_msc":1790965473000,"halted_at_receipt":false,"quarantined_at_receipt":false}
4,-1,1790965474618,ea_event,,{"type":"fill_log","seq":10,"ea_time_ms":63448203,"magic":22260201,"deal_ticket":800000011,"order_ticket":700000010,"position_id":900000005,"entry_type":"OUT_BY","deal_type":"SELL","side":null,"layer_index":null,"role":null,"deal_price":1.12678,"order_price_open":null,"slippage_pips":null,"volume":0.00,"profit":0.00,"swap":0.00,"commission":0.00,"deal_time_broker":"2026-10-02 18:24:33","deal_time_broker_msc":1790965473000,"halted_at_receipt":false,"quarantined_at_receipt":false}
4,-1,1790965474618,scalp,SCALP_CLOSED,{"close_time":"2026-10-02T18:24:33Z","instrument":"EURUSD","direction":"SHORT","entry_price":1.12678,"exit_price":1.12577,"layer_depth":4,"stack_depth":5,"gross_pnl":1.01,"instance_id":"GRIND_EURUSD_OPTB","ejected":false,"rolled":false,"broker_utc_offset_s":10800,"account_login":53077984}
4,-1,1790965494289,ea_event,,{"type":"fill_log","seq":11,"ea_time_ms":63448203,"magic":22260201,"deal_ticket":800000012,"order_ticket":9007,"position_id":900000006,"entry_type":"IN","deal_type":"BUY","side":"L","layer_index":6,"role":"ENT","deal_price":1.12562,"order_price_open":null,"slippage_pips":null,"volume":0.00,"profit":0.00,"swap":0.00,"commission":0.00,"deal_time_broker":"2026-10-02 18:24:53","deal_time_broker_msc":1790965493000,"halted_at_receipt":false,"quarantined_at_receipt":false}
4,-1,1790969165963,ea_event,,{"type":"fill_log","seq":12,"ea_time_ms":63448312,"magic":22260201,"deal_ticket":800000013,"order_ticket":9008,"position_id":900000007,"entry_type":"IN","deal_type":"SELL","side":"S","layer_index":3,"role":"EXT","deal_price":1.12505,"order_price_open":null,"slippage_pips":null,"volume":0.00,"profit":0.00,"swap":0.00,"commission":0.00,"deal_time_broker":"2026-10-02 19:26:05","deal_time_broker_msc":1790969165000,"halted_at_receipt":false,"quarantined_at_receipt":false}
4,-1,1790969166566,ea_event,,{"type":"fill_log","seq":13,"ea_time_ms":63448312,"magic":22260201,"deal_ticket":800000014,"order_ticket":700000014,"position_id":1983183405,"entry_type":"OUT_BY","deal_type":"SELL","side":null,"layer_index":null,"role":null,"deal_price":1.12505,"order_price_open":null,"slippage_pips":null,"volume":0.00,"profit":1.01,"swap":0.00,"commission":0.00,"deal_time_broker":"2026-10-02 19:26:06","deal_time_broker_msc":1790969166000,"halted_at_receipt":false,"quarantined_at_receipt":false}
4,-1,1790969166566,ea_event,,{"type":"fill_log","seq":14,"ea_time_ms":63448312,"magic":22260201,"deal_ticket":800000015,"order_ticket":700000014,"position_id":900000007,"entry_type":"OUT_BY","deal_type":"SELL","side":null,"layer_index":null,"role":null,"deal_price":1.12606,"order_price_open":null,"slippage_pips":null,"volume":0.00,"profit":0.00,"swap":0.00,"commission":0.00,"deal_time_broker":"2026-10-02 19:26:06","deal_time_broker_msc":1790969166000,"halted_at_receipt":false,"quarantined_at_receipt":false}
4,-1,1790969166566,scalp,SCALP_CLOSED,{"close_time":"2026-10-02T19:26:06Z","instrument":"EURUSD","direction":"SHORT","entry_price":1.12606,"exit_price":1.12505,"layer_depth":3,"stack_depth":4,"gross_pnl":1.01,"instance_id":"GRIND_EURUSD_OPTB","ejected":false,"rolled":false,"broker_utc_offset_s":10800,"account_login":53077984}
4,-1,1790970510963,ea_event,,{"type":"fill_log","seq":15,"ea_time_ms":63448359,"magic":22260201,"deal_ticket":800000016,"order_ticket":9013,"position_id":900000008,"entry_type":"IN","deal_type":"SELL","side":"S","layer_index":3,"role":"ENT","deal_price":1.12609,"order_price_open":null,"slippage_pips":null,"volume":0.00,"profit":0.00,"swap":0.00,"commission":0.00,"deal_time_broker":"2026-10-02 19:48:30","deal_time_broker_msc":1790970510000,"halted_at_receipt":false,"quarantined_at_receipt":false}
4,-1,1790976217534,ea_event,,{"type":"fill_log","seq":16,"ea_time_ms":63448484,"magic":22260201,"deal_ticket":800000017,"order_ticket":9014,"position_id":900000009,"entry_type":"IN","deal_type":"SELL","side":"S","layer_index":3,"role":"EXT","deal_price":1.12507,"order_price_open":null,"slippage_pips":null,"volume":0.00,"profit":0.00,"swap":0.00,"commission":0.00,"deal_time_broker":"2026-10-02 21:23:35","deal_time_broker_msc":1790976215000,"halted_at_receipt":false,"quarantined_at_receipt":false}
4,-1,1790976220554,ea_event,,{"type":"fill_log","seq":17,"ea_time_ms":63448484,"magic":22260201,"deal_ticket":800000018,"order_ticket":700000018,"position_id":900000008,"entry_type":"OUT_BY","deal_type":"SELL","side":null,"layer_index":null,"role":null,"deal_price":1.12507,"order_price_open":null,"slippage_pips":null,"volume":0.00,"profit":1.02,"swap":0.00,"commission":0.00,"deal_time_broker":"2026-10-02 21:23:37","deal_time_broker_msc":1790976217000,"halted_at_receipt":false,"quarantined_at_receipt":false}
4,-1,1790976220554,ea_event,,{"type":"fill_log","seq":18,"ea_time_ms":63448484,"magic":22260201,"deal_ticket":800000019,"order_ticket":700000018,"position_id":900000009,"entry_type":"OUT_BY","deal_type":"SELL","side":null,"layer_index":null,"role":null,"deal_price":1.12609,"order_price_open":null,"slippage_pips":null,"volume":0.00,"profit":0.00,"swap":0.00,"commission":0.00,"deal_time_broker":"2026-10-02 21:23:37","deal_time_broker_msc":1790976217000,"halted_at_receipt":false,"quarantined_at_receipt":false}
4,-1,1790976220554,scalp,SCALP_CLOSED,{"close_time":"2026-10-02T21:23:37Z","instrument":"EURUSD","direction":"SHORT","entry_price":1.12609,"exit_price":1.12507,"layer_depth":3,"stack_depth":4,"gross_pnl":1.02,"instance_id":"GRIND_EURUSD_OPTB","ejected":false,"rolled":false,"broker_utc_offset_s":10800,"account_login":53077984}
4,-1,1790978123445,ea_event,,{"type":"fill_log","seq":19,"ea_time_ms":63448515,"magic":22260201,"deal_ticket":800000020,"order_ticket":9011,"position_id":900000010,"entry_type":"IN","deal_type":"BUY","side":"L","layer_index":7,"role":"ENT","deal_price":1.12488,"order_price_open":null,"slippage_pips":null,"volume":0.00,"profit":0.00,"swap":0.00,"commission":0.00,"deal_time_broker":"2026-10-02 21:55:12","deal_time_broker_msc":1790978112000,"halted_at_receipt":false,"quarantined_at_receipt":false}
4,-1,1790979881398,ea_event,,{"type":"fill_log","seq":20,"ea_time_ms":63448546,"magic":22260201,"deal_ticket":800000021,"order_ticket":9018,"position_id":900000011,"entry_type":"IN","deal_type":"BUY","side":"L","layer_index":7,"role":"EXT","deal_price":1.12589,"order_price_open":null,"slippage_pips":null,"volume":0.00,"profit":0.00,"swap":0.00,"commission":0.00,"deal_time_broker":"2026-10-02 22:24:41","deal_time_broker_msc":1790979881000,"halted_at_receipt":false,"quarantined_at_receipt":false}
4,-1,1790979882000,ea_event,,{"type":"fill_log","seq":21,"ea_time_ms":63448546,"magic":22260201,"deal_ticket":800000022,"order_ticket":700000022,"position_id":900000010,"entry_type":"OUT_BY","deal_type":"SELL","side":null,"layer_index":null,"role":null,"deal_price":1.12589,"order_price_open":null,"slippage_pips":null,"volume":0.00,"profit":1.01,"swap":0.00,"commission":0.00,"deal_time_broker":"2026-10-02 22:24:41","deal_time_broker_msc":1790979881000,"halted_at_receipt":false,"quarantined_at_receipt":false}
4,-1,1790979882000,ea_event,,{"type":"fill_log","seq":22,"ea_time_ms":63448546,"magic":22260201,"deal_ticket":800000023,"order_ticket":700000022,"position_id":900000011,"entry_type":"OUT_BY","deal_type":"SELL","side":null,"layer_index":null,"role":null,"deal_price":1.12488,"order_price_open":null,"slippage_pips":null,"volume":0.00,"profit":0.00,"swap":0.00,"commission":0.00,"deal_time_broker":"2026-10-02 22:24:41","deal_time_broker_msc":1790979881000,"halted_at_receipt":false,"quarantined_at_receipt":false}
4,-1,1790979882000,scalp,SCALP_CLOSED,{"close_time":"2026-10-02T22:24:41Z","instrument":"EURUSD","direction":"LONG","entry_price":1.12488,"exit_price":1.12589,"layer_depth":7,"stack_depth":8,"gross_pnl":1.01,"instance_id":"GRIND_EURUSD_OPTB","ejected":false,"rolled":false,"broker_utc_offset_s":10800,"account_login":53077984}
4,-1,1790985052943,ea_event,CARRY_SNAPSHOT,{"type":"ea_event","seq":23,"ea_time_ms":63448625,"magic":null,"level":"INFO","code":"CARRY_SNAPSHOT","reason":"EURUSD","ticket":null,"detail":{"symbol":"EURUSD","swap_mode":1,"swap_long":-7.9900,"swap_short":1.3100,"multiplier":1,"day_of_week":5,"rollover3days":3,"digits":5,"point":0.00001000,"tick_value":1.00000000,"tick_size":0.00001000,"stops_level":0,"freeze_level":0,"long_pips":-0.799,"short_pips":0.131,"eligible_long":7,"eligible_short":3,"trade_mode_full":true,"mult_today":1,"mult_tomorrow":0,"accrued_swap_long":0.00,"accrued_swap_short":0.00}}
4,-1,1790985052943,ea_event,CARRY_EXIT_SHIFT,{"type":"ea_event","seq":24,"ea_time_ms":63448625,"magic":null,"level":"INFO","code":"CARRY_EXIT_SHIFT","reason":"EURUSD","ticket":null,"detail":{"position_ticket":1975880441,"side":"long","layer_index":0,"accrued_ledger_pips":-3.300,"pending_pips":0.000,"accrued_pips_total":-3.300,"old_price":1.13237,"new_price":1.13237,"clamped":false,"sign_guard_skipped":false,"retcode":10009,"points_native_pips":-1.598}}
4,-1,1790985234080,ea_event,CARRY_EXIT_SHIFT,{"type":"ea_event","seq":25,"ea_time_ms":63448625,"magic":null,"level":"INFO","code":"CARRY_EXIT_SHIFT","reason":"EURUSD","ticket":null,"detail":{"position_ticket":900000006,"side":"long","layer_index":6,"accrued_ledger_pips":0.000,"pending_pips":0.000,"accrued_pips_total":0.000,"old_price":1.12662,"new_price":1.12662,"clamped":false,"sign_guard_skipped":false,"retcode":10009,"points_native_pips":-0.799}}
4,-1,1790985234080,ea_event,CARRY_EXIT_SHIFT,{"type":"ea_event","seq":26,"ea_time_ms":63448625,"magic":null,"level":"INFO","code":"CARRY_EXIT_SHIFT","reason":"EURUSD","ticket":null,"detail":{"position_ticket":1982703029,"side":"short","layer_index":0,"accrued_ledger_pips":0.000,"pending_pips":0.000,"accrued_pips_total":0.000,"old_price":1.12187,"new_price":1.12187,"clamped":false,"sign_guard_skipped":false,"retcode":10009,"points_native_pips":0.131}}
4,-1,1790985299093,ea_event,CARRY_EXIT_SHIFT,{"type":"ea_event","seq":27,"ea_time_ms":63448625,"magic":null,"level":"INFO","code":"CARRY_EXIT_SHIFT","reason":"EURUSD","ticket":null,"detail":{"position_ticket":1983149416,"side":"short","layer_index":2,"accrued_ledger_pips":0.000,"pending_pips":0.000,"accrued_pips_total":0.000,"old_price":1.12435,"new_price":1.12435,"clamped":false,"sign_guard_skipped":false,"retcode":10009,"points_native_pips":0.131}}
4,-1,1790985299093,ea_event,CARRY_PASS_SUMMARY,{"type":"ea_event","seq":28,"ea_time_ms":63448625,"magic":null,"level":"INFO","code":"CARRY_PASS_SUMMARY","reason":"EURUSD","ticket":null,"detail":{"eligible":10,"shifted":4,"clamped":0,"skipped":0,"failed":0,"incomplete":false}}
4,-1,1791158400062,ea_event,CARRY_SNAPSHOT,{"type":"ea_event","seq":29,"ea_time_ms":63448687,"magic":null,"level":"INFO","code":"CARRY_SNAPSHOT","reason":"EURUSD","ticket":null,"detail":{"symbol":"EURUSD","swap_mode":1,"swap_long":-7.9900,"swap_short":1.3100,"multiplier":1,"day_of_week":5,"rollover3days":3,"digits":5,"point":0.00001000,"tick_value":1.00000000,"tick_size":0.00001000,"stops_level":0,"freeze_level":0,"long_pips":-0.799,"short_pips":0.131,"eligible_long":7,"eligible_short":3,"trade_mode_full":true,"mult_today":1,"mult_tomorrow":0,"accrued_swap_long":0.00,"accrued_swap_short":0.00}}
4,-1,1791158400062,ea_event,CARRY_EXIT_SHIFT,{"type":"ea_event","seq":30,"ea_time_ms":63448687,"magic":null,"level":"INFO","code":"CARRY_EXIT_SHIFT","reason":"EURUSD","ticket":null,"detail":{"position_ticket":1975880441,"side":"long","layer_index":0,"accrued_ledger_pips":-4.100,"pending_pips":0.000,"accrued_pips_total":-4.100,"old_price":1.13237,"new_price":1.13245,"clamped":false,"sign_guard_skipped":false,"retcode":10009,"points_native_pips":-1.598}}
4,-1,1791158400062,ea_event,CARRY_EXIT_SHIFT,{"type":"ea_event","seq":31,"ea_time_ms":63448687,"magic":null,"level":"INFO","code":"CARRY_EXIT_SHIFT","reason":"EURUSD","ticket":null,"detail":{"position_ticket":900000006,"side":"long","layer_index":6,"accrued_ledger_pips":-0.800,"pending_pips":0.000,"accrued_pips_total":-0.800,"old_price":1.12662,"new_price":1.12670,"clamped":false,"sign_guard_skipped":false,"retcode":10009,"points_native_pips":-0.799}}
4,-1,1791158400062,ea_event,CARRY_EXIT_SHIFT,{"type":"ea_event","seq":32,"ea_time_ms":63448687,"magic":null,"level":"INFO","code":"CARRY_EXIT_SHIFT","reason":"EURUSD","ticket":null,"detail":{"position_ticket":1982703029,"side":"short","layer_index":0,"accrued_ledger_pips":0.200,"pending_pips":0.000,"accrued_pips_total":0.200,"old_price":1.12187,"new_price":1.12189,"clamped":false,"sign_guard_skipped":false,"retcode":10009,"points_native_pips":0.131}}
4,-1,1791158400062,ea_event,CARRY_EXIT_SHIFT,{"type":"ea_event","seq":33,"ea_time_ms":63448703,"magic":null,"level":"INFO","code":"CARRY_EXIT_SHIFT","reason":"EURUSD","ticket":null,"detail":{"position_ticket":1983149416,"side":"short","layer_index":2,"accrued_ledger_pips":0.200,"pending_pips":0.000,"accrued_pips_total":0.200,"old_price":1.12435,"new_price":1.12437,"clamped":false,"sign_guard_skipped":false,"retcode":10009,"points_native_pips":0.131}}
4,-1,1791158400062,ea_event,CARRY_PASS_SUMMARY,{"type":"ea_event","seq":34,"ea_time_ms":63448703,"magic":null,"level":"INFO","code":"CARRY_PASS_SUMMARY","reason":"EURUSD","ticket":null,"detail":{"eligible":10,"shifted":4,"clamped":0,"skipped":0,"failed":0,"incomplete":false}}
4,-1,1791158400062,ea_event,CARRY_SNAPSHOT,{"type":"ea_event","seq":35,"ea_time_ms":63448734,"magic":null,"level":"INFO","code":"CARRY_SNAPSHOT","reason":"EURUSD","ticket":null,"detail":{"symbol":"EURUSD","swap_mode":1,"swap_long":-7.9900,"swap_short":1.3100,"multiplier":1,"day_of_week":5,"rollover3days":3,"digits":5,"point":0.00001000,"tick_value":1.00000000,"tick_size":0.00001000,"stops_level":0,"freeze_level":0,"long_pips":-0.799,"short_pips":0.131,"eligible_long":7,"eligible_short":3,"trade_mode_full":true,"mult_today":1,"mult_tomorrow":0,"accrued_swap_long":0.00,"accrued_swap_short":0.00}}
4,-1,1791158400062,ea_event,CARRY_EXIT_SHIFT,{"type":"ea_event","seq":36,"ea_time_ms":63448734,"magic":null,"level":"INFO","code":"CARRY_EXIT_SHIFT","reason":"EURUSD","ticket":null,"detail":{"position_ticket":1975880441,"side":"long","layer_index":0,"accrued_ledger_pips":-4.100,"pending_pips":0.000,"accrued_pips_total":-4.100,"old_price":1.13245,"new_price":1.13245,"clamped":false,"sign_guard_skipped":false,"retcode":10009,"points_native_pips":-1.598}}
4,-1,1791158400062,ea_event,CARRY_EXIT_SHIFT,{"type":"ea_event","seq":37,"ea_time_ms":63448734,"magic":null,"level":"INFO","code":"CARRY_EXIT_SHIFT","reason":"EURUSD","ticket":null,"detail":{"position_ticket":900000006,"side":"long","layer_index":6,"accrued_ledger_pips":-0.800,"pending_pips":0.000,"accrued_pips_total":-0.800,"old_price":1.12670,"new_price":1.12670,"clamped":false,"sign_guard_skipped":false,"retcode":10009,"points_native_pips":-0.799}}
4,-1,1791158400062,ea_event,CARRY_EXIT_SHIFT,{"type":"ea_event","seq":38,"ea_time_ms":63448734,"magic":null,"level":"INFO","code":"CARRY_EXIT_SHIFT","reason":"EURUSD","ticket":null,"detail":{"position_ticket":1982703029,"side":"short","layer_index":0,"accrued_ledger_pips":0.200,"pending_pips":0.000,"accrued_pips_total":0.200,"old_price":1.12189,"new_price":1.12189,"clamped":false,"sign_guard_skipped":false,"retcode":10009,"points_native_pips":0.131}}
4,-1,1791158400062,ea_event,CARRY_EXIT_SHIFT,{"type":"ea_event","seq":39,"ea_time_ms":63448734,"magic":null,"level":"INFO","code":"CARRY_EXIT_SHIFT","reason":"EURUSD","ticket":null,"detail":{"position_ticket":1983149416,"side":"short","layer_index":2,"accrued_ledger_pips":0.200,"pending_pips":0.000,"accrued_pips_total":0.200,"old_price":1.12437,"new_price":1.12437,"clamped":false,"sign_guard_skipped":false,"retcode":10009,"points_native_pips":0.131}}
4,-1,1791158400062,ea_event,CARRY_PASS_SUMMARY,{"type":"ea_event","seq":40,"ea_time_ms":63448734,"magic":null,"level":"INFO","code":"CARRY_PASS_SUMMARY","reason":"EURUSD","ticket":null,"detail":{"eligible":10,"shifted":4,"clamped":0,"skipped":0,"failed":0,"incomplete":false}}
4,-1,1791164994131,ea_event,,{"type":"fill_log","seq":41,"ea_time_ms":63448781,"magic":22260201,"deal_ticket":800000024,"order_ticket":9017,"position_id":900000012,"entry_type":"IN","deal_type":"SELL","side":"S","layer_index":3,"role":"ENT","deal_price":1.12606,"order_price_open":null,"slippage_pips":null,"volume":0.00,"profit":0.00,"swap":0.00,"commission":0.00,"deal_time_broker":"2026-10-05 01:49:52","deal_time_broker_msc":1791164992000,"halted_at_receipt":false,"quarantined_at_receipt":false}
4,-1,1791169937955,ea_event,,{"type":"fill_log","seq":42,"ea_time_ms":63448859,"magic":22260201,"deal_ticket":800000025,"order_ticket":9021,"position_id":900000013,"entry_type":"IN","deal_type":"SELL","side":"S","layer_index":3,"role":"EXT","deal_price":1.12505,"order_price_open":null,"slippage_pips":null,"volume":0.00,"profit":0.00,"swap":0.00,"commission":0.00,"deal_time_broker":"2026-10-05 03:12:17","deal_time_broker_msc":1791169937000,"halted_at_receipt":false,"quarantined_at_receipt":false}
4,-1,1791169938361,ea_event,,{"type":"fill_log","seq":43,"ea_time_ms":63448859,"magic":22260201,"deal_ticket":800000026,"order_ticket":700000026,"position_id":900000012,"entry_type":"OUT_BY","deal_type":"SELL","side":null,"layer_index":null,"role":null,"deal_price":1.12505,"order_price_open":null,"slippage_pips":null,"volume":0.00,"profit":1.01,"swap":0.00,"commission":0.00,"deal_time_broker":"2026-10-05 03:12:18","deal_time_broker_msc":1791169938000,"halted_at_receipt":false,"quarantined_at_receipt":false}
4,-1,1791169938361,ea_event,,{"type":"fill_log","seq":44,"ea_time_ms":63448859,"magic":22260201,"deal_ticket":800000027,"order_ticket":700000026,"position_id":900000013,"entry_type":"OUT_BY","deal_type":"SELL","side":null,"layer_index":null,"role":null,"deal_price":1.12606,"order_price_open":null,"slippage_pips":null,"volume":0.00,"profit":0.00,"swap":0.00,"commission":0.00,"deal_time_broker":"2026-10-05 03:12:18","deal_time_broker_msc":1791169938000,"halted_at_receipt":false,"quarantined_at_receipt":false}
4,-1,1791169938361,scalp,SCALP_CLOSED,{"close_time":"2026-10-05T03:12:18Z","instrument":"EURUSD","direction":"SHORT","entry_price":1.12606,"exit_price":1.12505,"layer_depth":3,"stack_depth":4,"gross_pnl":1.01,"instance_id":"GRIND_EURUSD_OPTB","ejected":false,"rolled":false,"broker_utc_offset_s":10800,"account_login":53077984}
4,-1,1791170018458,ea_event,,{"type":"fill_log","seq":45,"ea_time_ms":63448859,"magic":22260201,"deal_ticket":800000028,"order_ticket":9020,"position_id":900000014,"entry_type":"IN","deal_type":"BUY","side":"L","layer_index":7,"role":"ENT","deal_price":1.12491,"order_price_open":null,"slippage_pips":null,"volume":0.00,"profit":0.00,"swap":0.00,"commission":0.00,"deal_time_broker":"2026-10-05 03:13:37","deal_time_broker_msc":1791170017000,"halted_at_receipt":false,"quarantined_at_receipt":false}
4,-1,1791171970161,ea_event,,{"type":"fill_log","seq":46,"ea_time_ms":63448906,"magic":22260201,"deal_ticket":800000029,"order_ticket":9023,"position_id":900000015,"entry_type":"IN","deal_type":"SELL","side":"S","layer_index":2,"role":"EXT","deal_price":1.12431,"order_price_open":null,"slippage_pips":null,"volume":0.00,"profit":0.00,"swap":0.00,"commission":0.00,"deal_time_broker":"2026-10-05 03:46:08","deal_time_broker_msc":1791171968000,"halted_at_receipt":false,"quarantined_at_receipt":false}
4,-1,1791171970564,ea_event,,{"type":"fill_log","seq":47,"ea_time_ms":63448906,"magic":22260201,"deal_ticket":800000030,"order_ticket":700000030,"position_id":1983149416,"entry_type":"OUT_BY","deal_type":"SELL","side":null,"layer_index":null,"role":null,"deal_price":1.12431,"order_price_open":null,"slippage_pips":null,"volume":0.00,"profit":1.04,"swap":0.02,"commission":0.00,"deal_time_broker":"2026-10-05 03:46:10","deal_time_broker_msc":1791171970000,"halted_at_receipt":false,"quarantined_at_receipt":false}
4,-1,1791171970564,ea_event,,{"type":"fill_log","seq":48,"ea_time_ms":63448906,"magic":22260201,"deal_ticket":800000031,"order_ticket":700000030,"position_id":900000015,"entry_type":"OUT_BY","deal_type":"SELL","side":null,"layer_index":null,"role":null,"deal_price":1.12535,"order_price_open":null,"slippage_pips":null,"volume":0.00,"profit":0.00,"swap":0.00,"commission":0.00,"deal_time_broker":"2026-10-05 03:46:10","deal_time_broker_msc":1791171970000,"halted_at_receipt":false,"quarantined_at_receipt":false}
4,-1,1791171970564,scalp,SCALP_CLOSED,{"close_time":"2026-10-05T03:46:10Z","instrument":"EURUSD","direction":"SHORT","entry_price":1.12535,"exit_price":1.12431,"layer_depth":2,"stack_depth":3,"gross_pnl":1.06,"instance_id":"GRIND_EURUSD_OPTB","ejected":false,"rolled":false,"broker_utc_offset_s":10800,"account_login":53077984}
4,-1,1791172293903,ea_event,ROLL_ACCEPTED,{"type":"ea_event","seq":49,"ea_time_ms":63448906,"magic":null,"level":"INFO","code":"ROLL_ACCEPTED","reason":null,"ticket":1983436242,"detail":{"ticket":1983436242,"side":"L","layer_index":2,"entry":1.12843,"level":1.12421,"target":1.12529,"accrued":0.00008,"clamped":false,"cost":0.00322,"cost_pips":32.2,"rolled":3,"was_ejected":false,"source":"auto","reroll":false,"from_level":0.00000}}
4,-1,1791173718744,ea_event,,{"type":"fill_log","seq":50,"ea_time_ms":63448937,"magic":22260201,"deal_ticket":800000032,"order_ticket":9026,"position_id":900000016,"entry_type":"IN","deal_type":"SELL","side":"S","layer_index":1,"role":"EXT","deal_price":1.12362,"order_price_open":null,"slippage_pips":null,"volume":0.00,"profit":0.00,"swap":0.00,"commission":0.00,"deal_time_broker":"2026-10-05 04:15:18","deal_time_broker_msc":1791173718000,"halted_at_receipt":false,"quarantined_at_receipt":false}
4,-1,1791173719753,ea_event,,{"type":"fill_log","seq":51,"ea_time_ms":63448937,"magic":22260201,"deal_ticket":800000033,"order_ticket":700000033,"position_id":1982811448,"entry_type":"OUT_BY","deal_type":"SELL","side":null,"layer_index":null,"role":null,"deal_price":1.12362,"order_price_open":null,"slippage_pips":null,"volume":0.00,"profit":1.02,"swap":0.02,"commission":0.00,"deal_time_broker":"2026-10-05 04:15:19","deal_time_broker_msc":1791173719000,"halted_at_receipt":false,"quarantined_at_receipt":false}
4,-1,1791173719753,ea_event,,{"type":"fill_log","seq":52,"ea_time_ms":63448937,"magic":22260201,"deal_ticket":800000034,"order_ticket":700000033,"position_id":900000016,"entry_type":"OUT_BY","deal_type":"SELL","side":null,"layer_index":null,"role":null,"deal_price":1.12464,"order_price_open":null,"slippage_pips":null,"volume":0.00,"profit":0.00,"swap":0.00,"commission":0.00,"deal_time_broker":"2026-10-05 04:15:19","deal_time_broker_msc":1791173719000,"halted_at_receipt":false,"quarantined_at_receipt":false}
4,-1,1791173719753,scalp,SCALP_CLOSED,{"close_time":"2026-10-05T04:15:19Z","instrument":"EURUSD","direction":"SHORT","entry_price":1.12464,"exit_price":1.12362,"layer_depth":1,"stack_depth":2,"gross_pnl":1.04,"instance_id":"GRIND_EURUSD_OPTB","ejected":false,"rolled":false,"broker_utc_offset_s":10800,"account_login":53077984}
4,-1,1791173722167,ea_event,,{"type":"fill_log","seq":53,"ea_time_ms":63448937,"magic":22260201,"deal_ticket":800000035,"order_ticket":9029,"position_id":900000017,"entry_type":"IN","deal_type":"SELL","side":"S","layer_index":1,"role":"ENT","deal_price":1.12365,"order_price_open":null,"slippage_pips":null,"volume":0.00,"profit":0.00,"swap":0.00,"commission":0.00,"deal_time_broker":"2026-10-05 04:15:22","deal_time_broker_msc":1791173722000,"halted_at_receipt":false,"quarantined_at_receipt":false}
4,-1,1791174090882,ea_event,ROLL_ACCEPTED,{"type":"ea_event","seq":54,"ea_time_ms":63448953,"magic":null,"level":"INFO","code":"ROLL_ACCEPTED","reason":null,"ticket":1983436344,"detail":{"ticket":1983436344,"side":"L","layer_index":3,"entry":1.12773,"level":1.12351,"target":1.12459,"accrued":0.00008,"clamped":false,"cost":0.00322,"cost_pips":32.2,"rolled":4,"was_ejected":false,"source":"auto","reroll":false,"from_level":0.00000}}
4,-1,1791176917734,ea_event,ROLL_ACCEPTED,{"type":"ea_event","seq":55,"ea_time_ms":63449000,"magic":null,"level":"INFO","code":"ROLL_ACCEPTED","reason":null,"ticket":900000002,"detail":{"ticket":900000002,"side":"L","layer_index":4,"entry":1.12702,"level":1.12281,"target":1.12389,"accrued":0.00008,"clamped":false,"cost":0.00321,"cost_pips":32.1,"rolled":5,"was_ejected":false,"source":"auto","reroll":false,"from_level":0.00000}}
4,-1,1791177147046,ea_event,,{"type":"fill_log","seq":56,"ea_time_ms":63449000,"magic":22260201,"deal_ticket":800000036,"order_ticket":9030,"position_id":900000018,"entry_type":"IN","deal_type":"SELL","side":"S","layer_index":1,"role":"EXT","deal_price":1.12252,"order_price_open":null,"slippage_pips":null,"volume":0.00,"profit":0.00,"swap":0.00,"commission":0.00,"deal_time_broker":"2026-10-05 05:12:26","deal_time_broker_msc":1791177146000,"halted_at_receipt":false,"quarantined_at_receipt":false}
4,-1,1791177149058,ea_event,,{"type":"fill_log","seq":57,"ea_time_ms":63449000,"magic":22260201,"deal_ticket":800000037,"order_ticket":700000037,"position_id":900000017,"entry_type":"OUT_BY","deal_type":"SELL","side":null,"layer_index":null,"role":null,"deal_price":1.12252,"order_price_open":null,"slippage_pips":null,"volume":0.00,"profit":1.13,"swap":0.00,"commission":0.00,"deal_time_broker":"2026-10-05 05:12:27","deal_time_broker_msc":1791177147000,"halted_at_receipt":false,"quarantined_at_receipt":false}
4,-1,1791177149058,ea_event,,{"type":"fill_log","seq":58,"ea_time_ms":63449000,"magic":22260201,"deal_ticket":800000038,"order_ticket":700000037,"position_id":900000018,"entry_type":"OUT_BY","deal_type":"SELL","side":null,"layer_index":null,"role":null,"deal_price":1.12365,"order_price_open":null,"slippage_pips":null,"volume":0.00,"profit":0.00,"swap":0.00,"commission":0.00,"deal_time_broker":"2026-10-05 05:12:27","deal_time_broker_msc":1791177147000,"halted_at_receipt":false,"quarantined_at_receipt":false}
4,-1,1791177149058,scalp,SCALP_CLOSED,{"close_time":"2026-10-05T05:12:27Z","instrument":"EURUSD","direction":"SHORT","entry_price":1.12365,"exit_price":1.12252,"layer_depth":1,"stack_depth":2,"gross_pnl":1.13,"instance_id":"GRIND_EURUSD_OPTB","ejected":false,"rolled":false,"broker_utc_offset_s":10800,"account_login":53077984}
4,-1,1791177439440,ea_event,ROLL_ACCEPTED,{"type":"ea_event","seq":59,"ea_time_ms":63449015,"magic":null,"level":"INFO","code":"ROLL_ACCEPTED","reason":null,"ticket":900000004,"detail":{"ticket":900000004,"side":"L","layer_index":5,"entry":1.12632,"level":1.12211,"target":1.12319,"accrued":0.00008,"clamped":false,"cost":0.00321,"cost_pips":32.1,"rolled":6,"was_ejected":false,"source":"auto","reroll":false,"from_level":0.00000}}
4,-1,1791177541762,ea_event,,{"type":"fill_log","seq":60,"ea_time_ms":63449015,"magic":22260201,"deal_ticket":800000039,"order_ticket":1982764022,"position_id":900000019,"entry_type":"IN","deal_type":"SELL","side":"S","layer_index":0,"role":"EXT","deal_price":1.12187,"order_price_open":null,"slippage_pips":null,"volume":0.00,"profit":0.00,"swap":0.00,"commission":0.00,"deal_time_broker":"2026-10-05 05:19:01","deal_time_broker_msc":1791177541000,"halted_at_receipt":false,"quarantined_at_receipt":false}
4,-1,1791177542956,ea_event,,{"type":"fill_log","seq":61,"ea_time_ms":63449015,"magic":22260201,"deal_ticket":800000040,"order_ticket":700000040,"position_id":1982703029,"entry_type":"OUT_BY","deal_type":"SELL","side":null,"layer_index":null,"role":null,"deal_price":1.12187,"order_price_open":null,"slippage_pips":null,"volume":0.00,"profit":1.00,"swap":0.02,"commission":0.00,"deal_time_broker":"2026-10-05 05:19:02","deal_time_broker_msc":1791177542000,"halted_at_receipt":false,"quarantined_at_receipt":false}
4,-1,1791177542956,ea_event,,{"type":"fill_log","seq":62,"ea_time_ms":63449015,"magic":22260201,"deal_ticket":800000041,"order_ticket":700000040,"position_id":900000019,"entry_type":"OUT_BY","deal_type":"SELL","side":null,"layer_index":null,"role":null,"deal_price":1.12287,"order_price_open":null,"slippage_pips":null,"volume":0.00,"profit":0.00,"swap":0.00,"commission":0.00,"deal_time_broker":"2026-10-05 05:19:02","deal_time_broker_msc":1791177542000,"halted_at_receipt":false,"quarantined_at_receipt":false}
4,-1,1791177542956,scalp,SCALP_CLOSED,{"close_time":"2026-10-05T05:19:02Z","instrument":"EURUSD","direction":"SHORT","entry_price":1.12287,"exit_price":1.12187,"layer_depth":0,"stack_depth":1,"gross_pnl":1.02,"instance_id":"GRIND_EURUSD_OPTB","ejected":false,"rolled":false,"broker_utc_offset_s":10800,"account_login":53077984}
4,-1,1791177557255,ea_event,ROLL_ACCEPTED,{"type":"ea_event","seq":63,"ea_time_ms":63449015,"magic":null,"level":"INFO","code":"ROLL_ACCEPTED","reason":null,"ticket":900000006,"detail":{"ticket":900000006,"side":"L","layer_index":6,"entry":1.12562,"level":1.12141,"target":1.12249,"accrued":0.00008,"clamped":false,"cost":0.00321,"cost_pips":32.1,"rolled":7,"was_ejected":false,"source":"auto","reroll":false,"from_level":0.00000}}
4,-1,1791178821584,ea_event,ROLL_ACCEPTED,{"type":"ea_event","seq":64,"ea_time_ms":63449046,"magic":null,"level":"INFO","code":"ROLL_ACCEPTED","reason":null,"ticket":900000014,"detail":{"ticket":900000014,"side":"L","layer_index":7,"entry":1.12491,"level":1.12071,"target":1.12171,"accrued":0.00000,"clamped":false,"cost":0.00320,"cost_pips":32.0,"rolled":8,"was_ejected":false,"source":"auto","reroll":false,"from_level":0.00000}}
4,-1,1791179372490,ea_event,ROLL_STRANDED,{"type":"ea_event","seq":65,"ea_time_ms":63449062,"magic":null,"level":"WARN","code":"ROLL_STRANDED","reason":"L","ticket":null,"detail":{"side":"L","depth":8,"rolled":8,"lowest_effective":1.12071,"market":1.11926,"steps":2}}
4,-1,1791179454372,ea_event,,{"type":"fill_log","seq":66,"ea_time_ms":63449062,"magic":22260201,"deal_ticket":800000042,"order_ticket":9036,"position_id":900000020,"entry_type":"IN","deal_type":"SELL","side":"S","layer_index":0,"role":"ENT","deal_price":1.11949,"order_price_open":null,"slippage_pips":null,"volume":0.00,"profit":0.00,"swap":0.00,"commission":0.00,"deal_time_broker":"2026-10-05 05:50:53","deal_time_broker_msc":1791179453000,"halted_at_receipt":false,"quarantined_at_receipt":false}
4,-1,1791179690033,ea_event,,{"type":"fill_log","seq":67,"ea_time_ms":63449078,"magic":22260201,"deal_ticket":800000043,"order_ticket":9039,"position_id":900000021,"entry_type":"IN","deal_type":"SELL","side":"S","layer_index":0,"role":"EXT","deal_price":1.11841,"order_price_open":null,"slippage_pips":null,"volume":0.00,"profit":0.00,"swap":0.00,"commission":0.00,"deal_time_broker":"2026-10-05 05:54:49","deal_time_broker_msc":1791179689000,"halted_at_receipt":false,"quarantined_at_receipt":false}
4,-1,1791179691037,ea_event,,{"type":"fill_log","seq":68,"ea_time_ms":63449078,"magic":22260201,"deal_ticket":800000044,"order_ticket":700000044,"position_id":900000020,"entry_type":"OUT_BY","deal_type":"SELL","side":null,"layer_index":null,"role":null,"deal_price":1.11841,"order_price_open":null,"slippage_pips":null,"volume":0.00,"profit":1.08,"swap":0.00,"commission":0.00,"deal_time_broker":"2026-10-05 05:54:50","deal_time_broker_msc":1791179690000,"halted_at_receipt":false,"quarantined_at_receipt":false}
4,-1,1791179691037,ea_event,,{"type":"fill_log","seq":69,"ea_time_ms":63449078,"magic":22260201,"deal_ticket":800000045,"order_ticket":700000044,"position_id":900000021,"entry_type":"OUT_BY","deal_type":"SELL","side":null,"layer_index":null,"role":null,"deal_price":1.11949,"order_price_open":null,"slippage_pips":null,"volume":0.00,"profit":0.00,"swap":0.00,"commission":0.00,"deal_time_broker":"2026-10-05 05:54:50","deal_time_broker_msc":1791179690000,"halted_at_receipt":false,"quarantined_at_receipt":false}
4,-1,1791179691037,scalp,SCALP_CLOSED,{"close_time":"2026-10-05T05:54:50Z","instrument":"EURUSD","direction":"SHORT","entry_price":1.11949,"exit_price":1.11841,"layer_depth":0,"stack_depth":1,"gross_pnl":1.08,"instance_id":"GRIND_EURUSD_OPTB","ejected":false,"rolled":false,"broker_utc_offset_s":10800,"account_login":53077984}
4,-1,1791179889710,ea_event,,{"type":"fill_log","seq":70,"ea_time_ms":63449093,"magic":22260201,"deal_ticket":800000046,"order_ticket":9041,"position_id":900000022,"entry_type":"IN","deal_type":"SELL","side":"S","layer_index":0,"role":"ENT","deal_price":1.11749,"order_price_open":null,"slippage_pips":null,"volume":0.00,"profit":0.00,"swap":0.00,"commission":0.00,"deal_time_broker":"2026-10-05 05:58:09","deal_time_broker_msc":1791179889000,"halted_at_receipt":false,"quarantined_at_receipt":false}
4,-1,1791180138807,ea_event,,{"type":"fill_log","seq":71,"ea_time_ms":63449109,"magic":22260201,"deal_ticket":800000047,"order_ticket":9043,"position_id":900000023,"entry_type":"IN","deal_type":"SELL","side":"S","layer_index":1,"role":"ENT","deal_price":1.11817,"order_price_open":null,"slippage_pips":null,"volume":0.00,"profit":0.00,"swap":0.00,"commission":0.00,"deal_time_broker":"2026-10-05 06:02:17","deal_time_broker_msc":1791180137000,"halted_at_receipt":false,"quarantined_at_receipt":false}
4,-1,1791180380255,ea_event,,{"type":"fill_log","seq":72,"ea_time_ms":63449125,"magic":22260201,"deal_ticket":800000048,"order_ticket":9044,"position_id":900000024,"entry_type":"IN","deal_type":"SELL","side":"S","layer_index":1,"role":"EXT","deal_price":1.11705,"order_price_open":null,"slippage_pips":null,"volume":0.00,"profit":0.00,"swap":0.00,"commission":0.00,"deal_time_broker":"2026-10-05 06:06:20","deal_time_broker_msc":1791180380000,"halted_at_receipt":false,"quarantined_at_receipt":false}
4,-1,1791180380861,ea_event,,{"type":"fill_log","seq":73,"ea_time_ms":63449125,"magic":22260201,"deal_ticket":800000049,"order_ticket":700000049,"position_id":900000023,"entry_type":"OUT_BY","deal_type":"SELL","side":null,"layer_index":null,"role":null,"deal_price":1.11705,"order_price_open":null,"slippage_pips":null,"volume":0.00,"profit":1.12,"swap":0.00,"commission":0.00,"deal_time_broker":"2026-10-05 06:06:20","deal_time_broker_msc":1791180380000,"halted_at_receipt":false,"quarantined_at_receipt":false}
4,-1,1791180380861,ea_event,,{"type":"fill_log","seq":74,"ea_time_ms":63449125,"magic":22260201,"deal_ticket":800000050,"order_ticket":700000049,"position_id":900000024,"entry_type":"OUT_BY","deal_type":"SELL","side":null,"layer_index":null,"role":null,"deal_price":1.11817,"order_price_open":null,"slippage_pips":null,"volume":0.00,"profit":0.00,"swap":0.00,"commission":0.00,"deal_time_broker":"2026-10-05 06:06:20","deal_time_broker_msc":1791180380000,"halted_at_receipt":false,"quarantined_at_receipt":false}
4,-1,1791180380861,scalp,SCALP_CLOSED,{"close_time":"2026-10-05T06:06:20Z","instrument":"EURUSD","direction":"SHORT","entry_price":1.11817,"exit_price":1.11705,"layer_depth":1,"stack_depth":2,"gross_pnl":1.12,"instance_id":"GRIND_EURUSD_OPTB","ejected":false,"rolled":false,"broker_utc_offset_s":10800,"account_login":53077984}
4,-1,1791180431587,ea_event,,{"type":"fill_log","seq":75,"ea_time_ms":63449125,"magic":22260201,"deal_ticket":800000051,"order_ticket":9042,"position_id":900000025,"entry_type":"IN","deal_type":"SELL","side":"S","layer_index":0,"role":"EXT","deal_price":1.11642,"order_price_open":null,"slippage_pips":null,"volume":0.00,"profit":0.00,"swap":0.00,"commission":0.00,"deal_time_broker":"2026-10-05 06:07:11","deal_time_broker_msc":1791180431000,"halted_at_receipt":false,"quarantined_at_receipt":false}
4,-1,1791180431994,ea_event,,{"type":"fill_log","seq":76,"ea_time_ms":63449125,"magic":22260201,"deal_ticket":800000052,"order_ticket":700000052,"position_id":900000022,"entry_type":"OUT_BY","deal_type":"SELL","side":null,"layer_index":null,"role":null,"deal_price":1.11642,"order_price_open":null,"slippage_pips":null,"volume":0.00,"profit":1.07,"swap":0.00,"commission":0.00,"deal_time_broker":"2026-10-05 06:07:11","deal_time_broker_msc":1791180431000,"halted_at_receipt":false,"quarantined_at_receipt":false}
4,-1,1791180431994,ea_event,,{"type":"fill_log","seq":77,"ea_time_ms":63449125,"magic":22260201,"deal_ticket":800000053,"order_ticket":700000052,"position_id":900000025,"entry_type":"OUT_BY","deal_type":"SELL","side":null,"layer_index":null,"role":null,"deal_price":1.11749,"order_price_open":null,"slippage_pips":null,"volume":0.00,"profit":0.00,"swap":0.00,"commission":0.00,"deal_time_broker":"2026-10-05 06:07:11","deal_time_broker_msc":1791180431000,"halted_at_receipt":false,"quarantined_at_receipt":false}
4,-1,1791180431994,scalp,SCALP_CLOSED,{"close_time":"2026-10-05T06:07:11Z","instrument":"EURUSD","direction":"SHORT","entry_price":1.11749,"exit_price":1.11642,"layer_depth":0,"stack_depth":1,"gross_pnl":1.07,"instance_id":"GRIND_EURUSD_OPTB","ejected":false,"rolled":false,"broker_utc_offset_s":10800,"account_login":53077984}
4,-1,1791180567218,ea_event,,{"type":"fill_log","seq":78,"ea_time_ms":63449125,"magic":22260201,"deal_ticket":800000054,"order_ticket":9047,"position_id":900000026,"entry_type":"IN","deal_type":"SELL","side":"S","layer_index":0,"role":"ENT","deal_price":1.11713,"order_price_open":null,"slippage_pips":null,"volume":0.00,"profit":0.00,"swap":0.00,"commission":0.00,"deal_time_broker":"2026-10-05 06:09:26","deal_time_broker_msc":1791180566000,"halted_at_receipt":false,"quarantined_at_receipt":false}
4,-1,1791180732533,ea_event,,{"type":"fill_log","seq":79,"ea_time_ms":63449140,"magic":22260201,"deal_ticket":800000055,"order_ticket":9049,"position_id":900000027,"entry_type":"IN","deal_type":"SELL","side":"S","layer_index":1,"role":"ENT","deal_price":1.11785,"order_price_open":null,"slippage_pips":null,"volume":0.00,"profit":0.00,"swap":0.00,"commission":0.00,"deal_time_broker":"2026-10-05 06:12:12","deal_time_broker_msc":1791180732000,"halted_at_receipt":false,"quarantined_at_receipt":false}
4,-1,1791181616379,ea_event,,{"type":"fill_log","seq":80,"ea_time_ms":63449171,"magic":22260201,"deal_ticket":800000056,"order_ticket":9051,"position_id":900000028,"entry_type":"IN","deal_type":"SELL","side":"S","layer_index":2,"role":"ENT","deal_price":1.11856,"order_price_open":null,"slippage_pips":null,"volume":0.00,"profit":0.00,"swap":0.00,"commission":0.00,"deal_time_broker":"2026-10-05 06:26:53","deal_time_broker_msc":1791181613000,"halted_at_receipt":false,"quarantined_at_receipt":false}
4,-1,1791182365146,ea_event,,{"type":"fill_log","seq":81,"ea_time_ms":63449187,"magic":22260201,"deal_ticket":800000057,"order_ticket":9052,"position_id":900000029,"entry_type":"IN","deal_type":"SELL","side":"S","layer_index":2,"role":"EXT","deal_price":1.11755,"order_price_open":null,"slippage_pips":null,"volume":0.00,"profit":0.00,"swap":0.00,"commission":0.00,"deal_time_broker":"2026-10-05 06:39:24","deal_time_broker_msc":1791182364000,"halted_at_receipt":false,"quarantined_at_receipt":false}
4,-1,1791182366347,ea_event,,{"type":"fill_log","seq":82,"ea_time_ms":63449187,"magic":22260201,"deal_ticket":800000058,"order_ticket":700000058,"position_id":900000028,"entry_type":"OUT_BY","deal_type":"SELL","side":null,"layer_index":null,"role":null,"deal_price":1.11755,"order_price_open":null,"slippage_pips":null,"volume":0.00,"profit":1.01,"swap":0.00,"commission":0.00,"deal_time_broker":"2026-10-05 06:39:25","deal_time_broker_msc":1791182365000,"halted_at_receipt":false,"quarantined_at_receipt":false}
4,-1,1791182366347,ea_event,,{"type":"fill_log","seq":83,"ea_time_ms":63449187,"magic":22260201,"deal_ticket":800000059,"order_ticket":700000058,"position_id":900000029,"entry_type":"OUT_BY","deal_type":"SELL","side":null,"layer_index":null,"role":null,"deal_price":1.11856,"order_price_open":null,"slippage_pips":null,"volume":0.00,"profit":0.00,"swap":0.00,"commission":0.00,"deal_time_broker":"2026-10-05 06:39:25","deal_time_broker_msc":1791182365000,"halted_at_receipt":false,"quarantined_at_receipt":false}
4,-1,1791182366347,scalp,SCALP_CLOSED,{"close_time":"2026-10-05T06:39:25Z","instrument":"EURUSD","direction":"SHORT","entry_price":1.11856,"exit_price":1.11755,"layer_depth":2,"stack_depth":3,"gross_pnl":1.01,"instance_id":"GRIND_EURUSD_OPTB","ejected":false,"rolled":false,"broker_utc_offset_s":10800,"account_login":53077984}
4,-1,1791183131064,ea_event,,{"type":"fill_log","seq":84,"ea_time_ms":63449218,"magic":22260201,"deal_ticket":800000060,"order_ticket":9054,"position_id":900000030,"entry_type":"IN","deal_type":"SELL","side":"S","layer_index":1,"role":"EXT","deal_price":1.11682,"order_price_open":null,"slippage_pips":null,"volume":0.00,"profit":0.00,"swap":0.00,"commission":0.00,"deal_time_broker":"2026-10-05 06:52:10","deal_time_broker_msc":1791183130000,"halted_at_receipt":false,"quarantined_at_receipt":false}
4,-1,1791183131444,ea_event,,{"type":"fill_log","seq":85,"ea_time_ms":63449218,"magic":22260201,"deal_ticket":800000061,"order_ticket":700000061,"position_id":900000027,"entry_type":"OUT_BY","deal_type":"SELL","side":null,"layer_index":null,"role":null,"deal_price":1.11682,"order_price_open":null,"slippage_pips":null,"volume":0.00,"profit":1.03,"swap":0.00,"commission":0.00,"deal_time_broker":"2026-10-05 06:52:11","deal_time_broker_msc":1791183131000,"halted_at_receipt":false,"quarantined_at_receipt":false}
4,-1,1791183131444,ea_event,,{"type":"fill_log","seq":86,"ea_time_ms":63449218,"magic":22260201,"deal_ticket":800000062,"order_ticket":700000061,"position_id":900000030,"entry_type":"OUT_BY","deal_type":"SELL","side":null,"layer_index":null,"role":null,"deal_price":1.11785,"order_price_open":null,"slippage_pips":null,"volume":0.00,"profit":0.00,"swap":0.00,"commission":0.00,"deal_time_broker":"2026-10-05 06:52:11","deal_time_broker_msc":1791183131000,"halted_at_receipt":false,"quarantined_at_receipt":false}
4,-1,1791183131444,scalp,SCALP_CLOSED,{"close_time":"2026-10-05T06:52:11Z","instrument":"EURUSD","direction":"SHORT","entry_price":1.11785,"exit_price":1.11682,"layer_depth":1,"stack_depth":2,"gross_pnl":1.03,"instance_id":"GRIND_EURUSD_OPTB","ejected":false,"rolled":false,"broker_utc_offset_s":10800,"account_login":53077984}
4,-1,1791186497454,ea_event,,{"type":"fill_log","seq":87,"ea_time_ms":63449328,"magic":22260201,"deal_ticket":800000063,"order_ticket":9056,"position_id":900000031,"entry_type":"IN","deal_type":"SELL","side":"S","layer_index":1,"role":"ENT","deal_price":1.11785,"order_price_open":null,"slippage_pips":null,"volume":0.00,"profit":0.00,"swap":0.00,"commission":0.00,"deal_time_broker":"2026-10-05 07:48:16","deal_time_broker_msc":1791186496000,"halted_at_receipt":false,"quarantined_at_receipt":false}
4,-1,1791188122999,ea_event,,{"type":"fill_log","seq":88,"ea_time_ms":63449375,"magic":22260201,"deal_ticket":800000064,"order_ticket":9058,"position_id":900000032,"entry_type":"IN","deal_type":"SELL","side":"S","layer_index":2,"role":"ENT","deal_price":1.11856,"order_price_open":null,"slippage_pips":null,"volume":0.00,"profit":0.00,"swap":0.00,"commission":0.00,"deal_time_broker":"2026-10-05 08:15:22","deal_time_broker_msc":1791188122000,"halted_at_receipt":false,"quarantined_at_receipt":false}
4,-1,1791190787060,ea_event,,{"type":"fill_log","seq":89,"ea_time_ms":63449437,"magic":22260201,"deal_ticket":800000065,"order_ticket":9060,"position_id":900000033,"entry_type":"IN","deal_type":"SELL","side":"S","layer_index":3,"role":"ENT","deal_price":1.11928,"order_price_open":null,"slippage_pips":null,"volume":0.00,"profit":0.00,"swap":0.00,"commission":0.00,"deal_time_broker":"2026-10-05 08:59:46","deal_time_broker_msc":1791190786000,"halted_at_receipt":false,"quarantined_at_receipt":false}
4,-1,1791192773922,ea_event,,{"type":"fill_log","seq":90,"ea_time_ms":63449515,"magic":22260201,"deal_ticket":800000066,"order_ticket":9061,"position_id":900000034,"entry_type":"IN","deal_type":"SELL","side":"S","layer_index":3,"role":"EXT","deal_price":1.11823,"order_price_open":null,"slippage_pips":null,"volume":0.00,"profit":0.00,"swap":0.00,"commission":0.00,"deal_time_broker":"2026-10-05 09:32:52","deal_time_broker_msc":1791192772000,"halted_at_receipt":false,"quarantined_at_receipt":false}
4,-1,1791192775728,ea_event,,{"type":"fill_log","seq":91,"ea_time_ms":63449515,"magic":22260201,"deal_ticket":800000067,"order_ticket":700000067,"position_id":900000033,"entry_type":"OUT_BY","deal_type":"SELL","side":null,"layer_index":null,"role":null,"deal_price":1.11823,"order_price_open":null,"slippage_pips":null,"volume":0.00,"profit":1.05,"swap":0.00,"commission":0.00,"deal_time_broker":"2026-10-05 09:32:54","deal_time_broker_msc":1791192774000,"halted_at_receipt":false,"quarantined_at_receipt":false}
4,-1,1791192775728,ea_event,,{"type":"fill_log","seq":92,"ea_time_ms":63449515,"magic":22260201,"deal_ticket":800000068,"order_ticket":700000067,"position_id":900000034,"entry_type":"OUT_BY","deal_type":"SELL","side":null,"layer_index":null,"role":null,"deal_price":1.11928,"order_price_open":null,"slippage_pips":null,"volume":0.00,"profit":0.00,"swap":0.00,"commission":0.00,"deal_time_broker":"2026-10-05 09:32:54","deal_time_broker_msc":1791192774000,"halted_at_receipt":false,"quarantined_at_receipt":false}
4,-1,1791192775728,scalp,SCALP_CLOSED,{"close_time":"2026-10-05T09:32:54Z","instrument":"EURUSD","direction":"SHORT","entry_price":1.11928,"exit_price":1.11823,"layer_depth":3,"stack_depth":4,"gross_pnl":1.05,"instance_id":"GRIND_EURUSD_OPTB","ejected":false,"rolled":false,"broker_utc_offset_s":10800,"account_login":53077984}
4,-1,1791192867180,ea_event,,{"type":"fill_log","seq":93,"ea_time_ms":63449531,"magic":22260201,"deal_ticket":800000069,"order_ticket":9063,"position_id":900000035,"entry_type":"IN","deal_type":"SELL","side":"S","layer_index":2,"role":"EXT","deal_price":1.11752,"order_price_open":null,"slippage_pips":null,"volume":0.00,"profit":0.00,"swap":0.00,"commission":0.00,"deal_time_broker":"2026-10-05 09:34:26","deal_time_broker_msc":1791192866000,"halted_at_receipt":false,"quarantined_at_receipt":false}
4,-1,1791192867985,ea_event,,{"type":"fill_log","seq":94,"ea_time_ms":63449531,"magic":22260201,"deal_ticket":800000070,"order_ticket":700000070,"position_id":900000032,"entry_type":"OUT_BY","deal_type":"SELL","side":null,"layer_index":null,"role":null,"deal_price":1.11752,"order_price_open":null,"slippage_pips":null,"volume":0.00,"profit":1.04,"swap":0.00,"commission":0.00,"deal_time_broker":"2026-10-05 09:34:27","deal_time_broker_msc":1791192867000,"halted_at_receipt":false,"quarantined_at_receipt":false}
4,-1,1791192867985,ea_event,,{"type":"fill_log","seq":95,"ea_time_ms":63449531,"magic":22260201,"deal_ticket":800000071,"order_ticket":700000070,"position_id":900000035,"entry_type":"OUT_BY","deal_type":"SELL","side":null,"layer_index":null,"role":null,"deal_price":1.11856,"order_price_open":null,"slippage_pips":null,"volume":0.00,"profit":0.00,"swap":0.00,"commission":0.00,"deal_time_broker":"2026-10-05 09:34:27","deal_time_broker_msc":1791192867000,"halted_at_receipt":false,"quarantined_at_receipt":false}
4,-1,1791192867985,scalp,SCALP_CLOSED,{"close_time":"2026-10-05T09:34:27Z","instrument":"EURUSD","direction":"SHORT","entry_price":1.11856,"exit_price":1.11752,"layer_depth":2,"stack_depth":3,"gross_pnl":1.04,"instance_id":"GRIND_EURUSD_OPTB","ejected":false,"rolled":false,"broker_utc_offset_s":10800,"account_login":53077984}
4,-1,1791193788355,ea_event,,{"type":"fill_log","seq":96,"ea_time_ms":63449578,"magic":22260201,"deal_ticket":800000072,"order_ticket":9066,"position_id":900000036,"entry_type":"IN","deal_type":"SELL","side":"S","layer_index":2,"role":"ENT","deal_price":1.11863,"order_price_open":null,"slippage_pips":null,"volume":0.00,"profit":0.00,"swap":0.00,"commission":0.00,"deal_time_broker":"2026-10-05 09:49:47","deal_time_broker_msc":1791193787000,"halted_at_receipt":false,"quarantined_at_receipt":false}
4,-1,1791194897534,ea_event,,{"type":"fill_log","seq":97,"ea_time_ms":63449640,"magic":22260201,"deal_ticket":800000073,"order_ticket":9068,"position_id":900000037,"entry_type":"IN","deal_type":"SELL","side":"S","layer_index":3,"role":"ENT","deal_price":1.11936,"order_price_open":null,"slippage_pips":null,"volume":0.00,"profit":0.00,"swap":0.00,"commission":0.00,"deal_time_broker":"2026-10-05 10:08:17","deal_time_broker_msc":1791194897000,"halted_at_receipt":false,"quarantined_at_receipt":false}
4,-1,1791196800391,ea_event,,{"type":"fill_log","seq":98,"ea_time_ms":63449750,"magic":22260201,"deal_ticket":800000074,"order_ticket":9070,"position_id":900000038,"entry_type":"IN","deal_type":"SELL","side":"S","layer_index":4,"role":"ENT","deal_price":1.12008,"order_price_open":null,"slippage_pips":null,"volume":0.00,"profit":0.00,"swap":0.00,"commission":0.00,"deal_time_broker":"2026-10-05 10:40:00","deal_time_broker_msc":1791196800000,"halted_at_receipt":false,"quarantined_at_receipt":false}
4,-1,1791200033355,ea_event,,{"type":"fill_log","seq":99,"ea_time_ms":63449921,"magic":22260201,"deal_ticket":800000075,"order_ticket":9072,"position_id":900000039,"entry_type":"IN","deal_type":"SELL","side":"S","layer_index":5,"role":"ENT","deal_price":1.12079,"order_price_open":null,"slippage_pips":null,"volume":0.00,"profit":0.00,"swap":0.00,"commission":0.00,"deal_time_broker":"2026-10-05 11:33:52","deal_time_broker_msc":1791200032000,"halted_at_receipt":false,"quarantined_at_receipt":false}
4,-1,1791201098314,ea_event,,{"type":"fill_log","seq":100,"ea_time_ms":63449968,"magic":22260201,"deal_ticket":800000076,"order_ticket":9074,"position_id":900000040,"entry_type":"IN","deal_type":"SELL","side":"S","layer_index":6,"role":"ENT","deal_price":1.12153,"order_price_open":null,"slippage_pips":null,"volume":0.00,"profit":0.00,"swap":0.00,"commission":0.00,"deal_time_broker":"2026-10-05 11:51:37","deal_time_broker_msc":1791201097000,"halted_at_receipt":false,"quarantined_at_receipt":false}
4,-1,1791202294834,ea_event,,{"type":"fill_log","seq":101,"ea_time_ms":63450015,"magic":22260201,"deal_ticket":800000077,"order_ticket":9038,"position_id":900000041,"entry_type":"IN","deal_type":"BUY","side":"L","layer_index":7,"role":"EXT","deal_price":1.12173,"order_price_open":null,"slippage_pips":null,"volume":0.00,"profit":0.00,"swap":0.00,"commission":0.00,"deal_time_broker":"2026-10-05 12:11:34","deal_time_broker_msc":1791202294000,"halted_at_receipt":false,"quarantined_at_receipt":false}
4,-1,1791202295642,ea_event,,{"type":"fill_log","seq":102,"ea_time_ms":63450015,"magic":22260201,"deal_ticket":800000078,"order_ticket":700000078,"position_id":900000014,"entry_type":"OUT_BY","deal_type":"SELL","side":null,"layer_index":null,"role":null,"deal_price":1.12173,"order_price_open":null,"slippage_pips":null,"volume":0.00,"profit":-3.18,"swap":0.00,"commission":0.00,"deal_time_broker":"2026-10-05 12:11:35","deal_time_broker_msc":1791202295000,"halted_at_receipt":false,"quarantined_at_receipt":false}
4,-1,1791202295642,ea_event,ROLL_FILLED,{"type":"ea_event","seq":103,"ea_time_ms":63450015,"magic":null,"level":"INFO","code":"ROLL_FILLED","reason":null,"ticket":900000014,"detail":{"ticket":900000014,"level":1.12071}}
4,-1,1791202295642,ea_event,,{"type":"fill_log","seq":104,"ea_time_ms":63450015,"magic":22260201,"deal_ticket":800000079,"order_ticket":700000078,"position_id":900000041,"entry_type":"OUT_BY","deal_type":"SELL","side":null,"layer_index":null,"role":null,"deal_price":1.12491,"order_price_open":null,"slippage_pips":null,"volume":0.00,"profit":0.00,"swap":0.00,"commission":0.00,"deal_time_broker":"2026-10-05 12:11:35","deal_time_broker_msc":1791202295000,"halted_at_receipt":false,"quarantined_at_receipt":false}
4,-1,1791202295642,scalp,SCALP_CLOSED,{"close_time":"2026-10-05T12:11:35Z","instrument":"EURUSD","direction":"LONG","entry_price":1.12491,"exit_price":1.12173,"layer_depth":7,"stack_depth":8,"gross_pnl":-3.18,"instance_id":"GRIND_EURUSD_OPTB","ejected":false,"rolled":true,"broker_utc_offset_s":10800,"account_login":53077984}
4,-1,1791204301733,ea_event,,{"type":"fill_log","seq":105,"ea_time_ms":63450078,"magic":22260201,"deal_ticket":800000080,"order_ticket":9078,"position_id":900000042,"entry_type":"IN","deal_type":"BUY","side":"L","layer_index":7,"role":"ENT","deal_price":1.12069,"order_price_open":null,"slippage_pips":null,"volume":0.00,"profit":0.00,"swap":0.00,"commission":0.00,"deal_time_broker":"2026-10-05 12:45:01","deal_time_broker_msc":1791204301000,"halted_at_receipt":false,"quarantined_at_receipt":false}
4,-1,1791204328674,ea_event,,{"type":"fill_log","seq":106,"ea_time_ms":63450078,"magic":22260201,"deal_ticket":800000081,"order_ticket":9075,"position_id":900000043,"entry_type":"IN","deal_type":"SELL","side":"S","layer_index":6,"role":"EXT","deal_price":1.12048,"order_price_open":null,"slippage_pips":null,"volume":0.00,"profit":0.00,"swap":0.00,"commission":0.00,"deal_time_broker":"2026-10-05 12:45:28","deal_time_broker_msc":1791204328000,"halted_at_receipt":false,"quarantined_at_receipt":false}
4,-1,1791204329074,ea_event,,{"type":"fill_log","seq":107,"ea_time_ms":63450078,"magic":22260201,"deal_ticket":800000082,"order_ticket":700000082,"position_id":900000040,"entry_type":"OUT_BY","deal_type":"SELL","side":null,"layer_index":null,"role":null,"deal_price":1.12048,"order_price_open":null,"slippage_pips":null,"volume":0.00,"profit":1.05,"swap":0.00,"commission":0.00,"deal_time_broker":"2026-10-05 12:45:28","deal_time_broker_msc":1791204328000,"halted_at_receipt":false,"quarantined_at_receipt":false}
4,-1,1791204329074,ea_event,,{"type":"fill_log","seq":108,"ea_time_ms":63450078,"magic":22260201,"deal_ticket":800000083,"order_ticket":700000082,"position_id":900000043,"entry_type":"OUT_BY","deal_type":"SELL","side":null,"layer_index":null,"role":null,"deal_price":1.12153,"order_price_open":null,"slippage_pips":null,"volume":0.00,"profit":0.00,"swap":0.00,"commission":0.00,"deal_time_broker":"2026-10-05 12:45:28","deal_time_broker_msc":1791204328000,"halted_at_receipt":false,"quarantined_at_receipt":false}
4,-1,1791204329074,scalp,SCALP_CLOSED,{"close_time":"2026-10-05T12:45:28Z","instrument":"EURUSD","direction":"SHORT","entry_price":1.12153,"exit_price":1.12048,"layer_depth":6,"stack_depth":7,"gross_pnl":1.05,"instance_id":"GRIND_EURUSD_OPTB","ejected":false,"rolled":false,"broker_utc_offset_s":10800,"account_login":53077984}
4,-1,1791208481504,ea_event,ROLL_ACCEPTED,{"type":"ea_event","seq":109,"ea_time_ms":63450203,"magic":null,"level":"INFO","code":"ROLL_ACCEPTED","reason":null,"ticket":900000042,"detail":{"ticket":900000042,"side":"L","layer_index":7,"entry":1.12069,"level":1.11999,"target":1.12099,"accrued":0.00000,"clamped":false,"cost":-0.00030,"cost_pips":-3.0,"rolled":8,"was_ejected":false,"source":"auto","reroll":false,"from_level":0.00000}}
4,-1,1791209277261,ea_event,,{"type":"fill_log","seq":110,"ea_time_ms":63450250,"magic":22260201,"deal_ticket":800000084,"order_ticket":9080,"position_id":900000044,"entry_type":"IN","deal_type":"SELL","side":"S","layer_index":5,"role":"EXT","deal_price":1.11973,"order_price_open":null,"slippage_pips":null,"volume":0.00,"profit":0.00,"swap":0.00,"commission":0.00,"deal_time_broker":"2026-10-05 14:07:56","deal_time_broker_msc":1791209276000,"halted_at_receipt":false,"quarantined_at_receipt":false}
4,-1,1791209277867,ea_event,,{"type":"fill_log","seq":111,"ea_time_ms":63450250,"magic":22260201,"deal_ticket":800000085,"order_ticket":700000085,"position_id":900000039,"entry_type":"OUT_BY","deal_type":"SELL","side":null,"layer_index":null,"role":null,"deal_price":1.11973,"order_price_open":null,"slippage_pips":null,"volume":0.00,"profit":1.06,"swap":0.00,"commission":0.00,"deal_time_broker":"2026-10-05 14:07:57","deal_time_broker_msc":1791209277000,"halted_at_receipt":false,"quarantined_at_receipt":false}
4,-1,1791209277867,ea_event,,{"type":"fill_log","seq":112,"ea_time_ms":63450250,"magic":22260201,"deal_ticket":800000086,"order_ticket":700000085,"position_id":900000044,"entry_type":"OUT_BY","deal_type":"SELL","side":null,"layer_index":null,"role":null,"deal_price":1.12079,"order_price_open":null,"slippage_pips":null,"volume":0.00,"profit":0.00,"swap":0.00,"commission":0.00,"deal_time_broker":"2026-10-05 14:07:57","deal_time_broker_msc":1791209277000,"halted_at_receipt":false,"quarantined_at_receipt":false}
4,-1,1791209277867,scalp,SCALP_CLOSED,{"close_time":"2026-10-05T14:07:57Z","instrument":"EURUSD","direction":"SHORT","entry_price":1.12079,"exit_price":1.11973,"layer_depth":5,"stack_depth":6,"gross_pnl":1.06,"instance_id":"GRIND_EURUSD_OPTB","ejected":false,"rolled":false,"broker_utc_offset_s":10800,"account_login":53077984}
4,-1,1791210486355,ea_event,,{"type":"fill_log","seq":113,"ea_time_ms":63450296,"magic":22260201,"deal_ticket":800000087,"order_ticket":9083,"position_id":900000045,"entry_type":"IN","deal_type":"SELL","side":"S","layer_index":5,"role":"ENT","deal_price":1.12076,"order_price_open":null,"slippage_pips":null,"volume":0.00,"profit":0.00,"swap":0.00,"commission":0.00,"deal_time_broker":"2026-10-05 14:28:06","deal_time_broker_msc":1791210486000,"halted_at_receipt":false,"quarantined_at_receipt":false}
4,-1,1791210518102,ea_event,,{"type":"fill_log","seq":114,"ea_time_ms":63450296,"magic":22260201,"deal_ticket":800000088,"order_ticket":9079,"position_id":900000046,"entry_type":"IN","deal_type":"BUY","side":"L","layer_index":7,"role":"EXT","deal_price":1.12104,"order_price_open":null,"slippage_pips":null,"volume":0.00,"profit":0.00,"swap":0.00,"commission":0.00,"deal_time_broker":"2026-10-05 14:28:37","deal_time_broker_msc":1791210517000,"halted_at_receipt":false,"quarantined_at_receipt":false}
4,-1,1791210518501,ea_event,,{"type":"fill_log","seq":115,"ea_time_ms":63450296,"magic":22260201,"deal_ticket":800000089,"order_ticket":700000089,"position_id":900000042,"entry_type":"OUT_BY","deal_type":"SELL","side":null,"layer_index":null,"role":null,"deal_price":1.12104,"order_price_open":null,"slippage_pips":null,"volume":0.00,"profit":0.35,"swap":0.00,"commission":0.00,"deal_time_broker":"2026-10-05 14:28:38","deal_time_broker_msc":1791210518000,"halted_at_receipt":false,"quarantined_at_receipt":false}
4,-1,1791210518501,ea_event,ROLL_FILLED,{"type":"ea_event","seq":116,"ea_time_ms":63450296,"magic":null,"level":"INFO","code":"ROLL_FILLED","reason":null,"ticket":900000042,"detail":{"ticket":900000042,"level":1.11999}}
4,-1,1791210518501,ea_event,,{"type":"fill_log","seq":117,"ea_time_ms":63450296,"magic":22260201,"deal_ticket":800000090,"order_ticket":700000089,"position_id":900000046,"entry_type":"OUT_BY","deal_type":"SELL","side":null,"layer_index":null,"role":null,"deal_price":1.12069,"order_price_open":null,"slippage_pips":null,"volume":0.00,"profit":0.00,"swap":0.00,"commission":0.00,"deal_time_broker":"2026-10-05 14:28:38","deal_time_broker_msc":1791210518000,"halted_at_receipt":false,"quarantined_at_receipt":false}
4,-1,1791210518501,scalp,SCALP_CLOSED,{"close_time":"2026-10-05T14:28:38Z","instrument":"EURUSD","direction":"LONG","entry_price":1.12069,"exit_price":1.12104,"layer_depth":7,"stack_depth":8,"gross_pnl":0.35,"instance_id":"GRIND_EURUSD_OPTB","ejected":false,"rolled":true,"broker_utc_offset_s":10800,"account_login":53077984}
4,-1,1791210603976,ea_event,,{"type":"fill_log","seq":118,"ea_time_ms":63450312,"magic":22260201,"deal_ticket":800000091,"order_ticket":9085,"position_id":900000047,"entry_type":"IN","deal_type":"SELL","side":"S","layer_index":6,"role":"ENT","deal_price":1.12148,"order_price_open":null,"slippage_pips":null,"volume":0.00,"profit":0.00,"swap":0.00,"commission":0.00,"deal_time_broker":"2026-10-05 14:30:03","deal_time_broker_msc":1791210603000,"halted_at_receipt":false,"quarantined_at_receipt":false}
4,-1,1791211014277,ea_event,,{"type":"fill_log","seq":119,"ea_time_ms":63450328,"magic":22260201,"deal_ticket":800000092,"order_ticket":9087,"position_id":900000048,"entry_type":"IN","deal_type":"BUY","side":"L","layer_index":7,"role":"ENT","deal_price":1.12071,"order_price_open":null,"slippage_pips":null,"volume":0.00,"profit":0.00,"swap":0.00,"commission":0.00,"deal_time_broker":"2026-10-05 14:36:53","deal_time_broker_msc":1791211013000,"halted_at_receipt":false,"quarantined_at_receipt":false}
4,-1,1791211368704,ea_event,,{"type":"fill_log","seq":120,"ea_time_ms":63450343,"magic":22260201,"deal_ticket":800000093,"order_ticket":9088,"position_id":900000049,"entry_type":"IN","deal_type":"SELL","side":"S","layer_index":6,"role":"EXT","deal_price":1.12045,"order_price_open":null,"slippage_pips":null,"volume":0.00,"profit":0.00,"swap":0.00,"commission":0.00,"deal_time_broker":"2026-10-05 14:42:48","deal_time_broker_msc":1791211368000,"halted_at_receipt":false,"quarantined_at_receipt":false}
4,-1,1791211369111,ea_event,,{"type":"fill_log","seq":121,"ea_time_ms":63450343,"magic":22260201,"deal_ticket":800000094,"order_ticket":700000094,"position_id":900000047,"entry_type":"OUT_BY","deal_type":"SELL","side":null,"layer_index":null,"role":null,"deal_price":1.12045,"order_price_open":null,"slippage_pips":null,"volume":0.00,"profit":1.03,"swap":0.00,"commission":0.00,"deal_time_broker":"2026-10-05 14:42:48","deal_time_broker_msc":1791211368000,"halted_at_receipt":false,"quarantined_at_receipt":false}
4,-1,1791211369111,ea_event,,{"type":"fill_log","seq":122,"ea_time_ms":63450343,"magic":22260201,"deal_ticket":800000095,"order_ticket":700000094,"position_id":900000049,"entry_type":"OUT_BY","deal_type":"SELL","side":null,"layer_index":null,"role":null,"deal_price":1.12148,"order_price_open":null,"slippage_pips":null,"volume":0.00,"profit":0.00,"swap":0.00,"commission":0.00,"deal_time_broker":"2026-10-05 14:42:48","deal_time_broker_msc":1791211368000,"halted_at_receipt":false,"quarantined_at_receipt":false}
4,-1,1791211369111,scalp,SCALP_CLOSED,{"close_time":"2026-10-05T14:42:48Z","instrument":"EURUSD","direction":"SHORT","entry_price":1.12148,"exit_price":1.12045,"layer_depth":6,"stack_depth":7,"gross_pnl":1.03,"instance_id":"GRIND_EURUSD_OPTB","ejected":false,"rolled":false,"broker_utc_offset_s":10800,"account_login":53077984}
4,-1,1791213772567,ea_event,ROLL_ACCEPTED,{"type":"ea_event","seq":123,"ea_time_ms":63450468,"magic":null,"level":"INFO","code":"ROLL_ACCEPTED","reason":null,"ticket":900000048,"detail":{"ticket":900000048,"side":"L","layer_index":7,"entry":1.12071,"level":1.12001,"target":1.12101,"accrued":0.00000,"clamped":false,"cost":-0.00030,"cost_pips":-3.0,"rolled":8,"was_ejected":false,"source":"auto","reroll":false,"from_level":0.00000}}
4,-1,1791214200095,ea_event,,{"type":"fill_log","seq":124,"ea_time_ms":63450484,"magic":22260201,"deal_ticket":800000096,"order_ticket":9090,"position_id":900000050,"entry_type":"IN","deal_type":"BUY","side":"L","layer_index":7,"role":"EXT","deal_price":1.12104,"order_price_open":null,"slippage_pips":null,"volume":0.00,"profit":0.00,"swap":0.00,"commission":0.00,"deal_time_broker":"2026-10-05 15:29:57","deal_time_broker_msc":1791214197000,"halted_at_receipt":false,"quarantined_at_receipt":false}
4,-1,1791214200500,ea_event,,{"type":"fill_log","seq":125,"ea_time_ms":63450484,"magic":22260201,"deal_ticket":800000097,"order_ticket":700000097,"position_id":900000048,"entry_type":"OUT_BY","deal_type":"SELL","side":null,"layer_index":null,"role":null,"deal_price":1.12104,"order_price_open":null,"slippage_pips":null,"volume":0.00,"profit":0.33,"swap":0.00,"commission":0.00,"deal_time_broker":"2026-10-05 15:30:00","deal_time_broker_msc":1791214200000,"halted_at_receipt":false,"quarantined_at_receipt":false}
4,-1,1791214200500,ea_event,ROLL_FILLED,{"type":"ea_event","seq":126,"ea_time_ms":63450484,"magic":null,"level":"INFO","code":"ROLL_FILLED","reason":null,"ticket":900000048,"detail":{"ticket":900000048,"level":1.12001}}
4,-1,1791214200500,ea_event,,{"type":"fill_log","seq":127,"ea_time_ms":63450484,"magic":22260201,"deal_ticket":800000098,"order_ticket":700000097,"position_id":900000050,"entry_type":"OUT_BY","deal_type":"SELL","side":null,"layer_index":null,"role":null,"deal_price":1.12071,"order_price_open":null,"slippage_pips":null,"volume":0.00,"profit":0.00,"swap":0.00,"commission":0.00,"deal_time_broker":"2026-10-05 15:30:00","deal_time_broker_msc":1791214200000,"halted_at_receipt":false,"quarantined_at_receipt":false}
4,-1,1791214200500,scalp,SCALP_CLOSED,{"close_time":"2026-10-05T15:30:00Z","instrument":"EURUSD","direction":"LONG","entry_price":1.12071,"exit_price":1.12104,"layer_depth":7,"stack_depth":8,"gross_pnl":0.33,"instance_id":"GRIND_EURUSD_OPTB","ejected":false,"rolled":true,"broker_utc_offset_s":10800,"account_login":53077984}
4,-1,1791214812249,ea_event,,{"type":"fill_log","seq":128,"ea_time_ms":63450500,"magic":22260201,"deal_ticket":800000099,"order_ticket":9094,"position_id":900000051,"entry_type":"IN","deal_type":"BUY","side":"L","layer_index":7,"role":"ENT","deal_price":1.12071,"order_price_open":null,"slippage_pips":null,"volume":0.00,"profit":0.00,"swap":0.00,"commission":0.00,"deal_time_broker":"2026-10-05 15:40:08","deal_time_broker_msc":1791214808000,"halted_at_receipt":false,"quarantined_at_receipt":false}
4,-1,1791217864500,ea_event,ROLL_ACCEPTED,{"type":"ea_event","seq":129,"ea_time_ms":63450656,"magic":null,"level":"INFO","code":"ROLL_ACCEPTED","reason":null,"ticket":900000051,"detail":{"ticket":900000051,"side":"L","layer_index":7,"entry":1.12071,"level":1.12001,"target":1.12101,"accrued":0.00000,"clamped":false,"cost":-0.00030,"cost_pips":-3.0,"rolled":8,"was_ejected":false,"source":"auto","reroll":false,"from_level":0.00000}}
4,-1,1791218004135,ea_event,,{"type":"fill_log","seq":130,"ea_time_ms":63450656,"magic":22260201,"deal_ticket":800000100,"order_ticket":9091,"position_id":900000052,"entry_type":"IN","deal_type":"SELL","side":"S","layer_index":5,"role":"EXT","deal_price":1.11971,"order_price_open":null,"slippage_pips":null,"volume":0.00,"profit":0.00,"swap":0.00,"commission":0.00,"deal_time_broker":"2026-10-05 16:33:23","deal_time_broker_msc":1791218003000,"halted_at_receipt":false,"quarantined_at_receipt":false}
4,-1,1791218004735,ea_event,,{"type":"fill_log","seq":131,"ea_time_ms":63450656,"magic":22260201,"deal_ticket":800000101,"order_ticket":700000101,"position_id":900000045,"entry_type":"OUT_BY","deal_type":"SELL","side":null,"layer_index":null,"role":null,"deal_price":1.11971,"order_price_open":null,"slippage_pips":null,"volume":0.00,"profit":1.05,"swap":0.00,"commission":0.00,"deal_time_broker":"2026-10-05 16:33:24","deal_time_broker_msc":1791218004000,"halted_at_receipt":false,"quarantined_at_receipt":false}
4,-1,1791218004735,ea_event,,{"type":"fill_log","seq":132,"ea_time_ms":63450656,"magic":22260201,"deal_ticket":800000102,"order_ticket":700000101,"position_id":900000052,"entry_type":"OUT_BY","deal_type":"SELL","side":null,"layer_index":null,"role":null,"deal_price":1.12076,"order_price_open":null,"slippage_pips":null,"volume":0.00,"profit":0.00,"swap":0.00,"commission":0.00,"deal_time_broker":"2026-10-05 16:33:24","deal_time_broker_msc":1791218004000,"halted_at_receipt":false,"quarantined_at_receipt":false}
4,-1,1791218004735,scalp,SCALP_CLOSED,{"close_time":"2026-10-05T16:33:24Z","instrument":"EURUSD","direction":"SHORT","entry_price":1.12076,"exit_price":1.11971,"layer_depth":5,"stack_depth":6,"gross_pnl":1.05,"instance_id":"GRIND_EURUSD_OPTB","ejected":false,"rolled":false,"broker_utc_offset_s":10800,"account_login":53077984}
4,-1,1791218741356,ea_event,,{"type":"fill_log","seq":133,"ea_time_ms":63450703,"magic":22260201,"deal_ticket":800000103,"order_ticket":9096,"position_id":900000053,"entry_type":"IN","deal_type":"SELL","side":"S","layer_index":4,"role":"EXT","deal_price":1.11906,"order_price_open":null,"slippage_pips":null,"volume":0.00,"profit":0.00,"swap":0.00,"commission":0.00,"deal_time_broker":"2026-10-05 16:45:40","deal_time_broker_msc":1791218740000,"halted_at_receipt":false,"quarantined_at_receipt":false}
4,-1,1791218741758,ea_event,,{"type":"fill_log","seq":134,"ea_time_ms":63450703,"magic":22260201,"deal_ticket":800000104,"order_ticket":700000104,"position_id":900000038,"entry_type":"OUT_BY","deal_type":"SELL","side":null,"layer_index":null,"role":null,"deal_price":1.11906,"order_price_open":null,"slippage_pips":null,"volume":0.00,"profit":1.02,"swap":0.00,"commission":0.00,"deal_time_broker":"2026-10-05 16:45:41","deal_time_broker_msc":1791218741000,"halted_at_receipt":false,"quarantined_at_receipt":false}
4,-1,1791218741758,ea_event,,{"type":"fill_log","seq":135,"ea_time_ms":63450703,"magic":22260201,"deal_ticket":800000105,"order_ticket":700000104,"position_id":900000053,"entry_type":"OUT_BY","deal_type":"SELL","side":null,"layer_index":null,"role":null,"deal_price":1.12008,"order_price_open":null,"slippage_pips":null,"volume":0.00,"profit":0.00,"swap":0.00,"commission":0.00,"deal_time_broker":"2026-10-05 16:45:41","deal_time_broker_msc":1791218741000,"halted_at_receipt":false,"quarantined_at_receipt":false}
4,-1,1791218741758,scalp,SCALP_CLOSED,{"close_time":"2026-10-05T16:45:41Z","instrument":"EURUSD","direction":"SHORT","entry_price":1.12008,"exit_price":1.11906,"layer_depth":4,"stack_depth":5,"gross_pnl":1.02,"instance_id":"GRIND_EURUSD_OPTB","ejected":false,"rolled":false,"broker_utc_offset_s":10800,"account_login":53077984}
4,-1,1791222283068,ea_event,,{"type":"fill_log","seq":136,"ea_time_ms":63450937,"magic":22260201,"deal_ticket":800000106,"order_ticket":9099,"position_id":900000054,"entry_type":"IN","deal_type":"SELL","side":"S","layer_index":4,"role":"ENT","deal_price":1.12007,"order_price_open":null,"slippage_pips":null,"volume":0.00,"profit":0.00,"swap":0.00,"commission":0.00,"deal_time_broker":"2026-10-05 17:44:42","deal_time_broker_msc":1791222282000,"halted_at_receipt":false,"quarantined_at_receipt":false}
4,-1,1791222974149,ea_event,,{"type":"fill_log","seq":137,"ea_time_ms":63450984,"magic":22260201,"deal_ticket":800000107,"order_ticket":9101,"position_id":900000055,"entry_type":"IN","deal_type":"SELL","side":"S","layer_index":5,"role":"ENT","deal_price":1.12079,"order_price_open":null,"slippage_pips":null,"volume":0.00,"profit":0.00,"swap":0.00,"commission":0.00,"deal_time_broker":"2026-10-05 17:56:13","deal_time_broker_msc":1791222973000,"halted_at_receipt":false,"quarantined_at_receipt":false}
4,-1,1791223268552,ea_event,,{"type":"fill_log","seq":138,"ea_time_ms":63451000,"magic":22260201,"deal_ticket":800000108,"order_ticket":9095,"position_id":900000056,"entry_type":"IN","deal_type":"BUY","side":"L","layer_index":7,"role":"EXT","deal_price":1.12105,"order_price_open":null,"slippage_pips":null,"volume":0.00,"profit":0.00,"swap":0.00,"commission":0.00,"deal_time_broker":"2026-10-05 18:01:06","deal_time_broker_msc":1791223266000,"halted_at_receipt":false,"quarantined_at_receipt":false}
4,-1,1791223269957,ea_event,,{"type":"fill_log","seq":139,"ea_time_ms":63451000,"magic":22260201,"deal_ticket":800000109,"order_ticket":700000109,"position_id":900000051,"entry_type":"OUT_BY","deal_type":"SELL","side":null,"layer_index":null,"role":null,"deal_price":1.12105,"order_price_open":null,"slippage_pips":null,"volume":0.00,"profit":0.34,"swap":0.00,"commission":0.00,"deal_time_broker":"2026-10-05 18:01:08","deal_time_broker_msc":1791223268000,"halted_at_receipt":false,"quarantined_at_receipt":false}
4,-1,1791223269957,ea_event,ROLL_FILLED,{"type":"ea_event","seq":140,"ea_time_ms":63451000,"magic":null,"level":"INFO","code":"ROLL_FILLED","reason":null,"ticket":900000051,"detail":{"ticket":900000051,"level":1.12001}}
4,-1,1791223269957,ea_event,,{"type":"fill_log","seq":141,"ea_time_ms":63451000,"magic":22260201,"deal_ticket":800000110,"order_ticket":700000109,"position_id":900000056,"entry_type":"OUT_BY","deal_type":"SELL","side":null,"layer_index":null,"role":null,"deal_price":1.12071,"order_price_open":null,"slippage_pips":null,"volume":0.00,"profit":0.00,"swap":0.00,"commission":0.00,"deal_time_broker":"2026-10-05 18:01:08","deal_time_broker_msc":1791223268000,"halted_at_receipt":false,"quarantined_at_receipt":false}
4,-1,1791223269957,scalp,SCALP_CLOSED,{"close_time":"2026-10-05T18:01:08Z","instrument":"EURUSD","direction":"LONG","entry_price":1.12071,"exit_price":1.12105,"layer_depth":7,"stack_depth":8,"gross_pnl":0.34,"instance_id":"GRIND_EURUSD_OPTB","ejected":false,"rolled":true,"broker_utc_offset_s":10800,"account_login":53077984}
4,-1,1791223644921,ea_event,,{"type":"fill_log","seq":142,"ea_time_ms":63451015,"magic":22260201,"deal_ticket":800000111,"order_ticket":9103,"position_id":900000057,"entry_type":"IN","deal_type":"SELL","side":"S","layer_index":6,"role":"ENT","deal_price":1.12151,"order_price_open":null,"slippage_pips":null,"volume":0.00,"profit":0.00,"swap":0.00,"commission":0.00,"deal_time_broker":"2026-10-05 18:07:24","deal_time_broker_msc":1791223644000,"halted_at_receipt":false,"quarantined_at_receipt":false}
4,-1,1791227168994,ea_event,,{"type":"fill_log","seq":143,"ea_time_ms":63451187,"magic":22260201,"deal_ticket":800000112,"order_ticket":9105,"position_id":900000058,"entry_type":"IN","deal_type":"BUY","side":"L","layer_index":7,"role":"ENT","deal_price":1.12070,"order_price_open":null,"slippage_pips":null,"volume":0.00,"profit":0.00,"swap":0.00,"commission":0.00,"deal_time_broker":"2026-10-05 19:06:08","deal_time_broker_msc":1791227168000,"halted_at_receipt":false,"quarantined_at_receipt":false}
4,-1,1791227485186,ea_event,,{"type":"fill_log","seq":144,"ea_time_ms":63451187,"magic":22260201,"deal_ticket":800000113,"order_ticket":9106,"position_id":900000059,"entry_type":"IN","deal_type":"SELL","side":"S","layer_index":6,"role":"EXT","deal_price":1.12049,"order_price_open":null,"slippage_pips":null,"volume":0.00,"profit":0.00,"swap":0.00,"commission":0.00,"deal_time_broker":"2026-10-05 19:11:24","deal_time_broker_msc":1791227484000,"halted_at_receipt":false,"quarantined_at_receipt":false}
4,-1,1791227487399,ea_event,,{"type":"fill_log","seq":145,"ea_time_ms":63451187,"magic":22260201,"deal_ticket":800000114,"order_ticket":700000114,"position_id":900000057,"entry_type":"OUT_BY","deal_type":"SELL","side":null,"layer_index":null,"role":null,"deal_price":1.12049,"order_price_open":null,"slippage_pips":null,"volume":0.00,"profit":1.02,"swap":0.00,"commission":0.00,"deal_time_broker":"2026-10-05 19:11:25","deal_time_broker_msc":1791227485000,"halted_at_receipt":false,"quarantined_at_receipt":false}
4,-1,1791227487399,ea_event,,{"type":"fill_log","seq":146,"ea_time_ms":63451187,"magic":22260201,"deal_ticket":800000115,"order_ticket":700000114,"position_id":900000059,"entry_type":"OUT_BY","deal_type":"SELL","side":null,"layer_index":null,"role":null,"deal_price":1.12151,"order_price_open":null,"slippage_pips":null,"volume":0.00,"profit":0.00,"swap":0.00,"commission":0.00,"deal_time_broker":"2026-10-05 19:11:25","deal_time_broker_msc":1791227485000,"halted_at_receipt":false,"quarantined_at_receipt":false}
4,-1,1791227487399,scalp,SCALP_CLOSED,{"close_time":"2026-10-05T19:11:25Z","instrument":"EURUSD","direction":"SHORT","entry_price":1.12151,"exit_price":1.12049,"layer_depth":6,"stack_depth":7,"gross_pnl":1.02,"instance_id":"GRIND_EURUSD_OPTB","ejected":false,"rolled":false,"broker_utc_offset_s":10800,"account_login":53077984}
4,-1,1791230724399,ea_event,ROLL_ACCEPTED,{"type":"ea_event","seq":147,"ea_time_ms":63451296,"magic":null,"level":"INFO","code":"ROLL_ACCEPTED","reason":null,"ticket":900000058,"detail":{"ticket":900000058,"side":"L","layer_index":7,"entry":1.12070,"level":1.12000,"target":1.12100,"accrued":0.00000,"clamped":false,"cost":-0.00030,"cost_pips":-3.0,"rolled":8,"was_ejected":false,"source":"auto","reroll":false,"from_level":0.00000}}
4,-1,1791230963624,ea_event,,{"type":"fill_log","seq":148,"ea_time_ms":63451296,"magic":22260201,"deal_ticket":800000116,"order_ticket":9109,"position_id":900000060,"entry_type":"IN","deal_type":"SELL","side":"S","layer_index":5,"role":"EXT","deal_price":1.11978,"order_price_open":null,"slippage_pips":null,"volume":0.00,"profit":0.00,"swap":0.00,"commission":0.00,"deal_time_broker":"2026-10-05 20:09:23","deal_time_broker_msc":1791230963000,"halted_at_receipt":false,"quarantined_at_receipt":false}
4,-1,1791230964032,ea_event,,{"type":"fill_log","seq":149,"ea_time_ms":63451296,"magic":22260201,"deal_ticket":800000117,"order_ticket":700000117,"position_id":900000055,"entry_type":"OUT_BY","deal_type":"SELL","side":null,"layer_index":null,"role":null,"deal_price":1.11978,"order_price_open":null,"slippage_pips":null,"volume":0.00,"profit":1.01,"swap":0.00,"commission":0.00,"deal_time_broker":"2026-10-05 20:09:23","deal_time_broker_msc":1791230963000,"halted_at_receipt":false,"quarantined_at_receipt":false}
4,-1,1791230964032,ea_event,,{"type":"fill_log","seq":150,"ea_time_ms":63451296,"magic":22260201,"deal_ticket":800000118,"order_ticket":700000117,"position_id":900000060,"entry_type":"OUT_BY","deal_type":"SELL","side":null,"layer_index":null,"role":null,"deal_price":1.12079,"order_price_open":null,"slippage_pips":null,"volume":0.00,"profit":0.00,"swap":0.00,"commission":0.00,"deal_time_broker":"2026-10-05 20:09:23","deal_time_broker_msc":1791230963000,"halted_at_receipt":false,"quarantined_at_receipt":false}
4,-1,1791230964032,scalp,SCALP_CLOSED,{"close_time":"2026-10-05T20:09:23Z","instrument":"EURUSD","direction":"SHORT","entry_price":1.12079,"exit_price":1.11978,"layer_depth":5,"stack_depth":6,"gross_pnl":1.01,"instance_id":"GRIND_EURUSD_OPTB","ejected":false,"rolled":false,"broker_utc_offset_s":10800,"account_login":53077984}
4,-1,1791233770069,ea_event,,{"type":"fill_log","seq":151,"ea_time_ms":63451375,"magic":22260201,"deal_ticket":800000119,"order_ticket":9112,"position_id":900000061,"entry_type":"IN","deal_type":"SELL","side":"S","layer_index":5,"role":"ENT","deal_price":1.12079,"order_price_open":null,"slippage_pips":null,"volume":0.00,"profit":0.00,"swap":0.00,"commission":0.00,"deal_time_broker":"2026-10-05 20:56:05","deal_time_broker_msc":1791233765000,"halted_at_receipt":false,"quarantined_at_receipt":false}
4,-1,1791233857070,ea_event,,{"type":"fill_log","seq":152,"ea_time_ms":63451390,"magic":22260201,"deal_ticket":800000120,"order_ticket":9108,"position_id":900000062,"entry_type":"IN","deal_type":"BUY","side":"L","layer_index":7,"role":"EXT","deal_price":1.12101,"order_price_open":null,"slippage_pips":null,"volume":0.00,"profit":0.00,"swap":0.00,"commission":0.00,"deal_time_broker":"2026-10-05 20:57:36","deal_time_broker_msc":1791233856000,"halted_at_receipt":false,"quarantined_at_receipt":false}
4,-1,1791233857480,ea_event,,{"type":"fill_log","seq":153,"ea_time_ms":63451390,"magic":22260201,"deal_ticket":800000121,"order_ticket":700000121,"position_id":900000058,"entry_type":"OUT_BY","deal_type":"SELL","side":null,"layer_index":null,"role":null,"deal_price":1.12101,"order_price_open":null,"slippage_pips":null,"volume":0.00,"profit":0.31,"swap":0.00,"commission":0.00,"deal_time_broker":"2026-10-05 20:57:37","deal_time_broker_msc":1791233857000,"halted_at_receipt":false,"quarantined_at_receipt":false}
4,-1,1791233857480,ea_event,ROLL_FILLED,{"type":"ea_event","seq":154,"ea_time_ms":63451390,"magic":null,"level":"INFO","code":"ROLL_FILLED","reason":null,"ticket":900000058,"detail":{"ticket":900000058,"level":1.12000}}
4,-1,1791233857480,ea_event,,{"type":"fill_log","seq":155,"ea_time_ms":63451390,"magic":22260201,"deal_ticket":800000122,"order_ticket":700000121,"position_id":900000062,"entry_type":"OUT_BY","deal_type":"SELL","side":null,"layer_index":null,"role":null,"deal_price":1.12070,"order_price_open":null,"slippage_pips":null,"volume":0.00,"profit":0.00,"swap":0.00,"commission":0.00,"deal_time_broker":"2026-10-05 20:57:37","deal_time_broker_msc":1791233857000,"halted_at_receipt":false,"quarantined_at_receipt":false}
4,-1,1791233857480,scalp,SCALP_CLOSED,{"close_time":"2026-10-05T20:57:37Z","instrument":"EURUSD","direction":"LONG","entry_price":1.12070,"exit_price":1.12101,"layer_depth":7,"stack_depth":8,"gross_pnl":0.31,"instance_id":"GRIND_EURUSD_OPTB","ejected":false,"rolled":true,"broker_utc_offset_s":10800,"account_login":53077984}
4,-1,1791234318645,ea_event,,{"type":"fill_log","seq":156,"ea_time_ms":63451390,"magic":22260201,"deal_ticket":800000123,"order_ticket":9114,"position_id":900000063,"entry_type":"IN","deal_type":"SELL","side":"S","layer_index":6,"role":"ENT","deal_price":1.12153,"order_price_open":null,"slippage_pips":null,"volume":0.00,"profit":0.00,"swap":0.00,"commission":0.00,"deal_time_broker":"2026-10-05 21:05:17","deal_time_broker_msc":1791234317000,"halted_at_receipt":false,"quarantined_at_receipt":false}
4,-1,1791244201518,ea_event,,{"type":"fill_log","seq":157,"ea_time_ms":63451578,"magic":22260201,"deal_ticket":800000124,"order_ticket":9118,"position_id":900000064,"entry_type":"IN","deal_type":"SELL","side":"S","layer_index":7,"role":"ENT","deal_price":1.12242,"order_price_open":null,"slippage_pips":null,"volume":0.00,"profit":0.00,"swap":0.00,"commission":0.00,"deal_time_broker":"2026-10-05 23:50:01","deal_time_broker_msc":1791244201000,"halted_at_receipt":false,"quarantined_at_receipt":false}
4,-1,1791244252029,ea_event,CARRY_SNAPSHOT,{"type":"ea_event","seq":158,"ea_time_ms":63451578,"magic":null,"level":"INFO","code":"CARRY_SNAPSHOT","reason":"EURUSD","ticket":null,"detail":{"symbol":"EURUSD","swap_mode":1,"swap_long":-7.9900,"swap_short":1.3100,"multiplier":1,"day_of_week":1,"rollover3days":3,"digits":5,"point":0.00001000,"tick_value":1.00000000,"tick_size":0.00001000,"stops_level":0,"freeze_level":0,"long_pips":-0.799,"short_pips":0.131,"eligible_long":7,"eligible_short":8,"trade_mode_full":true,"mult_today":1,"mult_tomorrow":1,"accrued_swap_long":0.00,"accrued_swap_short":0.00}}
4,-1,1791244252029,ea_event,CARRY_EXIT_SHIFT,{"type":"ea_event","seq":159,"ea_time_ms":63451578,"magic":null,"level":"INFO","code":"CARRY_EXIT_SHIFT","reason":"EURUSD","ticket":null,"detail":{"position_ticket":1975880441,"side":"long","layer_index":0,"accrued_ledger_pips":-4.100,"pending_pips":-0.799,"accrued_pips_total":-4.899,"old_price":1.13245,"new_price":1.13253,"clamped":false,"sign_guard_skipped":false,"retcode":10009,"points_native_pips":-3.995}}
4,-1,1791244437659,ea_event,CARRY_EXIT_SHIFT,{"type":"ea_event","seq":160,"ea_time_ms":63451593,"magic":null,"level":"INFO","code":"CARRY_EXIT_SHIFT","reason":"EURUSD","ticket":null,"detail":{"position_ticket":900000006,"side":"long","layer_index":6,"accrued_ledger_pips":-0.800,"pending_pips":-0.799,"accrued_pips_total":-1.599,"old_price":1.12249,"new_price":1.12257,"clamped":false,"sign_guard_skipped":false,"retcode":10009,"points_native_pips":-2.397}}
4,-1,1791244437659,ea_event,CARRY_EXIT_SHIFT,{"type":"ea_event","seq":161,"ea_time_ms":63451593,"magic":null,"level":"INFO","code":"CARRY_EXIT_SHIFT","reason":"EURUSD","ticket":null,"detail":{"position_ticket":900000026,"side":"short","layer_index":0,"accrued_ledger_pips":0.000,"pending_pips":0.131,"accrued_pips_total":0.131,"old_price":1.11613,"new_price":1.11614,"clamped":false,"sign_guard_skipped":false,"retcode":10009,"points_native_pips":0.131}}
4,-1,1791244675579,ea_event,CARRY_EXIT_SHIFT,{"type":"ea_event","seq":162,"ea_time_ms":63451593,"magic":null,"level":"INFO","code":"CARRY_EXIT_SHIFT","reason":"EURUSD","ticket":null,"detail":{"position_ticket":900000064,"side":"short","layer_index":7,"accrued_ledger_pips":0.000,"pending_pips":0.131,"accrued_pips_total":0.131,"old_price":1.12142,"new_price":1.12143,"clamped":false,"sign_guard_skipped":false,"retcode":10009,"points_native_pips":0.131}}
4,-1,1791244675579,ea_event,CARRY_PASS_SUMMARY,{"type":"ea_event","seq":163,"ea_time_ms":63451593,"magic":null,"level":"INFO","code":"CARRY_PASS_SUMMARY","reason":"EURUSD","ticket":null,"detail":{"eligible":15,"shifted":4,"clamped":0,"skipped":0,"failed":0,"incomplete":false}}
6,-1,1791255841571,ea_event,,{"type":"fill_log","seq":0,"ea_time_ms":63451750,"magic":22260201,"deal_ticket":800000001,"order_ticket":1985808612,"position_id":900000001,"entry_type":"IN","deal_type":"SELL","side":"S","layer_index":0,"role":"EXT","deal_price":1.12147,"order_price_open":null,"slippage_pips":null,"volume":0.00,"profit":0.00,"swap":0.00,"commission":0.00,"deal_time_broker":"2026-10-06 03:04:00","deal_time_broker_msc":1791255840000,"halted_at_receipt":false,"quarantined_at_receipt":false}
6,-1,1791255842393,ea_event,,{"type":"fill_log","seq":1,"ea_time_ms":63451750,"magic":22260201,"deal_ticket":800000002,"order_ticket":700000002,"position_id":1985806853,"entry_type":"OUT_BY","deal_type":"SELL","side":null,"layer_index":null,"role":null,"deal_price":1.12147,"order_price_open":null,"slippage_pips":null,"volume":0.00,"profit":-4.63,"swap":0.01,"commission":0.00,"deal_time_broker":"2026-10-06 03:04:01","deal_time_broker_msc":1791255841000,"halted_at_receipt":false,"quarantined_at_receipt":false}
6,-1,1791255842393,ea_event,ROLL_FILLED,{"type":"ea_event","seq":2,"ea_time_ms":63451750,"magic":null,"level":"INFO","code":"ROLL_FILLED","reason":null,"ticket":1985806853,"detail":{"ticket":1985806853,"level":1.12247}}
6,-1,1791255842393,ea_event,,{"type":"fill_log","seq":3,"ea_time_ms":63451750,"magic":22260201,"deal_ticket":800000003,"order_ticket":700000002,"position_id":900000001,"entry_type":"OUT_BY","deal_type":"SELL","side":null,"layer_index":null,"role":null,"deal_price":1.11684,"order_price_open":null,"slippage_pips":null,"volume":0.00,"profit":0.00,"swap":0.00,"commission":0.00,"deal_time_broker":"2026-10-06 03:04:01","deal_time_broker_msc":1791255841000,"halted_at_receipt":false,"quarantined_at_receipt":false}
6,-1,1791255842393,scalp,SCALP_CLOSED,{"close_time":"2026-10-06T03:04:01Z","instrument":"EURUSD","direction":"SHORT","entry_price":1.11684,"exit_price":1.12147,"layer_depth":0,"stack_depth":8,"gross_pnl":-4.62,"instance_id":"GRIND_EURUSD_OPTB","ejected":false,"rolled":true,"broker_utc_offset_s":10800,"account_login":53077984}
6,-1,1791256016909,ea_event,,{"type":"fill_log","seq":4,"ea_time_ms":63451750,"magic":22260201,"deal_ticket":800000004,"order_ticket":1988240492,"position_id":900000002,"entry_type":"IN","deal_type":"BUY","side":"L","layer_index":6,"role":"ENT","deal_price":1.12139,"order_price_open":null,"slippage_pips":null,"volume":0.00,"profit":0.00,"swap":0.00,"commission":0.00,"deal_time_broker":"2026-10-06 03:06:56","deal_time_broker_msc":1791256016000,"halted_at_receipt":false,"quarantined_at_receipt":false}
6,-1,1791259209975,ea_event,,{"type":"fill_log","seq":5,"ea_time_ms":63451796,"magic":22260201,"deal_ticket":800000005,"order_ticket":9002,"position_id":900000003,"entry_type":"IN","deal_type":"BUY","side":"L","layer_index":6,"role":"EXT","deal_price":1.12241,"order_price_open":null,"slippage_pips":null,"volume":0.00,"profit":0.00,"swap":0.00,"commission":0.00,"deal_time_broker":"2026-10-06 04:00:09","deal_time_broker_msc":1791259209000,"halted_at_receipt":false,"quarantined_at_receipt":false}
6,-1,1791259212611,ea_event,,{"type":"fill_log","seq":6,"ea_time_ms":63451796,"magic":22260201,"deal_ticket":800000006,"order_ticket":700000006,"position_id":900000002,"entry_type":"OUT_BY","deal_type":"SELL","side":null,"layer_index":null,"role":null,"deal_price":1.12241,"order_price_open":null,"slippage_pips":null,"volume":0.00,"profit":1.02,"swap":0.00,"commission":0.00,"deal_time_broker":"2026-10-06 04:00:10","deal_time_broker_msc":1791259210000,"halted_at_receipt":false,"quarantined_at_receipt":false}
6,-1,1791259212611,ea_event,,{"type":"fill_log","seq":7,"ea_time_ms":63451796,"magic":22260201,"deal_ticket":800000007,"order_ticket":700000006,"position_id":900000003,"entry_type":"OUT_BY","deal_type":"SELL","side":null,"layer_index":null,"role":null,"deal_price":1.12139,"order_price_open":null,"slippage_pips":null,"volume":0.00,"profit":0.00,"swap":0.00,"commission":0.00,"deal_time_broker":"2026-10-06 04:00:10","deal_time_broker_msc":1791259210000,"halted_at_receipt":false,"quarantined_at_receipt":false}
6,-1,1791259212611,scalp,SCALP_CLOSED,{"close_time":"2026-10-06T04:00:10Z","instrument":"EURUSD","direction":"LONG","entry_price":1.12139,"exit_price":1.12241,"layer_depth":6,"stack_depth":7,"gross_pnl":1.02,"instance_id":"GRIND_EURUSD_OPTB","ejected":false,"rolled":false,"broker_utc_offset_s":10800,"account_login":53077984}
6,-1,1791259223466,ea_event,,{"type":"fill_log","seq":8,"ea_time_ms":63451796,"magic":22260201,"deal_ticket":800000008,"order_ticket":9001,"position_id":900000004,"entry_type":"IN","deal_type":"SELL","side":"S","layer_index":8,"role":"ENT","deal_price":1.12256,"order_price_open":null,"slippage_pips":null,"volume":0.00,"profit":0.00,"swap":0.00,"commission":0.00,"deal_time_broker":"2026-10-06 04:00:23","deal_time_broker_msc":1791259223000,"halted_at_receipt":false,"quarantined_at_receipt":false}
6,-1,1791263600972,ea_event,,{"type":"fill_log","seq":9,"ea_time_ms":63451906,"magic":22260201,"deal_ticket":800000009,"order_ticket":9006,"position_id":900000005,"entry_type":"IN","deal_type":"SELL","side":"S","layer_index":8,"role":"EXT","deal_price":1.12155,"order_price_open":null,"slippage_pips":null,"volume":0.00,"profit":0.00,"swap":0.00,"commission":0.00,"deal_time_broker":"2026-10-06 05:13:19","deal_time_broker_msc":1791263599000,"halted_at_receipt":false,"quarantined_at_receipt":false}
6,-1,1791263604189,ea_event,,{"type":"fill_log","seq":10,"ea_time_ms":63451906,"magic":22260201,"deal_ticket":800000010,"order_ticket":700000010,"position_id":900000004,"entry_type":"OUT_BY","deal_type":"SELL","side":null,"layer_index":null,"role":null,"deal_price":1.12155,"order_price_open":null,"slippage_pips":null,"volume":0.00,"profit":1.01,"swap":0.00,"commission":0.00,"deal_time_broker":"2026-10-06 05:13:21","deal_time_broker_msc":1791263601000,"halted_at_receipt":false,"quarantined_at_receipt":false}
6,-1,1791263604189,ea_event,,{"type":"fill_log","seq":11,"ea_time_ms":63451906,"magic":22260201,"deal_ticket":800000011,"order_ticket":700000010,"position_id":900000005,"entry_type":"OUT_BY","deal_type":"SELL","side":null,"layer_index":null,"role":null,"deal_price":1.12256,"order_price_open":null,"slippage_pips":null,"volume":0.00,"profit":0.00,"swap":0.00,"commission":0.00,"deal_time_broker":"2026-10-06 05:13:21","deal_time_broker_msc":1791263601000,"halted_at_receipt":false,"quarantined_at_receipt":false}
6,-1,1791263604189,scalp,SCALP_CLOSED,{"close_time":"2026-10-06T05:13:21Z","instrument":"EURUSD","direction":"SHORT","entry_price":1.12256,"exit_price":1.12155,"layer_depth":8,"stack_depth":8,"gross_pnl":1.01,"instance_id":"GRIND_EURUSD_OPTB","ejected":false,"rolled":false,"broker_utc_offset_s":10800,"account_login":53077984}
6,-1,1791263835591,ea_event,,{"type":"fill_log","seq":12,"ea_time_ms":63451906,"magic":22260201,"deal_ticket":800000012,"order_ticket":9005,"position_id":900000006,"entry_type":"IN","deal_type":"BUY","side":"L","layer_index":6,"role":"ENT","deal_price":1.12141,"order_price_open":null,"slippage_pips":null,"volume":0.00,"profit":0.00,"swap":0.00,"commission":0.00,"deal_time_broker":"2026-10-06 05:17:14","deal_time_broker_msc":1791263834000,"halted_at_receipt":false,"quarantined_at_receipt":false}
7,-1,1791269033886,ea_event,,{"type":"fill_log","seq":0,"ea_time_ms":63451984,"magic":22260201,"deal_ticket":800000001,"order_ticket":1988697118,"position_id":900000001,"entry_type":"IN","deal_type":"BUY","side":"L","layer_index":6,"role":"EXT","deal_price":1.12243,"order_price_open":null,"slippage_pips":null,"volume":0.00,"profit":0.00,"swap":0.00,"commission":0.00,"deal_time_broker":"2026-10-06 06:43:53","deal_time_broker_msc":1791269033000,"halted_at_receipt":false,"quarantined_at_receipt":false}
7,-1,1791269034483,ea_event,,{"type":"fill_log","seq":1,"ea_time_ms":63451984,"magic":22260201,"deal_ticket":800000002,"order_ticket":700000002,"position_id":1988537341,"entry_type":"OUT_BY","deal_type":"SELL","side":null,"layer_index":null,"role":null,"deal_price":1.12243,"order_price_open":null,"slippage_pips":null,"volume":0.00,"profit":1.02,"swap":0.00,"commission":0.00,"deal_time_broker":"2026-10-06 06:43:54","deal_time_broker_msc":1791269034000,"halted_at_receipt":false,"quarantined_at_receipt":false}
7,-1,1791269034483,ea_event,,{"type":"fill_log","seq":2,"ea_time_ms":63451984,"magic":22260201,"deal_ticket":800000003,"order_ticket":700000002,"position_id":900000001,"entry_type":"OUT_BY","deal_type":"SELL","side":null,"layer_index":null,"role":null,"deal_price":1.12141,"order_price_open":null,"slippage_pips":null,"volume":0.00,"profit":0.00,"swap":0.00,"commission":0.00,"deal_time_broker":"2026-10-06 06:43:54","deal_time_broker_msc":1791269034000,"halted_at_receipt":false,"quarantined_at_receipt":false}
7,-1,1791269034483,scalp,SCALP_CLOSED,{"close_time":"2026-10-06T06:43:54Z","instrument":"EURUSD","direction":"LONG","entry_price":1.12141,"exit_price":1.12243,"layer_depth":6,"stack_depth":7,"gross_pnl":1.02,"instance_id":"GRIND_EURUSD_OPTB","ejected":false,"rolled":false,"broker_utc_offset_s":10800,"account_login":53077984}
7,-1,1791275266448,ea_event,,{"type":"fill_log","seq":3,"ea_time_ms":63452078,"magic":22260201,"deal_ticket":800000004,"order_ticket":9001,"position_id":900000002,"entry_type":"IN","deal_type":"BUY","side":"L","layer_index":6,"role":"ENT","deal_price":1.12141,"order_price_open":null,"slippage_pips":null,"volume":0.00,"profit":0.00,"swap":0.00,"commission":0.00,"deal_time_broker":"2026-10-06 08:27:44","deal_time_broker_msc":1791275264000,"halted_at_receipt":false,"quarantined_at_receipt":false}
7,-1,1791277548960,ea_event,,{"type":"fill_log","seq":4,"ea_time_ms":63452125,"magic":22260201,"deal_ticket":800000005,"order_ticket":1988692978,"position_id":900000003,"entry_type":"IN","deal_type":"SELL","side":"S","layer_index":7,"role":"EXT","deal_price":1.12076,"order_price_open":null,"slippage_pips":null,"volume":0.00,"profit":0.00,"swap":0.00,"commission":0.00,"deal_time_broker":"2026-10-06 09:05:48","deal_time_broker_msc":1791277548000,"halted_at_receipt":false,"quarantined_at_receipt":false}
7,-1,1791277550169,ea_event,,{"type":"fill_log","seq":5,"ea_time_ms":63452125,"magic":22260201,"deal_ticket":800000006,"order_ticket":700000006,"position_id":1988007298,"entry_type":"OUT_BY","deal_type":"SELL","side":null,"layer_index":null,"role":null,"deal_price":1.12076,"order_price_open":null,"slippage_pips":null,"volume":0.00,"profit":1.01,"swap":0.01,"commission":0.00,"deal_time_broker":"2026-10-06 09:05:49","deal_time_broker_msc":1791277549000,"halted_at_receipt":false,"quarantined_at_receipt":false}
7,-1,1791277550169,ea_event,,{"type":"fill_log","seq":6,"ea_time_ms":63452125,"magic":22260201,"deal_ticket":800000007,"order_ticket":700000006,"position_id":900000003,"entry_type":"OUT_BY","deal_type":"SELL","side":null,"layer_index":null,"role":null,"deal_price":1.12177,"order_price_open":null,"slippage_pips":null,"volume":0.00,"profit":0.00,"swap":0.00,"commission":0.00,"deal_time_broker":"2026-10-06 09:05:49","deal_time_broker_msc":1791277549000,"halted_at_receipt":false,"quarantined_at_receipt":false}
7,-1,1791277550169,scalp,SCALP_CLOSED,{"close_time":"2026-10-06T09:05:49Z","instrument":"EURUSD","direction":"SHORT","entry_price":1.12177,"exit_price":1.12076,"layer_depth":7,"stack_depth":7,"gross_pnl":1.02,"instance_id":"GRIND_EURUSD_OPTB","ejected":false,"rolled":false,"broker_utc_offset_s":10800,"account_login":53077984}
7,-1,1791277597655,ea_event,,{"type":"fill_log","seq":7,"ea_time_ms":63452125,"magic":22260201,"deal_ticket":800000008,"order_ticket":9003,"position_id":900000004,"entry_type":"IN","deal_type":"BUY","side":"L","layer_index":7,"role":"ENT","deal_price":1.12069,"order_price_open":null,"slippage_pips":null,"volume":0.00,"profit":0.00,"swap":0.00,"commission":0.00,"deal_time_broker":"2026-10-06 09:06:37","deal_time_broker_msc":1791277597000,"halted_at_receipt":false,"quarantined_at_receipt":false}
7,-1,1791281708721,ea_event,,{"type":"fill_log","seq":8,"ea_time_ms":63452265,"magic":22260201,"deal_ticket":800000009,"order_ticket":9006,"position_id":900000005,"entry_type":"IN","deal_type":"BUY","side":"L","layer_index":7,"role":"EXT","deal_price":1.12171,"order_price_open":null,"slippage_pips":null,"volume":0.00,"profit":0.00,"swap":0.00,"commission":0.00,"deal_time_broker":"2026-10-06 10:15:08","deal_time_broker_msc":1791281708000,"halted_at_receipt":false,"quarantined_at_receipt":false}
7,-1,1791281709121,ea_event,,{"type":"fill_log","seq":9,"ea_time_ms":63452265,"magic":22260201,"deal_ticket":800000010,"order_ticket":700000010,"position_id":900000004,"entry_type":"OUT_BY","deal_type":"SELL","side":null,"layer_index":null,"role":null,"deal_price":1.12171,"order_price_open":null,"slippage_pips":null,"volume":0.00,"profit":1.02,"swap":0.00,"commission":0.00,"deal_time_broker":"2026-10-06 10:15:09","deal_time_broker_msc":1791281709000,"halted_at_receipt":false,"quarantined_at_receipt":false}
7,-1,1791281709121,ea_event,,{"type":"fill_log","seq":10,"ea_time_ms":63452265,"magic":22260201,"deal_ticket":800000011,"order_ticket":700000010,"position_id":900000005,"entry_type":"OUT_BY","deal_type":"SELL","side":null,"layer_index":null,"role":null,"deal_price":1.12069,"order_price_open":null,"slippage_pips":null,"volume":0.00,"profit":0.00,"swap":0.00,"commission":0.00,"deal_time_broker":"2026-10-06 10:15:09","deal_time_broker_msc":1791281709000,"halted_at_receipt":false,"quarantined_at_receipt":false}
7,-1,1791281709121,scalp,SCALP_CLOSED,{"close_time":"2026-10-06T10:15:09Z","instrument":"EURUSD","direction":"LONG","entry_price":1.12069,"exit_price":1.12171,"layer_depth":7,"stack_depth":8,"gross_pnl":1.02,"instance_id":"GRIND_EURUSD_OPTB","ejected":false,"rolled":false,"broker_utc_offset_s":10800,"account_login":53077984}
7,-1,1791281716994,ea_event,,{"type":"fill_log","seq":11,"ea_time_ms":63452265,"magic":22260201,"deal_ticket":800000012,"order_ticket":9005,"position_id":900000006,"entry_type":"IN","deal_type":"SELL","side":"S","layer_index":7,"role":"ENT","deal_price":1.12180,"order_price_open":null,"slippage_pips":null,"volume":0.00,"profit":0.00,"swap":0.00,"commission":0.00,"deal_time_broker":"2026-10-06 10:15:16","deal_time_broker_msc":1791281716000,"halted_at_receipt":false,"quarantined_at_receipt":false}
7,-1,1791282942642,ea_event,,{"type":"fill_log","seq":12,"ea_time_ms":63452328,"magic":22260201,"deal_ticket":800000013,"order_ticket":9007,"position_id":900000007,"entry_type":"IN","deal_type":"BUY","side":"L","layer_index":6,"role":"EXT","deal_price":1.12243,"order_price_open":null,"slippage_pips":null,"volume":0.00,"profit":0.00,"swap":0.00,"commission":0.00,"deal_time_broker":"2026-10-06 10:35:42","deal_time_broker_msc":1791282942000,"halted_at_receipt":false,"quarantined_at_receipt":false}
7,-1,1791282943050,ea_event,,{"type":"fill_log","seq":13,"ea_time_ms":63452328,"magic":22260201,"deal_ticket":800000014,"order_ticket":700000014,"position_id":900000002,"entry_type":"OUT_BY","deal_type":"SELL","side":null,"layer_index":null,"role":null,"deal_price":1.12243,"order_price_open":null,"slippage_pips":null,"volume":0.00,"profit":1.02,"swap":0.00,"commission":0.00,"deal_time_broker":"2026-10-06 10:35:42","deal_time_broker_msc":1791282942000,"halted_at_receipt":false,"quarantined_at_receipt":false}
7,-1,1791282943050,ea_event,,{"type":"fill_log","seq":14,"ea_time_ms":63452328,"magic":22260201,"deal_ticket":800000015,"order_ticket":700000014,"position_id":900000007,"entry_type":"OUT_BY","deal_type":"SELL","side":null,"layer_index":null,"role":null,"deal_price":1.12141,"order_price_open":null,"slippage_pips":null,"volume":0.00,"profit":0.00,"swap":0.00,"commission":0.00,"deal_time_broker":"2026-10-06 10:35:42","deal_time_broker_msc":1791282942000,"halted_at_receipt":false,"quarantined_at_receipt":false}
7,-1,1791282943050,scalp,SCALP_CLOSED,{"close_time":"2026-10-06T10:35:42Z","instrument":"EURUSD","direction":"LONG","entry_price":1.12141,"exit_price":1.12243,"layer_depth":6,"stack_depth":7,"gross_pnl":1.02,"instance_id":"GRIND_EURUSD_OPTB","ejected":false,"rolled":false,"broker_utc_offset_s":10800,"account_login":53077984}
7,-1,1791283174763,ea_event,,{"type":"fill_log","seq":15,"ea_time_ms":63452328,"magic":22260201,"deal_ticket":800000016,"order_ticket":9010,"position_id":900000008,"entry_type":"IN","deal_type":"SELL","side":"S","layer_index":8,"role":"ENT","deal_price":1.12255,"order_price_open":null,"slippage_pips":null,"volume":0.00,"profit":0.00,"swap":0.00,"commission":0.00,"deal_time_broker":"2026-10-06 10:39:34","deal_time_broker_msc":1791283174000,"halted_at_receipt":false,"quarantined_at_receipt":false}
7,-1,1791283902552,ea_event,ROLL_ACCEPTED,{"type":"ea_event","seq":16,"ea_time_ms":63452359,"magic":null,"level":"INFO","code":"ROLL_ACCEPTED","reason":null,"ticket":1985808618,"detail":{"ticket":1985808618,"side":"S","layer_index":1,"entry":1.11755,"level":1.12325,"target":1.12226,"accrued":0.00001,"clamped":false,"cost":0.00470,"cost_pips":47.0,"rolled":1,"was_ejected":false,"source":"auto","reroll":false,"from_level":0.00000}}
7,-1,1791284002056,ea_event,,{"type":"fill_log","seq":17,"ea_time_ms":63452359,"magic":22260201,"deal_ticket":800000017,"order_ticket":9011,"position_id":900000009,"entry_type":"IN","deal_type":"BUY","side":"L","layer_index":5,"role":"EXT","deal_price":1.12350,"order_price_open":null,"slippage_pips":null,"volume":0.00,"profit":0.00,"swap":0.00,"commission":0.00,"deal_time_broker":"2026-10-06 10:53:21","deal_time_broker_msc":1791284001000,"halted_at_receipt":false,"quarantined_at_receipt":false}
7,-1,1791284002453,ea_event,,{"type":"fill_log","seq":18,"ea_time_ms":63452359,"magic":22260201,"deal_ticket":800000018,"order_ticket":700000018,"position_id":1983681597,"entry_type":"OUT_BY","deal_type":"SELL","side":null,"layer_index":null,"role":null,"deal_price":1.12350,"order_price_open":null,"slippage_pips":null,"volume":0.00,"profit":-2.82,"swap":-0.16,"commission":0.00,"deal_time_broker":"2026-10-06 10:53:22","deal_time_broker_msc":1791284002000,"halted_at_receipt":false,"quarantined_at_receipt":false}
7,-1,1791284002453,ea_event,ROLL_FILLED,{"type":"ea_event","seq":19,"ea_time_ms":63452359,"magic":null,"level":"INFO","code":"ROLL_FILLED","reason":null,"ticket":1983681597,"detail":{"ticket":1983681597,"level":1.12212}}
7,-1,1791284002453,ea_event,,{"type":"fill_log","seq":20,"ea_time_ms":63452359,"magic":22260201,"deal_ticket":800000019,"order_ticket":700000018,"position_id":900000009,"entry_type":"OUT_BY","deal_type":"SELL","side":null,"layer_index":null,"role":null,"deal_price":1.12632,"order_price_open":null,"slippage_pips":null,"volume":0.00,"profit":0.00,"swap":0.00,"commission":0.00,"deal_time_broker":"2026-10-06 10:53:22","deal_time_broker_msc":1791284002000,"halted_at_receipt":false,"quarantined_at_receipt":false}
7,-1,1791284002453,scalp,SCALP_CLOSED,{"close_time":"2026-10-06T10:53:22Z","instrument":"EURUSD","direction":"LONG","entry_price":1.12632,"exit_price":1.12350,"layer_depth":5,"stack_depth":6,"gross_pnl":-2.98,"instance_id":"GRIND_EURUSD_OPTB","ejected":false,"rolled":true,"broker_utc_offset_s":10800,"account_login":53077984}
7,-1,1791284260382,ea_event,ROLL_ACCEPTED,{"type":"ea_event","seq":21,"ea_time_ms":63452375,"magic":null,"level":"INFO","code":"ROLL_ACCEPTED","reason":null,"ticket":1986168553,"detail":{"ticket":1986168553,"side":"S","layer_index":2,"entry":1.11824,"level":1.12395,"target":1.12296,"accrued":0.00001,"clamped":false,"cost":0.00471,"cost_pips":47.1,"rolled":2,"was_ejected":false,"source":"auto","reroll":false,"from_level":0.00000}}
7,-1,1791284271680,ea_event,,{"type":"fill_log","seq":22,"ea_time_ms":63452375,"magic":22260201,"deal_ticket":800000020,"order_ticket":9015,"position_id":900000010,"entry_type":"IN","deal_type":"BUY","side":"L","layer_index":4,"role":"EXT","deal_price":1.12398,"order_price_open":null,"slippage_pips":null,"volume":0.00,"profit":0.00,"swap":0.00,"commission":0.00,"deal_time_broker":"2026-10-06 10:57:51","deal_time_broker_msc":1791284271000,"halted_at_receipt":false,"quarantined_at_receipt":false}
7,-1,1791284272092,ea_event,,{"type":"fill_log","seq":23,"ea_time_ms":63452375,"magic":22260201,"deal_ticket":800000021,"order_ticket":700000021,"position_id":1983449572,"entry_type":"OUT_BY","deal_type":"SELL","side":null,"layer_index":null,"role":null,"deal_price":1.12398,"order_price_open":null,"slippage_pips":null,"volume":0.00,"profit":-3.04,"swap":-0.16,"commission":0.00,"deal_time_broker":"2026-10-06 10:57:51","deal_time_broker_msc":1791284271000,"halted_at_receipt":false,"quarantined_at_receipt":false}
7,-1,1791284272092,ea_event,ROLL_FILLED,{"type":"ea_event","seq":24,"ea_time_ms":63452375,"magic":null,"level":"INFO","code":"ROLL_FILLED","reason":null,"ticket":1983449572,"detail":{"ticket":1983449572,"level":1.12282}}
7,-1,1791284272092,ea_event,,{"type":"fill_log","seq":25,"ea_time_ms":63452375,"magic":22260201,"deal_ticket":800000022,"order_ticket":700000021,"position_id":900000010,"entry_type":"OUT_BY","deal_type":"SELL","side":null,"layer_index":null,"role":null,"deal_price":1.12702,"order_price_open":null,"slippage_pips":null,"volume":0.00,"profit":0.00,"swap":0.00,"commission":0.00,"deal_time_broker":"2026-10-06 10:57:51","deal_time_broker_msc":1791284271000,"halted_at_receipt":false,"quarantined_at_receipt":false}
7,-1,1791284272092,scalp,SCALP_CLOSED,{"close_time":"2026-10-06T10:57:51Z","instrument":"EURUSD","direction":"LONG","entry_price":1.12702,"exit_price":1.12398,"layer_depth":4,"stack_depth":5,"gross_pnl":-3.20,"instance_id":"GRIND_EURUSD_OPTB","ejected":false,"rolled":true,"broker_utc_offset_s":10800,"account_login":53077984}
7,-1,1791284902407,ea_event,,{"type":"fill_log","seq":26,"ea_time_ms":63452406,"magic":22260201,"deal_ticket":800000023,"order_ticket":9014,"position_id":900000011,"entry_type":"IN","deal_type":"SELL","side":"S","layer_index":2,"role":"EXT","deal_price":1.12291,"order_price_open":null,"slippage_pips":null,"volume":0.00,"profit":0.00,"swap":0.00,"commission":0.00,"deal_time_broker":"2026-10-06 11:08:22","deal_time_broker_msc":1791284902000,"halted_at_receipt":false,"quarantined_at_receipt":false}
7,-1,1791284902806,ea_event,,{"type":"fill_log","seq":27,"ea_time_ms":63452406,"magic":22260201,"deal_ticket":800000024,"order_ticket":700000024,"position_id":1986168553,"entry_type":"OUT_BY","deal_type":"SELL","side":null,"layer_index":null,"role":null,"deal_price":1.12291,"order_price_open":null,"slippage_pips":null,"volume":0.00,"profit":-4.67,"swap":0.01,"commission":0.00,"deal_time_broker":"2026-10-06 11:08:22","deal_time_broker_msc":1791284902000,"halted_at_receipt":false,"quarantined_at_receipt":false}
7,-1,1791284902806,ea_event,ROLL_FILLED,{"type":"ea_event","seq":28,"ea_time_ms":63452406,"magic":null,"level":"INFO","code":"ROLL_FILLED","reason":null,"ticket":1986168553,"detail":{"ticket":1986168553,"level":1.12395}}
7,-1,1791284902806,ea_event,,{"type":"fill_log","seq":29,"ea_time_ms":63452406,"magic":22260201,"deal_ticket":800000025,"order_ticket":700000024,"position_id":900000011,"entry_type":"OUT_BY","deal_type":"SELL","side":null,"layer_index":null,"role":null,"deal_price":1.11824,"order_price_open":null,"slippage_pips":null,"volume":0.00,"profit":0.00,"swap":0.00,"commission":0.00,"deal_time_broker":"2026-10-06 11:08:22","deal_time_broker_msc":1791284902000,"halted_at_receipt":false,"quarantined_at_receipt":false}
7,-1,1791284902806,scalp,SCALP_CLOSED,{"close_time":"2026-10-06T11:08:22Z","instrument":"EURUSD","direction":"SHORT","entry_price":1.11824,"exit_price":1.12291,"layer_depth":2,"stack_depth":8,"gross_pnl":-4.66,"instance_id":"GRIND_EURUSD_OPTB","ejected":false,"rolled":true,"broker_utc_offset_s":10800,"account_login":53077984}
7,-1,1791285375934,ea_event,,{"type":"fill_log","seq":30,"ea_time_ms":63452421,"magic":22260201,"deal_ticket":800000026,"order_ticket":9019,"position_id":900000012,"entry_type":"IN","deal_type":"BUY","side":"L","layer_index":4,"role":"ENT","deal_price":1.12280,"order_price_open":null,"slippage_pips":null,"volume":0.00,"profit":0.00,"swap":0.00,"commission":0.00,"deal_time_broker":"2026-10-06 11:16:15","deal_time_broker_msc":1791285375000,"halted_at_receipt":false,"quarantined_at_receipt":false}
7,-1,1791286623988,ea_event,,{"type":"fill_log","seq":31,"ea_time_ms":63452468,"magic":22260201,"deal_ticket":800000027,"order_ticket":9022,"position_id":900000013,"entry_type":"IN","deal_type":"BUY","side":"L","layer_index":4,"role":"EXT","deal_price":1.12385,"order_price_open":null,"slippage_pips":null,"volume":0.00,"profit":0.00,"swap":0.00,"commission":0.00,"deal_time_broker":"2026-10-06 11:37:03","deal_time_broker_msc":1791286623000,"halted_at_receipt":false,"quarantined_at_receipt":false}
7,-1,1791286624975,ea_event,,{"type":"fill_log","seq":32,"ea_time_ms":63452468,"magic":22260201,"deal_ticket":800000028,"order_ticket":700000028,"position_id":900000012,"entry_type":"OUT_BY","deal_type":"SELL","side":null,"layer_index":null,"role":null,"deal_price":1.12385,"order_price_open":null,"slippage_pips":null,"volume":0.00,"profit":1.05,"swap":0.00,"commission":0.00,"deal_time_broker":"2026-10-06 11:37:04","deal_time_broker_msc":1791286624000,"halted_at_receipt":false,"quarantined_at_receipt":false}
7,-1,1791286624975,ea_event,,{"type":"fill_log","seq":33,"ea_time_ms":63452468,"magic":22260201,"deal_ticket":800000029,"order_ticket":700000028,"position_id":900000013,"entry_type":"OUT_BY","deal_type":"SELL","side":null,"layer_index":null,"role":null,"deal_price":1.12280,"order_price_open":null,"slippage_pips":null,"volume":0.00,"profit":0.00,"swap":0.00,"commission":0.00,"deal_time_broker":"2026-10-06 11:37:04","deal_time_broker_msc":1791286624000,"halted_at_receipt":false,"quarantined_at_receipt":false}
7,-1,1791286624975,scalp,SCALP_CLOSED,{"close_time":"2026-10-06T11:37:04Z","instrument":"EURUSD","direction":"LONG","entry_price":1.12280,"exit_price":1.12385,"layer_depth":4,"stack_depth":5,"gross_pnl":1.05,"instance_id":"GRIND_EURUSD_OPTB","ejected":false,"rolled":false,"broker_utc_offset_s":10800,"account_login":53077984}
7,-1,1791286628991,ea_event,,{"type":"fill_log","seq":34,"ea_time_ms":63452468,"magic":22260201,"deal_ticket":800000030,"order_ticket":9021,"position_id":900000014,"entry_type":"IN","deal_type":"SELL","side":"S","layer_index":9,"role":"ENT","deal_price":1.12398,"order_price_open":null,"slippage_pips":null,"volume":0.00,"profit":0.00,"swap":0.00,"commission":0.00,"deal_time_broker":"2026-10-06 11:37:08","deal_time_broker_msc":1791286628000,"halted_at_receipt":false,"quarantined_at_receipt":false}
7,-1,1791286992481,ea_event,ROLL_ACCEPTED,{"type":"ea_event","seq":35,"ea_time_ms":63452484,"magic":null,"level":"INFO","code":"ROLL_ACCEPTED","reason":null,"ticket":1986184228,"detail":{"ticket":1986184228,"side":"S","layer_index":3,"entry":1.11894,"level":1.12468,"target":1.12369,"accrued":0.00001,"clamped":false,"cost":0.00474,"cost_pips":47.4,"rolled":2,"was_ejected":false,"source":"auto","reroll":false,"from_level":0.00000}}
7,-1,1791287007775,ea_event,,{"type":"fill_log","seq":36,"ea_time_ms":63452484,"magic":22260201,"deal_ticket":800000031,"order_ticket":9024,"position_id":900000015,"entry_type":"IN","deal_type":"BUY","side":"L","layer_index":3,"role":"EXT","deal_price":1.12469,"order_price_open":null,"slippage_pips":null,"volume":0.00,"profit":0.00,"swap":0.00,"commission":0.00,"deal_time_broker":"2026-10-06 11:43:27","deal_time_broker_msc":1791287007000,"halted_at_receipt":false,"quarantined_at_receipt":false}
7,-1,1791287008182,ea_event,,{"type":"fill_log","seq":37,"ea_time_ms":63452484,"magic":22260201,"deal_ticket":800000032,"order_ticket":700000032,"position_id":1983436344,"entry_type":"OUT_BY","deal_type":"SELL","side":null,"layer_index":null,"role":null,"deal_price":1.12469,"order_price_open":null,"slippage_pips":null,"volume":0.00,"profit":-3.04,"swap":-0.16,"commission":0.00,"deal_time_broker":"2026-10-06 11:43:28","deal_time_broker_msc":1791287008000,"halted_at_receipt":false,"quarantined_at_receipt":false}
7,-1,1791287008182,ea_event,ROLL_FILLED,{"type":"ea_event","seq":38,"ea_time_ms":63452484,"magic":null,"level":"INFO","code":"ROLL_FILLED","reason":null,"ticket":1983436344,"detail":{"ticket":1983436344,"level":1.12352}}
7,-1,1791287008182,ea_event,,{"type":"fill_log","seq":39,"ea_time_ms":63452484,"magic":22260201,"deal_ticket":800000033,"order_ticket":700000032,"position_id":900000015,"entry_type":"OUT_BY","deal_type":"SELL","side":null,"layer_index":null,"role":null,"deal_price":1.12773,"order_price_open":null,"slippage_pips":null,"volume":0.00,"profit":0.00,"swap":0.00,"commission":0.00,"deal_time_broker":"2026-10-06 11:43:28","deal_time_broker_msc":1791287008000,"halted_at_receipt":false,"quarantined_at_receipt":false}
7,-1,1791287008182,scalp,SCALP_CLOSED,{"close_time":"2026-10-06T11:43:28Z","instrument":"EURUSD","direction":"LONG","entry_price":1.12773,"exit_price":1.12469,"layer_depth":3,"stack_depth":4,"gross_pnl":-3.20,"instance_id":"GRIND_EURUSD_OPTB","ejected":false,"rolled":true,"broker_utc_offset_s":10800,"account_login":53077984}
7,-1,1791288827323,ea_event,,{"type":"fill_log","seq":40,"ea_time_ms":63452546,"magic":22260201,"deal_ticket":800000034,"order_ticket":9017,"position_id":900000016,"entry_type":"IN","deal_type":"SELL","side":"S","layer_index":3,"role":"EXT","deal_price":1.12368,"order_price_open":null,"slippage_pips":null,"volume":0.00,"profit":0.00,"swap":0.00,"commission":0.00,"deal_time_broker":"2026-10-06 12:13:44","deal_time_broker_msc":1791288824000,"halted_at_receipt":false,"quarantined_at_receipt":false}
7,-1,1791288828727,ea_event,,{"type":"fill_log","seq":41,"ea_time_ms":63452546,"magic":22260201,"deal_ticket":800000035,"order_ticket":700000035,"position_id":1986184228,"entry_type":"OUT_BY","deal_type":"SELL","side":null,"layer_index":null,"role":null,"deal_price":1.12368,"order_price_open":null,"slippage_pips":null,"volume":0.00,"profit":-4.74,"swap":0.01,"commission":0.00,"deal_time_broker":"2026-10-06 12:13:47","deal_time_broker_msc":1791288827000,"halted_at_receipt":false,"quarantined_at_receipt":false}
7,-1,1791288828727,ea_event,ROLL_FILLED,{"type":"ea_event","seq":42,"ea_time_ms":63452546,"magic":null,"level":"INFO","code":"ROLL_FILLED","reason":null,"ticket":1986184228,"detail":{"ticket":1986184228,"level":1.12468}}
7,-1,1791288828727,ea_event,,{"type":"fill_log","seq":43,"ea_time_ms":63452546,"magic":22260201,"deal_ticket":800000036,"order_ticket":700000035,"position_id":900000016,"entry_type":"OUT_BY","deal_type":"SELL","side":null,"layer_index":null,"role":null,"deal_price":1.11894,"order_price_open":null,"slippage_pips":null,"volume":0.00,"profit":0.00,"swap":0.00,"commission":0.00,"deal_time_broker":"2026-10-06 12:13:47","deal_time_broker_msc":1791288827000,"halted_at_receipt":false,"quarantined_at_receipt":false}
7,-1,1791288828727,scalp,SCALP_CLOSED,{"close_time":"2026-10-06T12:13:47Z","instrument":"EURUSD","direction":"SHORT","entry_price":1.11894,"exit_price":1.12368,"layer_depth":3,"stack_depth":8,"gross_pnl":-4.73,"instance_id":"GRIND_EURUSD_OPTB","ejected":false,"rolled":true,"broker_utc_offset_s":10800,"account_login":53077984}
7,-1,1791289256526,ea_event,,{"type":"fill_log","seq":44,"ea_time_ms":63452562,"magic":22260201,"deal_ticket":800000037,"order_ticket":9029,"position_id":900000017,"entry_type":"IN","deal_type":"BUY","side":"L","layer_index":3,"role":"ENT","deal_price":1.12347,"order_price_open":null,"slippage_pips":null,"volume":0.00,"profit":0.00,"swap":0.00,"commission":0.00,"deal_time_broker":"2026-10-06 12:20:55","deal_time_broker_msc":1791289255000,"halted_at_receipt":false,"quarantined_at_receipt":false}
7,-1,1791290061729,ea_event,,{"type":"fill_log","seq":45,"ea_time_ms":63452578,"magic":22260201,"deal_ticket":800000038,"order_ticket":9032,"position_id":900000018,"entry_type":"IN","deal_type":"BUY","side":"L","layer_index":3,"role":"EXT","deal_price":1.12454,"order_price_open":null,"slippage_pips":null,"volume":0.00,"profit":0.00,"swap":0.00,"commission":0.00,"deal_time_broker":"2026-10-06 12:34:21","deal_time_broker_msc":1791290061000,"halted_at_receipt":false,"quarantined_at_receipt":false}
7,-1,1791290062130,ea_event,,{"type":"fill_log","seq":46,"ea_time_ms":63452578,"magic":22260201,"deal_ticket":800000039,"order_ticket":700000039,"position_id":900000017,"entry_type":"OUT_BY","deal_type":"SELL","side":null,"layer_index":null,"role":null,"deal_price":1.12454,"order_price_open":null,"slippage_pips":null,"volume":0.00,"profit":1.07,"swap":0.00,"commission":0.00,"deal_time_broker":"2026-10-06 12:34:22","deal_time_broker_msc":1791290062000,"halted_at_receipt":false,"quarantined_at_receipt":false}
7,-1,1791290062130,ea_event,,{"type":"fill_log","seq":47,"ea_time_ms":63452578,"magic":22260201,"deal_ticket":800000040,"order_ticket":700000039,"position_id":900000018,"entry_type":"OUT_BY","deal_type":"SELL","side":null,"layer_index":null,"role":null,"deal_price":1.12347,"order_price_open":null,"slippage_pips":null,"volume":0.00,"profit":0.00,"swap":0.00,"commission":0.00,"deal_time_broker":"2026-10-06 12:34:22","deal_time_broker_msc":1791290062000,"halted_at_receipt":false,"quarantined_at_receipt":false}
7,-1,1791290062130,scalp,SCALP_CLOSED,{"close_time":"2026-10-06T12:34:22Z","instrument":"EURUSD","direction":"LONG","entry_price":1.12347,"exit_price":1.12454,"layer_depth":3,"stack_depth":4,"gross_pnl":1.07,"instance_id":"GRIND_EURUSD_OPTB","ejected":false,"rolled":false,"broker_utc_offset_s":10800,"account_login":53077984}
7,-1,1791291112018,ea_event,,{"type":"fill_log","seq":48,"ea_time_ms":63452609,"magic":22260201,"deal_ticket":800000041,"order_ticket":9031,"position_id":900000019,"entry_type":"IN","deal_type":"SELL","side":"S","layer_index":10,"role":"ENT","deal_price":1.12478,"order_price_open":null,"slippage_pips":null,"volume":0.00,"profit":0.00,"swap":0.00,"commission":0.00,"deal_time_broker":"2026-10-06 12:51:51","deal_time_broker_msc":1791291111000,"halted_at_receipt":false,"quarantined_at_receipt":false}
7,-1,1791296133251,ea_event,,{"type":"fill_log","seq":49,"ea_time_ms":63452734,"magic":22260201,"deal_ticket":800000042,"order_ticket":9034,"position_id":900000020,"entry_type":"IN","deal_type":"BUY","side":"L","layer_index":2,"role":"EXT","deal_price":1.12540,"order_price_open":null,"slippage_pips":null,"volume":0.00,"profit":0.00,"swap":0.00,"commission":0.00,"deal_time_broker":"2026-10-06 14:15:33","deal_time_broker_msc":1791296133000,"halted_at_receipt":false,"quarantined_at_receipt":false}
7,-1,1791296133660,ea_event,,{"type":"fill_log","seq":50,"ea_time_ms":63452734,"magic":22260201,"deal_ticket":800000043,"order_ticket":700000043,"position_id":1983436242,"entry_type":"OUT_BY","deal_type":"SELL","side":null,"layer_index":null,"role":null,"deal_price":1.12540,"order_price_open":null,"slippage_pips":null,"volume":0.00,"profit":-3.03,"swap":-0.16,"commission":0.00,"deal_time_broker":"2026-10-06 14:15:33","deal_time_broker_msc":1791296133000,"halted_at_receipt":false,"quarantined_at_receipt":false}
7,-1,1791296133660,ea_event,ROLL_FILLED,{"type":"ea_event","seq":51,"ea_time_ms":63452734,"magic":null,"level":"INFO","code":"ROLL_FILLED","reason":null,"ticket":1983436242,"detail":{"ticket":1983436242,"level":1.12422}}
7,-1,1791296133660,ea_event,,{"type":"fill_log","seq":52,"ea_time_ms":63452734,"magic":22260201,"deal_ticket":800000044,"order_ticket":700000043,"position_id":900000020,"entry_type":"OUT_BY","deal_type":"SELL","side":null,"layer_index":null,"role":null,"deal_price":1.12843,"order_price_open":null,"slippage_pips":null,"volume":0.00,"profit":0.00,"swap":0.00,"commission":0.00,"deal_time_broker":"2026-10-06 14:15:33","deal_time_broker_msc":1791296133000,"halted_at_receipt":false,"quarantined_at_receipt":false}
7,-1,1791296133660,scalp,SCALP_CLOSED,{"close_time":"2026-10-06T14:15:33Z","instrument":"EURUSD","direction":"LONG","entry_price":1.12843,"exit_price":1.12540,"layer_depth":2,"stack_depth":3,"gross_pnl":-3.19,"instance_id":"GRIND_EURUSD_OPTB","ejected":false,"rolled":true,"broker_utc_offset_s":10800,"account_login":53077984}
7,-1,1791296185105,ea_event,,{"type":"fill_log","seq":53,"ea_time_ms":63452734,"magic":22260201,"deal_ticket":800000045,"order_ticket":9038,"position_id":900000021,"entry_type":"IN","deal_type":"BUY","side":"L","layer_index":2,"role":"ENT","deal_price":1.12529,"order_price_open":null,"slippage_pips":null,"volume":0.00,"profit":0.00,"swap":0.00,"commission":0.00,"deal_time_broker":"2026-10-06 14:16:24","deal_time_broker_msc":1791296184000,"halted_at_receipt":false,"quarantined_at_receipt":false}
7,-1,1791296302069,ea_event,ROLL_ACCEPTED,{"type":"ea_event","seq":54,"ea_time_ms":63452734,"magic":null,"level":"INFO","code":"ROLL_ACCEPTED","reason":null,"ticket":1986210743,"detail":{"ticket":1986210743,"side":"S","layer_index":4,"entry":1.11964,"level":1.12548,"target":1.12449,"accrued":0.00001,"clamped":false,"cost":0.00484,"cost_pips":48.4,"rolled":2,"was_ejected":false,"source":"auto","reroll":false,"from_level":0.00000}}
7,-1,1791296733664,ea_event,ROLL_ACCEPTED,{"type":"ea_event","seq":55,"ea_time_ms":63452765,"magic":null,"level":"INFO","code":"ROLL_ACCEPTED","reason":null,"ticket":1987260003,"detail":{"ticket":1987260003,"side":"S","layer_index":5,"entry":1.12036,"level":1.12618,"target":1.12519,"accrued":0.00001,"clamped":false,"cost":0.00482,"cost_pips":48.2,"rolled":3,"was_ejected":false,"source":"auto","reroll":false,"from_level":0.00000}}
7,-1,1791296737682,ea_event,,{"type":"fill_log","seq":56,"ea_time_ms":63452765,"magic":22260201,"deal_ticket":800000046,"order_ticket":9039,"position_id":900000022,"entry_type":"IN","deal_type":"BUY","side":"L","layer_index":2,"role":"EXT","deal_price":1.12632,"order_price_open":null,"slippage_pips":null,"volume":0.00,"profit":0.00,"swap":0.00,"commission":0.00,"deal_time_broker":"2026-10-06 14:25:37","deal_time_broker_msc":1791296737000,"halted_at_receipt":false,"quarantined_at_receipt":false}
7,-1,1791296738284,ea_event,,{"type":"fill_log","seq":57,"ea_time_ms":63452765,"magic":22260201,"deal_ticket":800000047,"order_ticket":700000047,"position_id":900000021,"entry_type":"OUT_BY","deal_type":"SELL","side":null,"layer_index":null,"role":null,"deal_price":1.12632,"order_price_open":null,"slippage_pips":null,"volume":0.00,"profit":1.03,"swap":0.00,"commission":0.00,"deal_time_broker":"2026-10-06 14:25:37","deal_time_broker_msc":1791296737000,"halted_at_receipt":false,"quarantined_at_receipt":false}
7,-1,1791296738284,ea_event,,{"type":"fill_log","seq":58,"ea_time_ms":63452765,"magic":22260201,"deal_ticket":800000048,"order_ticket":700000047,"position_id":900000022,"entry_type":"OUT_BY","deal_type":"SELL","side":null,"layer_index":null,"role":null,"deal_price":1.12529,"order_price_open":null,"slippage_pips":null,"volume":0.00,"profit":0.00,"swap":0.00,"commission":0.00,"deal_time_broker":"2026-10-06 14:25:37","deal_time_broker_msc":1791296737000,"halted_at_receipt":false,"quarantined_at_receipt":false}
7,-1,1791296738284,scalp,SCALP_CLOSED,{"close_time":"2026-10-06T14:25:37Z","instrument":"EURUSD","direction":"LONG","entry_price":1.12529,"exit_price":1.12632,"layer_depth":2,"stack_depth":3,"gross_pnl":1.03,"instance_id":"GRIND_EURUSD_OPTB","ejected":false,"rolled":false,"broker_utc_offset_s":10800,"account_login":53077984}
7,-1,1791296768314,ea_event,,{"type":"fill_log","seq":59,"ea_time_ms":63452765,"magic":22260201,"deal_ticket":800000049,"order_ticket":9044,"position_id":900000023,"entry_type":"IN","deal_type":"BUY","side":"L","layer_index":2,"role":"ENT","deal_price":1.12642,"order_price_open":null,"slippage_pips":null,"volume":0.00,"profit":0.00,"swap":0.00,"commission":0.00,"deal_time_broker":"2026-10-06 14:26:08","deal_time_broker_msc":1791296768000,"halted_at_receipt":false,"quarantined_at_receipt":false}
7,-1,1791297750405,ea_event,ROLL_ACCEPTED,{"type":"ea_event","seq":60,"ea_time_ms":63452812,"magic":null,"level":"INFO","code":"ROLL_ACCEPTED","reason":null,"ticket":1987903330,"detail":{"ticket":1987903330,"side":"S","layer_index":6,"entry":1.12106,"level":1.12688,"target":1.12589,"accrued":0.00001,"clamped":false,"cost":0.00482,"cost_pips":48.2,"rolled":4,"was_ejected":false,"source":"auto","reroll":false,"from_level":0.00000}}
7,-1,1791298999032,ea_event,,{"type":"fill_log","seq":61,"ea_time_ms":63452875,"magic":22260201,"deal_ticket":800000050,"order_ticket":9045,"position_id":900000024,"entry_type":"IN","deal_type":"BUY","side":"L","layer_index":2,"role":"EXT","deal_price":1.12744,"order_price_open":null,"slippage_pips":null,"volume":0.00,"profit":0.00,"swap":0.00,"commission":0.00,"deal_time_broker":"2026-10-06 15:03:18","deal_time_broker_msc":1791298998000,"halted_at_receipt":false,"quarantined_at_receipt":false}
7,-1,1791298999843,ea_event,,{"type":"fill_log","seq":62,"ea_time_ms":63452875,"magic":22260201,"deal_ticket":800000051,"order_ticket":700000051,"position_id":900000023,"entry_type":"OUT_BY","deal_type":"SELL","side":null,"layer_index":null,"role":null,"deal_price":1.12744,"order_price_open":null,"slippage_pips":null,"volume":0.00,"profit":1.02,"swap":0.00,"commission":0.00,"deal_time_broker":"2026-10-06 15:03:19","deal_time_broker_msc":1791298999000,"halted_at_receipt":false,"quarantined_at_receipt":false}
7,-1,1791298999843,ea_event,,{"type":"fill_log","seq":63,"ea_time_ms":63452875,"magic":22260201,"deal_ticket":800000052,"order_ticket":700000051,"position_id":900000024,"entry_type":"OUT_BY","deal_type":"SELL","side":null,"layer_index":null,"role":null,"deal_price":1.12642,"order_price_open":null,"slippage_pips":null,"volume":0.00,"profit":0.00,"swap":0.00,"commission":0.00,"deal_time_broker":"2026-10-06 15:03:19","deal_time_broker_msc":1791298999000,"halted_at_receipt":false,"quarantined_at_receipt":false}
7,-1,1791298999843,scalp,SCALP_CLOSED,{"close_time":"2026-10-06T15:03:19Z","instrument":"EURUSD","direction":"LONG","entry_price":1.12642,"exit_price":1.12744,"layer_depth":2,"stack_depth":3,"gross_pnl":1.02,"instance_id":"GRIND_EURUSD_OPTB","ejected":false,"rolled":false,"broker_utc_offset_s":10800,"account_login":53077984}
7,-1,1791299033442,ea_event,,{"type":"fill_log","seq":64,"ea_time_ms":63452875,"magic":22260201,"deal_ticket":800000053,"order_ticket":9049,"position_id":900000025,"entry_type":"IN","deal_type":"BUY","side":"L","layer_index":2,"role":"ENT","deal_price":1.12742,"order_price_open":null,"slippage_pips":null,"volume":0.00,"profit":0.00,"swap":0.00,"commission":0.00,"deal_time_broker":"2026-10-06 15:03:53","deal_time_broker_msc":1791299033000,"halted_at_receipt":false,"quarantined_at_receipt":false}
7,-1,1791299076086,ea_event,ROLL_ACCEPTED,{"type":"ea_event","seq":65,"ea_time_ms":63452875,"magic":null,"level":"INFO","code":"ROLL_ACCEPTED","reason":null,"ticket":900000006,"detail":{"ticket":900000006,"side":"S","layer_index":7,"entry":1.12180,"level":1.12758,"target":1.12658,"accrued":0.00000,"clamped":false,"cost":0.00478,"cost_pips":47.8,"rolled":5,"was_ejected":false,"source":"auto","reroll":false,"from_level":0.00000}}
7,-1,1791299206866,ea_event,,{"type":"fill_log","seq":66,"ea_time_ms":63452875,"magic":22260201,"deal_ticket":800000054,"order_ticket":9051,"position_id":900000026,"entry_type":"IN","deal_type":"BUY","side":"L","layer_index":3,"role":"ENT","deal_price":1.12669,"order_price_open":null,"slippage_pips":null,"volume":0.00,"profit":0.00,"swap":0.00,"commission":0.00,"deal_time_broker":"2026-10-06 15:06:46","deal_time_broker_msc":1791299206000,"halted_at_receipt":false,"quarantined_at_receipt":false}
7,-1,1791300426621,ea_event,,{"type":"fill_log","seq":67,"ea_time_ms":63452937,"magic":22260201,"deal_ticket":800000055,"order_ticket":9047,"position_id":900000027,"entry_type":"IN","deal_type":"SELL","side":"S","layer_index":7,"role":"EXT","deal_price":1.12656,"order_price_open":null,"slippage_pips":null,"volume":0.00,"profit":0.00,"swap":0.00,"commission":0.00,"deal_time_broker":"2026-10-06 15:27:06","deal_time_broker_msc":1791300426000,"halted_at_receipt":false,"quarantined_at_receipt":false}
7,-1,1791300428424,ea_event,,{"type":"fill_log","seq":68,"ea_time_ms":63452937,"magic":22260201,"deal_ticket":800000056,"order_ticket":700000056,"position_id":900000006,"entry_type":"OUT_BY","deal_type":"SELL","side":null,"layer_index":null,"role":null,"deal_price":1.12656,"order_price_open":null,"slippage_pips":null,"volume":0.00,"profit":-4.76,"swap":0.00,"commission":0.00,"deal_time_broker":"2026-10-06 15:27:06","deal_time_broker_msc":1791300426000,"halted_at_receipt":false,"quarantined_at_receipt":false}
7,-1,1791300428424,ea_event,ROLL_FILLED,{"type":"ea_event","seq":69,"ea_time_ms":63452937,"magic":null,"level":"INFO","code":"ROLL_FILLED","reason":null,"ticket":900000006,"detail":{"ticket":900000006,"level":1.12758}}
7,-1,1791300428424,ea_event,,{"type":"fill_log","seq":70,"ea_time_ms":63452937,"magic":22260201,"deal_ticket":800000057,"order_ticket":700000056,"position_id":900000027,"entry_type":"OUT_BY","deal_type":"SELL","side":null,"layer_index":null,"role":null,"deal_price":1.12180,"order_price_open":null,"slippage_pips":null,"volume":0.00,"profit":0.00,"swap":0.00,"commission":0.00,"deal_time_broker":"2026-10-06 15:27:06","deal_time_broker_msc":1791300426000,"halted_at_receipt":false,"quarantined_at_receipt":false}
7,-1,1791300428424,scalp,SCALP_CLOSED,{"close_time":"2026-10-06T15:27:06Z","instrument":"EURUSD","direction":"SHORT","entry_price":1.12180,"exit_price":1.12656,"layer_depth":7,"stack_depth":8,"gross_pnl":-4.76,"instance_id":"GRIND_EURUSD_OPTB","ejected":false,"rolled":true,"broker_utc_offset_s":10800,"account_login":53077984}
7,-1,1791301617531,ea_event,,{"type":"fill_log","seq":71,"ea_time_ms":63452984,"magic":22260201,"deal_ticket":800000058,"order_ticket":9054,"position_id":900000028,"entry_type":"IN","deal_type":"BUY","side":"L","layer_index":4,"role":"ENT","deal_price":1.12598,"order_price_open":null,"slippage_pips":null,"volume":0.00,"profit":0.00,"swap":0.00,"commission":0.00,"deal_time_broker":"2026-10-06 15:46:56","deal_time_broker_msc":1791301616000,"halted_at_receipt":false,"quarantined_at_receipt":false}
7,-1,1791301770564,ea_event,,{"type":"fill_log","seq":72,"ea_time_ms":63452984,"magic":22260201,"deal_ticket":800000059,"order_ticket":9055,"position_id":900000029,"entry_type":"IN","deal_type":"SELL","side":"S","layer_index":6,"role":"EXT","deal_price":1.12587,"order_price_open":null,"slippage_pips":null,"volume":0.00,"profit":0.00,"swap":0.00,"commission":0.00,"deal_time_broker":"2026-10-06 15:49:29","deal_time_broker_msc":1791301769000,"halted_at_receipt":false,"quarantined_at_receipt":false}
7,-1,1791301781026,ea_event,,{"type":"fill_log","seq":73,"ea_time_ms":63452984,"magic":22260201,"deal_ticket":800000060,"order_ticket":700000060,"position_id":1987903330,"entry_type":"OUT_BY","deal_type":"SELL","side":null,"layer_index":null,"role":null,"deal_price":1.12587,"order_price_open":null,"slippage_pips":null,"volume":0.00,"profit":-4.81,"swap":0.01,"commission":0.00,"deal_time_broker":"2026-10-06 15:49:30","deal_time_broker_msc":1791301770000,"halted_at_receipt":false,"quarantined_at_receipt":false}
7,-1,1791301781026,ea_event,ROLL_FILLED,{"type":"ea_event","seq":74,"ea_time_ms":63452984,"magic":null,"level":"INFO","code":"ROLL_FILLED","reason":null,"ticket":1987903330,"detail":{"ticket":1987903330,"level":1.12688}}
7,-1,1791301781026,ea_event,,{"type":"fill_log","seq":75,"ea_time_ms":63452984,"magic":22260201,"deal_ticket":800000061,"order_ticket":700000060,"position_id":900000029,"entry_type":"OUT_BY","deal_type":"SELL","side":null,"layer_index":null,"role":null,"deal_price":1.12106,"order_price_open":null,"slippage_pips":null,"volume":0.00,"profit":0.00,"swap":0.00,"commission":0.00,"deal_time_broker":"2026-10-06 15:49:30","deal_time_broker_msc":1791301770000,"halted_at_receipt":false,"quarantined_at_receipt":false}
7,-1,1791301781026,scalp,SCALP_CLOSED,{"close_time":"2026-10-06T15:49:30Z","instrument":"EURUSD","direction":"SHORT","entry_price":1.12106,"exit_price":1.12587,"layer_depth":6,"stack_depth":7,"gross_pnl":-4.80,"instance_id":"GRIND_EURUSD_OPTB","ejected":false,"rolled":true,"broker_utc_offset_s":10800,"account_login":53077984}
7,-1,1791303986455,ea_event,,{"type":"fill_log","seq":76,"ea_time_ms":63453078,"magic":22260201,"deal_ticket":800000062,"order_ticket":9058,"position_id":900000030,"entry_type":"IN","deal_type":"BUY","side":"L","layer_index":5,"role":"ENT","deal_price":1.12527,"order_price_open":null,"slippage_pips":null,"volume":0.00,"profit":0.00,"swap":0.00,"commission":0.00,"deal_time_broker":"2026-10-06 16:26:25","deal_time_broker_msc":1791303985000,"halted_at_receipt":false,"quarantined_at_receipt":false}
7,-1,1791304062305,ea_event,,{"type":"fill_log","seq":77,"ea_time_ms":63453078,"magic":22260201,"deal_ticket":800000063,"order_ticket":9059,"position_id":900000031,"entry_type":"IN","deal_type":"SELL","side":"S","layer_index":5,"role":"EXT","deal_price":1.12517,"order_price_open":null,"slippage_pips":null,"volume":0.00,"profit":0.00,"swap":0.00,"commission":0.00,"deal_time_broker":"2026-10-06 16:27:42","deal_time_broker_msc":1791304062000,"halted_at_receipt":false,"quarantined_at_receipt":false}
7,-1,1791304063107,ea_event,,{"type":"fill_log","seq":78,"ea_time_ms":63453078,"magic":22260201,"deal_ticket":800000064,"order_ticket":700000064,"position_id":1987260003,"entry_type":"OUT_BY","deal_type":"SELL","side":null,"layer_index":null,"role":null,"deal_price":1.12517,"order_price_open":null,"slippage_pips":null,"volume":0.00,"profit":-4.81,"swap":0.01,"commission":0.00,"deal_time_broker":"2026-10-06 16:27:42","deal_time_broker_msc":1791304062000,"halted_at_receipt":false,"quarantined_at_receipt":false}
7,-1,1791304063107,ea_event,ROLL_FILLED,{"type":"ea_event","seq":79,"ea_time_ms":63453078,"magic":null,"level":"INFO","code":"ROLL_FILLED","reason":null,"ticket":1987260003,"detail":{"ticket":1987260003,"level":1.12618}}
7,-1,1791304063107,ea_event,,{"type":"fill_log","seq":80,"ea_time_ms":63453078,"magic":22260201,"deal_ticket":800000065,"order_ticket":700000064,"position_id":900000031,"entry_type":"OUT_BY","deal_type":"SELL","side":null,"layer_index":null,"role":null,"deal_price":1.12036,"order_price_open":null,"slippage_pips":null,"volume":0.00,"profit":0.00,"swap":0.00,"commission":0.00,"deal_time_broker":"2026-10-06 16:27:42","deal_time_broker_msc":1791304062000,"halted_at_receipt":false,"quarantined_at_receipt":false}
7,-1,1791304063107,scalp,SCALP_CLOSED,{"close_time":"2026-10-06T16:27:42Z","instrument":"EURUSD","direction":"SHORT","entry_price":1.12036,"exit_price":1.12517,"layer_depth":5,"stack_depth":6,"gross_pnl":-4.80,"instance_id":"GRIND_EURUSD_OPTB","ejected":false,"rolled":true,"broker_utc_offset_s":10800,"account_login":53077984}
7,-1,1791308471132,ea_event,,{"type":"fill_log","seq":81,"ea_time_ms":63453234,"magic":22260201,"deal_ticket":800000066,"order_ticket":9061,"position_id":900000032,"entry_type":"IN","deal_type":"BUY","side":"L","layer_index":6,"role":"ENT","deal_price":1.12455,"order_price_open":null,"slippage_pips":null,"volume":0.00,"profit":0.00,"swap":0.00,"commission":0.00,"deal_time_broker":"2026-10-06 17:41:10","deal_time_broker_msc":1791308470000,"halted_at_receipt":false,"quarantined_at_receipt":false}
7,-1,1791308545780,ea_event,,{"type":"fill_log","seq":82,"ea_time_ms":63453234,"magic":22260201,"deal_ticket":800000067,"order_ticket":9062,"position_id":900000033,"entry_type":"IN","deal_type":"SELL","side":"S","layer_index":4,"role":"EXT","deal_price":1.12448,"order_price_open":null,"slippage_pips":null,"volume":0.00,"profit":0.00,"swap":0.00,"commission":0.00,"deal_time_broker":"2026-10-06 17:42:25","deal_time_broker_msc":1791308545000,"halted_at_receipt":false,"quarantined_at_receipt":false}
7,-1,1791308546175,ea_event,,{"type":"fill_log","seq":83,"ea_time_ms":63453234,"magic":22260201,"deal_ticket":800000068,"order_ticket":700000068,"position_id":1986210743,"entry_type":"OUT_BY","deal_type":"SELL","side":null,"layer_index":null,"role":null,"deal_price":1.12448,"order_price_open":null,"slippage_pips":null,"volume":0.00,"profit":-4.84,"swap":0.01,"commission":0.00,"deal_time_broker":"2026-10-06 17:42:26","deal_time_broker_msc":1791308546000,"halted_at_receipt":false,"quarantined_at_receipt":false}
7,-1,1791308546175,ea_event,ROLL_FILLED,{"type":"ea_event","seq":84,"ea_time_ms":63453234,"magic":null,"level":"INFO","code":"ROLL_FILLED","reason":null,"ticket":1986210743,"detail":{"ticket":1986210743,"level":1.12548}}
7,-1,1791308546175,ea_event,,{"type":"fill_log","seq":85,"ea_time_ms":63453234,"magic":22260201,"deal_ticket":800000069,"order_ticket":700000068,"position_id":900000033,"entry_type":"OUT_BY","deal_type":"SELL","side":null,"layer_index":null,"role":null,"deal_price":1.11964,"order_price_open":null,"slippage_pips":null,"volume":0.00,"profit":0.00,"swap":0.00,"commission":0.00,"deal_time_broker":"2026-10-06 17:42:26","deal_time_broker_msc":1791308546000,"halted_at_receipt":false,"quarantined_at_receipt":false}
7,-1,1791308546175,scalp,SCALP_CLOSED,{"close_time":"2026-10-06T17:42:26Z","instrument":"EURUSD","direction":"SHORT","entry_price":1.11964,"exit_price":1.12448,"layer_depth":4,"stack_depth":5,"gross_pnl":-4.83,"instance_id":"GRIND_EURUSD_OPTB","ejected":false,"rolled":true,"broker_utc_offset_s":10800,"account_login":53077984}
7,-1,1791309134296,ea_event,,{"type":"fill_log","seq":86,"ea_time_ms":63453250,"magic":22260201,"deal_ticket":800000070,"order_ticket":9056,"position_id":900000034,"entry_type":"IN","deal_type":"SELL","side":"S","layer_index":11,"role":"ENT","deal_price":1.12548,"order_price_open":null,"slippage_pips":null,"volume":0.00,"profit":0.00,"swap":0.00,"commission":0.00,"deal_time_broker":"2026-10-06 17:52:13","deal_time_broker_msc":1791309133000,"halted_at_receipt":false,"quarantined_at_receipt":false}
7,-1,1791309196186,ea_event,,{"type":"fill_log","seq":87,"ea_time_ms":63453250,"magic":22260201,"deal_ticket":800000071,"order_ticket":9063,"position_id":900000035,"entry_type":"IN","deal_type":"BUY","side":"L","layer_index":6,"role":"EXT","deal_price":1.12557,"order_price_open":null,"slippage_pips":null,"volume":0.00,"profit":0.00,"swap":0.00,"commission":0.00,"deal_time_broker":"2026-10-06 17:53:15","deal_time_broker_msc":1791309195000,"halted_at_receipt":false,"quarantined_at_receipt":false}
7,-1,1791309196602,ea_event,,{"type":"fill_log","seq":88,"ea_time_ms":63453250,"magic":22260201,"deal_ticket":800000072,"order_ticket":700000072,"position_id":900000032,"entry_type":"OUT_BY","deal_type":"SELL","side":null,"layer_index":null,"role":null,"deal_price":1.12557,"order_price_open":null,"slippage_pips":null,"volume":0.00,"profit":1.02,"swap":0.00,"commission":0.00,"deal_time_broker":"2026-10-06 17:53:16","deal_time_broker_msc":1791309196000,"halted_at_receipt":false,"quarantined_at_receipt":false}
7,-1,1791309196602,ea_event,,{"type":"fill_log","seq":89,"ea_time_ms":63453250,"magic":22260201,"deal_ticket":800000073,"order_ticket":700000072,"position_id":900000035,"entry_type":"OUT_BY","deal_type":"SELL","side":null,"layer_index":null,"role":null,"deal_price":1.12455,"order_price_open":null,"slippage_pips":null,"volume":0.00,"profit":0.00,"swap":0.00,"commission":0.00,"deal_time_broker":"2026-10-06 17:53:16","deal_time_broker_msc":1791309196000,"halted_at_receipt":false,"quarantined_at_receipt":false}
7,-1,1791309196602,scalp,SCALP_CLOSED,{"close_time":"2026-10-06T17:53:16Z","instrument":"EURUSD","direction":"LONG","entry_price":1.12455,"exit_price":1.12557,"layer_depth":6,"stack_depth":7,"gross_pnl":1.02,"instance_id":"GRIND_EURUSD_OPTB","ejected":false,"rolled":false,"broker_utc_offset_s":10800,"account_login":53077984}
7,-1,1791310521203,ea_event,,{"type":"fill_log","seq":90,"ea_time_ms":63453296,"magic":22260201,"deal_ticket":800000074,"order_ticket":9067,"position_id":900000036,"entry_type":"IN","deal_type":"SELL","side":"S","layer_index":12,"role":"ENT","deal_price":1.12620,"order_price_open":null,"slippage_pips":null,"volume":0.00,"profit":0.00,"swap":0.00,"commission":0.00,"deal_time_broker":"2026-10-06 18:15:20","deal_time_broker_msc":1791310520000,"halted_at_receipt":false,"quarantined_at_receipt":false}
7,-1,1791310542136,ea_event,,{"type":"fill_log","seq":91,"ea_time_ms":63453296,"magic":22260201,"deal_ticket":800000075,"order_ticket":9068,"position_id":900000037,"entry_type":"IN","deal_type":"BUY","side":"L","layer_index":5,"role":"EXT","deal_price":1.12631,"order_price_open":null,"slippage_pips":null,"volume":0.00,"profit":0.00,"swap":0.00,"commission":0.00,"deal_time_broker":"2026-10-06 18:15:41","deal_time_broker_msc":1791310541000,"halted_at_receipt":false,"quarantined_at_receipt":false}
7,-1,1791310544349,ea_event,,{"type":"fill_log","seq":92,"ea_time_ms":63453296,"magic":22260201,"deal_ticket":800000076,"order_ticket":700000076,"position_id":900000030,"entry_type":"OUT_BY","deal_type":"SELL","side":null,"layer_index":null,"role":null,"deal_price":1.12631,"order_price_open":null,"slippage_pips":null,"volume":0.00,"profit":1.04,"swap":0.00,"commission":0.00,"deal_time_broker":"2026-10-06 18:15:42","deal_time_broker_msc":1791310542000,"halted_at_receipt":false,"quarantined_at_receipt":false}
7,-1,1791310544349,ea_event,,{"type":"fill_log","seq":93,"ea_time_ms":63453296,"magic":22260201,"deal_ticket":800000077,"order_ticket":700000076,"position_id":900000037,"entry_type":"OUT_BY","deal_type":"SELL","side":null,"layer_index":null,"role":null,"deal_price":1.12527,"order_price_open":null,"slippage_pips":null,"volume":0.00,"profit":0.00,"swap":0.00,"commission":0.00,"deal_time_broker":"2026-10-06 18:15:42","deal_time_broker_msc":1791310542000,"halted_at_receipt":false,"quarantined_at_receipt":false}
7,-1,1791310544349,scalp,SCALP_CLOSED,{"close_time":"2026-10-06T18:15:42Z","instrument":"EURUSD","direction":"LONG","entry_price":1.12527,"exit_price":1.12631,"layer_depth":5,"stack_depth":6,"gross_pnl":1.04,"instance_id":"GRIND_EURUSD_OPTB","ejected":false,"rolled":false,"broker_utc_offset_s":10800,"account_login":53077984}
7,-1,1791311849659,ea_event,,{"type":"fill_log","seq":94,"ea_time_ms":63453343,"magic":22260201,"deal_ticket":800000078,"order_ticket":9071,"position_id":900000038,"entry_type":"IN","deal_type":"SELL","side":"S","layer_index":13,"role":"ENT","deal_price":1.12691,"order_price_open":null,"slippage_pips":null,"volume":0.00,"profit":0.00,"swap":0.00,"commission":0.00,"deal_time_broker":"2026-10-06 18:37:29","deal_time_broker_msc":1791311849000,"halted_at_receipt":false,"quarantined_at_receipt":false}
7,-1,1791313763407,ea_event,,{"type":"fill_log","seq":95,"ea_time_ms":63453390,"magic":22260201,"deal_ticket":800000079,"order_ticket":9074,"position_id":900000039,"entry_type":"IN","deal_type":"SELL","side":"S","layer_index":13,"role":"EXT","deal_price":1.12588,"order_price_open":null,"slippage_pips":null,"volume":0.00,"profit":0.00,"swap":0.00,"commission":0.00,"deal_time_broker":"2026-10-06 19:09:23","deal_time_broker_msc":1791313763000,"halted_at_receipt":false,"quarantined_at_receipt":false}
7,-1,1791313763808,ea_event,,{"type":"fill_log","seq":96,"ea_time_ms":63453390,"magic":22260201,"deal_ticket":800000080,"order_ticket":700000080,"position_id":900000038,"entry_type":"OUT_BY","deal_type":"SELL","side":null,"layer_index":null,"role":null,"deal_price":1.12588,"order_price_open":null,"slippage_pips":null,"volume":0.00,"profit":1.03,"swap":0.00,"commission":0.00,"deal_time_broker":"2026-10-06 19:09:23","deal_time_broker_msc":1791313763000,"halted_at_receipt":false,"quarantined_at_receipt":false}
7,-1,1791313763808,ea_event,,{"type":"fill_log","seq":97,"ea_time_ms":63453390,"magic":22260201,"deal_ticket":800000081,"order_ticket":700000080,"position_id":900000039,"entry_type":"OUT_BY","deal_type":"SELL","side":null,"layer_index":null,"role":null,"deal_price":1.12691,"order_price_open":null,"slippage_pips":null,"volume":0.00,"profit":0.00,"swap":0.00,"commission":0.00,"deal_time_broker":"2026-10-06 19:09:23","deal_time_broker_msc":1791313763000,"halted_at_receipt":false,"quarantined_at_receipt":false}
7,-1,1791313763808,scalp,SCALP_CLOSED,{"close_time":"2026-10-06T19:09:23Z","instrument":"EURUSD","direction":"SHORT","entry_price":1.12691,"exit_price":1.12588,"layer_depth":13,"stack_depth":7,"gross_pnl":1.03,"instance_id":"GRIND_EURUSD_OPTB","ejected":false,"rolled":false,"broker_utc_offset_s":10800,"account_login":53077984}
7,-1,1791330650566,ea_event,CARRY_SNAPSHOT,{"type":"ea_event","seq":98,"ea_time_ms":63453671,"magic":null,"level":"INFO","code":"CARRY_SNAPSHOT","reason":"EURUSD","ticket":null,"detail":{"symbol":"EURUSD","swap_mode":1,"swap_long":-7.9900,"swap_short":1.3100,"multiplier":1,"day_of_week":2,"rollover3days":3,"digits":5,"point":0.00001000,"tick_value":1.00000000,"tick_size":0.00001000,"stops_level":0,"freeze_level":0,"long_pips":-0.799,"short_pips":0.131,"eligible_long":5,"eligible_short":6,"trade_mode_full":true,"mult_today":1,"mult_tomorrow":3,"accrued_swap_long":0.00,"accrued_swap_short":0.00}}
7,-1,1791330650566,ea_event,CARRY_EXIT_SHIFT,{"type":"ea_event","seq":99,"ea_time_ms":63453671,"magic":null,"level":"INFO","code":"CARRY_EXIT_SHIFT","reason":"EURUSD","ticket":null,"detail":{"position_ticket":1975880441,"side":"long","layer_index":0,"accrued_ledger_pips":-4.900,"pending_pips":-2.397,"accrued_pips_total":-7.297,"old_price":1.13253,"new_price":1.13277,"clamped":false,"sign_guard_skipped":false,"retcode":10009,"points_native_pips":-4.794}}
7,-1,1791330780004,ea_event,CARRY_EXIT_SHIFT,{"type":"ea_event","seq":100,"ea_time_ms":63453671,"magic":null,"level":"INFO","code":"CARRY_EXIT_SHIFT","reason":"EURUSD","ticket":null,"detail":{"position_ticket":900000028,"side":"long","layer_index":4,"accrued_ledger_pips":0.000,"pending_pips":-2.397,"accrued_pips_total":-2.397,"old_price":1.12698,"new_price":1.12722,"clamped":false,"sign_guard_skipped":false,"retcode":10009,"points_native_pips":-0.799}}
7,-1,1791330824140,ea_event,CARRY_EXIT_SHIFT,{"type":"ea_event","seq":101,"ea_time_ms":63453671,"magic":null,"level":"INFO","code":"CARRY_EXIT_SHIFT","reason":"EURUSD","ticket":null,"detail":{"position_ticket":900000008,"side":"short","layer_index":8,"accrued_ledger_pips":0.000,"pending_pips":0.393,"accrued_pips_total":0.393,"old_price":1.12155,"new_price":1.12159,"clamped":false,"sign_guard_skipped":false,"retcode":10009,"points_native_pips":0.131}}
7,-1,1791330945388,ea_event,CARRY_EXIT_SHIFT,{"type":"ea_event","seq":102,"ea_time_ms":63453671,"magic":null,"level":"INFO","code":"CARRY_EXIT_SHIFT","reason":"EURUSD","ticket":null,"detail":{"position_ticket":900000036,"side":"short","layer_index":12,"accrued_ledger_pips":0.000,"pending_pips":0.393,"accrued_pips_total":0.393,"old_price":1.12520,"new_price":1.12524,"clamped":false,"sign_guard_skipped":false,"retcode":10009,"points_native_pips":0.131}}
7,-1,1791330945388,ea_event,CARRY_PASS_SUMMARY,{"type":"ea_event","seq":103,"ea_time_ms":63453671,"magic":null,"level":"INFO","code":"CARRY_PASS_SUMMARY","reason":"EURUSD","ticket":null,"detail":{"eligible":11,"shifted":4,"clamped":0,"skipped":0,"failed":0,"incomplete":false}}
7,-1,1791341089024,ea_event,,{"type":"fill_log","seq":104,"ea_time_ms":63453750,"magic":22260201,"deal_ticket":800000082,"order_ticket":9073,"position_id":900000040,"entry_type":"IN","deal_type":"BUY","side":"L","layer_index":5,"role":"ENT","deal_price":1.12527,"order_price_open":null,"slippage_pips":null,"volume":0.00,"profit":0.00,"swap":0.00,"commission":0.00,"deal_time_broker":"2026-10-07 02:44:48","deal_time_broker_msc":1791341088000,"halted_at_receipt":false,"quarantined_at_receipt":false}
7,-1,1791341095456,ea_event,,{"type":"fill_log","seq":105,"ea_time_ms":63453750,"magic":22260201,"deal_ticket":800000083,"order_ticket":9076,"position_id":900000041,"entry_type":"IN","deal_type":"SELL","side":"S","layer_index":12,"role":"EXT","deal_price":1.12522,"order_price_open":null,"slippage_pips":null,"volume":0.00,"profit":0.00,"swap":0.00,"commission":0.00,"deal_time_broker":"2026-10-07 02:44:55","deal_time_broker_msc":1791341095000,"halted_at_receipt":false,"quarantined_at_receipt":false}
7,-1,1791341095852,ea_event,,{"type":"fill_log","seq":106,"ea_time_ms":63453750,"magic":22260201,"deal_ticket":800000084,"order_ticket":700000084,"position_id":900000036,"entry_type":"OUT_BY","deal_type":"SELL","side":null,"layer_index":null,"role":null,"deal_price":1.12522,"order_price_open":null,"slippage_pips":null,"volume":0.00,"profit":0.98,"swap":0.01,"commission":0.00,"deal_time_broker":"2026-10-07 02:44:55","deal_time_broker_msc":1791341095000,"halted_at_receipt":false,"quarantined_at_receipt":false}
7,-1,1791341095852,ea_event,,{"type":"fill_log","seq":107,"ea_time_ms":63453750,"magic":22260201,"deal_ticket":800000085,"order_ticket":700000084,"position_id":900000041,"entry_type":"OUT_BY","deal_type":"SELL","side":null,"layer_index":null,"role":null,"deal_price":1.12620,"order_price_open":null,"slippage_pips":null,"volume":0.00,"profit":0.00,"swap":0.00,"commission":0.00,"deal_time_broker":"2026-10-07 02:44:55","deal_time_broker_msc":1791341095000,"halted_at_receipt":false,"quarantined_at_receipt":false}
7,-1,1791341095852,scalp,SCALP_CLOSED,{"close_time":"2026-10-07T02:44:55Z","instrument":"EURUSD","direction":"SHORT","entry_price":1.12620,"exit_price":1.12522,"layer_depth":12,"stack_depth":6,"gross_pnl":0.99,"instance_id":"GRIND_EURUSD_OPTB","ejected":false,"rolled":false,"broker_utc_offset_s":10800,"account_login":53077984}
7,-1,1791346059032,ea_event,,{"type":"fill_log","seq":108,"ea_time_ms":63453828,"magic":22260201,"deal_ticket":800000086,"order_ticket":9079,"position_id":900000042,"entry_type":"IN","deal_type":"BUY","side":"L","layer_index":6,"role":"ENT","deal_price":1.12456,"order_price_open":null,"slippage_pips":null,"volume":0.00,"profit":0.00,"swap":0.00,"commission":0.00,"deal_time_broker":"2026-10-07 04:07:38","deal_time_broker_msc":1791346058000,"halted_at_receipt":false,"quarantined_at_receipt":false}
7,-1,1791346845786,ea_event,,{"type":"fill_log","seq":109,"ea_time_ms":63453843,"magic":22260201,"deal_ticket":800000087,"order_ticket":9080,"position_id":900000043,"entry_type":"IN","deal_type":"SELL","side":"S","layer_index":11,"role":"EXT","deal_price":1.12452,"order_price_open":null,"slippage_pips":null,"volume":0.00,"profit":0.00,"swap":0.00,"commission":0.00,"deal_time_broker":"2026-10-07 04:20:43","deal_time_broker_msc":1791346843000,"halted_at_receipt":false,"quarantined_at_receipt":false}
7,-1,1791346847594,ea_event,,{"type":"fill_log","seq":110,"ea_time_ms":63453843,"magic":22260201,"deal_ticket":800000088,"order_ticket":700000088,"position_id":900000034,"entry_type":"OUT_BY","deal_type":"SELL","side":null,"layer_index":null,"role":null,"deal_price":1.12452,"order_price_open":null,"slippage_pips":null,"volume":0.00,"profit":0.96,"swap":0.01,"commission":0.00,"deal_time_broker":"2026-10-07 04:20:46","deal_time_broker_msc":1791346846000,"halted_at_receipt":false,"quarantined_at_receipt":false}
7,-1,1791346847594,ea_event,,{"type":"fill_log","seq":111,"ea_time_ms":63453843,"magic":22260201,"deal_ticket":800000089,"order_ticket":700000088,"position_id":900000043,"entry_type":"OUT_BY","deal_type":"SELL","side":null,"layer_index":null,"role":null,"deal_price":1.12548,"order_price_open":null,"slippage_pips":null,"volume":0.00,"profit":0.00,"swap":0.00,"commission":0.00,"deal_time_broker":"2026-10-07 04:20:46","deal_time_broker_msc":1791346846000,"halted_at_receipt":false,"quarantined_at_receipt":false}
7,-1,1791346847594,scalp,SCALP_CLOSED,{"close_time":"2026-10-07T04:20:46Z","instrument":"EURUSD","direction":"SHORT","entry_price":1.12548,"exit_price":1.12452,"layer_depth":11,"stack_depth":5,"gross_pnl":0.97,"instance_id":"GRIND_EURUSD_OPTB","ejected":false,"rolled":false,"broker_utc_offset_s":10800,"account_login":53077984}
7,-1,1791349105147,ea_event,,{"type":"fill_log","seq":112,"ea_time_ms":63453890,"magic":22260201,"deal_ticket":800000090,"order_ticket":9083,"position_id":900000044,"entry_type":"IN","deal_type":"BUY","side":"L","layer_index":7,"role":"ENT","deal_price":1.12385,"order_price_open":null,"slippage_pips":null,"volume":0.00,"profit":0.00,"swap":0.00,"commission":0.00,"deal_time_broker":"2026-10-07 04:58:20","deal_time_broker_msc":1791349100000,"halted_at_receipt":false,"quarantined_at_receipt":false}
7,-1,1791349273715,ea_event,,{"type":"fill_log","seq":113,"ea_time_ms":63453890,"magic":22260201,"deal_ticket":800000091,"order_ticket":9084,"position_id":900000045,"entry_type":"IN","deal_type":"SELL","side":"S","layer_index":10,"role":"EXT","deal_price":1.12381,"order_price_open":null,"slippage_pips":null,"volume":0.00,"profit":0.00,"swap":0.00,"commission":0.00,"deal_time_broker":"2026-10-07 05:01:10","deal_time_broker_msc":1791349270000,"halted_at_receipt":false,"quarantined_at_receipt":false}
7,-1,1791349279336,ea_event,,{"type":"fill_log","seq":114,"ea_time_ms":63453890,"magic":22260201,"deal_ticket":800000092,"order_ticket":700000092,"position_id":900000019,"entry_type":"OUT_BY","deal_type":"SELL","side":null,"layer_index":null,"role":null,"deal_price":1.12381,"order_price_open":null,"slippage_pips":null,"volume":0.00,"profit":0.97,"swap":0.01,"commission":0.00,"deal_time_broker":"2026-10-07 05:01:14","deal_time_broker_msc":1791349274000,"halted_at_receipt":false,"quarantined_at_receipt":false}
7,-1,1791349279336,ea_event,,{"type":"fill_log","seq":115,"ea_time_ms":63453890,"magic":22260201,"deal_ticket":800000093,"order_ticket":700000092,"position_id":900000045,"entry_type":"OUT_BY","deal_type":"SELL","side":null,"layer_index":null,"role":null,"deal_price":1.12478,"order_price_open":null,"slippage_pips":null,"volume":0.00,"profit":0.00,"swap":0.00,"commission":0.00,"deal_time_broker":"2026-10-07 05:01:14","deal_time_broker_msc":1791349274000,"halted_at_receipt":false,"quarantined_at_receipt":false}
7,-1,1791349279336,scalp,SCALP_CLOSED,{"close_time":"2026-10-07T05:01:14Z","instrument":"EURUSD","direction":"SHORT","entry_price":1.12478,"exit_price":1.12381,"layer_depth":10,"stack_depth":4,"gross_pnl":0.98,"instance_id":"GRIND_EURUSD_OPTB","ejected":false,"rolled":false,"broker_utc_offset_s":10800,"account_login":53077984}
9,-1,1791357611800,ea_event,ROLL_DEFERRED,{"type":"ea_event","seq":0,"ea_time_ms":63454000,"magic":null,"level":"INFO","code":"ROLL_DEFERRED","reason":"L","ticket":null,"detail":{"side":"L","depth":8,"opposite_depth":3,"gate":0,"level":1.12327,"market":1.12327}}
9,-1,1791358044614,ea_event,,{"type":"fill_log","seq":1,"ea_time_ms":63454000,"magic":22260201,"deal_ticket":800000001,"order_ticket":1991707921,"position_id":900000001,"entry_type":"IN","deal_type":"SELL","side":"S","layer_index":9,"role":"EXT","deal_price":1.12287,"order_price_open":null,"slippage_pips":null,"volume":0.00,"profit":0.00,"swap":0.00,"commission":0.00,"deal_time_broker":"2026-10-07 07:27:22","deal_time_broker_msc":1791358042000,"halted_at_receipt":false,"quarantined_at_receipt":false}
9,-1,1791358045024,ea_event,,{"type":"fill_log","seq":2,"ea_time_ms":63454000,"magic":22260201,"deal_ticket":800000002,"order_ticket":700000002,"position_id":1989527413,"entry_type":"OUT_BY","deal_type":"SELL","side":null,"layer_index":null,"role":null,"deal_price":1.12287,"order_price_open":null,"slippage_pips":null,"volume":0.00,"profit":0.99,"swap":0.01,"commission":0.00,"deal_time_broker":"2026-10-07 07:27:24","deal_time_broker_msc":1791358044000,"halted_at_receipt":false,"quarantined_at_receipt":false}
9,-1,1791358045024,ea_event,,{"type":"fill_log","seq":3,"ea_time_ms":63454000,"magic":22260201,"deal_ticket":800000003,"order_ticket":700000002,"position_id":900000001,"entry_type":"OUT_BY","deal_type":"SELL","side":null,"layer_index":null,"role":null,"deal_price":1.12386,"order_price_open":null,"slippage_pips":null,"volume":0.00,"profit":0.00,"swap":0.00,"commission":0.00,"deal_time_broker":"2026-10-07 07:27:24","deal_time_broker_msc":1791358044000,"halted_at_receipt":false,"quarantined_at_receipt":false}
9,-1,1791358045024,scalp,SCALP_CLOSED,{"close_time":"2026-10-07T07:27:24Z","instrument":"EURUSD","direction":"SHORT","entry_price":1.12386,"exit_price":1.12287,"layer_depth":9,"stack_depth":3,"gross_pnl":1.00,"instance_id":"GRIND_EURUSD_OPTB","ejected":false,"rolled":false,"broker_utc_offset_s":10800,"account_login":53077984}
9,-1,1791365153564,ea_event,,{"type":"fill_log","seq":4,"ea_time_ms":63454078,"magic":22260201,"deal_ticket":800000004,"order_ticket":9000,"position_id":900000002,"entry_type":"IN","deal_type":"SELL","side":"S","layer_index":1,"role":"EXT","deal_price":1.12218,"order_price_open":null,"slippage_pips":null,"volume":0.00,"profit":0.00,"swap":0.00,"commission":0.00,"deal_time_broker":"2026-10-07 09:25:53","deal_time_broker_msc":1791365153000,"halted_at_receipt":false,"quarantined_at_receipt":false}
9,-1,1791365153964,ea_event,,{"type":"fill_log","seq":5,"ea_time_ms":63454078,"magic":22260201,"deal_ticket":800000005,"order_ticket":700000005,"position_id":1985808618,"entry_type":"OUT_BY","deal_type":"SELL","side":null,"layer_index":null,"role":null,"deal_price":1.12218,"order_price_open":null,"slippage_pips":null,"volume":0.00,"profit":-4.63,"swap":0.02,"commission":0.00,"deal_time_broker":"2026-10-07 09:25:53","deal_time_broker_msc":1791365153000,"halted_at_receipt":false,"quarantined_at_receipt":false}
9,-1,1791365153964,ea_event,ROLL_FILLED,{"type":"ea_event","seq":6,"ea_time_ms":63454078,"magic":null,"level":"INFO","code":"ROLL_FILLED","reason":null,"ticket":1985808618,"detail":{"ticket":1985808618,"level":1.12316}}
9,-1,1791365153964,ea_event,,{"type":"fill_log","seq":7,"ea_time_ms":63454078,"magic":22260201,"deal_ticket":800000006,"order_ticket":700000005,"position_id":900000002,"entry_type":"OUT_BY","deal_type":"SELL","side":null,"layer_index":null,"role":null,"deal_price":1.11755,"order_price_open":null,"slippage_pips":null,"volume":0.00,"profit":0.00,"swap":0.00,"commission":0.00,"deal_time_broker":"2026-10-07 09:25:53","deal_time_broker_msc":1791365153000,"halted_at_receipt":false,"quarantined_at_receipt":false}
9,-1,1791365153964,scalp,SCALP_CLOSED,{"close_time":"2026-10-07T09:25:53Z","instrument":"EURUSD","direction":"SHORT","entry_price":1.11755,"exit_price":1.12218,"layer_depth":1,"stack_depth":2,"gross_pnl":-4.61,"instance_id":"GRIND_EURUSD_OPTB","ejected":false,"rolled":true,"broker_utc_offset_s":10800,"account_login":53077984}
9,-1,1791365724158,ea_event,,{"type":"fill_log","seq":8,"ea_time_ms":63454093,"magic":22260201,"deal_ticket":800000007,"order_ticket":9001,"position_id":900000003,"entry_type":"IN","deal_type":"SELL","side":"S","layer_index":9,"role":"ENT","deal_price":1.12318,"order_price_open":null,"slippage_pips":null,"volume":0.00,"profit":0.00,"swap":0.00,"commission":0.00,"deal_time_broker":"2026-10-07 09:35:24","deal_time_broker_msc":1791365724000,"halted_at_receipt":false,"quarantined_at_receipt":false}
9,-1,1791368123615,ea_event,,{"type":"fill_log","seq":9,"ea_time_ms":63454125,"magic":22260201,"deal_ticket":800000008,"order_ticket":9002,"position_id":900000004,"entry_type":"IN","deal_type":"SELL","side":"S","layer_index":9,"role":"EXT","deal_price":1.12216,"order_price_open":null,"slippage_pips":null,"volume":0.00,"profit":0.00,"swap":0.00,"commission":0.00,"deal_time_broker":"2026-10-07 10:15:23","deal_time_broker_msc":1791368123000,"halted_at_receipt":false,"quarantined_at_receipt":false}
9,-1,1791368124820,ea_event,,{"type":"fill_log","seq":10,"ea_time_ms":63454125,"magic":22260201,"deal_ticket":800000009,"order_ticket":700000009,"position_id":900000003,"entry_type":"OUT_BY","deal_type":"SELL","side":null,"layer_index":null,"role":null,"deal_price":1.12216,"order_price_open":null,"slippage_pips":null,"volume":0.00,"profit":1.02,"swap":0.00,"commission":0.00,"deal_time_broker":"2026-10-07 10:15:23","deal_time_broker_msc":1791368123000,"halted_at_receipt":false,"quarantined_at_receipt":false}
9,-1,1791368124820,ea_event,,{"type":"fill_log","seq":11,"ea_time_ms":63454125,"magic":22260201,"deal_ticket":800000010,"order_ticket":700000009,"position_id":900000004,"entry_type":"OUT_BY","deal_type":"SELL","side":null,"layer_index":null,"role":null,"deal_price":1.12318,"order_price_open":null,"slippage_pips":null,"volume":0.00,"profit":0.00,"swap":0.00,"commission":0.00,"deal_time_broker":"2026-10-07 10:15:23","deal_time_broker_msc":1791368123000,"halted_at_receipt":false,"quarantined_at_receipt":false}
9,-1,1791368124820,scalp,SCALP_CLOSED,{"close_time":"2026-10-07T10:15:23Z","instrument":"EURUSD","direction":"SHORT","entry_price":1.12318,"exit_price":1.12216,"layer_depth":9,"stack_depth":2,"gross_pnl":1.02,"instance_id":"GRIND_EURUSD_OPTB","ejected":false,"rolled":false,"broker_utc_offset_s":10800,"account_login":53077984}
9,-1,1791368481165,ea_event,,{"type":"fill_log","seq":12,"ea_time_ms":63454140,"magic":22260201,"deal_ticket":800000011,"order_ticket":1990102658,"position_id":900000005,"entry_type":"IN","deal_type":"SELL","side":"S","layer_index":8,"role":"EXT","deal_price":1.12148,"order_price_open":null,"slippage_pips":null,"volume":0.00,"profit":0.00,"swap":0.00,"commission":0.00,"deal_time_broker":"2026-10-07 10:21:20","deal_time_broker_msc":1791368480000,"halted_at_receipt":false,"quarantined_at_receipt":false}
9,-1,1791368481564,ea_event,,{"type":"fill_log","seq":13,"ea_time_ms":63454140,"magic":22260201,"deal_ticket":800000012,"order_ticket":700000012,"position_id":1989377615,"entry_type":"OUT_BY","deal_type":"SELL","side":null,"layer_index":null,"role":null,"deal_price":1.12148,"order_price_open":null,"slippage_pips":null,"volume":0.00,"profit":0.98,"swap":0.01,"commission":0.00,"deal_time_broker":"2026-10-07 10:21:21","deal_time_broker_msc":1791368481000,"halted_at_receipt":false,"quarantined_at_receipt":false}
9,-1,1791368481564,ea_event,,{"type":"fill_log","seq":14,"ea_time_ms":63454140,"magic":22260201,"deal_ticket":800000013,"order_ticket":700000012,"position_id":900000005,"entry_type":"OUT_BY","deal_type":"SELL","side":null,"layer_index":null,"role":null,"deal_price":1.12246,"order_price_open":null,"slippage_pips":null,"volume":0.00,"profit":0.00,"swap":0.00,"commission":0.00,"deal_time_broker":"2026-10-07 10:21:21","deal_time_broker_msc":1791368481000,"halted_at_receipt":false,"quarantined_at_receipt":false}
9,-1,1791368481564,ea_event,ROLL_ACCEPTED,{"type":"ea_event","seq":15,"ea_time_ms":63454140,"magic":null,"level":"INFO","code":"ROLL_ACCEPTED","reason":null,"ticket":1990103571,"detail":{"ticket":1990103571,"side":"L","layer_index":2,"entry":1.12746,"level":1.12327,"target":1.12451,"accrued":0.00024,"clamped":false,"cost":0.00319,"cost_pips":31.9,"rolled":3,"was_ejected":false,"source":"auto","reroll":false,"from_level":0.00000}}
9,-1,1791368481564,ea_event,ROLL_ACCEPTED,{"type":"ea_event","seq":16,"ea_time_ms":63454140,"magic":null,"level":"INFO","code":"ROLL_ACCEPTED","reason":null,"ticket":1990103611,"detail":{"ticket":1990103611,"side":"L","layer_index":3,"entry":1.12676,"level":1.12257,"target":1.12381,"accrued":0.00024,"clamped":false,"cost":0.00319,"cost_pips":31.9,"rolled":4,"was_ejected":false,"source":"auto","reroll":false,"from_level":0.00000}}
9,-1,1791368481564,ea_event,ROLL_ACCEPTED,{"type":"ea_event","seq":17,"ea_time_ms":63454140,"magic":null,"level":"INFO","code":"ROLL_ACCEPTED","reason":null,"ticket":1990112259,"detail":{"ticket":1990112259,"side":"L","layer_index":4,"entry":1.12605,"level":1.12187,"target":1.12311,"accrued":0.00024,"clamped":false,"cost":0.00318,"cost_pips":31.8,"rolled":5,"was_ejected":false,"source":"auto","reroll":false,"from_level":0.00000}}
9,-1,1791368481564,scalp,SCALP_CLOSED,{"close_time":"2026-10-07T10:21:21Z","instrument":"EURUSD","direction":"SHORT","entry_price":1.12246,"exit_price":1.12148,"layer_depth":8,"stack_depth":1,"gross_pnl":0.99,"instance_id":"GRIND_EURUSD_OPTB","ejected":false,"rolled":false,"broker_utc_offset_s":10800,"account_login":53077984}
9,-1,1791368626236,ea_event,,{"type":"fill_log","seq":18,"ea_time_ms":63454140,"magic":22260201,"deal_ticket":800000014,"order_ticket":9008,"position_id":900000006,"entry_type":"IN","deal_type":"SELL","side":"S","layer_index":0,"role":"ENT","deal_price":1.12151,"order_price_open":null,"slippage_pips":null,"volume":0.00,"profit":0.00,"swap":0.00,"commission":0.00,"deal_time_broker":"2026-10-07 10:23:45","deal_time_broker_msc":1791368625000,"halted_at_receipt":false,"quarantined_at_receipt":false}
9,-1,1791369234741,ea_event,ROLL_DEFERRED,{"type":"ea_event","seq":19,"ea_time_ms":63454171,"magic":null,"level":"INFO","code":"ROLL_DEFERRED","reason":"L","ticket":null,"detail":{"side":"L","depth":8,"opposite_depth":1,"gate":0,"level":1.12117,"market":1.12117}}
9,-1,1791369621558,ea_event,,{"type":"fill_log","seq":20,"ea_time_ms":63454171,"magic":22260201,"deal_ticket":800000015,"order_ticket":9009,"position_id":900000007,"entry_type":"IN","deal_type":"SELL","side":"S","layer_index":0,"role":"EXT","deal_price":1.12049,"order_price_open":null,"slippage_pips":null,"volume":0.00,"profit":0.00,"swap":0.00,"commission":0.00,"deal_time_broker":"2026-10-07 10:40:20","deal_time_broker_msc":1791369620000,"halted_at_receipt":false,"quarantined_at_receipt":false}
9,-1,1791369622157,ea_event,,{"type":"fill_log","seq":21,"ea_time_ms":63454171,"magic":22260201,"deal_ticket":800000016,"order_ticket":700000016,"position_id":900000006,"entry_type":"OUT_BY","deal_type":"SELL","side":null,"layer_index":null,"role":null,"deal_price":1.12049,"order_price_open":null,"slippage_pips":null,"volume":0.00,"profit":1.02,"swap":0.00,"commission":0.00,"deal_time_broker":"2026-10-07 10:40:21","deal_time_broker_msc":1791369621000,"halted_at_receipt":false,"quarantined_at_receipt":false}
9,-1,1791369622157,ea_event,,{"type":"fill_log","seq":22,"ea_time_ms":63454171,"magic":22260201,"deal_ticket":800000017,"order_ticket":700000016,"position_id":900000007,"entry_type":"OUT_BY","deal_type":"SELL","side":null,"layer_index":null,"role":null,"deal_price":1.12151,"order_price_open":null,"slippage_pips":null,"volume":0.00,"profit":0.00,"swap":0.00,"commission":0.00,"deal_time_broker":"2026-10-07 10:40:21","deal_time_broker_msc":1791369621000,"halted_at_receipt":false,"quarantined_at_receipt":false}
9,-1,1791369622157,ea_event,ROLL_ACCEPTED,{"type":"ea_event","seq":23,"ea_time_ms":63454187,"magic":null,"level":"INFO","code":"ROLL_ACCEPTED","reason":null,"ticket":1990743177,"detail":{"ticket":1990743177,"side":"L","layer_index":5,"entry":1.12534,"level":1.12117,"target":1.12217,"accrued":0.00000,"clamped":false,"cost":0.00317,"cost_pips":31.7,"rolled":6,"was_ejected":false,"source":"auto","reroll":false,"from_level":0.00000}}
9,-1,1791369622157,scalp,SCALP_CLOSED,{"close_time":"2026-10-07T10:40:21Z","instrument":"EURUSD","direction":"SHORT","entry_price":1.12151,"exit_price":1.12049,"layer_depth":0,"stack_depth":1,"gross_pnl":1.02,"instance_id":"GRIND_EURUSD_OPTB","ejected":false,"rolled":false,"broker_utc_offset_s":10800,"account_login":53077984}
9,-1,1791369623763,ea_event,ROLL_ACCEPTED,{"type":"ea_event","seq":24,"ea_time_ms":63454187,"magic":null,"level":"INFO","code":"ROLL_ACCEPTED","reason":null,"ticket":1991426477,"detail":{"ticket":1991426477,"side":"L","layer_index":6,"entry":1.12467,"level":1.12047,"target":1.12147,"accrued":0.00000,"clamped":false,"cost":0.00320,"cost_pips":32.0,"rolled":7,"was_ejected":false,"source":"auto","reroll":false,"from_level":0.00000}}
9,-1,1791369743894,ea_event,,{"type":"fill_log","seq":25,"ea_time_ms":63454187,"magic":22260201,"deal_ticket":800000018,"order_ticket":9012,"position_id":900000008,"entry_type":"IN","deal_type":"SELL","side":"S","layer_index":0,"role":"ENT","deal_price":1.12069,"order_price_open":null,"slippage_pips":null,"volume":0.00,"profit":0.00,"swap":0.00,"commission":0.00,"deal_time_broker":"2026-10-07 10:42:23","deal_time_broker_msc":1791369743000,"halted_at_receipt":false,"quarantined_at_receipt":false}
9,-1,1791370356357,ea_event,ROLL_DEFERRED,{"type":"ea_event","seq":26,"ea_time_ms":63454203,"magic":null,"level":"INFO","code":"ROLL_DEFERRED","reason":"L","ticket":null,"detail":{"side":"L","depth":8,"opposite_depth":1,"gate":0,"level":1.11977,"market":1.11972}}
9,-1,1791370392716,ea_event,,{"type":"fill_log","seq":27,"ea_time_ms":63454203,"magic":22260201,"deal_ticket":800000019,"order_ticket":9014,"position_id":900000009,"entry_type":"IN","deal_type":"SELL","side":"S","layer_index":0,"role":"EXT","deal_price":1.11958,"order_price_open":null,"slippage_pips":null,"volume":0.00,"profit":0.00,"swap":0.00,"commission":0.00,"deal_time_broker":"2026-10-07 10:53:12","deal_time_broker_msc":1791370392000,"halted_at_receipt":false,"quarantined_at_receipt":false}
9,-1,1791370393118,ea_event,,{"type":"fill_log","seq":28,"ea_time_ms":63454203,"magic":22260201,"deal_ticket":800000020,"order_ticket":700000020,"position_id":900000008,"entry_type":"OUT_BY","deal_type":"SELL","side":null,"layer_index":null,"role":null,"deal_price":1.11958,"order_price_open":null,"slippage_pips":null,"volume":0.00,"profit":1.11,"swap":0.00,"commission":0.00,"deal_time_broker":"2026-10-07 10:53:13","deal_time_broker_msc":1791370393000,"halted_at_receipt":false,"quarantined_at_receipt":false}
9,-1,1791370393118,ea_event,,{"type":"fill_log","seq":29,"ea_time_ms":63454203,"magic":22260201,"deal_ticket":800000021,"order_ticket":700000020,"position_id":900000009,"entry_type":"OUT_BY","deal_type":"SELL","side":null,"layer_index":null,"role":null,"deal_price":1.12069,"order_price_open":null,"slippage_pips":null,"volume":0.00,"profit":0.00,"swap":0.00,"commission":0.00,"deal_time_broker":"2026-10-07 10:53:13","deal_time_broker_msc":1791370393000,"halted_at_receipt":false,"quarantined_at_receipt":false}
9,-1,1791370393118,ea_event,ROLL_ACCEPTED,{"type":"ea_event","seq":30,"ea_time_ms":63454203,"magic":null,"level":"INFO","code":"ROLL_ACCEPTED","reason":null,"ticket":1991578986,"detail":{"ticket":1991578986,"side":"L","layer_index":7,"entry":1.12397,"level":1.11977,"target":1.12077,"accrued":0.00000,"clamped":false,"cost":0.00320,"cost_pips":32.0,"rolled":8,"was_ejected":false,"source":"auto","reroll":false,"from_level":0.00000}}
9,-1,1791370393118,scalp,SCALP_CLOSED,{"close_time":"2026-10-07T10:53:13Z","instrument":"EURUSD","direction":"SHORT","entry_price":1.12069,"exit_price":1.11958,"layer_depth":0,"stack_depth":1,"gross_pnl":1.11,"instance_id":"GRIND_EURUSD_OPTB","ejected":false,"rolled":false,"broker_utc_offset_s":10800,"account_login":53077984}
9,-1,1791370439228,ea_event,ROLL_ACCEPTED,{"type":"ea_event","seq":31,"ea_time_ms":63454218,"magic":null,"level":"INFO","code":"ROLL_ACCEPTED","reason":null,"ticket":1975880441,"detail":{"ticket":1975880441,"side":"L","layer_index":0,"entry":1.13670,"level":1.11907,"target":1.12080,"accrued":0.00073,"clamped":false,"cost":0.01663,"cost_pips":166.3,"rolled":8,"was_ejected":false,"source":"reroll","reroll":true,"from_level":1.13104}}
9,-1,1791370473027,ea_event,,{"type":"fill_log","seq":32,"ea_time_ms":63454218,"magic":22260201,"deal_ticket":800000022,"order_ticket":9017,"position_id":900000010,"entry_type":"IN","deal_type":"SELL","side":"S","layer_index":0,"role":"ENT","deal_price":1.11918,"order_price_open":null,"slippage_pips":null,"volume":0.00,"profit":0.00,"swap":0.00,"commission":0.00,"deal_time_broker":"2026-10-07 10:54:32","deal_time_broker_msc":1791370472000,"halted_at_receipt":false,"quarantined_at_receipt":false}
9,-1,1791370596929,ea_event,ROLL_DEFERRED,{"type":"ea_event","seq":33,"ea_time_ms":63454218,"magic":null,"level":"INFO","code":"ROLL_DEFERRED","reason":"L","ticket":null,"detail":{"side":"L","depth":8,"opposite_depth":1,"gate":0,"level":1.11837,"market":1.11833}}
9,-1,1791371782462,ea_event,,{"type":"fill_log","seq":34,"ea_time_ms":63454265,"magic":22260201,"deal_ticket":800000023,"order_ticket":9019,"position_id":900000011,"entry_type":"IN","deal_type":"SELL","side":"S","layer_index":0,"role":"EXT","deal_price":1.11814,"order_price_open":null,"slippage_pips":null,"volume":0.00,"profit":0.00,"swap":0.00,"commission":0.00,"deal_time_broker":"2026-10-07 11:16:21","deal_time_broker_msc":1791371781000,"halted_at_receipt":false,"quarantined_at_receipt":false}
9,-1,1791371782864,ea_event,,{"type":"fill_log","seq":35,"ea_time_ms":63454265,"magic":22260201,"deal_ticket":800000024,"order_ticket":700000024,"position_id":900000010,"entry_type":"OUT_BY","deal_type":"SELL","side":null,"layer_index":null,"role":null,"deal_price":1.11814,"order_price_open":null,"slippage_pips":null,"volume":0.00,"profit":1.04,"swap":0.00,"commission":0.00,"deal_time_broker":"2026-10-07 11:16:22","deal_time_broker_msc":1791371782000,"halted_at_receipt":false,"quarantined_at_receipt":false}
9,-1,1791371782864,ea_event,,{"type":"fill_log","seq":36,"ea_time_ms":63454265,"magic":22260201,"deal_ticket":800000025,"order_ticket":700000024,"position_id":900000011,"entry_type":"OUT_BY","deal_type":"SELL","side":null,"layer_index":null,"role":null,"deal_price":1.11918,"order_price_open":null,"slippage_pips":null,"volume":0.00,"profit":0.00,"swap":0.00,"commission":0.00,"deal_time_broker":"2026-10-07 11:16:22","deal_time_broker_msc":1791371782000,"halted_at_receipt":false,"quarantined_at_receipt":false}
9,-1,1791371782864,ea_event,ROLL_ACCEPTED,{"type":"ea_event","seq":37,"ea_time_ms":63454265,"magic":null,"level":"INFO","code":"ROLL_ACCEPTED","reason":null,"ticket":1975959172,"detail":{"ticket":1975959172,"side":"L","layer_index":1,"entry":1.13600,"level":1.11837,"target":1.12010,"accrued":0.00073,"clamped":false,"cost":0.01663,"cost_pips":166.3,"rolled":8,"was_ejected":false,"source":"reroll","reroll":true,"from_level":1.13034}}
9,-1,1791371782864,scalp,SCALP_CLOSED,{"close_time":"2026-10-07T11:16:22Z","instrument":"EURUSD","direction":"SHORT","entry_price":1.11918,"exit_price":1.11814,"layer_depth":0,"stack_depth":1,"gross_pnl":1.04,"instance_id":"GRIND_EURUSD_OPTB","ejected":false,"rolled":false,"broker_utc_offset_s":10800,"account_login":53077984}
9,-1,1791371861006,ea_event,,{"type":"fill_log","seq":38,"ea_time_ms":63454281,"magic":22260201,"deal_ticket":800000026,"order_ticket":9022,"position_id":900000012,"entry_type":"IN","deal_type":"SELL","side":"S","layer_index":0,"role":"ENT","deal_price":1.11826,"order_price_open":null,"slippage_pips":null,"volume":0.00,"profit":0.00,"swap":0.00,"commission":0.00,"deal_time_broker":"2026-10-07 11:17:40","deal_time_broker_msc":1791371860000,"halted_at_receipt":false,"quarantined_at_receipt":false}
9,-1,1791371961341,ea_event,,{"type":"fill_log","seq":39,"ea_time_ms":63454281,"magic":22260201,"deal_ticket":800000027,"order_ticket":9024,"position_id":900000013,"entry_type":"IN","deal_type":"SELL","side":"S","layer_index":1,"role":"ENT","deal_price":1.11899,"order_price_open":null,"slippage_pips":null,"volume":0.00,"profit":0.00,"swap":0.00,"commission":0.00,"deal_time_broker":"2026-10-07 11:19:21","deal_time_broker_msc":1791371961000,"halted_at_receipt":false,"quarantined_at_receipt":false}
9,-1,1791372204244,ea_event,,{"type":"fill_log","seq":40,"ea_time_ms":63454296,"magic":22260201,"deal_ticket":800000028,"order_ticket":9026,"position_id":900000014,"entry_type":"IN","deal_type":"SELL","side":"S","layer_index":2,"role":"ENT","deal_price":1.11972,"order_price_open":null,"slippage_pips":null,"volume":0.00,"profit":0.00,"swap":0.00,"commission":0.00,"deal_time_broker":"2026-10-07 11:23:24","deal_time_broker_msc":1791372204000,"halted_at_receipt":false,"quarantined_at_receipt":false}
9,-1,1791374538234,ea_event,,{"type":"fill_log","seq":41,"ea_time_ms":63454359,"magic":22260201,"deal_ticket":800000029,"order_ticket":9018,"position_id":900000015,"entry_type":"IN","deal_type":"BUY","side":"L","layer_index":1,"role":"EXT","deal_price":1.12013,"order_price_open":null,"slippage_pips":null,"volume":0.00,"profit":0.00,"swap":0.00,"commission":0.00,"deal_time_broker":"2026-10-07 12:02:18","deal_time_broker_msc":1791374538000,"halted_at_receipt":false,"quarantined_at_receipt":false}
9,-1,1791374540043,ea_event,,{"type":"fill_log","seq":42,"ea_time_ms":63454359,"magic":22260201,"deal_ticket":800000030,"order_ticket":700000030,"position_id":1975959172,"entry_type":"OUT_BY","deal_type":"SELL","side":null,"layer_index":null,"role":null,"deal_price":1.12013,"order_price_open":null,"slippage_pips":null,"volume":0.00,"profit":-15.87,"swap":-0.57,"commission":0.00,"deal_time_broker":"2026-10-07 12:02:18","deal_time_broker_msc":1791374538000,"halted_at_receipt":false,"quarantined_at_receipt":false}
9,-1,1791374540043,ea_event,ROLL_FILLED,{"type":"ea_event","seq":43,"ea_time_ms":63454359,"magic":null,"level":"INFO","code":"ROLL_FILLED","reason":null,"ticket":1975959172,"detail":{"ticket":1975959172,"level":1.11837}}
9,-1,1791374540043,ea_event,,{"type":"fill_log","seq":44,"ea_time_ms":63454359,"magic":22260201,"deal_ticket":800000031,"order_ticket":700000030,"position_id":900000015,"entry_type":"OUT_BY","deal_type":"SELL","side":null,"layer_index":null,"role":null,"deal_price":1.13600,"order_price_open":null,"slippage_pips":null,"volume":0.00,"profit":0.00,"swap":0.00,"commission":0.00,"deal_time_broker":"2026-10-07 12:02:18","deal_time_broker_msc":1791374538000,"halted_at_receipt":false,"quarantined_at_receipt":false}
9,-1,1791374540043,scalp,SCALP_CLOSED,{"close_time":"2026-10-07T12:02:18Z","instrument":"EURUSD","direction":"LONG","entry_price":1.13600,"exit_price":1.12013,"layer_depth":1,"stack_depth":8,"gross_pnl":-16.44,"instance_id":"GRIND_EURUSD_OPTB","ejected":false,"rolled":true,"broker_utc_offset_s":10800,"account_login":53077984}
9,-1,1791376324790,ea_event,,{"type":"fill_log","seq":45,"ea_time_ms":63454421,"magic":22260201,"deal_ticket":800000032,"order_ticket":9027,"position_id":900000016,"entry_type":"IN","deal_type":"SELL","side":"S","layer_index":2,"role":"EXT","deal_price":1.11869,"order_price_open":null,"slippage_pips":null,"volume":0.00,"profit":0.00,"swap":0.00,"commission":0.00,"deal_time_broker":"2026-10-07 12:32:04","deal_time_broker_msc":1791376324000,"halted_at_receipt":false,"quarantined_at_receipt":false}
9,-1,1791376325379,ea_event,,{"type":"fill_log","seq":46,"ea_time_ms":63454421,"magic":22260201,"deal_ticket":800000033,"order_ticket":700000033,"position_id":900000014,"entry_type":"OUT_BY","deal_type":"SELL","side":null,"layer_index":null,"role":null,"deal_price":1.11869,"order_price_open":null,"slippage_pips":null,"volume":0.00,"profit":1.03,"swap":0.00,"commission":0.00,"deal_time_broker":"2026-10-07 12:32:05","deal_time_broker_msc":1791376325000,"halted_at_receipt":false,"quarantined_at_receipt":false}
9,-1,1791376325379,ea_event,,{"type":"fill_log","seq":47,"ea_time_ms":63454421,"magic":22260201,"deal_ticket":800000034,"order_ticket":700000033,"position_id":900000016,"entry_type":"OUT_BY","deal_type":"SELL","side":null,"layer_index":null,"role":null,"deal_price":1.11972,"order_price_open":null,"slippage_pips":null,"volume":0.00,"profit":0.00,"swap":0.00,"commission":0.00,"deal_time_broker":"2026-10-07 12:32:05","deal_time_broker_msc":1791376325000,"halted_at_receipt":false,"quarantined_at_receipt":false}
9,-1,1791376325379,scalp,SCALP_CLOSED,{"close_time":"2026-10-07T12:32:05Z","instrument":"EURUSD","direction":"SHORT","entry_price":1.11972,"exit_price":1.11869,"layer_depth":2,"stack_depth":3,"gross_pnl":1.03,"instance_id":"GRIND_EURUSD_OPTB","ejected":false,"rolled":false,"broker_utc_offset_s":10800,"account_login":53077984}
9,-1,1791377998447,ea_event,,{"type":"fill_log","seq":48,"ea_time_ms":63454484,"magic":22260201,"deal_ticket":800000035,"order_ticket":9032,"position_id":900000017,"entry_type":"IN","deal_type":"SELL","side":"S","layer_index":2,"role":"ENT","deal_price":1.11971,"order_price_open":null,"slippage_pips":null,"volume":0.00,"profit":0.00,"swap":0.00,"commission":0.00,"deal_time_broker":"2026-10-07 12:59:57","deal_time_broker_msc":1791377997000,"halted_at_receipt":false,"quarantined_at_receipt":false}
9,-1,1791380791389,ea_event,,{"type":"fill_log","seq":49,"ea_time_ms":63454578,"magic":22260201,"deal_ticket":800000036,"order_ticket":9033,"position_id":900000018,"entry_type":"IN","deal_type":"SELL","side":"S","layer_index":2,"role":"EXT","deal_price":1.11867,"order_price_open":null,"slippage_pips":null,"volume":0.00,"profit":0.00,"swap":0.00,"commission":0.00,"deal_time_broker":"2026-10-07 13:46:31","deal_time_broker_msc":1791380791000,"halted_at_receipt":false,"quarantined_at_receipt":false}
9,-1,1791380792184,ea_event,,{"type":"fill_log","seq":50,"ea_time_ms":63454578,"magic":22260201,"deal_ticket":800000037,"order_ticket":700000037,"position_id":900000017,"entry_type":"OUT_BY","deal_type":"SELL","side":null,"layer_index":null,"role":null,"deal_price":1.11867,"order_price_open":null,"slippage_pips":null,"volume":0.00,"profit":1.04,"swap":0.00,"commission":0.00,"deal_time_broker":"2026-10-07 13:46:31","deal_time_broker_msc":1791380791000,"halted_at_receipt":false,"quarantined_at_receipt":false}
9,-1,1791380792184,ea_event,,{"type":"fill_log","seq":51,"ea_time_ms":63454578,"magic":22260201,"deal_ticket":800000038,"order_ticket":700000037,"position_id":900000018,"entry_type":"OUT_BY","deal_type":"SELL","side":null,"layer_index":null,"role":null,"deal_price":1.11971,"order_price_open":null,"slippage_pips":null,"volume":0.00,"profit":0.00,"swap":0.00,"commission":0.00,"deal_time_broker":"2026-10-07 13:46:31","deal_time_broker_msc":1791380791000,"halted_at_receipt":false,"quarantined_at_receipt":false}
9,-1,1791380792184,scalp,SCALP_CLOSED,{"close_time":"2026-10-07T13:46:31Z","instrument":"EURUSD","direction":"SHORT","entry_price":1.11971,"exit_price":1.11867,"layer_depth":2,"stack_depth":3,"gross_pnl":1.04,"instance_id":"GRIND_EURUSD_OPTB","ejected":false,"rolled":false,"broker_utc_offset_s":10800,"account_login":53077984}
9,-1,1791383297665,ea_event,,{"type":"fill_log","seq":52,"ea_time_ms":63454656,"magic":22260201,"deal_ticket":800000039,"order_ticket":9030,"position_id":900000019,"entry_type":"IN","deal_type":"BUY","side":"L","layer_index":8,"role":"ENT","deal_price":1.11835,"order_price_open":null,"slippage_pips":null,"volume":0.00,"profit":0.00,"swap":0.00,"commission":0.00,"deal_time_broker":"2026-10-07 14:28:17","deal_time_broker_msc":1791383297000,"halted_at_receipt":false,"quarantined_at_receipt":false}
9,-1,1791383986691,ea_event,,{"type":"fill_log","seq":53,"ea_time_ms":63454703,"magic":22260201,"deal_ticket":800000040,"order_ticket":9035,"position_id":900000020,"entry_type":"IN","deal_type":"SELL","side":"S","layer_index":1,"role":"EXT","deal_price":1.11797,"order_price_open":null,"slippage_pips":null,"volume":0.00,"profit":0.00,"swap":0.00,"commission":0.00,"deal_time_broker":"2026-10-07 14:39:46","deal_time_broker_msc":1791383986000,"halted_at_receipt":false,"quarantined_at_receipt":false}
9,-1,1791383987292,ea_event,,{"type":"fill_log","seq":54,"ea_time_ms":63454703,"magic":22260201,"deal_ticket":800000041,"order_ticket":700000041,"position_id":900000013,"entry_type":"OUT_BY","deal_type":"SELL","side":null,"layer_index":null,"role":null,"deal_price":1.11797,"order_price_open":null,"slippage_pips":null,"volume":0.00,"profit":1.02,"swap":0.00,"commission":0.00,"deal_time_broker":"2026-10-07 14:39:46","deal_time_broker_msc":1791383986000,"halted_at_receipt":false,"quarantined_at_receipt":false}
9,-1,1791383987292,ea_event,,{"type":"fill_log","seq":55,"ea_time_ms":63454703,"magic":22260201,"deal_ticket":800000042,"order_ticket":700000041,"position_id":900000020,"entry_type":"OUT_BY","deal_type":"SELL","side":null,"layer_index":null,"role":null,"deal_price":1.11899,"order_price_open":null,"slippage_pips":null,"volume":0.00,"profit":0.00,"swap":0.00,"commission":0.00,"deal_time_broker":"2026-10-07 14:39:46","deal_time_broker_msc":1791383986000,"halted_at_receipt":false,"quarantined_at_receipt":false}
9,-1,1791383987292,scalp,SCALP_CLOSED,{"close_time":"2026-10-07T14:39:46Z","instrument":"EURUSD","direction":"SHORT","entry_price":1.11899,"exit_price":1.11797,"layer_depth":1,"stack_depth":2,"gross_pnl":1.02,"instance_id":"GRIND_EURUSD_OPTB","ejected":false,"rolled":false,"broker_utc_offset_s":10800,"account_login":53077984}
9,-1,1791384245779,ea_event,ROLL_DEFERRED,{"type":"ea_event","seq":56,"ea_time_ms":63454703,"magic":null,"level":"INFO","code":"ROLL_DEFERRED","reason":"L","ticket":null,"detail":{"side":"L","depth":8,"opposite_depth":1,"gate":0,"level":1.11765,"market":1.11765}}
9,-1,1791386316508,ea_event,,{"type":"fill_log","seq":57,"ea_time_ms":63454765,"magic":22260201,"deal_ticket":800000043,"order_ticket":9023,"position_id":900000021,"entry_type":"IN","deal_type":"SELL","side":"S","layer_index":0,"role":"EXT","deal_price":1.11724,"order_price_open":null,"slippage_pips":null,"volume":0.00,"profit":0.00,"swap":0.00,"commission":0.00,"deal_time_broker":"2026-10-07 15:18:36","deal_time_broker_msc":1791386316000,"halted_at_receipt":false,"quarantined_at_receipt":false}
9,-1,1791386317315,ea_event,,{"type":"fill_log","seq":58,"ea_time_ms":63454765,"magic":22260201,"deal_ticket":800000044,"order_ticket":700000044,"position_id":900000012,"entry_type":"OUT_BY","deal_type":"SELL","side":null,"layer_index":null,"role":null,"deal_price":1.11724,"order_price_open":null,"slippage_pips":null,"volume":0.00,"profit":1.02,"swap":0.00,"commission":0.00,"deal_time_broker":"2026-10-07 15:18:36","deal_time_broker_msc":1791386316000,"halted_at_receipt":false,"quarantined_at_receipt":false}
9,-1,1791386317315,ea_event,,{"type":"fill_log","seq":59,"ea_time_ms":63454765,"magic":22260201,"deal_ticket":800000045,"order_ticket":700000044,"position_id":900000021,"entry_type":"OUT_BY","deal_type":"SELL","side":null,"layer_index":null,"role":null,"deal_price":1.11826,"order_price_open":null,"slippage_pips":null,"volume":0.00,"profit":0.00,"swap":0.00,"commission":0.00,"deal_time_broker":"2026-10-07 15:18:36","deal_time_broker_msc":1791386316000,"halted_at_receipt":false,"quarantined_at_receipt":false}
9,-1,1791386317315,ea_event,ROLL_ACCEPTED,{"type":"ea_event","seq":60,"ea_time_ms":63454765,"magic":null,"level":"INFO","code":"ROLL_ACCEPTED","reason":null,"ticket":900000019,"detail":{"ticket":900000019,"side":"L","layer_index":8,"entry":1.11835,"level":1.11765,"target":1.11865,"accrued":0.00000,"clamped":false,"cost":-0.00030,"cost_pips":-3.0,"rolled":8,"was_ejected":false,"source":"auto","reroll":false,"from_level":0.00000}}
9,-1,1791386317315,scalp,SCALP_CLOSED,{"close_time":"2026-10-07T15:18:36Z","instrument":"EURUSD","direction":"SHORT","entry_price":1.11826,"exit_price":1.11724,"layer_depth":0,"stack_depth":1,"gross_pnl":1.02,"instance_id":"GRIND_EURUSD_OPTB","ejected":false,"rolled":false,"broker_utc_offset_s":10800,"account_login":53077984}
9,-1,1791386596292,ea_event,ROLL_ACCEPTED,{"type":"ea_event","seq":61,"ea_time_ms":63454781,"magic":null,"level":"INFO","code":"ROLL_ACCEPTED","reason":null,"ticket":1990103571,"detail":{"ticket":1990103571,"side":"L","layer_index":2,"entry":1.12746,"level":1.11695,"target":1.11819,"accrued":0.00024,"clamped":false,"cost":0.00951,"cost_pips":95.1,"rolled":8,"was_ejected":false,"source":"reroll","reroll":true,"from_level":1.12327}}
9,-1,1791386712042,ea_event,,{"type":"fill_log","seq":62,"ea_time_ms":63454781,"magic":22260201,"deal_ticket":800000046,"order_ticket":9039,"position_id":900000022,"entry_type":"IN","deal_type":"SELL","side":"S","layer_index":0,"role":"ENT","deal_price":1.11681,"order_price_open":null,"slippage_pips":null,"volume":0.00,"profit":0.00,"swap":0.00,"commission":0.00,"deal_time_broker":"2026-10-07 15:25:11","deal_time_broker_msc":1791386711000,"halted_at_receipt":false,"quarantined_at_receipt":false}
9,-1,1791388817525,ea_event,,{"type":"fill_log","seq":63,"ea_time_ms":63454875,"magic":22260201,"deal_ticket":800000047,"order_ticket":9042,"position_id":900000023,"entry_type":"IN","deal_type":"SELL","side":"S","layer_index":1,"role":"ENT","deal_price":1.11750,"order_price_open":null,"slippage_pips":null,"volume":0.00,"profit":0.00,"swap":0.00,"commission":0.00,"deal_time_broker":"2026-10-07 16:00:17","deal_time_broker_msc":1791388817000,"halted_at_receipt":false,"quarantined_at_receipt":false}
9,-1,1791389936179,ea_event,,{"type":"fill_log","seq":64,"ea_time_ms":63454906,"magic":22260201,"deal_ticket":800000048,"order_ticket":9021,"position_id":900000024,"entry_type":"IN","deal_type":"BUY","side":"L","layer_index":2,"role":"EXT","deal_price":1.11820,"order_price_open":null,"slippage_pips":null,"volume":0.00,"profit":0.00,"swap":0.00,"commission":0.00,"deal_time_broker":"2026-10-07 16:18:56","deal_time_broker_msc":1791389936000,"halted_at_receipt":false,"quarantined_at_receipt":false}
9,-1,1791389938580,ea_event,,{"type":"fill_log","seq":65,"ea_time_ms":63454906,"magic":22260201,"deal_ticket":800000049,"order_ticket":700000049,"position_id":1990103571,"entry_type":"OUT_BY","deal_type":"SELL","side":null,"layer_index":null,"role":null,"deal_price":1.11820,"order_price_open":null,"slippage_pips":null,"volume":0.00,"profit":-9.26,"swap":-0.08,"commission":0.00,"deal_time_broker":"2026-10-07 16:18:56","deal_time_broker_msc":1791389936000,"halted_at_receipt":false,"quarantined_at_receipt":false}
9,-1,1791389938580,ea_event,ROLL_FILLED,{"type":"ea_event","seq":66,"ea_time_ms":63454906,"magic":null,"level":"INFO","code":"ROLL_FILLED","reason":null,"ticket":1990103571,"detail":{"ticket":1990103571,"level":1.11695}}
9,-1,1791389938580,ea_event,,{"type":"fill_log","seq":67,"ea_time_ms":63454906,"magic":22260201,"deal_ticket":800000050,"order_ticket":700000049,"position_id":900000024,"entry_type":"OUT_BY","deal_type":"SELL","side":null,"layer_index":null,"role":null,"deal_price":1.12746,"order_price_open":null,"slippage_pips":null,"volume":0.00,"profit":0.00,"swap":0.00,"commission":0.00,"deal_time_broker":"2026-10-07 16:18:56","deal_time_broker_msc":1791389936000,"halted_at_receipt":false,"quarantined_at_receipt":false}
9,-1,1791389938580,scalp,SCALP_CLOSED,{"close_time":"2026-10-07T16:18:56Z","instrument":"EURUSD","direction":"LONG","entry_price":1.12746,"exit_price":1.11820,"layer_depth":2,"stack_depth":8,"gross_pnl":-9.34,"instance_id":"GRIND_EURUSD_OPTB","ejected":false,"rolled":true,"broker_utc_offset_s":10800,"account_login":53077984}
9,-1,1791389942399,ea_event,,{"type":"fill_log","seq":68,"ea_time_ms":63454906,"magic":22260201,"deal_ticket":800000051,"order_ticket":9044,"position_id":900000025,"entry_type":"IN","deal_type":"SELL","side":"S","layer_index":2,"role":"ENT","deal_price":1.11822,"order_price_open":null,"slippage_pips":null,"volume":0.00,"profit":0.00,"swap":0.00,"commission":0.00,"deal_time_broker":"2026-10-07 16:19:02","deal_time_broker_msc":1791389942000,"halted_at_receipt":false,"quarantined_at_receipt":false}
9,-1,1791392395292,ea_event,,{"type":"fill_log","seq":69,"ea_time_ms":63455015,"magic":22260201,"deal_ticket":800000052,"order_ticket":9045,"position_id":900000026,"entry_type":"IN","deal_type":"BUY","side":"L","layer_index":8,"role":"EXT","deal_price":1.11866,"order_price_open":null,"slippage_pips":null,"volume":0.00,"profit":0.00,"swap":0.00,"commission":0.00,"deal_time_broker":"2026-10-07 16:59:54","deal_time_broker_msc":1791392394000,"halted_at_receipt":false,"quarantined_at_receipt":false}
9,-1,1791392396289,ea_event,,{"type":"fill_log","seq":70,"ea_time_ms":63455015,"magic":22260201,"deal_ticket":800000053,"order_ticket":700000053,"position_id":900000019,"entry_type":"OUT_BY","deal_type":"SELL","side":null,"layer_index":null,"role":null,"deal_price":1.11866,"order_price_open":null,"slippage_pips":null,"volume":0.00,"profit":0.31,"swap":0.00,"commission":0.00,"deal_time_broker":"2026-10-07 16:59:55","deal_time_broker_msc":1791392395000,"halted_at_receipt":false,"quarantined_at_receipt":false}
9,-1,1791392396289,ea_event,ROLL_FILLED,{"type":"ea_event","seq":71,"ea_time_ms":63455015,"magic":null,"level":"INFO","code":"ROLL_FILLED","reason":null,"ticket":900000019,"detail":{"ticket":900000019,"level":1.11765}}
9,-1,1791392396289,ea_event,,{"type":"fill_log","seq":72,"ea_time_ms":63455015,"magic":22260201,"deal_ticket":800000054,"order_ticket":700000053,"position_id":900000026,"entry_type":"OUT_BY","deal_type":"SELL","side":null,"layer_index":null,"role":null,"deal_price":1.11835,"order_price_open":null,"slippage_pips":null,"volume":0.00,"profit":0.00,"swap":0.00,"commission":0.00,"deal_time_broker":"2026-10-07 16:59:55","deal_time_broker_msc":1791392395000,"halted_at_receipt":false,"quarantined_at_receipt":false}
9,-1,1791392396289,scalp,SCALP_CLOSED,{"close_time":"2026-10-07T16:59:55Z","instrument":"EURUSD","direction":"LONG","entry_price":1.11835,"exit_price":1.11866,"layer_depth":8,"stack_depth":7,"gross_pnl":0.31,"instance_id":"GRIND_EURUSD_OPTB","ejected":false,"rolled":true,"broker_utc_offset_s":10800,"account_login":53077984}
9,-1,1791392499089,ea_event,,{"type":"fill_log","seq":73,"ea_time_ms":63455031,"magic":22260201,"deal_ticket":800000055,"order_ticket":9048,"position_id":900000027,"entry_type":"IN","deal_type":"SELL","side":"S","layer_index":3,"role":"ENT","deal_price":1.11894,"order_price_open":null,"slippage_pips":null,"volume":0.00,"profit":0.00,"swap":0.00,"commission":0.00,"deal_time_broker":"2026-10-07 17:01:38","deal_time_broker_msc":1791392498000,"halted_at_receipt":false,"quarantined_at_receipt":false}
9,-1,1791392625225,ea_event,,{"type":"fill_log","seq":74,"ea_time_ms":63455031,"magic":22260201,"deal_ticket":800000056,"order_ticket":9050,"position_id":900000028,"entry_type":"IN","deal_type":"BUY","side":"L","layer_index":8,"role":"ENT","deal_price":1.11832,"order_price_open":null,"slippage_pips":null,"volume":0.00,"profit":0.00,"swap":0.00,"commission":0.00,"deal_time_broker":"2026-10-07 17:03:45","deal_time_broker_msc":1791392625000,"halted_at_receipt":false,"quarantined_at_receipt":false}
9,-1,1791392779757,ea_event,,{"type":"fill_log","seq":75,"ea_time_ms":63455046,"magic":22260201,"deal_ticket":800000057,"order_ticket":9051,"position_id":900000029,"entry_type":"IN","deal_type":"SELL","side":"S","layer_index":3,"role":"EXT","deal_price":1.11789,"order_price_open":null,"slippage_pips":null,"volume":0.00,"profit":0.00,"swap":0.00,"commission":0.00,"deal_time_broker":"2026-10-07 17:06:19","deal_time_broker_msc":1791392779000,"halted_at_receipt":false,"quarantined_at_receipt":false}
9,-1,1791392780155,ea_event,,{"type":"fill_log","seq":76,"ea_time_ms":63455046,"magic":22260201,"deal_ticket":800000058,"order_ticket":700000058,"position_id":900000027,"entry_type":"OUT_BY","deal_type":"SELL","side":null,"layer_index":null,"role":null,"deal_price":1.11789,"order_price_open":null,"slippage_pips":null,"volume":0.00,"profit":1.05,"swap":0.00,"commission":0.00,"deal_time_broker":"2026-10-07 17:06:20","deal_time_broker_msc":1791392780000,"halted_at_receipt":false,"quarantined_at_receipt":false}
9,-1,1791392780155,ea_event,,{"type":"fill_log","seq":77,"ea_time_ms":63455046,"magic":22260201,"deal_ticket":800000059,"order_ticket":700000058,"position_id":900000029,"entry_type":"OUT_BY","deal_type":"SELL","side":null,"layer_index":null,"role":null,"deal_price":1.11894,"order_price_open":null,"slippage_pips":null,"volume":0.00,"profit":0.00,"swap":0.00,"commission":0.00,"deal_time_broker":"2026-10-07 17:06:20","deal_time_broker_msc":1791392780000,"halted_at_receipt":false,"quarantined_at_receipt":false}
9,-1,1791392780155,scalp,SCALP_CLOSED,{"close_time":"2026-10-07T17:06:20Z","instrument":"EURUSD","direction":"SHORT","entry_price":1.11894,"exit_price":1.11789,"layer_depth":3,"stack_depth":4,"gross_pnl":1.05,"instance_id":"GRIND_EURUSD_OPTB","ejected":false,"rolled":false,"broker_utc_offset_s":10800,"account_login":53077984}
9,-1,1791394785641,ea_event,,{"type":"fill_log","seq":78,"ea_time_ms":63455125,"magic":22260201,"deal_ticket":800000060,"order_ticket":9056,"position_id":900000030,"entry_type":"IN","deal_type":"SELL","side":"S","layer_index":3,"role":"ENT","deal_price":1.11891,"order_price_open":null,"slippage_pips":null,"volume":0.00,"profit":0.00,"swap":0.00,"commission":0.00,"deal_time_broker":"2026-10-07 17:39:45","deal_time_broker_msc":1791394785000,"halted_at_receipt":false,"quarantined_at_receipt":false}
9,-1,1791395472700,ea_event,,{"type":"fill_log","seq":79,"ea_time_ms":63455156,"magic":22260201,"deal_ticket":800000061,"order_ticket":9053,"position_id":900000031,"entry_type":"IN","deal_type":"BUY","side":"L","layer_index":8,"role":"EXT","deal_price":1.11934,"order_price_open":null,"slippage_pips":null,"volume":0.00,"profit":0.00,"swap":0.00,"commission":0.00,"deal_time_broker":"2026-10-07 17:51:12","deal_time_broker_msc":1791395472000,"halted_at_receipt":false,"quarantined_at_receipt":false}
9,-1,1791395473098,ea_event,,{"type":"fill_log","seq":80,"ea_time_ms":63455156,"magic":22260201,"deal_ticket":800000062,"order_ticket":700000062,"position_id":900000028,"entry_type":"OUT_BY","deal_type":"SELL","side":null,"layer_index":null,"role":null,"deal_price":1.11934,"order_price_open":null,"slippage_pips":null,"volume":0.00,"profit":1.02,"swap":0.00,"commission":0.00,"deal_time_broker":"2026-10-07 17:51:12","deal_time_broker_msc":1791395472000,"halted_at_receipt":false,"quarantined_at_receipt":false}
9,-1,1791395473098,ea_event,,{"type":"fill_log","seq":81,"ea_time_ms":63455156,"magic":22260201,"deal_ticket":800000063,"order_ticket":700000062,"position_id":900000031,"entry_type":"OUT_BY","deal_type":"SELL","side":null,"layer_index":null,"role":null,"deal_price":1.11832,"order_price_open":null,"slippage_pips":null,"volume":0.00,"profit":0.00,"swap":0.00,"commission":0.00,"deal_time_broker":"2026-10-07 17:51:12","deal_time_broker_msc":1791395472000,"halted_at_receipt":false,"quarantined_at_receipt":false}
9,-1,1791395473098,scalp,SCALP_CLOSED,{"close_time":"2026-10-07T17:51:12Z","instrument":"EURUSD","direction":"LONG","entry_price":1.11832,"exit_price":1.11934,"layer_depth":8,"stack_depth":7,"gross_pnl":1.02,"instance_id":"GRIND_EURUSD_OPTB","ejected":false,"rolled":false,"broker_utc_offset_s":10800,"account_login":53077984}
9,-1,1791396795710,ea_event,,{"type":"fill_log","seq":82,"ea_time_ms":63455203,"magic":22260201,"deal_ticket":800000064,"order_ticket":9058,"position_id":900000032,"entry_type":"IN","deal_type":"SELL","side":"S","layer_index":4,"role":"ENT","deal_price":1.11979,"order_price_open":null,"slippage_pips":null,"volume":0.00,"profit":0.00,"swap":0.00,"commission":0.00,"deal_time_broker":"2026-10-07 18:13:15","deal_time_broker_msc":1791396795000,"halted_at_receipt":false,"quarantined_at_receipt":false}
9,-1,1791397675738,ea_event,,{"type":"fill_log","seq":83,"ea_time_ms":63455250,"magic":22260201,"deal_ticket":800000065,"order_ticket":9061,"position_id":900000033,"entry_type":"IN","deal_type":"SELL","side":"S","layer_index":4,"role":"EXT","deal_price":1.11874,"order_price_open":null,"slippage_pips":null,"volume":0.00,"profit":0.00,"swap":0.00,"commission":0.00,"deal_time_broker":"2026-10-07 18:27:55","deal_time_broker_msc":1791397675000,"halted_at_receipt":false,"quarantined_at_receipt":false}
9,-1,1791397676747,ea_event,,{"type":"fill_log","seq":84,"ea_time_ms":63455250,"magic":22260201,"deal_ticket":800000066,"order_ticket":700000066,"position_id":900000032,"entry_type":"OUT_BY","deal_type":"SELL","side":null,"layer_index":null,"role":null,"deal_price":1.11874,"order_price_open":null,"slippage_pips":null,"volume":0.00,"profit":1.05,"swap":0.00,"commission":0.00,"deal_time_broker":"2026-10-07 18:27:56","deal_time_broker_msc":1791397676000,"halted_at_receipt":false,"quarantined_at_receipt":false}
9,-1,1791397676747,ea_event,,{"type":"fill_log","seq":85,"ea_time_ms":63455250,"magic":22260201,"deal_ticket":800000067,"order_ticket":700000066,"position_id":900000033,"entry_type":"OUT_BY","deal_type":"SELL","side":null,"layer_index":null,"role":null,"deal_price":1.11979,"order_price_open":null,"slippage_pips":null,"volume":0.00,"profit":0.00,"swap":0.00,"commission":0.00,"deal_time_broker":"2026-10-07 18:27:56","deal_time_broker_msc":1791397676000,"halted_at_receipt":false,"quarantined_at_receipt":false}
9,-1,1791397676747,scalp,SCALP_CLOSED,{"close_time":"2026-10-07T18:27:56Z","instrument":"EURUSD","direction":"SHORT","entry_price":1.11979,"exit_price":1.11874,"layer_depth":4,"stack_depth":5,"gross_pnl":1.05,"instance_id":"GRIND_EURUSD_OPTB","ejected":false,"rolled":false,"broker_utc_offset_s":10800,"account_login":53077984}
9,-1,1791398978298,ea_event,,{"type":"fill_log","seq":86,"ea_time_ms":63455296,"magic":22260201,"deal_ticket":800000068,"order_ticket":9060,"position_id":900000034,"entry_type":"IN","deal_type":"BUY","side":"L","layer_index":8,"role":"ENT","deal_price":1.11835,"order_price_open":null,"slippage_pips":null,"volume":0.00,"profit":0.00,"swap":0.00,"commission":0.00,"deal_time_broker":"2026-10-07 18:49:36","deal_time_broker_msc":1791398976000,"halted_at_receipt":false,"quarantined_at_receipt":false}
9,-1,1791400066163,ea_event,,{"type":"fill_log","seq":87,"ea_time_ms":63455359,"magic":22260201,"deal_ticket":800000069,"order_ticket":9065,"position_id":900000035,"entry_type":"IN","deal_type":"BUY","side":"L","layer_index":8,"role":"EXT","deal_price":1.11938,"order_price_open":null,"slippage_pips":null,"volume":0.00,"profit":0.00,"swap":0.00,"commission":0.00,"deal_time_broker":"2026-10-07 19:07:45","deal_time_broker_msc":1791400065000,"halted_at_receipt":false,"quarantined_at_receipt":false}
9,-1,1791400066765,ea_event,,{"type":"fill_log","seq":88,"ea_time_ms":63455359,"magic":22260201,"deal_ticket":800000070,"order_ticket":700000070,"position_id":900000034,"entry_type":"OUT_BY","deal_type":"SELL","side":null,"layer_index":null,"role":null,"deal_price":1.11938,"order_price_open":null,"slippage_pips":null,"volume":0.00,"profit":1.03,"swap":0.00,"commission":0.00,"deal_time_broker":"2026-10-07 19:07:46","deal_time_broker_msc":1791400066000,"halted_at_receipt":false,"quarantined_at_receipt":false}
9,-1,1791400066765,ea_event,,{"type":"fill_log","seq":89,"ea_time_ms":63455359,"magic":22260201,"deal_ticket":800000071,"order_ticket":700000070,"position_id":900000035,"entry_type":"OUT_BY","deal_type":"SELL","side":null,"layer_index":null,"role":null,"deal_price":1.11835,"order_price_open":null,"slippage_pips":null,"volume":0.00,"profit":0.00,"swap":0.00,"commission":0.00,"deal_time_broker":"2026-10-07 19:07:46","deal_time_broker_msc":1791400066000,"halted_at_receipt":false,"quarantined_at_receipt":false}
9,-1,1791400066765,scalp,SCALP_CLOSED,{"close_time":"2026-10-07T19:07:46Z","instrument":"EURUSD","direction":"LONG","entry_price":1.11835,"exit_price":1.11938,"layer_depth":8,"stack_depth":7,"gross_pnl":1.03,"instance_id":"GRIND_EURUSD_OPTB","ejected":false,"rolled":false,"broker_utc_offset_s":10800,"account_login":53077984}
9,-1,1791400647742,ea_event,,{"type":"fill_log","seq":90,"ea_time_ms":63455375,"magic":22260201,"deal_ticket":800000072,"order_ticket":9064,"position_id":900000036,"entry_type":"IN","deal_type":"SELL","side":"S","layer_index":4,"role":"ENT","deal_price":1.11962,"order_price_open":null,"slippage_pips":null,"volume":0.00,"profit":0.00,"swap":0.00,"commission":0.00,"deal_time_broker":"2026-10-07 19:17:27","deal_time_broker_msc":1791400647000,"halted_at_receipt":false,"quarantined_at_receipt":false}
9,-1,1791407151770,ea_event,,{"type":"fill_log","seq":91,"ea_time_ms":63455578,"magic":22260201,"deal_ticket":800000073,"order_ticket":9070,"position_id":900000037,"entry_type":"IN","deal_type":"SELL","side":"S","layer_index":5,"role":"ENT","deal_price":1.12032,"order_price_open":null,"slippage_pips":null,"volume":0.00,"profit":0.00,"swap":0.00,"commission":0.00,"deal_time_broker":"2026-10-07 21:05:51","deal_time_broker_msc":1791407151000,"halted_at_receipt":false,"quarantined_at_receipt":false}
9,-1,1791417022593,ea_event,CARRY_SNAPSHOT,{"type":"ea_event","seq":92,"ea_time_ms":63455781,"magic":null,"level":"INFO","code":"CARRY_SNAPSHOT","reason":"EURUSD","ticket":null,"detail":{"symbol":"EURUSD","swap_mode":1,"swap_long":-7.9900,"swap_short":1.3100,"multiplier":3,"day_of_week":3,"rollover3days":3,"digits":5,"point":0.00001000,"tick_value":1.00000000,"tick_size":0.00001000,"stops_level":0,"freeze_level":0,"long_pips":-2.397,"short_pips":0.393,"eligible_long":6,"eligible_short":6,"trade_mode_full":true,"mult_today":3,"mult_tomorrow":1,"accrued_swap_long":0.00,"accrued_swap_short":0.00}}
9,-1,1791417022593,ea_event,CARRY_EXIT_SHIFT,{"type":"ea_event","seq":93,"ea_time_ms":63455781,"magic":null,"level":"INFO","code":"CARRY_EXIT_SHIFT","reason":"EURUSD","ticket":null,"detail":{"position_ticket":1975880441,"side":"long","layer_index":0,"accrued_ledger_pips":-5.700,"pending_pips":-0.799,"accrued_pips_total":-6.499,"old_price":1.12080,"new_price":1.12072,"clamped":false,"sign_guard_skipped":false,"retcode":10009,"points_native_pips":-5.593}}
9,-1,1791417022593,ea_event,CARRY_EXIT_SHIFT,{"type":"ea_event","seq":94,"ea_time_ms":63455781,"magic":null,"level":"INFO","code":"CARRY_EXIT_SHIFT","reason":"EURUSD","ticket":null,"detail":{"position_ticket":1990103611,"side":"long","layer_index":3,"accrued_ledger_pips":-0.800,"pending_pips":-0.799,"accrued_pips_total":-1.599,"old_price":1.12381,"new_price":1.12373,"clamped":false,"sign_guard_skipped":false,"retcode":10009,"points_native_pips":-0.799}}
9,-1,1791417211775,ea_event,CARRY_EXIT_SHIFT,{"type":"ea_event","seq":95,"ea_time_ms":63455781,"magic":null,"level":"INFO","code":"CARRY_EXIT_SHIFT","reason":"EURUSD","ticket":null,"detail":{"position_ticket":900000022,"side":"short","layer_index":0,"accrued_ledger_pips":0.000,"pending_pips":0.131,"accrued_pips_total":0.131,"old_price":1.11581,"new_price":1.11582,"clamped":false,"sign_guard_skipped":false,"retcode":10009,"points_native_pips":0.131}}
9,-1,1791417320761,ea_event,CARRY_EXIT_SHIFT,{"type":"ea_event","seq":96,"ea_time_ms":63455781,"magic":null,"level":"INFO","code":"CARRY_EXIT_SHIFT","reason":"EURUSD","ticket":null,"detail":{"position_ticket":900000037,"side":"short","layer_index":5,"accrued_ledger_pips":0.000,"pending_pips":0.131,"accrued_pips_total":0.131,"old_price":1.11932,"new_price":1.11933,"clamped":false,"sign_guard_skipped":false,"retcode":10009,"points_native_pips":0.131}}
9,-1,1791417320761,ea_event,CARRY_PASS_SUMMARY,{"type":"ea_event","seq":97,"ea_time_ms":63455781,"magic":null,"level":"INFO","code":"CARRY_PASS_SUMMARY","reason":"EURUSD","ticket":null,"detail":{"eligible":12,"shifted":4,"clamped":0,"skipped":0,"failed":0,"incomplete":false}}
9,-1,1791418320021,ea_event,,{"type":"fill_log","seq":98,"ea_time_ms":63455796,"magic":22260201,"deal_ticket":800000074,"order_ticket":9071,"position_id":900000038,"entry_type":"IN","deal_type":"SELL","side":"S","layer_index":5,"role":"EXT","deal_price":1.11931,"order_price_open":null,"slippage_pips":null,"volume":0.00,"profit":0.00,"swap":0.00,"commission":0.00,"deal_time_broker":"2026-10-08 00:11:59","deal_time_broker_msc":1791418319000,"halted_at_receipt":false,"quarantined_at_receipt":false}
9,-1,1791418320635,ea_event,,{"type":"fill_log","seq":99,"ea_time_ms":63455796,"magic":22260201,"deal_ticket":800000075,"order_ticket":700000075,"position_id":900000037,"entry_type":"OUT_BY","deal_type":"SELL","side":null,"layer_index":null,"role":null,"deal_price":1.11931,"order_price_open":null,"slippage_pips":null,"volume":0.00,"profit":1.01,"swap":0.04,"commission":0.00,"deal_time_broker":"2026-10-08 00:12:00","deal_time_broker_msc":1791418320000,"halted_at_receipt":false,"quarantined_at_receipt":false}
9,-1,1791418320635,ea_event,,{"type":"fill_log","seq":100,"ea_time_ms":63455796,"magic":22260201,"deal_ticket":800000076,"order_ticket":700000075,"position_id":900000038,"entry_type":"OUT_BY","deal_type":"SELL","side":null,"layer_index":null,"role":null,"deal_price":1.12032,"order_price_open":null,"slippage_pips":null,"volume":0.00,"profit":0.00,"swap":0.00,"commission":0.00,"deal_time_broker":"2026-10-08 00:12:00","deal_time_broker_msc":1791418320000,"halted_at_receipt":false,"quarantined_at_receipt":false}
9,-1,1791418320635,scalp,SCALP_CLOSED,{"close_time":"2026-10-08T00:12:00Z","instrument":"EURUSD","direction":"SHORT","entry_price":1.12032,"exit_price":1.11931,"layer_depth":5,"stack_depth":6,"gross_pnl":1.05,"instance_id":"GRIND_EURUSD_OPTB","ejected":false,"rolled":false,"broker_utc_offset_s":10800,"account_login":53077984}
9,-1,1791427612838,ea_event,,{"type":"fill_log","seq":101,"ea_time_ms":63455875,"magic":22260201,"deal_ticket":800000077,"order_ticket":9074,"position_id":900000039,"entry_type":"IN","deal_type":"SELL","side":"S","layer_index":5,"role":"ENT","deal_price":1.12033,"order_price_open":null,"slippage_pips":null,"volume":0.00,"profit":0.00,"swap":0.00,"commission":0.00,"deal_time_broker":"2026-10-08 02:46:52","deal_time_broker_msc":1791427612000,"halted_at_receipt":false,"quarantined_at_receipt":false}
9,-1,1791434952400,ea_event,,{"type":"fill_log","seq":102,"ea_time_ms":63456031,"magic":22260201,"deal_ticket":800000078,"order_ticket":9067,"position_id":900000040,"entry_type":"IN","deal_type":"BUY","side":"L","layer_index":0,"role":"EXT","deal_price":1.12073,"order_price_open":null,"slippage_pips":null,"volume":0.00,"profit":0.00,"swap":0.00,"commission":0.00,"deal_time_broker":"2026-10-08 04:49:11","deal_time_broker_msc":1791434951000,"halted_at_receipt":false,"quarantined_at_receipt":false}
9,-1,1791434956221,ea_event,,{"type":"fill_log","seq":103,"ea_time_ms":63456031,"magic":22260201,"deal_ticket":800000079,"order_ticket":700000079,"position_id":1975880441,"entry_type":"OUT_BY","deal_type":"SELL","side":null,"layer_index":null,"role":null,"deal_price":1.12073,"order_price_open":null,"slippage_pips":null,"volume":0.00,"profit":-15.97,"swap":-0.81,"commission":0.00,"deal_time_broker":"2026-10-08 04:49:12","deal_time_broker_msc":1791434952000,"halted_at_receipt":false,"quarantined_at_receipt":false}
9,-1,1791434956221,ea_event,ROLL_FILLED,{"type":"ea_event","seq":104,"ea_time_ms":63456031,"magic":null,"level":"INFO","code":"ROLL_FILLED","reason":null,"ticket":1975880441,"detail":{"ticket":1975880441,"level":1.11907}}
9,-1,1791434956221,ea_event,,{"type":"fill_log","seq":105,"ea_time_ms":63456031,"magic":22260201,"deal_ticket":800000080,"order_ticket":700000079,"position_id":900000040,"entry_type":"OUT_BY","deal_type":"SELL","side":null,"layer_index":null,"role":null,"deal_price":1.13670,"order_price_open":null,"slippage_pips":null,"volume":0.00,"profit":0.00,"swap":0.00,"commission":0.00,"deal_time_broker":"2026-10-08 04:49:12","deal_time_broker_msc":1791434952000,"halted_at_receipt":false,"quarantined_at_receipt":false}
9,-1,1791434956221,scalp,SCALP_CLOSED,{"close_time":"2026-10-08T04:49:12Z","instrument":"EURUSD","direction":"LONG","entry_price":1.13670,"exit_price":1.12073,"layer_depth":0,"stack_depth":6,"gross_pnl":-16.78,"instance_id":"GRIND_EURUSD_OPTB","ejected":false,"rolled":true,"broker_utc_offset_s":10800,"account_login":53077984}
9,-1,1791435511625,ea_event,,{"type":"fill_log","seq":106,"ea_time_ms":63456046,"magic":22260201,"deal_ticket":800000081,"order_ticket":9077,"position_id":900000041,"entry_type":"IN","deal_type":"BUY","side":"L","layer_index":7,"role":"EXT","deal_price":1.12085,"order_price_open":null,"slippage_pips":null,"volume":0.00,"profit":0.00,"swap":0.00,"commission":0.00,"deal_time_broker":"2026-10-08 04:58:30","deal_time_broker_msc":1791435510000,"halted_at_receipt":false,"quarantined_at_receipt":false}
9,-1,1791435514827,ea_event,,{"type":"fill_log","seq":107,"ea_time_ms":63456046,"magic":22260201,"deal_ticket":800000082,"order_ticket":700000082,"position_id":1991578986,"entry_type":"OUT_BY","deal_type":"SELL","side":null,"layer_index":null,"role":null,"deal_price":1.12085,"order_price_open":null,"slippage_pips":null,"volume":0.00,"profit":-3.12,"swap":-0.24,"commission":0.00,"deal_time_broker":"2026-10-08 04:58:31","deal_time_broker_msc":1791435511000,"halted_at_receipt":false,"quarantined_at_receipt":false}
9,-1,1791435514827,ea_event,ROLL_FILLED,{"type":"ea_event","seq":108,"ea_time_ms":63456046,"magic":null,"level":"INFO","code":"ROLL_FILLED","reason":null,"ticket":1991578986,"detail":{"ticket":1991578986,"level":1.11977}}
9,-1,1791435514827,ea_event,,{"type":"fill_log","seq":109,"ea_time_ms":63456046,"magic":22260201,"deal_ticket":800000083,"order_ticket":700000082,"position_id":900000041,"entry_type":"OUT_BY","deal_type":"SELL","side":null,"layer_index":null,"role":null,"deal_price":1.12397,"order_price_open":null,"slippage_pips":null,"volume":0.00,"profit":0.00,"swap":0.00,"commission":0.00,"deal_time_broker":"2026-10-08 04:58:31","deal_time_broker_msc":1791435511000,"halted_at_receipt":false,"quarantined_at_receipt":false}
9,-1,1791435514827,scalp,SCALP_CLOSED,{"close_time":"2026-10-08T04:58:31Z","instrument":"EURUSD","direction":"LONG","entry_price":1.12397,"exit_price":1.12085,"layer_depth":7,"stack_depth":5,"gross_pnl":-3.36,"instance_id":"GRIND_EURUSD_OPTB","ejected":false,"rolled":true,"broker_utc_offset_s":10800,"account_login":53077984}
9,-1,1791436484798,ea_event,,{"type":"fill_log","seq":110,"ea_time_ms":63456062,"magic":22260201,"deal_ticket":800000084,"order_ticket":9076,"position_id":900000042,"entry_type":"IN","deal_type":"SELL","side":"S","layer_index":6,"role":"ENT","deal_price":1.12104,"order_price_open":null,"slippage_pips":null,"volume":0.00,"profit":0.00,"swap":0.00,"commission":0.00,"deal_time_broker":"2026-10-08 05:14:44","deal_time_broker_msc":1791436484000,"halted_at_receipt":false,"quarantined_at_receipt":false}
9,-1,1791439308091,ea_event,,{"type":"fill_log","seq":111,"ea_time_ms":63456109,"magic":22260201,"deal_ticket":800000085,"order_ticket":9080,"position_id":900000043,"entry_type":"IN","deal_type":"SELL","side":"S","layer_index":6,"role":"EXT","deal_price":1.12002,"order_price_open":null,"slippage_pips":null,"volume":0.00,"profit":0.00,"swap":0.00,"commission":0.00,"deal_time_broker":"2026-10-08 06:01:47","deal_time_broker_msc":1791439307000,"halted_at_receipt":false,"quarantined_at_receipt":false}
9,-1,1791439308506,ea_event,,{"type":"fill_log","seq":112,"ea_time_ms":63456109,"magic":22260201,"deal_ticket":800000086,"order_ticket":700000086,"position_id":900000042,"entry_type":"OUT_BY","deal_type":"SELL","side":null,"layer_index":null,"role":null,"deal_price":1.12002,"order_price_open":null,"slippage_pips":null,"volume":0.00,"profit":1.02,"swap":0.00,"commission":0.00,"deal_time_broker":"2026-10-08 06:01:48","deal_time_broker_msc":1791439308000,"halted_at_receipt":false,"quarantined_at_receipt":false}
9,-1,1791439308506,ea_event,,{"type":"fill_log","seq":113,"ea_time_ms":63456109,"magic":22260201,"deal_ticket":800000087,"order_ticket":700000086,"position_id":900000043,"entry_type":"OUT_BY","deal_type":"SELL","side":null,"layer_index":null,"role":null,"deal_price":1.12104,"order_price_open":null,"slippage_pips":null,"volume":0.00,"profit":0.00,"swap":0.00,"commission":0.00,"deal_time_broker":"2026-10-08 06:01:48","deal_time_broker_msc":1791439308000,"halted_at_receipt":false,"quarantined_at_receipt":false}
9,-1,1791439308506,scalp,SCALP_CLOSED,{"close_time":"2026-10-08T06:01:48Z","instrument":"EURUSD","direction":"SHORT","entry_price":1.12104,"exit_price":1.12002,"layer_depth":6,"stack_depth":7,"gross_pnl":1.02,"instance_id":"GRIND_EURUSD_OPTB","ejected":false,"rolled":false,"broker_utc_offset_s":10800,"account_login":53077984}
9,-1,1791449451488,ea_event,,{"type":"fill_log","seq":114,"ea_time_ms":63456234,"magic":22260201,"deal_ticket":800000088,"order_ticket":9079,"position_id":900000044,"entry_type":"IN","deal_type":"BUY","side":"L","layer_index":7,"role":"ENT","deal_price":1.11975,"order_price_open":null,"slippage_pips":null,"volume":0.00,"profit":0.00,"swap":0.00,"commission":0.00,"deal_time_broker":"2026-10-08 08:50:51","deal_time_broker_msc":1791449451000,"halted_at_receipt":false,"quarantined_at_receipt":false}
9,-1,1791449729996,ea_event,,{"type":"fill_log","seq":115,"ea_time_ms":63456250,"magic":22260201,"deal_ticket":800000089,"order_ticket":9082,"position_id":900000045,"entry_type":"IN","deal_type":"SELL","side":"S","layer_index":5,"role":"EXT","deal_price":1.11930,"order_price_open":null,"slippage_pips":null,"volume":0.00,"profit":0.00,"swap":0.00,"commission":0.00,"deal_time_broker":"2026-10-08 08:55:29","deal_time_broker_msc":1791449729000,"halted_at_receipt":false,"quarantined_at_receipt":false}
9,-1,1791449731003,ea_event,,{"type":"fill_log","seq":116,"ea_time_ms":63456250,"magic":22260201,"deal_ticket":800000090,"order_ticket":700000090,"position_id":900000039,"entry_type":"OUT_BY","deal_type":"SELL","side":null,"layer_index":null,"role":null,"deal_price":1.11930,"order_price_open":null,"slippage_pips":null,"volume":0.00,"profit":1.03,"swap":0.00,"commission":0.00,"deal_time_broker":"2026-10-08 08:55:30","deal_time_broker_msc":1791449730000,"halted_at_receipt":false,"quarantined_at_receipt":false}
9,-1,1791449731003,ea_event,,{"type":"fill_log","seq":117,"ea_time_ms":63456250,"magic":22260201,"deal_ticket":800000091,"order_ticket":700000090,"position_id":900000045,"entry_type":"OUT_BY","deal_type":"SELL","side":null,"layer_index":null,"role":null,"deal_price":1.12033,"order_price_open":null,"slippage_pips":null,"volume":0.00,"profit":0.00,"swap":0.00,"commission":0.00,"deal_time_broker":"2026-10-08 08:55:30","deal_time_broker_msc":1791449730000,"halted_at_receipt":false,"quarantined_at_receipt":false}
9,-1,1791449731003,scalp,SCALP_CLOSED,{"close_time":"2026-10-08T08:55:30Z","instrument":"EURUSD","direction":"SHORT","entry_price":1.12033,"exit_price":1.11930,"layer_depth":5,"stack_depth":6,"gross_pnl":1.03,"instance_id":"GRIND_EURUSD_OPTB","ejected":false,"rolled":false,"broker_utc_offset_s":10800,"account_login":53077984}
9,-1,1791450432285,ea_event,,{"type":"fill_log","seq":118,"ea_time_ms":63456265,"magic":22260201,"deal_ticket":800000092,"order_ticket":9085,"position_id":900000046,"entry_type":"IN","deal_type":"BUY","side":"L","layer_index":8,"role":"ENT","deal_price":1.11902,"order_price_open":null,"slippage_pips":null,"volume":0.00,"profit":0.00,"swap":0.00,"commission":0.00,"deal_time_broker":"2026-10-08 09:07:12","deal_time_broker_msc":1791450432000,"halted_at_receipt":false,"quarantined_at_receipt":false}
9,-1,1791451397674,ea_event,,{"type":"fill_log","seq":119,"ea_time_ms":63456296,"magic":22260201,"deal_ticket":800000093,"order_ticket":9088,"position_id":900000047,"entry_type":"IN","deal_type":"BUY","side":"L","layer_index":8,"role":"EXT","deal_price":1.12004,"order_price_open":null,"slippage_pips":null,"volume":0.00,"profit":0.00,"swap":0.00,"commission":0.00,"deal_time_broker":"2026-10-08 09:23:17","deal_time_broker_msc":1791451397000,"halted_at_receipt":false,"quarantined_at_receipt":false}
9,-1,1791451398079,ea_event,,{"type":"fill_log","seq":120,"ea_time_ms":63456296,"magic":22260201,"deal_ticket":800000094,"order_ticket":700000094,"position_id":900000046,"entry_type":"OUT_BY","deal_type":"SELL","side":null,"layer_index":null,"role":null,"deal_price":1.12004,"order_price_open":null,"slippage_pips":null,"volume":0.00,"profit":1.02,"swap":0.00,"commission":0.00,"deal_time_broker":"2026-10-08 09:23:17","deal_time_broker_msc":1791451397000,"halted_at_receipt":false,"quarantined_at_receipt":false}
9,-1,1791451398079,ea_event,,{"type":"fill_log","seq":121,"ea_time_ms":63456296,"magic":22260201,"deal_ticket":800000095,"order_ticket":700000094,"position_id":900000047,"entry_type":"OUT_BY","deal_type":"SELL","side":null,"layer_index":null,"role":null,"deal_price":1.11902,"order_price_open":null,"slippage_pips":null,"volume":0.00,"profit":0.00,"swap":0.00,"commission":0.00,"deal_time_broker":"2026-10-08 09:23:17","deal_time_broker_msc":1791451397000,"halted_at_receipt":false,"quarantined_at_receipt":false}
9,-1,1791451398079,scalp,SCALP_CLOSED,{"close_time":"2026-10-08T09:23:17Z","instrument":"EURUSD","direction":"LONG","entry_price":1.11902,"exit_price":1.12004,"layer_depth":8,"stack_depth":6,"gross_pnl":1.02,"instance_id":"GRIND_EURUSD_OPTB","ejected":false,"rolled":false,"broker_utc_offset_s":10800,"account_login":53077984}
9,-1,1791452478040,ea_event,,{"type":"fill_log","seq":122,"ea_time_ms":63456359,"magic":22260201,"deal_ticket":800000096,"order_ticket":9087,"position_id":900000048,"entry_type":"IN","deal_type":"SELL","side":"S","layer_index":5,"role":"ENT","deal_price":1.12032,"order_price_open":null,"slippage_pips":null,"volume":0.00,"profit":0.00,"swap":0.00,"commission":0.00,"deal_time_broker":"2026-10-08 09:41:17","deal_time_broker_msc":1791452477000,"halted_at_receipt":false,"quarantined_at_receipt":false}
9,-1,1791453454479,ea_event,,{"type":"fill_log","seq":123,"ea_time_ms":63456390,"magic":22260201,"deal_ticket":800000097,"order_ticket":9092,"position_id":900000049,"entry_type":"IN","deal_type":"SELL","side":"S","layer_index":5,"role":"EXT","deal_price":1.11931,"order_price_open":null,"slippage_pips":null,"volume":0.00,"profit":0.00,"swap":0.00,"commission":0.00,"deal_time_broker":"2026-10-08 09:57:33","deal_time_broker_msc":1791453453000,"halted_at_receipt":false,"quarantined_at_receipt":false}
9,-1,1791453454890,ea_event,,{"type":"fill_log","seq":124,"ea_time_ms":63456390,"magic":22260201,"deal_ticket":800000098,"order_ticket":700000098,"position_id":900000048,"entry_type":"OUT_BY","deal_type":"SELL","side":null,"layer_index":null,"role":null,"deal_price":1.11931,"order_price_open":null,"slippage_pips":null,"volume":0.00,"profit":1.01,"swap":0.00,"commission":0.00,"deal_time_broker":"2026-10-08 09:57:34","deal_time_broker_msc":1791453454000,"halted_at_receipt":false,"quarantined_at_receipt":false}
9,-1,1791453454890,ea_event,,{"type":"fill_log","seq":125,"ea_time_ms":63456390,"magic":22260201,"deal_ticket":800000099,"order_ticket":700000098,"position_id":900000049,"entry_type":"OUT_BY","deal_type":"SELL","side":null,"layer_index":null,"role":null,"deal_price":1.12032,"order_price_open":null,"slippage_pips":null,"volume":0.00,"profit":0.00,"swap":0.00,"commission":0.00,"deal_time_broker":"2026-10-08 09:57:34","deal_time_broker_msc":1791453454000,"halted_at_receipt":false,"quarantined_at_receipt":false}
9,-1,1791453454890,scalp,SCALP_CLOSED,{"close_time":"2026-10-08T09:57:34Z","instrument":"EURUSD","direction":"SHORT","entry_price":1.12032,"exit_price":1.11931,"layer_depth":5,"stack_depth":6,"gross_pnl":1.01,"instance_id":"GRIND_EURUSD_OPTB","ejected":false,"rolled":false,"broker_utc_offset_s":10800,"account_login":53077984}
9,-1,1791453606916,ea_event,,{"type":"fill_log","seq":126,"ea_time_ms":63456390,"magic":22260201,"deal_ticket":800000100,"order_ticket":9091,"position_id":900000050,"entry_type":"IN","deal_type":"BUY","side":"L","layer_index":8,"role":"ENT","deal_price":1.11904,"order_price_open":null,"slippage_pips":null,"volume":0.00,"profit":0.00,"swap":0.00,"commission":0.00,"deal_time_broker":"2026-10-08 10:00:06","deal_time_broker_msc":1791453606000,"halted_at_receipt":false,"quarantined_at_receipt":false}
9,-1,1791453706429,ea_event,,{"type":"fill_log","seq":127,"ea_time_ms":63456406,"magic":22260201,"deal_ticket":800000101,"order_ticket":9094,"position_id":900000051,"entry_type":"IN","deal_type":"SELL","side":"S","layer_index":4,"role":"EXT","deal_price":1.11861,"order_price_open":null,"slippage_pips":null,"volume":0.00,"profit":0.00,"swap":0.00,"commission":0.00,"deal_time_broker":"2026-10-08 10:01:46","deal_time_broker_msc":1791453706000,"halted_at_receipt":false,"quarantined_at_receipt":false}
9,-1,1791453706838,ea_event,,{"type":"fill_log","seq":128,"ea_time_ms":63456406,"magic":22260201,"deal_ticket":800000102,"order_ticket":700000102,"position_id":900000036,"entry_type":"OUT_BY","deal_type":"SELL","side":null,"layer_index":null,"role":null,"deal_price":1.11861,"order_price_open":null,"slippage_pips":null,"volume":0.00,"profit":1.01,"swap":0.04,"commission":0.00,"deal_time_broker":"2026-10-08 10:01:46","deal_time_broker_msc":1791453706000,"halted_at_receipt":false,"quarantined_at_receipt":false}
9,-1,1791453706838,ea_event,,{"type":"fill_log","seq":129,"ea_time_ms":63456406,"magic":22260201,"deal_ticket":800000103,"order_ticket":700000102,"position_id":900000051,"entry_type":"OUT_BY","deal_type":"SELL","side":null,"layer_index":null,"role":null,"deal_price":1.11962,"order_price_open":null,"slippage_pips":null,"volume":0.00,"profit":0.00,"swap":0.00,"commission":0.00,"deal_time_broker":"2026-10-08 10:01:46","deal_time_broker_msc":1791453706000,"halted_at_receipt":false,"quarantined_at_receipt":false}
9,-1,1791453706838,scalp,SCALP_CLOSED,{"close_time":"2026-10-08T10:01:46Z","instrument":"EURUSD","direction":"SHORT","entry_price":1.11962,"exit_price":1.11861,"layer_depth":4,"stack_depth":5,"gross_pnl":1.05,"instance_id":"GRIND_EURUSD_OPTB","ejected":false,"rolled":false,"broker_utc_offset_s":10800,"account_login":53077984}
9,-1,1791453996907,ea_event,,{"type":"fill_log","seq":130,"ea_time_ms":63456421,"magic":22260201,"deal_ticket":800000104,"order_ticket":9097,"position_id":900000052,"entry_type":"IN","deal_type":"BUY","side":"L","layer_index":9,"role":"ENT","deal_price":1.11830,"order_price_open":null,"slippage_pips":null,"volume":0.00,"profit":0.00,"swap":0.00,"commission":0.00,"deal_time_broker":"2026-10-08 10:06:36","deal_time_broker_msc":1791453996000,"halted_at_receipt":false,"quarantined_at_receipt":false}
9,-1,1791454435207,ea_event,,{"type":"fill_log","seq":131,"ea_time_ms":63456437,"magic":22260201,"deal_ticket":800000105,"order_ticket":9100,"position_id":900000053,"entry_type":"IN","deal_type":"BUY","side":"L","layer_index":9,"role":"EXT","deal_price":1.11933,"order_price_open":null,"slippage_pips":null,"volume":0.00,"profit":0.00,"swap":0.00,"commission":0.00,"deal_time_broker":"2026-10-08 10:13:55","deal_time_broker_msc":1791454435000,"halted_at_receipt":false,"quarantined_at_receipt":false}
9,-1,1791454435805,ea_event,,{"type":"fill_log","seq":132,"ea_time_ms":63456437,"magic":22260201,"deal_ticket":800000106,"order_ticket":700000106,"position_id":900000052,"entry_type":"OUT_BY","deal_type":"SELL","side":null,"layer_index":null,"role":null,"deal_price":1.11933,"order_price_open":null,"slippage_pips":null,"volume":0.00,"profit":1.03,"swap":0.00,"commission":0.00,"deal_time_broker":"2026-10-08 10:13:55","deal_time_broker_msc":1791454435000,"halted_at_receipt":false,"quarantined_at_receipt":false}
9,-1,1791454435805,ea_event,,{"type":"fill_log","seq":133,"ea_time_ms":63456437,"magic":22260201,"deal_ticket":800000107,"order_ticket":700000106,"position_id":900000053,"entry_type":"OUT_BY","deal_type":"SELL","side":null,"layer_index":null,"role":null,"deal_price":1.11830,"order_price_open":null,"slippage_pips":null,"volume":0.00,"profit":0.00,"swap":0.00,"commission":0.00,"deal_time_broker":"2026-10-08 10:13:55","deal_time_broker_msc":1791454435000,"halted_at_receipt":false,"quarantined_at_receipt":false}
9,-1,1791454435805,scalp,SCALP_CLOSED,{"close_time":"2026-10-08T10:13:55Z","instrument":"EURUSD","direction":"LONG","entry_price":1.11830,"exit_price":1.11933,"layer_depth":9,"stack_depth":7,"gross_pnl":1.03,"instance_id":"GRIND_EURUSD_OPTB","ejected":false,"rolled":false,"broker_utc_offset_s":10800,"account_login":53077984}
9,-1,1791455089504,ea_event,,{"type":"fill_log","seq":134,"ea_time_ms":63456468,"magic":22260201,"deal_ticket":800000108,"order_ticket":9099,"position_id":900000054,"entry_type":"IN","deal_type":"SELL","side":"S","layer_index":4,"role":"ENT","deal_price":1.11966,"order_price_open":null,"slippage_pips":null,"volume":0.00,"profit":0.00,"swap":0.00,"commission":0.00,"deal_time_broker":"2026-10-08 10:24:49","deal_time_broker_msc":1791455089000,"halted_at_receipt":false,"quarantined_at_receipt":false}
9,-1,1791459007108,ea_event,,{"type":"fill_log","seq":135,"ea_time_ms":63456578,"magic":22260201,"deal_ticket":800000109,"order_ticket":9102,"position_id":900000055,"entry_type":"IN","deal_type":"BUY","side":"L","layer_index":8,"role":"EXT","deal_price":1.12004,"order_price_open":null,"slippage_pips":null,"volume":0.00,"profit":0.00,"swap":0.00,"commission":0.00,"deal_time_broker":"2026-10-08 11:30:06","deal_time_broker_msc":1791459006000,"halted_at_receipt":false,"quarantined_at_receipt":false}
9,-1,1791459007506,ea_event,,{"type":"fill_log","seq":136,"ea_time_ms":63456578,"magic":22260201,"deal_ticket":800000110,"order_ticket":700000110,"position_id":900000050,"entry_type":"OUT_BY","deal_type":"SELL","side":null,"layer_index":null,"role":null,"deal_price":1.12004,"order_price_open":null,"slippage_pips":null,"volume":0.00,"profit":1.00,"swap":0.00,"commission":0.00,"deal_time_broker":"2026-10-08 11:30:07","deal_time_broker_msc":1791459007000,"halted_at_receipt":false,"quarantined_at_receipt":false}
9,-1,1791459007506,ea_event,,{"type":"fill_log","seq":137,"ea_time_ms":63456578,"magic":22260201,"deal_ticket":800000111,"order_ticket":700000110,"position_id":900000055,"entry_type":"OUT_BY","deal_type":"SELL","side":null,"layer_index":null,"role":null,"deal_price":1.11904,"order_price_open":null,"slippage_pips":null,"volume":0.00,"profit":0.00,"swap":0.00,"commission":0.00,"deal_time_broker":"2026-10-08 11:30:07","deal_time_broker_msc":1791459007000,"halted_at_receipt":false,"quarantined_at_receipt":false}
9,-1,1791459007506,scalp,SCALP_CLOSED,{"close_time":"2026-10-08T11:30:07Z","instrument":"EURUSD","direction":"LONG","entry_price":1.11904,"exit_price":1.12004,"layer_depth":8,"stack_depth":6,"gross_pnl":1.00,"instance_id":"GRIND_EURUSD_OPTB","ejected":false,"rolled":false,"broker_utc_offset_s":10800,"account_login":53077984}
9,-1,1791459232452,ea_event,,{"type":"fill_log","seq":138,"ea_time_ms":63456593,"magic":22260201,"deal_ticket":800000112,"order_ticket":9107,"position_id":900000056,"entry_type":"IN","deal_type":"BUY","side":"L","layer_index":8,"role":"ENT","deal_price":1.11904,"order_price_open":null,"slippage_pips":null,"volume":0.00,"profit":0.00,"swap":0.00,"commission":0.00,"deal_time_broker":"2026-10-08 11:33:52","deal_time_broker_msc":1791459232000,"halted_at_receipt":false,"quarantined_at_receipt":false}
9,-1,1791459448391,ea_event,,{"type":"fill_log","seq":139,"ea_time_ms":63456593,"magic":22260201,"deal_ticket":800000113,"order_ticket":9104,"position_id":900000057,"entry_type":"IN","deal_type":"SELL","side":"S","layer_index":4,"role":"EXT","deal_price":1.11864,"order_price_open":null,"slippage_pips":null,"volume":0.00,"profit":0.00,"swap":0.00,"commission":0.00,"deal_time_broker":"2026-10-08 11:37:28","deal_time_broker_msc":1791459448000,"halted_at_receipt":false,"quarantined_at_receipt":false}
9,-1,1791459449206,ea_event,,{"type":"fill_log","seq":140,"ea_time_ms":63456593,"magic":22260201,"deal_ticket":800000114,"order_ticket":700000114,"position_id":900000054,"entry_type":"OUT_BY","deal_type":"SELL","side":null,"layer_index":null,"role":null,"deal_price":1.11864,"order_price_open":null,"slippage_pips":null,"volume":0.00,"profit":1.02,"swap":0.00,"commission":0.00,"deal_time_broker":"2026-10-08 11:37:28","deal_time_broker_msc":1791459448000,"halted_at_receipt":false,"quarantined_at_receipt":false}
9,-1,1791459449206,ea_event,,{"type":"fill_log","seq":141,"ea_time_ms":63456593,"magic":22260201,"deal_ticket":800000115,"order_ticket":700000114,"position_id":900000057,"entry_type":"OUT_BY","deal_type":"SELL","side":null,"layer_index":null,"role":null,"deal_price":1.11966,"order_price_open":null,"slippage_pips":null,"volume":0.00,"profit":0.00,"swap":0.00,"commission":0.00,"deal_time_broker":"2026-10-08 11:37:28","deal_time_broker_msc":1791459448000,"halted_at_receipt":false,"quarantined_at_receipt":false}
9,-1,1791459449206,scalp,SCALP_CLOSED,{"close_time":"2026-10-08T11:37:28Z","instrument":"EURUSD","direction":"SHORT","entry_price":1.11966,"exit_price":1.11864,"layer_depth":4,"stack_depth":5,"gross_pnl":1.02,"instance_id":"GRIND_EURUSD_OPTB","ejected":false,"rolled":false,"broker_utc_offset_s":10800,"account_login":53077984}
9,-1,1791461554439,ea_event,,{"type":"fill_log","seq":142,"ea_time_ms":63456671,"magic":22260201,"deal_ticket":800000116,"order_ticket":9109,"position_id":900000058,"entry_type":"IN","deal_type":"BUY","side":"L","layer_index":9,"role":"ENT","deal_price":1.11833,"order_price_open":null,"slippage_pips":null,"volume":0.00,"profit":0.00,"swap":0.00,"commission":0.00,"deal_time_broker":"2026-10-08 12:12:33","deal_time_broker_msc":1791461553000,"halted_at_receipt":false,"quarantined_at_receipt":false}
9,-1,1791465588981,ea_event,,{"type":"fill_log","seq":143,"ea_time_ms":63456781,"magic":22260201,"deal_ticket":800000117,"order_ticket":9110,"position_id":900000059,"entry_type":"IN","deal_type":"SELL","side":"S","layer_index":3,"role":"EXT","deal_price":1.11789,"order_price_open":null,"slippage_pips":null,"volume":0.00,"profit":0.00,"swap":0.00,"commission":0.00,"deal_time_broker":"2026-10-08 13:19:48","deal_time_broker_msc":1791465588000,"halted_at_receipt":false,"quarantined_at_receipt":false}
9,-1,1791465589785,ea_event,,{"type":"fill_log","seq":144,"ea_time_ms":63456781,"magic":22260201,"deal_ticket":800000118,"order_ticket":700000118,"position_id":900000030,"entry_type":"OUT_BY","deal_type":"SELL","side":null,"layer_index":null,"role":null,"deal_price":1.11789,"order_price_open":null,"slippage_pips":null,"volume":0.00,"profit":1.02,"swap":0.04,"commission":0.00,"deal_time_broker":"2026-10-08 13:19:49","deal_time_broker_msc":1791465589000,"halted_at_receipt":false,"quarantined_at_receipt":false}
9,-1,1791465589785,ea_event,,{"type":"fill_log","seq":145,"ea_time_ms":63456781,"magic":22260201,"deal_ticket":800000119,"order_ticket":700000118,"position_id":900000059,"entry_type":"OUT_BY","deal_type":"SELL","side":null,"layer_index":null,"role":null,"deal_price":1.11891,"order_price_open":null,"slippage_pips":null,"volume":0.00,"profit":0.00,"swap":0.00,"commission":0.00,"deal_time_broker":"2026-10-08 13:19:49","deal_time_broker_msc":1791465589000,"halted_at_receipt":false,"quarantined_at_receipt":false}
9,-1,1791465589785,scalp,SCALP_CLOSED,{"close_time":"2026-10-08T13:19:49Z","instrument":"EURUSD","direction":"SHORT","entry_price":1.11891,"exit_price":1.11789,"layer_depth":3,"stack_depth":4,"gross_pnl":1.06,"instance_id":"GRIND_EURUSD_OPTB","ejected":false,"rolled":false,"broker_utc_offset_s":10800,"account_login":53077984}
9,-1,1791466469942,ea_event,,{"type":"fill_log","seq":146,"ea_time_ms":63456812,"magic":22260201,"deal_ticket":800000120,"order_ticket":9113,"position_id":900000060,"entry_type":"IN","deal_type":"BUY","side":"L","layer_index":10,"role":"ENT","deal_price":1.11761,"order_price_open":null,"slippage_pips":null,"volume":0.00,"profit":0.00,"swap":0.00,"commission":0.00,"deal_time_broker":"2026-10-08 13:34:29","deal_time_broker_msc":1791466469000,"halted_at_receipt":false,"quarantined_at_receipt":false}
9,-1,1791467575699,ea_event,,{"type":"fill_log","seq":147,"ea_time_ms":63456843,"magic":22260201,"deal_ticket":800000121,"order_ticket":9116,"position_id":900000061,"entry_type":"IN","deal_type":"BUY","side":"L","layer_index":10,"role":"EXT","deal_price":1.11862,"order_price_open":null,"slippage_pips":null,"volume":0.00,"profit":0.00,"swap":0.00,"commission":0.00,"deal_time_broker":"2026-10-08 13:52:55","deal_time_broker_msc":1791467575000,"halted_at_receipt":false,"quarantined_at_receipt":false}
9,-1,1791467576306,ea_event,,{"type":"fill_log","seq":148,"ea_time_ms":63456843,"magic":22260201,"deal_ticket":800000122,"order_ticket":700000122,"position_id":900000060,"entry_type":"OUT_BY","deal_type":"SELL","side":null,"layer_index":null,"role":null,"deal_price":1.11862,"order_price_open":null,"slippage_pips":null,"volume":0.00,"profit":1.01,"swap":0.00,"commission":0.00,"deal_time_broker":"2026-10-08 13:52:55","deal_time_broker_msc":1791467575000,"halted_at_receipt":false,"quarantined_at_receipt":false}
9,-1,1791467576306,ea_event,,{"type":"fill_log","seq":149,"ea_time_ms":63456843,"magic":22260201,"deal_ticket":800000123,"order_ticket":700000122,"position_id":900000061,"entry_type":"OUT_BY","deal_type":"SELL","side":null,"layer_index":null,"role":null,"deal_price":1.11761,"order_price_open":null,"slippage_pips":null,"volume":0.00,"profit":0.00,"swap":0.00,"commission":0.00,"deal_time_broker":"2026-10-08 13:52:55","deal_time_broker_msc":1791467575000,"halted_at_receipt":false,"quarantined_at_receipt":false}
9,-1,1791467576306,scalp,SCALP_CLOSED,{"close_time":"2026-10-08T13:52:55Z","instrument":"EURUSD","direction":"LONG","entry_price":1.11761,"exit_price":1.11862,"layer_depth":10,"stack_depth":8,"gross_pnl":1.01,"instance_id":"GRIND_EURUSD_OPTB","ejected":false,"rolled":false,"broker_utc_offset_s":10800,"account_login":53077984}
9,-1,1791468394141,ea_event,,{"type":"fill_log","seq":150,"ea_time_ms":63456859,"magic":22260201,"deal_ticket":800000124,"order_ticket":9118,"position_id":900000062,"entry_type":"IN","deal_type":"BUY","side":"L","layer_index":10,"role":"ENT","deal_price":1.11761,"order_price_open":null,"slippage_pips":null,"volume":0.00,"profit":0.00,"swap":0.00,"commission":0.00,"deal_time_broker":"2026-10-08 14:06:32","deal_time_broker_msc":1791468392000,"halted_at_receipt":false,"quarantined_at_receipt":false}
9,-1,1791470181953,ea_event,,{"type":"fill_log","seq":151,"ea_time_ms":63456906,"magic":22260201,"deal_ticket":800000125,"order_ticket":9114,"position_id":900000063,"entry_type":"IN","deal_type":"SELL","side":"S","layer_index":2,"role":"EXT","deal_price":1.11721,"order_price_open":null,"slippage_pips":null,"volume":0.00,"profit":0.00,"swap":0.00,"commission":0.00,"deal_time_broker":"2026-10-08 14:36:20","deal_time_broker_msc":1791470180000,"halted_at_receipt":false,"quarantined_at_receipt":false}
9,-1,1791470182554,ea_event,,{"type":"fill_log","seq":152,"ea_time_ms":63456906,"magic":22260201,"deal_ticket":800000126,"order_ticket":700000126,"position_id":900000025,"entry_type":"OUT_BY","deal_type":"SELL","side":null,"layer_index":null,"role":null,"deal_price":1.11721,"order_price_open":null,"slippage_pips":null,"volume":0.00,"profit":1.01,"swap":0.04,"commission":0.00,"deal_time_broker":"2026-10-08 14:36:22","deal_time_broker_msc":1791470182000,"halted_at_receipt":false,"quarantined_at_receipt":false}
9,-1,1791470182554,ea_event,,{"type":"fill_log","seq":153,"ea_time_ms":63456906,"magic":22260201,"deal_ticket":800000127,"order_ticket":700000126,"position_id":900000063,"entry_type":"OUT_BY","deal_type":"SELL","side":null,"layer_index":null,"role":null,"deal_price":1.11822,"order_price_open":null,"slippage_pips":null,"volume":0.00,"profit":0.00,"swap":0.00,"commission":0.00,"deal_time_broker":"2026-10-08 14:36:22","deal_time_broker_msc":1791470182000,"halted_at_receipt":false,"quarantined_at_receipt":false}
9,-1,1791470182554,scalp,SCALP_CLOSED,{"close_time":"2026-10-08T14:36:22Z","instrument":"EURUSD","direction":"SHORT","entry_price":1.11822,"exit_price":1.11721,"layer_depth":2,"stack_depth":3,"gross_pnl":1.05,"instance_id":"GRIND_EURUSD_OPTB","ejected":false,"rolled":false,"broker_utc_offset_s":10800,"account_login":53077984}
9,-1,1791470515515,ea_event,,{"type":"fill_log","seq":154,"ea_time_ms":63456921,"magic":22260201,"deal_ticket":800000128,"order_ticket":9121,"position_id":900000064,"entry_type":"IN","deal_type":"SELL","side":"S","layer_index":2,"role":"ENT","deal_price":1.11823,"order_price_open":null,"slippage_pips":null,"volume":0.00,"profit":0.00,"swap":0.00,"commission":0.00,"deal_time_broker":"2026-10-08 14:41:55","deal_time_broker_msc":1791470515000,"halted_at_receipt":false,"quarantined_at_receipt":false}
9,-1,1791472001517,ea_event,,{"type":"fill_log","seq":155,"ea_time_ms":63456968,"magic":22260201,"deal_ticket":800000129,"order_ticket":9119,"position_id":900000065,"entry_type":"IN","deal_type":"BUY","side":"L","layer_index":10,"role":"EXT","deal_price":1.11862,"order_price_open":null,"slippage_pips":null,"volume":0.00,"profit":0.00,"swap":0.00,"commission":0.00,"deal_time_broker":"2026-10-08 15:06:41","deal_time_broker_msc":1791472001000,"halted_at_receipt":false,"quarantined_at_receipt":false}
9,-1,1791472001919,ea_event,,{"type":"fill_log","seq":156,"ea_time_ms":63456968,"magic":22260201,"deal_ticket":800000130,"order_ticket":700000130,"position_id":900000062,"entry_type":"OUT_BY","deal_type":"SELL","side":null,"layer_index":null,"role":null,"deal_price":1.11862,"order_price_open":null,"slippage_pips":null,"volume":0.00,"profit":1.01,"swap":0.00,"commission":0.00,"deal_time_broker":"2026-10-08 15:06:41","deal_time_broker_msc":1791472001000,"halted_at_receipt":false,"quarantined_at_receipt":false}
9,-1,1791472001919,ea_event,,{"type":"fill_log","seq":157,"ea_time_ms":63456968,"magic":22260201,"deal_ticket":800000131,"order_ticket":700000130,"position_id":900000065,"entry_type":"OUT_BY","deal_type":"SELL","side":null,"layer_index":null,"role":null,"deal_price":1.11761,"order_price_open":null,"slippage_pips":null,"volume":0.00,"profit":0.00,"swap":0.00,"commission":0.00,"deal_time_broker":"2026-10-08 15:06:41","deal_time_broker_msc":1791472001000,"halted_at_receipt":false,"quarantined_at_receipt":false}
9,-1,1791472001919,scalp,SCALP_CLOSED,{"close_time":"2026-10-08T15:06:41Z","instrument":"EURUSD","direction":"LONG","entry_price":1.11761,"exit_price":1.11862,"layer_depth":10,"stack_depth":8,"gross_pnl":1.01,"instance_id":"GRIND_EURUSD_OPTB","ejected":false,"rolled":false,"broker_utc_offset_s":10800,"account_login":53077984}
9,-1,1791472641108,ea_event,,{"type":"fill_log","seq":158,"ea_time_ms":63457000,"magic":22260201,"deal_ticket":800000132,"order_ticket":9123,"position_id":900000066,"entry_type":"IN","deal_type":"SELL","side":"S","layer_index":3,"role":"ENT","deal_price":1.11896,"order_price_open":null,"slippage_pips":null,"volume":0.00,"profit":0.00,"swap":0.00,"commission":0.00,"deal_time_broker":"2026-10-08 15:17:20","deal_time_broker_msc":1791472640000,"halted_at_receipt":false,"quarantined_at_receipt":false}
9,-1,1791473106380,ea_event,,{"type":"fill_log","seq":159,"ea_time_ms":63457015,"magic":22260201,"deal_ticket":800000133,"order_ticket":9124,"position_id":900000067,"entry_type":"IN","deal_type":"BUY","side":"L","layer_index":9,"role":"EXT","deal_price":1.11935,"order_price_open":null,"slippage_pips":null,"volume":0.00,"profit":0.00,"swap":0.00,"commission":0.00,"deal_time_broker":"2026-10-08 15:25:06","deal_time_broker_msc":1791473106000,"halted_at_receipt":false,"quarantined_at_receipt":false}
9,-1,1791473108594,ea_event,,{"type":"fill_log","seq":160,"ea_time_ms":63457015,"magic":22260201,"deal_ticket":800000134,"order_ticket":700000134,"position_id":900000058,"entry_type":"OUT_BY","deal_type":"SELL","side":null,"layer_index":null,"role":null,"deal_price":1.11935,"order_price_open":null,"slippage_pips":null,"volume":0.00,"profit":1.02,"swap":0.00,"commission":0.00,"deal_time_broker":"2026-10-08 15:25:06","deal_time_broker_msc":1791473106000,"halted_at_receipt":false,"quarantined_at_receipt":false}
9,-1,1791473108594,ea_event,,{"type":"fill_log","seq":161,"ea_time_ms":63457015,"magic":22260201,"deal_ticket":800000135,"order_ticket":700000134,"position_id":900000067,"entry_type":"OUT_BY","deal_type":"SELL","side":null,"layer_index":null,"role":null,"deal_price":1.11833,"order_price_open":null,"slippage_pips":null,"volume":0.00,"profit":0.00,"swap":0.00,"commission":0.00,"deal_time_broker":"2026-10-08 15:25:06","deal_time_broker_msc":1791473106000,"halted_at_receipt":false,"quarantined_at_receipt":false}
9,-1,1791473108594,scalp,SCALP_CLOSED,{"close_time":"2026-10-08T15:25:06Z","instrument":"EURUSD","direction":"LONG","entry_price":1.11833,"exit_price":1.11935,"layer_depth":9,"stack_depth":7,"gross_pnl":1.02,"instance_id":"GRIND_EURUSD_OPTB","ejected":false,"rolled":false,"broker_utc_offset_s":10800,"account_login":53077984}
9,-1,1791473342775,ea_event,,{"type":"fill_log","seq":162,"ea_time_ms":63457031,"magic":22260201,"deal_ticket":800000136,"order_ticket":9127,"position_id":900000068,"entry_type":"IN","deal_type":"SELL","side":"S","layer_index":4,"role":"ENT","deal_price":1.11968,"order_price_open":null,"slippage_pips":null,"volume":0.00,"profit":0.00,"swap":0.00,"commission":0.00,"deal_time_broker":"2026-10-08 15:29:01","deal_time_broker_msc":1791473341000,"halted_at_receipt":false,"quarantined_at_receipt":false}
9,-1,1791474247339,ea_event,,{"type":"fill_log","seq":163,"ea_time_ms":63457062,"magic":22260201,"deal_ticket":800000137,"order_ticket":9130,"position_id":900000069,"entry_type":"IN","deal_type":"SELL","side":"S","layer_index":4,"role":"EXT","deal_price":1.11865,"order_price_open":null,"slippage_pips":null,"volume":0.00,"profit":0.00,"swap":0.00,"commission":0.00,"deal_time_broker":"2026-10-08 15:44:04","deal_time_broker_msc":1791474244000,"halted_at_receipt":false,"quarantined_at_receipt":false}
9,-1,1791474247721,ea_event,,{"type":"fill_log","seq":164,"ea_time_ms":63457062,"magic":22260201,"deal_ticket":800000138,"order_ticket":700000138,"position_id":900000068,"entry_type":"OUT_BY","deal_type":"SELL","side":null,"layer_index":null,"role":null,"deal_price":1.11865,"order_price_open":null,"slippage_pips":null,"volume":0.00,"profit":1.03,"swap":0.00,"commission":0.00,"deal_time_broker":"2026-10-08 15:44:07","deal_time_broker_msc":1791474247000,"halted_at_receipt":false,"quarantined_at_receipt":false}
9,-1,1791474247721,ea_event,,{"type":"fill_log","seq":165,"ea_time_ms":63457062,"magic":22260201,"deal_ticket":800000139,"order_ticket":700000138,"position_id":900000069,"entry_type":"OUT_BY","deal_type":"SELL","side":null,"layer_index":null,"role":null,"deal_price":1.11968,"order_price_open":null,"slippage_pips":null,"volume":0.00,"profit":0.00,"swap":0.00,"commission":0.00,"deal_time_broker":"2026-10-08 15:44:07","deal_time_broker_msc":1791474247000,"halted_at_receipt":false,"quarantined_at_receipt":false}
9,-1,1791474247721,scalp,SCALP_CLOSED,{"close_time":"2026-10-08T15:44:07Z","instrument":"EURUSD","direction":"SHORT","entry_price":1.11968,"exit_price":1.11865,"layer_depth":4,"stack_depth":5,"gross_pnl":1.03,"instance_id":"GRIND_EURUSD_OPTB","ejected":false,"rolled":false,"broker_utc_offset_s":10800,"account_login":53077984}
9,-1,1791474917969,ea_event,,{"type":"fill_log","seq":166,"ea_time_ms":63457093,"magic":22260201,"deal_ticket":800000140,"order_ticket":9129,"position_id":900000070,"entry_type":"IN","deal_type":"BUY","side":"L","layer_index":9,"role":"ENT","deal_price":1.11832,"order_price_open":null,"slippage_pips":null,"volume":0.00,"profit":0.00,"swap":0.00,"commission":0.00,"deal_time_broker":"2026-10-08 15:55:16","deal_time_broker_msc":1791474916000,"halted_at_receipt":false,"quarantined_at_receipt":false}
9,-1,1791475695091,ea_event,,{"type":"fill_log","seq":167,"ea_time_ms":63457125,"magic":22260201,"deal_ticket":800000141,"order_ticket":9134,"position_id":900000071,"entry_type":"IN","deal_type":"BUY","side":"L","layer_index":9,"role":"EXT","deal_price":1.11935,"order_price_open":null,"slippage_pips":null,"volume":0.00,"profit":0.00,"swap":0.00,"commission":0.00,"deal_time_broker":"2026-10-08 16:08:14","deal_time_broker_msc":1791475694000,"halted_at_receipt":false,"quarantined_at_receipt":false}
9,-1,1791475695700,ea_event,,{"type":"fill_log","seq":168,"ea_time_ms":63457125,"magic":22260201,"deal_ticket":800000142,"order_ticket":700000142,"position_id":900000070,"entry_type":"OUT_BY","deal_type":"SELL","side":null,"layer_index":null,"role":null,"deal_price":1.11935,"order_price_open":null,"slippage_pips":null,"volume":0.00,"profit":1.03,"swap":0.00,"commission":0.00,"deal_time_broker":"2026-10-08 16:08:15","deal_time_broker_msc":1791475695000,"halted_at_receipt":false,"quarantined_at_receipt":false}
9,-1,1791475695700,ea_event,,{"type":"fill_log","seq":169,"ea_time_ms":63457125,"magic":22260201,"deal_ticket":800000143,"order_ticket":700000142,"position_id":900000071,"entry_type":"OUT_BY","deal_type":"SELL","side":null,"layer_index":null,"role":null,"deal_price":1.11832,"order_price_open":null,"slippage_pips":null,"volume":0.00,"profit":0.00,"swap":0.00,"commission":0.00,"deal_time_broker":"2026-10-08 16:08:15","deal_time_broker_msc":1791475695000,"halted_at_receipt":false,"quarantined_at_receipt":false}
9,-1,1791475695700,scalp,SCALP_CLOSED,{"close_time":"2026-10-08T16:08:15Z","instrument":"EURUSD","direction":"LONG","entry_price":1.11832,"exit_price":1.11935,"layer_depth":9,"stack_depth":7,"gross_pnl":1.03,"instance_id":"GRIND_EURUSD_OPTB","ejected":false,"rolled":false,"broker_utc_offset_s":10800,"account_login":53077984}
9,-1,1791477201289,ea_event,,{"type":"fill_log","seq":170,"ea_time_ms":63457203,"magic":22260201,"deal_ticket":800000144,"order_ticket":9133,"position_id":900000072,"entry_type":"IN","deal_type":"SELL","side":"S","layer_index":4,"role":"ENT","deal_price":1.11968,"order_price_open":null,"slippage_pips":null,"volume":0.00,"profit":0.00,"swap":0.00,"commission":0.00,"deal_time_broker":"2026-10-08 16:33:20","deal_time_broker_msc":1791477200000,"halted_at_receipt":false,"quarantined_at_receipt":false}
9,-1,1791479275314,ea_event,,{"type":"fill_log","seq":171,"ea_time_ms":63457281,"magic":22260201,"deal_ticket":800000145,"order_ticket":9136,"position_id":900000073,"entry_type":"IN","deal_type":"BUY","side":"L","layer_index":8,"role":"EXT","deal_price":1.12004,"order_price_open":null,"slippage_pips":null,"volume":0.00,"profit":0.00,"swap":0.00,"commission":0.00,"deal_time_broker":"2026-10-08 17:07:55","deal_time_broker_msc":1791479275000,"halted_at_receipt":false,"quarantined_at_receipt":false}
9,-1,1791479276521,ea_event,,{"type":"fill_log","seq":172,"ea_time_ms":63457281,"magic":22260201,"deal_ticket":800000146,"order_ticket":700000146,"position_id":900000056,"entry_type":"OUT_BY","deal_type":"SELL","side":null,"layer_index":null,"role":null,"deal_price":1.12004,"order_price_open":null,"slippage_pips":null,"volume":0.00,"profit":1.00,"swap":0.00,"commission":0.00,"deal_time_broker":"2026-10-08 17:07:55","deal_time_broker_msc":1791479275000,"halted_at_receipt":false,"quarantined_at_receipt":false}
9,-1,1791479276521,ea_event,,{"type":"fill_log","seq":173,"ea_time_ms":63457281,"magic":22260201,"deal_ticket":800000147,"order_ticket":700000146,"position_id":900000073,"entry_type":"OUT_BY","deal_type":"SELL","side":null,"layer_index":null,"role":null,"deal_price":1.11904,"order_price_open":null,"slippage_pips":null,"volume":0.00,"profit":0.00,"swap":0.00,"commission":0.00,"deal_time_broker":"2026-10-08 17:07:55","deal_time_broker_msc":1791479275000,"halted_at_receipt":false,"quarantined_at_receipt":false}
9,-1,1791479276521,scalp,SCALP_CLOSED,{"close_time":"2026-10-08T17:07:55Z","instrument":"EURUSD","direction":"LONG","entry_price":1.11904,"exit_price":1.12004,"layer_depth":8,"stack_depth":6,"gross_pnl":1.00,"instance_id":"GRIND_EURUSD_OPTB","ejected":false,"rolled":false,"broker_utc_offset_s":10800,"account_login":53077984}
9,-1,1791479945630,ea_event,,{"type":"fill_log","seq":174,"ea_time_ms":63457312,"magic":22260201,"deal_ticket":800000148,"order_ticket":9139,"position_id":900000074,"entry_type":"IN","deal_type":"SELL","side":"S","layer_index":5,"role":"ENT","deal_price":1.12039,"order_price_open":null,"slippage_pips":null,"volume":0.00,"profit":0.00,"swap":0.00,"commission":0.00,"deal_time_broker":"2026-10-08 17:19:04","deal_time_broker_msc":1791479944000,"halted_at_receipt":false,"quarantined_at_receipt":false}
9,-1,1791480269531,ea_event,,{"type":"fill_log","seq":175,"ea_time_ms":63457328,"magic":22260201,"deal_ticket":800000149,"order_ticket":9140,"position_id":900000075,"entry_type":"IN","deal_type":"BUY","side":"L","layer_index":7,"role":"EXT","deal_price":1.12076,"order_price_open":null,"slippage_pips":null,"volume":0.00,"profit":0.00,"swap":0.00,"commission":0.00,"deal_time_broker":"2026-10-08 17:24:28","deal_time_broker_msc":1791480268000,"halted_at_receipt":false,"quarantined_at_receipt":false}
9,-1,1791480272138,ea_event,,{"type":"fill_log","seq":176,"ea_time_ms":63457328,"magic":22260201,"deal_ticket":800000150,"order_ticket":700000150,"position_id":900000044,"entry_type":"OUT_BY","deal_type":"SELL","side":null,"layer_index":null,"role":null,"deal_price":1.12076,"order_price_open":null,"slippage_pips":null,"volume":0.00,"profit":1.01,"swap":0.00,"commission":0.00,"deal_time_broker":"2026-10-08 17:24:29","deal_time_broker_msc":1791480269000,"halted_at_receipt":false,"quarantined_at_receipt":false}
9,-1,1791480272138,ea_event,,{"type":"fill_log","seq":177,"ea_time_ms":63457328,"magic":22260201,"deal_ticket":800000151,"order_ticket":700000150,"position_id":900000075,"entry_type":"OUT_BY","deal_type":"SELL","side":null,"layer_index":null,"role":null,"deal_price":1.11975,"order_price_open":null,"slippage_pips":null,"volume":0.00,"profit":0.00,"swap":0.00,"commission":0.00,"deal_time_broker":"2026-10-08 17:24:29","deal_time_broker_msc":1791480269000,"halted_at_receipt":false,"quarantined_at_receipt":false}
9,-1,1791480272138,scalp,SCALP_CLOSED,{"close_time":"2026-10-08T17:24:29Z","instrument":"EURUSD","direction":"LONG","entry_price":1.11975,"exit_price":1.12076,"layer_depth":7,"stack_depth":5,"gross_pnl":1.01,"instance_id":"GRIND_EURUSD_OPTB","ejected":false,"rolled":false,"broker_utc_offset_s":10800,"account_login":53077984}
9,-1,1791480327234,ea_event,,{"type":"fill_log","seq":178,"ea_time_ms":63457328,"magic":22260201,"deal_ticket":800000152,"order_ticket":9143,"position_id":900000076,"entry_type":"IN","deal_type":"SELL","side":"S","layer_index":6,"role":"ENT","deal_price":1.12122,"order_price_open":null,"slippage_pips":null,"volume":0.00,"profit":0.00,"swap":0.00,"commission":0.00,"deal_time_broker":"2026-10-08 17:25:27","deal_time_broker_msc":1791480327000,"halted_at_receipt":false,"quarantined_at_receipt":false}
9,-1,1791480538385,ea_event,,{"type":"fill_log","seq":179,"ea_time_ms":63457328,"magic":22260201,"deal_ticket":800000153,"order_ticket":9144,"position_id":900000077,"entry_type":"IN","deal_type":"BUY","side":"L","layer_index":6,"role":"EXT","deal_price":1.12156,"order_price_open":null,"slippage_pips":null,"volume":0.00,"profit":0.00,"swap":0.00,"commission":0.00,"deal_time_broker":"2026-10-08 17:28:57","deal_time_broker_msc":1791480537000,"halted_at_receipt":false,"quarantined_at_receipt":false}
9,-1,1791480538782,ea_event,,{"type":"fill_log","seq":180,"ea_time_ms":63457328,"magic":22260201,"deal_ticket":800000154,"order_ticket":700000154,"position_id":1991426477,"entry_type":"OUT_BY","deal_type":"SELL","side":null,"layer_index":null,"role":null,"deal_price":1.12156,"order_price_open":null,"slippage_pips":null,"volume":0.00,"profit":-3.11,"swap":-0.24,"commission":0.00,"deal_time_broker":"2026-10-08 17:28:58","deal_time_broker_msc":1791480538000,"halted_at_receipt":false,"quarantined_at_receipt":false}
9,-1,1791480538782,ea_event,ROLL_FILLED,{"type":"ea_event","seq":181,"ea_time_ms":63457328,"magic":null,"level":"INFO","code":"ROLL_FILLED","reason":null,"ticket":1991426477,"detail":{"ticket":1991426477,"level":1.12047}}
9,-1,1791480538782,ea_event,,{"type":"fill_log","seq":182,"ea_time_ms":63457328,"magic":22260201,"deal_ticket":800000155,"order_ticket":700000154,"position_id":900000077,"entry_type":"OUT_BY","deal_type":"SELL","side":null,"layer_index":null,"role":null,"deal_price":1.12467,"order_price_open":null,"slippage_pips":null,"volume":0.00,"profit":0.00,"swap":0.00,"commission":0.00,"deal_time_broker":"2026-10-08 17:28:58","deal_time_broker_msc":1791480538000,"halted_at_receipt":false,"quarantined_at_receipt":false}
9,-1,1791480538782,scalp,SCALP_CLOSED,{"close_time":"2026-10-08T17:28:58Z","instrument":"EURUSD","direction":"LONG","entry_price":1.12467,"exit_price":1.12156,"layer_depth":6,"stack_depth":4,"gross_pnl":-3.35,"instance_id":"GRIND_EURUSD_OPTB","ejected":false,"rolled":true,"broker_utc_offset_s":10800,"account_login":53077984}
9,-1,1791480724282,ea_event,,{"type":"fill_log","seq":183,"ea_time_ms":63457343,"magic":22260201,"deal_ticket":800000156,"order_ticket":9147,"position_id":900000078,"entry_type":"IN","deal_type":"SELL","side":"S","layer_index":7,"role":"ENT","deal_price":1.12193,"order_price_open":null,"slippage_pips":null,"volume":0.00,"profit":0.00,"swap":0.00,"commission":0.00,"deal_time_broker":"2026-10-08 17:32:02","deal_time_broker_msc":1791480722000,"halted_at_receipt":false,"quarantined_at_receipt":false}
9,-1,1791480830419,ea_event,,{"type":"fill_log","seq":184,"ea_time_ms":63457343,"magic":22260201,"deal_ticket":800000157,"order_ticket":9148,"position_id":900000079,"entry_type":"IN","deal_type":"BUY","side":"L","layer_index":5,"role":"EXT","deal_price":1.12225,"order_price_open":null,"slippage_pips":null,"volume":0.00,"profit":0.00,"swap":0.00,"commission":0.00,"deal_time_broker":"2026-10-08 17:33:50","deal_time_broker_msc":1791480830000,"halted_at_receipt":false,"quarantined_at_receipt":false}
9,-1,1791480830819,ea_event,,{"type":"fill_log","seq":185,"ea_time_ms":63457343,"magic":22260201,"deal_ticket":800000158,"order_ticket":700000158,"position_id":1990743177,"entry_type":"OUT_BY","deal_type":"SELL","side":null,"layer_index":null,"role":null,"deal_price":1.12225,"order_price_open":null,"slippage_pips":null,"volume":0.00,"profit":-3.09,"swap":-0.24,"commission":0.00,"deal_time_broker":"2026-10-08 17:33:50","deal_time_broker_msc":1791480830000,"halted_at_receipt":false,"quarantined_at_receipt":false}
9,-1,1791480830819,ea_event,ROLL_FILLED,{"type":"ea_event","seq":186,"ea_time_ms":63457343,"magic":null,"level":"INFO","code":"ROLL_FILLED","reason":null,"ticket":1990743177,"detail":{"ticket":1990743177,"level":1.12117}}
9,-1,1791480830819,ea_event,,{"type":"fill_log","seq":187,"ea_time_ms":63457343,"magic":22260201,"deal_ticket":800000159,"order_ticket":700000158,"position_id":900000079,"entry_type":"OUT_BY","deal_type":"SELL","side":null,"layer_index":null,"role":null,"deal_price":1.12534,"order_price_open":null,"slippage_pips":null,"volume":0.00,"profit":0.00,"swap":0.00,"commission":0.00,"deal_time_broker":"2026-10-08 17:33:50","deal_time_broker_msc":1791480830000,"halted_at_receipt":false,"quarantined_at_receipt":false}
9,-1,1791480830819,scalp,SCALP_CLOSED,{"close_time":"2026-10-08T17:33:50Z","instrument":"EURUSD","direction":"LONG","entry_price":1.12534,"exit_price":1.12225,"layer_depth":5,"stack_depth":3,"gross_pnl":-3.33,"instance_id":"GRIND_EURUSD_OPTB","ejected":false,"rolled":true,"broker_utc_offset_s":10800,"account_login":53077984}
9,-1,1791480898979,ea_event,ROLL_DEFERRED,{"type":"ea_event","seq":188,"ea_time_ms":63457359,"magic":null,"level":"INFO","code":"ROLL_DEFERRED","reason":"S","ticket":null,"detail":{"side":"S","depth":8,"opposite_depth":2,"gate":0,"level":1.12263,"market":1.12264}}
9,-1,1791481986425,ea_event,,{"type":"fill_log","seq":189,"ea_time_ms":63457390,"magic":22260201,"deal_ticket":800000160,"order_ticket":9152,"position_id":900000080,"entry_type":"IN","deal_type":"BUY","side":"L","layer_index":5,"role":"ENT","deal_price":1.12116,"order_price_open":null,"slippage_pips":null,"volume":0.00,"profit":0.00,"swap":0.00,"commission":0.00,"deal_time_broker":"2026-10-08 17:53:05","deal_time_broker_msc":1791481985000,"halted_at_receipt":false,"quarantined_at_receipt":false}
9,-1,1791482278814,ea_event,,{"type":"fill_log","seq":190,"ea_time_ms":63457406,"magic":22260201,"deal_ticket":800000161,"order_ticket":9150,"position_id":900000081,"entry_type":"IN","deal_type":"SELL","side":"S","layer_index":7,"role":"EXT","deal_price":1.12092,"order_price_open":null,"slippage_pips":null,"volume":0.00,"profit":0.00,"swap":0.00,"commission":0.00,"deal_time_broker":"2026-10-08 17:57:58","deal_time_broker_msc":1791482278000,"halted_at_receipt":false,"quarantined_at_receipt":false}
9,-1,1791482279822,ea_event,,{"type":"fill_log","seq":191,"ea_time_ms":63457406,"magic":22260201,"deal_ticket":800000162,"order_ticket":700000162,"position_id":900000078,"entry_type":"OUT_BY","deal_type":"SELL","side":null,"layer_index":null,"role":null,"deal_price":1.12092,"order_price_open":null,"slippage_pips":null,"volume":0.00,"profit":1.01,"swap":0.00,"commission":0.00,"deal_time_broker":"2026-10-08 17:57:59","deal_time_broker_msc":1791482279000,"halted_at_receipt":false,"quarantined_at_receipt":false}
9,-1,1791482279822,ea_event,,{"type":"fill_log","seq":192,"ea_time_ms":63457406,"magic":22260201,"deal_ticket":800000163,"order_ticket":700000162,"position_id":900000081,"entry_type":"OUT_BY","deal_type":"SELL","side":null,"layer_index":null,"role":null,"deal_price":1.12193,"order_price_open":null,"slippage_pips":null,"volume":0.00,"profit":0.00,"swap":0.00,"commission":0.00,"deal_time_broker":"2026-10-08 17:57:59","deal_time_broker_msc":1791482279000,"halted_at_receipt":false,"quarantined_at_receipt":false}
9,-1,1791482279822,scalp,SCALP_CLOSED,{"close_time":"2026-10-08T17:57:59Z","instrument":"EURUSD","direction":"SHORT","entry_price":1.12193,"exit_price":1.12092,"layer_depth":7,"stack_depth":8,"gross_pnl":1.01,"instance_id":"GRIND_EURUSD_OPTB","ejected":false,"rolled":false,"broker_utc_offset_s":10800,"account_login":53077984}
9,-1,1791483290894,ea_event,,{"type":"fill_log","seq":193,"ea_time_ms":63457437,"magic":22260201,"deal_ticket":800000164,"order_ticket":9154,"position_id":900000082,"entry_type":"IN","deal_type":"BUY","side":"L","layer_index":6,"role":"ENT","deal_price":1.12045,"order_price_open":null,"slippage_pips":null,"volume":0.00,"profit":0.00,"swap":0.00,"commission":0.00,"deal_time_broker":"2026-10-08 18:14:50","deal_time_broker_msc":1791483290000,"halted_at_receipt":false,"quarantined_at_receipt":false}
9,-1,1791483510343,ea_event,,{"type":"fill_log","seq":194,"ea_time_ms":63457453,"magic":22260201,"deal_ticket":800000165,"order_ticket":9155,"position_id":900000083,"entry_type":"IN","deal_type":"SELL","side":"S","layer_index":6,"role":"EXT","deal_price":1.12022,"order_price_open":null,"slippage_pips":null,"volume":0.00,"profit":0.00,"swap":0.00,"commission":0.00,"deal_time_broker":"2026-10-08 18:18:30","deal_time_broker_msc":1791483510000,"halted_at_receipt":false,"quarantined_at_receipt":false}
9,-1,1791483510942,ea_event,,{"type":"fill_log","seq":195,"ea_time_ms":63457453,"magic":22260201,"deal_ticket":800000166,"order_ticket":700000166,"position_id":900000076,"entry_type":"OUT_BY","deal_type":"SELL","side":null,"layer_index":null,"role":null,"deal_price":1.12022,"order_price_open":null,"slippage_pips":null,"volume":0.00,"profit":1.00,"swap":0.00,"commission":0.00,"deal_time_broker":"2026-10-08 18:18:30","deal_time_broker_msc":1791483510000,"halted_at_receipt":false,"quarantined_at_receipt":false}
9,-1,1791483510942,ea_event,,{"type":"fill_log","seq":196,"ea_time_ms":63457453,"magic":22260201,"deal_ticket":800000167,"order_ticket":700000166,"position_id":900000083,"entry_type":"OUT_BY","deal_type":"SELL","side":null,"layer_index":null,"role":null,"deal_price":1.12122,"order_price_open":null,"slippage_pips":null,"volume":0.00,"profit":0.00,"swap":0.00,"commission":0.00,"deal_time_broker":"2026-10-08 18:18:30","deal_time_broker_msc":1791483510000,"halted_at_receipt":false,"quarantined_at_receipt":false}
9,-1,1791483510942,scalp,SCALP_CLOSED,{"close_time":"2026-10-08T18:18:30Z","instrument":"EURUSD","direction":"SHORT","entry_price":1.12122,"exit_price":1.12022,"layer_depth":6,"stack_depth":7,"gross_pnl":1.00,"instance_id":"GRIND_EURUSD_OPTB","ejected":false,"rolled":false,"broker_utc_offset_s":10800,"account_login":53077984}
9,-1,1791483556133,ea_event,,{"type":"fill_log","seq":197,"ea_time_ms":63457453,"magic":22260201,"deal_ticket":800000168,"order_ticket":9158,"position_id":900000084,"entry_type":"IN","deal_type":"BUY","side":"L","layer_index":7,"role":"ENT","deal_price":1.11974,"order_price_open":null,"slippage_pips":null,"volume":0.00,"profit":0.00,"swap":0.00,"commission":0.00,"deal_time_broker":"2026-10-08 18:19:15","deal_time_broker_msc":1791483555000,"halted_at_receipt":false,"quarantined_at_receipt":false}
9,-1,1791485267777,ea_event,,{"type":"fill_log","seq":198,"ea_time_ms":63457531,"magic":22260201,"deal_ticket":800000169,"order_ticket":9159,"position_id":900000085,"entry_type":"IN","deal_type":"SELL","side":"S","layer_index":5,"role":"EXT","deal_price":1.11935,"order_price_open":null,"slippage_pips":null,"volume":0.00,"profit":0.00,"swap":0.00,"commission":0.00,"deal_time_broker":"2026-10-08 18:47:46","deal_time_broker_msc":1791485266000,"halted_at_receipt":false,"quarantined_at_receipt":false}
9,-1,1791485268389,ea_event,,{"type":"fill_log","seq":199,"ea_time_ms":63457531,"magic":22260201,"deal_ticket":800000170,"order_ticket":700000170,"position_id":900000074,"entry_type":"OUT_BY","deal_type":"SELL","side":null,"layer_index":null,"role":null,"deal_price":1.11935,"order_price_open":null,"slippage_pips":null,"volume":0.00,"profit":1.04,"swap":0.00,"commission":0.00,"deal_time_broker":"2026-10-08 18:47:48","deal_time_broker_msc":1791485268000,"halted_at_receipt":false,"quarantined_at_receipt":false}
9,-1,1791485268389,ea_event,,{"type":"fill_log","seq":200,"ea_time_ms":63457531,"magic":22260201,"deal_ticket":800000171,"order_ticket":700000170,"position_id":900000085,"entry_type":"OUT_BY","deal_type":"SELL","side":null,"layer_index":null,"role":null,"deal_price":1.12039,"order_price_open":null,"slippage_pips":null,"volume":0.00,"profit":0.00,"swap":0.00,"commission":0.00,"deal_time_broker":"2026-10-08 18:47:48","deal_time_broker_msc":1791485268000,"halted_at_receipt":false,"quarantined_at_receipt":false}
9,-1,1791485268389,scalp,SCALP_CLOSED,{"close_time":"2026-10-08T18:47:48Z","instrument":"EURUSD","direction":"SHORT","entry_price":1.12039,"exit_price":1.11935,"layer_depth":5,"stack_depth":6,"gross_pnl":1.04,"instance_id":"GRIND_EURUSD_OPTB","ejected":false,"rolled":false,"broker_utc_offset_s":10800,"account_login":53077984}
9,-1,1791485329244,ea_event,,{"type":"fill_log","seq":201,"ea_time_ms":63457531,"magic":22260201,"deal_ticket":800000172,"order_ticket":9162,"position_id":900000086,"entry_type":"IN","deal_type":"BUY","side":"L","layer_index":8,"role":"ENT","deal_price":1.11900,"order_price_open":null,"slippage_pips":null,"volume":0.00,"profit":0.00,"swap":0.00,"commission":0.00,"deal_time_broker":"2026-10-08 18:48:49","deal_time_broker_msc":1791485329000,"halted_at_receipt":false,"quarantined_at_receipt":false}
9,-1,1791486493334,ea_event,,{"type":"fill_log","seq":202,"ea_time_ms":63457562,"magic":22260201,"deal_ticket":800000173,"order_ticket":9163,"position_id":900000087,"entry_type":"IN","deal_type":"SELL","side":"S","layer_index":4,"role":"EXT","deal_price":1.11866,"order_price_open":null,"slippage_pips":null,"volume":0.00,"profit":0.00,"swap":0.00,"commission":0.00,"deal_time_broker":"2026-10-08 19:08:12","deal_time_broker_msc":1791486492000,"halted_at_receipt":false,"quarantined_at_receipt":false}
9,-1,1791486493733,ea_event,,{"type":"fill_log","seq":203,"ea_time_ms":63457562,"magic":22260201,"deal_ticket":800000174,"order_ticket":700000174,"position_id":900000072,"entry_type":"OUT_BY","deal_type":"SELL","side":null,"layer_index":null,"role":null,"deal_price":1.11866,"order_price_open":null,"slippage_pips":null,"volume":0.00,"profit":1.02,"swap":0.00,"commission":0.00,"deal_time_broker":"2026-10-08 19:08:13","deal_time_broker_msc":1791486493000,"halted_at_receipt":false,"quarantined_at_receipt":false}
9,-1,1791486493733,ea_event,,{"type":"fill_log","seq":204,"ea_time_ms":63457562,"magic":22260201,"deal_ticket":800000175,"order_ticket":700000174,"position_id":900000087,"entry_type":"OUT_BY","deal_type":"SELL","side":null,"layer_index":null,"role":null,"deal_price":1.11968,"order_price_open":null,"slippage_pips":null,"volume":0.00,"profit":0.00,"swap":0.00,"commission":0.00,"deal_time_broker":"2026-10-08 19:08:13","deal_time_broker_msc":1791486493000,"halted_at_receipt":false,"quarantined_at_receipt":false}
9,-1,1791486493733,scalp,SCALP_CLOSED,{"close_time":"2026-10-08T19:08:13Z","instrument":"EURUSD","direction":"SHORT","entry_price":1.11968,"exit_price":1.11866,"layer_depth":4,"stack_depth":5,"gross_pnl":1.02,"instance_id":"GRIND_EURUSD_OPTB","ejected":false,"rolled":false,"broker_utc_offset_s":10800,"account_login":53077984}
9,-1,1791487037584,ea_event,,{"type":"fill_log","seq":205,"ea_time_ms":63457578,"magic":22260201,"deal_ticket":800000176,"order_ticket":9168,"position_id":900000088,"entry_type":"IN","deal_type":"SELL","side":"S","layer_index":4,"role":"ENT","deal_price":1.11969,"order_price_open":null,"slippage_pips":null,"volume":0.00,"profit":0.00,"swap":0.00,"commission":0.00,"deal_time_broker":"2026-10-08 19:17:17","deal_time_broker_msc":1791487037000,"halted_at_receipt":false,"quarantined_at_receipt":false}
9,-1,1791487051649,ea_event,,{"type":"fill_log","seq":206,"ea_time_ms":63457578,"magic":22260201,"deal_ticket":800000177,"order_ticket":9165,"position_id":900000089,"entry_type":"IN","deal_type":"BUY","side":"L","layer_index":8,"role":"EXT","deal_price":1.12006,"order_price_open":null,"slippage_pips":null,"volume":0.00,"profit":0.00,"swap":0.00,"commission":0.00,"deal_time_broker":"2026-10-08 19:17:31","deal_time_broker_msc":1791487051000,"halted_at_receipt":false,"quarantined_at_receipt":false}
9,-1,1791487052051,ea_event,,{"type":"fill_log","seq":207,"ea_time_ms":63457578,"magic":22260201,"deal_ticket":800000178,"order_ticket":700000178,"position_id":900000086,"entry_type":"OUT_BY","deal_type":"SELL","side":null,"layer_index":null,"role":null,"deal_price":1.12006,"order_price_open":null,"slippage_pips":null,"volume":0.00,"profit":1.06,"swap":0.00,"commission":0.00,"deal_time_broker":"2026-10-08 19:17:31","deal_time_broker_msc":1791487051000,"halted_at_receipt":false,"quarantined_at_receipt":false}
9,-1,1791487052051,ea_event,,{"type":"fill_log","seq":208,"ea_time_ms":63457578,"magic":22260201,"deal_ticket":800000179,"order_ticket":700000178,"position_id":900000089,"entry_type":"OUT_BY","deal_type":"SELL","side":null,"layer_index":null,"role":null,"deal_price":1.11900,"order_price_open":null,"slippage_pips":null,"volume":0.00,"profit":0.00,"swap":0.00,"commission":0.00,"deal_time_broker":"2026-10-08 19:17:31","deal_time_broker_msc":1791487051000,"halted_at_receipt":false,"quarantined_at_receipt":false}
9,-1,1791487052051,scalp,SCALP_CLOSED,{"close_time":"2026-10-08T19:17:31Z","instrument":"EURUSD","direction":"LONG","entry_price":1.11900,"exit_price":1.12006,"layer_depth":8,"stack_depth":6,"gross_pnl":1.06,"instance_id":"GRIND_EURUSD_OPTB","ejected":false,"rolled":false,"broker_utc_offset_s":10800,"account_login":53077984}
9,-1,1791487808998,ea_event,,{"type":"fill_log","seq":209,"ea_time_ms":63457625,"magic":22260201,"deal_ticket":800000180,"order_ticket":9172,"position_id":900000090,"entry_type":"IN","deal_type":"BUY","side":"L","layer_index":8,"role":"ENT","deal_price":1.11903,"order_price_open":null,"slippage_pips":null,"volume":0.00,"profit":0.00,"swap":0.00,"commission":0.00,"deal_time_broker":"2026-10-08 19:30:07","deal_time_broker_msc":1791487807000,"halted_at_receipt":false,"quarantined_at_receipt":false}
9,-1,1791487872685,ea_event,,{"type":"fill_log","seq":210,"ea_time_ms":63457625,"magic":22260201,"deal_ticket":800000181,"order_ticket":9169,"position_id":900000091,"entry_type":"IN","deal_type":"SELL","side":"S","layer_index":4,"role":"EXT","deal_price":1.11866,"order_price_open":null,"slippage_pips":null,"volume":0.00,"profit":0.00,"swap":0.00,"commission":0.00,"deal_time_broker":"2026-10-08 19:31:12","deal_time_broker_msc":1791487872000,"halted_at_receipt":false,"quarantined_at_receipt":false}
9,-1,1791487873492,ea_event,,{"type":"fill_log","seq":211,"ea_time_ms":63457625,"magic":22260201,"deal_ticket":800000182,"order_ticket":700000182,"position_id":900000088,"entry_type":"OUT_BY","deal_type":"SELL","side":null,"layer_index":null,"role":null,"deal_price":1.11866,"order_price_open":null,"slippage_pips":null,"volume":0.00,"profit":1.03,"swap":0.00,"commission":0.00,"deal_time_broker":"2026-10-08 19:31:12","deal_time_broker_msc":1791487872000,"halted_at_receipt":false,"quarantined_at_receipt":false}
9,-1,1791487873492,ea_event,,{"type":"fill_log","seq":212,"ea_time_ms":63457625,"magic":22260201,"deal_ticket":800000183,"order_ticket":700000182,"position_id":900000091,"entry_type":"OUT_BY","deal_type":"SELL","side":null,"layer_index":null,"role":null,"deal_price":1.11969,"order_price_open":null,"slippage_pips":null,"volume":0.00,"profit":0.00,"swap":0.00,"commission":0.00,"deal_time_broker":"2026-10-08 19:31:12","deal_time_broker_msc":1791487872000,"halted_at_receipt":false,"quarantined_at_receipt":false}
9,-1,1791487873492,scalp,SCALP_CLOSED,{"close_time":"2026-10-08T19:31:12Z","instrument":"EURUSD","direction":"SHORT","entry_price":1.11969,"exit_price":1.11866,"layer_depth":4,"stack_depth":5,"gross_pnl":1.03,"instance_id":"GRIND_EURUSD_OPTB","ejected":false,"rolled":false,"broker_utc_offset_s":10800,"account_login":53077984}
9,-1,1791489153823,ea_event,,{"type":"fill_log","seq":213,"ea_time_ms":63457687,"magic":22260201,"deal_ticket":800000184,"order_ticket":9176,"position_id":900000092,"entry_type":"IN","deal_type":"SELL","side":"S","layer_index":4,"role":"ENT","deal_price":1.11971,"order_price_open":null,"slippage_pips":null,"volume":0.00,"profit":0.00,"swap":0.00,"commission":0.00,"deal_time_broker":"2026-10-08 19:52:33","deal_time_broker_msc":1791489153000,"halted_at_receipt":false,"quarantined_at_receipt":false}
9,-1,1791489728663,ea_event,,{"type":"fill_log","seq":214,"ea_time_ms":63457718,"magic":22260201,"deal_ticket":800000185,"order_ticket":9173,"position_id":900000093,"entry_type":"IN","deal_type":"BUY","side":"L","layer_index":8,"role":"EXT","deal_price":1.12006,"order_price_open":null,"slippage_pips":null,"volume":0.00,"profit":0.00,"swap":0.00,"commission":0.00,"deal_time_broker":"2026-10-08 20:02:08","deal_time_broker_msc":1791489728000,"halted_at_receipt":false,"quarantined_at_receipt":false}
9,-1,1791489729263,ea_event,,{"type":"fill_log","seq":215,"ea_time_ms":63457718,"magic":22260201,"deal_ticket":800000186,"order_ticket":700000186,"position_id":900000090,"entry_type":"OUT_BY","deal_type":"SELL","side":null,"layer_index":null,"role":null,"deal_price":1.12006,"order_price_open":null,"slippage_pips":null,"volume":0.00,"profit":1.03,"swap":0.00,"commission":0.00,"deal_time_broker":"2026-10-08 20:02:08","deal_time_broker_msc":1791489728000,"halted_at_receipt":false,"quarantined_at_receipt":false}
9,-1,1791489729263,ea_event,,{"type":"fill_log","seq":216,"ea_time_ms":63457718,"magic":22260201,"deal_ticket":800000187,"order_ticket":700000186,"position_id":900000093,"entry_type":"OUT_BY","deal_type":"SELL","side":null,"layer_index":null,"role":null,"deal_price":1.11903,"order_price_open":null,"slippage_pips":null,"volume":0.00,"profit":0.00,"swap":0.00,"commission":0.00,"deal_time_broker":"2026-10-08 20:02:08","deal_time_broker_msc":1791489728000,"halted_at_receipt":false,"quarantined_at_receipt":false}
9,-1,1791489729263,scalp,SCALP_CLOSED,{"close_time":"2026-10-08T20:02:08Z","instrument":"EURUSD","direction":"LONG","entry_price":1.11903,"exit_price":1.12006,"layer_depth":8,"stack_depth":6,"gross_pnl":1.03,"instance_id":"GRIND_EURUSD_OPTB","ejected":false,"rolled":false,"broker_utc_offset_s":10800,"account_login":53077984}
9,-1,1791490127958,ea_event,,{"type":"fill_log","seq":217,"ea_time_ms":63457750,"magic":22260201,"deal_ticket":800000188,"order_ticket":9178,"position_id":900000094,"entry_type":"IN","deal_type":"SELL","side":"S","layer_index":5,"role":"ENT","deal_price":1.12042,"order_price_open":null,"slippage_pips":null,"volume":0.00,"profit":0.00,"swap":0.00,"commission":0.00,"deal_time_broker":"2026-10-08 20:08:46","deal_time_broker_msc":1791490126000,"halted_at_receipt":false,"quarantined_at_receipt":false}
9,-1,1791490419309,ea_event,,{"type":"fill_log","seq":218,"ea_time_ms":63457765,"magic":22260201,"deal_ticket":800000189,"order_ticket":9179,"position_id":900000095,"entry_type":"IN","deal_type":"BUY","side":"L","layer_index":7,"role":"EXT","deal_price":1.12077,"order_price_open":null,"slippage_pips":null,"volume":0.00,"profit":0.00,"swap":0.00,"commission":0.00,"deal_time_broker":"2026-10-08 20:13:38","deal_time_broker_msc":1791490418000,"halted_at_receipt":false,"quarantined_at_receipt":false}
9,-1,1791490419710,ea_event,,{"type":"fill_log","seq":219,"ea_time_ms":63457765,"magic":22260201,"deal_ticket":800000190,"order_ticket":700000190,"position_id":900000084,"entry_type":"OUT_BY","deal_type":"SELL","side":null,"layer_index":null,"role":null,"deal_price":1.12077,"order_price_open":null,"slippage_pips":null,"volume":0.00,"profit":1.03,"swap":0.00,"commission":0.00,"deal_time_broker":"2026-10-08 20:13:39","deal_time_broker_msc":1791490419000,"halted_at_receipt":false,"quarantined_at_receipt":false}
9,-1,1791490419710,ea_event,,{"type":"fill_log","seq":220,"ea_time_ms":63457765,"magic":22260201,"deal_ticket":800000191,"order_ticket":700000190,"position_id":900000095,"entry_type":"OUT_BY","deal_type":"SELL","side":null,"layer_index":null,"role":null,"deal_price":1.11974,"order_price_open":null,"slippage_pips":null,"volume":0.00,"profit":0.00,"swap":0.00,"commission":0.00,"deal_time_broker":"2026-10-08 20:13:39","deal_time_broker_msc":1791490419000,"halted_at_receipt":false,"quarantined_at_receipt":false}
9,-1,1791490419710,scalp,SCALP_CLOSED,{"close_time":"2026-10-08T20:13:39Z","instrument":"EURUSD","direction":"LONG","entry_price":1.11974,"exit_price":1.12077,"layer_depth":7,"stack_depth":5,"gross_pnl":1.03,"instance_id":"GRIND_EURUSD_OPTB","ejected":false,"rolled":false,"broker_utc_offset_s":10800,"account_login":53077984}
9,-1,1791490566831,ea_event,,{"type":"fill_log","seq":221,"ea_time_ms":63457765,"magic":22260201,"deal_ticket":800000192,"order_ticket":9182,"position_id":900000096,"entry_type":"IN","deal_type":"SELL","side":"S","layer_index":6,"role":"ENT","deal_price":1.12116,"order_price_open":null,"slippage_pips":null,"volume":0.00,"profit":0.00,"swap":0.00,"commission":0.00,"deal_time_broker":"2026-10-08 20:16:06","deal_time_broker_msc":1791490566000,"halted_at_receipt":false,"quarantined_at_receipt":false}
9,-1,1791490676536,ea_event,,{"type":"fill_log","seq":222,"ea_time_ms":63457781,"magic":22260201,"deal_ticket":800000193,"order_ticket":9183,"position_id":900000097,"entry_type":"IN","deal_type":"BUY","side":"L","layer_index":6,"role":"EXT","deal_price":1.12148,"order_price_open":null,"slippage_pips":null,"volume":0.00,"profit":0.00,"swap":0.00,"commission":0.00,"deal_time_broker":"2026-10-08 20:17:55","deal_time_broker_msc":1791490675000,"halted_at_receipt":false,"quarantined_at_receipt":false}
9,-1,1791490677335,ea_event,,{"type":"fill_log","seq":223,"ea_time_ms":63457781,"magic":22260201,"deal_ticket":800000194,"order_ticket":700000194,"position_id":900000082,"entry_type":"OUT_BY","deal_type":"SELL","side":null,"layer_index":null,"role":null,"deal_price":1.12148,"order_price_open":null,"slippage_pips":null,"volume":0.00,"profit":1.03,"swap":0.00,"commission":0.00,"deal_time_broker":"2026-10-08 20:17:56","deal_time_broker_msc":1791490676000,"halted_at_receipt":false,"quarantined_at_receipt":false}
9,-1,1791490677335,ea_event,,{"type":"fill_log","seq":224,"ea_time_ms":63457781,"magic":22260201,"deal_ticket":800000195,"order_ticket":700000194,"position_id":900000097,"entry_type":"OUT_BY","deal_type":"SELL","side":null,"layer_index":null,"role":null,"deal_price":1.12045,"order_price_open":null,"slippage_pips":null,"volume":0.00,"profit":0.00,"swap":0.00,"commission":0.00,"deal_time_broker":"2026-10-08 20:17:56","deal_time_broker_msc":1791490676000,"halted_at_receipt":false,"quarantined_at_receipt":false}
9,-1,1791490677335,scalp,SCALP_CLOSED,{"close_time":"2026-10-08T20:17:56Z","instrument":"EURUSD","direction":"LONG","entry_price":1.12045,"exit_price":1.12148,"layer_depth":6,"stack_depth":4,"gross_pnl":1.03,"instance_id":"GRIND_EURUSD_OPTB","ejected":false,"rolled":false,"broker_utc_offset_s":10800,"account_login":53077984}
9,-1,1791491274325,ea_event,,{"type":"fill_log","seq":225,"ea_time_ms":63457796,"magic":22260201,"deal_ticket":800000196,"order_ticket":9186,"position_id":900000098,"entry_type":"IN","deal_type":"SELL","side":"S","layer_index":7,"role":"ENT","deal_price":1.12197,"order_price_open":null,"slippage_pips":null,"volume":0.00,"profit":0.00,"swap":0.00,"commission":0.00,"deal_time_broker":"2026-10-08 20:27:53","deal_time_broker_msc":1791491273000,"halted_at_receipt":false,"quarantined_at_receipt":false}
9,-1,1791492622321,ea_event,,{"type":"fill_log","seq":226,"ea_time_ms":63457843,"magic":22260201,"deal_ticket":800000197,"order_ticket":9189,"position_id":900000099,"entry_type":"IN","deal_type":"SELL","side":"S","layer_index":7,"role":"EXT","deal_price":1.12093,"order_price_open":null,"slippage_pips":null,"volume":0.00,"profit":0.00,"swap":0.00,"commission":0.00,"deal_time_broker":"2026-10-08 20:50:22","deal_time_broker_msc":1791492622000,"halted_at_receipt":false,"quarantined_at_receipt":false}
9,-1,1791492625328,ea_event,,{"type":"fill_log","seq":227,"ea_time_ms":63457843,"magic":22260201,"deal_ticket":800000198,"order_ticket":700000198,"position_id":900000098,"entry_type":"OUT_BY","deal_type":"SELL","side":null,"layer_index":null,"role":null,"deal_price":1.12093,"order_price_open":null,"slippage_pips":null,"volume":0.00,"profit":1.04,"swap":0.00,"commission":0.00,"deal_time_broker":"2026-10-08 20:50:22","deal_time_broker_msc":1791492622000,"halted_at_receipt":false,"quarantined_at_receipt":false}
9,-1,1791492625328,ea_event,,{"type":"fill_log","seq":228,"ea_time_ms":63457843,"magic":22260201,"deal_ticket":800000199,"order_ticket":700000198,"position_id":900000099,"entry_type":"OUT_BY","deal_type":"SELL","side":null,"layer_index":null,"role":null,"deal_price":1.12197,"order_price_open":null,"slippage_pips":null,"volume":0.00,"profit":0.00,"swap":0.00,"commission":0.00,"deal_time_broker":"2026-10-08 20:50:22","deal_time_broker_msc":1791492622000,"halted_at_receipt":false,"quarantined_at_receipt":false}
9,-1,1791492625328,scalp,SCALP_CLOSED,{"close_time":"2026-10-08T20:50:22Z","instrument":"EURUSD","direction":"SHORT","entry_price":1.12197,"exit_price":1.12093,"layer_depth":7,"stack_depth":8,"gross_pnl":1.04,"instance_id":"GRIND_EURUSD_OPTB","ejected":false,"rolled":false,"broker_utc_offset_s":10800,"account_login":53077984}
9,-1,1791493777528,ea_event,,{"type":"fill_log","seq":229,"ea_time_ms":63457875,"magic":22260201,"deal_ticket":800000200,"order_ticket":9188,"position_id":900000100,"entry_type":"IN","deal_type":"BUY","side":"L","layer_index":6,"role":"ENT","deal_price":1.12043,"order_price_open":null,"slippage_pips":null,"volume":0.00,"profit":0.00,"swap":0.00,"commission":0.00,"deal_time_broker":"2026-10-08 21:09:37","deal_time_broker_msc":1791493777000,"halted_at_receipt":false,"quarantined_at_receipt":false}
9,-1,1791493887614,ea_event,,{"type":"fill_log","seq":230,"ea_time_ms":63457890,"magic":22260201,"deal_ticket":800000201,"order_ticket":9190,"position_id":900000101,"entry_type":"IN","deal_type":"SELL","side":"S","layer_index":6,"role":"EXT","deal_price":1.12013,"order_price_open":null,"slippage_pips":null,"volume":0.00,"profit":0.00,"swap":0.00,"commission":0.00,"deal_time_broker":"2026-10-08 21:11:26","deal_time_broker_msc":1791493886000,"halted_at_receipt":false,"quarantined_at_receipt":false}
9,-1,1791493888425,ea_event,,{"type":"fill_log","seq":231,"ea_time_ms":63457890,"magic":22260201,"deal_ticket":800000202,"order_ticket":700000202,"position_id":900000096,"entry_type":"OUT_BY","deal_type":"SELL","side":null,"layer_index":null,"role":null,"deal_price":1.12013,"order_price_open":null,"slippage_pips":null,"volume":0.00,"profit":1.03,"swap":0.00,"commission":0.00,"deal_time_broker":"2026-10-08 21:11:27","deal_time_broker_msc":1791493887000,"halted_at_receipt":false,"quarantined_at_receipt":false}
9,-1,1791493888425,ea_event,,{"type":"fill_log","seq":232,"ea_time_ms":63457890,"magic":22260201,"deal_ticket":800000203,"order_ticket":700000202,"position_id":900000101,"entry_type":"OUT_BY","deal_type":"SELL","side":null,"layer_index":null,"role":null,"deal_price":1.12116,"order_price_open":null,"slippage_pips":null,"volume":0.00,"profit":0.00,"swap":0.00,"commission":0.00,"deal_time_broker":"2026-10-08 21:11:27","deal_time_broker_msc":1791493887000,"halted_at_receipt":false,"quarantined_at_receipt":false}
9,-1,1791493888425,scalp,SCALP_CLOSED,{"close_time":"2026-10-08T21:11:27Z","instrument":"EURUSD","direction":"SHORT","entry_price":1.12116,"exit_price":1.12013,"layer_depth":6,"stack_depth":7,"gross_pnl":1.03,"instance_id":"GRIND_EURUSD_OPTB","ejected":false,"rolled":false,"broker_utc_offset_s":10800,"account_login":53077984}
9,-1,1791496500069,ea_event,,{"type":"fill_log","seq":233,"ea_time_ms":63457937,"magic":22260201,"deal_ticket":800000204,"order_ticket":9195,"position_id":900000102,"entry_type":"IN","deal_type":"SELL","side":"S","layer_index":6,"role":"ENT","deal_price":1.12113,"order_price_open":null,"slippage_pips":null,"volume":0.00,"profit":0.00,"swap":0.00,"commission":0.00,"deal_time_broker":"2026-10-08 21:54:50","deal_time_broker_msc":1791496490000,"halted_at_receipt":false,"quarantined_at_receipt":false}
9,-1,1791500112576,ea_event,,{"type":"fill_log","seq":234,"ea_time_ms":63458000,"magic":22260201,"deal_ticket":800000205,"order_ticket":9192,"position_id":900000103,"entry_type":"IN","deal_type":"BUY","side":"L","layer_index":6,"role":"EXT","deal_price":1.12144,"order_price_open":null,"slippage_pips":null,"volume":0.00,"profit":0.00,"swap":0.00,"commission":0.00,"deal_time_broker":"2026-10-08 22:55:12","deal_time_broker_msc":1791500112000,"halted_at_receipt":false,"quarantined_at_receipt":false}
9,-1,1791500113580,ea_event,,{"type":"fill_log","seq":235,"ea_time_ms":63458000,"magic":22260201,"deal_ticket":800000206,"order_ticket":700000206,"position_id":900000100,"entry_type":"OUT_BY","deal_type":"SELL","side":null,"layer_index":null,"role":null,"deal_price":1.12144,"order_price_open":null,"slippage_pips":null,"volume":0.00,"profit":1.01,"swap":0.00,"commission":0.00,"deal_time_broker":"2026-10-08 22:55:12","deal_time_broker_msc":1791500112000,"halted_at_receipt":false,"quarantined_at_receipt":false}
9,-1,1791500113580,ea_event,,{"type":"fill_log","seq":236,"ea_time_ms":63458000,"magic":22260201,"deal_ticket":800000207,"order_ticket":700000206,"position_id":900000103,"entry_type":"OUT_BY","deal_type":"SELL","side":null,"layer_index":null,"role":null,"deal_price":1.12043,"order_price_open":null,"slippage_pips":null,"volume":0.00,"profit":0.00,"swap":0.00,"commission":0.00,"deal_time_broker":"2026-10-08 22:55:12","deal_time_broker_msc":1791500112000,"halted_at_receipt":false,"quarantined_at_receipt":false}
9,-1,1791500113580,scalp,SCALP_CLOSED,{"close_time":"2026-10-08T22:55:12Z","instrument":"EURUSD","direction":"LONG","entry_price":1.12043,"exit_price":1.12144,"layer_depth":6,"stack_depth":4,"gross_pnl":1.01,"instance_id":"GRIND_EURUSD_OPTB","ejected":false,"rolled":false,"broker_utc_offset_s":10800,"account_login":53077984}
9,-1,1791503421158,ea_event,CARRY_SNAPSHOT,{"type":"ea_event","seq":237,"ea_time_ms":63458031,"magic":null,"level":"INFO","code":"CARRY_SNAPSHOT","reason":"EURUSD","ticket":null,"detail":{"symbol":"EURUSD","swap_mode":1,"swap_long":-7.9900,"swap_short":1.3100,"multiplier":1,"day_of_week":4,"rollover3days":3,"digits":5,"point":0.00001000,"tick_value":1.00000000,"tick_size":0.00001000,"stops_level":0,"freeze_level":0,"long_pips":-0.799,"short_pips":0.131,"eligible_long":3,"eligible_short":7,"trade_mode_full":true,"mult_today":1,"mult_tomorrow":1,"accrued_swap_long":0.00,"accrued_swap_short":0.00}}
9,-1,1791503421158,ea_event,CARRY_EXIT_SHIFT,{"type":"ea_event","seq":238,"ea_time_ms":63458031,"magic":null,"level":"INFO","code":"CARRY_EXIT_SHIFT","reason":"EURUSD","ticket":null,"detail":{"position_ticket":1990103611,"side":"long","layer_index":3,"accrued_ledger_pips":-3.200,"pending_pips":-0.799,"accrued_pips_total":-3.999,"old_price":1.12373,"new_price":1.12397,"clamped":false,"sign_guard_skipped":false,"retcode":10009,"points_native_pips":-1.598}}
9,-1,1791503481858,ea_event,CARRY_EXIT_SHIFT,{"type":"ea_event","seq":239,"ea_time_ms":63458031,"magic":null,"level":"INFO","code":"CARRY_EXIT_SHIFT","reason":"EURUSD","ticket":null,"detail":{"position_ticket":900000080,"side":"long","layer_index":5,"accrued_ledger_pips":0.000,"pending_pips":-0.799,"accrued_pips_total":-0.799,"old_price":1.12216,"new_price":1.12224,"clamped":false,"sign_guard_skipped":false,"retcode":10009,"points_native_pips":-0.799}}
9,-1,1791503481858,ea_event,CARRY_EXIT_SHIFT,{"type":"ea_event","seq":240,"ea_time_ms":63458031,"magic":null,"level":"INFO","code":"CARRY_EXIT_SHIFT","reason":"EURUSD","ticket":null,"detail":{"position_ticket":900000022,"side":"short","layer_index":0,"accrued_ledger_pips":0.400,"pending_pips":0.131,"accrued_pips_total":0.531,"old_price":1.11582,"new_price":1.11586,"clamped":false,"sign_guard_skipped":false,"retcode":10009,"points_native_pips":0.131}}
9,-1,1791503677941,ea_event,CARRY_EXIT_SHIFT,{"type":"ea_event","seq":241,"ea_time_ms":63458031,"magic":null,"level":"INFO","code":"CARRY_EXIT_SHIFT","reason":"EURUSD","ticket":null,"detail":{"position_ticket":900000102,"side":"short","layer_index":6,"accrued_ledger_pips":0.000,"pending_pips":0.131,"accrued_pips_total":0.131,"old_price":1.12013,"new_price":1.12014,"clamped":false,"sign_guard_skipped":false,"retcode":10009,"points_native_pips":0.131}}
9,-1,1791503677941,ea_event,CARRY_PASS_SUMMARY,{"type":"ea_event","seq":242,"ea_time_ms":63458031,"magic":null,"level":"INFO","code":"CARRY_PASS_SUMMARY","reason":"EURUSD","ticket":null,"detail":{"eligible":10,"shifted":4,"clamped":0,"skipped":0,"failed":0,"incomplete":false}}
