seg_id,sync_idx,time_ms,kind,code,json
1,-1,1790839277477,ea_event,,{"type":"fill_log","seq":0,"ea_time_ms":95003375,"magic":22260201,"deal_ticket":800000001,"order_ticket":1977312355,"position_id":900000001,"entry_type":"IN","deal_type":"SELL","side":"S","layer_index":0,"role":"EXT","deal_price":1.13206,"order_price_open":null,"slippage_pips":null,"volume":0.00,"profit":0.00,"swap":0.00,"commission":0.00,"deal_time_broker":"2026-10-01 07:21:17","deal_time_broker_msc":1790839277000,"halted_at_receipt":false,"quarantined_at_receipt":false}
1,-1,1790839279727,ea_event,,{"type":"fill_log","seq":1,"ea_time_ms":95003375,"magic":22260201,"deal_ticket":800000002,"order_ticket":700000002,"position_id":1977220650,"entry_type":"OUT_BY","deal_type":"SELL","side":null,"layer_index":null,"role":null,"deal_price":1.13206,"order_price_open":null,"slippage_pips":null,"volume":0.00,"profit":1.00,"swap":0.04,"commission":0.00,"deal_time_broker":"2026-10-01 07:21:19","deal_time_broker_msc":1790839279000,"halted_at_receipt":false,"quarantined_at_receipt":false}
1,-1,1790839279727,ea_event,,{"type":"fill_log","seq":2,"ea_time_ms":95003375,"magic":22260201,"deal_ticket":800000003,"order_ticket":700000002,"position_id":900000001,"entry_type":"OUT_BY","deal_type":"SELL","side":null,"layer_index":null,"role":null,"deal_price":1.13306,"order_price_open":null,"slippage_pips":null,"volume":0.00,"profit":0.00,"swap":0.00,"commission":0.00,"deal_time_broker":"2026-10-01 07:21:19","deal_time_broker_msc":1790839279000,"halted_at_receipt":false,"quarantined_at_receipt":false}
1,-1,1790839279727,scalp,SCALP_CLOSED,{"close_time":"2026-10-01T07:21:19Z","instrument":"EURUSD","direction":"SHORT","entry_price":1.13306,"exit_price":1.13206,"layer_depth":0,"stack_depth":1,"gross_pnl":1.04,"instance_id":"GRIND_EURUSD_OPTB","ejected":false,"rolled":false,"broker_utc_offset_s":10800,"account_login":53077984}
1,-1,1790841684319,ea_event,,{"type":"fill_log","seq":3,"ea_time_ms":95003390,"magic":22260201,"deal_ticket":800000004,"order_ticket":1977728160,"position_id":900000002,"entry_type":"IN","deal_type":"BUY","side":"L","layer_index":7,"role":"ENT","deal_price":1.13174,"order_price_open":null,"slippage_pips":null,"volume":0.00,"profit":0.00,"swap":0.00,"commission":0.00,"deal_time_broker":"2026-10-01 08:01:24","deal_time_broker_msc":1790841684000,"halted_at_receipt":false,"quarantined_at_receipt":false}
1,-1,1790847652134,ea_event,ROLL_ACCEPTED,{"type":"ea_event","seq":4,"ea_time_ms":95003453,"magic":null,"level":"INFO","code":"ROLL_ACCEPTED","reason":null,"ticket":1975880441,"detail":{"ticket":1975880441,"side":"L","layer_index":0,"entry":1.13670,"level":1.13104,"target":1.13212,"accrued":0.00008,"clamped":false,"cost":0.00466,"cost_pips":46.6,"rolled":1,"was_ejected":false,"source":"auto","reroll":false,"from_level":0.00000}}
1,-1,1790850665949,ea_event,ROLL_ACCEPTED,{"type":"ea_event","seq":5,"ea_time_ms":95003531,"magic":null,"level":"INFO","code":"ROLL_ACCEPTED","reason":null,"ticket":1975959172,"detail":{"ticket":1975959172,"side":"L","layer_index":1,"entry":1.13600,"level":1.13034,"target":1.13142,"accrued":0.00008,"clamped":false,"cost":0.00466,"cost_pips":46.6,"rolled":2,"was_ejected":false,"source":"auto","reroll":false,"from_level":0.00000}}
1,-1,1790850771328,ea_event,,{"type":"fill_log","seq":6,"ea_time_ms":95003531,"magic":22260201,"deal_ticket":800000005,"order_ticket":9000,"position_id":900000003,"entry_type":"IN","deal_type":"SELL","side":"S","layer_index":0,"role":"ENT","deal_price":1.13064,"order_price_open":null,"slippage_pips":null,"volume":0.00,"profit":0.00,"swap":0.00,"commission":0.00,"deal_time_broker":"2026-10-01 10:32:51","deal_time_broker_msc":1790850771000,"halted_at_receipt":false,"quarantined_at_receipt":false}
1,-1,1790853131208,ea_event,ROLL_ACCEPTED,{"type":"ea_event","seq":7,"ea_time_ms":95003640,"magic":null,"level":"INFO","code":"ROLL_ACCEPTED","reason":null,"ticket":1976074197,"detail":{"ticket":1976074197,"side":"L","layer_index":2,"entry":1.13530,"level":1.12964,"target":1.13072,"accrued":0.00008,"clamped":false,"cost":0.00466,"cost_pips":46.6,"rolled":3,"was_ejected":false,"source":"auto","reroll":false,"from_level":0.00000}}
1,-1,1790853131826,ea_event,,{"type":"fill_log","seq":8,"ea_time_ms":95003640,"magic":22260201,"deal_ticket":800000006,"order_ticket":9004,"position_id":900000004,"entry_type":"IN","deal_type":"SELL","side":"S","layer_index":0,"role":"EXT","deal_price":1.12963,"order_price_open":null,"slippage_pips":null,"volume":0.00,"profit":0.00,"swap":0.00,"commission":0.00,"deal_time_broker":"2026-10-01 11:12:11","deal_time_broker_msc":1790853131000,"halted_at_receipt":false,"quarantined_at_receipt":false}
1,-1,1790853132506,ea_event,,{"type":"fill_log","seq":9,"ea_time_ms":95003640,"magic":22260201,"deal_ticket":800000007,"order_ticket":700000007,"position_id":900000003,"entry_type":"OUT_BY","deal_type":"SELL","side":null,"layer_index":null,"role":null,"deal_price":1.12963,"order_price_open":null,"slippage_pips":null,"volume":0.00,"profit":1.01,"swap":0.00,"commission":0.00,"deal_time_broker":"2026-10-01 11:12:12","deal_time_broker_msc":1790853132000,"halted_at_receipt":false,"quarantined_at_receipt":false}
1,-1,1790853132506,ea_event,,{"type":"fill_log","seq":10,"ea_time_ms":95003640,"magic":22260201,"deal_ticket":800000008,"order_ticket":700000007,"position_id":900000004,"entry_type":"OUT_BY","deal_type":"SELL","side":null,"layer_index":null,"role":null,"deal_price":1.13064,"order_price_open":null,"slippage_pips":null,"volume":0.00,"profit":0.00,"swap":0.00,"commission":0.00,"deal_time_broker":"2026-10-01 11:12:12","deal_time_broker_msc":1790853132000,"halted_at_receipt":false,"quarantined_at_receipt":false}
1,-1,1790853132506,scalp,SCALP_CLOSED,{"close_time":"2026-10-01T11:12:12Z","instrument":"EURUSD","direction":"SHORT","entry_price":1.13064,"exit_price":1.12963,"layer_depth":0,"stack_depth":1,"gross_pnl":1.01,"instance_id":"GRIND_EURUSD_OPTB","ejected":false,"rolled":false,"broker_utc_offset_s":10800,"account_login":53077984}
1,-1,1790853977775,ea_event,,{"type":"fill_log","seq":11,"ea_time_ms":95003671,"magic":22260201,"deal_ticket":800000009,"order_ticket":9007,"position_id":900000005,"entry_type":"IN","deal_type":"SELL","side":"S","layer_index":0,"role":"ENT","deal_price":1.13025,"order_price_open":null,"slippage_pips":null,"volume":0.00,"profit":0.00,"swap":0.00,"commission":0.00,"deal_time_broker":"2026-10-01 11:26:17","deal_time_broker_msc":1790853977000,"halted_at_receipt":false,"quarantined_at_receipt":false}
1,-1,1790854742124,ea_event,,{"type":"fill_log","seq":12,"ea_time_ms":95003687,"magic":22260201,"deal_ticket":800000010,"order_ticket":9008,"position_id":900000006,"entry_type":"IN","deal_type":"SELL","side":"S","layer_index":0,"role":"EXT","deal_price":1.12922,"order_price_open":null,"slippage_pips":null,"volume":0.00,"profit":0.00,"swap":0.00,"commission":0.00,"deal_time_broker":"2026-10-01 11:39:02","deal_time_broker_msc":1790854742000,"halted_at_receipt":false,"quarantined_at_receipt":false}
1,-1,1790854742559,ea_event,,{"type":"fill_log","seq":13,"ea_time_ms":95003687,"magic":22260201,"deal_ticket":800000011,"order_ticket":700000011,"position_id":900000005,"entry_type":"OUT_BY","deal_type":"SELL","side":null,"layer_index":null,"role":null,"deal_price":1.12922,"order_price_open":null,"slippage_pips":null,"volume":0.00,"profit":1.03,"swap":0.00,"commission":0.00,"deal_time_broker":"2026-10-01 11:39:02","deal_time_broker_msc":1790854742000,"halted_at_receipt":false,"quarantined_at_receipt":false}
1,-1,1790854742559,ea_event,,{"type":"fill_log","seq":14,"ea_time_ms":95003687,"magic":22260201,"deal_ticket":800000012,"order_ticket":700000011,"position_id":900000006,"entry_type":"OUT_BY","deal_type":"SELL","side":null,"layer_index":null,"role":null,"deal_price":1.13025,"order_price_open":null,"slippage_pips":null,"volume":0.00,"profit":0.00,"swap":0.00,"commission":0.00,"deal_time_broker":"2026-10-01 11:39:02","deal_time_broker_msc":1790854742000,"halted_at_receipt":false,"quarantined_at_receipt":false}
1,-1,1790854742559,scalp,SCALP_CLOSED,{"close_time":"2026-10-01T11:39:02Z","instrument":"EURUSD","direction":"SHORT","entry_price":1.13025,"exit_price":1.12922,"layer_depth":0,"stack_depth":1,"gross_pnl":1.03,"instance_id":"GRIND_EURUSD_OPTB","ejected":false,"rolled":false,"broker_utc_offset_s":10800,"account_login":53077984}
1,-1,1790854775420,ea_event,ROLL_ACCEPTED,{"type":"ea_event","seq":15,"ea_time_ms":95003687,"magic":null,"level":"INFO","code":"ROLL_ACCEPTED","reason":null,"ticket":1976558641,"detail":{"ticket":1976558641,"side":"L","layer_index":3,"entry":1.13460,"level":1.12894,"target":1.13002,"accrued":0.00008,"clamped":false,"cost":0.00466,"cost_pips":46.6,"rolled":4,"was_ejected":false,"source":"auto","reroll":false,"from_level":0.00000}}
1,-1,1790857053224,ea_event,,{"type":"fill_log","seq":16,"ea_time_ms":95003765,"magic":22260201,"deal_ticket":800000013,"order_ticket":9010,"position_id":900000007,"entry_type":"IN","deal_type":"SELL","side":"S","layer_index":0,"role":"ENT","deal_price":1.12992,"order_price_open":null,"slippage_pips":null,"volume":0.00,"profit":0.00,"swap":0.00,"commission":0.00,"deal_time_broker":"2026-10-01 12:17:33","deal_time_broker_msc":1790857053000,"halted_at_receipt":false,"quarantined_at_receipt":false}
1,-1,1790857300920,ea_event,,{"type":"fill_log","seq":17,"ea_time_ms":95003781,"magic":22260201,"deal_ticket":800000014,"order_ticket":9006,"position_id":900000008,"entry_type":"IN","deal_type":"BUY","side":"L","layer_index":3,"role":"EXT","deal_price":1.13008,"order_price_open":null,"slippage_pips":null,"volume":0.00,"profit":0.00,"swap":0.00,"commission":0.00,"deal_time_broker":"2026-10-01 12:21:40","deal_time_broker_msc":1790857300000,"halted_at_receipt":false,"quarantined_at_receipt":false}
1,-1,1790857301552,ea_event,,{"type":"fill_log","seq":18,"ea_time_ms":95003781,"magic":22260201,"deal_ticket":800000015,"order_ticket":700000015,"position_id":1976558641,"entry_type":"OUT_BY","deal_type":"SELL","side":null,"layer_index":null,"role":null,"deal_price":1.13008,"order_price_open":null,"slippage_pips":null,"volume":0.00,"profit":-4.52,"swap":-0.25,"commission":0.00,"deal_time_broker":"2026-10-01 12:21:41","deal_time_broker_msc":1790857301000,"halted_at_receipt":false,"quarantined_at_receipt":false}
1,-1,1790857301552,ea_event,ROLL_FILLED,{"type":"ea_event","seq":19,"ea_time_ms":95003781,"magic":null,"level":"INFO","code":"ROLL_FILLED","reason":null,"ticket":1976558641,"detail":{"ticket":1976558641,"level":1.12894}}
1,-1,1790857301552,ea_event,,{"type":"fill_log","seq":20,"ea_time_ms":95003781,"magic":22260201,"deal_ticket":800000016,"order_ticket":700000015,"position_id":900000008,"entry_type":"OUT_BY","deal_type":"SELL","side":null,"layer_index":null,"role":null,"deal_price":1.13460,"order_price_open":null,"slippage_pips":null,"volume":0.00,"profit":0.00,"swap":0.00,"commission":0.00,"deal_time_broker":"2026-10-01 12:21:41","deal_time_broker_msc":1790857301000,"halted_at_receipt":false,"quarantined_at_receipt":false}
1,-1,1790857301552,scalp,SCALP_CLOSED,{"close_time":"2026-10-01T12:21:41Z","instrument":"EURUSD","direction":"LONG","entry_price":1.13460,"exit_price":1.13008,"layer_depth":3,"stack_depth":8,"gross_pnl":-4.77,"instance_id":"GRIND_EURUSD_OPTB","ejected":false,"rolled":true,"broker_utc_offset_s":10800,"account_login":53077984}
1,-1,1790858429466,ea_event,,{"type":"fill_log","seq":21,"ea_time_ms":95003812,"magic":22260201,"deal_ticket":800000017,"order_ticket":9015,"position_id":900000009,"entry_type":"IN","deal_type":"BUY","side":"L","layer_index":8,"role":"ENT","deal_price":1.12893,"order_price_open":null,"slippage_pips":null,"volume":0.00,"profit":0.00,"swap":0.00,"commission":0.00,"deal_time_broker":"2026-10-01 12:40:29","deal_time_broker_msc":1790858429000,"halted_at_receipt":false,"quarantined_at_receipt":false}
1,-1,1790858429866,ea_event,,{"type":"fill_log","seq":22,"ea_time_ms":95003812,"magic":22260201,"deal_ticket":800000018,"order_ticket":9012,"position_id":900000010,"entry_type":"IN","deal_type":"SELL","side":"S","layer_index":0,"role":"EXT","deal_price":1.12892,"order_price_open":null,"slippage_pips":null,"volume":0.00,"profit":0.00,"swap":0.00,"commission":0.00,"deal_time_broker":"2026-10-01 12:40:29","deal_time_broker_msc":1790858429000,"halted_at_receipt":false,"quarantined_at_receipt":false}
1,-1,1790858431716,ea_event,,{"type":"fill_log","seq":23,"ea_time_ms":95003812,"magic":22260201,"deal_ticket":800000019,"order_ticket":700000019,"position_id":900000007,"entry_type":"OUT_BY","deal_type":"SELL","side":null,"layer_index":null,"role":null,"deal_price":1.12892,"order_price_open":null,"slippage_pips":null,"volume":0.00,"profit":1.00,"swap":0.00,"commission":0.00,"deal_time_broker":"2026-10-01 12:40:31","deal_time_broker_msc":1790858431000,"halted_at_receipt":false,"quarantined_at_receipt":false}
1,-1,1790858431716,ea_event,,{"type":"fill_log","seq":24,"ea_time_ms":95003812,"magic":22260201,"deal_ticket":800000020,"order_ticket":700000019,"position_id":900000010,"entry_type":"OUT_BY","deal_type":"SELL","side":null,"layer_index":null,"role":null,"deal_price":1.12992,"order_price_open":null,"slippage_pips":null,"volume":0.00,"profit":0.00,"swap":0.00,"commission":0.00,"deal_time_broker":"2026-10-01 12:40:31","deal_time_broker_msc":1790858431000,"halted_at_receipt":false,"quarantined_at_receipt":false}
1,-1,1790858431716,scalp,SCALP_CLOSED,{"close_time":"2026-10-01T12:40:31Z","instrument":"EURUSD","direction":"SHORT","entry_price":1.12992,"exit_price":1.12892,"layer_depth":0,"stack_depth":1,"gross_pnl":1.00,"instance_id":"GRIND_EURUSD_OPTB","ejected":false,"rolled":false,"broker_utc_offset_s":10800,"account_login":53077984}
1,-1,1790859258973,ea_event,ROLL_ACCEPTED,{"type":"ea_event","seq":25,"ea_time_ms":95003828,"magic":null,"level":"INFO","code":"ROLL_ACCEPTED","reason":null,"ticket":1976761825,"detail":{"ticket":1976761825,"side":"L","layer_index":4,"entry":1.13389,"level":1.12823,"target":1.12931,"accrued":0.00008,"clamped":false,"cost":0.00466,"cost_pips":46.6,"rolled":4,"was_ejected":false,"source":"auto","reroll":false,"from_level":0.00000}}
1,-1,1790859450886,ea_event,ROLL_ACCEPTED,{"type":"ea_event","seq":26,"ea_time_ms":95003828,"magic":null,"level":"INFO","code":"ROLL_ACCEPTED","reason":null,"ticket":1976795818,"detail":{"ticket":1976795818,"side":"L","layer_index":5,"entry":1.13319,"level":1.12753,"target":1.12861,"accrued":0.00008,"clamped":false,"cost":0.00466,"cost_pips":46.6,"rolled":5,"was_ejected":false,"source":"auto","reroll":false,"from_level":0.00000}}
1,-1,1790859610146,ea_event,ROLL_ACCEPTED,{"type":"ea_event","seq":27,"ea_time_ms":95003843,"magic":null,"level":"INFO","code":"ROLL_ACCEPTED","reason":null,"ticket":1977659142,"detail":{"ticket":1977659142,"side":"L","layer_index":6,"entry":1.13249,"level":1.12683,"target":1.12783,"accrued":0.00000,"clamped":false,"cost":0.00466,"cost_pips":46.6,"rolled":6,"was_ejected":false,"source":"auto","reroll":false,"from_level":0.00000}}
1,-1,1790860062122,ea_event,,{"type":"fill_log","seq":28,"ea_time_ms":95003859,"magic":22260201,"deal_ticket":800000021,"order_ticket":9017,"position_id":900000011,"entry_type":"IN","deal_type":"SELL","side":"S","layer_index":0,"role":"ENT","deal_price":1.12743,"order_price_open":null,"slippage_pips":null,"volume":0.00,"profit":0.00,"swap":0.00,"commission":0.00,"deal_time_broker":"2026-10-01 13:07:42","deal_time_broker_msc":1790860062000,"halted_at_receipt":false,"quarantined_at_receipt":false}
1,-1,1790860504824,ea_event,,{"type":"fill_log","seq":29,"ea_time_ms":95003875,"magic":22260201,"deal_ticket":800000022,"order_ticket":9019,"position_id":900000012,"entry_type":"IN","deal_type":"BUY","side":"L","layer_index":6,"role":"EXT","deal_price":1.12783,"order_price_open":null,"slippage_pips":null,"volume":0.00,"profit":0.00,"swap":0.00,"commission":0.00,"deal_time_broker":"2026-10-01 13:15:04","deal_time_broker_msc":1790860504000,"halted_at_receipt":false,"quarantined_at_receipt":false}
1,-1,1790860505458,ea_event,,{"type":"fill_log","seq":30,"ea_time_ms":95003875,"magic":22260201,"deal_ticket":800000023,"order_ticket":700000023,"position_id":1977659142,"entry_type":"OUT_BY","deal_type":"SELL","side":null,"layer_index":null,"role":null,"deal_price":1.12783,"order_price_open":null,"slippage_pips":null,"volume":0.00,"profit":-4.66,"swap":0.00,"commission":0.00,"deal_time_broker":"2026-10-01 13:15:05","deal_time_broker_msc":1790860505000,"halted_at_receipt":false,"quarantined_at_receipt":false}
1,-1,1790860505458,ea_event,ROLL_FILLED,{"type":"ea_event","seq":31,"ea_time_ms":95003875,"magic":null,"level":"INFO","code":"ROLL_FILLED","reason":null,"ticket":1977659142,"detail":{"ticket":1977659142,"level":1.12683}}
1,-1,1790860505458,ea_event,,{"type":"fill_log","seq":32,"ea_time_ms":95003875,"magic":22260201,"deal_ticket":800000024,"order_ticket":700000023,"position_id":900000012,"entry_type":"OUT_BY","deal_type":"SELL","side":null,"layer_index":null,"role":null,"deal_price":1.13249,"order_price_open":null,"slippage_pips":null,"volume":0.00,"profit":0.00,"swap":0.00,"commission":0.00,"deal_time_broker":"2026-10-01 13:15:05","deal_time_broker_msc":1790860505000,"halted_at_receipt":false,"quarantined_at_receipt":false}
1,-1,1790860505458,scalp,SCALP_CLOSED,{"close_time":"2026-10-01T13:15:05Z","instrument":"EURUSD","direction":"LONG","entry_price":1.13249,"exit_price":1.12783,"layer_depth":6,"stack_depth":8,"gross_pnl":-4.66,"instance_id":"GRIND_EURUSD_OPTB","ejected":false,"rolled":true,"broker_utc_offset_s":10800,"account_login":53077984}
1,-1,1790860724351,ea_event,,{"type":"fill_log","seq":33,"ea_time_ms":95003890,"magic":22260201,"deal_ticket":800000025,"order_ticket":9022,"position_id":900000013,"entry_type":"IN","deal_type":"SELL","side":"S","layer_index":1,"role":"ENT","deal_price":1.12814,"order_price_open":null,"slippage_pips":null,"volume":0.00,"profit":0.00,"swap":0.00,"commission":0.00,"deal_time_broker":"2026-10-01 13:18:44","deal_time_broker_msc":1790860724000,"halted_at_receipt":false,"quarantined_at_receipt":false}
1,-1,1790861224918,ea_event,,{"type":"fill_log","seq":34,"ea_time_ms":95003906,"magic":22260201,"deal_ticket":800000026,"order_ticket":9023,"position_id":900000014,"entry_type":"IN","deal_type":"BUY","side":"L","layer_index":5,"role":"EXT","deal_price":1.12866,"order_price_open":null,"slippage_pips":null,"volume":0.00,"profit":0.00,"swap":0.00,"commission":0.00,"deal_time_broker":"2026-10-01 13:27:04","deal_time_broker_msc":1790861224000,"halted_at_receipt":false,"quarantined_at_receipt":false}
1,-1,1790861225555,ea_event,,{"type":"fill_log","seq":35,"ea_time_ms":95003906,"magic":22260201,"deal_ticket":800000027,"order_ticket":700000027,"position_id":1976795818,"entry_type":"OUT_BY","deal_type":"SELL","side":null,"layer_index":null,"role":null,"deal_price":1.12866,"order_price_open":null,"slippage_pips":null,"volume":0.00,"profit":-4.53,"swap":-0.25,"commission":0.00,"deal_time_broker":"2026-10-01 13:27:05","deal_time_broker_msc":1790861225000,"halted_at_receipt":false,"quarantined_at_receipt":false}
1,-1,1790861225555,ea_event,ROLL_FILLED,{"type":"ea_event","seq":36,"ea_time_ms":95003906,"magic":null,"level":"INFO","code":"ROLL_FILLED","reason":null,"ticket":1976795818,"detail":{"ticket":1976795818,"level":1.12753}}
1,-1,1790861225555,ea_event,,{"type":"fill_log","seq":37,"ea_time_ms":95003906,"magic":22260201,"deal_ticket":800000028,"order_ticket":700000027,"position_id":900000014,"entry_type":"OUT_BY","deal_type":"SELL","side":null,"layer_index":null,"role":null,"deal_price":1.13319,"order_price_open":null,"slippage_pips":null,"volume":0.00,"profit":0.00,"swap":0.00,"commission":0.00,"deal_time_broker":"2026-10-01 13:27:05","deal_time_broker_msc":1790861225000,"halted_at_receipt":false,"quarantined_at_receipt":false}
1,-1,1790861225555,scalp,SCALP_CLOSED,{"close_time":"2026-10-01T13:27:05Z","instrument":"EURUSD","direction":"LONG","entry_price":1.13319,"exit_price":1.12866,"layer_depth":5,"stack_depth":7,"gross_pnl":-4.78,"instance_id":"GRIND_EURUSD_OPTB","ejected":false,"rolled":true,"broker_utc_offset_s":10800,"account_login":53077984}
1,-1,1790861365412,ea_event,,{"type":"fill_log","seq":38,"ea_time_ms":95003906,"magic":22260201,"deal_ticket":800000029,"order_ticket":9026,"position_id":900000015,"entry_type":"IN","deal_type":"SELL","side":"S","layer_index":2,"role":"ENT","deal_price":1.12885,"order_price_open":null,"slippage_pips":null,"volume":0.00,"profit":0.00,"swap":0.00,"commission":0.00,"deal_time_broker":"2026-10-01 13:29:25","deal_time_broker_msc":1790861365000,"halted_at_receipt":false,"quarantined_at_receipt":false}
1,-1,1790861698981,ea_event,,{"type":"fill_log","seq":39,"ea_time_ms":95003921,"magic":22260201,"deal_ticket":800000030,"order_ticket":9027,"position_id":900000016,"entry_type":"IN","deal_type":"BUY","side":"L","layer_index":4,"role":"EXT","deal_price":1.12930,"order_price_open":null,"slippage_pips":null,"volume":0.00,"profit":0.00,"swap":0.00,"commission":0.00,"deal_time_broker":"2026-10-01 13:34:58","deal_time_broker_msc":1790861698000,"halted_at_receipt":false,"quarantined_at_receipt":false}
1,-1,1790861699418,ea_event,,{"type":"fill_log","seq":40,"ea_time_ms":95003921,"magic":22260201,"deal_ticket":800000031,"order_ticket":700000031,"position_id":1976761825,"entry_type":"OUT_BY","deal_type":"SELL","side":null,"layer_index":null,"role":null,"deal_price":1.12930,"order_price_open":null,"slippage_pips":null,"volume":0.00,"profit":-4.59,"swap":-0.25,"commission":0.00,"deal_time_broker":"2026-10-01 13:34:59","deal_time_broker_msc":1790861699000,"halted_at_receipt":false,"quarantined_at_receipt":false}
1,-1,1790861699418,ea_event,ROLL_FILLED,{"type":"ea_event","seq":41,"ea_time_ms":95003921,"magic":null,"level":"INFO","code":"ROLL_FILLED","reason":null,"ticket":1976761825,"detail":{"ticket":1976761825,"level":1.12823}}
1,-1,1790861699418,ea_event,,{"type":"fill_log","seq":42,"ea_time_ms":95003921,"magic":22260201,"deal_ticket":800000032,"order_ticket":700000031,"position_id":900000016,"entry_type":"OUT_BY","deal_type":"SELL","side":null,"layer_index":null,"role":null,"deal_price":1.13389,"order_price_open":null,"slippage_pips":null,"volume":0.00,"profit":0.00,"swap":0.00,"commission":0.00,"deal_time_broker":"2026-10-01 13:34:59","deal_time_broker_msc":1790861699000,"halted_at_receipt":false,"quarantined_at_receipt":false}
1,-1,1790861699418,scalp,SCALP_CLOSED,{"close_time":"2026-10-01T13:34:59Z","instrument":"EURUSD","direction":"LONG","entry_price":1.13389,"exit_price":1.12930,"layer_depth":4,"stack_depth":6,"gross_pnl":-4.84,"instance_id":"GRIND_EURUSD_OPTB","ejected":false,"rolled":true,"broker_utc_offset_s":10800,"account_login":53077984}
1,-1,1790862729244,ea_event,,{"type":"fill_log","seq":43,"ea_time_ms":95003968,"magic":22260201,"deal_ticket":800000033,"order_ticket":9029,"position_id":900000017,"entry_type":"IN","deal_type":"SELL","side":"S","layer_index":3,"role":"ENT","deal_price":1.12957,"order_price_open":null,"slippage_pips":null,"volume":0.00,"profit":0.00,"swap":0.00,"commission":0.00,"deal_time_broker":"2026-10-01 13:52:09","deal_time_broker_msc":1790862729000,"halted_at_receipt":false,"quarantined_at_receipt":false}
1,-1,1790864165493,ea_event,,{"type":"fill_log","seq":44,"ea_time_ms":95004015,"magic":22260201,"deal_ticket":800000034,"order_ticket":9031,"position_id":900000018,"entry_type":"IN","deal_type":"SELL","side":"S","layer_index":3,"role":"EXT","deal_price":1.12857,"order_price_open":null,"slippage_pips":null,"volume":0.00,"profit":0.00,"swap":0.00,"commission":0.00,"deal_time_broker":"2026-10-01 14:16:05","deal_time_broker_msc":1790864165000,"halted_at_receipt":false,"quarantined_at_receipt":false}
1,-1,1790864166929,ea_event,,{"type":"fill_log","seq":45,"ea_time_ms":95004015,"magic":22260201,"deal_ticket":800000035,"order_ticket":700000035,"position_id":900000017,"entry_type":"OUT_BY","deal_type":"SELL","side":null,"layer_index":null,"role":null,"deal_price":1.12857,"order_price_open":null,"slippage_pips":null,"volume":0.00,"profit":1.00,"swap":0.00,"commission":0.00,"deal_time_broker":"2026-10-01 14:16:06","deal_time_broker_msc":1790864166000,"halted_at_receipt":false,"quarantined_at_receipt":false}
1,-1,1790864166929,ea_event,,{"type":"fill_log","seq":46,"ea_time_ms":95004015,"magic":22260201,"deal_ticket":800000036,"order_ticket":700000035,"position_id":900000018,"entry_type":"OUT_BY","deal_type":"SELL","side":null,"layer_index":null,"role":null,"deal_price":1.12957,"order_price_open":null,"slippage_pips":null,"volume":0.00,"profit":0.00,"swap":0.00,"commission":0.00,"deal_time_broker":"2026-10-01 14:16:06","deal_time_broker_msc":1790864166000,"halted_at_receipt":false,"quarantined_at_receipt":false}
1,-1,1790864166929,scalp,SCALP_CLOSED,{"close_time":"2026-10-01T14:16:06Z","instrument":"EURUSD","direction":"SHORT","entry_price":1.12957,"exit_price":1.12857,"layer_depth":3,"stack_depth":4,"gross_pnl":1.00,"instance_id":"GRIND_EURUSD_OPTB","ejected":false,"rolled":false,"broker_utc_offset_s":10800,"account_login":53077984}
1,-1,1790864730641,ea_event,,{"type":"fill_log","seq":47,"ea_time_ms":95004031,"magic":22260201,"deal_ticket":800000037,"order_ticket":9024,"position_id":900000019,"entry_type":"IN","deal_type":"BUY","side":"L","layer_index":9,"role":"ENT","deal_price":1.12821,"order_price_open":null,"slippage_pips":null,"volume":0.00,"profit":0.00,"swap":0.00,"commission":0.00,"deal_time_broker":"2026-10-01 14:25:30","deal_time_broker_msc":1790864730000,"halted_at_receipt":false,"quarantined_at_receipt":false}
1,-1,1790865550516,ea_event,,{"type":"fill_log","seq":48,"ea_time_ms":95004062,"magic":22260201,"deal_ticket":800000038,"order_ticket":9035,"position_id":900000020,"entry_type":"IN","deal_type":"BUY","side":"L","layer_index":9,"role":"EXT","deal_price":1.12920,"order_price_open":null,"slippage_pips":null,"volume":0.00,"profit":0.00,"swap":0.00,"commission":0.00,"deal_time_broker":"2026-10-01 14:39:10","deal_time_broker_msc":1790865550000,"halted_at_receipt":false,"quarantined_at_receipt":false}
1,-1,1790865551555,ea_event,,{"type":"fill_log","seq":49,"ea_time_ms":95004062,"magic":22260201,"deal_ticket":800000039,"order_ticket":700000039,"position_id":900000019,"entry_type":"OUT_BY","deal_type":"SELL","side":null,"layer_index":null,"role":null,"deal_price":1.12920,"order_price_open":null,"slippage_pips":null,"volume":0.00,"profit":0.99,"swap":0.00,"commission":0.00,"deal_time_broker":"2026-10-01 14:39:11","deal_time_broker_msc":1790865551000,"halted_at_receipt":false,"quarantined_at_receipt":false}
1,-1,1790865551555,ea_event,,{"type":"fill_log","seq":50,"ea_time_ms":95004062,"magic":22260201,"deal_ticket":800000040,"order_ticket":700000039,"position_id":900000020,"entry_type":"OUT_BY","deal_type":"SELL","side":null,"layer_index":null,"role":null,"deal_price":1.12821,"order_price_open":null,"slippage_pips":null,"volume":0.00,"profit":0.00,"swap":0.00,"commission":0.00,"deal_time_broker":"2026-10-01 14:39:11","deal_time_broker_msc":1790865551000,"halted_at_receipt":false,"quarantined_at_receipt":false}
1,-1,1790865551555,scalp,SCALP_CLOSED,{"close_time":"2026-10-01T14:39:11Z","instrument":"EURUSD","direction":"LONG","entry_price":1.12821,"exit_price":1.12920,"layer_depth":9,"stack_depth":6,"gross_pnl":0.99,"instance_id":"GRIND_EURUSD_OPTB","ejected":false,"rolled":false,"broker_utc_offset_s":10800,"account_login":53077984}
1,-1,1790865681996,ea_event,,{"type":"fill_log","seq":51,"ea_time_ms":95004062,"magic":22260201,"deal_ticket":800000041,"order_ticket":9034,"position_id":900000021,"entry_type":"IN","deal_type":"SELL","side":"S","layer_index":3,"role":"ENT","deal_price":1.12955,"order_price_open":null,"slippage_pips":null,"volume":0.00,"profit":0.00,"swap":0.00,"commission":0.00,"deal_time_broker":"2026-10-01 14:41:21","deal_time_broker_msc":1790865681000,"halted_at_receipt":false,"quarantined_at_receipt":false}
1,-1,1790865992515,ea_event,,{"type":"fill_log","seq":52,"ea_time_ms":95004078,"magic":22260201,"deal_ticket":800000042,"order_ticket":9037,"position_id":900000022,"entry_type":"IN","deal_type":"BUY","side":"L","layer_index":8,"role":"EXT","deal_price":1.12993,"order_price_open":null,"slippage_pips":null,"volume":0.00,"profit":0.00,"swap":0.00,"commission":0.00,"deal_time_broker":"2026-10-01 14:46:32","deal_time_broker_msc":1790865992000,"halted_at_receipt":false,"quarantined_at_receipt":false}
1,-1,1790865992949,ea_event,,{"type":"fill_log","seq":53,"ea_time_ms":95004078,"magic":22260201,"deal_ticket":800000043,"order_ticket":700000043,"position_id":900000009,"entry_type":"OUT_BY","deal_type":"SELL","side":null,"layer_index":null,"role":null,"deal_price":1.12993,"order_price_open":null,"slippage_pips":null,"volume":0.00,"profit":1.00,"swap":0.00,"commission":0.00,"deal_time_broker":"2026-10-01 14:46:32","deal_time_broker_msc":1790865992000,"halted_at_receipt":false,"quarantined_at_receipt":false}
1,-1,1790865992949,ea_event,,{"type":"fill_log","seq":54,"ea_time_ms":95004078,"magic":22260201,"deal_ticket":800000044,"order_ticket":700000043,"position_id":900000022,"entry_type":"OUT_BY","deal_type":"SELL","side":null,"layer_index":null,"role":null,"deal_price":1.12893,"order_price_open":null,"slippage_pips":null,"volume":0.00,"profit":0.00,"swap":0.00,"commission":0.00,"deal_time_broker":"2026-10-01 14:46:32","deal_time_broker_msc":1790865992000,"halted_at_receipt":false,"quarantined_at_receipt":false}
1,-1,1790865992949,scalp,SCALP_CLOSED,{"close_time":"2026-10-01T14:46:32Z","instrument":"EURUSD","direction":"LONG","entry_price":1.12893,"exit_price":1.12993,"layer_depth":8,"stack_depth":5,"gross_pnl":1.00,"instance_id":"GRIND_EURUSD_OPTB","ejected":false,"rolled":false,"broker_utc_offset_s":10800,"account_login":53077984}
1,-1,1790866170431,ea_event,,{"type":"fill_log","seq":55,"ea_time_ms":95004093,"magic":22260201,"deal_ticket":800000045,"order_ticket":9040,"position_id":900000023,"entry_type":"IN","deal_type":"SELL","side":"S","layer_index":4,"role":"ENT","deal_price":1.13025,"order_price_open":null,"slippage_pips":null,"volume":0.00,"profit":0.00,"swap":0.00,"commission":0.00,"deal_time_broker":"2026-10-01 14:49:30","deal_time_broker_msc":1790866170000,"halted_at_receipt":false,"quarantined_at_receipt":false}
1,-1,1790866497376,ea_event,,{"type":"fill_log","seq":56,"ea_time_ms":95004109,"magic":22260201,"deal_ticket":800000046,"order_ticket":9041,"position_id":900000024,"entry_type":"IN","deal_type":"BUY","side":"L","layer_index":2,"role":"EXT","deal_price":1.13076,"order_price_open":null,"slippage_pips":null,"volume":0.00,"profit":0.00,"swap":0.00,"commission":0.00,"deal_time_broker":"2026-10-01 14:54:57","deal_time_broker_msc":1790866497000,"halted_at_receipt":false,"quarantined_at_receipt":false}
1,-1,1790866497811,ea_event,,{"type":"fill_log","seq":57,"ea_time_ms":95004109,"magic":22260201,"deal_ticket":800000047,"order_ticket":700000047,"position_id":1976074197,"entry_type":"OUT_BY","deal_type":"SELL","side":null,"layer_index":null,"role":null,"deal_price":1.13076,"order_price_open":null,"slippage_pips":null,"volume":0.00,"profit":-4.54,"swap":-0.25,"commission":0.00,"deal_time_broker":"2026-10-01 14:54:57","deal_time_broker_msc":1790866497000,"halted_at_receipt":false,"quarantined_at_receipt":false}
1,-1,1790866497811,ea_event,ROLL_FILLED,{"type":"ea_event","seq":58,"ea_time_ms":95004109,"magic":null,"level":"INFO","code":"ROLL_FILLED","reason":null,"ticket":1976074197,"detail":{"ticket":1976074197,"level":1.12964}}
1,-1,1790866497811,ea_event,,{"type":"fill_log","seq":59,"ea_time_ms":95004109,"magic":22260201,"deal_ticket":800000048,"order_ticket":700000047,"position_id":900000024,"entry_type":"OUT_BY","deal_type":"SELL","side":null,"layer_index":null,"role":null,"deal_price":1.13530,"order_price_open":null,"slippage_pips":null,"volume":0.00,"profit":0.00,"swap":0.00,"commission":0.00,"deal_time_broker":"2026-10-01 14:54:57","deal_time_broker_msc":1790866497000,"halted_at_receipt":false,"quarantined_at_receipt":false}
1,-1,1790866497811,scalp,SCALP_CLOSED,{"close_time":"2026-10-01T14:54:57Z","instrument":"EURUSD","direction":"LONG","entry_price":1.13530,"exit_price":1.13076,"layer_depth":2,"stack_depth":4,"gross_pnl":-4.79,"instance_id":"GRIND_EURUSD_OPTB","ejected":false,"rolled":true,"broker_utc_offset_s":10800,"account_login":53077984}
1,-1,1790866506009,ea_event,,{"type":"fill_log","seq":60,"ea_time_ms":95004109,"magic":22260201,"deal_ticket":800000049,"order_ticket":9044,"position_id":900000025,"entry_type":"IN","deal_type":"SELL","side":"S","layer_index":5,"role":"ENT","deal_price":1.13095,"order_price_open":null,"slippage_pips":null,"volume":0.00,"profit":0.00,"swap":0.00,"commission":0.00,"deal_time_broker":"2026-10-01 14:55:06","deal_time_broker_msc":1790866506000,"halted_at_receipt":false,"quarantined_at_receipt":false}
1,-1,1790867382360,ea_event,,{"type":"fill_log","seq":61,"ea_time_ms":95004140,"magic":22260201,"deal_ticket":800000050,"order_ticket":9046,"position_id":900000026,"entry_type":"IN","deal_type":"SELL","side":"S","layer_index":5,"role":"EXT","deal_price":1.12994,"order_price_open":null,"slippage_pips":null,"volume":0.00,"profit":0.00,"swap":0.00,"commission":0.00,"deal_time_broker":"2026-10-01 15:09:42","deal_time_broker_msc":1790867382000,"halted_at_receipt":false,"quarantined_at_receipt":false}
1,-1,1790867383405,ea_event,,{"type":"fill_log","seq":62,"ea_time_ms":95004140,"magic":22260201,"deal_ticket":800000051,"order_ticket":700000051,"position_id":900000025,"entry_type":"OUT_BY","deal_type":"SELL","side":null,"layer_index":null,"role":null,"deal_price":1.12994,"order_price_open":null,"slippage_pips":null,"volume":0.00,"profit":1.01,"swap":0.00,"commission":0.00,"deal_time_broker":"2026-10-01 15:09:43","deal_time_broker_msc":1790867383000,"halted_at_receipt":false,"quarantined_at_receipt":false}
1,-1,1790867383405,ea_event,,{"type":"fill_log","seq":63,"ea_time_ms":95004140,"magic":22260201,"deal_ticket":800000052,"order_ticket":700000051,"position_id":900000026,"entry_type":"OUT_BY","deal_type":"SELL","side":null,"layer_index":null,"role":null,"deal_price":1.13095,"order_price_open":null,"slippage_pips":null,"volume":0.00,"profit":0.00,"swap":0.00,"commission":0.00,"deal_time_broker":"2026-10-01 15:09:43","deal_time_broker_msc":1790867383000,"halted_at_receipt":false,"quarantined_at_receipt":false}
1,-1,1790867383405,scalp,SCALP_CLOSED,{"close_time":"2026-10-01T15:09:43Z","instrument":"EURUSD","direction":"SHORT","entry_price":1.13095,"exit_price":1.12994,"layer_depth":5,"stack_depth":6,"gross_pnl":1.01,"instance_id":"GRIND_EURUSD_OPTB","ejected":false,"rolled":false,"broker_utc_offset_s":10800,"account_login":53077984}
1,-1,1790867801578,ea_event,,{"type":"fill_log","seq":64,"ea_time_ms":95004140,"magic":22260201,"deal_ticket":800000053,"order_ticket":9042,"position_id":900000027,"entry_type":"IN","deal_type":"BUY","side":"L","layer_index":8,"role":"ENT","deal_price":1.12961,"order_price_open":null,"slippage_pips":null,"volume":0.00,"profit":0.00,"swap":0.00,"commission":0.00,"deal_time_broker":"2026-10-01 15:16:41","deal_time_broker_msc":1790867801000,"halted_at_receipt":false,"quarantined_at_receipt":false}
1,-1,1790868364695,ea_event,,{"type":"fill_log","seq":65,"ea_time_ms":95004156,"magic":22260201,"deal_ticket":800000054,"order_ticket":9048,"position_id":900000028,"entry_type":"IN","deal_type":"SELL","side":"S","layer_index":4,"role":"EXT","deal_price":1.12922,"order_price_open":null,"slippage_pips":null,"volume":0.00,"profit":0.00,"swap":0.00,"commission":0.00,"deal_time_broker":"2026-10-01 15:26:04","deal_time_broker_msc":1790868364000,"halted_at_receipt":false,"quarantined_at_receipt":false}
1,-1,1790868365132,ea_event,,{"type":"fill_log","seq":66,"ea_time_ms":95004156,"magic":22260201,"deal_ticket":800000055,"order_ticket":700000055,"position_id":900000023,"entry_type":"OUT_BY","deal_type":"SELL","side":null,"layer_index":null,"role":null,"deal_price":1.12922,"order_price_open":null,"slippage_pips":null,"volume":0.00,"profit":1.03,"swap":0.00,"commission":0.00,"deal_time_broker":"2026-10-01 15:26:05","deal_time_broker_msc":1790868365000,"halted_at_receipt":false,"quarantined_at_receipt":false}
1,-1,1790868365132,ea_event,,{"type":"fill_log","seq":67,"ea_time_ms":95004156,"magic":22260201,"deal_ticket":800000056,"order_ticket":700000055,"position_id":900000028,"entry_type":"OUT_BY","deal_type":"SELL","side":null,"layer_index":null,"role":null,"deal_price":1.13025,"order_price_open":null,"slippage_pips":null,"volume":0.00,"profit":0.00,"swap":0.00,"commission":0.00,"deal_time_broker":"2026-10-01 15:26:05","deal_time_broker_msc":1790868365000,"halted_at_receipt":false,"quarantined_at_receipt":false}
1,-1,1790868365132,scalp,SCALP_CLOSED,{"close_time":"2026-10-01T15:26:05Z","instrument":"EURUSD","direction":"SHORT","entry_price":1.13025,"exit_price":1.12922,"layer_depth":4,"stack_depth":5,"gross_pnl":1.03,"instance_id":"GRIND_EURUSD_OPTB","ejected":false,"rolled":false,"broker_utc_offset_s":10800,"account_login":53077984}
1,-1,1790869671175,ea_event,,{"type":"fill_log","seq":68,"ea_time_ms":95004203,"magic":22260201,"deal_ticket":800000057,"order_ticket":9051,"position_id":900000029,"entry_type":"IN","deal_type":"BUY","side":"L","layer_index":9,"role":"ENT","deal_price":1.12892,"order_price_open":null,"slippage_pips":null,"volume":0.00,"profit":0.00,"swap":0.00,"commission":0.00,"deal_time_broker":"2026-10-01 15:47:51","deal_time_broker_msc":1790869671000,"halted_at_receipt":false,"quarantined_at_receipt":false}
1,-1,1790870219389,ea_event,,{"type":"fill_log","seq":69,"ea_time_ms":95004218,"magic":22260201,"deal_ticket":800000058,"order_ticket":9052,"position_id":900000030,"entry_type":"IN","deal_type":"SELL","side":"S","layer_index":3,"role":"EXT","deal_price":1.12855,"order_price_open":null,"slippage_pips":null,"volume":0.00,"profit":0.00,"swap":0.00,"commission":0.00,"deal_time_broker":"2026-10-01 15:56:59","deal_time_broker_msc":1790870219000,"halted_at_receipt":false,"quarantined_at_receipt":false}
1,-1,1790870220227,ea_event,,{"type":"fill_log","seq":70,"ea_time_ms":95004218,"magic":22260201,"deal_ticket":800000059,"order_ticket":700000059,"position_id":900000021,"entry_type":"OUT_BY","deal_type":"SELL","side":null,"layer_index":null,"role":null,"deal_price":1.12855,"order_price_open":null,"slippage_pips":null,"volume":0.00,"profit":1.00,"swap":0.00,"commission":0.00,"deal_time_broker":"2026-10-01 15:57:00","deal_time_broker_msc":1790870220000,"halted_at_receipt":false,"quarantined_at_receipt":false}
1,-1,1790870220227,ea_event,,{"type":"fill_log","seq":71,"ea_time_ms":95004218,"magic":22260201,"deal_ticket":800000060,"order_ticket":700000059,"position_id":900000030,"entry_type":"OUT_BY","deal_type":"SELL","side":null,"layer_index":null,"role":null,"deal_price":1.12955,"order_price_open":null,"slippage_pips":null,"volume":0.00,"profit":0.00,"swap":0.00,"commission":0.00,"deal_time_broker":"2026-10-01 15:57:00","deal_time_broker_msc":1790870220000,"halted_at_receipt":false,"quarantined_at_receipt":false}
1,-1,1790870220227,scalp,SCALP_CLOSED,{"close_time":"2026-10-01T15:57:00Z","instrument":"EURUSD","direction":"SHORT","entry_price":1.12955,"exit_price":1.12855,"layer_depth":3,"stack_depth":4,"gross_pnl":1.00,"instance_id":"GRIND_EURUSD_OPTB","ejected":false,"rolled":false,"broker_utc_offset_s":10800,"account_login":53077984}
1,-1,1790872854612,ea_event,,{"type":"fill_log","seq":72,"ea_time_ms":95004312,"magic":22260201,"deal_ticket":800000061,"order_ticket":9055,"position_id":900000031,"entry_type":"IN","deal_type":"BUY","side":"L","layer_index":10,"role":"ENT","deal_price":1.12822,"order_price_open":null,"slippage_pips":null,"volume":0.00,"profit":0.00,"swap":0.00,"commission":0.00,"deal_time_broker":"2026-10-01 16:40:54","deal_time_broker_msc":1790872854000,"halted_at_receipt":false,"quarantined_at_receipt":false}
1,-1,1790873251935,ea_event,,{"type":"fill_log","seq":73,"ea_time_ms":95004328,"magic":22260201,"deal_ticket":800000062,"order_ticket":9058,"position_id":900000032,"entry_type":"IN","deal_type":"BUY","side":"L","layer_index":10,"role":"EXT","deal_price":1.12923,"order_price_open":null,"slippage_pips":null,"volume":0.00,"profit":0.00,"swap":0.00,"commission":0.00,"deal_time_broker":"2026-10-01 16:47:31","deal_time_broker_msc":1790873251000,"halted_at_receipt":false,"quarantined_at_receipt":false}
1,-1,1790873252970,ea_event,,{"type":"fill_log","seq":74,"ea_time_ms":95004328,"magic":22260201,"deal_ticket":800000063,"order_ticket":700000063,"position_id":900000031,"entry_type":"OUT_BY","deal_type":"SELL","side":null,"layer_index":null,"role":null,"deal_price":1.12923,"order_price_open":null,"slippage_pips":null,"volume":0.00,"profit":1.01,"swap":0.00,"commission":0.00,"deal_time_broker":"2026-10-01 16:47:32","deal_time_broker_msc":1790873252000,"halted_at_receipt":false,"quarantined_at_receipt":false}
1,-1,1790873252970,ea_event,,{"type":"fill_log","seq":75,"ea_time_ms":95004328,"magic":22260201,"deal_ticket":800000064,"order_ticket":700000063,"position_id":900000032,"entry_type":"OUT_BY","deal_type":"SELL","side":null,"layer_index":null,"role":null,"deal_price":1.12822,"order_price_open":null,"slippage_pips":null,"volume":0.00,"profit":0.00,"swap":0.00,"commission":0.00,"deal_time_broker":"2026-10-01 16:47:32","deal_time_broker_msc":1790873252000,"halted_at_receipt":false,"quarantined_at_receipt":false}
1,-1,1790873252970,scalp,SCALP_CLOSED,{"close_time":"2026-10-01T16:47:32Z","instrument":"EURUSD","direction":"LONG","entry_price":1.12822,"exit_price":1.12923,"layer_depth":10,"stack_depth":6,"gross_pnl":1.01,"instance_id":"GRIND_EURUSD_OPTB","ejected":false,"rolled":false,"broker_utc_offset_s":10800,"account_login":53077984}
1,-1,1790873697647,ea_event,,{"type":"fill_log","seq":76,"ea_time_ms":95004343,"magic":22260201,"deal_ticket":800000065,"order_ticket":9057,"position_id":900000033,"entry_type":"IN","deal_type":"SELL","side":"S","layer_index":3,"role":"ENT","deal_price":1.12956,"order_price_open":null,"slippage_pips":null,"volume":0.00,"profit":0.00,"swap":0.00,"commission":0.00,"deal_time_broker":"2026-10-01 16:54:57","deal_time_broker_msc":1790873697000,"halted_at_receipt":false,"quarantined_at_receipt":false}
1,-1,1790874324583,ea_event,,{"type":"fill_log","seq":77,"ea_time_ms":95004375,"magic":22260201,"deal_ticket":800000066,"order_ticket":9062,"position_id":900000034,"entry_type":"IN","deal_type":"SELL","side":"S","layer_index":3,"role":"EXT","deal_price":1.12855,"order_price_open":null,"slippage_pips":null,"volume":0.00,"profit":0.00,"swap":0.00,"commission":0.00,"deal_time_broker":"2026-10-01 17:05:24","deal_time_broker_msc":1790874324000,"halted_at_receipt":false,"quarantined_at_receipt":false}
1,-1,1790874325620,ea_event,,{"type":"fill_log","seq":78,"ea_time_ms":95004375,"magic":22260201,"deal_ticket":800000067,"order_ticket":700000067,"position_id":900000033,"entry_type":"OUT_BY","deal_type":"SELL","side":null,"layer_index":null,"role":null,"deal_price":1.12855,"order_price_open":null,"slippage_pips":null,"volume":0.00,"profit":1.01,"swap":0.00,"commission":0.00,"deal_time_broker":"2026-10-01 17:05:25","deal_time_broker_msc":1790874325000,"halted_at_receipt":false,"quarantined_at_receipt":false}
1,-1,1790874325620,ea_event,,{"type":"fill_log","seq":79,"ea_time_ms":95004375,"magic":22260201,"deal_ticket":800000068,"order_ticket":700000067,"position_id":900000034,"entry_type":"OUT_BY","deal_type":"SELL","side":null,"layer_index":null,"role":null,"deal_price":1.12956,"order_price_open":null,"slippage_pips":null,"volume":0.00,"profit":0.00,"swap":0.00,"commission":0.00,"deal_time_broker":"2026-10-01 17:05:25","deal_time_broker_msc":1790874325000,"halted_at_receipt":false,"quarantined_at_receipt":false}
1,-1,1790874325620,scalp,SCALP_CLOSED,{"close_time":"2026-10-01T17:05:25Z","instrument":"EURUSD","direction":"SHORT","entry_price":1.12956,"exit_price":1.12855,"layer_depth":3,"stack_depth":4,"gross_pnl":1.01,"instance_id":"GRIND_EURUSD_OPTB","ejected":false,"rolled":false,"broker_utc_offset_s":10800,"account_login":53077984}
1,-1,1790875895582,ea_event,,{"type":"fill_log","seq":80,"ea_time_ms":95004453,"magic":22260201,"deal_ticket":800000069,"order_ticket":9061,"position_id":900000035,"entry_type":"IN","deal_type":"BUY","side":"L","layer_index":10,"role":"ENT","deal_price":1.12815,"order_price_open":null,"slippage_pips":null,"volume":0.00,"profit":0.00,"swap":0.00,"commission":0.00,"deal_time_broker":"2026-10-01 17:31:35","deal_time_broker_msc":1790875895000,"halted_at_receipt":false,"quarantined_at_receipt":false}
1,-1,1790876591850,ea_event,,{"type":"fill_log","seq":81,"ea_time_ms":95004500,"magic":22260201,"deal_ticket":800000070,"order_ticket":9064,"position_id":900000036,"entry_type":"IN","deal_type":"SELL","side":"S","layer_index":2,"role":"EXT","deal_price":1.12785,"order_price_open":null,"slippage_pips":null,"volume":0.00,"profit":0.00,"swap":0.00,"commission":0.00,"deal_time_broker":"2026-10-01 17:43:11","deal_time_broker_msc":1790876591000,"halted_at_receipt":false,"quarantined_at_receipt":false}
1,-1,1790876592489,ea_event,,{"type":"fill_log","seq":82,"ea_time_ms":95004500,"magic":22260201,"deal_ticket":800000071,"order_ticket":700000071,"position_id":900000015,"entry_type":"OUT_BY","deal_type":"SELL","side":null,"layer_index":null,"role":null,"deal_price":1.12785,"order_price_open":null,"slippage_pips":null,"volume":0.00,"profit":1.00,"swap":0.00,"commission":0.00,"deal_time_broker":"2026-10-01 17:43:12","deal_time_broker_msc":1790876592000,"halted_at_receipt":false,"quarantined_at_receipt":false}
1,-1,1790876592489,ea_event,,{"type":"fill_log","seq":83,"ea_time_ms":95004500,"magic":22260201,"deal_ticket":800000072,"order_ticket":700000071,"position_id":900000036,"entry_type":"OUT_BY","deal_type":"SELL","side":null,"layer_index":null,"role":null,"deal_price":1.12885,"order_price_open":null,"slippage_pips":null,"volume":0.00,"profit":0.00,"swap":0.00,"commission":0.00,"deal_time_broker":"2026-10-01 17:43:12","deal_time_broker_msc":1790876592000,"halted_at_receipt":false,"quarantined_at_receipt":false}
1,-1,1790876592489,scalp,SCALP_CLOSED,{"close_time":"2026-10-01T17:43:12Z","instrument":"EURUSD","direction":"SHORT","entry_price":1.12885,"exit_price":1.12785,"layer_depth":2,"stack_depth":3,"gross_pnl":1.00,"instance_id":"GRIND_EURUSD_OPTB","ejected":false,"rolled":false,"broker_utc_offset_s":10800,"account_login":53077984}
1,-1,1790876625426,ea_event,,{"type":"fill_log","seq":84,"ea_time_ms":95004500,"magic":22260201,"deal_ticket":800000073,"order_ticket":9067,"position_id":900000037,"entry_type":"IN","deal_type":"BUY","side":"L","layer_index":11,"role":"ENT","deal_price":1.12742,"order_price_open":null,"slippage_pips":null,"volume":0.00,"profit":0.00,"swap":0.00,"commission":0.00,"deal_time_broker":"2026-10-01 17:43:45","deal_time_broker_msc":1790876625000,"halted_at_receipt":false,"quarantined_at_receipt":false}
1,-1,1790876643115,ea_event,,{"type":"fill_log","seq":85,"ea_time_ms":95004500,"magic":22260201,"deal_ticket":800000074,"order_ticket":9068,"position_id":900000038,"entry_type":"IN","deal_type":"SELL","side":"S","layer_index":1,"role":"EXT","deal_price":1.12713,"order_price_open":null,"slippage_pips":null,"volume":0.00,"profit":0.00,"swap":0.00,"commission":0.00,"deal_time_broker":"2026-10-01 17:44:03","deal_time_broker_msc":1790876643000,"halted_at_receipt":false,"quarantined_at_receipt":false}
1,-1,1790876643556,ea_event,,{"type":"fill_log","seq":86,"ea_time_ms":95004500,"magic":22260201,"deal_ticket":800000075,"order_ticket":700000075,"position_id":900000013,"entry_type":"OUT_BY","deal_type":"SELL","side":null,"layer_index":null,"role":null,"deal_price":1.12713,"order_price_open":null,"slippage_pips":null,"volume":0.00,"profit":1.01,"swap":0.00,"commission":0.00,"deal_time_broker":"2026-10-01 17:44:03","deal_time_broker_msc":1790876643000,"halted_at_receipt":false,"quarantined_at_receipt":false}
1,-1,1790876643556,ea_event,,{"type":"fill_log","seq":87,"ea_time_ms":95004500,"magic":22260201,"deal_ticket":800000076,"order_ticket":700000075,"position_id":900000038,"entry_type":"OUT_BY","deal_type":"SELL","side":null,"layer_index":null,"role":null,"deal_price":1.12814,"order_price_open":null,"slippage_pips":null,"volume":0.00,"profit":0.00,"swap":0.00,"commission":0.00,"deal_time_broker":"2026-10-01 17:44:03","deal_time_broker_msc":1790876643000,"halted_at_receipt":false,"quarantined_at_receipt":false}
1,-1,1790876643556,scalp,SCALP_CLOSED,{"close_time":"2026-10-01T17:44:03Z","instrument":"EURUSD","direction":"SHORT","entry_price":1.12814,"exit_price":1.12713,"layer_depth":1,"stack_depth":2,"gross_pnl":1.01,"instance_id":"GRIND_EURUSD_OPTB","ejected":false,"rolled":false,"broker_utc_offset_s":10800,"account_login":53077984}
1,-1,1790876816347,ea_event,,{"type":"fill_log","seq":88,"ea_time_ms":95004515,"magic":22260201,"deal_ticket":800000077,"order_ticket":9071,"position_id":900000039,"entry_type":"IN","deal_type":"BUY","side":"L","layer_index":12,"role":"ENT","deal_price":1.12672,"order_price_open":null,"slippage_pips":null,"volume":0.00,"profit":0.00,"swap":0.00,"commission":0.00,"deal_time_broker":"2026-10-01 17:46:56","deal_time_broker_msc":1790876816000,"halted_at_receipt":false,"quarantined_at_receipt":false}
1,-1,1790877064770,ea_event,,{"type":"fill_log","seq":89,"ea_time_ms":95004531,"magic":22260201,"deal_ticket":800000078,"order_ticket":9021,"position_id":900000040,"entry_type":"IN","deal_type":"SELL","side":"S","layer_index":0,"role":"EXT","deal_price":1.12643,"order_price_open":null,"slippage_pips":null,"volume":0.00,"profit":0.00,"swap":0.00,"commission":0.00,"deal_time_broker":"2026-10-01 17:51:04","deal_time_broker_msc":1790877064000,"halted_at_receipt":false,"quarantined_at_receipt":false}
1,-1,1790877065815,ea_event,,{"type":"fill_log","seq":90,"ea_time_ms":95004531,"magic":22260201,"deal_ticket":800000079,"order_ticket":700000079,"position_id":900000011,"entry_type":"OUT_BY","deal_type":"SELL","side":null,"layer_index":null,"role":null,"deal_price":1.12643,"order_price_open":null,"slippage_pips":null,"volume":0.00,"profit":1.00,"swap":0.00,"commission":0.00,"deal_time_broker":"2026-10-01 17:51:05","deal_time_broker_msc":1790877065000,"halted_at_receipt":false,"quarantined_at_receipt":false}
1,-1,1790877065815,ea_event,,{"type":"fill_log","seq":91,"ea_time_ms":95004531,"magic":22260201,"deal_ticket":800000080,"order_ticket":700000079,"position_id":900000040,"entry_type":"OUT_BY","deal_type":"SELL","side":null,"layer_index":null,"role":null,"deal_price":1.12743,"order_price_open":null,"slippage_pips":null,"volume":0.00,"profit":0.00,"swap":0.00,"commission":0.00,"deal_time_broker":"2026-10-01 17:51:05","deal_time_broker_msc":1790877065000,"halted_at_receipt":false,"quarantined_at_receipt":false}
1,-1,1790877065815,scalp,SCALP_CLOSED,{"close_time":"2026-10-01T17:51:05Z","instrument":"EURUSD","direction":"SHORT","entry_price":1.12743,"exit_price":1.12643,"layer_depth":0,"stack_depth":1,"gross_pnl":1.00,"instance_id":"GRIND_EURUSD_OPTB","ejected":false,"rolled":false,"broker_utc_offset_s":10800,"account_login":53077984}
1,-1,1790877913638,ea_event,ROLL_ACCEPTED,{"type":"ea_event","seq":92,"ea_time_ms":95004562,"magic":null,"level":"INFO","code":"ROLL_ACCEPTED","reason":null,"ticket":900000002,"detail":{"ticket":900000002,"side":"L","layer_index":7,"entry":1.13174,"level":1.12602,"target":1.12702,"accrued":0.00000,"clamped":false,"cost":0.00472,"cost_pips":47.2,"rolled":3,"was_ejected":false,"source":"auto","reroll":false,"from_level":0.00000}}
1,-1,1790877964489,ea_event,ROLL_ACCEPTED,{"type":"ea_event","seq":93,"ea_time_ms":95004578,"magic":null,"level":"INFO","code":"ROLL_ACCEPTED","reason":null,"ticket":900000027,"detail":{"ticket":900000027,"side":"L","layer_index":8,"entry":1.12961,"level":1.12532,"target":1.12632,"accrued":0.00000,"clamped":false,"cost":0.00329,"cost_pips":32.9,"rolled":4,"was_ejected":false,"source":"auto","reroll":false,"from_level":0.00000}}
1,-1,1790879435254,ea_event,ROLL_ACCEPTED,{"type":"ea_event","seq":94,"ea_time_ms":95004656,"magic":null,"level":"INFO","code":"ROLL_ACCEPTED","reason":null,"ticket":900000029,"detail":{"ticket":900000029,"side":"L","layer_index":9,"entry":1.12892,"level":1.12462,"target":1.12562,"accrued":0.00000,"clamped":false,"cost":0.00330,"cost_pips":33.0,"rolled":5,"was_ejected":false,"source":"auto","reroll":false,"from_level":0.00000}}
1,-1,1790879436257,ea_event,ROLL_ACCEPTED,{"type":"ea_event","seq":95,"ea_time_ms":95004656,"magic":null,"level":"INFO","code":"ROLL_ACCEPTED","reason":null,"ticket":900000035,"detail":{"ticket":900000035,"side":"L","layer_index":10,"entry":1.12815,"level":1.12392,"target":1.12492,"accrued":0.00000,"clamped":false,"cost":0.00323,"cost_pips":32.3,"rolled":6,"was_ejected":false,"source":"auto","reroll":false,"from_level":0.00000}}
1,-1,1790879661027,ea_event,ROLL_ACCEPTED,{"type":"ea_event","seq":96,"ea_time_ms":95004671,"magic":null,"level":"INFO","code":"ROLL_ACCEPTED","reason":null,"ticket":900000037,"detail":{"ticket":900000037,"side":"L","layer_index":11,"entry":1.12742,"level":1.12322,"target":1.12422,"accrued":0.00000,"clamped":false,"cost":0.00320,"cost_pips":32.0,"rolled":7,"was_ejected":false,"source":"auto","reroll":false,"from_level":0.00000}}
1,-1,1790879816092,ea_event,,{"type":"fill_log","seq":97,"ea_time_ms":95004687,"magic":22260201,"deal_ticket":800000081,"order_ticket":9074,"position_id":900000041,"entry_type":"IN","deal_type":"SELL","side":"S","layer_index":0,"role":"ENT","deal_price":1.12393,"order_price_open":null,"slippage_pips":null,"volume":0.00,"profit":0.00,"swap":0.00,"commission":0.00,"deal_time_broker":"2026-10-01 18:36:56","deal_time_broker_msc":1790879816000,"halted_at_receipt":false,"quarantined_at_receipt":false}
1,-1,1790879856094,ea_event,,{"type":"fill_log","seq":98,"ea_time_ms":95004687,"magic":22260201,"deal_ticket":800000082,"order_ticket":9079,"position_id":900000042,"entry_type":"IN","deal_type":"BUY","side":"L","layer_index":11,"role":"EXT","deal_price":1.12425,"order_price_open":null,"slippage_pips":null,"volume":0.00,"profit":0.00,"swap":0.00,"commission":0.00,"deal_time_broker":"2026-10-01 18:37:36","deal_time_broker_msc":1790879856000,"halted_at_receipt":false,"quarantined_at_receipt":false}
1,-1,1790879856530,ea_event,,{"type":"fill_log","seq":99,"ea_time_ms":95004687,"magic":22260201,"deal_ticket":800000083,"order_ticket":700000083,"position_id":900000037,"entry_type":"OUT_BY","deal_type":"SELL","side":null,"layer_index":null,"role":null,"deal_price":1.12425,"order_price_open":null,"slippage_pips":null,"volume":0.00,"profit":-3.17,"swap":0.00,"commission":0.00,"deal_time_broker":"2026-10-01 18:37:36","deal_time_broker_msc":1790879856000,"halted_at_receipt":false,"quarantined_at_receipt":false}
1,-1,1790879856530,ea_event,ROLL_FILLED,{"type":"ea_event","seq":100,"ea_time_ms":95004687,"magic":null,"level":"INFO","code":"ROLL_FILLED","reason":null,"ticket":900000037,"detail":{"ticket":900000037,"level":1.12322}}
1,-1,1790879856530,ea_event,,{"type":"fill_log","seq":101,"ea_time_ms":95004687,"magic":22260201,"deal_ticket":800000084,"order_ticket":700000083,"position_id":900000042,"entry_type":"OUT_BY","deal_type":"SELL","side":null,"layer_index":null,"role":null,"deal_price":1.12742,"order_price_open":null,"slippage_pips":null,"volume":0.00,"profit":0.00,"swap":0.00,"commission":0.00,"deal_time_broker":"2026-10-01 18:37:36","deal_time_broker_msc":1790879856000,"halted_at_receipt":false,"quarantined_at_receipt":false}
1,-1,1790879856530,scalp,SCALP_CLOSED,{"close_time":"2026-10-01T18:37:36Z","instrument":"EURUSD","direction":"LONG","entry_price":1.12742,"exit_price":1.12425,"layer_depth":11,"stack_depth":8,"gross_pnl":-3.17,"instance_id":"GRIND_EURUSD_OPTB","ejected":false,"rolled":true,"broker_utc_offset_s":10800,"account_login":53077984}
1,-1,1790880685428,ea_event,,{"type":"fill_log","seq":102,"ea_time_ms":95004734,"magic":22260201,"deal_ticket":800000085,"order_ticket":9080,"position_id":900000043,"entry_type":"IN","deal_type":"SELL","side":"S","layer_index":0,"role":"EXT","deal_price":1.12290,"order_price_open":null,"slippage_pips":null,"volume":0.00,"profit":0.00,"swap":0.00,"commission":0.00,"deal_time_broker":"2026-10-01 18:51:25","deal_time_broker_msc":1790880685000,"halted_at_receipt":false,"quarantined_at_receipt":false}
1,-1,1790880686263,ea_event,,{"type":"fill_log","seq":103,"ea_time_ms":95004734,"magic":22260201,"deal_ticket":800000086,"order_ticket":700000086,"position_id":900000041,"entry_type":"OUT_BY","deal_type":"SELL","side":null,"layer_index":null,"role":null,"deal_price":1.12290,"order_price_open":null,"slippage_pips":null,"volume":0.00,"profit":1.03,"swap":0.00,"commission":0.00,"deal_time_broker":"2026-10-01 18:51:26","deal_time_broker_msc":1790880686000,"halted_at_receipt":false,"quarantined_at_receipt":false}
1,-1,1790880686263,ea_event,,{"type":"fill_log","seq":104,"ea_time_ms":95004734,"magic":22260201,"deal_ticket":800000087,"order_ticket":700000086,"position_id":900000043,"entry_type":"OUT_BY","deal_type":"SELL","side":null,"layer_index":null,"role":null,"deal_price":1.12393,"order_price_open":null,"slippage_pips":null,"volume":0.00,"profit":0.00,"swap":0.00,"commission":0.00,"deal_time_broker":"2026-10-01 18:51:26","deal_time_broker_msc":1790880686000,"halted_at_receipt":false,"quarantined_at_receipt":false}
1,-1,1790880686263,scalp,SCALP_CLOSED,{"close_time":"2026-10-01T18:51:26Z","instrument":"EURUSD","direction":"SHORT","entry_price":1.12393,"exit_price":1.12290,"layer_depth":0,"stack_depth":1,"gross_pnl":1.03,"instance_id":"GRIND_EURUSD_OPTB","ejected":false,"rolled":false,"broker_utc_offset_s":10800,"account_login":53077984}
1,-1,1790898652001,ea_event,CARRY_SNAPSHOT,{"type":"ea_event","seq":105,"ea_time_ms":95005281,"magic":null,"level":"INFO","code":"CARRY_SNAPSHOT","reason":"EURUSD","ticket":null,"detail":{"symbol":"EURUSD","swap_mode":1,"swap_long":-7.9900,"swap_short":1.3100,"multiplier":1,"day_of_week":4,"rollover3days":3,"digits":5,"point":0.00001000,"tick_value":1.00000000,"tick_size":0.00001000,"stops_level":0,"freeze_level":0,"long_pips":-0.799,"short_pips":0.131,"eligible_long":7,"eligible_short":0,"trade_mode_full":true,"mult_today":1,"mult_tomorrow":1,"accrued_swap_long":0.00,"accrued_swap_short":0.00}}
1,-1,1790898652001,ea_event,CARRY_EXIT_SHIFT,{"type":"ea_event","seq":106,"ea_time_ms":95005281,"magic":null,"level":"INFO","code":"CARRY_EXIT_SHIFT","reason":"EURUSD","ticket":null,"detail":{"position_ticket":1975880441,"side":"long","layer_index":0,"accrued_ledger_pips":-2.500,"pending_pips":-0.799,"accrued_pips_total":-3.299,"old_price":1.13212,"new_price":1.13237,"clamped":false,"sign_guard_skipped":false,"retcode":10009,"points_native_pips":-0.799}}
1,-1,1790898772001,ea_event,CARRY_EXIT_SHIFT,{"type":"ea_event","seq":107,"ea_time_ms":95005281,"magic":null,"level":"INFO","code":"CARRY_EXIT_SHIFT","reason":"EURUSD","ticket":null,"detail":{"position_ticket":900000035,"side":"long","layer_index":10,"accrued_ledger_pips":0.000,"pending_pips":-0.799,"accrued_pips_total":-0.799,"old_price":1.12492,"new_price":1.12500,"clamped":false,"sign_guard_skipped":false,"retcode":10009,"points_native_pips":-0.799}}
1,-1,1790898832001,ea_event,CARRY_PASS_SUMMARY,{"type":"ea_event","seq":108,"ea_time_ms":95005281,"magic":null,"level":"INFO","code":"CARRY_PASS_SUMMARY","reason":"EURUSD","ticket":null,"detail":{"eligible":7,"shifted":2,"clamped":0,"skipped":0,"failed":0,"incomplete":false}}
2,-1,1790909138795,ea_event,,{"type":"fill_log","seq":0,"ea_time_ms":95005343,"magic":22260201,"deal_ticket":800000001,"order_ticket":9000,"position_id":900000001,"entry_type":"IN","deal_type":"SELL","side":"S","layer_index":0,"role":"ENT","deal_price":1.12458,"order_price_open":null,"slippage_pips":null,"volume":0.00,"profit":0.00,"swap":0.00,"commission":0.00,"deal_time_broker":"2026-10-02 02:45:38","deal_time_broker_msc":1790909138000,"halted_at_receipt":false,"quarantined_at_receipt":false}
2,-1,1790912323373,ea_event,,{"type":"fill_log","seq":1,"ea_time_ms":95005390,"magic":22260201,"deal_ticket":800000002,"order_ticket":9002,"position_id":900000002,"entry_type":"IN","deal_type":"SELL","side":"S","layer_index":0,"role":"EXT","deal_price":1.12358,"order_price_open":null,"slippage_pips":null,"volume":0.00,"profit":0.00,"swap":0.00,"commission":0.00,"deal_time_broker":"2026-10-02 03:38:43","deal_time_broker_msc":1790912323000,"halted_at_receipt":false,"quarantined_at_receipt":false}
2,-1,1790912324207,ea_event,,{"type":"fill_log","seq":2,"ea_time_ms":95005390,"magic":22260201,"deal_ticket":800000003,"order_ticket":700000003,"position_id":900000001,"entry_type":"OUT_BY","deal_type":"SELL","side":null,"layer_index":null,"role":null,"deal_price":1.12358,"order_price_open":null,"slippage_pips":null,"volume":0.00,"profit":1.00,"swap":0.00,"commission":0.00,"deal_time_broker":"2026-10-02 03:38:44","deal_time_broker_msc":1790912324000,"halted_at_receipt":false,"quarantined_at_receipt":false}
2,-1,1790912324207,ea_event,,{"type":"fill_log","seq":3,"ea_time_ms":95005390,"magic":22260201,"deal_ticket":800000004,"order_ticket":700000003,"position_id":900000002,"entry_type":"OUT_BY","deal_type":"SELL","side":null,"layer_index":null,"role":null,"deal_price":1.12458,"order_price_open":null,"slippage_pips":null,"volume":0.00,"profit":0.00,"swap":0.00,"commission":0.00,"deal_time_broker":"2026-10-02 03:38:44","deal_time_broker_msc":1790912324000,"halted_at_receipt":false,"quarantined_at_receipt":false}
2,-1,1790912324207,scalp,SCALP_CLOSED,{"close_time":"2026-10-02T03:38:44Z","instrument":"EURUSD","direction":"SHORT","entry_price":1.12458,"exit_price":1.12358,"layer_depth":0,"stack_depth":1,"gross_pnl":1.00,"instance_id":"GRIND_EURUSD_OPTB","ejected":false,"rolled":false,"broker_utc_offset_s":10800,"account_login":53077984}
2,-1,1790915684595,ea_event,,{"type":"fill_log","seq":4,"ea_time_ms":95005453,"magic":22260201,"deal_ticket":800000005,"order_ticket":9001,"position_id":900000003,"entry_type":"IN","deal_type":"BUY","side":"L","layer_index":13,"role":"ENT","deal_price":1.12323,"order_price_open":null,"slippage_pips":null,"volume":0.00,"profit":0.00,"swap":0.00,"commission":0.00,"deal_time_broker":"2026-10-02 04:34:44","deal_time_broker_msc":1790915684000,"halted_at_receipt":false,"quarantined_at_receipt":false}
2,-1,1790917641851,ea_event,,{"type":"fill_log","seq":5,"ea_time_ms":95005484,"magic":22260201,"deal_ticket":800000006,"order_ticket":9005,"position_id":900000004,"entry_type":"IN","deal_type":"BUY","side":"L","layer_index":13,"role":"EXT","deal_price":1.12422,"order_price_open":null,"slippage_pips":null,"volume":0.00,"profit":0.00,"swap":0.00,"commission":0.00,"deal_time_broker":"2026-10-02 05:07:21","deal_time_broker_msc":1790917641000,"halted_at_receipt":false,"quarantined_at_receipt":false}
2,-1,1790917644688,ea_event,,{"type":"fill_log","seq":6,"ea_time_ms":95005484,"magic":22260201,"deal_ticket":800000007,"order_ticket":700000007,"position_id":900000003,"entry_type":"OUT_BY","deal_type":"SELL","side":null,"layer_index":null,"role":null,"deal_price":1.12422,"order_price_open":null,"slippage_pips":null,"volume":0.00,"profit":0.99,"swap":0.00,"commission":0.00,"deal_time_broker":"2026-10-02 05:07:24","deal_time_broker_msc":1790917644000,"halted_at_receipt":false,"quarantined_at_receipt":false}
2,-1,1790917644688,ea_event,,{"type":"fill_log","seq":7,"ea_time_ms":95005484,"magic":22260201,"deal_ticket":800000008,"order_ticket":700000007,"position_id":900000004,"entry_type":"OUT_BY","deal_type":"SELL","side":null,"layer_index":null,"role":null,"deal_price":1.12323,"order_price_open":null,"slippage_pips":null,"volume":0.00,"profit":0.00,"swap":0.00,"commission":0.00,"deal_time_broker":"2026-10-02 05:07:24","deal_time_broker_msc":1790917644000,"halted_at_receipt":false,"quarantined_at_receipt":false}
2,-1,1790917644688,scalp,SCALP_CLOSED,{"close_time":"2026-10-02T05:07:24Z","instrument":"EURUSD","direction":"LONG","entry_price":1.12323,"exit_price":1.12422,"layer_depth":13,"stack_depth":8,"gross_pnl":0.99,"instance_id":"GRIND_EURUSD_OPTB","ejected":false,"rolled":false,"broker_utc_offset_s":10800,"account_login":53077984}
2,-1,1790919098654,ea_event,,{"type":"fill_log","seq":8,"ea_time_ms":95005500,"magic":22260201,"deal_ticket":800000009,"order_ticket":9004,"position_id":900000005,"entry_type":"IN","deal_type":"SELL","side":"S","layer_index":0,"role":"ENT","deal_price":1.12426,"order_price_open":null,"slippage_pips":null,"volume":0.00,"profit":0.00,"swap":0.00,"commission":0.00,"deal_time_broker":"2026-10-02 05:31:38","deal_time_broker_msc":1790919098000,"halted_at_receipt":false,"quarantined_at_receipt":false}
3,-1,1790922489265,ea_event,,{"type":"fill_log","seq":0,"ea_time_ms":95005578,"magic":22260201,"deal_ticket":800000001,"order_ticket":1981380745,"position_id":900000001,"entry_type":"IN","deal_type":"SELL","side":"S","layer_index":1,"role":"ENT","deal_price":1.12498,"order_price_open":null,"slippage_pips":null,"volume":0.00,"profit":0.00,"swap":0.00,"commission":0.00,"deal_time_broker":"2026-10-02 06:28:09","deal_time_broker_msc":1790922489000,"halted_at_receipt":false,"quarantined_at_receipt":false}
3,-1,1790922492089,ea_event,,{"type":"fill_log","seq":1,"ea_time_ms":95005578,"magic":22260201,"deal_ticket":800000002,"order_ticket":1981329207,"position_id":900000002,"entry_type":"IN","deal_type":"BUY","side":"L","layer_index":10,"role":"EXT","deal_price":1.12504,"order_price_open":null,"slippage_pips":null,"volume":0.00,"profit":0.00,"swap":0.00,"commission":0.00,"deal_time_broker":"2026-10-02 06:28:12","deal_time_broker_msc":1790922492000,"halted_at_receipt":false,"quarantined_at_receipt":false}
3,-1,1790922492512,ea_event,,{"type":"fill_log","seq":2,"ea_time_ms":95005578,"magic":22260201,"deal_ticket":800000003,"order_ticket":700000003,"position_id":1979610661,"entry_type":"OUT_BY","deal_type":"SELL","side":null,"layer_index":null,"role":null,"deal_price":1.12504,"order_price_open":null,"slippage_pips":null,"volume":0.00,"profit":-3.11,"swap":-0.08,"commission":0.00,"deal_time_broker":"2026-10-02 06:28:12","deal_time_broker_msc":1790922492000,"halted_at_receipt":false,"quarantined_at_receipt":false}
3,-1,1790922492512,ea_event,ROLL_FILLED,{"type":"ea_event","seq":3,"ea_time_ms":95005578,"magic":null,"level":"INFO","code":"ROLL_FILLED","reason":null,"ticket":1979610661,"detail":{"ticket":1979610661,"level":1.12392}}
3,-1,1790922492512,ea_event,,{"type":"fill_log","seq":4,"ea_time_ms":95005578,"magic":22260201,"deal_ticket":800000004,"order_ticket":700000003,"position_id":900000002,"entry_type":"OUT_BY","deal_type":"SELL","side":null,"layer_index":null,"role":null,"deal_price":1.12815,"order_price_open":null,"slippage_pips":null,"volume":0.00,"profit":0.00,"swap":0.00,"commission":0.00,"deal_time_broker":"2026-10-02 06:28:12","deal_time_broker_msc":1790922492000,"halted_at_receipt":false,"quarantined_at_receipt":false}
3,-1,1790922492512,scalp,SCALP_CLOSED,{"close_time":"2026-10-02T06:28:12Z","instrument":"EURUSD","direction":"LONG","entry_price":1.12815,"exit_price":1.12504,"layer_depth":10,"stack_depth":7,"gross_pnl":-3.19,"instance_id":"GRIND_EURUSD_OPTB","ejected":false,"rolled":true,"broker_utc_offset_s":10800,"account_login":53077984}
3,-1,1790932033051,ea_event,,{"type":"fill_log","seq":5,"ea_time_ms":95005718,"magic":22260201,"deal_ticket":800000005,"order_ticket":9001,"position_id":900000003,"entry_type":"IN","deal_type":"SELL","side":"S","layer_index":2,"role":"ENT","deal_price":1.12569,"order_price_open":null,"slippage_pips":null,"volume":0.00,"profit":0.00,"swap":0.00,"commission":0.00,"deal_time_broker":"2026-10-02 09:07:13","deal_time_broker_msc":1790932033000,"halted_at_receipt":false,"quarantined_at_receipt":false}
3,-1,1790932304476,ea_event,,{"type":"fill_log","seq":6,"ea_time_ms":95005734,"magic":22260201,"deal_ticket":800000006,"order_ticket":9002,"position_id":900000004,"entry_type":"IN","deal_type":"BUY","side":"L","layer_index":9,"role":"EXT","deal_price":1.12569,"order_price_open":null,"slippage_pips":null,"volume":0.00,"profit":0.00,"swap":0.00,"commission":0.00,"deal_time_broker":"2026-10-02 09:11:44","deal_time_broker_msc":1790932304000,"halted_at_receipt":false,"quarantined_at_receipt":false}
3,-1,1790932305323,ea_event,,{"type":"fill_log","seq":7,"ea_time_ms":95005734,"magic":22260201,"deal_ticket":800000007,"order_ticket":700000007,"position_id":1979310667,"entry_type":"OUT_BY","deal_type":"SELL","side":null,"layer_index":null,"role":null,"deal_price":1.12569,"order_price_open":null,"slippage_pips":null,"volume":0.00,"profit":-3.23,"swap":-0.08,"commission":0.00,"deal_time_broker":"2026-10-02 09:11:45","deal_time_broker_msc":1790932305000,"halted_at_receipt":false,"quarantined_at_receipt":false}
3,-1,1790932305323,ea_event,ROLL_FILLED,{"type":"ea_event","seq":8,"ea_time_ms":95005734,"magic":null,"level":"INFO","code":"ROLL_FILLED","reason":null,"ticket":1979310667,"detail":{"ticket":1979310667,"level":1.12462}}
3,-1,1790932305323,ea_event,,{"type":"fill_log","seq":9,"ea_time_ms":95005734,"magic":22260201,"deal_ticket":800000008,"order_ticket":700000007,"position_id":900000004,"entry_type":"OUT_BY","deal_type":"SELL","side":null,"layer_index":null,"role":null,"deal_price":1.12892,"order_price_open":null,"slippage_pips":null,"volume":0.00,"profit":0.00,"swap":0.00,"commission":0.00,"deal_time_broker":"2026-10-02 09:11:45","deal_time_broker_msc":1790932305000,"halted_at_receipt":false,"quarantined_at_receipt":false}
3,-1,1790932305323,scalp,SCALP_CLOSED,{"close_time":"2026-10-02T09:11:45Z","instrument":"EURUSD","direction":"LONG","entry_price":1.12892,"exit_price":1.12569,"layer_depth":9,"stack_depth":6,"gross_pnl":-3.31,"instance_id":"GRIND_EURUSD_OPTB","ejected":false,"rolled":true,"broker_utc_offset_s":10800,"account_login":53077984}
3,-1,1790936075487,ea_event,,{"type":"fill_log","seq":10,"ea_time_ms":95005859,"magic":22260201,"deal_ticket":800000009,"order_ticket":9004,"position_id":900000005,"entry_type":"IN","deal_type":"SELL","side":"S","layer_index":3,"role":"ENT","deal_price":1.12643,"order_price_open":null,"slippage_pips":null,"volume":0.00,"profit":0.00,"swap":0.00,"commission":0.00,"deal_time_broker":"2026-10-02 10:14:35","deal_time_broker_msc":1790936075000,"halted_at_receipt":false,"quarantined_at_receipt":false}
3,-1,1790936076104,ea_event,,{"type":"fill_log","seq":11,"ea_time_ms":95005859,"magic":22260201,"deal_ticket":800000010,"order_ticket":9005,"position_id":900000006,"entry_type":"IN","deal_type":"BUY","side":"L","layer_index":8,"role":"EXT","deal_price":1.12643,"order_price_open":null,"slippage_pips":null,"volume":0.00,"profit":0.00,"swap":0.00,"commission":0.00,"deal_time_broker":"2026-10-02 10:14:35","deal_time_broker_msc":1790936075000,"halted_at_receipt":false,"quarantined_at_receipt":false}
3,-1,1790936076398,ea_event,,{"type":"fill_log","seq":12,"ea_time_ms":95005859,"magic":22260201,"deal_ticket":800000011,"order_ticket":700000011,"position_id":1979228897,"entry_type":"OUT_BY","deal_type":"SELL","side":null,"layer_index":null,"role":null,"deal_price":1.12643,"order_price_open":null,"slippage_pips":null,"volume":0.00,"profit":-3.18,"swap":-0.08,"commission":0.00,"deal_time_broker":"2026-10-02 10:14:36","deal_time_broker_msc":1790936076000,"halted_at_receipt":false,"quarantined_at_receipt":false}
3,-1,1790936076398,ea_event,ROLL_FILLED,{"type":"ea_event","seq":13,"ea_time_ms":95005859,"magic":null,"level":"INFO","code":"ROLL_FILLED","reason":null,"ticket":1979228897,"detail":{"ticket":1979228897,"level":1.12532}}
3,-1,1790936076398,ea_event,,{"type":"fill_log","seq":14,"ea_time_ms":95005859,"magic":22260201,"deal_ticket":800000012,"order_ticket":700000011,"position_id":900000006,"entry_type":"OUT_BY","deal_type":"SELL","side":null,"layer_index":null,"role":null,"deal_price":1.12961,"order_price_open":null,"slippage_pips":null,"volume":0.00,"profit":0.00,"swap":0.00,"commission":0.00,"deal_time_broker":"2026-10-02 10:14:36","deal_time_broker_msc":1790936076000,"halted_at_receipt":false,"quarantined_at_receipt":false}
3,-1,1790936076398,scalp,SCALP_CLOSED,{"close_time":"2026-10-02T10:14:36Z","instrument":"EURUSD","direction":"LONG","entry_price":1.12961,"exit_price":1.12643,"layer_depth":8,"stack_depth":5,"gross_pnl":-3.26,"instance_id":"GRIND_EURUSD_OPTB","ejected":false,"rolled":true,"broker_utc_offset_s":10800,"account_login":53077984}
3,-1,1790940308652,ea_event,,{"type":"fill_log","seq":15,"ea_time_ms":95006046,"magic":22260201,"deal_ticket":800000013,"order_ticket":9006,"position_id":900000007,"entry_type":"IN","deal_type":"SELL","side":"S","layer_index":3,"role":"EXT","deal_price":1.12543,"order_price_open":null,"slippage_pips":null,"volume":0.00,"profit":0.00,"swap":0.00,"commission":0.00,"deal_time_broker":"2026-10-02 11:25:08","deal_time_broker_msc":1790940308000,"halted_at_receipt":false,"quarantined_at_receipt":false}
3,-1,1790940311096,ea_event,,{"type":"fill_log","seq":16,"ea_time_ms":95006046,"magic":22260201,"deal_ticket":800000014,"order_ticket":700000014,"position_id":900000005,"entry_type":"OUT_BY","deal_type":"SELL","side":null,"layer_index":null,"role":null,"deal_price":1.12543,"order_price_open":null,"slippage_pips":null,"volume":0.00,"profit":1.00,"swap":0.00,"commission":0.00,"deal_time_broker":"2026-10-02 11:25:11","deal_time_broker_msc":1790940311000,"halted_at_receipt":false,"quarantined_at_receipt":false}
3,-1,1790940311096,ea_event,,{"type":"fill_log","seq":17,"ea_time_ms":95006046,"magic":22260201,"deal_ticket":800000015,"order_ticket":700000014,"position_id":900000007,"entry_type":"OUT_BY","deal_type":"SELL","side":null,"layer_index":null,"role":null,"deal_price":1.12643,"order_price_open":null,"slippage_pips":null,"volume":0.00,"profit":0.00,"swap":0.00,"commission":0.00,"deal_time_broker":"2026-10-02 11:25:11","deal_time_broker_msc":1790940311000,"halted_at_receipt":false,"quarantined_at_receipt":false}
3,-1,1790940311096,scalp,SCALP_CLOSED,{"close_time":"2026-10-02T11:25:11Z","instrument":"EURUSD","direction":"SHORT","entry_price":1.12643,"exit_price":1.12543,"layer_depth":3,"stack_depth":4,"gross_pnl":1.00,"instance_id":"GRIND_EURUSD_OPTB","ejected":false,"rolled":false,"broker_utc_offset_s":10800,"account_login":53077984}
3,-1,1790940669399,ea_event,,{"type":"fill_log","seq":18,"ea_time_ms":95006062,"magic":22260201,"deal_ticket":800000016,"order_ticket":1981329218,"position_id":900000008,"entry_type":"IN","deal_type":"BUY","side":"L","layer_index":13,"role":"ENT","deal_price":1.12531,"order_price_open":null,"slippage_pips":null,"volume":0.00,"profit":0.00,"swap":0.00,"commission":0.00,"deal_time_broker":"2026-10-02 11:31:09","deal_time_broker_msc":1790940669000,"halted_at_receipt":false,"quarantined_at_receipt":false}
3,-1,1790941591639,ea_event,,{"type":"fill_log","seq":19,"ea_time_ms":95006125,"magic":22260201,"deal_ticket":800000017,"order_ticket":9009,"position_id":900000009,"entry_type":"IN","deal_type":"SELL","side":"S","layer_index":2,"role":"EXT","deal_price":1.12468,"order_price_open":null,"slippage_pips":null,"volume":0.00,"profit":0.00,"swap":0.00,"commission":0.00,"deal_time_broker":"2026-10-02 11:46:31","deal_time_broker_msc":1790941591000,"halted_at_receipt":false,"quarantined_at_receipt":false}
3,-1,1790941592072,ea_event,,{"type":"fill_log","seq":20,"ea_time_ms":95006125,"magic":22260201,"deal_ticket":800000018,"order_ticket":700000018,"position_id":900000003,"entry_type":"OUT_BY","deal_type":"SELL","side":null,"layer_index":null,"role":null,"deal_price":1.12468,"order_price_open":null,"slippage_pips":null,"volume":0.00,"profit":1.01,"swap":0.00,"commission":0.00,"deal_time_broker":"2026-10-02 11:46:32","deal_time_broker_msc":1790941592000,"halted_at_receipt":false,"quarantined_at_receipt":false}
3,-1,1790941592072,ea_event,,{"type":"fill_log","seq":21,"ea_time_ms":95006125,"magic":22260201,"deal_ticket":800000019,"order_ticket":700000018,"position_id":900000009,"entry_type":"OUT_BY","deal_type":"SELL","side":null,"layer_index":null,"role":null,"deal_price":1.12569,"order_price_open":null,"slippage_pips":null,"volume":0.00,"profit":0.00,"swap":0.00,"commission":0.00,"deal_time_broker":"2026-10-02 11:46:32","deal_time_broker_msc":1790941592000,"halted_at_receipt":false,"quarantined_at_receipt":false}
3,-1,1790941592072,scalp,SCALP_CLOSED,{"close_time":"2026-10-02T11:46:32Z","instrument":"EURUSD","direction":"SHORT","entry_price":1.12569,"exit_price":1.12468,"layer_depth":2,"stack_depth":3,"gross_pnl":1.01,"instance_id":"GRIND_EURUSD_OPTB","ejected":false,"rolled":false,"broker_utc_offset_s":10800,"account_login":53077984}
3,-1,1790941623225,ea_event,,{"type":"fill_log","seq":22,"ea_time_ms":95006125,"magic":22260201,"deal_ticket":800000020,"order_ticket":9012,"position_id":900000010,"entry_type":"IN","deal_type":"BUY","side":"L","layer_index":14,"role":"ENT","deal_price":1.12461,"order_price_open":null,"slippage_pips":null,"volume":0.00,"profit":0.00,"swap":0.00,"commission":0.00,"deal_time_broker":"2026-10-02 11:47:03","deal_time_broker_msc":1790941623000,"halted_at_receipt":false,"quarantined_at_receipt":false}
3,-1,1790946902437,ea_event,,{"type":"fill_log","seq":23,"ea_time_ms":95006328,"magic":22260201,"deal_ticket":800000021,"order_ticket":9013,"position_id":900000011,"entry_type":"IN","deal_type":"SELL","side":"S","layer_index":1,"role":"EXT","deal_price":1.12398,"order_price_open":null,"slippage_pips":null,"volume":0.00,"profit":0.00,"swap":0.00,"commission":0.00,"deal_time_broker":"2026-10-02 13:15:02","deal_time_broker_msc":1790946902000,"halted_at_receipt":false,"quarantined_at_receipt":false}
3,-1,1790946902880,ea_event,,{"type":"fill_log","seq":24,"ea_time_ms":95006328,"magic":22260201,"deal_ticket":800000022,"order_ticket":700000022,"position_id":900000001,"entry_type":"OUT_BY","deal_type":"SELL","side":null,"layer_index":null,"role":null,"deal_price":1.12398,"order_price_open":null,"slippage_pips":null,"volume":0.00,"profit":1.00,"swap":0.00,"commission":0.00,"deal_time_broker":"2026-10-02 13:15:02","deal_time_broker_msc":1790946902000,"halted_at_receipt":false,"quarantined_at_receipt":false}
3,-1,1790946902880,ea_event,,{"type":"fill_log","seq":25,"ea_time_ms":95006328,"magic":22260201,"deal_ticket":800000023,"order_ticket":700000022,"position_id":900000011,"entry_type":"OUT_BY","deal_type":"SELL","side":null,"layer_index":null,"role":null,"deal_price":1.12498,"order_price_open":null,"slippage_pips":null,"volume":0.00,"profit":0.00,"swap":0.00,"commission":0.00,"deal_time_broker":"2026-10-02 13:15:02","deal_time_broker_msc":1790946902000,"halted_at_receipt":false,"quarantined_at_receipt":false}
3,-1,1790946902880,scalp,SCALP_CLOSED,{"close_time":"2026-10-02T13:15:02Z","instrument":"EURUSD","direction":"SHORT","entry_price":1.12498,"exit_price":1.12398,"layer_depth":1,"stack_depth":2,"gross_pnl":1.00,"instance_id":"GRIND_EURUSD_OPTB","ejected":false,"rolled":false,"broker_utc_offset_s":10800,"account_login":53077984}
3,-1,1790946929193,ea_event,,{"type":"fill_log","seq":26,"ea_time_ms":95006328,"magic":22260201,"deal_ticket":800000024,"order_ticket":9016,"position_id":900000012,"entry_type":"IN","deal_type":"BUY","side":"L","layer_index":15,"role":"ENT","deal_price":1.12388,"order_price_open":null,"slippage_pips":null,"volume":0.00,"profit":0.00,"swap":0.00,"commission":0.00,"deal_time_broker":"2026-10-02 13:15:29","deal_time_broker_msc":1790946929000,"halted_at_receipt":false,"quarantined_at_receipt":false}
3,-1,1790947243631,ea_event,,{"type":"fill_log","seq":27,"ea_time_ms":95006343,"magic":22260201,"deal_ticket":800000025,"order_ticket":1981380735,"position_id":900000013,"entry_type":"IN","deal_type":"SELL","side":"S","layer_index":0,"role":"EXT","deal_price":1.12323,"order_price_open":null,"slippage_pips":null,"volume":0.00,"profit":0.00,"swap":0.00,"commission":0.00,"deal_time_broker":"2026-10-02 13:20:43","deal_time_broker_msc":1790947243000,"halted_at_receipt":false,"quarantined_at_receipt":false}
3,-1,1790947244057,ea_event,,{"type":"fill_log","seq":28,"ea_time_ms":95006343,"magic":22260201,"deal_ticket":800000026,"order_ticket":700000026,"position_id":1981098959,"entry_type":"OUT_BY","deal_type":"SELL","side":null,"layer_index":null,"role":null,"deal_price":1.12323,"order_price_open":null,"slippage_pips":null,"volume":0.00,"profit":1.03,"swap":0.00,"commission":0.00,"deal_time_broker":"2026-10-02 13:20:44","deal_time_broker_msc":1790947244000,"halted_at_receipt":false,"quarantined_at_receipt":false}
3,-1,1790947244057,ea_event,,{"type":"fill_log","seq":29,"ea_time_ms":95006343,"magic":22260201,"deal_ticket":800000027,"order_ticket":700000026,"position_id":900000013,"entry_type":"OUT_BY","deal_type":"SELL","side":null,"layer_index":null,"role":null,"deal_price":1.12426,"order_price_open":null,"slippage_pips":null,"volume":0.00,"profit":0.00,"swap":0.00,"commission":0.00,"deal_time_broker":"2026-10-02 13:20:44","deal_time_broker_msc":1790947244000,"halted_at_receipt":false,"quarantined_at_receipt":false}
3,-1,1790947244057,scalp,SCALP_CLOSED,{"close_time":"2026-10-02T13:20:44Z","instrument":"EURUSD","direction":"SHORT","entry_price":1.12426,"exit_price":1.12323,"layer_depth":0,"stack_depth":1,"gross_pnl":1.03,"instance_id":"GRIND_EURUSD_OPTB","ejected":false,"rolled":false,"broker_utc_offset_s":10800,"account_login":53077984}
3,-1,1790947244495,ea_event,,{"type":"fill_log","seq":30,"ea_time_ms":95006343,"magic":22260201,"deal_ticket":800000028,"order_ticket":9019,"position_id":900000014,"entry_type":"IN","deal_type":"BUY","side":"L","layer_index":16,"role":"ENT","deal_price":1.12318,"order_price_open":null,"slippage_pips":null,"volume":0.00,"profit":0.00,"swap":0.00,"commission":0.00,"deal_time_broker":"2026-10-02 13:20:44","deal_time_broker_msc":1790947244000,"halted_at_receipt":false,"quarantined_at_receipt":false}
3,-1,1790947829277,ea_event,,{"type":"fill_log","seq":31,"ea_time_ms":95006359,"magic":22260201,"deal_ticket":800000029,"order_ticket":9020,"position_id":900000015,"entry_type":"IN","deal_type":"SELL","side":"S","layer_index":0,"role":"ENT","deal_price":1.12387,"order_price_open":null,"slippage_pips":null,"volume":0.00,"profit":0.00,"swap":0.00,"commission":0.00,"deal_time_broker":"2026-10-02 13:30:29","deal_time_broker_msc":1790947829000,"halted_at_receipt":false,"quarantined_at_receipt":false}
3,-1,1790949812035,ea_event,,{"type":"fill_log","seq":32,"ea_time_ms":95006437,"magic":22260201,"deal_ticket":800000030,"order_ticket":9022,"position_id":900000016,"entry_type":"IN","deal_type":"SELL","side":"S","layer_index":0,"role":"EXT","deal_price":1.12286,"order_price_open":null,"slippage_pips":null,"volume":0.00,"profit":0.00,"swap":0.00,"commission":0.00,"deal_time_broker":"2026-10-02 14:03:32","deal_time_broker_msc":1790949812000,"halted_at_receipt":false,"quarantined_at_receipt":false}
3,-1,1790949812871,ea_event,,{"type":"fill_log","seq":33,"ea_time_ms":95006437,"magic":22260201,"deal_ticket":800000031,"order_ticket":700000031,"position_id":900000015,"entry_type":"OUT_BY","deal_type":"SELL","side":null,"layer_index":null,"role":null,"deal_price":1.12286,"order_price_open":null,"slippage_pips":null,"volume":0.00,"profit":1.01,"swap":0.00,"commission":0.00,"deal_time_broker":"2026-10-02 14:03:32","deal_time_broker_msc":1790949812000,"halted_at_receipt":false,"quarantined_at_receipt":false}
3,-1,1790949812871,ea_event,,{"type":"fill_log","seq":34,"ea_time_ms":95006437,"magic":22260201,"deal_ticket":800000032,"order_ticket":700000031,"position_id":900000016,"entry_type":"OUT_BY","deal_type":"SELL","side":null,"layer_index":null,"role":null,"deal_price":1.12387,"order_price_open":null,"slippage_pips":null,"volume":0.00,"profit":0.00,"swap":0.00,"commission":0.00,"deal_time_broker":"2026-10-02 14:03:32","deal_time_broker_msc":1790949812000,"halted_at_receipt":false,"quarantined_at_receipt":false}
3,-1,1790949812871,scalp,SCALP_CLOSED,{"close_time":"2026-10-02T14:03:32Z","instrument":"EURUSD","direction":"SHORT","entry_price":1.12387,"exit_price":1.12286,"layer_depth":0,"stack_depth":1,"gross_pnl":1.01,"instance_id":"GRIND_EURUSD_OPTB","ejected":false,"rolled":false,"broker_utc_offset_s":10800,"account_login":53077984}
3,-1,1790950585967,ea_event,,{"type":"fill_log","seq":35,"ea_time_ms":95006453,"magic":22260201,"deal_ticket":800000033,"order_ticket":9024,"position_id":900000017,"entry_type":"IN","deal_type":"SELL","side":"S","layer_index":0,"role":"ENT","deal_price":1.12357,"order_price_open":null,"slippage_pips":null,"volume":0.00,"profit":0.00,"swap":0.00,"commission":0.00,"deal_time_broker":"2026-10-02 14:16:25","deal_time_broker_msc":1790950585000,"halted_at_receipt":false,"quarantined_at_receipt":false}
3,-1,1790951760216,ea_event,,{"type":"fill_log","seq":36,"ea_time_ms":95006500,"magic":22260201,"deal_ticket":800000034,"order_ticket":9021,"position_id":900000018,"entry_type":"IN","deal_type":"BUY","side":"L","layer_index":16,"role":"EXT","deal_price":1.12418,"order_price_open":null,"slippage_pips":null,"volume":0.00,"profit":0.00,"swap":0.00,"commission":0.00,"deal_time_broker":"2026-10-02 14:36:00","deal_time_broker_msc":1790951760000,"halted_at_receipt":false,"quarantined_at_receipt":false}
3,-1,1790951760649,ea_event,,{"type":"fill_log","seq":37,"ea_time_ms":95006500,"magic":22260201,"deal_ticket":800000035,"order_ticket":700000035,"position_id":900000014,"entry_type":"OUT_BY","deal_type":"SELL","side":null,"layer_index":null,"role":null,"deal_price":1.12418,"order_price_open":null,"slippage_pips":null,"volume":0.00,"profit":1.00,"swap":0.00,"commission":0.00,"deal_time_broker":"2026-10-02 14:36:00","deal_time_broker_msc":1790951760000,"halted_at_receipt":false,"quarantined_at_receipt":false}
3,-1,1790951760649,ea_event,,{"type":"fill_log","seq":38,"ea_time_ms":95006500,"magic":22260201,"deal_ticket":800000036,"order_ticket":700000035,"position_id":900000018,"entry_type":"OUT_BY","deal_type":"SELL","side":null,"layer_index":null,"role":null,"deal_price":1.12318,"order_price_open":null,"slippage_pips":null,"volume":0.00,"profit":0.00,"swap":0.00,"commission":0.00,"deal_time_broker":"2026-10-02 14:36:00","deal_time_broker_msc":1790951760000,"halted_at_receipt":false,"quarantined_at_receipt":false}
3,-1,1790951760649,scalp,SCALP_CLOSED,{"close_time":"2026-10-02T14:36:00Z","instrument":"EURUSD","direction":"LONG","entry_price":1.12318,"exit_price":1.12418,"layer_depth":16,"stack_depth":8,"gross_pnl":1.00,"instance_id":"GRIND_EURUSD_OPTB","ejected":false,"rolled":false,"broker_utc_offset_s":10800,"account_login":53077984}
3,-1,1790952268628,ea_event,,{"type":"fill_log","seq":39,"ea_time_ms":95006515,"magic":22260201,"deal_ticket":800000037,"order_ticket":9026,"position_id":900000019,"entry_type":"IN","deal_type":"SELL","side":"S","layer_index":1,"role":"ENT","deal_price":1.12427,"order_price_open":null,"slippage_pips":null,"volume":0.00,"profit":0.00,"swap":0.00,"commission":0.00,"deal_time_broker":"2026-10-02 14:44:28","deal_time_broker_msc":1790952268000,"halted_at_receipt":false,"quarantined_at_receipt":false}
3,-1,1790952785414,ea_event,,{"type":"fill_log","seq":40,"ea_time_ms":95006546,"magic":22260201,"deal_ticket":800000038,"order_ticket":9029,"position_id":900000020,"entry_type":"IN","deal_type":"SELL","side":"S","layer_index":1,"role":"EXT","deal_price":1.12327,"order_price_open":null,"slippage_pips":null,"volume":0.00,"profit":0.00,"swap":0.00,"commission":0.00,"deal_time_broker":"2026-10-02 14:53:05","deal_time_broker_msc":1790952785000,"halted_at_receipt":false,"quarantined_at_receipt":false}
3,-1,1790952785844,ea_event,,{"type":"fill_log","seq":41,"ea_time_ms":95006546,"magic":22260201,"deal_ticket":800000039,"order_ticket":700000039,"position_id":900000019,"entry_type":"OUT_BY","deal_type":"SELL","side":null,"layer_index":null,"role":null,"deal_price":1.12327,"order_price_open":null,"slippage_pips":null,"volume":0.00,"profit":1.00,"swap":0.00,"commission":0.00,"deal_time_broker":"2026-10-02 14:53:05","deal_time_broker_msc":1790952785000,"halted_at_receipt":false,"quarantined_at_receipt":false}
3,-1,1790952785844,ea_event,,{"type":"fill_log","seq":42,"ea_time_ms":95006546,"magic":22260201,"deal_ticket":800000040,"order_ticket":700000039,"position_id":900000020,"entry_type":"OUT_BY","deal_type":"SELL","side":null,"layer_index":null,"role":null,"deal_price":1.12427,"order_price_open":null,"slippage_pips":null,"volume":0.00,"profit":0.00,"swap":0.00,"commission":0.00,"deal_time_broker":"2026-10-02 14:53:05","deal_time_broker_msc":1790952785000,"halted_at_receipt":false,"quarantined_at_receipt":false}
3,-1,1790952785844,scalp,SCALP_CLOSED,{"close_time":"2026-10-02T14:53:05Z","instrument":"EURUSD","direction":"SHORT","entry_price":1.12427,"exit_price":1.12327,"layer_depth":1,"stack_depth":2,"gross_pnl":1.00,"instance_id":"GRIND_EURUSD_OPTB","ejected":false,"rolled":false,"broker_utc_offset_s":10800,"account_login":53077984}
3,-1,1790952797066,ea_event,,{"type":"fill_log","seq":43,"ea_time_ms":95006546,"magic":22260201,"deal_ticket":800000041,"order_ticket":9028,"position_id":900000021,"entry_type":"IN","deal_type":"BUY","side":"L","layer_index":16,"role":"ENT","deal_price":1.12317,"order_price_open":null,"slippage_pips":null,"volume":0.00,"profit":0.00,"swap":0.00,"commission":0.00,"deal_time_broker":"2026-10-02 14:53:17","deal_time_broker_msc":1790952797000,"halted_at_receipt":false,"quarantined_at_receipt":false}
3,-1,1790953608019,ea_event,,{"type":"fill_log","seq":44,"ea_time_ms":95006578,"magic":22260201,"deal_ticket":800000042,"order_ticket":9025,"position_id":900000022,"entry_type":"IN","deal_type":"SELL","side":"S","layer_index":0,"role":"EXT","deal_price":1.12256,"order_price_open":null,"slippage_pips":null,"volume":0.00,"profit":0.00,"swap":0.00,"commission":0.00,"deal_time_broker":"2026-10-02 15:06:48","deal_time_broker_msc":1790953608000,"halted_at_receipt":false,"quarantined_at_receipt":false}
3,-1,1790953608443,ea_event,,{"type":"fill_log","seq":45,"ea_time_ms":95006578,"magic":22260201,"deal_ticket":800000043,"order_ticket":700000043,"position_id":900000017,"entry_type":"OUT_BY","deal_type":"SELL","side":null,"layer_index":null,"role":null,"deal_price":1.12256,"order_price_open":null,"slippage_pips":null,"volume":0.00,"profit":1.01,"swap":0.00,"commission":0.00,"deal_time_broker":"2026-10-02 15:06:48","deal_time_broker_msc":1790953608000,"halted_at_receipt":false,"quarantined_at_receipt":false}
3,-1,1790953608443,ea_event,,{"type":"fill_log","seq":46,"ea_time_ms":95006578,"magic":22260201,"deal_ticket":800000044,"order_ticket":700000043,"position_id":900000022,"entry_type":"OUT_BY","deal_type":"SELL","side":null,"layer_index":null,"role":null,"deal_price":1.12357,"order_price_open":null,"slippage_pips":null,"volume":0.00,"profit":0.00,"swap":0.00,"commission":0.00,"deal_time_broker":"2026-10-02 15:06:48","deal_time_broker_msc":1790953608000,"halted_at_receipt":false,"quarantined_at_receipt":false}
3,-1,1790953608443,scalp,SCALP_CLOSED,{"close_time":"2026-10-02T15:06:48Z","instrument":"EURUSD","direction":"SHORT","entry_price":1.12357,"exit_price":1.12256,"layer_depth":0,"stack_depth":1,"gross_pnl":1.01,"instance_id":"GRIND_EURUSD_OPTB","ejected":false,"rolled":false,"broker_utc_offset_s":10800,"account_login":53077984}
3,-1,1790953711458,ea_event,ROLL_ACCEPTED,{"type":"ea_event","seq":47,"ea_time_ms":95006578,"magic":null,"level":"INFO","code":"ROLL_ACCEPTED","reason":null,"ticket":1979871645,"detail":{"ticket":1979871645,"side":"L","layer_index":12,"entry":1.12672,"level":1.12247,"target":1.12355,"accrued":0.00008,"clamped":false,"cost":0.00325,"cost_pips":32.5,"rolled":4,"was_ejected":false,"source":"auto","reroll":false,"from_level":0.00000}}
3,-1,1790954738684,ea_event,,{"type":"fill_log","seq":48,"ea_time_ms":95006625,"magic":22260201,"deal_ticket":800000045,"order_ticket":9033,"position_id":900000023,"entry_type":"IN","deal_type":"SELL","side":"S","layer_index":0,"role":"ENT","deal_price":1.12287,"order_price_open":null,"slippage_pips":null,"volume":0.00,"profit":0.00,"swap":0.00,"commission":0.00,"deal_time_broker":"2026-10-02 15:25:38","deal_time_broker_msc":1790954738000,"halted_at_receipt":false,"quarantined_at_receipt":false}
3,-1,1790955002349,ea_event,,{"type":"fill_log","seq":49,"ea_time_ms":95006640,"magic":22260201,"deal_ticket":800000046,"order_ticket":9034,"position_id":900000024,"entry_type":"IN","deal_type":"BUY","side":"L","layer_index":12,"role":"EXT","deal_price":1.12573,"order_price_open":null,"slippage_pips":null,"volume":0.00,"profit":0.00,"swap":0.00,"commission":0.00,"deal_time_broker":"2026-10-02 15:30:02","deal_time_broker_msc":1790955002000,"halted_at_receipt":false,"quarantined_at_receipt":false}
3,-1,1790955002349,ea_event,,{"type":"fill_log","seq":50,"ea_time_ms":95006640,"magic":22260201,"deal_ticket":800000047,"order_ticket":9036,"position_id":900000025,"entry_type":"IN","deal_type":"SELL","side":"S","layer_index":1,"role":"ENT","deal_price":1.12573,"order_price_open":null,"slippage_pips":null,"volume":0.00,"profit":0.00,"swap":0.00,"commission":0.00,"deal_time_broker":"2026-10-02 15:30:02","deal_time_broker_msc":1790955002000,"halted_at_receipt":false,"quarantined_at_receipt":false}
3,-1,1790955003760,ea_event,,{"type":"fill_log","seq":51,"ea_time_ms":95006640,"magic":22260201,"deal_ticket":800000048,"order_ticket":700000048,"position_id":1979871645,"entry_type":"OUT_BY","deal_type":"SELL","side":null,"layer_index":null,"role":null,"deal_price":1.12573,"order_price_open":null,"slippage_pips":null,"volume":0.00,"profit":-0.99,"swap":-0.08,"commission":0.00,"deal_time_broker":"2026-10-02 15:30:03","deal_time_broker_msc":1790955003000,"halted_at_receipt":false,"quarantined_at_receipt":false}
3,-1,1790955003760,ea_event,ROLL_FILLED,{"type":"ea_event","seq":52,"ea_time_ms":95006640,"magic":null,"level":"INFO","code":"ROLL_FILLED","reason":null,"ticket":1979871645,"detail":{"ticket":1979871645,"level":1.12247}}
3,-1,1790955003760,ea_event,,{"type":"fill_log","seq":53,"ea_time_ms":95006640,"magic":22260201,"deal_ticket":800000049,"order_ticket":700000048,"position_id":900000024,"entry_type":"OUT_BY","deal_type":"SELL","side":null,"layer_index":null,"role":null,"deal_price":1.12672,"order_price_open":null,"slippage_pips":null,"volume":0.00,"profit":0.00,"swap":0.00,"commission":0.00,"deal_time_broker":"2026-10-02 15:30:03","deal_time_broker_msc":1790955003000,"halted_at_receipt":false,"quarantined_at_receipt":false}
3,-1,1790955003760,scalp,SCALP_CLOSED,{"close_time":"2026-10-02T15:30:03Z","instrument":"EURUSD","direction":"LONG","entry_price":1.12672,"exit_price":1.12573,"layer_depth":12,"stack_depth":8,"gross_pnl":-1.07,"instance_id":"GRIND_EURUSD_OPTB","ejected":false,"rolled":true,"broker_utc_offset_s":10800,"account_login":53077984}
3,-1,1790955005731,ea_event,,{"type":"fill_log","seq":54,"ea_time_ms":95006640,"magic":22260201,"deal_ticket":800000050,"order_ticket":9039,"position_id":900000026,"entry_type":"IN","deal_type":"BUY","side":"L","layer_index":16,"role":"EXT","deal_price":1.12600,"order_price_open":null,"slippage_pips":null,"volume":0.00,"profit":0.00,"swap":0.00,"commission":0.00,"deal_time_broker":"2026-10-02 15:30:05","deal_time_broker_msc":1790955005000,"halted_at_receipt":false,"quarantined_at_receipt":false}
3,-1,1790955006966,ea_event,,{"type":"fill_log","seq":55,"ea_time_ms":95006640,"magic":22260201,"deal_ticket":800000051,"order_ticket":700000051,"position_id":900000021,"entry_type":"OUT_BY","deal_type":"SELL","side":null,"layer_index":null,"role":null,"deal_price":1.12600,"order_price_open":null,"slippage_pips":null,"volume":0.00,"profit":2.83,"swap":0.00,"commission":0.00,"deal_time_broker":"2026-10-02 15:30:06","deal_time_broker_msc":1790955006000,"halted_at_receipt":false,"quarantined_at_receipt":false}
3,-1,1790955006966,ea_event,,{"type":"fill_log","seq":56,"ea_time_ms":95006640,"magic":22260201,"deal_ticket":800000052,"order_ticket":700000051,"position_id":900000026,"entry_type":"OUT_BY","deal_type":"SELL","side":null,"layer_index":null,"role":null,"deal_price":1.12317,"order_price_open":null,"slippage_pips":null,"volume":0.00,"profit":0.00,"swap":0.00,"commission":0.00,"deal_time_broker":"2026-10-02 15:30:06","deal_time_broker_msc":1790955006000,"halted_at_receipt":false,"quarantined_at_receipt":false}
3,-1,1790955006966,scalp,SCALP_CLOSED,{"close_time":"2026-10-02T15:30:06Z","instrument":"EURUSD","direction":"LONG","entry_price":1.12317,"exit_price":1.12600,"layer_depth":16,"stack_depth":7,"gross_pnl":2.83,"instance_id":"GRIND_EURUSD_OPTB","ejected":false,"rolled":false,"broker_utc_offset_s":10800,"account_login":53077984}
3,-1,1790955010946,ea_event,,{"type":"fill_log","seq":57,"ea_time_ms":95006640,"magic":22260201,"deal_ticket":800000053,"order_ticket":9037,"position_id":900000027,"entry_type":"IN","deal_type":"SELL","side":"S","layer_index":1,"role":"EXT","deal_price":1.12469,"order_price_open":null,"slippage_pips":null,"volume":0.00,"profit":0.00,"swap":0.00,"commission":0.00,"deal_time_broker":"2026-10-02 15:30:10","deal_time_broker_msc":1790955010000,"halted_at_receipt":false,"quarantined_at_receipt":false}
3,-1,1790955011582,ea_event,,{"type":"fill_log","seq":58,"ea_time_ms":95006640,"magic":22260201,"deal_ticket":800000054,"order_ticket":700000054,"position_id":900000025,"entry_type":"OUT_BY","deal_type":"SELL","side":null,"layer_index":null,"role":null,"deal_price":1.12469,"order_price_open":null,"slippage_pips":null,"volume":0.00,"profit":1.04,"swap":0.00,"commission":0.00,"deal_time_broker":"2026-10-02 15:30:11","deal_time_broker_msc":1790955011000,"halted_at_receipt":false,"quarantined_at_receipt":false}
3,-1,1790955011582,ea_event,,{"type":"fill_log","seq":59,"ea_time_ms":95006640,"magic":22260201,"deal_ticket":800000055,"order_ticket":700000054,"position_id":900000027,"entry_type":"OUT_BY","deal_type":"SELL","side":null,"layer_index":null,"role":null,"deal_price":1.12573,"order_price_open":null,"slippage_pips":null,"volume":0.00,"profit":0.00,"swap":0.00,"commission":0.00,"deal_time_broker":"2026-10-02 15:30:11","deal_time_broker_msc":1790955011000,"halted_at_receipt":false,"quarantined_at_receipt":false}
3,-1,1790955011582,scalp,SCALP_CLOSED,{"close_time":"2026-10-02T15:30:11Z","instrument":"EURUSD","direction":"SHORT","entry_price":1.12573,"exit_price":1.12469,"layer_depth":1,"stack_depth":2,"gross_pnl":1.04,"instance_id":"GRIND_EURUSD_OPTB","ejected":false,"rolled":false,"broker_utc_offset_s":10800,"account_login":53077984}
3,-1,1790955014358,ea_event,,{"type":"fill_log","seq":60,"ea_time_ms":95006640,"magic":22260201,"deal_ticket":800000056,"order_ticket":9043,"position_id":900000028,"entry_type":"IN","deal_type":"SELL","side":"S","layer_index":1,"role":"ENT","deal_price":1.12455,"order_price_open":null,"slippage_pips":null,"volume":0.00,"profit":0.00,"swap":0.00,"commission":0.00,"deal_time_broker":"2026-10-02 15:30:14","deal_time_broker_msc":1790955014000,"halted_at_receipt":false,"quarantined_at_receipt":false}
3,-1,1790955075764,ea_event,,{"type":"fill_log","seq":61,"ea_time_ms":95006656,"magic":22260201,"deal_ticket":800000057,"order_ticket":9045,"position_id":900000029,"entry_type":"IN","deal_type":"SELL","side":"S","layer_index":2,"role":"ENT","deal_price":1.12532,"order_price_open":null,"slippage_pips":null,"volume":0.00,"profit":0.00,"swap":0.00,"commission":0.00,"deal_time_broker":"2026-10-02 15:31:15","deal_time_broker_msc":1790955075000,"halted_at_receipt":false,"quarantined_at_receipt":false}
3,-1,1790955218515,ea_event,,{"type":"fill_log","seq":62,"ea_time_ms":95006671,"magic":22260201,"deal_ticket":800000058,"order_ticket":9046,"position_id":900000030,"entry_type":"IN","deal_type":"SELL","side":"S","layer_index":2,"role":"EXT","deal_price":1.12433,"order_price_open":null,"slippage_pips":null,"volume":0.00,"profit":0.00,"swap":0.00,"commission":0.00,"deal_time_broker":"2026-10-02 15:33:38","deal_time_broker_msc":1790955218000,"halted_at_receipt":false,"quarantined_at_receipt":false}
3,-1,1790955218950,ea_event,,{"type":"fill_log","seq":63,"ea_time_ms":95006671,"magic":22260201,"deal_ticket":800000059,"order_ticket":700000059,"position_id":900000029,"entry_type":"OUT_BY","deal_type":"SELL","side":null,"layer_index":null,"role":null,"deal_price":1.12433,"order_price_open":null,"slippage_pips":null,"volume":0.00,"profit":0.99,"swap":0.00,"commission":0.00,"deal_time_broker":"2026-10-02 15:33:38","deal_time_broker_msc":1790955218000,"halted_at_receipt":false,"quarantined_at_receipt":false}
3,-1,1790955218950,ea_event,,{"type":"fill_log","seq":64,"ea_time_ms":95006671,"magic":22260201,"deal_ticket":800000060,"order_ticket":700000059,"position_id":900000030,"entry_type":"OUT_BY","deal_type":"SELL","side":null,"layer_index":null,"role":null,"deal_price":1.12532,"order_price_open":null,"slippage_pips":null,"volume":0.00,"profit":0.00,"swap":0.00,"commission":0.00,"deal_time_broker":"2026-10-02 15:33:38","deal_time_broker_msc":1790955218000,"halted_at_receipt":false,"quarantined_at_receipt":false}
3,-1,1790955218950,scalp,SCALP_CLOSED,{"close_time":"2026-10-02T15:33:38Z","instrument":"EURUSD","direction":"SHORT","entry_price":1.12532,"exit_price":1.12433,"layer_depth":2,"stack_depth":3,"gross_pnl":0.99,"instance_id":"GRIND_EURUSD_OPTB","ejected":false,"rolled":false,"broker_utc_offset_s":10800,"account_login":53077984}
3,-1,1790956236391,ea_event,,{"type":"fill_log","seq":65,"ea_time_ms":95006750,"magic":22260201,"deal_ticket":800000061,"order_ticket":9049,"position_id":900000031,"entry_type":"IN","deal_type":"SELL","side":"S","layer_index":2,"role":"ENT","deal_price":1.12528,"order_price_open":null,"slippage_pips":null,"volume":0.00,"profit":0.00,"swap":0.00,"commission":0.00,"deal_time_broker":"2026-10-02 15:50:36","deal_time_broker_msc":1790956236000,"halted_at_receipt":false,"quarantined_at_receipt":false}
3,-1,1790956508874,ea_event,,{"type":"fill_log","seq":66,"ea_time_ms":95006765,"magic":22260201,"deal_ticket":800000062,"order_ticket":9041,"position_id":900000032,"entry_type":"IN","deal_type":"BUY","side":"L","layer_index":15,"role":"EXT","deal_price":1.12588,"order_price_open":null,"slippage_pips":null,"volume":0.00,"profit":0.00,"swap":0.00,"commission":0.00,"deal_time_broker":"2026-10-02 15:55:08","deal_time_broker_msc":1790956508000,"halted_at_receipt":false,"quarantined_at_receipt":false}
3,-1,1790956509311,ea_event,,{"type":"fill_log","seq":67,"ea_time_ms":95006765,"magic":22260201,"deal_ticket":800000063,"order_ticket":700000063,"position_id":900000012,"entry_type":"OUT_BY","deal_type":"SELL","side":null,"layer_index":null,"role":null,"deal_price":1.12588,"order_price_open":null,"slippage_pips":null,"volume":0.00,"profit":2.00,"swap":0.00,"commission":0.00,"deal_time_broker":"2026-10-02 15:55:09","deal_time_broker_msc":1790956509000,"halted_at_receipt":false,"quarantined_at_receipt":false}
3,-1,1790956509311,ea_event,,{"type":"fill_log","seq":68,"ea_time_ms":95006765,"magic":22260201,"deal_ticket":800000064,"order_ticket":700000063,"position_id":900000032,"entry_type":"OUT_BY","deal_type":"SELL","side":null,"layer_index":null,"role":null,"deal_price":1.12388,"order_price_open":null,"slippage_pips":null,"volume":0.00,"profit":0.00,"swap":0.00,"commission":0.00,"deal_time_broker":"2026-10-02 15:55:09","deal_time_broker_msc":1790956509000,"halted_at_receipt":false,"quarantined_at_receipt":false}
3,-1,1790956509311,scalp,SCALP_CLOSED,{"close_time":"2026-10-02T15:55:09Z","instrument":"EURUSD","direction":"LONG","entry_price":1.12388,"exit_price":1.12588,"layer_depth":15,"stack_depth":6,"gross_pnl":2.00,"instance_id":"GRIND_EURUSD_OPTB","ejected":false,"rolled":false,"broker_utc_offset_s":10800,"account_login":53077984}
3,-1,1790956511888,ea_event,,{"type":"fill_log","seq":69,"ea_time_ms":95006765,"magic":22260201,"deal_ticket":800000065,"order_ticket":9052,"position_id":900000033,"entry_type":"IN","deal_type":"BUY","side":"L","layer_index":14,"role":"EXT","deal_price":1.12585,"order_price_open":null,"slippage_pips":null,"volume":0.00,"profit":0.00,"swap":0.00,"commission":0.00,"deal_time_broker":"2026-10-02 15:55:11","deal_time_broker_msc":1790956511000,"halted_at_receipt":false,"quarantined_at_receipt":false}
3,-1,1790956512326,ea_event,,{"type":"fill_log","seq":70,"ea_time_ms":95006765,"magic":22260201,"deal_ticket":800000066,"order_ticket":700000066,"position_id":900000010,"entry_type":"OUT_BY","deal_type":"SELL","side":null,"layer_index":null,"role":null,"deal_price":1.12585,"order_price_open":null,"slippage_pips":null,"volume":0.00,"profit":1.24,"swap":0.00,"commission":0.00,"deal_time_broker":"2026-10-02 15:55:12","deal_time_broker_msc":1790956512000,"halted_at_receipt":false,"quarantined_at_receipt":false}
3,-1,1790956512326,ea_event,,{"type":"fill_log","seq":71,"ea_time_ms":95006765,"magic":22260201,"deal_ticket":800000067,"order_ticket":700000066,"position_id":900000033,"entry_type":"OUT_BY","deal_type":"SELL","side":null,"layer_index":null,"role":null,"deal_price":1.12461,"order_price_open":null,"slippage_pips":null,"volume":0.00,"profit":0.00,"swap":0.00,"commission":0.00,"deal_time_broker":"2026-10-02 15:55:12","deal_time_broker_msc":1790956512000,"halted_at_receipt":false,"quarantined_at_receipt":false}
3,-1,1790956512326,scalp,SCALP_CLOSED,{"close_time":"2026-10-02T15:55:12Z","instrument":"EURUSD","direction":"LONG","entry_price":1.12461,"exit_price":1.12585,"layer_depth":14,"stack_depth":5,"gross_pnl":1.24,"instance_id":"GRIND_EURUSD_OPTB","ejected":false,"rolled":false,"broker_utc_offset_s":10800,"account_login":53077984}
3,-1,1790956517714,ea_event,,{"type":"fill_log","seq":72,"ea_time_ms":95006765,"magic":22260201,"deal_ticket":800000068,"order_ticket":9051,"position_id":900000034,"entry_type":"IN","deal_type":"SELL","side":"S","layer_index":3,"role":"ENT","deal_price":1.12600,"order_price_open":null,"slippage_pips":null,"volume":0.00,"profit":0.00,"swap":0.00,"commission":0.00,"deal_time_broker":"2026-10-02 15:55:17","deal_time_broker_msc":1790956517000,"halted_at_receipt":false,"quarantined_at_receipt":false}
3,-1,1790956741785,ea_event,,{"type":"fill_log","seq":73,"ea_time_ms":95006781,"magic":22260201,"deal_ticket":800000069,"order_ticket":9054,"position_id":900000035,"entry_type":"IN","deal_type":"BUY","side":"L","layer_index":13,"role":"EXT","deal_price":1.12631,"order_price_open":null,"slippage_pips":null,"volume":0.00,"profit":0.00,"swap":0.00,"commission":0.00,"deal_time_broker":"2026-10-02 15:59:01","deal_time_broker_msc":1790956741000,"halted_at_receipt":false,"quarantined_at_receipt":false}
3,-1,1790956742622,ea_event,,{"type":"fill_log","seq":74,"ea_time_ms":95006781,"magic":22260201,"deal_ticket":800000070,"order_ticket":700000070,"position_id":900000008,"entry_type":"OUT_BY","deal_type":"SELL","side":null,"layer_index":null,"role":null,"deal_price":1.12631,"order_price_open":null,"slippage_pips":null,"volume":0.00,"profit":1.00,"swap":0.00,"commission":0.00,"deal_time_broker":"2026-10-02 15:59:02","deal_time_broker_msc":1790956742000,"halted_at_receipt":false,"quarantined_at_receipt":false}
3,-1,1790956742622,ea_event,,{"type":"fill_log","seq":75,"ea_time_ms":95006781,"magic":22260201,"deal_ticket":800000071,"order_ticket":700000070,"position_id":900000035,"entry_type":"OUT_BY","deal_type":"SELL","side":null,"layer_index":null,"role":null,"deal_price":1.12531,"order_price_open":null,"slippage_pips":null,"volume":0.00,"profit":0.00,"swap":0.00,"commission":0.00,"deal_time_broker":"2026-10-02 15:59:02","deal_time_broker_msc":1790956742000,"halted_at_receipt":false,"quarantined_at_receipt":false}
3,-1,1790956742622,scalp,SCALP_CLOSED,{"close_time":"2026-10-02T15:59:02Z","instrument":"EURUSD","direction":"LONG","entry_price":1.12531,"exit_price":1.12631,"layer_depth":13,"stack_depth":4,"gross_pnl":1.00,"instance_id":"GRIND_EURUSD_OPTB","ejected":false,"rolled":false,"broker_utc_offset_s":10800,"account_login":53077984}
3,-1,1790957242326,ea_event,,{"type":"fill_log","seq":76,"ea_time_ms":95006812,"magic":22260201,"deal_ticket":800000072,"order_ticket":9059,"position_id":900000036,"entry_type":"IN","deal_type":"BUY","side":"L","layer_index":8,"role":"ENT","deal_price":1.12533,"order_price_open":null,"slippage_pips":null,"volume":0.00,"profit":0.00,"swap":0.00,"commission":0.00,"deal_time_broker":"2026-10-02 16:07:22","deal_time_broker_msc":1790957242000,"halted_at_receipt":false,"quarantined_at_receipt":false}
3,-1,1790957405684,ea_event,,{"type":"fill_log","seq":77,"ea_time_ms":95006828,"magic":22260201,"deal_ticket":800000073,"order_ticket":9056,"position_id":900000037,"entry_type":"IN","deal_type":"SELL","side":"S","layer_index":3,"role":"EXT","deal_price":1.12498,"order_price_open":null,"slippage_pips":null,"volume":0.00,"profit":0.00,"swap":0.00,"commission":0.00,"deal_time_broker":"2026-10-02 16:10:05","deal_time_broker_msc":1790957405000,"halted_at_receipt":false,"quarantined_at_receipt":false}
3,-1,1790957406327,ea_event,,{"type":"fill_log","seq":78,"ea_time_ms":95006828,"magic":22260201,"deal_ticket":800000074,"order_ticket":700000074,"position_id":900000034,"entry_type":"OUT_BY","deal_type":"SELL","side":null,"layer_index":null,"role":null,"deal_price":1.12498,"order_price_open":null,"slippage_pips":null,"volume":0.00,"profit":1.02,"swap":0.00,"commission":0.00,"deal_time_broker":"2026-10-02 16:10:06","deal_time_broker_msc":1790957406000,"halted_at_receipt":false,"quarantined_at_receipt":false}
3,-1,1790957406327,ea_event,,{"type":"fill_log","seq":79,"ea_time_ms":95006828,"magic":22260201,"deal_ticket":800000075,"order_ticket":700000074,"position_id":900000037,"entry_type":"OUT_BY","deal_type":"SELL","side":null,"layer_index":null,"role":null,"deal_price":1.12600,"order_price_open":null,"slippage_pips":null,"volume":0.00,"profit":0.00,"swap":0.00,"commission":0.00,"deal_time_broker":"2026-10-02 16:10:06","deal_time_broker_msc":1790957406000,"halted_at_receipt":false,"quarantined_at_receipt":false}
3,-1,1790957406327,scalp,SCALP_CLOSED,{"close_time":"2026-10-02T16:10:06Z","instrument":"EURUSD","direction":"SHORT","entry_price":1.12600,"exit_price":1.12498,"layer_depth":3,"stack_depth":4,"gross_pnl":1.02,"instance_id":"GRIND_EURUSD_OPTB","ejected":false,"rolled":false,"broker_utc_offset_s":10800,"account_login":53077984}
3,-1,1790957688769,ea_event,,{"type":"fill_log","seq":80,"ea_time_ms":95006843,"magic":22260201,"deal_ticket":800000076,"order_ticket":9061,"position_id":900000038,"entry_type":"IN","deal_type":"BUY","side":"L","layer_index":9,"role":"ENT","deal_price":1.12463,"order_price_open":null,"slippage_pips":null,"volume":0.00,"profit":0.00,"swap":0.00,"commission":0.00,"deal_time_broker":"2026-10-02 16:14:48","deal_time_broker_msc":1790957688000,"halted_at_receipt":false,"quarantined_at_receipt":false}
3,-1,1790958138134,ea_event,,{"type":"fill_log","seq":81,"ea_time_ms":95006875,"magic":22260201,"deal_ticket":800000077,"order_ticket":9062,"position_id":900000039,"entry_type":"IN","deal_type":"SELL","side":"S","layer_index":2,"role":"EXT","deal_price":1.12427,"order_price_open":null,"slippage_pips":null,"volume":0.00,"profit":0.00,"swap":0.00,"commission":0.00,"deal_time_broker":"2026-10-02 16:22:18","deal_time_broker_msc":1790958138000,"halted_at_receipt":false,"quarantined_at_receipt":false}
3,-1,1790958138970,ea_event,,{"type":"fill_log","seq":82,"ea_time_ms":95006875,"magic":22260201,"deal_ticket":800000078,"order_ticket":700000078,"position_id":900000031,"entry_type":"OUT_BY","deal_type":"SELL","side":null,"layer_index":null,"role":null,"deal_price":1.12427,"order_price_open":null,"slippage_pips":null,"volume":0.00,"profit":1.01,"swap":0.00,"commission":0.00,"deal_time_broker":"2026-10-02 16:22:18","deal_time_broker_msc":1790958138000,"halted_at_receipt":false,"quarantined_at_receipt":false}
3,-1,1790958138970,ea_event,,{"type":"fill_log","seq":83,"ea_time_ms":95006875,"magic":22260201,"deal_ticket":800000079,"order_ticket":700000078,"position_id":900000039,"entry_type":"OUT_BY","deal_type":"SELL","side":null,"layer_index":null,"role":null,"deal_price":1.12528,"order_price_open":null,"slippage_pips":null,"volume":0.00,"profit":0.00,"swap":0.00,"commission":0.00,"deal_time_broker":"2026-10-02 16:22:18","deal_time_broker_msc":1790958138000,"halted_at_receipt":false,"quarantined_at_receipt":false}
3,-1,1790958138970,scalp,SCALP_CLOSED,{"close_time":"2026-10-02T16:22:18Z","instrument":"EURUSD","direction":"SHORT","entry_price":1.12528,"exit_price":1.12427,"layer_depth":2,"stack_depth":3,"gross_pnl":1.01,"instance_id":"GRIND_EURUSD_OPTB","ejected":false,"rolled":false,"broker_utc_offset_s":10800,"account_login":53077984}
3,-1,1790958559186,ea_event,,{"type":"fill_log","seq":84,"ea_time_ms":95006890,"magic":22260201,"deal_ticket":800000080,"order_ticket":9067,"position_id":900000040,"entry_type":"IN","deal_type":"SELL","side":"S","layer_index":2,"role":"ENT","deal_price":1.12525,"order_price_open":null,"slippage_pips":null,"volume":0.00,"profit":0.00,"swap":0.00,"commission":0.00,"deal_time_broker":"2026-10-02 16:29:19","deal_time_broker_msc":1790958559000,"halted_at_receipt":false,"quarantined_at_receipt":false}
3,-1,1790959508844,ea_event,,{"type":"fill_log","seq":85,"ea_time_ms":95006953,"magic":22260201,"deal_ticket":800000081,"order_ticket":9064,"position_id":900000041,"entry_type":"IN","deal_type":"BUY","side":"L","layer_index":9,"role":"EXT","deal_price":1.12563,"order_price_open":null,"slippage_pips":null,"volume":0.00,"profit":0.00,"swap":0.00,"commission":0.00,"deal_time_broker":"2026-10-02 16:45:08","deal_time_broker_msc":1790959508000,"halted_at_receipt":false,"quarantined_at_receipt":false}
3,-1,1790959509284,ea_event,,{"type":"fill_log","seq":86,"ea_time_ms":95006953,"magic":22260201,"deal_ticket":800000082,"order_ticket":700000082,"position_id":900000038,"entry_type":"OUT_BY","deal_type":"SELL","side":null,"layer_index":null,"role":null,"deal_price":1.12563,"order_price_open":null,"slippage_pips":null,"volume":0.00,"profit":1.00,"swap":0.00,"commission":0.00,"deal_time_broker":"2026-10-02 16:45:09","deal_time_broker_msc":1790959509000,"halted_at_receipt":false,"quarantined_at_receipt":false}
3,-1,1790959509284,ea_event,,{"type":"fill_log","seq":87,"ea_time_ms":95006953,"magic":22260201,"deal_ticket":800000083,"order_ticket":700000082,"position_id":900000041,"entry_type":"OUT_BY","deal_type":"SELL","side":null,"layer_index":null,"role":null,"deal_price":1.12463,"order_price_open":null,"slippage_pips":null,"volume":0.00,"profit":0.00,"swap":0.00,"commission":0.00,"deal_time_broker":"2026-10-02 16:45:09","deal_time_broker_msc":1790959509000,"halted_at_receipt":false,"quarantined_at_receipt":false}
3,-1,1790959509284,scalp,SCALP_CLOSED,{"close_time":"2026-10-02T16:45:09Z","instrument":"EURUSD","direction":"LONG","entry_price":1.12463,"exit_price":1.12563,"layer_depth":9,"stack_depth":5,"gross_pnl":1.00,"instance_id":"GRIND_EURUSD_OPTB","ejected":false,"rolled":false,"broker_utc_offset_s":10800,"account_login":53077984}
3,-1,1790959628768,ea_event,,{"type":"fill_log","seq":88,"ea_time_ms":95006953,"magic":22260201,"deal_ticket":800000084,"order_ticket":9069,"position_id":900000042,"entry_type":"IN","deal_type":"SELL","side":"S","layer_index":3,"role":"ENT","deal_price":1.12597,"order_price_open":null,"slippage_pips":null,"volume":0.00,"profit":0.00,"swap":0.00,"commission":0.00,"deal_time_broker":"2026-10-02 16:47:08","deal_time_broker_msc":1790959628000,"halted_at_receipt":false,"quarantined_at_receipt":false}
3,-1,1790959762583,ea_event,,{"type":"fill_log","seq":89,"ea_time_ms":95006968,"magic":22260201,"deal_ticket":800000085,"order_ticket":9070,"position_id":900000043,"entry_type":"IN","deal_type":"BUY","side":"L","layer_index":8,"role":"EXT","deal_price":1.12634,"order_price_open":null,"slippage_pips":null,"volume":0.00,"profit":0.00,"swap":0.00,"commission":0.00,"deal_time_broker":"2026-10-02 16:49:22","deal_time_broker_msc":1790959762000,"halted_at_receipt":false,"quarantined_at_receipt":false}
3,-1,1790959765025,ea_event,,{"type":"fill_log","seq":90,"ea_time_ms":95006968,"magic":22260201,"deal_ticket":800000086,"order_ticket":700000086,"position_id":900000036,"entry_type":"OUT_BY","deal_type":"SELL","side":null,"layer_index":null,"role":null,"deal_price":1.12634,"order_price_open":null,"slippage_pips":null,"volume":0.00,"profit":1.01,"swap":0.00,"commission":0.00,"deal_time_broker":"2026-10-02 16:49:25","deal_time_broker_msc":1790959765000,"halted_at_receipt":false,"quarantined_at_receipt":false}
3,-1,1790959765025,ea_event,,{"type":"fill_log","seq":91,"ea_time_ms":95006968,"magic":22260201,"deal_ticket":800000087,"order_ticket":700000086,"position_id":900000043,"entry_type":"OUT_BY","deal_type":"SELL","side":null,"layer_index":null,"role":null,"deal_price":1.12533,"order_price_open":null,"slippage_pips":null,"volume":0.00,"profit":0.00,"swap":0.00,"commission":0.00,"deal_time_broker":"2026-10-02 16:49:25","deal_time_broker_msc":1790959765000,"halted_at_receipt":false,"quarantined_at_receipt":false}
3,-1,1790959765025,scalp,SCALP_CLOSED,{"close_time":"2026-10-02T16:49:25Z","instrument":"EURUSD","direction":"LONG","entry_price":1.12533,"exit_price":1.12634,"layer_depth":8,"stack_depth":4,"gross_pnl":1.01,"instance_id":"GRIND_EURUSD_OPTB","ejected":false,"rolled":false,"broker_utc_offset_s":10800,"account_login":53077984}
3,-1,1790959803167,ea_event,,{"type":"fill_log","seq":92,"ea_time_ms":95006968,"magic":22260201,"deal_ticket":800000088,"order_ticket":9073,"position_id":900000044,"entry_type":"IN","deal_type":"SELL","side":"S","layer_index":4,"role":"ENT","deal_price":1.12667,"order_price_open":null,"slippage_pips":null,"volume":0.00,"profit":0.00,"swap":0.00,"commission":0.00,"deal_time_broker":"2026-10-02 16:50:03","deal_time_broker_msc":1790959803000,"halted_at_receipt":false,"quarantined_at_receipt":false}
3,-1,1790960263446,ea_event,,{"type":"fill_log","seq":93,"ea_time_ms":95007000,"magic":22260201,"deal_ticket":800000089,"order_ticket":9074,"position_id":900000045,"entry_type":"IN","deal_type":"BUY","side":"L","layer_index":7,"role":"EXT","deal_price":1.12717,"order_price_open":null,"slippage_pips":null,"volume":0.00,"profit":0.00,"swap":0.00,"commission":0.00,"deal_time_broker":"2026-10-02 16:57:43","deal_time_broker_msc":1790960263000,"halted_at_receipt":false,"quarantined_at_receipt":false}
3,-1,1790960263881,ea_event,,{"type":"fill_log","seq":94,"ea_time_ms":95007000,"magic":22260201,"deal_ticket":800000090,"order_ticket":700000090,"position_id":1977728160,"entry_type":"OUT_BY","deal_type":"SELL","side":null,"layer_index":null,"role":null,"deal_price":1.12717,"order_price_open":null,"slippage_pips":null,"volume":0.00,"profit":-4.57,"swap":-0.08,"commission":0.00,"deal_time_broker":"2026-10-02 16:57:43","deal_time_broker_msc":1790960263000,"halted_at_receipt":false,"quarantined_at_receipt":false}
3,-1,1790960263881,ea_event,ROLL_FILLED,{"type":"ea_event","seq":95,"ea_time_ms":95007000,"magic":null,"level":"INFO","code":"ROLL_FILLED","reason":null,"ticket":1977728160,"detail":{"ticket":1977728160,"level":1.12602}}
3,-1,1790960263881,ea_event,,{"type":"fill_log","seq":96,"ea_time_ms":95007000,"magic":22260201,"deal_ticket":800000091,"order_ticket":700000090,"position_id":900000045,"entry_type":"OUT_BY","deal_type":"SELL","side":null,"layer_index":null,"role":null,"deal_price":1.13174,"order_price_open":null,"slippage_pips":null,"volume":0.00,"profit":0.00,"swap":0.00,"commission":0.00,"deal_time_broker":"2026-10-02 16:57:43","deal_time_broker_msc":1790960263000,"halted_at_receipt":false,"quarantined_at_receipt":false}
3,-1,1790960263881,scalp,SCALP_CLOSED,{"close_time":"2026-10-02T16:57:43Z","instrument":"EURUSD","direction":"LONG","entry_price":1.13174,"exit_price":1.12717,"layer_depth":7,"stack_depth":3,"gross_pnl":-4.65,"instance_id":"GRIND_EURUSD_OPTB","ejected":false,"rolled":true,"broker_utc_offset_s":10800,"account_login":53077984}
3,-1,1790960265254,ea_event,,{"type":"fill_log","seq":97,"ea_time_ms":95007000,"magic":22260201,"deal_ticket":800000092,"order_ticket":9079,"position_id":900000046,"entry_type":"IN","deal_type":"BUY","side":"L","layer_index":2,"role":"ENT","deal_price":1.12703,"order_price_open":null,"slippage_pips":null,"volume":0.00,"profit":0.00,"swap":0.00,"commission":0.00,"deal_time_broker":"2026-10-02 16:57:45","deal_time_broker_msc":1790960265000,"halted_at_receipt":false,"quarantined_at_receipt":false}
3,-1,1790960283302,ea_event,,{"type":"fill_log","seq":98,"ea_time_ms":95007000,"magic":22260201,"deal_ticket":800000093,"order_ticket":9077,"position_id":900000047,"entry_type":"IN","deal_type":"SELL","side":"S","layer_index":5,"role":"ENT","deal_price":1.12743,"order_price_open":null,"slippage_pips":null,"volume":0.00,"profit":0.00,"swap":0.00,"commission":0.00,"deal_time_broker":"2026-10-02 16:58:03","deal_time_broker_msc":1790960283000,"halted_at_receipt":false,"quarantined_at_receipt":false}
3,-1,1790960692443,ea_event,,{"type":"fill_log","seq":99,"ea_time_ms":95007015,"magic":22260201,"deal_ticket":800000094,"order_ticket":9080,"position_id":900000048,"entry_type":"IN","deal_type":"BUY","side":"L","layer_index":2,"role":"EXT","deal_price":1.12807,"order_price_open":null,"slippage_pips":null,"volume":0.00,"profit":0.00,"swap":0.00,"commission":0.00,"deal_time_broker":"2026-10-02 17:04:52","deal_time_broker_msc":1790960692000,"halted_at_receipt":false,"quarantined_at_receipt":false}
3,-1,1790960693678,ea_event,,{"type":"fill_log","seq":100,"ea_time_ms":95007015,"magic":22260201,"deal_ticket":800000095,"order_ticket":700000095,"position_id":900000046,"entry_type":"OUT_BY","deal_type":"SELL","side":null,"layer_index":null,"role":null,"deal_price":1.12807,"order_price_open":null,"slippage_pips":null,"volume":0.00,"profit":1.04,"swap":0.00,"commission":0.00,"deal_time_broker":"2026-10-02 17:04:53","deal_time_broker_msc":1790960693000,"halted_at_receipt":false,"quarantined_at_receipt":false}
3,-1,1790960693678,ea_event,,{"type":"fill_log","seq":101,"ea_time_ms":95007015,"magic":22260201,"deal_ticket":800000096,"order_ticket":700000095,"position_id":900000048,"entry_type":"OUT_BY","deal_type":"SELL","side":null,"layer_index":null,"role":null,"deal_price":1.12703,"order_price_open":null,"slippage_pips":null,"volume":0.00,"profit":0.00,"swap":0.00,"commission":0.00,"deal_time_broker":"2026-10-02 17:04:53","deal_time_broker_msc":1790960693000,"halted_at_receipt":false,"quarantined_at_receipt":false}
3,-1,1790960693678,scalp,SCALP_CLOSED,{"close_time":"2026-10-02T17:04:53Z","instrument":"EURUSD","direction":"LONG","entry_price":1.12703,"exit_price":1.12807,"layer_depth":2,"stack_depth":3,"gross_pnl":1.04,"instance_id":"GRIND_EURUSD_OPTB","ejected":false,"rolled":false,"broker_utc_offset_s":10800,"account_login":53077984}
3,-1,1790960695661,ea_event,,{"type":"fill_log","seq":102,"ea_time_ms":95007015,"magic":22260201,"deal_ticket":800000097,"order_ticket":9085,"position_id":900000049,"entry_type":"IN","deal_type":"BUY","side":"L","layer_index":2,"role":"ENT","deal_price":1.12807,"order_price_open":null,"slippage_pips":null,"volume":0.00,"profit":0.00,"swap":0.00,"commission":0.00,"deal_time_broker":"2026-10-02 17:04:55","deal_time_broker_msc":1790960695000,"halted_at_receipt":false,"quarantined_at_receipt":false}
3,-1,1790960700686,ea_event,,{"type":"fill_log","seq":103,"ea_time_ms":95007015,"magic":22260201,"deal_ticket":800000098,"order_ticket":9083,"position_id":900000050,"entry_type":"IN","deal_type":"SELL","side":"S","layer_index":6,"role":"ENT","deal_price":1.12813,"order_price_open":null,"slippage_pips":null,"volume":0.00,"profit":0.00,"swap":0.00,"commission":0.00,"deal_time_broker":"2026-10-02 17:05:00","deal_time_broker_msc":1790960700000,"halted_at_receipt":false,"quarantined_at_receipt":false}
4,-1,1790963698169,ea_event,,{"type":"fill_log","seq":0,"ea_time_ms":95007578,"magic":22260201,"deal_ticket":800000001,"order_ticket":1983413278,"position_id":900000001,"entry_type":"IN","deal_type":"SELL","side":"S","layer_index":6,"role":"EXT","deal_price":1.12725,"order_price_open":null,"slippage_pips":null,"volume":0.00,"profit":0.00,"swap":0.00,"commission":0.00,"deal_time_broker":"2026-10-02 17:54:58","deal_time_broker_msc":1790963698000,"halted_at_receipt":false,"quarantined_at_receipt":false}
4,-1,1790963698604,ea_event,,{"type":"fill_log","seq":1,"ea_time_ms":95007578,"magic":22260201,"deal_ticket":800000002,"order_ticket":700000002,"position_id":1983368337,"entry_type":"OUT_BY","deal_type":"SELL","side":null,"layer_index":null,"role":null,"deal_price":1.12725,"order_price_open":null,"slippage_pips":null,"volume":0.00,"profit":0.97,"swap":0.00,"commission":0.00,"deal_time_broker":"2026-10-02 17:54:58","deal_time_broker_msc":1790963698000,"halted_at_receipt":false,"quarantined_at_receipt":false}
4,-1,1790963698604,ea_event,,{"type":"fill_log","seq":2,"ea_time_ms":95007578,"magic":22260201,"deal_ticket":800000003,"order_ticket":700000002,"position_id":900000001,"entry_type":"OUT_BY","deal_type":"SELL","side":null,"layer_index":null,"role":null,"deal_price":1.12822,"order_price_open":null,"slippage_pips":null,"volume":0.00,"profit":0.00,"swap":0.00,"commission":0.00,"deal_time_broker":"2026-10-02 17:54:58","deal_time_broker_msc":1790963698000,"halted_at_receipt":false,"quarantined_at_receipt":false}
4,-1,1790963698604,scalp,SCALP_CLOSED,{"close_time":"2026-10-02T17:54:58Z","instrument":"EURUSD","direction":"SHORT","entry_price":1.12822,"exit_price":1.12725,"layer_depth":6,"stack_depth":7,"gross_pnl":0.97,"instance_id":"GRIND_EURUSD_OPTB","ejected":false,"rolled":false,"broker_utc_offset_s":10800,"account_login":53077984}
4,-1,1790964258231,ea_event,,{"type":"fill_log","seq":3,"ea_time_ms":95007609,"magic":22260201,"deal_ticket":800000004,"order_ticket":1983449572,"position_id":900000002,"entry_type":"IN","deal_type":"BUY","side":"L","layer_index":4,"role":"ENT","deal_price":1.12702,"order_price_open":null,"slippage_pips":null,"volume":0.00,"profit":0.00,"swap":0.00,"commission":0.00,"deal_time_broker":"2026-10-02 18:04:18","deal_time_broker_msc":1790964258000,"halted_at_receipt":false,"quarantined_at_receipt":false}
4,-1,1790964651983,ea_event,,{"type":"fill_log","seq":4,"ea_time_ms":95007625,"magic":22260201,"deal_ticket":800000005,"order_ticket":9000,"position_id":900000003,"entry_type":"IN","deal_type":"SELL","side":"S","layer_index":5,"role":"EXT","deal_price":1.12651,"order_price_open":null,"slippage_pips":null,"volume":0.00,"profit":0.00,"swap":0.00,"commission":0.00,"deal_time_broker":"2026-10-02 18:10:51","deal_time_broker_msc":1790964651000,"halted_at_receipt":false,"quarantined_at_receipt":false}
4,-1,1790964653224,ea_event,,{"type":"fill_log","seq":5,"ea_time_ms":95007625,"magic":22260201,"deal_ticket":800000006,"order_ticket":700000006,"position_id":1983316664,"entry_type":"OUT_BY","deal_type":"SELL","side":null,"layer_index":null,"role":null,"deal_price":1.12651,"order_price_open":null,"slippage_pips":null,"volume":0.00,"profit":1.00,"swap":0.00,"commission":0.00,"deal_time_broker":"2026-10-02 18:10:53","deal_time_broker_msc":1790964653000,"halted_at_receipt":false,"quarantined_at_receipt":false}
4,-1,1790964653224,ea_event,,{"type":"fill_log","seq":6,"ea_time_ms":95007625,"magic":22260201,"deal_ticket":800000007,"order_ticket":700000006,"position_id":900000003,"entry_type":"OUT_BY","deal_type":"SELL","side":null,"layer_index":null,"role":null,"deal_price":1.12751,"order_price_open":null,"slippage_pips":null,"volume":0.00,"profit":0.00,"swap":0.00,"commission":0.00,"deal_time_broker":"2026-10-02 18:10:53","deal_time_broker_msc":1790964653000,"halted_at_receipt":false,"quarantined_at_receipt":false}
4,-1,1790964653224,scalp,SCALP_CLOSED,{"close_time":"2026-10-02T18:10:53Z","instrument":"EURUSD","direction":"SHORT","entry_price":1.12751,"exit_price":1.12651,"layer_depth":5,"stack_depth":6,"gross_pnl":1.00,"instance_id":"GRIND_EURUSD_OPTB","ejected":false,"rolled":false,"broker_utc_offset_s":10800,"account_login":53077984}
4,-1,1790964945240,ea_event,,{"type":"fill_log","seq":7,"ea_time_ms":95007640,"magic":22260201,"deal_ticket":800000008,"order_ticket":9003,"position_id":900000004,"entry_type":"IN","deal_type":"BUY","side":"L","layer_index":5,"role":"ENT","deal_price":1.12632,"order_price_open":null,"slippage_pips":null,"volume":0.00,"profit":0.00,"swap":0.00,"commission":0.00,"deal_time_broker":"2026-10-02 18:15:45","deal_time_broker_msc":1790964945000,"halted_at_receipt":false,"quarantined_at_receipt":false}
4,-1,1790965471664,ea_event,,{"type":"fill_log","seq":8,"ea_time_ms":95007656,"magic":22260201,"deal_ticket":800000009,"order_ticket":9004,"position_id":900000005,"entry_type":"IN","deal_type":"SELL","side":"S","layer_index":4,"role":"EXT","deal_price":1.12577,"order_price_open":null,"slippage_pips":null,"volume":0.00,"profit":0.00,"swap":0.00,"commission":0.00,"deal_time_broker":"2026-10-02 18:24:31","deal_time_broker_msc":1790965471000,"halted_at_receipt":false,"quarantined_at_receipt":false}
4,-1,1790965473105,ea_event,,{"type":"fill_log","seq":9,"ea_time_ms":95007656,"magic":22260201,"deal_ticket":800000010,"order_ticket":700000010,"position_id":1983299155,"entry_type":"OUT_BY","deal_type":"SELL","side":null,"layer_index":null,"role":null,"deal_price":1.12577,"order_price_open":null,"slippage_pips":null,"volume":0.00,"profit":1.01,"swap":0.00,"commission":0.00,"deal_time_broker":"2026-10-02 18:24:33","deal_time_broker_msc":1790965473000,"halted_at_receipt":false,"quarantined_at_receipt":false}
4,-1,1790965473105,ea_event,,{"type":"fill_log","seq":10,"ea_time_ms":95007656,"magic":22260201,"deal_ticket":800000011,"order_ticket":700000010,"position_id":900000005,"entry_type":"OUT_BY","deal_type":"SELL","side":null,"layer_index":null,"role":null,"deal_price":1.12678,"order_price_open":null,"slippage_pips":null,"volume":0.00,"profit":0.00,"swap":0.00,"commission":0.00,"deal_time_broker":"2026-10-02 18:24:33","deal_time_broker_msc":1790965473000,"halted_at_receipt":false,"quarantined_at_receipt":false}
4,-1,1790965473105,scalp,SCALP_CLOSED,{"close_time":"2026-10-02T18:24:33Z","instrument":"EURUSD","direction":"SHORT","entry_price":1.12678,"exit_price":1.12577,"layer_depth":4,"stack_depth":5,"gross_pnl":1.01,"instance_id":"GRIND_EURUSD_OPTB","ejected":false,"rolled":false,"broker_utc_offset_s":10800,"account_login":53077984}
4,-1,1790965492541,ea_event,,{"type":"fill_log","seq":11,"ea_time_ms":95007656,"magic":22260201,"deal_ticket":800000012,"order_ticket":9007,"position_id":900000006,"entry_type":"IN","deal_type":"BUY","side":"L","layer_index":6,"role":"ENT","deal_price":1.12562,"order_price_open":null,"slippage_pips":null,"volume":0.00,"profit":0.00,"swap":0.00,"commission":0.00,"deal_time_broker":"2026-10-02 18:24:52","deal_time_broker_msc":1790965492000,"halted_at_receipt":false,"quarantined_at_receipt":false}
4,-1,1790969155183,ea_event,,{"type":"fill_log","seq":12,"ea_time_ms":95007781,"magic":22260201,"deal_ticket":800000013,"order_ticket":9008,"position_id":900000007,"entry_type":"IN","deal_type":"SELL","side":"S","layer_index":3,"role":"EXT","deal_price":1.12506,"order_price_open":null,"slippage_pips":null,"volume":0.00,"profit":0.00,"swap":0.00,"commission":0.00,"deal_time_broker":"2026-10-02 19:25:55","deal_time_broker_msc":1790969155000,"halted_at_receipt":false,"quarantined_at_receipt":false}
4,-1,1790969155819,ea_event,,{"type":"fill_log","seq":13,"ea_time_ms":95007781,"magic":22260201,"deal_ticket":800000014,"order_ticket":700000014,"position_id":1983183405,"entry_type":"OUT_BY","deal_type":"SELL","side":null,"layer_index":null,"role":null,"deal_price":1.12506,"order_price_open":null,"slippage_pips":null,"volume":0.00,"profit":1.00,"swap":0.00,"commission":0.00,"deal_time_broker":"2026-10-02 19:25:55","deal_time_broker_msc":1790969155000,"halted_at_receipt":false,"quarantined_at_receipt":false}
4,-1,1790969155819,ea_event,,{"type":"fill_log","seq":14,"ea_time_ms":95007781,"magic":22260201,"deal_ticket":800000015,"order_ticket":700000014,"position_id":900000007,"entry_type":"OUT_BY","deal_type":"SELL","side":null,"layer_index":null,"role":null,"deal_price":1.12606,"order_price_open":null,"slippage_pips":null,"volume":0.00,"profit":0.00,"swap":0.00,"commission":0.00,"deal_time_broker":"2026-10-02 19:25:55","deal_time_broker_msc":1790969155000,"halted_at_receipt":false,"quarantined_at_receipt":false}
4,-1,1790969155819,scalp,SCALP_CLOSED,{"close_time":"2026-10-02T19:25:55Z","instrument":"EURUSD","direction":"SHORT","entry_price":1.12606,"exit_price":1.12506,"layer_depth":3,"stack_depth":4,"gross_pnl":1.00,"instance_id":"GRIND_EURUSD_OPTB","ejected":false,"rolled":false,"broker_utc_offset_s":10800,"account_login":53077984}
4,-1,1790970510820,ea_event,,{"type":"fill_log","seq":15,"ea_time_ms":95007828,"magic":22260201,"deal_ticket":800000016,"order_ticket":9013,"position_id":900000008,"entry_type":"IN","deal_type":"SELL","side":"S","layer_index":3,"role":"ENT","deal_price":1.12609,"order_price_open":null,"slippage_pips":null,"volume":0.00,"profit":0.00,"swap":0.00,"commission":0.00,"deal_time_broker":"2026-10-02 19:48:30","deal_time_broker_msc":1790970510000,"halted_at_receipt":false,"quarantined_at_receipt":false}
4,-1,1790976201287,ea_event,,{"type":"fill_log","seq":16,"ea_time_ms":95007984,"magic":22260201,"deal_ticket":800000017,"order_ticket":9014,"position_id":900000009,"entry_type":"IN","deal_type":"SELL","side":"S","layer_index":3,"role":"EXT","deal_price":1.12509,"order_price_open":null,"slippage_pips":null,"volume":0.00,"profit":0.00,"swap":0.00,"commission":0.00,"deal_time_broker":"2026-10-02 21:23:21","deal_time_broker_msc":1790976201000,"halted_at_receipt":false,"quarantined_at_receipt":false}
4,-1,1790976202728,ea_event,,{"type":"fill_log","seq":17,"ea_time_ms":95007984,"magic":22260201,"deal_ticket":800000018,"order_ticket":700000018,"position_id":900000008,"entry_type":"OUT_BY","deal_type":"SELL","side":null,"layer_index":null,"role":null,"deal_price":1.12509,"order_price_open":null,"slippage_pips":null,"volume":0.00,"profit":1.00,"swap":0.00,"commission":0.00,"deal_time_broker":"2026-10-02 21:23:22","deal_time_broker_msc":1790976202000,"halted_at_receipt":false,"quarantined_at_receipt":false}
4,-1,1790976202728,ea_event,,{"type":"fill_log","seq":18,"ea_time_ms":95007984,"magic":22260201,"deal_ticket":800000019,"order_ticket":700000018,"position_id":900000009,"entry_type":"OUT_BY","deal_type":"SELL","side":null,"layer_index":null,"role":null,"deal_price":1.12609,"order_price_open":null,"slippage_pips":null,"volume":0.00,"profit":0.00,"swap":0.00,"commission":0.00,"deal_time_broker":"2026-10-02 21:23:22","deal_time_broker_msc":1790976202000,"halted_at_receipt":false,"quarantined_at_receipt":false}
4,-1,1790976202728,scalp,SCALP_CLOSED,{"close_time":"2026-10-02T21:23:22Z","instrument":"EURUSD","direction":"SHORT","entry_price":1.12609,"exit_price":1.12509,"layer_depth":3,"stack_depth":4,"gross_pnl":1.00,"instance_id":"GRIND_EURUSD_OPTB","ejected":false,"rolled":false,"broker_utc_offset_s":10800,"account_login":53077984}
4,-1,1790978098546,ea_event,,{"type":"fill_log","seq":19,"ea_time_ms":95008015,"magic":22260201,"deal_ticket":800000020,"order_ticket":9011,"position_id":900000010,"entry_type":"IN","deal_type":"BUY","side":"L","layer_index":7,"role":"ENT","deal_price":1.12492,"order_price_open":null,"slippage_pips":null,"volume":0.00,"profit":0.00,"swap":0.00,"commission":0.00,"deal_time_broker":"2026-10-02 21:54:58","deal_time_broker_msc":1790978098000,"halted_at_receipt":false,"quarantined_at_receipt":false}
4,-1,1790979887701,ea_event,,{"type":"fill_log","seq":20,"ea_time_ms":95008046,"magic":22260201,"deal_ticket":800000021,"order_ticket":9018,"position_id":900000011,"entry_type":"IN","deal_type":"BUY","side":"L","layer_index":7,"role":"EXT","deal_price":1.12594,"order_price_open":null,"slippage_pips":null,"volume":0.00,"profit":0.00,"swap":0.00,"commission":0.00,"deal_time_broker":"2026-10-02 22:24:47","deal_time_broker_msc":1790979887000,"halted_at_receipt":false,"quarantined_at_receipt":false}
4,-1,1790979888142,ea_event,,{"type":"fill_log","seq":21,"ea_time_ms":95008046,"magic":22260201,"deal_ticket":800000022,"order_ticket":700000022,"position_id":900000010,"entry_type":"OUT_BY","deal_type":"SELL","side":null,"layer_index":null,"role":null,"deal_price":1.12594,"order_price_open":null,"slippage_pips":null,"volume":0.00,"profit":1.02,"swap":0.00,"commission":0.00,"deal_time_broker":"2026-10-02 22:24:48","deal_time_broker_msc":1790979888000,"halted_at_receipt":false,"quarantined_at_receipt":false}
4,-1,1790979888142,ea_event,,{"type":"fill_log","seq":22,"ea_time_ms":95008046,"magic":22260201,"deal_ticket":800000023,"order_ticket":700000022,"position_id":900000011,"entry_type":"OUT_BY","deal_type":"SELL","side":null,"layer_index":null,"role":null,"deal_price":1.12492,"order_price_open":null,"slippage_pips":null,"volume":0.00,"profit":0.00,"swap":0.00,"commission":0.00,"deal_time_broker":"2026-10-02 22:24:48","deal_time_broker_msc":1790979888000,"halted_at_receipt":false,"quarantined_at_receipt":false}
4,-1,1790979888142,scalp,SCALP_CLOSED,{"close_time":"2026-10-02T22:24:48Z","instrument":"EURUSD","direction":"LONG","entry_price":1.12492,"exit_price":1.12594,"layer_depth":7,"stack_depth":8,"gross_pnl":1.02,"instance_id":"GRIND_EURUSD_OPTB","ejected":false,"rolled":false,"broker_utc_offset_s":10800,"account_login":53077984}
4,-1,1790985052001,ea_event,CARRY_SNAPSHOT,{"type":"ea_event","seq":23,"ea_time_ms":95008125,"magic":null,"level":"INFO","code":"CARRY_SNAPSHOT","reason":"EURUSD","ticket":null,"detail":{"symbol":"EURUSD","swap_mode":1,"swap_long":-7.9900,"swap_short":1.3100,"multiplier":1,"day_of_week":5,"rollover3days":3,"digits":5,"point":0.00001000,"tick_value":1.00000000,"tick_size":0.00001000,"stops_level":0,"freeze_level":0,"long_pips":-0.799,"short_pips":0.131,"eligible_long":7,"eligible_short":3,"trade_mode_full":true,"mult_today":1,"mult_tomorrow":0,"accrued_swap_long":0.00,"accrued_swap_short":0.00}}
4,-1,1790985052001,ea_event,CARRY_EXIT_SHIFT,{"type":"ea_event","seq":24,"ea_time_ms":95008125,"magic":null,"level":"INFO","code":"CARRY_EXIT_SHIFT","reason":"EURUSD","ticket":null,"detail":{"position_ticket":1975880441,"side":"long","layer_index":0,"accrued_ledger_pips":-3.300,"pending_pips":0.000,"accrued_pips_total":-3.300,"old_price":1.13237,"new_price":1.13237,"clamped":false,"sign_guard_skipped":false,"retcode":10009,"points_native_pips":-1.598}}
4,-1,1790985232001,ea_event,CARRY_EXIT_SHIFT,{"type":"ea_event","seq":25,"ea_time_ms":95008125,"magic":null,"level":"INFO","code":"CARRY_EXIT_SHIFT","reason":"EURUSD","ticket":null,"detail":{"position_ticket":900000006,"side":"long","layer_index":6,"accrued_ledger_pips":0.000,"pending_pips":0.000,"accrued_pips_total":0.000,"old_price":1.12662,"new_price":1.12662,"clamped":false,"sign_guard_skipped":false,"retcode":10009,"points_native_pips":-0.799}}
4,-1,1790985232001,ea_event,CARRY_EXIT_SHIFT,{"type":"ea_event","seq":26,"ea_time_ms":95008125,"magic":null,"level":"INFO","code":"CARRY_EXIT_SHIFT","reason":"EURUSD","ticket":null,"detail":{"position_ticket":1982703029,"side":"short","layer_index":0,"accrued_ledger_pips":0.000,"pending_pips":0.000,"accrued_pips_total":0.000,"old_price":1.12187,"new_price":1.12187,"clamped":false,"sign_guard_skipped":false,"retcode":10009,"points_native_pips":0.131}}
4,-1,1790985292001,ea_event,CARRY_EXIT_SHIFT,{"type":"ea_event","seq":27,"ea_time_ms":95008125,"magic":null,"level":"INFO","code":"CARRY_EXIT_SHIFT","reason":"EURUSD","ticket":null,"detail":{"position_ticket":1983149416,"side":"short","layer_index":2,"accrued_ledger_pips":0.000,"pending_pips":0.000,"accrued_pips_total":0.000,"old_price":1.12435,"new_price":1.12435,"clamped":false,"sign_guard_skipped":false,"retcode":10009,"points_native_pips":0.131}}
4,-1,1790985292001,ea_event,CARRY_PASS_SUMMARY,{"type":"ea_event","seq":28,"ea_time_ms":95008125,"magic":null,"level":"INFO","code":"CARRY_PASS_SUMMARY","reason":"EURUSD","ticket":null,"detail":{"eligible":10,"shifted":4,"clamped":0,"skipped":0,"failed":0,"incomplete":false}}
4,-1,1791071452001,ea_event,CARRY_SNAPSHOT,{"type":"ea_event","seq":29,"ea_time_ms":95008187,"magic":null,"level":"INFO","code":"CARRY_SNAPSHOT","reason":"EURUSD","ticket":null,"detail":{"symbol":"EURUSD","swap_mode":1,"swap_long":-7.9900,"swap_short":1.3100,"multiplier":0,"day_of_week":6,"rollover3days":3,"digits":5,"point":0.00001000,"tick_value":1.00000000,"tick_size":0.00001000,"stops_level":0,"freeze_level":0,"long_pips":0.000,"short_pips":0.000,"eligible_long":7,"eligible_short":3,"trade_mode_full":true,"mult_today":0,"mult_tomorrow":0,"accrued_swap_long":0.00,"accrued_swap_short":0.00}}
4,-1,1791072052001,ea_event,CARRY_PASS_INCOMPLETE,{"type":"ea_event","seq":30,"ea_time_ms":95008187,"magic":null,"level":"INFO","code":"CARRY_PASS_INCOMPLETE","reason":"EURUSD","ticket":null,"detail":{"eligible":10,"shifted":0,"clamped":0,"skipped":0,"failed":0,"incomplete":true}}
4,-1,1791158452001,ea_event,CARRY_PASS_INCOMPLETE,{"type":"ea_event","seq":31,"ea_time_ms":95008234,"magic":null,"level":"INFO","code":"CARRY_PASS_INCOMPLETE","reason":"EURUSD","ticket":null,"detail":{"eligible":10,"shifted":0,"clamped":0,"skipped":0,"failed":0,"incomplete":true}}
4,-1,1791164991985,ea_event,,{"type":"fill_log","seq":32,"ea_time_ms":95008281,"magic":22260201,"deal_ticket":800000024,"order_ticket":9017,"position_id":900000012,"entry_type":"IN","deal_type":"SELL","side":"S","layer_index":3,"role":"ENT","deal_price":1.12605,"order_price_open":null,"slippage_pips":null,"volume":0.00,"profit":0.00,"swap":0.00,"commission":0.00,"deal_time_broker":"2026-10-05 01:49:51","deal_time_broker_msc":1791164991000,"halted_at_receipt":false,"quarantined_at_receipt":false}
4,-1,1791169937617,ea_event,,{"type":"fill_log","seq":33,"ea_time_ms":95008359,"magic":22260201,"deal_ticket":800000025,"order_ticket":9021,"position_id":900000013,"entry_type":"IN","deal_type":"SELL","side":"S","layer_index":3,"role":"EXT","deal_price":1.12505,"order_price_open":null,"slippage_pips":null,"volume":0.00,"profit":0.00,"swap":0.00,"commission":0.00,"deal_time_broker":"2026-10-05 03:12:17","deal_time_broker_msc":1791169937000,"halted_at_receipt":false,"quarantined_at_receipt":false}
4,-1,1791169938249,ea_event,,{"type":"fill_log","seq":34,"ea_time_ms":95008359,"magic":22260201,"deal_ticket":800000026,"order_ticket":700000026,"position_id":900000012,"entry_type":"OUT_BY","deal_type":"SELL","side":null,"layer_index":null,"role":null,"deal_price":1.12505,"order_price_open":null,"slippage_pips":null,"volume":0.00,"profit":1.00,"swap":0.00,"commission":0.00,"deal_time_broker":"2026-10-05 03:12:18","deal_time_broker_msc":1791169938000,"halted_at_receipt":false,"quarantined_at_receipt":false}
4,-1,1791169938249,ea_event,,{"type":"fill_log","seq":35,"ea_time_ms":95008359,"magic":22260201,"deal_ticket":800000027,"order_ticket":700000026,"position_id":900000013,"entry_type":"OUT_BY","deal_type":"SELL","side":null,"layer_index":null,"role":null,"deal_price":1.12605,"order_price_open":null,"slippage_pips":null,"volume":0.00,"profit":0.00,"swap":0.00,"commission":0.00,"deal_time_broker":"2026-10-05 03:12:18","deal_time_broker_msc":1791169938000,"halted_at_receipt":false,"quarantined_at_receipt":false}
4,-1,1791169938249,scalp,SCALP_CLOSED,{"close_time":"2026-10-05T03:12:18Z","instrument":"EURUSD","direction":"SHORT","entry_price":1.12605,"exit_price":1.12505,"layer_depth":3,"stack_depth":4,"gross_pnl":1.00,"instance_id":"GRIND_EURUSD_OPTB","ejected":false,"rolled":false,"broker_utc_offset_s":10800,"account_login":53077984}
4,-1,1791170006874,ea_event,,{"type":"fill_log","seq":36,"ea_time_ms":95008359,"magic":22260201,"deal_ticket":800000028,"order_ticket":9020,"position_id":900000014,"entry_type":"IN","deal_type":"BUY","side":"L","layer_index":7,"role":"ENT","deal_price":1.12492,"order_price_open":null,"slippage_pips":null,"volume":0.00,"profit":0.00,"swap":0.00,"commission":0.00,"deal_time_broker":"2026-10-05 03:13:26","deal_time_broker_msc":1791170006000,"halted_at_receipt":false,"quarantined_at_receipt":false}
4,-1,1791171968619,ea_event,,{"type":"fill_log","seq":37,"ea_time_ms":95008406,"magic":22260201,"deal_ticket":800000029,"order_ticket":9023,"position_id":900000015,"entry_type":"IN","deal_type":"SELL","side":"S","layer_index":2,"role":"EXT","deal_price":1.12431,"order_price_open":null,"slippage_pips":null,"volume":0.00,"profit":0.00,"swap":0.00,"commission":0.00,"deal_time_broker":"2026-10-05 03:46:08","deal_time_broker_msc":1791171968000,"halted_at_receipt":false,"quarantined_at_receipt":false}
4,-1,1791171970455,ea_event,,{"type":"fill_log","seq":38,"ea_time_ms":95008406,"magic":22260201,"deal_ticket":800000030,"order_ticket":700000030,"position_id":1983149416,"entry_type":"OUT_BY","deal_type":"SELL","side":null,"layer_index":null,"role":null,"deal_price":1.12431,"order_price_open":null,"slippage_pips":null,"volume":0.00,"profit":1.04,"swap":0.02,"commission":0.00,"deal_time_broker":"2026-10-05 03:46:10","deal_time_broker_msc":1791171970000,"halted_at_receipt":false,"quarantined_at_receipt":false}
4,-1,1791171970455,ea_event,,{"type":"fill_log","seq":39,"ea_time_ms":95008406,"magic":22260201,"deal_ticket":800000031,"order_ticket":700000030,"position_id":900000015,"entry_type":"OUT_BY","deal_type":"SELL","side":null,"layer_index":null,"role":null,"deal_price":1.12535,"order_price_open":null,"slippage_pips":null,"volume":0.00,"profit":0.00,"swap":0.00,"commission":0.00,"deal_time_broker":"2026-10-05 03:46:10","deal_time_broker_msc":1791171970000,"halted_at_receipt":false,"quarantined_at_receipt":false}
4,-1,1791171970455,scalp,SCALP_CLOSED,{"close_time":"2026-10-05T03:46:10Z","instrument":"EURUSD","direction":"SHORT","entry_price":1.12535,"exit_price":1.12431,"layer_depth":2,"stack_depth":3,"gross_pnl":1.06,"instance_id":"GRIND_EURUSD_OPTB","ejected":false,"rolled":false,"broker_utc_offset_s":10800,"account_login":53077984}
4,-1,1791172290867,ea_event,ROLL_ACCEPTED,{"type":"ea_event","seq":40,"ea_time_ms":95008421,"magic":null,"level":"INFO","code":"ROLL_ACCEPTED","reason":null,"ticket":1983436242,"detail":{"ticket":1983436242,"side":"L","layer_index":2,"entry":1.12843,"level":1.12422,"target":1.12522,"accrued":0.00000,"clamped":false,"cost":0.00321,"cost_pips":32.1,"rolled":3,"was_ejected":false,"source":"auto","reroll":false,"from_level":0.00000}}
4,-1,1791173718602,ea_event,,{"type":"fill_log","seq":41,"ea_time_ms":95008453,"magic":22260201,"deal_ticket":800000032,"order_ticket":9026,"position_id":900000016,"entry_type":"IN","deal_type":"SELL","side":"S","layer_index":1,"role":"EXT","deal_price":1.12362,"order_price_open":null,"slippage_pips":null,"volume":0.00,"profit":0.00,"swap":0.00,"commission":0.00,"deal_time_broker":"2026-10-05 04:15:18","deal_time_broker_msc":1791173718000,"halted_at_receipt":false,"quarantined_at_receipt":false}
4,-1,1791173719038,ea_event,,{"type":"fill_log","seq":42,"ea_time_ms":95008453,"magic":22260201,"deal_ticket":800000033,"order_ticket":700000033,"position_id":1982811448,"entry_type":"OUT_BY","deal_type":"SELL","side":null,"layer_index":null,"role":null,"deal_price":1.12362,"order_price_open":null,"slippage_pips":null,"volume":0.00,"profit":1.02,"swap":0.02,"commission":0.00,"deal_time_broker":"2026-10-05 04:15:19","deal_time_broker_msc":1791173719000,"halted_at_receipt":false,"quarantined_at_receipt":false}
4,-1,1791173719038,ea_event,,{"type":"fill_log","seq":43,"ea_time_ms":95008453,"magic":22260201,"deal_ticket":800000034,"order_ticket":700000033,"position_id":900000016,"entry_type":"OUT_BY","deal_type":"SELL","side":null,"layer_index":null,"role":null,"deal_price":1.12464,"order_price_open":null,"slippage_pips":null,"volume":0.00,"profit":0.00,"swap":0.00,"commission":0.00,"deal_time_broker":"2026-10-05 04:15:19","deal_time_broker_msc":1791173719000,"halted_at_receipt":false,"quarantined_at_receipt":false}
4,-1,1791173719038,scalp,SCALP_CLOSED,{"close_time":"2026-10-05T04:15:19Z","instrument":"EURUSD","direction":"SHORT","entry_price":1.12464,"exit_price":1.12362,"layer_depth":1,"stack_depth":2,"gross_pnl":1.04,"instance_id":"GRIND_EURUSD_OPTB","ejected":false,"rolled":false,"broker_utc_offset_s":10800,"account_login":53077984}
4,-1,1791173721218,ea_event,,{"type":"fill_log","seq":44,"ea_time_ms":95008453,"magic":22260201,"deal_ticket":800000035,"order_ticket":9029,"position_id":900000017,"entry_type":"IN","deal_type":"SELL","side":"S","layer_index":1,"role":"ENT","deal_price":1.12365,"order_price_open":null,"slippage_pips":null,"volume":0.00,"profit":0.00,"swap":0.00,"commission":0.00,"deal_time_broker":"2026-10-05 04:15:21","deal_time_broker_msc":1791173721000,"halted_at_receipt":false,"quarantined_at_receipt":false}
4,-1,1791174084826,ea_event,ROLL_ACCEPTED,{"type":"ea_event","seq":45,"ea_time_ms":95008453,"magic":null,"level":"INFO","code":"ROLL_ACCEPTED","reason":null,"ticket":1983436344,"detail":{"ticket":1983436344,"side":"L","layer_index":3,"entry":1.12773,"level":1.12352,"target":1.12452,"accrued":0.00000,"clamped":false,"cost":0.00321,"cost_pips":32.1,"rolled":4,"was_ejected":false,"source":"auto","reroll":false,"from_level":0.00000}}
4,-1,1791176898045,ea_event,ROLL_ACCEPTED,{"type":"ea_event","seq":46,"ea_time_ms":95008515,"magic":null,"level":"INFO","code":"ROLL_ACCEPTED","reason":null,"ticket":900000002,"detail":{"ticket":900000002,"side":"L","layer_index":4,"entry":1.12702,"level":1.12282,"target":1.12382,"accrued":0.00000,"clamped":false,"cost":0.00320,"cost_pips":32.0,"rolled":5,"was_ejected":false,"source":"auto","reroll":false,"from_level":0.00000}}
4,-1,1791177146908,ea_event,,{"type":"fill_log","seq":47,"ea_time_ms":95008515,"magic":22260201,"deal_ticket":800000036,"order_ticket":9030,"position_id":900000018,"entry_type":"IN","deal_type":"SELL","side":"S","layer_index":1,"role":"EXT","deal_price":1.12252,"order_price_open":null,"slippage_pips":null,"volume":0.00,"profit":0.00,"swap":0.00,"commission":0.00,"deal_time_broker":"2026-10-05 05:12:26","deal_time_broker_msc":1791177146000,"halted_at_receipt":false,"quarantined_at_receipt":false}
4,-1,1791177147340,ea_event,,{"type":"fill_log","seq":48,"ea_time_ms":95008531,"magic":22260201,"deal_ticket":800000037,"order_ticket":700000037,"position_id":900000017,"entry_type":"OUT_BY","deal_type":"SELL","side":null,"layer_index":null,"role":null,"deal_price":1.12252,"order_price_open":null,"slippage_pips":null,"volume":0.00,"profit":1.13,"swap":0.00,"commission":0.00,"deal_time_broker":"2026-10-05 05:12:27","deal_time_broker_msc":1791177147000,"halted_at_receipt":false,"quarantined_at_receipt":false}
4,-1,1791177147340,ea_event,,{"type":"fill_log","seq":49,"ea_time_ms":95008531,"magic":22260201,"deal_ticket":800000038,"order_ticket":700000037,"position_id":900000018,"entry_type":"OUT_BY","deal_type":"SELL","side":null,"layer_index":null,"role":null,"deal_price":1.12365,"order_price_open":null,"slippage_pips":null,"volume":0.00,"profit":0.00,"swap":0.00,"commission":0.00,"deal_time_broker":"2026-10-05 05:12:27","deal_time_broker_msc":1791177147000,"halted_at_receipt":false,"quarantined_at_receipt":false}
4,-1,1791177147340,scalp,SCALP_CLOSED,{"close_time":"2026-10-05T05:12:27Z","instrument":"EURUSD","direction":"SHORT","entry_price":1.12365,"exit_price":1.12252,"layer_depth":1,"stack_depth":2,"gross_pnl":1.13,"instance_id":"GRIND_EURUSD_OPTB","ejected":false,"rolled":false,"broker_utc_offset_s":10800,"account_login":53077984}
4,-1,1791177439237,ea_event,ROLL_ACCEPTED,{"type":"ea_event","seq":50,"ea_time_ms":95008531,"magic":null,"level":"INFO","code":"ROLL_ACCEPTED","reason":null,"ticket":900000004,"detail":{"ticket":900000004,"side":"L","layer_index":5,"entry":1.12632,"level":1.12212,"target":1.12312,"accrued":0.00000,"clamped":false,"cost":0.00320,"cost_pips":32.0,"rolled":6,"was_ejected":false,"source":"auto","reroll":false,"from_level":0.00000}}
4,-1,1791177541623,ea_event,,{"type":"fill_log","seq":51,"ea_time_ms":95008531,"magic":22260201,"deal_ticket":800000039,"order_ticket":1982764022,"position_id":900000019,"entry_type":"IN","deal_type":"SELL","side":"S","layer_index":0,"role":"EXT","deal_price":1.12187,"order_price_open":null,"slippage_pips":null,"volume":0.00,"profit":0.00,"swap":0.00,"commission":0.00,"deal_time_broker":"2026-10-05 05:19:01","deal_time_broker_msc":1791177541000,"halted_at_receipt":false,"quarantined_at_receipt":false}
4,-1,1791177542056,ea_event,,{"type":"fill_log","seq":52,"ea_time_ms":95008531,"magic":22260201,"deal_ticket":800000040,"order_ticket":700000040,"position_id":1982703029,"entry_type":"OUT_BY","deal_type":"SELL","side":null,"layer_index":null,"role":null,"deal_price":1.12187,"order_price_open":null,"slippage_pips":null,"volume":0.00,"profit":1.00,"swap":0.02,"commission":0.00,"deal_time_broker":"2026-10-05 05:19:02","deal_time_broker_msc":1791177542000,"halted_at_receipt":false,"quarantined_at_receipt":false}
4,-1,1791177542056,ea_event,,{"type":"fill_log","seq":53,"ea_time_ms":95008531,"magic":22260201,"deal_ticket":800000041,"order_ticket":700000040,"position_id":900000019,"entry_type":"OUT_BY","deal_type":"SELL","side":null,"layer_index":null,"role":null,"deal_price":1.12287,"order_price_open":null,"slippage_pips":null,"volume":0.00,"profit":0.00,"swap":0.00,"commission":0.00,"deal_time_broker":"2026-10-05 05:19:02","deal_time_broker_msc":1791177542000,"halted_at_receipt":false,"quarantined_at_receipt":false}
4,-1,1791177542056,scalp,SCALP_CLOSED,{"close_time":"2026-10-05T05:19:02Z","instrument":"EURUSD","direction":"SHORT","entry_price":1.12287,"exit_price":1.12187,"layer_depth":0,"stack_depth":1,"gross_pnl":1.02,"instance_id":"GRIND_EURUSD_OPTB","ejected":false,"rolled":false,"broker_utc_offset_s":10800,"account_login":53077984}
4,-1,1791177556843,ea_event,ROLL_ACCEPTED,{"type":"ea_event","seq":54,"ea_time_ms":95008531,"magic":null,"level":"INFO","code":"ROLL_ACCEPTED","reason":null,"ticket":900000006,"detail":{"ticket":900000006,"side":"L","layer_index":6,"entry":1.12562,"level":1.12142,"target":1.12242,"accrued":0.00000,"clamped":false,"cost":0.00320,"cost_pips":32.0,"rolled":7,"was_ejected":false,"source":"auto","reroll":false,"from_level":0.00000}}
4,-1,1791178588481,ea_event,ROLL_ACCEPTED,{"type":"ea_event","seq":55,"ea_time_ms":95008562,"magic":null,"level":"INFO","code":"ROLL_ACCEPTED","reason":null,"ticket":900000014,"detail":{"ticket":900000014,"side":"L","layer_index":7,"entry":1.12492,"level":1.12072,"target":1.12172,"accrued":0.00000,"clamped":false,"cost":0.00320,"cost_pips":32.0,"rolled":8,"was_ejected":false,"source":"auto","reroll":false,"from_level":0.00000}}
4,-1,1791179371880,ea_event,ROLL_STRANDED,{"type":"ea_event","seq":56,"ea_time_ms":95008593,"magic":null,"level":"WARN","code":"ROLL_STRANDED","reason":"L","ticket":null,"detail":{"side":"L","depth":8,"rolled":8,"lowest_effective":1.12072,"market":1.11932,"steps":2}}
4,-1,1791179453027,ea_event,,{"type":"fill_log","seq":57,"ea_time_ms":95008593,"magic":22260201,"deal_ticket":800000042,"order_ticket":9036,"position_id":900000020,"entry_type":"IN","deal_type":"SELL","side":"S","layer_index":0,"role":"ENT","deal_price":1.11950,"order_price_open":null,"slippage_pips":null,"volume":0.00,"profit":0.00,"swap":0.00,"commission":0.00,"deal_time_broker":"2026-10-05 05:50:53","deal_time_broker_msc":1791179453000,"halted_at_receipt":false,"quarantined_at_receipt":false}
4,-1,1791179685063,ea_event,,{"type":"fill_log","seq":58,"ea_time_ms":95008609,"magic":22260201,"deal_ticket":800000043,"order_ticket":9039,"position_id":900000021,"entry_type":"IN","deal_type":"SELL","side":"S","layer_index":0,"role":"EXT","deal_price":1.11851,"order_price_open":null,"slippage_pips":null,"volume":0.00,"profit":0.00,"swap":0.00,"commission":0.00,"deal_time_broker":"2026-10-05 05:54:45","deal_time_broker_msc":1791179685000,"halted_at_receipt":false,"quarantined_at_receipt":false}
4,-1,1791179685494,ea_event,,{"type":"fill_log","seq":59,"ea_time_ms":95008609,"magic":22260201,"deal_ticket":800000044,"order_ticket":700000044,"position_id":900000020,"entry_type":"OUT_BY","deal_type":"SELL","side":null,"layer_index":null,"role":null,"deal_price":1.11851,"order_price_open":null,"slippage_pips":null,"volume":0.00,"profit":0.99,"swap":0.00,"commission":0.00,"deal_time_broker":"2026-10-05 05:54:45","deal_time_broker_msc":1791179685000,"halted_at_receipt":false,"quarantined_at_receipt":false}
4,-1,1791179685494,ea_event,,{"type":"fill_log","seq":60,"ea_time_ms":95008609,"magic":22260201,"deal_ticket":800000045,"order_ticket":700000044,"position_id":900000021,"entry_type":"OUT_BY","deal_type":"SELL","side":null,"layer_index":null,"role":null,"deal_price":1.11950,"order_price_open":null,"slippage_pips":null,"volume":0.00,"profit":0.00,"swap":0.00,"commission":0.00,"deal_time_broker":"2026-10-05 05:54:45","deal_time_broker_msc":1791179685000,"halted_at_receipt":false,"quarantined_at_receipt":false}
4,-1,1791179685494,scalp,SCALP_CLOSED,{"close_time":"2026-10-05T05:54:45Z","instrument":"EURUSD","direction":"SHORT","entry_price":1.11950,"exit_price":1.11851,"layer_depth":0,"stack_depth":1,"gross_pnl":0.99,"instance_id":"GRIND_EURUSD_OPTB","ejected":false,"rolled":false,"broker_utc_offset_s":10800,"account_login":53077984}
4,-1,1791179889575,ea_event,,{"type":"fill_log","seq":61,"ea_time_ms":95008625,"magic":22260201,"deal_ticket":800000046,"order_ticket":9041,"position_id":900000022,"entry_type":"IN","deal_type":"SELL","side":"S","layer_index":0,"role":"ENT","deal_price":1.11749,"order_price_open":null,"slippage_pips":null,"volume":0.00,"profit":0.00,"swap":0.00,"commission":0.00,"deal_time_broker":"2026-10-05 05:58:09","deal_time_broker_msc":1791179889000,"halted_at_receipt":false,"quarantined_at_receipt":false}
4,-1,1791180137856,ea_event,,{"type":"fill_log","seq":62,"ea_time_ms":95008640,"magic":22260201,"deal_ticket":800000047,"order_ticket":9043,"position_id":900000023,"entry_type":"IN","deal_type":"SELL","side":"S","layer_index":1,"role":"ENT","deal_price":1.11817,"order_price_open":null,"slippage_pips":null,"volume":0.00,"profit":0.00,"swap":0.00,"commission":0.00,"deal_time_broker":"2026-10-05 06:02:17","deal_time_broker_msc":1791180137000,"halted_at_receipt":false,"quarantined_at_receipt":false}
4,-1,1791180380115,ea_event,,{"type":"fill_log","seq":63,"ea_time_ms":95008656,"magic":22260201,"deal_ticket":800000048,"order_ticket":9044,"position_id":900000024,"entry_type":"IN","deal_type":"SELL","side":"S","layer_index":1,"role":"EXT","deal_price":1.11705,"order_price_open":null,"slippage_pips":null,"volume":0.00,"profit":0.00,"swap":0.00,"commission":0.00,"deal_time_broker":"2026-10-05 06:06:20","deal_time_broker_msc":1791180380000,"halted_at_receipt":false,"quarantined_at_receipt":false}
4,-1,1791180380549,ea_event,,{"type":"fill_log","seq":64,"ea_time_ms":95008656,"magic":22260201,"deal_ticket":800000049,"order_ticket":700000049,"position_id":900000023,"entry_type":"OUT_BY","deal_type":"SELL","side":null,"layer_index":null,"role":null,"deal_price":1.11705,"order_price_open":null,"slippage_pips":null,"volume":0.00,"profit":1.12,"swap":0.00,"commission":0.00,"deal_time_broker":"2026-10-05 06:06:20","deal_time_broker_msc":1791180380000,"halted_at_receipt":false,"quarantined_at_receipt":false}
4,-1,1791180380549,ea_event,,{"type":"fill_log","seq":65,"ea_time_ms":95008656,"magic":22260201,"deal_ticket":800000050,"order_ticket":700000049,"position_id":900000024,"entry_type":"OUT_BY","deal_type":"SELL","side":null,"layer_index":null,"role":null,"deal_price":1.11817,"order_price_open":null,"slippage_pips":null,"volume":0.00,"profit":0.00,"swap":0.00,"commission":0.00,"deal_time_broker":"2026-10-05 06:06:20","deal_time_broker_msc":1791180380000,"halted_at_receipt":false,"quarantined_at_receipt":false}
4,-1,1791180380549,scalp,SCALP_CLOSED,{"close_time":"2026-10-05T06:06:20Z","instrument":"EURUSD","direction":"SHORT","entry_price":1.11817,"exit_price":1.11705,"layer_depth":1,"stack_depth":2,"gross_pnl":1.12,"instance_id":"GRIND_EURUSD_OPTB","ejected":false,"rolled":false,"broker_utc_offset_s":10800,"account_login":53077984}
4,-1,1791180431446,ea_event,,{"type":"fill_log","seq":66,"ea_time_ms":95008656,"magic":22260201,"deal_ticket":800000051,"order_ticket":9042,"position_id":900000025,"entry_type":"IN","deal_type":"SELL","side":"S","layer_index":0,"role":"EXT","deal_price":1.11642,"order_price_open":null,"slippage_pips":null,"volume":0.00,"profit":0.00,"swap":0.00,"commission":0.00,"deal_time_broker":"2026-10-05 06:07:11","deal_time_broker_msc":1791180431000,"halted_at_receipt":false,"quarantined_at_receipt":false}
4,-1,1791180431881,ea_event,,{"type":"fill_log","seq":67,"ea_time_ms":95008656,"magic":22260201,"deal_ticket":800000052,"order_ticket":700000052,"position_id":900000022,"entry_type":"OUT_BY","deal_type":"SELL","side":null,"layer_index":null,"role":null,"deal_price":1.11642,"order_price_open":null,"slippage_pips":null,"volume":0.00,"profit":1.07,"swap":0.00,"commission":0.00,"deal_time_broker":"2026-10-05 06:07:11","deal_time_broker_msc":1791180431000,"halted_at_receipt":false,"quarantined_at_receipt":false}
4,-1,1791180431881,ea_event,,{"type":"fill_log","seq":68,"ea_time_ms":95008656,"magic":22260201,"deal_ticket":800000053,"order_ticket":700000052,"position_id":900000025,"entry_type":"OUT_BY","deal_type":"SELL","side":null,"layer_index":null,"role":null,"deal_price":1.11749,"order_price_open":null,"slippage_pips":null,"volume":0.00,"profit":0.00,"swap":0.00,"commission":0.00,"deal_time_broker":"2026-10-05 06:07:11","deal_time_broker_msc":1791180431000,"halted_at_receipt":false,"quarantined_at_receipt":false}
4,-1,1791180431881,scalp,SCALP_CLOSED,{"close_time":"2026-10-05T06:07:11Z","instrument":"EURUSD","direction":"SHORT","entry_price":1.11749,"exit_price":1.11642,"layer_depth":0,"stack_depth":1,"gross_pnl":1.07,"instance_id":"GRIND_EURUSD_OPTB","ejected":false,"rolled":false,"broker_utc_offset_s":10800,"account_login":53077984}
4,-1,1791180566871,ea_event,,{"type":"fill_log","seq":69,"ea_time_ms":95008671,"magic":22260201,"deal_ticket":800000054,"order_ticket":9047,"position_id":900000026,"entry_type":"IN","deal_type":"SELL","side":"S","layer_index":0,"role":"ENT","deal_price":1.11713,"order_price_open":null,"slippage_pips":null,"volume":0.00,"profit":0.00,"swap":0.00,"commission":0.00,"deal_time_broker":"2026-10-05 06:09:26","deal_time_broker_msc":1791180566000,"halted_at_receipt":false,"quarantined_at_receipt":false}
4,-1,1791180730981,ea_event,,{"type":"fill_log","seq":70,"ea_time_ms":95008671,"magic":22260201,"deal_ticket":800000055,"order_ticket":9049,"position_id":900000027,"entry_type":"IN","deal_type":"SELL","side":"S","layer_index":1,"role":"ENT","deal_price":1.11783,"order_price_open":null,"slippage_pips":null,"volume":0.00,"profit":0.00,"swap":0.00,"commission":0.00,"deal_time_broker":"2026-10-05 06:12:10","deal_time_broker_msc":1791180730000,"halted_at_receipt":false,"quarantined_at_receipt":false}
4,-1,1791181609406,ea_event,,{"type":"fill_log","seq":71,"ea_time_ms":95008703,"magic":22260201,"deal_ticket":800000056,"order_ticket":9051,"position_id":900000028,"entry_type":"IN","deal_type":"SELL","side":"S","layer_index":2,"role":"ENT","deal_price":1.11852,"order_price_open":null,"slippage_pips":null,"volume":0.00,"profit":0.00,"swap":0.00,"commission":0.00,"deal_time_broker":"2026-10-05 06:26:49","deal_time_broker_msc":1791181609000,"halted_at_receipt":false,"quarantined_at_receipt":false}
4,-1,1791182366608,ea_event,,{"type":"fill_log","seq":72,"ea_time_ms":95008734,"magic":22260201,"deal_ticket":800000057,"order_ticket":9052,"position_id":900000029,"entry_type":"IN","deal_type":"SELL","side":"S","layer_index":2,"role":"EXT","deal_price":1.11749,"order_price_open":null,"slippage_pips":null,"volume":0.00,"profit":0.00,"swap":0.00,"commission":0.00,"deal_time_broker":"2026-10-05 06:39:26","deal_time_broker_msc":1791182366000,"halted_at_receipt":false,"quarantined_at_receipt":false}
4,-1,1791182367445,ea_event,,{"type":"fill_log","seq":73,"ea_time_ms":95008734,"magic":22260201,"deal_ticket":800000058,"order_ticket":700000058,"position_id":900000028,"entry_type":"OUT_BY","deal_type":"SELL","side":null,"layer_index":null,"role":null,"deal_price":1.11749,"order_price_open":null,"slippage_pips":null,"volume":0.00,"profit":1.03,"swap":0.00,"commission":0.00,"deal_time_broker":"2026-10-05 06:39:27","deal_time_broker_msc":1791182367000,"halted_at_receipt":false,"quarantined_at_receipt":false}
4,-1,1791182367445,ea_event,,{"type":"fill_log","seq":74,"ea_time_ms":95008734,"magic":22260201,"deal_ticket":800000059,"order_ticket":700000058,"position_id":900000029,"entry_type":"OUT_BY","deal_type":"SELL","side":null,"layer_index":null,"role":null,"deal_price":1.11852,"order_price_open":null,"slippage_pips":null,"volume":0.00,"profit":0.00,"swap":0.00,"commission":0.00,"deal_time_broker":"2026-10-05 06:39:27","deal_time_broker_msc":1791182367000,"halted_at_receipt":false,"quarantined_at_receipt":false}
4,-1,1791182367445,scalp,SCALP_CLOSED,{"close_time":"2026-10-05T06:39:27Z","instrument":"EURUSD","direction":"SHORT","entry_price":1.11852,"exit_price":1.11749,"layer_depth":2,"stack_depth":3,"gross_pnl":1.03,"instance_id":"GRIND_EURUSD_OPTB","ejected":false,"rolled":false,"broker_utc_offset_s":10800,"account_login":53077984}
4,-1,1791183130915,ea_event,,{"type":"fill_log","seq":75,"ea_time_ms":95008750,"magic":22260201,"deal_ticket":800000060,"order_ticket":9054,"position_id":900000030,"entry_type":"IN","deal_type":"SELL","side":"S","layer_index":1,"role":"EXT","deal_price":1.11682,"order_price_open":null,"slippage_pips":null,"volume":0.00,"profit":0.00,"swap":0.00,"commission":0.00,"deal_time_broker":"2026-10-05 06:52:10","deal_time_broker_msc":1791183130000,"halted_at_receipt":false,"quarantined_at_receipt":false}
4,-1,1791183131358,ea_event,,{"type":"fill_log","seq":76,"ea_time_ms":95008750,"magic":22260201,"deal_ticket":800000061,"order_ticket":700000061,"position_id":900000027,"entry_type":"OUT_BY","deal_type":"SELL","side":null,"layer_index":null,"role":null,"deal_price":1.11682,"order_price_open":null,"slippage_pips":null,"volume":0.00,"profit":1.01,"swap":0.00,"commission":0.00,"deal_time_broker":"2026-10-05 06:52:11","deal_time_broker_msc":1791183131000,"halted_at_receipt":false,"quarantined_at_receipt":false}
4,-1,1791183131358,ea_event,,{"type":"fill_log","seq":77,"ea_time_ms":95008750,"magic":22260201,"deal_ticket":800000062,"order_ticket":700000061,"position_id":900000030,"entry_type":"OUT_BY","deal_type":"SELL","side":null,"layer_index":null,"role":null,"deal_price":1.11783,"order_price_open":null,"slippage_pips":null,"volume":0.00,"profit":0.00,"swap":0.00,"commission":0.00,"deal_time_broker":"2026-10-05 06:52:11","deal_time_broker_msc":1791183131000,"halted_at_receipt":false,"quarantined_at_receipt":false}
4,-1,1791183131358,scalp,SCALP_CLOSED,{"close_time":"2026-10-05T06:52:11Z","instrument":"EURUSD","direction":"SHORT","entry_price":1.11783,"exit_price":1.11682,"layer_depth":1,"stack_depth":2,"gross_pnl":1.01,"instance_id":"GRIND_EURUSD_OPTB","ejected":false,"rolled":false,"broker_utc_offset_s":10800,"account_login":53077984}
4,-1,1791183921945,ea_event,,{"type":"fill_log","seq":78,"ea_time_ms":95008781,"magic":22260201,"deal_ticket":800000063,"order_ticket":9048,"position_id":900000031,"entry_type":"IN","deal_type":"SELL","side":"S","layer_index":0,"role":"EXT","deal_price":1.11613,"order_price_open":null,"slippage_pips":null,"volume":0.00,"profit":0.00,"swap":0.00,"commission":0.00,"deal_time_broker":"2026-10-05 07:05:21","deal_time_broker_msc":1791183921000,"halted_at_receipt":false,"quarantined_at_receipt":false}
4,-1,1791183923982,ea_event,,{"type":"fill_log","seq":79,"ea_time_ms":95008781,"magic":22260201,"deal_ticket":800000064,"order_ticket":700000064,"position_id":900000026,"entry_type":"OUT_BY","deal_type":"SELL","side":null,"layer_index":null,"role":null,"deal_price":1.11613,"order_price_open":null,"slippage_pips":null,"volume":0.00,"profit":1.00,"swap":0.00,"commission":0.00,"deal_time_broker":"2026-10-05 07:05:23","deal_time_broker_msc":1791183923000,"halted_at_receipt":false,"quarantined_at_receipt":false}
4,-1,1791183923982,ea_event,,{"type":"fill_log","seq":80,"ea_time_ms":95008781,"magic":22260201,"deal_ticket":800000065,"order_ticket":700000064,"position_id":900000031,"entry_type":"OUT_BY","deal_type":"SELL","side":null,"layer_index":null,"role":null,"deal_price":1.11713,"order_price_open":null,"slippage_pips":null,"volume":0.00,"profit":0.00,"swap":0.00,"commission":0.00,"deal_time_broker":"2026-10-05 07:05:23","deal_time_broker_msc":1791183923000,"halted_at_receipt":false,"quarantined_at_receipt":false}
4,-1,1791183923982,scalp,SCALP_CLOSED,{"close_time":"2026-10-05T07:05:23Z","instrument":"EURUSD","direction":"SHORT","entry_price":1.11713,"exit_price":1.11613,"layer_depth":0,"stack_depth":1,"gross_pnl":1.00,"instance_id":"GRIND_EURUSD_OPTB","ejected":false,"rolled":false,"broker_utc_offset_s":10800,"account_login":53077984}
4,-1,1791183998991,ea_event,,{"type":"fill_log","seq":81,"ea_time_ms":95008796,"magic":22260201,"deal_ticket":800000066,"order_ticket":9057,"position_id":900000032,"entry_type":"IN","deal_type":"SELL","side":"S","layer_index":0,"role":"ENT","deal_price":1.11684,"order_price_open":null,"slippage_pips":null,"volume":0.00,"profit":0.00,"swap":0.00,"commission":0.00,"deal_time_broker":"2026-10-05 07:06:38","deal_time_broker_msc":1791183998000,"halted_at_receipt":false,"quarantined_at_receipt":false}
4,-1,1791186098834,ea_event,,{"type":"fill_log","seq":82,"ea_time_ms":95008859,"magic":22260201,"deal_ticket":800000067,"order_ticket":9059,"position_id":900000033,"entry_type":"IN","deal_type":"SELL","side":"S","layer_index":1,"role":"ENT","deal_price":1.11755,"order_price_open":null,"slippage_pips":null,"volume":0.00,"profit":0.00,"swap":0.00,"commission":0.00,"deal_time_broker":"2026-10-05 07:41:38","deal_time_broker_msc":1791186098000,"halted_at_receipt":false,"quarantined_at_receipt":false}
4,-1,1791187188989,ea_event,,{"type":"fill_log","seq":83,"ea_time_ms":95008890,"magic":22260201,"deal_ticket":800000068,"order_ticket":9061,"position_id":900000034,"entry_type":"IN","deal_type":"SELL","side":"S","layer_index":2,"role":"ENT","deal_price":1.11826,"order_price_open":null,"slippage_pips":null,"volume":0.00,"profit":0.00,"swap":0.00,"commission":0.00,"deal_time_broker":"2026-10-05 07:59:48","deal_time_broker_msc":1791187188000,"halted_at_receipt":false,"quarantined_at_receipt":false}
4,-1,1791189972052,ea_event,,{"type":"fill_log","seq":84,"ea_time_ms":95008968,"magic":22260201,"deal_ticket":800000069,"order_ticket":9063,"position_id":900000035,"entry_type":"IN","deal_type":"SELL","side":"S","layer_index":3,"role":"ENT","deal_price":1.11896,"order_price_open":null,"slippage_pips":null,"volume":0.00,"profit":0.00,"swap":0.00,"commission":0.00,"deal_time_broker":"2026-10-05 08:46:12","deal_time_broker_msc":1791189972000,"halted_at_receipt":false,"quarantined_at_receipt":false}
4,-1,1791191194196,ea_event,,{"type":"fill_log","seq":85,"ea_time_ms":95009000,"magic":22260201,"deal_ticket":800000070,"order_ticket":9065,"position_id":900000036,"entry_type":"IN","deal_type":"SELL","side":"S","layer_index":4,"role":"ENT","deal_price":1.11966,"order_price_open":null,"slippage_pips":null,"volume":0.00,"profit":0.00,"swap":0.00,"commission":0.00,"deal_time_broker":"2026-10-05 09:06:34","deal_time_broker_msc":1791191194000,"halted_at_receipt":false,"quarantined_at_receipt":false}
4,-1,1791192511702,ea_event,,{"type":"fill_log","seq":86,"ea_time_ms":95009062,"magic":22260201,"deal_ticket":800000071,"order_ticket":9066,"position_id":900000037,"entry_type":"IN","deal_type":"SELL","side":"S","layer_index":4,"role":"EXT","deal_price":1.11866,"order_price_open":null,"slippage_pips":null,"volume":0.00,"profit":0.00,"swap":0.00,"commission":0.00,"deal_time_broker":"2026-10-05 09:28:31","deal_time_broker_msc":1791192511000,"halted_at_receipt":false,"quarantined_at_receipt":false}
4,-1,1791192512135,ea_event,,{"type":"fill_log","seq":87,"ea_time_ms":95009062,"magic":22260201,"deal_ticket":800000072,"order_ticket":700000072,"position_id":900000036,"entry_type":"OUT_BY","deal_type":"SELL","side":null,"layer_index":null,"role":null,"deal_price":1.11866,"order_price_open":null,"slippage_pips":null,"volume":0.00,"profit":1.00,"swap":0.00,"commission":0.00,"deal_time_broker":"2026-10-05 09:28:32","deal_time_broker_msc":1791192512000,"halted_at_receipt":false,"quarantined_at_receipt":false}
4,-1,1791192512135,ea_event,,{"type":"fill_log","seq":88,"ea_time_ms":95009062,"magic":22260201,"deal_ticket":800000073,"order_ticket":700000072,"position_id":900000037,"entry_type":"OUT_BY","deal_type":"SELL","side":null,"layer_index":null,"role":null,"deal_price":1.11966,"order_price_open":null,"slippage_pips":null,"volume":0.00,"profit":0.00,"swap":0.00,"commission":0.00,"deal_time_broker":"2026-10-05 09:28:32","deal_time_broker_msc":1791192512000,"halted_at_receipt":false,"quarantined_at_receipt":false}
4,-1,1791192512135,scalp,SCALP_CLOSED,{"close_time":"2026-10-05T09:28:32Z","instrument":"EURUSD","direction":"SHORT","entry_price":1.11966,"exit_price":1.11866,"layer_depth":4,"stack_depth":5,"gross_pnl":1.00,"instance_id":"GRIND_EURUSD_OPTB","ejected":false,"rolled":false,"broker_utc_offset_s":10800,"account_login":53077984}
4,-1,1791192835077,ea_event,,{"type":"fill_log","seq":89,"ea_time_ms":95009078,"magic":22260201,"deal_ticket":800000074,"order_ticket":9068,"position_id":900000038,"entry_type":"IN","deal_type":"SELL","side":"S","layer_index":3,"role":"EXT","deal_price":1.11794,"order_price_open":null,"slippage_pips":null,"volume":0.00,"profit":0.00,"swap":0.00,"commission":0.00,"deal_time_broker":"2026-10-05 09:33:55","deal_time_broker_msc":1791192835000,"halted_at_receipt":false,"quarantined_at_receipt":false}
4,-1,1791192836117,ea_event,,{"type":"fill_log","seq":90,"ea_time_ms":95009078,"magic":22260201,"deal_ticket":800000075,"order_ticket":700000075,"position_id":900000035,"entry_type":"OUT_BY","deal_type":"SELL","side":null,"layer_index":null,"role":null,"deal_price":1.11794,"order_price_open":null,"slippage_pips":null,"volume":0.00,"profit":1.02,"swap":0.00,"commission":0.00,"deal_time_broker":"2026-10-05 09:33:56","deal_time_broker_msc":1791192836000,"halted_at_receipt":false,"quarantined_at_receipt":false}
4,-1,1791192836117,ea_event,,{"type":"fill_log","seq":91,"ea_time_ms":95009078,"magic":22260201,"deal_ticket":800000076,"order_ticket":700000075,"position_id":900000038,"entry_type":"OUT_BY","deal_type":"SELL","side":null,"layer_index":null,"role":null,"deal_price":1.11896,"order_price_open":null,"slippage_pips":null,"volume":0.00,"profit":0.00,"swap":0.00,"commission":0.00,"deal_time_broker":"2026-10-05 09:33:56","deal_time_broker_msc":1791192836000,"halted_at_receipt":false,"quarantined_at_receipt":false}
4,-1,1791192836117,scalp,SCALP_CLOSED,{"close_time":"2026-10-05T09:33:56Z","instrument":"EURUSD","direction":"SHORT","entry_price":1.11896,"exit_price":1.11794,"layer_depth":3,"stack_depth":4,"gross_pnl":1.02,"instance_id":"GRIND_EURUSD_OPTB","ejected":false,"rolled":false,"broker_utc_offset_s":10800,"account_login":53077984}
4,-1,1791192923971,ea_event,,{"type":"fill_log","seq":92,"ea_time_ms":95009093,"magic":22260201,"deal_ticket":800000077,"order_ticket":9070,"position_id":900000039,"entry_type":"IN","deal_type":"SELL","side":"S","layer_index":2,"role":"EXT","deal_price":1.11727,"order_price_open":null,"slippage_pips":null,"volume":0.00,"profit":0.00,"swap":0.00,"commission":0.00,"deal_time_broker":"2026-10-05 09:35:23","deal_time_broker_msc":1791192923000,"halted_at_receipt":false,"quarantined_at_receipt":false}
4,-1,1791192924808,ea_event,,{"type":"fill_log","seq":93,"ea_time_ms":95009093,"magic":22260201,"deal_ticket":800000078,"order_ticket":700000078,"position_id":900000034,"entry_type":"OUT_BY","deal_type":"SELL","side":null,"layer_index":null,"role":null,"deal_price":1.11727,"order_price_open":null,"slippage_pips":null,"volume":0.00,"profit":0.99,"swap":0.00,"commission":0.00,"deal_time_broker":"2026-10-05 09:35:24","deal_time_broker_msc":1791192924000,"halted_at_receipt":false,"quarantined_at_receipt":false}
4,-1,1791192924808,ea_event,,{"type":"fill_log","seq":94,"ea_time_ms":95009093,"magic":22260201,"deal_ticket":800000079,"order_ticket":700000078,"position_id":900000039,"entry_type":"OUT_BY","deal_type":"SELL","side":null,"layer_index":null,"role":null,"deal_price":1.11826,"order_price_open":null,"slippage_pips":null,"volume":0.00,"profit":0.00,"swap":0.00,"commission":0.00,"deal_time_broker":"2026-10-05 09:35:24","deal_time_broker_msc":1791192924000,"halted_at_receipt":false,"quarantined_at_receipt":false}
4,-1,1791192924808,scalp,SCALP_CLOSED,{"close_time":"2026-10-05T09:35:24Z","instrument":"EURUSD","direction":"SHORT","entry_price":1.11826,"exit_price":1.11727,"layer_depth":2,"stack_depth":3,"gross_pnl":0.99,"instance_id":"GRIND_EURUSD_OPTB","ejected":false,"rolled":false,"broker_utc_offset_s":10800,"account_login":53077984}
4,-1,1791193378006,ea_event,,{"type":"fill_log","seq":95,"ea_time_ms":95009125,"magic":22260201,"deal_ticket":800000080,"order_ticket":9073,"position_id":900000040,"entry_type":"IN","deal_type":"SELL","side":"S","layer_index":2,"role":"ENT","deal_price":1.11824,"order_price_open":null,"slippage_pips":null,"volume":0.00,"profit":0.00,"swap":0.00,"commission":0.00,"deal_time_broker":"2026-10-05 09:42:58","deal_time_broker_msc":1791193378000,"halted_at_receipt":false,"quarantined_at_receipt":false}
4,-1,1791194117752,ea_event,,{"type":"fill_log","seq":96,"ea_time_ms":95009156,"magic":22260201,"deal_ticket":800000081,"order_ticket":9075,"position_id":900000041,"entry_type":"IN","deal_type":"SELL","side":"S","layer_index":3,"role":"ENT","deal_price":1.11894,"order_price_open":null,"slippage_pips":null,"volume":0.00,"profit":0.00,"swap":0.00,"commission":0.00,"deal_time_broker":"2026-10-05 09:55:17","deal_time_broker_msc":1791194117000,"halted_at_receipt":false,"quarantined_at_receipt":false}
4,-1,1791196358909,ea_event,,{"type":"fill_log","seq":97,"ea_time_ms":95009312,"magic":22260201,"deal_ticket":800000082,"order_ticket":9077,"position_id":900000042,"entry_type":"IN","deal_type":"SELL","side":"S","layer_index":4,"role":"ENT","deal_price":1.11964,"order_price_open":null,"slippage_pips":null,"volume":0.00,"profit":0.00,"swap":0.00,"commission":0.00,"deal_time_broker":"2026-10-05 10:32:38","deal_time_broker_msc":1791196358000,"halted_at_receipt":false,"quarantined_at_receipt":false}
4,-1,1791196874602,ea_event,,{"type":"fill_log","seq":98,"ea_time_ms":95009343,"magic":22260201,"deal_ticket":800000083,"order_ticket":9079,"position_id":900000043,"entry_type":"IN","deal_type":"SELL","side":"S","layer_index":5,"role":"ENT","deal_price":1.12037,"order_price_open":null,"slippage_pips":null,"volume":0.00,"profit":0.00,"swap":0.00,"commission":0.00,"deal_time_broker":"2026-10-05 10:41:14","deal_time_broker_msc":1791196874000,"halted_at_receipt":false,"quarantined_at_receipt":false}
4,-1,1791200784945,ea_event,,{"type":"fill_log","seq":99,"ea_time_ms":95009562,"magic":22260201,"deal_ticket":800000084,"order_ticket":9081,"position_id":900000044,"entry_type":"IN","deal_type":"SELL","side":"S","layer_index":6,"role":"ENT","deal_price":1.12107,"order_price_open":null,"slippage_pips":null,"volume":0.00,"profit":0.00,"swap":0.00,"commission":0.00,"deal_time_broker":"2026-10-05 11:46:24","deal_time_broker_msc":1791200784000,"halted_at_receipt":false,"quarantined_at_receipt":false}
4,-1,1791202294091,ea_event,,{"type":"fill_log","seq":100,"ea_time_ms":95009625,"magic":22260201,"deal_ticket":800000085,"order_ticket":9038,"position_id":900000045,"entry_type":"IN","deal_type":"BUY","side":"L","layer_index":7,"role":"EXT","deal_price":1.12173,"order_price_open":null,"slippage_pips":null,"volume":0.00,"profit":0.00,"swap":0.00,"commission":0.00,"deal_time_broker":"2026-10-05 12:11:34","deal_time_broker_msc":1791202294000,"halted_at_receipt":false,"quarantined_at_receipt":false}
4,-1,1791202295128,ea_event,,{"type":"fill_log","seq":101,"ea_time_ms":95009625,"magic":22260201,"deal_ticket":800000086,"order_ticket":700000086,"position_id":900000014,"entry_type":"OUT_BY","deal_type":"SELL","side":null,"layer_index":null,"role":null,"deal_price":1.12173,"order_price_open":null,"slippage_pips":null,"volume":0.00,"profit":-3.19,"swap":0.00,"commission":0.00,"deal_time_broker":"2026-10-05 12:11:35","deal_time_broker_msc":1791202295000,"halted_at_receipt":false,"quarantined_at_receipt":false}
4,-1,1791202295128,ea_event,ROLL_FILLED,{"type":"ea_event","seq":102,"ea_time_ms":95009625,"magic":null,"level":"INFO","code":"ROLL_FILLED","reason":null,"ticket":900000014,"detail":{"ticket":900000014,"level":1.12072}}
4,-1,1791202295128,ea_event,,{"type":"fill_log","seq":103,"ea_time_ms":95009625,"magic":22260201,"deal_ticket":800000087,"order_ticket":700000086,"position_id":900000045,"entry_type":"OUT_BY","deal_type":"SELL","side":null,"layer_index":null,"role":null,"deal_price":1.12492,"order_price_open":null,"slippage_pips":null,"volume":0.00,"profit":0.00,"swap":0.00,"commission":0.00,"deal_time_broker":"2026-10-05 12:11:35","deal_time_broker_msc":1791202295000,"halted_at_receipt":false,"quarantined_at_receipt":false}
4,-1,1791202295128,scalp,SCALP_CLOSED,{"close_time":"2026-10-05T12:11:35Z","instrument":"EURUSD","direction":"LONG","entry_price":1.12492,"exit_price":1.12173,"layer_depth":7,"stack_depth":8,"gross_pnl":-3.19,"instance_id":"GRIND_EURUSD_OPTB","ejected":false,"rolled":true,"broker_utc_offset_s":10800,"account_login":53077984}
4,-1,1791202299531,ea_event,,{"type":"fill_log","seq":104,"ea_time_ms":95009625,"magic":22260201,"deal_ticket":800000088,"order_ticket":9083,"position_id":900000046,"entry_type":"IN","deal_type":"SELL","side":"S","layer_index":7,"role":"ENT","deal_price":1.12174,"order_price_open":null,"slippage_pips":null,"volume":0.00,"profit":0.00,"swap":0.00,"commission":0.00,"deal_time_broker":"2026-10-05 12:11:39","deal_time_broker_msc":1791202299000,"halted_at_receipt":false,"quarantined_at_receipt":false}
4,-1,1791204295375,ea_event,,{"type":"fill_log","seq":105,"ea_time_ms":95009687,"magic":22260201,"deal_ticket":800000089,"order_ticket":9086,"position_id":900000047,"entry_type":"IN","deal_type":"SELL","side":"S","layer_index":7,"role":"EXT","deal_price":1.12074,"order_price_open":null,"slippage_pips":null,"volume":0.00,"profit":0.00,"swap":0.00,"commission":0.00,"deal_time_broker":"2026-10-05 12:44:55","deal_time_broker_msc":1791204295000,"halted_at_receipt":false,"quarantined_at_receipt":false}
4,-1,1791204296615,ea_event,,{"type":"fill_log","seq":106,"ea_time_ms":95009687,"magic":22260201,"deal_ticket":800000090,"order_ticket":700000090,"position_id":900000046,"entry_type":"OUT_BY","deal_type":"SELL","side":null,"layer_index":null,"role":null,"deal_price":1.12074,"order_price_open":null,"slippage_pips":null,"volume":0.00,"profit":1.00,"swap":0.00,"commission":0.00,"deal_time_broker":"2026-10-05 12:44:56","deal_time_broker_msc":1791204296000,"halted_at_receipt":false,"quarantined_at_receipt":false}
4,-1,1791204296615,ea_event,,{"type":"fill_log","seq":107,"ea_time_ms":95009687,"magic":22260201,"deal_ticket":800000091,"order_ticket":700000090,"position_id":900000047,"entry_type":"OUT_BY","deal_type":"SELL","side":null,"layer_index":null,"role":null,"deal_price":1.12174,"order_price_open":null,"slippage_pips":null,"volume":0.00,"profit":0.00,"swap":0.00,"commission":0.00,"deal_time_broker":"2026-10-05 12:44:56","deal_time_broker_msc":1791204296000,"halted_at_receipt":false,"quarantined_at_receipt":false}
4,-1,1791204296615,scalp,SCALP_CLOSED,{"close_time":"2026-10-05T12:44:56Z","instrument":"EURUSD","direction":"SHORT","entry_price":1.12174,"exit_price":1.12074,"layer_depth":7,"stack_depth":8,"gross_pnl":1.00,"instance_id":"GRIND_EURUSD_OPTB","ejected":false,"rolled":false,"broker_utc_offset_s":10800,"account_login":53077984}
4,-1,1791204301596,ea_event,,{"type":"fill_log","seq":108,"ea_time_ms":95009687,"magic":22260201,"deal_ticket":800000092,"order_ticket":9085,"position_id":900000048,"entry_type":"IN","deal_type":"BUY","side":"L","layer_index":7,"role":"ENT","deal_price":1.12069,"order_price_open":null,"slippage_pips":null,"volume":0.00,"profit":0.00,"swap":0.00,"commission":0.00,"deal_time_broker":"2026-10-05 12:45:01","deal_time_broker_msc":1791204301000,"halted_at_receipt":false,"quarantined_at_receipt":false}
4,-1,1791208444523,ea_event,,{"type":"fill_log","seq":109,"ea_time_ms":95009828,"magic":22260201,"deal_ticket":800000093,"order_ticket":9087,"position_id":900000049,"entry_type":"IN","deal_type":"SELL","side":"S","layer_index":6,"role":"EXT","deal_price":1.12007,"order_price_open":null,"slippage_pips":null,"volume":0.00,"profit":0.00,"swap":0.00,"commission":0.00,"deal_time_broker":"2026-10-05 13:54:04","deal_time_broker_msc":1791208444000,"halted_at_receipt":false,"quarantined_at_receipt":false}
4,-1,1791208446180,ea_event,,{"type":"fill_log","seq":110,"ea_time_ms":95009828,"magic":22260201,"deal_ticket":800000094,"order_ticket":700000094,"position_id":900000044,"entry_type":"OUT_BY","deal_type":"SELL","side":null,"layer_index":null,"role":null,"deal_price":1.12007,"order_price_open":null,"slippage_pips":null,"volume":0.00,"profit":1.00,"swap":0.00,"commission":0.00,"deal_time_broker":"2026-10-05 13:54:06","deal_time_broker_msc":1791208446000,"halted_at_receipt":false,"quarantined_at_receipt":false}
4,-1,1791208446180,ea_event,,{"type":"fill_log","seq":111,"ea_time_ms":95009828,"magic":22260201,"deal_ticket":800000095,"order_ticket":700000094,"position_id":900000049,"entry_type":"OUT_BY","deal_type":"SELL","side":null,"layer_index":null,"role":null,"deal_price":1.12107,"order_price_open":null,"slippage_pips":null,"volume":0.00,"profit":0.00,"swap":0.00,"commission":0.00,"deal_time_broker":"2026-10-05 13:54:06","deal_time_broker_msc":1791208446000,"halted_at_receipt":false,"quarantined_at_receipt":false}
4,-1,1791208446180,scalp,SCALP_CLOSED,{"close_time":"2026-10-05T13:54:06Z","instrument":"EURUSD","direction":"SHORT","entry_price":1.12107,"exit_price":1.12007,"layer_depth":6,"stack_depth":7,"gross_pnl":1.00,"instance_id":"GRIND_EURUSD_OPTB","ejected":false,"rolled":false,"broker_utc_offset_s":10800,"account_login":53077984}
4,-1,1791208481504,ea_event,ROLL_ACCEPTED,{"type":"ea_event","seq":112,"ea_time_ms":95009828,"magic":null,"level":"INFO","code":"ROLL_ACCEPTED","reason":null,"ticket":900000048,"detail":{"ticket":900000048,"side":"L","layer_index":7,"entry":1.12069,"level":1.11999,"target":1.12099,"accrued":0.00000,"clamped":false,"cost":-0.00030,"cost_pips":-3.0,"rolled":8,"was_ejected":false,"source":"auto","reroll":false,"from_level":0.00000}}
4,-1,1791210517759,ea_event,,{"type":"fill_log","seq":113,"ea_time_ms":95009921,"magic":22260201,"deal_ticket":800000096,"order_ticket":9089,"position_id":900000050,"entry_type":"IN","deal_type":"BUY","side":"L","layer_index":7,"role":"EXT","deal_price":1.12104,"order_price_open":null,"slippage_pips":null,"volume":0.00,"profit":0.00,"swap":0.00,"commission":0.00,"deal_time_broker":"2026-10-05 14:28:37","deal_time_broker_msc":1791210517000,"halted_at_receipt":false,"quarantined_at_receipt":false}
4,-1,1791210518396,ea_event,,{"type":"fill_log","seq":114,"ea_time_ms":95009921,"magic":22260201,"deal_ticket":800000097,"order_ticket":9091,"position_id":900000051,"entry_type":"IN","deal_type":"SELL","side":"S","layer_index":6,"role":"ENT","deal_price":1.12108,"order_price_open":null,"slippage_pips":null,"volume":0.00,"profit":0.00,"swap":0.00,"commission":0.00,"deal_time_broker":"2026-10-05 14:28:38","deal_time_broker_msc":1791210518000,"halted_at_receipt":false,"quarantined_at_receipt":false}
4,-1,1791210519013,ea_event,,{"type":"fill_log","seq":115,"ea_time_ms":95009937,"magic":22260201,"deal_ticket":800000098,"order_ticket":700000098,"position_id":900000048,"entry_type":"OUT_BY","deal_type":"SELL","side":null,"layer_index":null,"role":null,"deal_price":1.12104,"order_price_open":null,"slippage_pips":null,"volume":0.00,"profit":0.35,"swap":0.00,"commission":0.00,"deal_time_broker":"2026-10-05 14:28:39","deal_time_broker_msc":1791210519000,"halted_at_receipt":false,"quarantined_at_receipt":false}
4,-1,1791210519013,ea_event,ROLL_FILLED,{"type":"ea_event","seq":116,"ea_time_ms":95009937,"magic":null,"level":"INFO","code":"ROLL_FILLED","reason":null,"ticket":900000048,"detail":{"ticket":900000048,"level":1.11999}}
4,-1,1791210519013,ea_event,,{"type":"fill_log","seq":117,"ea_time_ms":95009937,"magic":22260201,"deal_ticket":800000099,"order_ticket":700000098,"position_id":900000050,"entry_type":"OUT_BY","deal_type":"SELL","side":null,"layer_index":null,"role":null,"deal_price":1.12069,"order_price_open":null,"slippage_pips":null,"volume":0.00,"profit":0.00,"swap":0.00,"commission":0.00,"deal_time_broker":"2026-10-05 14:28:39","deal_time_broker_msc":1791210519000,"halted_at_receipt":false,"quarantined_at_receipt":false}
4,-1,1791210519013,scalp,SCALP_CLOSED,{"close_time":"2026-10-05T14:28:39Z","instrument":"EURUSD","direction":"LONG","entry_price":1.12069,"exit_price":1.12104,"layer_depth":7,"stack_depth":8,"gross_pnl":0.35,"instance_id":"GRIND_EURUSD_OPTB","ejected":false,"rolled":true,"broker_utc_offset_s":10800,"account_login":53077984}
4,-1,1791211010921,ea_event,,{"type":"fill_log","seq":118,"ea_time_ms":95009953,"magic":22260201,"deal_ticket":800000100,"order_ticket":9095,"position_id":900000052,"entry_type":"IN","deal_type":"BUY","side":"L","layer_index":7,"role":"ENT","deal_price":1.12071,"order_price_open":null,"slippage_pips":null,"volume":0.00,"profit":0.00,"swap":0.00,"commission":0.00,"deal_time_broker":"2026-10-05 14:36:50","deal_time_broker_msc":1791211010000,"halted_at_receipt":false,"quarantined_at_receipt":false}
4,-1,1791213743890,ea_event,,{"type":"fill_log","seq":119,"ea_time_ms":95010093,"magic":22260201,"deal_ticket":800000101,"order_ticket":9092,"position_id":900000053,"entry_type":"IN","deal_type":"SELL","side":"S","layer_index":6,"role":"EXT","deal_price":1.12005,"order_price_open":null,"slippage_pips":null,"volume":0.00,"profit":0.00,"swap":0.00,"commission":0.00,"deal_time_broker":"2026-10-05 15:22:23","deal_time_broker_msc":1791213743000,"halted_at_receipt":false,"quarantined_at_receipt":false}
4,-1,1791213744525,ea_event,,{"type":"fill_log","seq":120,"ea_time_ms":95010093,"magic":22260201,"deal_ticket":800000102,"order_ticket":700000102,"position_id":900000051,"entry_type":"OUT_BY","deal_type":"SELL","side":null,"layer_index":null,"role":null,"deal_price":1.12005,"order_price_open":null,"slippage_pips":null,"volume":0.00,"profit":1.03,"swap":0.00,"commission":0.00,"deal_time_broker":"2026-10-05 15:22:24","deal_time_broker_msc":1791213744000,"halted_at_receipt":false,"quarantined_at_receipt":false}
4,-1,1791213744525,ea_event,,{"type":"fill_log","seq":121,"ea_time_ms":95010093,"magic":22260201,"deal_ticket":800000103,"order_ticket":700000102,"position_id":900000053,"entry_type":"OUT_BY","deal_type":"SELL","side":null,"layer_index":null,"role":null,"deal_price":1.12108,"order_price_open":null,"slippage_pips":null,"volume":0.00,"profit":0.00,"swap":0.00,"commission":0.00,"deal_time_broker":"2026-10-05 15:22:24","deal_time_broker_msc":1791213744000,"halted_at_receipt":false,"quarantined_at_receipt":false}
4,-1,1791213744525,scalp,SCALP_CLOSED,{"close_time":"2026-10-05T15:22:24Z","instrument":"EURUSD","direction":"SHORT","entry_price":1.12108,"exit_price":1.12005,"layer_depth":6,"stack_depth":7,"gross_pnl":1.03,"instance_id":"GRIND_EURUSD_OPTB","ejected":false,"rolled":false,"broker_utc_offset_s":10800,"account_login":53077984}
4,-1,1791213772567,ea_event,ROLL_ACCEPTED,{"type":"ea_event","seq":122,"ea_time_ms":95010093,"magic":null,"level":"INFO","code":"ROLL_ACCEPTED","reason":null,"ticket":900000052,"detail":{"ticket":900000052,"side":"L","layer_index":7,"entry":1.12071,"level":1.12001,"target":1.12101,"accrued":0.00000,"clamped":false,"cost":-0.00030,"cost_pips":-3.0,"rolled":8,"was_ejected":false,"source":"auto","reroll":false,"from_level":0.00000}}
4,-1,1791214197738,ea_event,,{"type":"fill_log","seq":123,"ea_time_ms":95010109,"magic":22260201,"deal_ticket":800000104,"order_ticket":9096,"position_id":900000054,"entry_type":"IN","deal_type":"BUY","side":"L","layer_index":7,"role":"EXT","deal_price":1.12104,"order_price_open":null,"slippage_pips":null,"volume":0.00,"profit":0.00,"swap":0.00,"commission":0.00,"deal_time_broker":"2026-10-05 15:29:57","deal_time_broker_msc":1791214197000,"halted_at_receipt":false,"quarantined_at_receipt":false}
4,-1,1791214200389,ea_event,,{"type":"fill_log","seq":124,"ea_time_ms":95010109,"magic":22260201,"deal_ticket":800000105,"order_ticket":700000105,"position_id":900000052,"entry_type":"OUT_BY","deal_type":"SELL","side":null,"layer_index":null,"role":null,"deal_price":1.12104,"order_price_open":null,"slippage_pips":null,"volume":0.00,"profit":0.33,"swap":0.00,"commission":0.00,"deal_time_broker":"2026-10-05 15:30:00","deal_time_broker_msc":1791214200000,"halted_at_receipt":false,"quarantined_at_receipt":false}
4,-1,1791214200389,ea_event,ROLL_FILLED,{"type":"ea_event","seq":125,"ea_time_ms":95010109,"magic":null,"level":"INFO","code":"ROLL_FILLED","reason":null,"ticket":900000052,"detail":{"ticket":900000052,"level":1.12001}}
4,-1,1791214200389,ea_event,,{"type":"fill_log","seq":126,"ea_time_ms":95010109,"magic":22260201,"deal_ticket":800000106,"order_ticket":700000105,"position_id":900000054,"entry_type":"OUT_BY","deal_type":"SELL","side":null,"layer_index":null,"role":null,"deal_price":1.12071,"order_price_open":null,"slippage_pips":null,"volume":0.00,"profit":0.00,"swap":0.00,"commission":0.00,"deal_time_broker":"2026-10-05 15:30:00","deal_time_broker_msc":1791214200000,"halted_at_receipt":false,"quarantined_at_receipt":false}
4,-1,1791214200389,scalp,SCALP_CLOSED,{"close_time":"2026-10-05T15:30:00Z","instrument":"EURUSD","direction":"LONG","entry_price":1.12071,"exit_price":1.12104,"layer_depth":7,"stack_depth":8,"gross_pnl":0.33,"instance_id":"GRIND_EURUSD_OPTB","ejected":false,"rolled":true,"broker_utc_offset_s":10800,"account_login":53077984}
4,-1,1791214201965,ea_event,,{"type":"fill_log","seq":127,"ea_time_ms":95010109,"magic":22260201,"deal_ticket":800000107,"order_ticket":9098,"position_id":900000055,"entry_type":"IN","deal_type":"SELL","side":"S","layer_index":6,"role":"ENT","deal_price":1.12109,"order_price_open":null,"slippage_pips":null,"volume":0.00,"profit":0.00,"swap":0.00,"commission":0.00,"deal_time_broker":"2026-10-05 15:30:01","deal_time_broker_msc":1791214201000,"halted_at_receipt":false,"quarantined_at_receipt":false}
4,-1,1791214808297,ea_event,,{"type":"fill_log","seq":128,"ea_time_ms":95010140,"magic":22260201,"deal_ticket":800000108,"order_ticket":9100,"position_id":900000056,"entry_type":"IN","deal_type":"BUY","side":"L","layer_index":7,"role":"ENT","deal_price":1.12071,"order_price_open":null,"slippage_pips":null,"volume":0.00,"profit":0.00,"swap":0.00,"commission":0.00,"deal_time_broker":"2026-10-05 15:40:08","deal_time_broker_msc":1791214808000,"halted_at_receipt":false,"quarantined_at_receipt":false}
4,-1,1791217701664,ea_event,,{"type":"fill_log","seq":129,"ea_time_ms":95010281,"magic":22260201,"deal_ticket":800000109,"order_ticket":9101,"position_id":900000057,"entry_type":"IN","deal_type":"SELL","side":"S","layer_index":6,"role":"EXT","deal_price":1.12009,"order_price_open":null,"slippage_pips":null,"volume":0.00,"profit":0.00,"swap":0.00,"commission":0.00,"deal_time_broker":"2026-10-05 16:28:21","deal_time_broker_msc":1791217701000,"halted_at_receipt":false,"quarantined_at_receipt":false}
4,-1,1791217702103,ea_event,,{"type":"fill_log","seq":130,"ea_time_ms":95010281,"magic":22260201,"deal_ticket":800000110,"order_ticket":700000110,"position_id":900000055,"entry_type":"OUT_BY","deal_type":"SELL","side":null,"layer_index":null,"role":null,"deal_price":1.12009,"order_price_open":null,"slippage_pips":null,"volume":0.00,"profit":1.00,"swap":0.00,"commission":0.00,"deal_time_broker":"2026-10-05 16:28:22","deal_time_broker_msc":1791217702000,"halted_at_receipt":false,"quarantined_at_receipt":false}
4,-1,1791217702103,ea_event,,{"type":"fill_log","seq":131,"ea_time_ms":95010281,"magic":22260201,"deal_ticket":800000111,"order_ticket":700000110,"position_id":900000057,"entry_type":"OUT_BY","deal_type":"SELL","side":null,"layer_index":null,"role":null,"deal_price":1.12109,"order_price_open":null,"slippage_pips":null,"volume":0.00,"profit":0.00,"swap":0.00,"commission":0.00,"deal_time_broker":"2026-10-05 16:28:22","deal_time_broker_msc":1791217702000,"halted_at_receipt":false,"quarantined_at_receipt":false}
4,-1,1791217702103,scalp,SCALP_CLOSED,{"close_time":"2026-10-05T16:28:22Z","instrument":"EURUSD","direction":"SHORT","entry_price":1.12109,"exit_price":1.12009,"layer_depth":6,"stack_depth":7,"gross_pnl":1.00,"instance_id":"GRIND_EURUSD_OPTB","ejected":false,"rolled":false,"broker_utc_offset_s":10800,"account_login":53077984}
4,-1,1791217864500,ea_event,ROLL_ACCEPTED,{"type":"ea_event","seq":132,"ea_time_ms":95010296,"magic":null,"level":"INFO","code":"ROLL_ACCEPTED","reason":null,"ticket":900000056,"detail":{"ticket":900000056,"side":"L","layer_index":7,"entry":1.12071,"level":1.12001,"target":1.12101,"accrued":0.00000,"clamped":false,"cost":-0.00030,"cost_pips":-3.0,"rolled":8,"was_ejected":false,"source":"auto","reroll":false,"from_level":0.00000}}
4,-1,1791218176811,ea_event,,{"type":"fill_log","seq":133,"ea_time_ms":95010312,"magic":22260201,"deal_ticket":800000112,"order_ticket":9104,"position_id":900000058,"entry_type":"IN","deal_type":"SELL","side":"S","layer_index":5,"role":"EXT","deal_price":1.11932,"order_price_open":null,"slippage_pips":null,"volume":0.00,"profit":0.00,"swap":0.00,"commission":0.00,"deal_time_broker":"2026-10-05 16:36:16","deal_time_broker_msc":1791218176000,"halted_at_receipt":false,"quarantined_at_receipt":false}
4,-1,1791218178039,ea_event,,{"type":"fill_log","seq":134,"ea_time_ms":95010312,"magic":22260201,"deal_ticket":800000113,"order_ticket":700000113,"position_id":900000043,"entry_type":"OUT_BY","deal_type":"SELL","side":null,"layer_index":null,"role":null,"deal_price":1.11932,"order_price_open":null,"slippage_pips":null,"volume":0.00,"profit":1.05,"swap":0.00,"commission":0.00,"deal_time_broker":"2026-10-05 16:36:18","deal_time_broker_msc":1791218178000,"halted_at_receipt":false,"quarantined_at_receipt":false}
4,-1,1791218178039,ea_event,,{"type":"fill_log","seq":135,"ea_time_ms":95010312,"magic":22260201,"deal_ticket":800000114,"order_ticket":700000113,"position_id":900000058,"entry_type":"OUT_BY","deal_type":"SELL","side":null,"layer_index":null,"role":null,"deal_price":1.12037,"order_price_open":null,"slippage_pips":null,"volume":0.00,"profit":0.00,"swap":0.00,"commission":0.00,"deal_time_broker":"2026-10-05 16:36:18","deal_time_broker_msc":1791218178000,"halted_at_receipt":false,"quarantined_at_receipt":false}
4,-1,1791218178039,scalp,SCALP_CLOSED,{"close_time":"2026-10-05T16:36:18Z","instrument":"EURUSD","direction":"SHORT","entry_price":1.12037,"exit_price":1.11932,"layer_depth":5,"stack_depth":6,"gross_pnl":1.05,"instance_id":"GRIND_EURUSD_OPTB","ejected":false,"rolled":false,"broker_utc_offset_s":10800,"account_login":53077984}
4,-1,1791222467788,ea_event,,{"type":"fill_log","seq":136,"ea_time_ms":95010640,"magic":22260201,"deal_ticket":800000115,"order_ticket":9107,"position_id":900000059,"entry_type":"IN","deal_type":"SELL","side":"S","layer_index":5,"role":"ENT","deal_price":1.12036,"order_price_open":null,"slippage_pips":null,"volume":0.00,"profit":0.00,"swap":0.00,"commission":0.00,"deal_time_broker":"2026-10-05 17:47:47","deal_time_broker_msc":1791222467000,"halted_at_receipt":false,"quarantined_at_receipt":false}
4,-1,1791223238876,ea_event,,{"type":"fill_log","seq":137,"ea_time_ms":95010703,"magic":22260201,"deal_ticket":800000116,"order_ticket":9103,"position_id":900000060,"entry_type":"IN","deal_type":"BUY","side":"L","layer_index":7,"role":"EXT","deal_price":1.12097,"order_price_open":null,"slippage_pips":null,"volume":0.00,"profit":0.00,"swap":0.00,"commission":0.00,"deal_time_broker":"2026-10-05 18:00:38","deal_time_broker_msc":1791223238000,"halted_at_receipt":false,"quarantined_at_receipt":false}
4,-1,1791223239722,ea_event,,{"type":"fill_log","seq":138,"ea_time_ms":95010703,"magic":22260201,"deal_ticket":800000117,"order_ticket":700000117,"position_id":900000056,"entry_type":"OUT_BY","deal_type":"SELL","side":null,"layer_index":null,"role":null,"deal_price":1.12097,"order_price_open":null,"slippage_pips":null,"volume":0.00,"profit":0.26,"swap":0.00,"commission":0.00,"deal_time_broker":"2026-10-05 18:00:39","deal_time_broker_msc":1791223239000,"halted_at_receipt":false,"quarantined_at_receipt":false}
4,-1,1791223239722,ea_event,ROLL_FILLED,{"type":"ea_event","seq":139,"ea_time_ms":95010703,"magic":null,"level":"INFO","code":"ROLL_FILLED","reason":null,"ticket":900000056,"detail":{"ticket":900000056,"level":1.12001}}
4,-1,1791223239722,ea_event,,{"type":"fill_log","seq":140,"ea_time_ms":95010703,"magic":22260201,"deal_ticket":800000118,"order_ticket":700000117,"position_id":900000060,"entry_type":"OUT_BY","deal_type":"SELL","side":null,"layer_index":null,"role":null,"deal_price":1.12071,"order_price_open":null,"slippage_pips":null,"volume":0.00,"profit":0.00,"swap":0.00,"commission":0.00,"deal_time_broker":"2026-10-05 18:00:39","deal_time_broker_msc":1791223239000,"halted_at_receipt":false,"quarantined_at_receipt":false}
4,-1,1791223239722,scalp,SCALP_CLOSED,{"close_time":"2026-10-05T18:00:39Z","instrument":"EURUSD","direction":"LONG","entry_price":1.12071,"exit_price":1.12097,"layer_depth":7,"stack_depth":8,"gross_pnl":0.26,"instance_id":"GRIND_EURUSD_OPTB","ejected":false,"rolled":true,"broker_utc_offset_s":10800,"account_login":53077984}
4,-1,1791223268813,ea_event,,{"type":"fill_log","seq":141,"ea_time_ms":95010703,"magic":22260201,"deal_ticket":800000119,"order_ticket":9109,"position_id":900000061,"entry_type":"IN","deal_type":"SELL","side":"S","layer_index":6,"role":"ENT","deal_price":1.12106,"order_price_open":null,"slippage_pips":null,"volume":0.00,"profit":0.00,"swap":0.00,"commission":0.00,"deal_time_broker":"2026-10-05 18:01:08","deal_time_broker_msc":1791223268000,"halted_at_receipt":false,"quarantined_at_receipt":false}
4,-1,1791227168650,ea_event,,{"type":"fill_log","seq":142,"ea_time_ms":95010890,"magic":22260201,"deal_ticket":800000120,"order_ticket":9111,"position_id":900000062,"entry_type":"IN","deal_type":"BUY","side":"L","layer_index":7,"role":"ENT","deal_price":1.12070,"order_price_open":null,"slippage_pips":null,"volume":0.00,"profit":0.00,"swap":0.00,"commission":0.00,"deal_time_broker":"2026-10-05 19:06:08","deal_time_broker_msc":1791227168000,"halted_at_receipt":false,"quarantined_at_receipt":false}
4,-1,1791230703568,ea_event,,{"type":"fill_log","seq":143,"ea_time_ms":95011015,"magic":22260201,"deal_ticket":800000121,"order_ticket":9112,"position_id":900000063,"entry_type":"IN","deal_type":"SELL","side":"S","layer_index":6,"role":"EXT","deal_price":1.12005,"order_price_open":null,"slippage_pips":null,"volume":0.00,"profit":0.00,"swap":0.00,"commission":0.00,"deal_time_broker":"2026-10-05 20:05:03","deal_time_broker_msc":1791230703000,"halted_at_receipt":false,"quarantined_at_receipt":false}
4,-1,1791230704001,ea_event,,{"type":"fill_log","seq":144,"ea_time_ms":95011015,"magic":22260201,"deal_ticket":800000122,"order_ticket":700000122,"position_id":900000061,"entry_type":"OUT_BY","deal_type":"SELL","side":null,"layer_index":null,"role":null,"deal_price":1.12005,"order_price_open":null,"slippage_pips":null,"volume":0.00,"profit":1.01,"swap":0.00,"commission":0.00,"deal_time_broker":"2026-10-05 20:05:04","deal_time_broker_msc":1791230704000,"halted_at_receipt":false,"quarantined_at_receipt":false}
4,-1,1791230704001,ea_event,,{"type":"fill_log","seq":145,"ea_time_ms":95011015,"magic":22260201,"deal_ticket":800000123,"order_ticket":700000122,"position_id":900000063,"entry_type":"OUT_BY","deal_type":"SELL","side":null,"layer_index":null,"role":null,"deal_price":1.12106,"order_price_open":null,"slippage_pips":null,"volume":0.00,"profit":0.00,"swap":0.00,"commission":0.00,"deal_time_broker":"2026-10-05 20:05:04","deal_time_broker_msc":1791230704000,"halted_at_receipt":false,"quarantined_at_receipt":false}
4,-1,1791230704001,scalp,SCALP_CLOSED,{"close_time":"2026-10-05T20:05:04Z","instrument":"EURUSD","direction":"SHORT","entry_price":1.12106,"exit_price":1.12005,"layer_depth":6,"stack_depth":7,"gross_pnl":1.01,"instance_id":"GRIND_EURUSD_OPTB","ejected":false,"rolled":false,"broker_utc_offset_s":10800,"account_login":53077984}
4,-1,1791230724399,ea_event,ROLL_ACCEPTED,{"type":"ea_event","seq":146,"ea_time_ms":95011031,"magic":null,"level":"INFO","code":"ROLL_ACCEPTED","reason":null,"ticket":900000062,"detail":{"ticket":900000062,"side":"L","layer_index":7,"entry":1.12070,"level":1.12000,"target":1.12100,"accrued":0.00000,"clamped":false,"cost":-0.00030,"cost_pips":-3.0,"rolled":8,"was_ejected":false,"source":"auto","reroll":false,"from_level":0.00000}}
4,-1,1791233856935,ea_event,,{"type":"fill_log","seq":147,"ea_time_ms":95011109,"magic":22260201,"deal_ticket":800000124,"order_ticket":9114,"position_id":900000064,"entry_type":"IN","deal_type":"BUY","side":"L","layer_index":7,"role":"EXT","deal_price":1.12101,"order_price_open":null,"slippage_pips":null,"volume":0.00,"profit":0.00,"swap":0.00,"commission":0.00,"deal_time_broker":"2026-10-05 20:57:36","deal_time_broker_msc":1791233856000,"halted_at_receipt":false,"quarantined_at_receipt":false}
4,-1,1791233857364,ea_event,,{"type":"fill_log","seq":148,"ea_time_ms":95011109,"magic":22260201,"deal_ticket":800000125,"order_ticket":700000125,"position_id":900000062,"entry_type":"OUT_BY","deal_type":"SELL","side":null,"layer_index":null,"role":null,"deal_price":1.12101,"order_price_open":null,"slippage_pips":null,"volume":0.00,"profit":0.31,"swap":0.00,"commission":0.00,"deal_time_broker":"2026-10-05 20:57:37","deal_time_broker_msc":1791233857000,"halted_at_receipt":false,"quarantined_at_receipt":false}
4,-1,1791233857364,ea_event,ROLL_FILLED,{"type":"ea_event","seq":149,"ea_time_ms":95011109,"magic":null,"level":"INFO","code":"ROLL_FILLED","reason":null,"ticket":900000062,"detail":{"ticket":900000062,"level":1.12000}}
4,-1,1791233857364,ea_event,,{"type":"fill_log","seq":150,"ea_time_ms":95011109,"magic":22260201,"deal_ticket":800000126,"order_ticket":700000125,"position_id":900000064,"entry_type":"OUT_BY","deal_type":"SELL","side":null,"layer_index":null,"role":null,"deal_price":1.12070,"order_price_open":null,"slippage_pips":null,"volume":0.00,"profit":0.00,"swap":0.00,"commission":0.00,"deal_time_broker":"2026-10-05 20:57:37","deal_time_broker_msc":1791233857000,"halted_at_receipt":false,"quarantined_at_receipt":false}
4,-1,1791233857364,scalp,SCALP_CLOSED,{"close_time":"2026-10-05T20:57:37Z","instrument":"EURUSD","direction":"LONG","entry_price":1.12070,"exit_price":1.12101,"layer_depth":7,"stack_depth":8,"gross_pnl":0.31,"instance_id":"GRIND_EURUSD_OPTB","ejected":false,"rolled":true,"broker_utc_offset_s":10800,"account_login":53077984}
4,-1,1791233997350,ea_event,,{"type":"fill_log","seq":151,"ea_time_ms":95011125,"magic":22260201,"deal_ticket":800000127,"order_ticket":9116,"position_id":900000065,"entry_type":"IN","deal_type":"SELL","side":"S","layer_index":6,"role":"ENT","deal_price":1.12106,"order_price_open":null,"slippage_pips":null,"volume":0.00,"profit":0.00,"swap":0.00,"commission":0.00,"deal_time_broker":"2026-10-05 20:59:57","deal_time_broker_msc":1791233997000,"halted_at_receipt":false,"quarantined_at_receipt":false}
4,-1,1791238759074,ea_event,,{"type":"fill_log","seq":152,"ea_time_ms":95011234,"magic":22260201,"deal_ticket":800000128,"order_ticket":9120,"position_id":900000066,"entry_type":"IN","deal_type":"SELL","side":"S","layer_index":7,"role":"ENT","deal_price":1.12177,"order_price_open":null,"slippage_pips":null,"volume":0.00,"profit":0.00,"swap":0.00,"commission":0.00,"deal_time_broker":"2026-10-05 22:19:19","deal_time_broker_msc":1791238759000,"halted_at_receipt":false,"quarantined_at_receipt":false}
4,-1,1791244201582,ea_event,,{"type":"fill_log","seq":153,"ea_time_ms":95011343,"magic":22260201,"deal_ticket":800000129,"order_ticket":9117,"position_id":900000067,"entry_type":"IN","deal_type":"BUY","side":"L","layer_index":6,"role":"EXT","deal_price":1.12245,"order_price_open":null,"slippage_pips":null,"volume":0.00,"profit":0.00,"swap":0.00,"commission":0.00,"deal_time_broker":"2026-10-05 23:50:01","deal_time_broker_msc":1791244201000,"halted_at_receipt":false,"quarantined_at_receipt":false}
4,-1,1791244202622,ea_event,,{"type":"fill_log","seq":154,"ea_time_ms":95011343,"magic":22260201,"deal_ticket":800000130,"order_ticket":700000130,"position_id":900000006,"entry_type":"OUT_BY","deal_type":"SELL","side":null,"layer_index":null,"role":null,"deal_price":1.12245,"order_price_open":null,"slippage_pips":null,"volume":0.00,"profit":-3.17,"swap":-0.08,"commission":0.00,"deal_time_broker":"2026-10-05 23:50:02","deal_time_broker_msc":1791244202000,"halted_at_receipt":false,"quarantined_at_receipt":false}
4,-1,1791244202622,ea_event,ROLL_FILLED,{"type":"ea_event","seq":155,"ea_time_ms":95011343,"magic":null,"level":"INFO","code":"ROLL_FILLED","reason":null,"ticket":900000006,"detail":{"ticket":900000006,"level":1.12142}}
4,-1,1791244202622,ea_event,,{"type":"fill_log","seq":156,"ea_time_ms":95011343,"magic":22260201,"deal_ticket":800000131,"order_ticket":700000130,"position_id":900000067,"entry_type":"OUT_BY","deal_type":"SELL","side":null,"layer_index":null,"role":null,"deal_price":1.12562,"order_price_open":null,"slippage_pips":null,"volume":0.00,"profit":0.00,"swap":0.00,"commission":0.00,"deal_time_broker":"2026-10-05 23:50:02","deal_time_broker_msc":1791244202000,"halted_at_receipt":false,"quarantined_at_receipt":false}
4,-1,1791244202622,scalp,SCALP_CLOSED,{"close_time":"2026-10-05T23:50:02Z","instrument":"EURUSD","direction":"LONG","entry_price":1.12562,"exit_price":1.12245,"layer_depth":6,"stack_depth":7,"gross_pnl":-3.25,"instance_id":"GRIND_EURUSD_OPTB","ejected":false,"rolled":true,"broker_utc_offset_s":10800,"account_login":53077984}
4,-1,1791244209366,ea_event,ROLL_ACCEPTED,{"type":"ea_event","seq":157,"ea_time_ms":95011343,"magic":null,"level":"INFO","code":"ROLL_ACCEPTED","reason":null,"ticket":900000032,"detail":{"ticket":900000032,"side":"S","layer_index":0,"entry":1.11684,"level":1.12247,"target":1.12147,"accrued":0.00000,"clamped":false,"cost":0.00463,"cost_pips":46.3,"rolled":1,"was_ejected":false,"source":"auto","reroll":false,"from_level":0.00000}}
4,-1,1791244252001,ea_event,CARRY_EXIT_SHIFT,{"type":"ea_event","seq":158,"ea_time_ms":95011343,"magic":null,"level":"INFO","code":"CARRY_EXIT_SHIFT","reason":"EURUSD","ticket":null,"detail":{"position_ticket":1975880441,"side":"long","layer_index":0,"accrued_ledger_pips":-4.100,"pending_pips":-0.799,"accrued_pips_total":-4.899,"old_price":1.13237,"new_price":1.13253,"clamped":false,"sign_guard_skipped":false,"retcode":10009,"points_native_pips":-3.995}}
4,-1,1791244372001,ea_event,CARRY_EXIT_SHIFT,{"type":"ea_event","seq":159,"ea_time_ms":95011343,"magic":null,"level":"INFO","code":"CARRY_EXIT_SHIFT","reason":"EURUSD","ticket":null,"detail":{"position_ticket":900000004,"side":"long","layer_index":5,"accrued_ledger_pips":-0.800,"pending_pips":-0.799,"accrued_pips_total":-1.599,"old_price":1.12312,"new_price":1.12328,"clamped":false,"sign_guard_skipped":false,"retcode":10009,"points_native_pips":-2.397}}
4,-1,1791244432001,ea_event,CARRY_EXIT_SHIFT,{"type":"ea_event","seq":160,"ea_time_ms":95011343,"magic":null,"level":"INFO","code":"CARRY_EXIT_SHIFT","reason":"EURUSD","ticket":null,"detail":{"position_ticket":900000032,"side":"short","layer_index":0,"accrued_ledger_pips":0.000,"pending_pips":0.131,"accrued_pips_total":0.131,"old_price":1.12147,"new_price":1.12148,"clamped":false,"sign_guard_skipped":false,"retcode":10009,"points_native_pips":0.131}}
4,-1,1791244432001,ea_event,CARRY_EXIT_SHIFT,{"type":"ea_event","seq":161,"ea_time_ms":95011343,"magic":null,"level":"INFO","code":"CARRY_EXIT_SHIFT","reason":"EURUSD","ticket":null,"detail":{"position_ticket":900000033,"side":"short","layer_index":1,"accrued_ledger_pips":0.000,"pending_pips":0.131,"accrued_pips_total":0.131,"old_price":1.11655,"new_price":1.11656,"clamped":false,"sign_guard_skipped":false,"retcode":10009,"points_native_pips":0.131}}
4,-1,1791244612001,ea_event,CARRY_PASS_SUMMARY,{"type":"ea_event","seq":162,"ea_time_ms":95011343,"magic":null,"level":"INFO","code":"CARRY_PASS_SUMMARY","reason":"EURUSD","ticket":null,"detail":{"eligible":14,"shifted":4,"clamped":0,"skipped":0,"failed":0,"incomplete":false}}
6,-1,1791255837811,ea_event,,{"type":"fill_log","seq":0,"ea_time_ms":95011500,"magic":22260201,"deal_ticket":800000001,"order_ticket":1985808612,"position_id":900000001,"entry_type":"IN","deal_type":"SELL","side":"S","layer_index":0,"role":"EXT","deal_price":1.12148,"order_price_open":null,"slippage_pips":null,"volume":0.00,"profit":0.00,"swap":0.00,"commission":0.00,"deal_time_broker":"2026-10-06 03:03:57","deal_time_broker_msc":1791255837000,"halted_at_receipt":false,"quarantined_at_receipt":false}
6,-1,1791255839053,ea_event,,{"type":"fill_log","seq":1,"ea_time_ms":95011500,"magic":22260201,"deal_ticket":800000002,"order_ticket":700000002,"position_id":1985806853,"entry_type":"OUT_BY","deal_type":"SELL","side":null,"layer_index":null,"role":null,"deal_price":1.12148,"order_price_open":null,"slippage_pips":null,"volume":0.00,"profit":-4.64,"swap":0.01,"commission":0.00,"deal_time_broker":"2026-10-06 03:03:59","deal_time_broker_msc":1791255839000,"halted_at_receipt":false,"quarantined_at_receipt":false}
6,-1,1791255839053,ea_event,ROLL_FILLED,{"type":"ea_event","seq":2,"ea_time_ms":95011500,"magic":null,"level":"INFO","code":"ROLL_FILLED","reason":null,"ticket":1985806853,"detail":{"ticket":1985806853,"level":1.12247}}
6,-1,1791255839053,ea_event,,{"type":"fill_log","seq":3,"ea_time_ms":95011500,"magic":22260201,"deal_ticket":800000003,"order_ticket":700000002,"position_id":900000001,"entry_type":"OUT_BY","deal_type":"SELL","side":null,"layer_index":null,"role":null,"deal_price":1.11684,"order_price_open":null,"slippage_pips":null,"volume":0.00,"profit":0.00,"swap":0.00,"commission":0.00,"deal_time_broker":"2026-10-06 03:03:59","deal_time_broker_msc":1791255839000,"halted_at_receipt":false,"quarantined_at_receipt":false}
6,-1,1791255839053,scalp,SCALP_CLOSED,{"close_time":"2026-10-06T03:03:59Z","instrument":"EURUSD","direction":"SHORT","entry_price":1.11684,"exit_price":1.12148,"layer_depth":0,"stack_depth":8,"gross_pnl":-4.63,"instance_id":"GRIND_EURUSD_OPTB","ejected":false,"rolled":true,"broker_utc_offset_s":10800,"account_login":53077984}
6,-1,1791255959116,ea_event,,{"type":"fill_log","seq":4,"ea_time_ms":95011515,"magic":22260201,"deal_ticket":800000004,"order_ticket":1988240492,"position_id":900000002,"entry_type":"IN","deal_type":"BUY","side":"L","layer_index":6,"role":"ENT","deal_price":1.12143,"order_price_open":null,"slippage_pips":null,"volume":0.00,"profit":0.00,"swap":0.00,"commission":0.00,"deal_time_broker":"2026-10-06 03:05:59","deal_time_broker_msc":1791255959000,"halted_at_receipt":false,"quarantined_at_receipt":false}
6,-1,1791259212872,ea_event,,{"type":"fill_log","seq":5,"ea_time_ms":95011562,"magic":22260201,"deal_ticket":800000005,"order_ticket":9002,"position_id":900000003,"entry_type":"IN","deal_type":"BUY","side":"L","layer_index":6,"role":"EXT","deal_price":1.12246,"order_price_open":null,"slippage_pips":null,"volume":0.00,"profit":0.00,"swap":0.00,"commission":0.00,"deal_time_broker":"2026-10-06 04:00:12","deal_time_broker_msc":1791259212000,"halted_at_receipt":false,"quarantined_at_receipt":false}
6,-1,1791259216339,ea_event,,{"type":"fill_log","seq":6,"ea_time_ms":95011562,"magic":22260201,"deal_ticket":800000006,"order_ticket":700000006,"position_id":900000002,"entry_type":"OUT_BY","deal_type":"SELL","side":null,"layer_index":null,"role":null,"deal_price":1.12246,"order_price_open":null,"slippage_pips":null,"volume":0.00,"profit":1.03,"swap":0.00,"commission":0.00,"deal_time_broker":"2026-10-06 04:00:16","deal_time_broker_msc":1791259216000,"halted_at_receipt":false,"quarantined_at_receipt":false}
6,-1,1791259216339,ea_event,,{"type":"fill_log","seq":7,"ea_time_ms":95011562,"magic":22260201,"deal_ticket":800000007,"order_ticket":700000006,"position_id":900000003,"entry_type":"OUT_BY","deal_type":"SELL","side":null,"layer_index":null,"role":null,"deal_price":1.12143,"order_price_open":null,"slippage_pips":null,"volume":0.00,"profit":0.00,"swap":0.00,"commission":0.00,"deal_time_broker":"2026-10-06 04:00:16","deal_time_broker_msc":1791259216000,"halted_at_receipt":false,"quarantined_at_receipt":false}
6,-1,1791259216339,scalp,SCALP_CLOSED,{"close_time":"2026-10-06T04:00:16Z","instrument":"EURUSD","direction":"LONG","entry_price":1.12143,"exit_price":1.12246,"layer_depth":6,"stack_depth":7,"gross_pnl":1.03,"instance_id":"GRIND_EURUSD_OPTB","ejected":false,"rolled":false,"broker_utc_offset_s":10800,"account_login":53077984}
6,-1,1791259222744,ea_event,,{"type":"fill_log","seq":8,"ea_time_ms":95011562,"magic":22260201,"deal_ticket":800000008,"order_ticket":9001,"position_id":900000004,"entry_type":"IN","deal_type":"SELL","side":"S","layer_index":8,"role":"ENT","deal_price":1.12247,"order_price_open":null,"slippage_pips":null,"volume":0.00,"profit":0.00,"swap":0.00,"commission":0.00,"deal_time_broker":"2026-10-06 04:00:22","deal_time_broker_msc":1791259222000,"halted_at_receipt":false,"quarantined_at_receipt":false}
6,-1,1791263686798,ea_event,,{"type":"fill_log","seq":9,"ea_time_ms":95011671,"magic":22260201,"deal_ticket":800000009,"order_ticket":9006,"position_id":900000005,"entry_type":"IN","deal_type":"SELL","side":"S","layer_index":8,"role":"EXT","deal_price":1.12145,"order_price_open":null,"slippage_pips":null,"volume":0.00,"profit":0.00,"swap":0.00,"commission":0.00,"deal_time_broker":"2026-10-06 05:14:46","deal_time_broker_msc":1791263686000,"halted_at_receipt":false,"quarantined_at_receipt":false}
6,-1,1791263700333,ea_event,,{"type":"fill_log","seq":10,"ea_time_ms":95011671,"magic":22260201,"deal_ticket":800000010,"order_ticket":700000010,"position_id":900000004,"entry_type":"OUT_BY","deal_type":"SELL","side":null,"layer_index":null,"role":null,"deal_price":1.12145,"order_price_open":null,"slippage_pips":null,"volume":0.00,"profit":1.02,"swap":0.00,"commission":0.00,"deal_time_broker":"2026-10-06 05:15:00","deal_time_broker_msc":1791263700000,"halted_at_receipt":false,"quarantined_at_receipt":false}
6,-1,1791263700333,ea_event,,{"type":"fill_log","seq":11,"ea_time_ms":95011671,"magic":22260201,"deal_ticket":800000011,"order_ticket":700000010,"position_id":900000005,"entry_type":"OUT_BY","deal_type":"SELL","side":null,"layer_index":null,"role":null,"deal_price":1.12247,"order_price_open":null,"slippage_pips":null,"volume":0.00,"profit":0.00,"swap":0.00,"commission":0.00,"deal_time_broker":"2026-10-06 05:15:00","deal_time_broker_msc":1791263700000,"halted_at_receipt":false,"quarantined_at_receipt":false}
6,-1,1791263700333,scalp,SCALP_CLOSED,{"close_time":"2026-10-06T05:15:00Z","instrument":"EURUSD","direction":"SHORT","entry_price":1.12247,"exit_price":1.12145,"layer_depth":8,"stack_depth":8,"gross_pnl":1.02,"instance_id":"GRIND_EURUSD_OPTB","ejected":false,"rolled":false,"broker_utc_offset_s":10800,"account_login":53077984}
6,-1,1791263834655,ea_event,,{"type":"fill_log","seq":12,"ea_time_ms":95011671,"magic":22260201,"deal_ticket":800000012,"order_ticket":9005,"position_id":900000006,"entry_type":"IN","deal_type":"BUY","side":"L","layer_index":6,"role":"ENT","deal_price":1.12141,"order_price_open":null,"slippage_pips":null,"volume":0.00,"profit":0.00,"swap":0.00,"commission":0.00,"deal_time_broker":"2026-10-06 05:17:14","deal_time_broker_msc":1791263834000,"halted_at_receipt":false,"quarantined_at_receipt":false}
7,-1,1791269033744,ea_event,,{"type":"fill_log","seq":0,"ea_time_ms":95011781,"magic":22260201,"deal_ticket":800000001,"order_ticket":1988697118,"position_id":900000001,"entry_type":"IN","deal_type":"BUY","side":"L","layer_index":6,"role":"EXT","deal_price":1.12243,"order_price_open":null,"slippage_pips":null,"volume":0.00,"profit":0.00,"swap":0.00,"commission":0.00,"deal_time_broker":"2026-10-06 06:43:53","deal_time_broker_msc":1791269033000,"halted_at_receipt":false,"quarantined_at_receipt":false}
7,-1,1791269034180,ea_event,,{"type":"fill_log","seq":1,"ea_time_ms":95011781,"magic":22260201,"deal_ticket":800000002,"order_ticket":700000002,"position_id":1988537341,"entry_type":"OUT_BY","deal_type":"SELL","side":null,"layer_index":null,"role":null,"deal_price":1.12243,"order_price_open":null,"slippage_pips":null,"volume":0.00,"profit":1.02,"swap":0.00,"commission":0.00,"deal_time_broker":"2026-10-06 06:43:54","deal_time_broker_msc":1791269034000,"halted_at_receipt":false,"quarantined_at_receipt":false}
7,-1,1791269034180,ea_event,,{"type":"fill_log","seq":2,"ea_time_ms":95011781,"magic":22260201,"deal_ticket":800000003,"order_ticket":700000002,"position_id":900000001,"entry_type":"OUT_BY","deal_type":"SELL","side":null,"layer_index":null,"role":null,"deal_price":1.12141,"order_price_open":null,"slippage_pips":null,"volume":0.00,"profit":0.00,"swap":0.00,"commission":0.00,"deal_time_broker":"2026-10-06 06:43:54","deal_time_broker_msc":1791269034000,"halted_at_receipt":false,"quarantined_at_receipt":false}
7,-1,1791269034180,scalp,SCALP_CLOSED,{"close_time":"2026-10-06T06:43:54Z","instrument":"EURUSD","direction":"LONG","entry_price":1.12141,"exit_price":1.12243,"layer_depth":6,"stack_depth":7,"gross_pnl":1.02,"instance_id":"GRIND_EURUSD_OPTB","ejected":false,"rolled":false,"broker_utc_offset_s":10800,"account_login":53077984}
7,-1,1791269141530,ea_event,,{"type":"fill_log","seq":3,"ea_time_ms":95011781,"magic":22260201,"deal_ticket":800000004,"order_ticket":1988693327,"position_id":900000002,"entry_type":"IN","deal_type":"SELL","side":"S","layer_index":8,"role":"ENT","deal_price":1.12247,"order_price_open":null,"slippage_pips":null,"volume":0.00,"profit":0.00,"swap":0.00,"commission":0.00,"deal_time_broker":"2026-10-06 06:45:41","deal_time_broker_msc":1791269141000,"halted_at_receipt":false,"quarantined_at_receipt":false}
7,-1,1791275237990,ea_event,,{"type":"fill_log","seq":4,"ea_time_ms":95011875,"magic":22260201,"deal_ticket":800000005,"order_ticket":9002,"position_id":900000003,"entry_type":"IN","deal_type":"SELL","side":"S","layer_index":8,"role":"EXT","deal_price":1.12147,"order_price_open":null,"slippage_pips":null,"volume":0.00,"profit":0.00,"swap":0.00,"commission":0.00,"deal_time_broker":"2026-10-06 08:27:17","deal_time_broker_msc":1791275237000,"halted_at_receipt":false,"quarantined_at_receipt":false}
7,-1,1791275239625,ea_event,,{"type":"fill_log","seq":5,"ea_time_ms":95011875,"magic":22260201,"deal_ticket":800000006,"order_ticket":700000006,"position_id":900000002,"entry_type":"OUT_BY","deal_type":"SELL","side":null,"layer_index":null,"role":null,"deal_price":1.12147,"order_price_open":null,"slippage_pips":null,"volume":0.00,"profit":1.00,"swap":0.00,"commission":0.00,"deal_time_broker":"2026-10-06 08:27:19","deal_time_broker_msc":1791275239000,"halted_at_receipt":false,"quarantined_at_receipt":false}
7,-1,1791275239625,ea_event,,{"type":"fill_log","seq":6,"ea_time_ms":95011875,"magic":22260201,"deal_ticket":800000007,"order_ticket":700000006,"position_id":900000003,"entry_type":"OUT_BY","deal_type":"SELL","side":null,"layer_index":null,"role":null,"deal_price":1.12247,"order_price_open":null,"slippage_pips":null,"volume":0.00,"profit":0.00,"swap":0.00,"commission":0.00,"deal_time_broker":"2026-10-06 08:27:19","deal_time_broker_msc":1791275239000,"halted_at_receipt":false,"quarantined_at_receipt":false}
7,-1,1791275239625,scalp,SCALP_CLOSED,{"close_time":"2026-10-06T08:27:19Z","instrument":"EURUSD","direction":"SHORT","entry_price":1.12247,"exit_price":1.12147,"layer_depth":8,"stack_depth":8,"gross_pnl":1.00,"instance_id":"GRIND_EURUSD_OPTB","ejected":false,"rolled":false,"broker_utc_offset_s":10800,"account_login":53077984}
7,-1,1791275248823,ea_event,,{"type":"fill_log","seq":7,"ea_time_ms":95011875,"magic":22260201,"deal_ticket":800000008,"order_ticket":9001,"position_id":900000004,"entry_type":"IN","deal_type":"BUY","side":"L","layer_index":6,"role":"ENT","deal_price":1.12142,"order_price_open":null,"slippage_pips":null,"volume":0.00,"profit":0.00,"swap":0.00,"commission":0.00,"deal_time_broker":"2026-10-06 08:27:28","deal_time_broker_msc":1791275248000,"halted_at_receipt":false,"quarantined_at_receipt":false}
7,-1,1791277545196,ea_event,,{"type":"fill_log","seq":8,"ea_time_ms":95011921,"magic":22260201,"deal_ticket":800000009,"order_ticket":9003,"position_id":900000005,"entry_type":"IN","deal_type":"SELL","side":"S","layer_index":7,"role":"EXT","deal_price":1.12077,"order_price_open":null,"slippage_pips":null,"volume":0.00,"profit":0.00,"swap":0.00,"commission":0.00,"deal_time_broker":"2026-10-06 09:05:45","deal_time_broker_msc":1791277545000,"halted_at_receipt":false,"quarantined_at_receipt":false}
7,-1,1791277545829,ea_event,,{"type":"fill_log","seq":9,"ea_time_ms":95011921,"magic":22260201,"deal_ticket":800000010,"order_ticket":700000010,"position_id":1988007298,"entry_type":"OUT_BY","deal_type":"SELL","side":null,"layer_index":null,"role":null,"deal_price":1.12077,"order_price_open":null,"slippage_pips":null,"volume":0.00,"profit":1.00,"swap":0.01,"commission":0.00,"deal_time_broker":"2026-10-06 09:05:45","deal_time_broker_msc":1791277545000,"halted_at_receipt":false,"quarantined_at_receipt":false}
7,-1,1791277545829,ea_event,,{"type":"fill_log","seq":10,"ea_time_ms":95011921,"magic":22260201,"deal_ticket":800000011,"order_ticket":700000010,"position_id":900000005,"entry_type":"OUT_BY","deal_type":"SELL","side":null,"layer_index":null,"role":null,"deal_price":1.12177,"order_price_open":null,"slippage_pips":null,"volume":0.00,"profit":0.00,"swap":0.00,"commission":0.00,"deal_time_broker":"2026-10-06 09:05:45","deal_time_broker_msc":1791277545000,"halted_at_receipt":false,"quarantined_at_receipt":false}
7,-1,1791277545829,scalp,SCALP_CLOSED,{"close_time":"2026-10-06T09:05:45Z","instrument":"EURUSD","direction":"SHORT","entry_price":1.12177,"exit_price":1.12077,"layer_depth":7,"stack_depth":7,"gross_pnl":1.01,"instance_id":"GRIND_EURUSD_OPTB","ejected":false,"rolled":false,"broker_utc_offset_s":10800,"account_login":53077984}
7,-1,1791277597316,ea_event,,{"type":"fill_log","seq":11,"ea_time_ms":95011921,"magic":22260201,"deal_ticket":800000012,"order_ticket":9006,"position_id":900000006,"entry_type":"IN","deal_type":"BUY","side":"L","layer_index":7,"role":"ENT","deal_price":1.12069,"order_price_open":null,"slippage_pips":null,"volume":0.00,"profit":0.00,"swap":0.00,"commission":0.00,"deal_time_broker":"2026-10-06 09:06:37","deal_time_broker_msc":1791277597000,"halted_at_receipt":false,"quarantined_at_receipt":false}
7,-1,1791281707371,ea_event,,{"type":"fill_log","seq":12,"ea_time_ms":95012062,"magic":22260201,"deal_ticket":800000013,"order_ticket":9009,"position_id":900000007,"entry_type":"IN","deal_type":"BUY","side":"L","layer_index":7,"role":"EXT","deal_price":1.12170,"order_price_open":null,"slippage_pips":null,"volume":0.00,"profit":0.00,"swap":0.00,"commission":0.00,"deal_time_broker":"2026-10-06 10:15:07","deal_time_broker_msc":1791281707000,"halted_at_receipt":false,"quarantined_at_receipt":false}
7,-1,1791281707809,ea_event,,{"type":"fill_log","seq":13,"ea_time_ms":95012062,"magic":22260201,"deal_ticket":800000014,"order_ticket":700000014,"position_id":900000006,"entry_type":"OUT_BY","deal_type":"SELL","side":null,"layer_index":null,"role":null,"deal_price":1.12170,"order_price_open":null,"slippage_pips":null,"volume":0.00,"profit":1.01,"swap":0.00,"commission":0.00,"deal_time_broker":"2026-10-06 10:15:07","deal_time_broker_msc":1791281707000,"halted_at_receipt":false,"quarantined_at_receipt":false}
7,-1,1791281707809,ea_event,,{"type":"fill_log","seq":14,"ea_time_ms":95012062,"magic":22260201,"deal_ticket":800000015,"order_ticket":700000014,"position_id":900000007,"entry_type":"OUT_BY","deal_type":"SELL","side":null,"layer_index":null,"role":null,"deal_price":1.12069,"order_price_open":null,"slippage_pips":null,"volume":0.00,"profit":0.00,"swap":0.00,"commission":0.00,"deal_time_broker":"2026-10-06 10:15:07","deal_time_broker_msc":1791281707000,"halted_at_receipt":false,"quarantined_at_receipt":false}
7,-1,1791281707809,scalp,SCALP_CLOSED,{"close_time":"2026-10-06T10:15:07Z","instrument":"EURUSD","direction":"LONG","entry_price":1.12069,"exit_price":1.12170,"layer_depth":7,"stack_depth":8,"gross_pnl":1.01,"instance_id":"GRIND_EURUSD_OPTB","ejected":false,"rolled":false,"broker_utc_offset_s":10800,"account_login":53077984}
7,-1,1791281714834,ea_event,,{"type":"fill_log","seq":15,"ea_time_ms":95012062,"magic":22260201,"deal_ticket":800000016,"order_ticket":9008,"position_id":900000008,"entry_type":"IN","deal_type":"SELL","side":"S","layer_index":7,"role":"ENT","deal_price":1.12176,"order_price_open":null,"slippage_pips":null,"volume":0.00,"profit":0.00,"swap":0.00,"commission":0.00,"deal_time_broker":"2026-10-06 10:15:14","deal_time_broker_msc":1791281714000,"halted_at_receipt":false,"quarantined_at_receipt":false}
7,-1,1791282942497,ea_event,,{"type":"fill_log","seq":16,"ea_time_ms":95012125,"magic":22260201,"deal_ticket":800000017,"order_ticket":9010,"position_id":900000009,"entry_type":"IN","deal_type":"BUY","side":"L","layer_index":6,"role":"EXT","deal_price":1.12243,"order_price_open":null,"slippage_pips":null,"volume":0.00,"profit":0.00,"swap":0.00,"commission":0.00,"deal_time_broker":"2026-10-06 10:35:42","deal_time_broker_msc":1791282942000,"halted_at_receipt":false,"quarantined_at_receipt":false}
7,-1,1791282942936,ea_event,,{"type":"fill_log","seq":17,"ea_time_ms":95012125,"magic":22260201,"deal_ticket":800000018,"order_ticket":700000018,"position_id":900000004,"entry_type":"OUT_BY","deal_type":"SELL","side":null,"layer_index":null,"role":null,"deal_price":1.12243,"order_price_open":null,"slippage_pips":null,"volume":0.00,"profit":1.01,"swap":0.00,"commission":0.00,"deal_time_broker":"2026-10-06 10:35:42","deal_time_broker_msc":1791282942000,"halted_at_receipt":false,"quarantined_at_receipt":false}
7,-1,1791282942936,ea_event,,{"type":"fill_log","seq":18,"ea_time_ms":95012125,"magic":22260201,"deal_ticket":800000019,"order_ticket":700000018,"position_id":900000009,"entry_type":"OUT_BY","deal_type":"SELL","side":null,"layer_index":null,"role":null,"deal_price":1.12142,"order_price_open":null,"slippage_pips":null,"volume":0.00,"profit":0.00,"swap":0.00,"commission":0.00,"deal_time_broker":"2026-10-06 10:35:42","deal_time_broker_msc":1791282942000,"halted_at_receipt":false,"quarantined_at_receipt":false}
7,-1,1791282942936,scalp,SCALP_CLOSED,{"close_time":"2026-10-06T10:35:42Z","instrument":"EURUSD","direction":"LONG","entry_price":1.12142,"exit_price":1.12243,"layer_depth":6,"stack_depth":7,"gross_pnl":1.01,"instance_id":"GRIND_EURUSD_OPTB","ejected":false,"rolled":false,"broker_utc_offset_s":10800,"account_login":53077984}
7,-1,1791282975094,ea_event,,{"type":"fill_log","seq":19,"ea_time_ms":95012125,"magic":22260201,"deal_ticket":800000020,"order_ticket":9013,"position_id":900000010,"entry_type":"IN","deal_type":"SELL","side":"S","layer_index":8,"role":"ENT","deal_price":1.12246,"order_price_open":null,"slippage_pips":null,"volume":0.00,"profit":0.00,"swap":0.00,"commission":0.00,"deal_time_broker":"2026-10-06 10:36:15","deal_time_broker_msc":1791282975000,"halted_at_receipt":false,"quarantined_at_receipt":false}
7,-1,1791283853206,ea_event,ROLL_ACCEPTED,{"type":"ea_event","seq":20,"ea_time_ms":95012156,"magic":null,"level":"INFO","code":"ROLL_ACCEPTED","reason":null,"ticket":1985808618,"detail":{"ticket":1985808618,"side":"S","layer_index":1,"entry":1.11755,"level":1.12316,"target":1.12217,"accrued":0.00001,"clamped":false,"cost":0.00461,"cost_pips":46.1,"rolled":1,"was_ejected":false,"source":"auto","reroll":false,"from_level":0.00000}}
7,-1,1791283999496,ea_event,,{"type":"fill_log","seq":21,"ea_time_ms":95012171,"magic":22260201,"deal_ticket":800000021,"order_ticket":9014,"position_id":900000011,"entry_type":"IN","deal_type":"BUY","side":"L","layer_index":5,"role":"EXT","deal_price":1.12327,"order_price_open":null,"slippage_pips":null,"volume":0.00,"profit":0.00,"swap":0.00,"commission":0.00,"deal_time_broker":"2026-10-06 10:53:19","deal_time_broker_msc":1791283999000,"halted_at_receipt":false,"quarantined_at_receipt":false}
7,-1,1791284001739,ea_event,,{"type":"fill_log","seq":22,"ea_time_ms":95012171,"magic":22260201,"deal_ticket":800000022,"order_ticket":700000022,"position_id":1983681597,"entry_type":"OUT_BY","deal_type":"SELL","side":null,"layer_index":null,"role":null,"deal_price":1.12327,"order_price_open":null,"slippage_pips":null,"volume":0.00,"profit":-3.05,"swap":-0.16,"commission":0.00,"deal_time_broker":"2026-10-06 10:53:21","deal_time_broker_msc":1791284001000,"halted_at_receipt":false,"quarantined_at_receipt":false}
7,-1,1791284001739,ea_event,ROLL_FILLED,{"type":"ea_event","seq":23,"ea_time_ms":95012171,"magic":null,"level":"INFO","code":"ROLL_FILLED","reason":null,"ticket":1983681597,"detail":{"ticket":1983681597,"level":1.12212}}
7,-1,1791284001739,ea_event,,{"type":"fill_log","seq":24,"ea_time_ms":95012171,"magic":22260201,"deal_ticket":800000023,"order_ticket":700000022,"position_id":900000011,"entry_type":"OUT_BY","deal_type":"SELL","side":null,"layer_index":null,"role":null,"deal_price":1.12632,"order_price_open":null,"slippage_pips":null,"volume":0.00,"profit":0.00,"swap":0.00,"commission":0.00,"deal_time_broker":"2026-10-06 10:53:21","deal_time_broker_msc":1791284001000,"halted_at_receipt":false,"quarantined_at_receipt":false}
7,-1,1791284001739,scalp,SCALP_CLOSED,{"close_time":"2026-10-06T10:53:21Z","instrument":"EURUSD","direction":"LONG","entry_price":1.12632,"exit_price":1.12327,"layer_depth":5,"stack_depth":6,"gross_pnl":-3.21,"instance_id":"GRIND_EURUSD_OPTB","ejected":false,"rolled":true,"broker_utc_offset_s":10800,"account_login":53077984}
7,-1,1791284256160,ea_event,ROLL_ACCEPTED,{"type":"ea_event","seq":25,"ea_time_ms":95012187,"magic":null,"level":"INFO","code":"ROLL_ACCEPTED","reason":null,"ticket":1986168553,"detail":{"ticket":1986168553,"side":"S","layer_index":2,"entry":1.11824,"level":1.12386,"target":1.12287,"accrued":0.00001,"clamped":false,"cost":0.00462,"cost_pips":46.2,"rolled":2,"was_ejected":false,"source":"auto","reroll":false,"from_level":0.00000}}
7,-1,1791284271123,ea_event,,{"type":"fill_log","seq":26,"ea_time_ms":95012187,"magic":22260201,"deal_ticket":800000024,"order_ticket":9018,"position_id":900000012,"entry_type":"IN","deal_type":"BUY","side":"L","layer_index":4,"role":"EXT","deal_price":1.12398,"order_price_open":null,"slippage_pips":null,"volume":0.00,"profit":0.00,"swap":0.00,"commission":0.00,"deal_time_broker":"2026-10-06 10:57:51","deal_time_broker_msc":1791284271000,"halted_at_receipt":false,"quarantined_at_receipt":false}
7,-1,1791284271974,ea_event,,{"type":"fill_log","seq":27,"ea_time_ms":95012187,"magic":22260201,"deal_ticket":800000025,"order_ticket":700000025,"position_id":1983449572,"entry_type":"OUT_BY","deal_type":"SELL","side":null,"layer_index":null,"role":null,"deal_price":1.12398,"order_price_open":null,"slippage_pips":null,"volume":0.00,"profit":-3.04,"swap":-0.16,"commission":0.00,"deal_time_broker":"2026-10-06 10:57:51","deal_time_broker_msc":1791284271000,"halted_at_receipt":false,"quarantined_at_receipt":false}
7,-1,1791284271974,ea_event,ROLL_FILLED,{"type":"ea_event","seq":28,"ea_time_ms":95012187,"magic":null,"level":"INFO","code":"ROLL_FILLED","reason":null,"ticket":1983449572,"detail":{"ticket":1983449572,"level":1.12282}}
7,-1,1791284271974,ea_event,,{"type":"fill_log","seq":29,"ea_time_ms":95012187,"magic":22260201,"deal_ticket":800000026,"order_ticket":700000025,"position_id":900000012,"entry_type":"OUT_BY","deal_type":"SELL","side":null,"layer_index":null,"role":null,"deal_price":1.12702,"order_price_open":null,"slippage_pips":null,"volume":0.00,"profit":0.00,"swap":0.00,"commission":0.00,"deal_time_broker":"2026-10-06 10:57:51","deal_time_broker_msc":1791284271000,"halted_at_receipt":false,"quarantined_at_receipt":false}
7,-1,1791284271974,scalp,SCALP_CLOSED,{"close_time":"2026-10-06T10:57:51Z","instrument":"EURUSD","direction":"LONG","entry_price":1.12702,"exit_price":1.12398,"layer_depth":4,"stack_depth":5,"gross_pnl":-3.20,"instance_id":"GRIND_EURUSD_OPTB","ejected":false,"rolled":true,"broker_utc_offset_s":10800,"account_login":53077984}
7,-1,1791284913107,ea_event,,{"type":"fill_log","seq":30,"ea_time_ms":95012218,"magic":22260201,"deal_ticket":800000027,"order_ticket":9017,"position_id":900000013,"entry_type":"IN","deal_type":"SELL","side":"S","layer_index":2,"role":"EXT","deal_price":1.12289,"order_price_open":null,"slippage_pips":null,"volume":0.00,"profit":0.00,"swap":0.00,"commission":0.00,"deal_time_broker":"2026-10-06 11:08:33","deal_time_broker_msc":1791284913000,"halted_at_receipt":false,"quarantined_at_receipt":false}
7,-1,1791284913751,ea_event,,{"type":"fill_log","seq":31,"ea_time_ms":95012218,"magic":22260201,"deal_ticket":800000028,"order_ticket":700000028,"position_id":1986168553,"entry_type":"OUT_BY","deal_type":"SELL","side":null,"layer_index":null,"role":null,"deal_price":1.12289,"order_price_open":null,"slippage_pips":null,"volume":0.00,"profit":-4.65,"swap":0.01,"commission":0.00,"deal_time_broker":"2026-10-06 11:08:33","deal_time_broker_msc":1791284913000,"halted_at_receipt":false,"quarantined_at_receipt":false}
7,-1,1791284913751,ea_event,ROLL_FILLED,{"type":"ea_event","seq":32,"ea_time_ms":95012218,"magic":null,"level":"INFO","code":"ROLL_FILLED","reason":null,"ticket":1986168553,"detail":{"ticket":1986168553,"level":1.12386}}
7,-1,1791284913751,ea_event,,{"type":"fill_log","seq":33,"ea_time_ms":95012218,"magic":22260201,"deal_ticket":800000029,"order_ticket":700000028,"position_id":900000013,"entry_type":"OUT_BY","deal_type":"SELL","side":null,"layer_index":null,"role":null,"deal_price":1.11824,"order_price_open":null,"slippage_pips":null,"volume":0.00,"profit":0.00,"swap":0.00,"commission":0.00,"deal_time_broker":"2026-10-06 11:08:33","deal_time_broker_msc":1791284913000,"halted_at_receipt":false,"quarantined_at_receipt":false}
7,-1,1791284913751,scalp,SCALP_CLOSED,{"close_time":"2026-10-06T11:08:33Z","instrument":"EURUSD","direction":"SHORT","entry_price":1.11824,"exit_price":1.12289,"layer_depth":2,"stack_depth":8,"gross_pnl":-4.64,"instance_id":"GRIND_EURUSD_OPTB","ejected":false,"rolled":true,"broker_utc_offset_s":10800,"account_login":53077984}
7,-1,1791285372782,ea_event,,{"type":"fill_log","seq":34,"ea_time_ms":95012234,"magic":22260201,"deal_ticket":800000030,"order_ticket":9022,"position_id":900000014,"entry_type":"IN","deal_type":"BUY","side":"L","layer_index":4,"role":"ENT","deal_price":1.12282,"order_price_open":null,"slippage_pips":null,"volume":0.00,"profit":0.00,"swap":0.00,"commission":0.00,"deal_time_broker":"2026-10-06 11:16:12","deal_time_broker_msc":1791285372000,"halted_at_receipt":false,"quarantined_at_receipt":false}
7,-1,1791286623033,ea_event,,{"type":"fill_log","seq":35,"ea_time_ms":95012281,"magic":22260201,"deal_ticket":800000031,"order_ticket":9025,"position_id":900000015,"entry_type":"IN","deal_type":"BUY","side":"L","layer_index":4,"role":"EXT","deal_price":1.12385,"order_price_open":null,"slippage_pips":null,"volume":0.00,"profit":0.00,"swap":0.00,"commission":0.00,"deal_time_broker":"2026-10-06 11:37:03","deal_time_broker_msc":1791286623000,"halted_at_receipt":false,"quarantined_at_receipt":false}
7,-1,1791286624282,ea_event,,{"type":"fill_log","seq":36,"ea_time_ms":95012281,"magic":22260201,"deal_ticket":800000032,"order_ticket":9024,"position_id":900000016,"entry_type":"IN","deal_type":"SELL","side":"S","layer_index":9,"role":"ENT","deal_price":1.12386,"order_price_open":null,"slippage_pips":null,"volume":0.00,"profit":0.00,"swap":0.00,"commission":0.00,"deal_time_broker":"2026-10-06 11:37:04","deal_time_broker_msc":1791286624000,"halted_at_receipt":false,"quarantined_at_receipt":false}
7,-1,1791286624612,ea_event,,{"type":"fill_log","seq":37,"ea_time_ms":95012281,"magic":22260201,"deal_ticket":800000033,"order_ticket":700000033,"position_id":900000014,"entry_type":"OUT_BY","deal_type":"SELL","side":null,"layer_index":null,"role":null,"deal_price":1.12385,"order_price_open":null,"slippage_pips":null,"volume":0.00,"profit":1.03,"swap":0.00,"commission":0.00,"deal_time_broker":"2026-10-06 11:37:04","deal_time_broker_msc":1791286624000,"halted_at_receipt":false,"quarantined_at_receipt":false}
7,-1,1791286624612,ea_event,,{"type":"fill_log","seq":38,"ea_time_ms":95012281,"magic":22260201,"deal_ticket":800000034,"order_ticket":700000033,"position_id":900000015,"entry_type":"OUT_BY","deal_type":"SELL","side":null,"layer_index":null,"role":null,"deal_price":1.12282,"order_price_open":null,"slippage_pips":null,"volume":0.00,"profit":0.00,"swap":0.00,"commission":0.00,"deal_time_broker":"2026-10-06 11:37:04","deal_time_broker_msc":1791286624000,"halted_at_receipt":false,"quarantined_at_receipt":false}
7,-1,1791286624612,scalp,SCALP_CLOSED,{"close_time":"2026-10-06T11:37:04Z","instrument":"EURUSD","direction":"LONG","entry_price":1.12282,"exit_price":1.12385,"layer_depth":4,"stack_depth":5,"gross_pnl":1.03,"instance_id":"GRIND_EURUSD_OPTB","ejected":false,"rolled":false,"broker_utc_offset_s":10800,"account_login":53077984}
7,-1,1791286877951,ea_event,ROLL_ACCEPTED,{"type":"ea_event","seq":39,"ea_time_ms":95012281,"magic":null,"level":"INFO","code":"ROLL_ACCEPTED","reason":null,"ticket":1986184228,"detail":{"ticket":1986184228,"side":"S","layer_index":3,"entry":1.11894,"level":1.12456,"target":1.12357,"accrued":0.00001,"clamped":false,"cost":0.00462,"cost_pips":46.2,"rolled":2,"was_ejected":false,"source":"auto","reroll":false,"from_level":0.00000}}
7,-1,1791286992742,ea_event,,{"type":"fill_log","seq":40,"ea_time_ms":95012296,"magic":22260201,"deal_ticket":800000035,"order_ticket":9028,"position_id":900000017,"entry_type":"IN","deal_type":"BUY","side":"L","layer_index":3,"role":"EXT","deal_price":1.12468,"order_price_open":null,"slippage_pips":null,"volume":0.00,"profit":0.00,"swap":0.00,"commission":0.00,"deal_time_broker":"2026-10-06 11:43:12","deal_time_broker_msc":1791286992000,"halted_at_receipt":false,"quarantined_at_receipt":false}
7,-1,1791286994189,ea_event,,{"type":"fill_log","seq":41,"ea_time_ms":95012296,"magic":22260201,"deal_ticket":800000036,"order_ticket":700000036,"position_id":1983436344,"entry_type":"OUT_BY","deal_type":"SELL","side":null,"layer_index":null,"role":null,"deal_price":1.12468,"order_price_open":null,"slippage_pips":null,"volume":0.00,"profit":-3.05,"swap":-0.16,"commission":0.00,"deal_time_broker":"2026-10-06 11:43:14","deal_time_broker_msc":1791286994000,"halted_at_receipt":false,"quarantined_at_receipt":false}
7,-1,1791286994189,ea_event,ROLL_FILLED,{"type":"ea_event","seq":42,"ea_time_ms":95012296,"magic":null,"level":"INFO","code":"ROLL_FILLED","reason":null,"ticket":1983436344,"detail":{"ticket":1983436344,"level":1.12352}}
7,-1,1791286994189,ea_event,,{"type":"fill_log","seq":43,"ea_time_ms":95012296,"magic":22260201,"deal_ticket":800000037,"order_ticket":700000036,"position_id":900000017,"entry_type":"OUT_BY","deal_type":"SELL","side":null,"layer_index":null,"role":null,"deal_price":1.12773,"order_price_open":null,"slippage_pips":null,"volume":0.00,"profit":0.00,"swap":0.00,"commission":0.00,"deal_time_broker":"2026-10-06 11:43:14","deal_time_broker_msc":1791286994000,"halted_at_receipt":false,"quarantined_at_receipt":false}
7,-1,1791286994189,scalp,SCALP_CLOSED,{"close_time":"2026-10-06T11:43:14Z","instrument":"EURUSD","direction":"LONG","entry_price":1.12773,"exit_price":1.12468,"layer_depth":3,"stack_depth":4,"gross_pnl":-3.21,"instance_id":"GRIND_EURUSD_OPTB","ejected":false,"rolled":true,"broker_utc_offset_s":10800,"account_login":53077984}
7,-1,1791288851668,ea_event,,{"type":"fill_log","seq":44,"ea_time_ms":95012359,"magic":22260201,"deal_ticket":800000038,"order_ticket":9020,"position_id":900000018,"entry_type":"IN","deal_type":"SELL","side":"S","layer_index":3,"role":"EXT","deal_price":1.12357,"order_price_open":null,"slippage_pips":null,"volume":0.00,"profit":0.00,"swap":0.00,"commission":0.00,"deal_time_broker":"2026-10-06 12:14:11","deal_time_broker_msc":1791288851000,"halted_at_receipt":false,"quarantined_at_receipt":false}
7,-1,1791288852911,ea_event,,{"type":"fill_log","seq":45,"ea_time_ms":95012359,"magic":22260201,"deal_ticket":800000039,"order_ticket":700000039,"position_id":1986184228,"entry_type":"OUT_BY","deal_type":"SELL","side":null,"layer_index":null,"role":null,"deal_price":1.12357,"order_price_open":null,"slippage_pips":null,"volume":0.00,"profit":-4.63,"swap":0.01,"commission":0.00,"deal_time_broker":"2026-10-06 12:14:12","deal_time_broker_msc":1791288852000,"halted_at_receipt":false,"quarantined_at_receipt":false}
7,-1,1791288852911,ea_event,ROLL_FILLED,{"type":"ea_event","seq":46,"ea_time_ms":95012359,"magic":null,"level":"INFO","code":"ROLL_FILLED","reason":null,"ticket":1986184228,"detail":{"ticket":1986184228,"level":1.12456}}
7,-1,1791288852911,ea_event,,{"type":"fill_log","seq":47,"ea_time_ms":95012359,"magic":22260201,"deal_ticket":800000040,"order_ticket":700000039,"position_id":900000018,"entry_type":"OUT_BY","deal_type":"SELL","side":null,"layer_index":null,"role":null,"deal_price":1.11894,"order_price_open":null,"slippage_pips":null,"volume":0.00,"profit":0.00,"swap":0.00,"commission":0.00,"deal_time_broker":"2026-10-06 12:14:12","deal_time_broker_msc":1791288852000,"halted_at_receipt":false,"quarantined_at_receipt":false}
7,-1,1791288852911,scalp,SCALP_CLOSED,{"close_time":"2026-10-06T12:14:12Z","instrument":"EURUSD","direction":"SHORT","entry_price":1.11894,"exit_price":1.12357,"layer_depth":3,"stack_depth":8,"gross_pnl":-4.62,"instance_id":"GRIND_EURUSD_OPTB","ejected":false,"rolled":true,"broker_utc_offset_s":10800,"account_login":53077984}
7,-1,1791289255989,ea_event,,{"type":"fill_log","seq":48,"ea_time_ms":95012359,"magic":22260201,"deal_ticket":800000041,"order_ticket":9032,"position_id":900000019,"entry_type":"IN","deal_type":"BUY","side":"L","layer_index":3,"role":"ENT","deal_price":1.12347,"order_price_open":null,"slippage_pips":null,"volume":0.00,"profit":0.00,"swap":0.00,"commission":0.00,"deal_time_broker":"2026-10-06 12:20:55","deal_time_broker_msc":1791289255000,"halted_at_receipt":false,"quarantined_at_receipt":false}
7,-1,1791290041865,ea_event,,{"type":"fill_log","seq":49,"ea_time_ms":95012390,"magic":22260201,"deal_ticket":800000042,"order_ticket":9035,"position_id":900000020,"entry_type":"IN","deal_type":"BUY","side":"L","layer_index":3,"role":"EXT","deal_price":1.12445,"order_price_open":null,"slippage_pips":null,"volume":0.00,"profit":0.00,"swap":0.00,"commission":0.00,"deal_time_broker":"2026-10-06 12:34:01","deal_time_broker_msc":1791290041000,"halted_at_receipt":false,"quarantined_at_receipt":false}
7,-1,1791290042704,ea_event,,{"type":"fill_log","seq":50,"ea_time_ms":95012390,"magic":22260201,"deal_ticket":800000043,"order_ticket":700000043,"position_id":900000019,"entry_type":"OUT_BY","deal_type":"SELL","side":null,"layer_index":null,"role":null,"deal_price":1.12445,"order_price_open":null,"slippage_pips":null,"volume":0.00,"profit":0.98,"swap":0.00,"commission":0.00,"deal_time_broker":"2026-10-06 12:34:02","deal_time_broker_msc":1791290042000,"halted_at_receipt":false,"quarantined_at_receipt":false}
7,-1,1791290042704,ea_event,,{"type":"fill_log","seq":51,"ea_time_ms":95012390,"magic":22260201,"deal_ticket":800000044,"order_ticket":700000043,"position_id":900000020,"entry_type":"OUT_BY","deal_type":"SELL","side":null,"layer_index":null,"role":null,"deal_price":1.12347,"order_price_open":null,"slippage_pips":null,"volume":0.00,"profit":0.00,"swap":0.00,"commission":0.00,"deal_time_broker":"2026-10-06 12:34:02","deal_time_broker_msc":1791290042000,"halted_at_receipt":false,"quarantined_at_receipt":false}
7,-1,1791290042704,scalp,SCALP_CLOSED,{"close_time":"2026-10-06T12:34:02Z","instrument":"EURUSD","direction":"LONG","entry_price":1.12347,"exit_price":1.12445,"layer_depth":3,"stack_depth":4,"gross_pnl":0.98,"instance_id":"GRIND_EURUSD_OPTB","ejected":false,"rolled":false,"broker_utc_offset_s":10800,"account_login":53077984}
7,-1,1791290066008,ea_event,,{"type":"fill_log","seq":52,"ea_time_ms":95012390,"magic":22260201,"deal_ticket":800000045,"order_ticket":9034,"position_id":900000021,"entry_type":"IN","deal_type":"SELL","side":"S","layer_index":10,"role":"ENT","deal_price":1.12459,"order_price_open":null,"slippage_pips":null,"volume":0.00,"profit":0.00,"swap":0.00,"commission":0.00,"deal_time_broker":"2026-10-06 12:34:26","deal_time_broker_msc":1791290066000,"halted_at_receipt":false,"quarantined_at_receipt":false}
7,-1,1791296131224,ea_event,ROLL_ACCEPTED,{"type":"ea_event","seq":53,"ea_time_ms":95012546,"magic":null,"level":"INFO","code":"ROLL_ACCEPTED","reason":null,"ticket":1986210743,"detail":{"ticket":1986210743,"side":"S","layer_index":4,"entry":1.11964,"level":1.12529,"target":1.12430,"accrued":0.00001,"clamped":false,"cost":0.00465,"cost_pips":46.5,"rolled":2,"was_ejected":false,"source":"auto","reroll":false,"from_level":0.00000}}
7,-1,1791296133110,ea_event,,{"type":"fill_log","seq":54,"ea_time_ms":95012546,"magic":22260201,"deal_ticket":800000046,"order_ticket":9037,"position_id":900000022,"entry_type":"IN","deal_type":"BUY","side":"L","layer_index":2,"role":"EXT","deal_price":1.12540,"order_price_open":null,"slippage_pips":null,"volume":0.00,"profit":0.00,"swap":0.00,"commission":0.00,"deal_time_broker":"2026-10-06 14:15:33","deal_time_broker_msc":1791296133000,"halted_at_receipt":false,"quarantined_at_receipt":false}
7,-1,1791296133545,ea_event,,{"type":"fill_log","seq":55,"ea_time_ms":95012546,"magic":22260201,"deal_ticket":800000047,"order_ticket":700000047,"position_id":1983436242,"entry_type":"OUT_BY","deal_type":"SELL","side":null,"layer_index":null,"role":null,"deal_price":1.12540,"order_price_open":null,"slippage_pips":null,"volume":0.00,"profit":-3.03,"swap":-0.16,"commission":0.00,"deal_time_broker":"2026-10-06 14:15:33","deal_time_broker_msc":1791296133000,"halted_at_receipt":false,"quarantined_at_receipt":false}
7,-1,1791296133545,ea_event,ROLL_FILLED,{"type":"ea_event","seq":56,"ea_time_ms":95012546,"magic":null,"level":"INFO","code":"ROLL_FILLED","reason":null,"ticket":1983436242,"detail":{"ticket":1983436242,"level":1.12422}}
7,-1,1791296133545,ea_event,,{"type":"fill_log","seq":57,"ea_time_ms":95012546,"magic":22260201,"deal_ticket":800000048,"order_ticket":700000047,"position_id":900000022,"entry_type":"OUT_BY","deal_type":"SELL","side":null,"layer_index":null,"role":null,"deal_price":1.12843,"order_price_open":null,"slippage_pips":null,"volume":0.00,"profit":0.00,"swap":0.00,"commission":0.00,"deal_time_broker":"2026-10-06 14:15:33","deal_time_broker_msc":1791296133000,"halted_at_receipt":false,"quarantined_at_receipt":false}
7,-1,1791296133545,scalp,SCALP_CLOSED,{"close_time":"2026-10-06T14:15:33Z","instrument":"EURUSD","direction":"LONG","entry_price":1.12843,"exit_price":1.12540,"layer_depth":2,"stack_depth":3,"gross_pnl":-3.19,"instance_id":"GRIND_EURUSD_OPTB","ejected":false,"rolled":true,"broker_utc_offset_s":10800,"account_login":53077984}
7,-1,1791296148176,ea_event,,{"type":"fill_log","seq":58,"ea_time_ms":95012546,"magic":22260201,"deal_ticket":800000049,"order_ticket":9042,"position_id":900000023,"entry_type":"IN","deal_type":"BUY","side":"L","layer_index":2,"role":"ENT","deal_price":1.12532,"order_price_open":null,"slippage_pips":null,"volume":0.00,"profit":0.00,"swap":0.00,"commission":0.00,"deal_time_broker":"2026-10-06 14:15:48","deal_time_broker_msc":1791296148000,"halted_at_receipt":false,"quarantined_at_receipt":false}
7,-1,1791296731783,ea_event,ROLL_ACCEPTED,{"type":"ea_event","seq":59,"ea_time_ms":95012578,"magic":null,"level":"INFO","code":"ROLL_ACCEPTED","reason":null,"ticket":1987260003,"detail":{"ticket":1987260003,"side":"S","layer_index":5,"entry":1.12036,"level":1.12599,"target":1.12500,"accrued":0.00001,"clamped":false,"cost":0.00463,"cost_pips":46.3,"rolled":3,"was_ejected":false,"source":"auto","reroll":false,"from_level":0.00000}}
7,-1,1791296737539,ea_event,,{"type":"fill_log","seq":60,"ea_time_ms":95012578,"magic":22260201,"deal_ticket":800000050,"order_ticket":9043,"position_id":900000024,"entry_type":"IN","deal_type":"BUY","side":"L","layer_index":2,"role":"EXT","deal_price":1.12632,"order_price_open":null,"slippage_pips":null,"volume":0.00,"profit":0.00,"swap":0.00,"commission":0.00,"deal_time_broker":"2026-10-06 14:25:37","deal_time_broker_msc":1791296737000,"halted_at_receipt":false,"quarantined_at_receipt":false}
7,-1,1791296737976,ea_event,,{"type":"fill_log","seq":61,"ea_time_ms":95012578,"magic":22260201,"deal_ticket":800000051,"order_ticket":700000051,"position_id":900000023,"entry_type":"OUT_BY","deal_type":"SELL","side":null,"layer_index":null,"role":null,"deal_price":1.12632,"order_price_open":null,"slippage_pips":null,"volume":0.00,"profit":1.00,"swap":0.00,"commission":0.00,"deal_time_broker":"2026-10-06 14:25:37","deal_time_broker_msc":1791296737000,"halted_at_receipt":false,"quarantined_at_receipt":false}
7,-1,1791296737976,ea_event,,{"type":"fill_log","seq":62,"ea_time_ms":95012578,"magic":22260201,"deal_ticket":800000052,"order_ticket":700000051,"position_id":900000024,"entry_type":"OUT_BY","deal_type":"SELL","side":null,"layer_index":null,"role":null,"deal_price":1.12532,"order_price_open":null,"slippage_pips":null,"volume":0.00,"profit":0.00,"swap":0.00,"commission":0.00,"deal_time_broker":"2026-10-06 14:25:37","deal_time_broker_msc":1791296737000,"halted_at_receipt":false,"quarantined_at_receipt":false}
7,-1,1791296737976,scalp,SCALP_CLOSED,{"close_time":"2026-10-06T14:25:37Z","instrument":"EURUSD","direction":"LONG","entry_price":1.12532,"exit_price":1.12632,"layer_depth":2,"stack_depth":3,"gross_pnl":1.00,"instance_id":"GRIND_EURUSD_OPTB","ejected":false,"rolled":false,"broker_utc_offset_s":10800,"account_login":53077984}
7,-1,1791296767350,ea_event,,{"type":"fill_log","seq":63,"ea_time_ms":95012578,"magic":22260201,"deal_ticket":800000053,"order_ticket":9047,"position_id":900000025,"entry_type":"IN","deal_type":"BUY","side":"L","layer_index":2,"role":"ENT","deal_price":1.12646,"order_price_open":null,"slippage_pips":null,"volume":0.00,"profit":0.00,"swap":0.00,"commission":0.00,"deal_time_broker":"2026-10-06 14:26:07","deal_time_broker_msc":1791296767000,"halted_at_receipt":false,"quarantined_at_receipt":false}
7,-1,1791297649831,ea_event,ROLL_ACCEPTED,{"type":"ea_event","seq":64,"ea_time_ms":95012625,"magic":null,"level":"INFO","code":"ROLL_ACCEPTED","reason":null,"ticket":1987903330,"detail":{"ticket":1987903330,"side":"S","layer_index":6,"entry":1.12106,"level":1.12669,"target":1.12570,"accrued":0.00001,"clamped":false,"cost":0.00463,"cost_pips":46.3,"rolled":4,"was_ejected":false,"source":"auto","reroll":false,"from_level":0.00000}}
7,-1,1791298994203,ea_event,ROLL_ACCEPTED,{"type":"ea_event","seq":65,"ea_time_ms":95012703,"magic":null,"level":"INFO","code":"ROLL_ACCEPTED","reason":null,"ticket":900000008,"detail":{"ticket":900000008,"side":"S","layer_index":7,"entry":1.12176,"level":1.12739,"target":1.12639,"accrued":0.00000,"clamped":false,"cost":0.00463,"cost_pips":46.3,"rolled":5,"was_ejected":false,"source":"auto","reroll":false,"from_level":0.00000}}
7,-1,1791299001104,ea_event,,{"type":"fill_log","seq":66,"ea_time_ms":95012703,"magic":22260201,"deal_ticket":800000054,"order_ticket":9048,"position_id":900000026,"entry_type":"IN","deal_type":"BUY","side":"L","layer_index":2,"role":"EXT","deal_price":1.12746,"order_price_open":null,"slippage_pips":null,"volume":0.00,"profit":0.00,"swap":0.00,"commission":0.00,"deal_time_broker":"2026-10-06 15:03:21","deal_time_broker_msc":1791299001000,"halted_at_receipt":false,"quarantined_at_receipt":false}
7,-1,1791299002342,ea_event,,{"type":"fill_log","seq":67,"ea_time_ms":95012703,"magic":22260201,"deal_ticket":800000055,"order_ticket":700000055,"position_id":900000025,"entry_type":"OUT_BY","deal_type":"SELL","side":null,"layer_index":null,"role":null,"deal_price":1.12746,"order_price_open":null,"slippage_pips":null,"volume":0.00,"profit":1.00,"swap":0.00,"commission":0.00,"deal_time_broker":"2026-10-06 15:03:22","deal_time_broker_msc":1791299002000,"halted_at_receipt":false,"quarantined_at_receipt":false}
7,-1,1791299002342,ea_event,,{"type":"fill_log","seq":68,"ea_time_ms":95012703,"magic":22260201,"deal_ticket":800000056,"order_ticket":700000055,"position_id":900000026,"entry_type":"OUT_BY","deal_type":"SELL","side":null,"layer_index":null,"role":null,"deal_price":1.12646,"order_price_open":null,"slippage_pips":null,"volume":0.00,"profit":0.00,"swap":0.00,"commission":0.00,"deal_time_broker":"2026-10-06 15:03:22","deal_time_broker_msc":1791299002000,"halted_at_receipt":false,"quarantined_at_receipt":false}
7,-1,1791299002342,scalp,SCALP_CLOSED,{"close_time":"2026-10-06T15:03:22Z","instrument":"EURUSD","direction":"LONG","entry_price":1.12646,"exit_price":1.12746,"layer_depth":2,"stack_depth":3,"gross_pnl":1.00,"instance_id":"GRIND_EURUSD_OPTB","ejected":false,"rolled":false,"broker_utc_offset_s":10800,"account_login":53077984}
7,-1,1791299003922,ea_event,,{"type":"fill_log","seq":69,"ea_time_ms":95012703,"magic":22260201,"deal_ticket":800000057,"order_ticket":9053,"position_id":900000027,"entry_type":"IN","deal_type":"BUY","side":"L","layer_index":2,"role":"ENT","deal_price":1.12746,"order_price_open":null,"slippage_pips":null,"volume":0.00,"profit":0.00,"swap":0.00,"commission":0.00,"deal_time_broker":"2026-10-06 15:03:23","deal_time_broker_msc":1791299003000,"halted_at_receipt":false,"quarantined_at_receipt":false}
7,-1,1791299190021,ea_event,,{"type":"fill_log","seq":70,"ea_time_ms":95012718,"magic":22260201,"deal_ticket":800000058,"order_ticket":9055,"position_id":900000028,"entry_type":"IN","deal_type":"BUY","side":"L","layer_index":3,"role":"ENT","deal_price":1.12676,"order_price_open":null,"slippage_pips":null,"volume":0.00,"profit":0.00,"swap":0.00,"commission":0.00,"deal_time_broker":"2026-10-06 15:06:30","deal_time_broker_msc":1791299190000,"halted_at_receipt":false,"quarantined_at_receipt":false}
7,-1,1791300499262,ea_event,,{"type":"fill_log","seq":71,"ea_time_ms":95012781,"magic":22260201,"deal_ticket":800000059,"order_ticket":9050,"position_id":900000029,"entry_type":"IN","deal_type":"SELL","side":"S","layer_index":7,"role":"EXT","deal_price":1.12639,"order_price_open":null,"slippage_pips":null,"volume":0.00,"profit":0.00,"swap":0.00,"commission":0.00,"deal_time_broker":"2026-10-06 15:28:19","deal_time_broker_msc":1791300499000,"halted_at_receipt":false,"quarantined_at_receipt":false}
7,-1,1791300502506,ea_event,,{"type":"fill_log","seq":72,"ea_time_ms":95012781,"magic":22260201,"deal_ticket":800000060,"order_ticket":700000060,"position_id":900000008,"entry_type":"OUT_BY","deal_type":"SELL","side":null,"layer_index":null,"role":null,"deal_price":1.12639,"order_price_open":null,"slippage_pips":null,"volume":0.00,"profit":-4.63,"swap":0.00,"commission":0.00,"deal_time_broker":"2026-10-06 15:28:22","deal_time_broker_msc":1791300502000,"halted_at_receipt":false,"quarantined_at_receipt":false}
7,-1,1791300502506,ea_event,ROLL_FILLED,{"type":"ea_event","seq":73,"ea_time_ms":95012781,"magic":null,"level":"INFO","code":"ROLL_FILLED","reason":null,"ticket":900000008,"detail":{"ticket":900000008,"level":1.12739}}
7,-1,1791300502506,ea_event,,{"type":"fill_log","seq":74,"ea_time_ms":95012781,"magic":22260201,"deal_ticket":800000061,"order_ticket":700000060,"position_id":900000029,"entry_type":"OUT_BY","deal_type":"SELL","side":null,"layer_index":null,"role":null,"deal_price":1.12176,"order_price_open":null,"slippage_pips":null,"volume":0.00,"profit":0.00,"swap":0.00,"commission":0.00,"deal_time_broker":"2026-10-06 15:28:22","deal_time_broker_msc":1791300502000,"halted_at_receipt":false,"quarantined_at_receipt":false}
7,-1,1791300502506,scalp,SCALP_CLOSED,{"close_time":"2026-10-06T15:28:22Z","instrument":"EURUSD","direction":"SHORT","entry_price":1.12176,"exit_price":1.12639,"layer_depth":7,"stack_depth":8,"gross_pnl":-4.63,"instance_id":"GRIND_EURUSD_OPTB","ejected":false,"rolled":true,"broker_utc_offset_s":10800,"account_login":53077984}
7,-1,1791301504768,ea_event,,{"type":"fill_log","seq":75,"ea_time_ms":95012812,"magic":22260201,"deal_ticket":800000062,"order_ticket":9057,"position_id":900000030,"entry_type":"IN","deal_type":"BUY","side":"L","layer_index":4,"role":"ENT","deal_price":1.12605,"order_price_open":null,"slippage_pips":null,"volume":0.00,"profit":0.00,"swap":0.00,"commission":0.00,"deal_time_broker":"2026-10-06 15:45:04","deal_time_broker_msc":1791301504000,"halted_at_receipt":false,"quarantined_at_receipt":false}
7,-1,1791301992329,ea_event,,{"type":"fill_log","seq":76,"ea_time_ms":95012843,"magic":22260201,"deal_ticket":800000063,"order_ticket":9058,"position_id":900000031,"entry_type":"IN","deal_type":"SELL","side":"S","layer_index":6,"role":"EXT","deal_price":1.12568,"order_price_open":null,"slippage_pips":null,"volume":0.00,"profit":0.00,"swap":0.00,"commission":0.00,"deal_time_broker":"2026-10-06 15:53:12","deal_time_broker_msc":1791301992000,"halted_at_receipt":false,"quarantined_at_receipt":false}
7,-1,1791301992767,ea_event,,{"type":"fill_log","seq":77,"ea_time_ms":95012843,"magic":22260201,"deal_ticket":800000064,"order_ticket":700000064,"position_id":1987903330,"entry_type":"OUT_BY","deal_type":"SELL","side":null,"layer_index":null,"role":null,"deal_price":1.12568,"order_price_open":null,"slippage_pips":null,"volume":0.00,"profit":-4.62,"swap":0.01,"commission":0.00,"deal_time_broker":"2026-10-06 15:53:12","deal_time_broker_msc":1791301992000,"halted_at_receipt":false,"quarantined_at_receipt":false}
7,-1,1791301992767,ea_event,ROLL_FILLED,{"type":"ea_event","seq":78,"ea_time_ms":95012843,"magic":null,"level":"INFO","code":"ROLL_FILLED","reason":null,"ticket":1987903330,"detail":{"ticket":1987903330,"level":1.12669}}
7,-1,1791301992767,ea_event,,{"type":"fill_log","seq":79,"ea_time_ms":95012843,"magic":22260201,"deal_ticket":800000065,"order_ticket":700000064,"position_id":900000031,"entry_type":"OUT_BY","deal_type":"SELL","side":null,"layer_index":null,"role":null,"deal_price":1.12106,"order_price_open":null,"slippage_pips":null,"volume":0.00,"profit":0.00,"swap":0.00,"commission":0.00,"deal_time_broker":"2026-10-06 15:53:12","deal_time_broker_msc":1791301992000,"halted_at_receipt":false,"quarantined_at_receipt":false}
7,-1,1791301992767,scalp,SCALP_CLOSED,{"close_time":"2026-10-06T15:53:12Z","instrument":"EURUSD","direction":"SHORT","entry_price":1.12106,"exit_price":1.12568,"layer_depth":6,"stack_depth":7,"gross_pnl":-4.61,"instance_id":"GRIND_EURUSD_OPTB","ejected":false,"rolled":true,"broker_utc_offset_s":10800,"account_login":53077984}
7,-1,1791303973244,ea_event,,{"type":"fill_log","seq":80,"ea_time_ms":95012921,"magic":22260201,"deal_ticket":800000066,"order_ticket":9061,"position_id":900000032,"entry_type":"IN","deal_type":"BUY","side":"L","layer_index":5,"role":"ENT","deal_price":1.12535,"order_price_open":null,"slippage_pips":null,"volume":0.00,"profit":0.00,"swap":0.00,"commission":0.00,"deal_time_broker":"2026-10-06 16:26:13","deal_time_broker_msc":1791303973000,"halted_at_receipt":false,"quarantined_at_receipt":false}
7,-1,1791304768428,ea_event,,{"type":"fill_log","seq":81,"ea_time_ms":95012953,"magic":22260201,"deal_ticket":800000067,"order_ticket":9062,"position_id":900000033,"entry_type":"IN","deal_type":"SELL","side":"S","layer_index":5,"role":"EXT","deal_price":1.12494,"order_price_open":null,"slippage_pips":null,"volume":0.00,"profit":0.00,"swap":0.00,"commission":0.00,"deal_time_broker":"2026-10-06 16:39:28","deal_time_broker_msc":1791304768000,"halted_at_receipt":false,"quarantined_at_receipt":false}
7,-1,1791304768860,ea_event,,{"type":"fill_log","seq":82,"ea_time_ms":95012953,"magic":22260201,"deal_ticket":800000068,"order_ticket":700000068,"position_id":1987260003,"entry_type":"OUT_BY","deal_type":"SELL","side":null,"layer_index":null,"role":null,"deal_price":1.12494,"order_price_open":null,"slippage_pips":null,"volume":0.00,"profit":-4.58,"swap":0.01,"commission":0.00,"deal_time_broker":"2026-10-06 16:39:28","deal_time_broker_msc":1791304768000,"halted_at_receipt":false,"quarantined_at_receipt":false}
7,-1,1791304768860,ea_event,ROLL_FILLED,{"type":"ea_event","seq":83,"ea_time_ms":95012953,"magic":null,"level":"INFO","code":"ROLL_FILLED","reason":null,"ticket":1987260003,"detail":{"ticket":1987260003,"level":1.12599}}
7,-1,1791304768860,ea_event,,{"type":"fill_log","seq":84,"ea_time_ms":95012953,"magic":22260201,"deal_ticket":800000069,"order_ticket":700000068,"position_id":900000033,"entry_type":"OUT_BY","deal_type":"SELL","side":null,"layer_index":null,"role":null,"deal_price":1.12036,"order_price_open":null,"slippage_pips":null,"volume":0.00,"profit":0.00,"swap":0.00,"commission":0.00,"deal_time_broker":"2026-10-06 16:39:28","deal_time_broker_msc":1791304768000,"halted_at_receipt":false,"quarantined_at_receipt":false}
7,-1,1791304768860,scalp,SCALP_CLOSED,{"close_time":"2026-10-06T16:39:28Z","instrument":"EURUSD","direction":"SHORT","entry_price":1.12036,"exit_price":1.12494,"layer_depth":5,"stack_depth":6,"gross_pnl":-4.57,"instance_id":"GRIND_EURUSD_OPTB","ejected":false,"rolled":true,"broker_utc_offset_s":10800,"account_login":53077984}
7,-1,1791308458943,ea_event,,{"type":"fill_log","seq":85,"ea_time_ms":95013093,"magic":22260201,"deal_ticket":800000070,"order_ticket":9064,"position_id":900000034,"entry_type":"IN","deal_type":"BUY","side":"L","layer_index":6,"role":"ENT","deal_price":1.12462,"order_price_open":null,"slippage_pips":null,"volume":0.00,"profit":0.00,"swap":0.00,"commission":0.00,"deal_time_broker":"2026-10-06 17:40:58","deal_time_broker_msc":1791308458000,"halted_at_receipt":false,"quarantined_at_receipt":false}
7,-1,1791309218117,ea_event,,{"type":"fill_log","seq":86,"ea_time_ms":95013125,"magic":22260201,"deal_ticket":800000071,"order_ticket":9066,"position_id":900000035,"entry_type":"IN","deal_type":"BUY","side":"L","layer_index":6,"role":"EXT","deal_price":1.12563,"order_price_open":null,"slippage_pips":null,"volume":0.00,"profit":0.00,"swap":0.00,"commission":0.00,"deal_time_broker":"2026-10-06 17:53:38","deal_time_broker_msc":1791309218000,"halted_at_receipt":false,"quarantined_at_receipt":false}
7,-1,1791309219165,ea_event,,{"type":"fill_log","seq":87,"ea_time_ms":95013125,"magic":22260201,"deal_ticket":800000072,"order_ticket":700000072,"position_id":900000034,"entry_type":"OUT_BY","deal_type":"SELL","side":null,"layer_index":null,"role":null,"deal_price":1.12563,"order_price_open":null,"slippage_pips":null,"volume":0.00,"profit":1.01,"swap":0.00,"commission":0.00,"deal_time_broker":"2026-10-06 17:53:39","deal_time_broker_msc":1791309219000,"halted_at_receipt":false,"quarantined_at_receipt":false}
7,-1,1791309219165,ea_event,,{"type":"fill_log","seq":88,"ea_time_ms":95013125,"magic":22260201,"deal_ticket":800000073,"order_ticket":700000072,"position_id":900000035,"entry_type":"OUT_BY","deal_type":"SELL","side":null,"layer_index":null,"role":null,"deal_price":1.12462,"order_price_open":null,"slippage_pips":null,"volume":0.00,"profit":0.00,"swap":0.00,"commission":0.00,"deal_time_broker":"2026-10-06 17:53:39","deal_time_broker_msc":1791309219000,"halted_at_receipt":false,"quarantined_at_receipt":false}
7,-1,1791309219165,scalp,SCALP_CLOSED,{"close_time":"2026-10-06T17:53:39Z","instrument":"EURUSD","direction":"LONG","entry_price":1.12462,"exit_price":1.12563,"layer_depth":6,"stack_depth":7,"gross_pnl":1.01,"instance_id":"GRIND_EURUSD_OPTB","ejected":false,"rolled":false,"broker_utc_offset_s":10800,"account_login":53077984}
7,-1,1791310020250,ea_event,,{"type":"fill_log","seq":89,"ea_time_ms":95013156,"magic":22260201,"deal_ticket":800000074,"order_ticket":9059,"position_id":900000036,"entry_type":"IN","deal_type":"SELL","side":"S","layer_index":11,"role":"ENT","deal_price":1.12604,"order_price_open":null,"slippage_pips":null,"volume":0.00,"profit":0.00,"swap":0.00,"commission":0.00,"deal_time_broker":"2026-10-06 18:07:00","deal_time_broker_msc":1791310020000,"halted_at_receipt":false,"quarantined_at_receipt":false}
7,-1,1791310557680,ea_event,,{"type":"fill_log","seq":90,"ea_time_ms":95013171,"magic":22260201,"deal_ticket":800000075,"order_ticket":9068,"position_id":900000037,"entry_type":"IN","deal_type":"BUY","side":"L","layer_index":5,"role":"EXT","deal_price":1.12635,"order_price_open":null,"slippage_pips":null,"volume":0.00,"profit":0.00,"swap":0.00,"commission":0.00,"deal_time_broker":"2026-10-06 18:15:57","deal_time_broker_msc":1791310557000,"halted_at_receipt":false,"quarantined_at_receipt":false}
7,-1,1791310558316,ea_event,,{"type":"fill_log","seq":91,"ea_time_ms":95013171,"magic":22260201,"deal_ticket":800000076,"order_ticket":700000076,"position_id":900000032,"entry_type":"OUT_BY","deal_type":"SELL","side":null,"layer_index":null,"role":null,"deal_price":1.12635,"order_price_open":null,"slippage_pips":null,"volume":0.00,"profit":1.00,"swap":0.00,"commission":0.00,"deal_time_broker":"2026-10-06 18:15:58","deal_time_broker_msc":1791310558000,"halted_at_receipt":false,"quarantined_at_receipt":false}
7,-1,1791310558316,ea_event,,{"type":"fill_log","seq":92,"ea_time_ms":95013171,"magic":22260201,"deal_ticket":800000077,"order_ticket":700000076,"position_id":900000037,"entry_type":"OUT_BY","deal_type":"SELL","side":null,"layer_index":null,"role":null,"deal_price":1.12535,"order_price_open":null,"slippage_pips":null,"volume":0.00,"profit":0.00,"swap":0.00,"commission":0.00,"deal_time_broker":"2026-10-06 18:15:58","deal_time_broker_msc":1791310558000,"halted_at_receipt":false,"quarantined_at_receipt":false}
7,-1,1791310558316,scalp,SCALP_CLOSED,{"close_time":"2026-10-06T18:15:58Z","instrument":"EURUSD","direction":"LONG","entry_price":1.12535,"exit_price":1.12635,"layer_depth":5,"stack_depth":6,"gross_pnl":1.00,"instance_id":"GRIND_EURUSD_OPTB","ejected":false,"rolled":false,"broker_utc_offset_s":10800,"account_login":53077984}
7,-1,1791311763855,ea_event,,{"type":"fill_log","seq":93,"ea_time_ms":95013218,"magic":22260201,"deal_ticket":800000078,"order_ticket":9071,"position_id":900000038,"entry_type":"IN","deal_type":"SELL","side":"S","layer_index":12,"role":"ENT","deal_price":1.12678,"order_price_open":null,"slippage_pips":null,"volume":0.00,"profit":0.00,"swap":0.00,"commission":0.00,"deal_time_broker":"2026-10-06 18:36:03","deal_time_broker_msc":1791311763000,"halted_at_receipt":false,"quarantined_at_receipt":false}
7,-1,1791313873521,ea_event,,{"type":"fill_log","seq":94,"ea_time_ms":95013265,"magic":22260201,"deal_ticket":800000079,"order_ticket":9074,"position_id":900000039,"entry_type":"IN","deal_type":"SELL","side":"S","layer_index":12,"role":"EXT","deal_price":1.12578,"order_price_open":null,"slippage_pips":null,"volume":0.00,"profit":0.00,"swap":0.00,"commission":0.00,"deal_time_broker":"2026-10-06 19:11:13","deal_time_broker_msc":1791313873000,"halted_at_receipt":false,"quarantined_at_receipt":false}
7,-1,1791313874164,ea_event,,{"type":"fill_log","seq":95,"ea_time_ms":95013265,"magic":22260201,"deal_ticket":800000080,"order_ticket":700000080,"position_id":900000038,"entry_type":"OUT_BY","deal_type":"SELL","side":null,"layer_index":null,"role":null,"deal_price":1.12578,"order_price_open":null,"slippage_pips":null,"volume":0.00,"profit":1.00,"swap":0.00,"commission":0.00,"deal_time_broker":"2026-10-06 19:11:14","deal_time_broker_msc":1791313874000,"halted_at_receipt":false,"quarantined_at_receipt":false}
7,-1,1791313874164,ea_event,,{"type":"fill_log","seq":96,"ea_time_ms":95013265,"magic":22260201,"deal_ticket":800000081,"order_ticket":700000080,"position_id":900000039,"entry_type":"OUT_BY","deal_type":"SELL","side":null,"layer_index":null,"role":null,"deal_price":1.12678,"order_price_open":null,"slippage_pips":null,"volume":0.00,"profit":0.00,"swap":0.00,"commission":0.00,"deal_time_broker":"2026-10-06 19:11:14","deal_time_broker_msc":1791313874000,"halted_at_receipt":false,"quarantined_at_receipt":false}
7,-1,1791313874164,scalp,SCALP_CLOSED,{"close_time":"2026-10-06T19:11:14Z","instrument":"EURUSD","direction":"SHORT","entry_price":1.12678,"exit_price":1.12578,"layer_depth":12,"stack_depth":7,"gross_pnl":1.00,"instance_id":"GRIND_EURUSD_OPTB","ejected":false,"rolled":false,"broker_utc_offset_s":10800,"account_login":53077984}
7,-1,1791330643001,ea_event,CARRY_SNAPSHOT,{"type":"ea_event","seq":97,"ea_time_ms":95013578,"magic":null,"level":"INFO","code":"CARRY_SNAPSHOT","reason":"EURUSD","ticket":null,"detail":{"symbol":"EURUSD","swap_mode":1,"swap_long":-7.9900,"swap_short":1.3100,"multiplier":1,"day_of_week":2,"rollover3days":3,"digits":5,"point":0.00001000,"tick_value":1.00000000,"tick_size":0.00001000,"stops_level":0,"freeze_level":0,"long_pips":-0.799,"short_pips":0.131,"eligible_long":5,"eligible_short":6,"trade_mode_full":true,"mult_today":1,"mult_tomorrow":3,"accrued_swap_long":0.00,"accrued_swap_short":0.00}}
7,-1,1791330643001,ea_event,CARRY_EXIT_SHIFT,{"type":"ea_event","seq":98,"ea_time_ms":95013578,"magic":null,"level":"INFO","code":"CARRY_EXIT_SHIFT","reason":"EURUSD","ticket":null,"detail":{"position_ticket":1975880441,"side":"long","layer_index":0,"accrued_ledger_pips":-4.900,"pending_pips":-2.397,"accrued_pips_total":-7.297,"old_price":1.13253,"new_price":1.13277,"clamped":false,"sign_guard_skipped":false,"retcode":10009,"points_native_pips":-4.794}}
7,-1,1791330763001,ea_event,CARRY_EXIT_SHIFT,{"type":"ea_event","seq":99,"ea_time_ms":95013578,"magic":null,"level":"INFO","code":"CARRY_EXIT_SHIFT","reason":"EURUSD","ticket":null,"detail":{"position_ticket":900000030,"side":"long","layer_index":4,"accrued_ledger_pips":0.000,"pending_pips":-2.397,"accrued_pips_total":-2.397,"old_price":1.12705,"new_price":1.12729,"clamped":false,"sign_guard_skipped":false,"retcode":10009,"points_native_pips":-0.799}}
7,-1,1791330823001,ea_event,CARRY_EXIT_SHIFT,{"type":"ea_event","seq":100,"ea_time_ms":95013578,"magic":null,"level":"INFO","code":"CARRY_EXIT_SHIFT","reason":"EURUSD","ticket":null,"detail":{"position_ticket":900000010,"side":"short","layer_index":8,"accrued_ledger_pips":0.000,"pending_pips":0.393,"accrued_pips_total":0.393,"old_price":1.12146,"new_price":1.12150,"clamped":false,"sign_guard_skipped":false,"retcode":10009,"points_native_pips":0.131}}
7,-1,1791330943001,ea_event,CARRY_EXIT_SHIFT,{"type":"ea_event","seq":101,"ea_time_ms":95013593,"magic":null,"level":"INFO","code":"CARRY_EXIT_SHIFT","reason":"EURUSD","ticket":null,"detail":{"position_ticket":900000036,"side":"short","layer_index":11,"accrued_ledger_pips":0.000,"pending_pips":0.393,"accrued_pips_total":0.393,"old_price":1.12504,"new_price":1.12508,"clamped":false,"sign_guard_skipped":false,"retcode":10009,"points_native_pips":0.131}}
7,-1,1791330943001,ea_event,CARRY_PASS_SUMMARY,{"type":"ea_event","seq":102,"ea_time_ms":95013593,"magic":null,"level":"INFO","code":"CARRY_PASS_SUMMARY","reason":"EURUSD","ticket":null,"detail":{"eligible":11,"shifted":4,"clamped":0,"skipped":0,"failed":0,"incomplete":false}}
7,-1,1791340987565,ea_event,,{"type":"fill_log","seq":103,"ea_time_ms":95013671,"magic":22260201,"deal_ticket":800000082,"order_ticket":9073,"position_id":900000040,"entry_type":"IN","deal_type":"BUY","side":"L","layer_index":5,"role":"ENT","deal_price":1.12534,"order_price_open":null,"slippage_pips":null,"volume":0.00,"profit":0.00,"swap":0.00,"commission":0.00,"deal_time_broker":"2026-10-07 02:43:07","deal_time_broker_msc":1791340987000,"halted_at_receipt":false,"quarantined_at_receipt":false}
7,-1,1791342461762,ea_event,,{"type":"fill_log","seq":104,"ea_time_ms":95013687,"magic":22260201,"deal_ticket":800000083,"order_ticket":9076,"position_id":900000041,"entry_type":"IN","deal_type":"SELL","side":"S","layer_index":11,"role":"EXT","deal_price":1.12508,"order_price_open":null,"slippage_pips":null,"volume":0.00,"profit":0.00,"swap":0.00,"commission":0.00,"deal_time_broker":"2026-10-07 03:07:41","deal_time_broker_msc":1791342461000,"halted_at_receipt":false,"quarantined_at_receipt":false}
7,-1,1791342462998,ea_event,,{"type":"fill_log","seq":105,"ea_time_ms":95013687,"magic":22260201,"deal_ticket":800000084,"order_ticket":700000084,"position_id":900000036,"entry_type":"OUT_BY","deal_type":"SELL","side":null,"layer_index":null,"role":null,"deal_price":1.12508,"order_price_open":null,"slippage_pips":null,"volume":0.00,"profit":0.96,"swap":0.01,"commission":0.00,"deal_time_broker":"2026-10-07 03:07:42","deal_time_broker_msc":1791342462000,"halted_at_receipt":false,"quarantined_at_receipt":false}
7,-1,1791342462998,ea_event,,{"type":"fill_log","seq":106,"ea_time_ms":95013687,"magic":22260201,"deal_ticket":800000085,"order_ticket":700000084,"position_id":900000041,"entry_type":"OUT_BY","deal_type":"SELL","side":null,"layer_index":null,"role":null,"deal_price":1.12604,"order_price_open":null,"slippage_pips":null,"volume":0.00,"profit":0.00,"swap":0.00,"commission":0.00,"deal_time_broker":"2026-10-07 03:07:42","deal_time_broker_msc":1791342462000,"halted_at_receipt":false,"quarantined_at_receipt":false}
7,-1,1791342462998,scalp,SCALP_CLOSED,{"close_time":"2026-10-07T03:07:42Z","instrument":"EURUSD","direction":"SHORT","entry_price":1.12604,"exit_price":1.12508,"layer_depth":11,"stack_depth":6,"gross_pnl":0.97,"instance_id":"GRIND_EURUSD_OPTB","ejected":false,"rolled":false,"broker_utc_offset_s":10800,"account_login":53077984}
7,-1,1791345704498,ea_event,,{"type":"fill_log","seq":107,"ea_time_ms":95013750,"magic":22260201,"deal_ticket":800000086,"order_ticket":9079,"position_id":900000042,"entry_type":"IN","deal_type":"BUY","side":"L","layer_index":6,"role":"ENT","deal_price":1.12467,"order_price_open":null,"slippage_pips":null,"volume":0.00,"profit":0.00,"swap":0.00,"commission":0.00,"deal_time_broker":"2026-10-07 04:01:44","deal_time_broker_msc":1791345704000,"halted_at_receipt":false,"quarantined_at_receipt":false}
7,-1,1791346901157,ea_event,,{"type":"fill_log","seq":108,"ea_time_ms":95013781,"magic":22260201,"deal_ticket":800000087,"order_ticket":9080,"position_id":900000043,"entry_type":"IN","deal_type":"SELL","side":"S","layer_index":4,"role":"EXT","deal_price":1.12433,"order_price_open":null,"slippage_pips":null,"volume":0.00,"profit":0.00,"swap":0.00,"commission":0.00,"deal_time_broker":"2026-10-07 04:21:41","deal_time_broker_msc":1791346901000,"halted_at_receipt":false,"quarantined_at_receipt":false}
7,-1,1791346902211,ea_event,,{"type":"fill_log","seq":109,"ea_time_ms":95013781,"magic":22260201,"deal_ticket":800000088,"order_ticket":700000088,"position_id":1986210743,"entry_type":"OUT_BY","deal_type":"SELL","side":null,"layer_index":null,"role":null,"deal_price":1.12433,"order_price_open":null,"slippage_pips":null,"volume":0.00,"profit":-4.69,"swap":0.02,"commission":0.00,"deal_time_broker":"2026-10-07 04:21:42","deal_time_broker_msc":1791346902000,"halted_at_receipt":false,"quarantined_at_receipt":false}
7,-1,1791346902211,ea_event,ROLL_FILLED,{"type":"ea_event","seq":110,"ea_time_ms":95013781,"magic":null,"level":"INFO","code":"ROLL_FILLED","reason":null,"ticket":1986210743,"detail":{"ticket":1986210743,"level":1.12529}}
7,-1,1791346902211,ea_event,,{"type":"fill_log","seq":111,"ea_time_ms":95013781,"magic":22260201,"deal_ticket":800000089,"order_ticket":700000088,"position_id":900000043,"entry_type":"OUT_BY","deal_type":"SELL","side":null,"layer_index":null,"role":null,"deal_price":1.11964,"order_price_open":null,"slippage_pips":null,"volume":0.00,"profit":0.00,"swap":0.00,"commission":0.00,"deal_time_broker":"2026-10-07 04:21:42","deal_time_broker_msc":1791346902000,"halted_at_receipt":false,"quarantined_at_receipt":false}
7,-1,1791346902211,scalp,SCALP_CLOSED,{"close_time":"2026-10-07T04:21:42Z","instrument":"EURUSD","direction":"SHORT","entry_price":1.11964,"exit_price":1.12433,"layer_depth":4,"stack_depth":5,"gross_pnl":-4.67,"instance_id":"GRIND_EURUSD_OPTB","ejected":false,"rolled":true,"broker_utc_offset_s":10800,"account_login":53077984}
7,-1,1791348871820,ea_event,,{"type":"fill_log","seq":112,"ea_time_ms":95013812,"magic":22260201,"deal_ticket":800000090,"order_ticket":9083,"position_id":900000044,"entry_type":"IN","deal_type":"BUY","side":"L","layer_index":7,"role":"ENT","deal_price":1.12397,"order_price_open":null,"slippage_pips":null,"volume":0.00,"profit":0.00,"swap":0.00,"commission":0.00,"deal_time_broker":"2026-10-07 04:54:31","deal_time_broker_msc":1791348871000,"halted_at_receipt":false,"quarantined_at_receipt":false}
7,-1,1791349441405,ea_event,,{"type":"fill_log","seq":113,"ea_time_ms":95013812,"magic":22260201,"deal_ticket":800000091,"order_ticket":9084,"position_id":900000045,"entry_type":"IN","deal_type":"SELL","side":"S","layer_index":10,"role":"EXT","deal_price":1.12364,"order_price_open":null,"slippage_pips":null,"volume":0.00,"profit":0.00,"swap":0.00,"commission":0.00,"deal_time_broker":"2026-10-07 05:04:01","deal_time_broker_msc":1791349441000,"halted_at_receipt":false,"quarantined_at_receipt":false}
7,-1,1791349444648,ea_event,,{"type":"fill_log","seq":114,"ea_time_ms":95013812,"magic":22260201,"deal_ticket":800000092,"order_ticket":700000092,"position_id":900000021,"entry_type":"OUT_BY","deal_type":"SELL","side":null,"layer_index":null,"role":null,"deal_price":1.12364,"order_price_open":null,"slippage_pips":null,"volume":0.00,"profit":0.95,"swap":0.01,"commission":0.00,"deal_time_broker":"2026-10-07 05:04:04","deal_time_broker_msc":1791349444000,"halted_at_receipt":false,"quarantined_at_receipt":false}
7,-1,1791349444648,ea_event,,{"type":"fill_log","seq":115,"ea_time_ms":95013812,"magic":22260201,"deal_ticket":800000093,"order_ticket":700000092,"position_id":900000045,"entry_type":"OUT_BY","deal_type":"SELL","side":null,"layer_index":null,"role":null,"deal_price":1.12459,"order_price_open":null,"slippage_pips":null,"volume":0.00,"profit":0.00,"swap":0.00,"commission":0.00,"deal_time_broker":"2026-10-07 05:04:04","deal_time_broker_msc":1791349444000,"halted_at_receipt":false,"quarantined_at_receipt":false}
7,-1,1791349444648,scalp,SCALP_CLOSED,{"close_time":"2026-10-07T05:04:04Z","instrument":"EURUSD","direction":"SHORT","entry_price":1.12459,"exit_price":1.12364,"layer_depth":10,"stack_depth":4,"gross_pnl":0.96,"instance_id":"GRIND_EURUSD_OPTB","ejected":false,"rolled":false,"broker_utc_offset_s":10800,"account_login":53077984}
9,-1,1791357611800,ea_event,ROLL_DEFERRED,{"type":"ea_event","seq":0,"ea_time_ms":95013937,"magic":null,"level":"INFO","code":"ROLL_DEFERRED","reason":"L","ticket":null,"detail":{"side":"L","depth":8,"opposite_depth":3,"gate":0,"level":1.12327,"market":1.12327}}
9,-1,1791358042876,ea_event,,{"type":"fill_log","seq":1,"ea_time_ms":95013937,"magic":22260201,"deal_ticket":800000001,"order_ticket":1991707921,"position_id":900000001,"entry_type":"IN","deal_type":"SELL","side":"S","layer_index":9,"role":"EXT","deal_price":1.12287,"order_price_open":null,"slippage_pips":null,"volume":0.00,"profit":0.00,"swap":0.00,"commission":0.00,"deal_time_broker":"2026-10-07 07:27:22","deal_time_broker_msc":1791358042000,"halted_at_receipt":false,"quarantined_at_receipt":false}
9,-1,1791358044908,ea_event,,{"type":"fill_log","seq":2,"ea_time_ms":95013937,"magic":22260201,"deal_ticket":800000002,"order_ticket":700000002,"position_id":1989527413,"entry_type":"OUT_BY","deal_type":"SELL","side":null,"layer_index":null,"role":null,"deal_price":1.12287,"order_price_open":null,"slippage_pips":null,"volume":0.00,"profit":0.99,"swap":0.01,"commission":0.00,"deal_time_broker":"2026-10-07 07:27:24","deal_time_broker_msc":1791358044000,"halted_at_receipt":false,"quarantined_at_receipt":false}
9,-1,1791358044908,ea_event,,{"type":"fill_log","seq":3,"ea_time_ms":95013937,"magic":22260201,"deal_ticket":800000003,"order_ticket":700000002,"position_id":900000001,"entry_type":"OUT_BY","deal_type":"SELL","side":null,"layer_index":null,"role":null,"deal_price":1.12386,"order_price_open":null,"slippage_pips":null,"volume":0.00,"profit":0.00,"swap":0.00,"commission":0.00,"deal_time_broker":"2026-10-07 07:27:24","deal_time_broker_msc":1791358044000,"halted_at_receipt":false,"quarantined_at_receipt":false}
9,-1,1791358044908,scalp,SCALP_CLOSED,{"close_time":"2026-10-07T07:27:24Z","instrument":"EURUSD","direction":"SHORT","entry_price":1.12386,"exit_price":1.12287,"layer_depth":9,"stack_depth":3,"gross_pnl":1.00,"instance_id":"GRIND_EURUSD_OPTB","ejected":false,"rolled":false,"broker_utc_offset_s":10800,"account_login":53077984}
9,-1,1791365153018,ea_event,,{"type":"fill_log","seq":4,"ea_time_ms":95014015,"magic":22260201,"deal_ticket":800000004,"order_ticket":9000,"position_id":900000002,"entry_type":"IN","deal_type":"SELL","side":"S","layer_index":1,"role":"EXT","deal_price":1.12218,"order_price_open":null,"slippage_pips":null,"volume":0.00,"profit":0.00,"swap":0.00,"commission":0.00,"deal_time_broker":"2026-10-07 09:25:53","deal_time_broker_msc":1791365153000,"halted_at_receipt":false,"quarantined_at_receipt":false}
9,-1,1791365153858,ea_event,,{"type":"fill_log","seq":5,"ea_time_ms":95014015,"magic":22260201,"deal_ticket":800000005,"order_ticket":700000005,"position_id":1985808618,"entry_type":"OUT_BY","deal_type":"SELL","side":null,"layer_index":null,"role":null,"deal_price":1.12218,"order_price_open":null,"slippage_pips":null,"volume":0.00,"profit":-4.63,"swap":0.02,"commission":0.00,"deal_time_broker":"2026-10-07 09:25:53","deal_time_broker_msc":1791365153000,"halted_at_receipt":false,"quarantined_at_receipt":false}
9,-1,1791365153858,ea_event,ROLL_FILLED,{"type":"ea_event","seq":6,"ea_time_ms":95014015,"magic":null,"level":"INFO","code":"ROLL_FILLED","reason":null,"ticket":1985808618,"detail":{"ticket":1985808618,"level":1.12316}}
9,-1,1791365153858,ea_event,,{"type":"fill_log","seq":7,"ea_time_ms":95014015,"magic":22260201,"deal_ticket":800000006,"order_ticket":700000005,"position_id":900000002,"entry_type":"OUT_BY","deal_type":"SELL","side":null,"layer_index":null,"role":null,"deal_price":1.11755,"order_price_open":null,"slippage_pips":null,"volume":0.00,"profit":0.00,"swap":0.00,"commission":0.00,"deal_time_broker":"2026-10-07 09:25:53","deal_time_broker_msc":1791365153000,"halted_at_receipt":false,"quarantined_at_receipt":false}
9,-1,1791365153858,scalp,SCALP_CLOSED,{"close_time":"2026-10-07T09:25:53Z","instrument":"EURUSD","direction":"SHORT","entry_price":1.11755,"exit_price":1.12218,"layer_depth":1,"stack_depth":2,"gross_pnl":-4.61,"instance_id":"GRIND_EURUSD_OPTB","ejected":false,"rolled":true,"broker_utc_offset_s":10800,"account_login":53077984}
9,-1,1791365724019,ea_event,,{"type":"fill_log","seq":8,"ea_time_ms":95014031,"magic":22260201,"deal_ticket":800000007,"order_ticket":9001,"position_id":900000003,"entry_type":"IN","deal_type":"SELL","side":"S","layer_index":9,"role":"ENT","deal_price":1.12318,"order_price_open":null,"slippage_pips":null,"volume":0.00,"profit":0.00,"swap":0.00,"commission":0.00,"deal_time_broker":"2026-10-07 09:35:24","deal_time_broker_msc":1791365724000,"halted_at_receipt":false,"quarantined_at_receipt":false}
9,-1,1791368120071,ea_event,,{"type":"fill_log","seq":9,"ea_time_ms":95014078,"magic":22260201,"deal_ticket":800000008,"order_ticket":9002,"position_id":900000004,"entry_type":"IN","deal_type":"SELL","side":"S","layer_index":9,"role":"EXT","deal_price":1.12218,"order_price_open":null,"slippage_pips":null,"volume":0.00,"profit":0.00,"swap":0.00,"commission":0.00,"deal_time_broker":"2026-10-07 10:15:20","deal_time_broker_msc":1791368120000,"halted_at_receipt":false,"quarantined_at_receipt":false}
9,-1,1791368121698,ea_event,,{"type":"fill_log","seq":10,"ea_time_ms":95014078,"magic":22260201,"deal_ticket":800000009,"order_ticket":700000009,"position_id":900000003,"entry_type":"OUT_BY","deal_type":"SELL","side":null,"layer_index":null,"role":null,"deal_price":1.12218,"order_price_open":null,"slippage_pips":null,"volume":0.00,"profit":1.00,"swap":0.00,"commission":0.00,"deal_time_broker":"2026-10-07 10:15:21","deal_time_broker_msc":1791368121000,"halted_at_receipt":false,"quarantined_at_receipt":false}
9,-1,1791368121698,ea_event,,{"type":"fill_log","seq":11,"ea_time_ms":95014078,"magic":22260201,"deal_ticket":800000010,"order_ticket":700000009,"position_id":900000004,"entry_type":"OUT_BY","deal_type":"SELL","side":null,"layer_index":null,"role":null,"deal_price":1.12318,"order_price_open":null,"slippage_pips":null,"volume":0.00,"profit":0.00,"swap":0.00,"commission":0.00,"deal_time_broker":"2026-10-07 10:15:21","deal_time_broker_msc":1791368121000,"halted_at_receipt":false,"quarantined_at_receipt":false}
9,-1,1791368121698,scalp,SCALP_CLOSED,{"close_time":"2026-10-07T10:15:21Z","instrument":"EURUSD","direction":"SHORT","entry_price":1.12318,"exit_price":1.12218,"layer_depth":9,"stack_depth":2,"gross_pnl":1.00,"instance_id":"GRIND_EURUSD_OPTB","ejected":false,"rolled":false,"broker_utc_offset_s":10800,"account_login":53077984}
9,-1,1791368477217,ea_event,,{"type":"fill_log","seq":12,"ea_time_ms":95014093,"magic":22260201,"deal_ticket":800000011,"order_ticket":1990102658,"position_id":900000005,"entry_type":"IN","deal_type":"SELL","side":"S","layer_index":8,"role":"EXT","deal_price":1.12150,"order_price_open":null,"slippage_pips":null,"volume":0.00,"profit":0.00,"swap":0.00,"commission":0.00,"deal_time_broker":"2026-10-07 10:21:17","deal_time_broker_msc":1791368477000,"halted_at_receipt":false,"quarantined_at_receipt":false}
9,-1,1791368477642,ea_event,,{"type":"fill_log","seq":13,"ea_time_ms":95014093,"magic":22260201,"deal_ticket":800000012,"order_ticket":700000012,"position_id":1989377615,"entry_type":"OUT_BY","deal_type":"SELL","side":null,"layer_index":null,"role":null,"deal_price":1.12150,"order_price_open":null,"slippage_pips":null,"volume":0.00,"profit":0.96,"swap":0.01,"commission":0.00,"deal_time_broker":"2026-10-07 10:21:17","deal_time_broker_msc":1791368477000,"halted_at_receipt":false,"quarantined_at_receipt":false}
9,-1,1791368477642,ea_event,,{"type":"fill_log","seq":14,"ea_time_ms":95014093,"magic":22260201,"deal_ticket":800000013,"order_ticket":700000012,"position_id":900000005,"entry_type":"OUT_BY","deal_type":"SELL","side":null,"layer_index":null,"role":null,"deal_price":1.12246,"order_price_open":null,"slippage_pips":null,"volume":0.00,"profit":0.00,"swap":0.00,"commission":0.00,"deal_time_broker":"2026-10-07 10:21:17","deal_time_broker_msc":1791368477000,"halted_at_receipt":false,"quarantined_at_receipt":false}
9,-1,1791368477642,scalp,SCALP_CLOSED,{"close_time":"2026-10-07T10:21:17Z","instrument":"EURUSD","direction":"SHORT","entry_price":1.12246,"exit_price":1.12150,"layer_depth":8,"stack_depth":1,"gross_pnl":0.97,"instance_id":"GRIND_EURUSD_OPTB","ejected":false,"rolled":false,"broker_utc_offset_s":10800,"account_login":53077984}
9,-1,1791368477768,ea_event,ROLL_ACCEPTED,{"type":"ea_event","seq":15,"ea_time_ms":95014093,"magic":null,"level":"INFO","code":"ROLL_ACCEPTED","reason":null,"ticket":1990103571,"detail":{"ticket":1990103571,"side":"L","layer_index":2,"entry":1.12746,"level":1.12327,"target":1.12451,"accrued":0.00024,"clamped":false,"cost":0.00319,"cost_pips":31.9,"rolled":3,"was_ejected":false,"source":"auto","reroll":false,"from_level":0.00000}}
9,-1,1791368477768,ea_event,ROLL_ACCEPTED,{"type":"ea_event","seq":16,"ea_time_ms":95014093,"magic":null,"level":"INFO","code":"ROLL_ACCEPTED","reason":null,"ticket":1990103611,"detail":{"ticket":1990103611,"side":"L","layer_index":3,"entry":1.12676,"level":1.12257,"target":1.12381,"accrued":0.00024,"clamped":false,"cost":0.00319,"cost_pips":31.9,"rolled":4,"was_ejected":false,"source":"auto","reroll":false,"from_level":0.00000}}
9,-1,1791368477768,ea_event,ROLL_ACCEPTED,{"type":"ea_event","seq":17,"ea_time_ms":95014093,"magic":null,"level":"INFO","code":"ROLL_ACCEPTED","reason":null,"ticket":1990112259,"detail":{"ticket":1990112259,"side":"L","layer_index":4,"entry":1.12605,"level":1.12187,"target":1.12311,"accrued":0.00024,"clamped":false,"cost":0.00318,"cost_pips":31.8,"rolled":5,"was_ejected":false,"source":"auto","reroll":false,"from_level":0.00000}}
9,-1,1791368623488,ea_event,,{"type":"fill_log","seq":18,"ea_time_ms":95014093,"magic":22260201,"deal_ticket":800000014,"order_ticket":9008,"position_id":900000006,"entry_type":"IN","deal_type":"SELL","side":"S","layer_index":0,"role":"ENT","deal_price":1.12147,"order_price_open":null,"slippage_pips":null,"volume":0.00,"profit":0.00,"swap":0.00,"commission":0.00,"deal_time_broker":"2026-10-07 10:23:43","deal_time_broker_msc":1791368623000,"halted_at_receipt":false,"quarantined_at_receipt":false}
9,-1,1791369234741,ea_event,ROLL_DEFERRED,{"type":"ea_event","seq":19,"ea_time_ms":95014125,"magic":null,"level":"INFO","code":"ROLL_DEFERRED","reason":"L","ticket":null,"detail":{"side":"L","depth":8,"opposite_depth":1,"gate":0,"level":1.12117,"market":1.12117}}
9,-1,1791369624024,ea_event,,{"type":"fill_log","seq":20,"ea_time_ms":95014125,"magic":22260201,"deal_ticket":800000015,"order_ticket":9009,"position_id":900000007,"entry_type":"IN","deal_type":"SELL","side":"S","layer_index":0,"role":"EXT","deal_price":1.12047,"order_price_open":null,"slippage_pips":null,"volume":0.00,"profit":0.00,"swap":0.00,"commission":0.00,"deal_time_broker":"2026-10-07 10:40:24","deal_time_broker_msc":1791369624000,"halted_at_receipt":false,"quarantined_at_receipt":false}
9,-1,1791369626073,ea_event,,{"type":"fill_log","seq":21,"ea_time_ms":95014125,"magic":22260201,"deal_ticket":800000016,"order_ticket":700000016,"position_id":900000006,"entry_type":"OUT_BY","deal_type":"SELL","side":null,"layer_index":null,"role":null,"deal_price":1.12047,"order_price_open":null,"slippage_pips":null,"volume":0.00,"profit":1.00,"swap":0.00,"commission":0.00,"deal_time_broker":"2026-10-07 10:40:26","deal_time_broker_msc":1791369626000,"halted_at_receipt":false,"quarantined_at_receipt":false}
9,-1,1791369626073,ea_event,,{"type":"fill_log","seq":22,"ea_time_ms":95014125,"magic":22260201,"deal_ticket":800000017,"order_ticket":700000016,"position_id":900000007,"entry_type":"OUT_BY","deal_type":"SELL","side":null,"layer_index":null,"role":null,"deal_price":1.12147,"order_price_open":null,"slippage_pips":null,"volume":0.00,"profit":0.00,"swap":0.00,"commission":0.00,"deal_time_broker":"2026-10-07 10:40:26","deal_time_broker_msc":1791369626000,"halted_at_receipt":false,"quarantined_at_receipt":false}
9,-1,1791369626073,scalp,SCALP_CLOSED,{"close_time":"2026-10-07T10:40:26Z","instrument":"EURUSD","direction":"SHORT","entry_price":1.12147,"exit_price":1.12047,"layer_depth":0,"stack_depth":1,"gross_pnl":1.00,"instance_id":"GRIND_EURUSD_OPTB","ejected":false,"rolled":false,"broker_utc_offset_s":10800,"account_login":53077984}
9,-1,1791369626172,ea_event,ROLL_ACCEPTED,{"type":"ea_event","seq":23,"ea_time_ms":95014125,"magic":null,"level":"INFO","code":"ROLL_ACCEPTED","reason":null,"ticket":1990743177,"detail":{"ticket":1990743177,"side":"L","layer_index":5,"entry":1.12534,"level":1.12117,"target":1.12217,"accrued":0.00000,"clamped":false,"cost":0.00317,"cost_pips":31.7,"rolled":6,"was_ejected":false,"source":"auto","reroll":false,"from_level":0.00000}}
9,-1,1791369626172,ea_event,ROLL_ACCEPTED,{"type":"ea_event","seq":24,"ea_time_ms":95014125,"magic":null,"level":"INFO","code":"ROLL_ACCEPTED","reason":null,"ticket":1991426477,"detail":{"ticket":1991426477,"side":"L","layer_index":6,"entry":1.12467,"level":1.12047,"target":1.12147,"accrued":0.00000,"clamped":false,"cost":0.00320,"cost_pips":32.0,"rolled":7,"was_ejected":false,"source":"auto","reroll":false,"from_level":0.00000}}
9,-1,1791369736529,ea_event,,{"type":"fill_log","seq":25,"ea_time_ms":95014140,"magic":22260201,"deal_ticket":800000018,"order_ticket":9013,"position_id":900000008,"entry_type":"IN","deal_type":"SELL","side":"S","layer_index":0,"role":"ENT","deal_price":1.12068,"order_price_open":null,"slippage_pips":null,"volume":0.00,"profit":0.00,"swap":0.00,"commission":0.00,"deal_time_broker":"2026-10-07 10:42:16","deal_time_broker_msc":1791369736000,"halted_at_receipt":false,"quarantined_at_receipt":false}
9,-1,1791370356357,ea_event,ROLL_DEFERRED,{"type":"ea_event","seq":26,"ea_time_ms":95014156,"magic":null,"level":"INFO","code":"ROLL_DEFERRED","reason":"L","ticket":null,"detail":{"side":"L","depth":8,"opposite_depth":1,"gate":0,"level":1.11977,"market":1.11972}}
9,-1,1791370392172,ea_event,,{"type":"fill_log","seq":27,"ea_time_ms":95014156,"magic":22260201,"deal_ticket":800000019,"order_ticket":9014,"position_id":900000009,"entry_type":"IN","deal_type":"SELL","side":"S","layer_index":0,"role":"EXT","deal_price":1.11958,"order_price_open":null,"slippage_pips":null,"volume":0.00,"profit":0.00,"swap":0.00,"commission":0.00,"deal_time_broker":"2026-10-07 10:53:12","deal_time_broker_msc":1791370392000,"halted_at_receipt":false,"quarantined_at_receipt":false}
9,-1,1791370393010,ea_event,,{"type":"fill_log","seq":28,"ea_time_ms":95014156,"magic":22260201,"deal_ticket":800000020,"order_ticket":700000020,"position_id":900000008,"entry_type":"OUT_BY","deal_type":"SELL","side":null,"layer_index":null,"role":null,"deal_price":1.11958,"order_price_open":null,"slippage_pips":null,"volume":0.00,"profit":1.10,"swap":0.00,"commission":0.00,"deal_time_broker":"2026-10-07 10:53:13","deal_time_broker_msc":1791370393000,"halted_at_receipt":false,"quarantined_at_receipt":false}
9,-1,1791370393010,ea_event,,{"type":"fill_log","seq":29,"ea_time_ms":95014156,"magic":22260201,"deal_ticket":800000021,"order_ticket":700000020,"position_id":900000009,"entry_type":"OUT_BY","deal_type":"SELL","side":null,"layer_index":null,"role":null,"deal_price":1.12068,"order_price_open":null,"slippage_pips":null,"volume":0.00,"profit":0.00,"swap":0.00,"commission":0.00,"deal_time_broker":"2026-10-07 10:53:13","deal_time_broker_msc":1791370393000,"halted_at_receipt":false,"quarantined_at_receipt":false}
9,-1,1791370393010,scalp,SCALP_CLOSED,{"close_time":"2026-10-07T10:53:13Z","instrument":"EURUSD","direction":"SHORT","entry_price":1.12068,"exit_price":1.11958,"layer_depth":0,"stack_depth":1,"gross_pnl":1.10,"instance_id":"GRIND_EURUSD_OPTB","ejected":false,"rolled":false,"broker_utc_offset_s":10800,"account_login":53077984}
9,-1,1791370393118,ea_event,ROLL_ACCEPTED,{"type":"ea_event","seq":30,"ea_time_ms":95014156,"magic":null,"level":"INFO","code":"ROLL_ACCEPTED","reason":null,"ticket":1991578986,"detail":{"ticket":1991578986,"side":"L","layer_index":7,"entry":1.12397,"level":1.11977,"target":1.12077,"accrued":0.00000,"clamped":false,"cost":0.00320,"cost_pips":32.0,"rolled":8,"was_ejected":false,"source":"auto","reroll":false,"from_level":0.00000}}
9,-1,1791370439228,ea_event,ROLL_ACCEPTED,{"type":"ea_event","seq":31,"ea_time_ms":95014171,"magic":null,"level":"INFO","code":"ROLL_ACCEPTED","reason":null,"ticket":1975880441,"detail":{"ticket":1975880441,"side":"L","layer_index":0,"entry":1.13670,"level":1.11907,"target":1.12080,"accrued":0.00073,"clamped":false,"cost":0.01663,"cost_pips":166.3,"rolled":8,"was_ejected":false,"source":"reroll","reroll":true,"from_level":1.13104}}
9,-1,1791370465634,ea_event,,{"type":"fill_log","seq":32,"ea_time_ms":95014171,"magic":22260201,"deal_ticket":800000022,"order_ticket":9017,"position_id":900000010,"entry_type":"IN","deal_type":"SELL","side":"S","layer_index":0,"role":"ENT","deal_price":1.11919,"order_price_open":null,"slippage_pips":null,"volume":0.00,"profit":0.00,"swap":0.00,"commission":0.00,"deal_time_broker":"2026-10-07 10:54:25","deal_time_broker_msc":1791370465000,"halted_at_receipt":false,"quarantined_at_receipt":false}
9,-1,1791370596929,ea_event,ROLL_DEFERRED,{"type":"ea_event","seq":33,"ea_time_ms":95014171,"magic":null,"level":"INFO","code":"ROLL_DEFERRED","reason":"L","ticket":null,"detail":{"side":"L","depth":8,"opposite_depth":1,"gate":0,"level":1.11837,"market":1.11833}}
9,-1,1791370628393,ea_event,,{"type":"fill_log","seq":34,"ea_time_ms":95014187,"magic":22260201,"deal_ticket":800000023,"order_ticket":9019,"position_id":900000011,"entry_type":"IN","deal_type":"SELL","side":"S","layer_index":0,"role":"EXT","deal_price":1.11819,"order_price_open":null,"slippage_pips":null,"volume":0.00,"profit":0.00,"swap":0.00,"commission":0.00,"deal_time_broker":"2026-10-07 10:57:08","deal_time_broker_msc":1791370628000,"halted_at_receipt":false,"quarantined_at_receipt":false}
9,-1,1791370628830,ea_event,,{"type":"fill_log","seq":35,"ea_time_ms":95014187,"magic":22260201,"deal_ticket":800000024,"order_ticket":700000024,"position_id":900000010,"entry_type":"OUT_BY","deal_type":"SELL","side":null,"layer_index":null,"role":null,"deal_price":1.11819,"order_price_open":null,"slippage_pips":null,"volume":0.00,"profit":1.00,"swap":0.00,"commission":0.00,"deal_time_broker":"2026-10-07 10:57:08","deal_time_broker_msc":1791370628000,"halted_at_receipt":false,"quarantined_at_receipt":false}
9,-1,1791370628830,ea_event,,{"type":"fill_log","seq":36,"ea_time_ms":95014187,"magic":22260201,"deal_ticket":800000025,"order_ticket":700000024,"position_id":900000011,"entry_type":"OUT_BY","deal_type":"SELL","side":null,"layer_index":null,"role":null,"deal_price":1.11919,"order_price_open":null,"slippage_pips":null,"volume":0.00,"profit":0.00,"swap":0.00,"commission":0.00,"deal_time_broker":"2026-10-07 10:57:08","deal_time_broker_msc":1791370628000,"halted_at_receipt":false,"quarantined_at_receipt":false}
9,-1,1791370628830,scalp,SCALP_CLOSED,{"close_time":"2026-10-07T10:57:08Z","instrument":"EURUSD","direction":"SHORT","entry_price":1.11919,"exit_price":1.11819,"layer_depth":0,"stack_depth":1,"gross_pnl":1.00,"instance_id":"GRIND_EURUSD_OPTB","ejected":false,"rolled":false,"broker_utc_offset_s":10800,"account_login":53077984}
9,-1,1791370628929,ea_event,ROLL_ACCEPTED,{"type":"ea_event","seq":37,"ea_time_ms":95014187,"magic":null,"level":"INFO","code":"ROLL_ACCEPTED","reason":null,"ticket":1975959172,"detail":{"ticket":1975959172,"side":"L","layer_index":1,"entry":1.13600,"level":1.11837,"target":1.12010,"accrued":0.00073,"clamped":false,"cost":0.01663,"cost_pips":166.3,"rolled":8,"was_ejected":false,"source":"reroll","reroll":true,"from_level":1.13034}}
9,-1,1791370642443,ea_event,,{"type":"fill_log","seq":38,"ea_time_ms":95014187,"magic":22260201,"deal_ticket":800000026,"order_ticket":9022,"position_id":900000012,"entry_type":"IN","deal_type":"SELL","side":"S","layer_index":0,"role":"ENT","deal_price":1.11848,"order_price_open":null,"slippage_pips":null,"volume":0.00,"profit":0.00,"swap":0.00,"commission":0.00,"deal_time_broker":"2026-10-07 10:57:22","deal_time_broker_msc":1791370642000,"halted_at_receipt":false,"quarantined_at_receipt":false}
9,-1,1791370806938,ea_event,,{"type":"fill_log","seq":39,"ea_time_ms":95014187,"magic":22260201,"deal_ticket":800000027,"order_ticket":9024,"position_id":900000013,"entry_type":"IN","deal_type":"SELL","side":"S","layer_index":1,"role":"ENT","deal_price":1.11918,"order_price_open":null,"slippage_pips":null,"volume":0.00,"profit":0.00,"swap":0.00,"commission":0.00,"deal_time_broker":"2026-10-07 11:00:06","deal_time_broker_msc":1791370806000,"halted_at_receipt":false,"quarantined_at_receipt":false}
9,-1,1791371781316,ea_event,,{"type":"fill_log","seq":40,"ea_time_ms":95014250,"magic":22260201,"deal_ticket":800000028,"order_ticket":9025,"position_id":900000014,"entry_type":"IN","deal_type":"SELL","side":"S","layer_index":1,"role":"EXT","deal_price":1.11814,"order_price_open":null,"slippage_pips":null,"volume":0.00,"profit":0.00,"swap":0.00,"commission":0.00,"deal_time_broker":"2026-10-07 11:16:21","deal_time_broker_msc":1791371781000,"halted_at_receipt":false,"quarantined_at_receipt":false}
9,-1,1791371782756,ea_event,,{"type":"fill_log","seq":41,"ea_time_ms":95014250,"magic":22260201,"deal_ticket":800000029,"order_ticket":700000029,"position_id":900000013,"entry_type":"OUT_BY","deal_type":"SELL","side":null,"layer_index":null,"role":null,"deal_price":1.11814,"order_price_open":null,"slippage_pips":null,"volume":0.00,"profit":1.04,"swap":0.00,"commission":0.00,"deal_time_broker":"2026-10-07 11:16:22","deal_time_broker_msc":1791371782000,"halted_at_receipt":false,"quarantined_at_receipt":false}
9,-1,1791371782756,ea_event,,{"type":"fill_log","seq":42,"ea_time_ms":95014250,"magic":22260201,"deal_ticket":800000030,"order_ticket":700000029,"position_id":900000014,"entry_type":"OUT_BY","deal_type":"SELL","side":null,"layer_index":null,"role":null,"deal_price":1.11918,"order_price_open":null,"slippage_pips":null,"volume":0.00,"profit":0.00,"swap":0.00,"commission":0.00,"deal_time_broker":"2026-10-07 11:16:22","deal_time_broker_msc":1791371782000,"halted_at_receipt":false,"quarantined_at_receipt":false}
9,-1,1791371782756,scalp,SCALP_CLOSED,{"close_time":"2026-10-07T11:16:22Z","instrument":"EURUSD","direction":"SHORT","entry_price":1.11918,"exit_price":1.11814,"layer_depth":1,"stack_depth":2,"gross_pnl":1.04,"instance_id":"GRIND_EURUSD_OPTB","ejected":false,"rolled":false,"broker_utc_offset_s":10800,"account_login":53077984}
9,-1,1791372089490,ea_event,,{"type":"fill_log","seq":43,"ea_time_ms":95014265,"magic":22260201,"deal_ticket":800000031,"order_ticket":9027,"position_id":900000015,"entry_type":"IN","deal_type":"SELL","side":"S","layer_index":1,"role":"ENT","deal_price":1.11920,"order_price_open":null,"slippage_pips":null,"volume":0.00,"profit":0.00,"swap":0.00,"commission":0.00,"deal_time_broker":"2026-10-07 11:21:29","deal_time_broker_msc":1791372089000,"halted_at_receipt":false,"quarantined_at_receipt":false}
9,-1,1791373556610,ea_event,,{"type":"fill_log","seq":44,"ea_time_ms":95014328,"magic":22260201,"deal_ticket":800000032,"order_ticket":9029,"position_id":900000016,"entry_type":"IN","deal_type":"SELL","side":"S","layer_index":2,"role":"ENT","deal_price":1.11990,"order_price_open":null,"slippage_pips":null,"volume":0.00,"profit":0.00,"swap":0.00,"commission":0.00,"deal_time_broker":"2026-10-07 11:45:56","deal_time_broker_msc":1791373556000,"halted_at_receipt":false,"quarantined_at_receipt":false}
9,-1,1791374538088,ea_event,,{"type":"fill_log","seq":45,"ea_time_ms":95014343,"magic":22260201,"deal_ticket":800000033,"order_ticket":9018,"position_id":900000017,"entry_type":"IN","deal_type":"BUY","side":"L","layer_index":1,"role":"EXT","deal_price":1.12013,"order_price_open":null,"slippage_pips":null,"volume":0.00,"profit":0.00,"swap":0.00,"commission":0.00,"deal_time_broker":"2026-10-07 12:02:18","deal_time_broker_msc":1791374538000,"halted_at_receipt":false,"quarantined_at_receipt":false}
9,-1,1791374538528,ea_event,,{"type":"fill_log","seq":46,"ea_time_ms":95014343,"magic":22260201,"deal_ticket":800000034,"order_ticket":700000034,"position_id":1975959172,"entry_type":"OUT_BY","deal_type":"SELL","side":null,"layer_index":null,"role":null,"deal_price":1.12013,"order_price_open":null,"slippage_pips":null,"volume":0.00,"profit":-15.87,"swap":-0.57,"commission":0.00,"deal_time_broker":"2026-10-07 12:02:18","deal_time_broker_msc":1791374538000,"halted_at_receipt":false,"quarantined_at_receipt":false}
9,-1,1791374538528,ea_event,ROLL_FILLED,{"type":"ea_event","seq":47,"ea_time_ms":95014343,"magic":null,"level":"INFO","code":"ROLL_FILLED","reason":null,"ticket":1975959172,"detail":{"ticket":1975959172,"level":1.11837}}
9,-1,1791374538528,ea_event,,{"type":"fill_log","seq":48,"ea_time_ms":95014343,"magic":22260201,"deal_ticket":800000035,"order_ticket":700000034,"position_id":900000017,"entry_type":"OUT_BY","deal_type":"SELL","side":null,"layer_index":null,"role":null,"deal_price":1.13600,"order_price_open":null,"slippage_pips":null,"volume":0.00,"profit":0.00,"swap":0.00,"commission":0.00,"deal_time_broker":"2026-10-07 12:02:18","deal_time_broker_msc":1791374538000,"halted_at_receipt":false,"quarantined_at_receipt":false}
9,-1,1791374538528,scalp,SCALP_CLOSED,{"close_time":"2026-10-07T12:02:18Z","instrument":"EURUSD","direction":"LONG","entry_price":1.13600,"exit_price":1.12013,"layer_depth":1,"stack_depth":8,"gross_pnl":-16.44,"instance_id":"GRIND_EURUSD_OPTB","ejected":false,"rolled":true,"broker_utc_offset_s":10800,"account_login":53077984}
9,-1,1791376233780,ea_event,,{"type":"fill_log","seq":49,"ea_time_ms":95014406,"magic":22260201,"deal_ticket":800000036,"order_ticket":9030,"position_id":900000018,"entry_type":"IN","deal_type":"SELL","side":"S","layer_index":2,"role":"EXT","deal_price":1.11889,"order_price_open":null,"slippage_pips":null,"volume":0.00,"profit":0.00,"swap":0.00,"commission":0.00,"deal_time_broker":"2026-10-07 12:30:33","deal_time_broker_msc":1791376233000,"halted_at_receipt":false,"quarantined_at_receipt":false}
9,-1,1791376234216,ea_event,,{"type":"fill_log","seq":50,"ea_time_ms":95014406,"magic":22260201,"deal_ticket":800000037,"order_ticket":700000037,"position_id":900000016,"entry_type":"OUT_BY","deal_type":"SELL","side":null,"layer_index":null,"role":null,"deal_price":1.11889,"order_price_open":null,"slippage_pips":null,"volume":0.00,"profit":1.01,"swap":0.00,"commission":0.00,"deal_time_broker":"2026-10-07 12:30:34","deal_time_broker_msc":1791376234000,"halted_at_receipt":false,"quarantined_at_receipt":false}
9,-1,1791376234216,ea_event,,{"type":"fill_log","seq":51,"ea_time_ms":95014406,"magic":22260201,"deal_ticket":800000038,"order_ticket":700000037,"position_id":900000018,"entry_type":"OUT_BY","deal_type":"SELL","side":null,"layer_index":null,"role":null,"deal_price":1.11990,"order_price_open":null,"slippage_pips":null,"volume":0.00,"profit":0.00,"swap":0.00,"commission":0.00,"deal_time_broker":"2026-10-07 12:30:34","deal_time_broker_msc":1791376234000,"halted_at_receipt":false,"quarantined_at_receipt":false}
9,-1,1791376234216,scalp,SCALP_CLOSED,{"close_time":"2026-10-07T12:30:34Z","instrument":"EURUSD","direction":"SHORT","entry_price":1.11990,"exit_price":1.11889,"layer_depth":2,"stack_depth":3,"gross_pnl":1.01,"instance_id":"GRIND_EURUSD_OPTB","ejected":false,"rolled":false,"broker_utc_offset_s":10800,"account_login":53077984}
9,-1,1791383270009,ea_event,,{"type":"fill_log","seq":52,"ea_time_ms":95014656,"magic":22260201,"deal_ticket":800000039,"order_ticket":9033,"position_id":900000019,"entry_type":"IN","deal_type":"BUY","side":"L","layer_index":8,"role":"ENT","deal_price":1.11838,"order_price_open":null,"slippage_pips":null,"volume":0.00,"profit":0.00,"swap":0.00,"commission":0.00,"deal_time_broker":"2026-10-07 14:27:50","deal_time_broker_msc":1791383270000,"halted_at_receipt":false,"quarantined_at_receipt":false}
9,-1,1791383766760,ea_event,,{"type":"fill_log","seq":53,"ea_time_ms":95014687,"magic":22260201,"deal_ticket":800000040,"order_ticket":9034,"position_id":900000020,"entry_type":"IN","deal_type":"SELL","side":"S","layer_index":1,"role":"EXT","deal_price":1.11818,"order_price_open":null,"slippage_pips":null,"volume":0.00,"profit":0.00,"swap":0.00,"commission":0.00,"deal_time_broker":"2026-10-07 14:36:06","deal_time_broker_msc":1791383766000,"halted_at_receipt":false,"quarantined_at_receipt":false}
9,-1,1791383767794,ea_event,,{"type":"fill_log","seq":54,"ea_time_ms":95014687,"magic":22260201,"deal_ticket":800000041,"order_ticket":700000041,"position_id":900000015,"entry_type":"OUT_BY","deal_type":"SELL","side":null,"layer_index":null,"role":null,"deal_price":1.11818,"order_price_open":null,"slippage_pips":null,"volume":0.00,"profit":1.02,"swap":0.00,"commission":0.00,"deal_time_broker":"2026-10-07 14:36:07","deal_time_broker_msc":1791383767000,"halted_at_receipt":false,"quarantined_at_receipt":false}
9,-1,1791383767794,ea_event,,{"type":"fill_log","seq":55,"ea_time_ms":95014687,"magic":22260201,"deal_ticket":800000042,"order_ticket":700000041,"position_id":900000020,"entry_type":"OUT_BY","deal_type":"SELL","side":null,"layer_index":null,"role":null,"deal_price":1.11920,"order_price_open":null,"slippage_pips":null,"volume":0.00,"profit":0.00,"swap":0.00,"commission":0.00,"deal_time_broker":"2026-10-07 14:36:07","deal_time_broker_msc":1791383767000,"halted_at_receipt":false,"quarantined_at_receipt":false}
9,-1,1791383767794,scalp,SCALP_CLOSED,{"close_time":"2026-10-07T14:36:07Z","instrument":"EURUSD","direction":"SHORT","entry_price":1.11920,"exit_price":1.11818,"layer_depth":1,"stack_depth":2,"gross_pnl":1.02,"instance_id":"GRIND_EURUSD_OPTB","ejected":false,"rolled":false,"broker_utc_offset_s":10800,"account_login":53077984}
9,-1,1791384227294,ea_event,ROLL_DEFERRED,{"type":"ea_event","seq":56,"ea_time_ms":95014703,"magic":null,"level":"INFO","code":"ROLL_DEFERRED","reason":"L","ticket":null,"detail":{"side":"L","depth":8,"opposite_depth":1,"gate":0,"level":1.11768,"market":1.11767}}
9,-1,1791385838469,ea_event,,{"type":"fill_log","seq":57,"ea_time_ms":95014765,"magic":22260201,"deal_ticket":800000043,"order_ticket":9023,"position_id":900000021,"entry_type":"IN","deal_type":"SELL","side":"S","layer_index":0,"role":"EXT","deal_price":1.11747,"order_price_open":null,"slippage_pips":null,"volume":0.00,"profit":0.00,"swap":0.00,"commission":0.00,"deal_time_broker":"2026-10-07 15:10:38","deal_time_broker_msc":1791385838000,"halted_at_receipt":false,"quarantined_at_receipt":false}
9,-1,1791385841122,ea_event,,{"type":"fill_log","seq":58,"ea_time_ms":95014765,"magic":22260201,"deal_ticket":800000044,"order_ticket":700000044,"position_id":900000012,"entry_type":"OUT_BY","deal_type":"SELL","side":null,"layer_index":null,"role":null,"deal_price":1.11747,"order_price_open":null,"slippage_pips":null,"volume":0.00,"profit":1.01,"swap":0.00,"commission":0.00,"deal_time_broker":"2026-10-07 15:10:41","deal_time_broker_msc":1791385841000,"halted_at_receipt":false,"quarantined_at_receipt":false}
9,-1,1791385841122,ea_event,,{"type":"fill_log","seq":59,"ea_time_ms":95014765,"magic":22260201,"deal_ticket":800000045,"order_ticket":700000044,"position_id":900000021,"entry_type":"OUT_BY","deal_type":"SELL","side":null,"layer_index":null,"role":null,"deal_price":1.11848,"order_price_open":null,"slippage_pips":null,"volume":0.00,"profit":0.00,"swap":0.00,"commission":0.00,"deal_time_broker":"2026-10-07 15:10:41","deal_time_broker_msc":1791385841000,"halted_at_receipt":false,"quarantined_at_receipt":false}
9,-1,1791385841122,scalp,SCALP_CLOSED,{"close_time":"2026-10-07T15:10:41Z","instrument":"EURUSD","direction":"SHORT","entry_price":1.11848,"exit_price":1.11747,"layer_depth":0,"stack_depth":1,"gross_pnl":1.01,"instance_id":"GRIND_EURUSD_OPTB","ejected":false,"rolled":false,"broker_utc_offset_s":10800,"account_login":53077984}
9,-1,1791385841839,ea_event,ROLL_ACCEPTED,{"type":"ea_event","seq":60,"ea_time_ms":95014765,"magic":null,"level":"INFO","code":"ROLL_ACCEPTED","reason":null,"ticket":900000019,"detail":{"ticket":900000019,"side":"L","layer_index":8,"entry":1.11838,"level":1.11768,"target":1.11868,"accrued":0.00000,"clamped":false,"cost":-0.00030,"cost_pips":-3.0,"rolled":8,"was_ejected":false,"source":"auto","reroll":false,"from_level":0.00000}}
9,-1,1791385914110,ea_event,,{"type":"fill_log","seq":61,"ea_time_ms":95014765,"magic":22260201,"deal_ticket":800000046,"order_ticket":9038,"position_id":900000022,"entry_type":"IN","deal_type":"SELL","side":"S","layer_index":0,"role":"ENT","deal_price":1.11763,"order_price_open":null,"slippage_pips":null,"volume":0.00,"profit":0.00,"swap":0.00,"commission":0.00,"deal_time_broker":"2026-10-07 15:11:54","deal_time_broker_msc":1791385914000,"halted_at_receipt":false,"quarantined_at_receipt":false}
9,-1,1791386593091,ea_event,ROLL_DEFERRED,{"type":"ea_event","seq":62,"ea_time_ms":95014781,"magic":null,"level":"INFO","code":"ROLL_DEFERRED","reason":"L","ticket":null,"detail":{"side":"L","depth":8,"opposite_depth":1,"gate":0,"level":1.11698,"market":1.11698}}
9,-1,1791386683597,ea_event,,{"type":"fill_log","seq":63,"ea_time_ms":95014796,"magic":22260201,"deal_ticket":800000047,"order_ticket":9039,"position_id":900000023,"entry_type":"IN","deal_type":"SELL","side":"S","layer_index":0,"role":"EXT","deal_price":1.11663,"order_price_open":null,"slippage_pips":null,"volume":0.00,"profit":0.00,"swap":0.00,"commission":0.00,"deal_time_broker":"2026-10-07 15:24:43","deal_time_broker_msc":1791386683000,"halted_at_receipt":false,"quarantined_at_receipt":false}
9,-1,1791386684426,ea_event,,{"type":"fill_log","seq":64,"ea_time_ms":95014796,"magic":22260201,"deal_ticket":800000048,"order_ticket":700000048,"position_id":900000022,"entry_type":"OUT_BY","deal_type":"SELL","side":null,"layer_index":null,"role":null,"deal_price":1.11663,"order_price_open":null,"slippage_pips":null,"volume":0.00,"profit":1.00,"swap":0.00,"commission":0.00,"deal_time_broker":"2026-10-07 15:24:44","deal_time_broker_msc":1791386684000,"halted_at_receipt":false,"quarantined_at_receipt":false}
9,-1,1791386684426,ea_event,,{"type":"fill_log","seq":65,"ea_time_ms":95014796,"magic":22260201,"deal_ticket":800000049,"order_ticket":700000048,"position_id":900000023,"entry_type":"OUT_BY","deal_type":"SELL","side":null,"layer_index":null,"role":null,"deal_price":1.11763,"order_price_open":null,"slippage_pips":null,"volume":0.00,"profit":0.00,"swap":0.00,"commission":0.00,"deal_time_broker":"2026-10-07 15:24:44","deal_time_broker_msc":1791386684000,"halted_at_receipt":false,"quarantined_at_receipt":false}
9,-1,1791386684426,scalp,SCALP_CLOSED,{"close_time":"2026-10-07T15:24:44Z","instrument":"EURUSD","direction":"SHORT","entry_price":1.11763,"exit_price":1.11663,"layer_depth":0,"stack_depth":1,"gross_pnl":1.00,"instance_id":"GRIND_EURUSD_OPTB","ejected":false,"rolled":false,"broker_utc_offset_s":10800,"account_login":53077984}
9,-1,1791386684525,ea_event,ROLL_ACCEPTED,{"type":"ea_event","seq":66,"ea_time_ms":95014796,"magic":null,"level":"INFO","code":"ROLL_ACCEPTED","reason":null,"ticket":1990103571,"detail":{"ticket":1990103571,"side":"L","layer_index":2,"entry":1.12746,"level":1.11698,"target":1.11822,"accrued":0.00024,"clamped":false,"cost":0.00948,"cost_pips":94.8,"rolled":8,"was_ejected":false,"source":"reroll","reroll":true,"from_level":1.12327}}
9,-1,1791386743870,ea_event,,{"type":"fill_log","seq":67,"ea_time_ms":95014796,"magic":22260201,"deal_ticket":800000050,"order_ticket":9042,"position_id":900000024,"entry_type":"IN","deal_type":"SELL","side":"S","layer_index":0,"role":"ENT","deal_price":1.11685,"order_price_open":null,"slippage_pips":null,"volume":0.00,"profit":0.00,"swap":0.00,"commission":0.00,"deal_time_broker":"2026-10-07 15:25:43","deal_time_broker_msc":1791386743000,"halted_at_receipt":false,"quarantined_at_receipt":false}
9,-1,1791388827041,ea_event,,{"type":"fill_log","seq":68,"ea_time_ms":95014890,"magic":22260201,"deal_ticket":800000051,"order_ticket":9044,"position_id":900000025,"entry_type":"IN","deal_type":"SELL","side":"S","layer_index":1,"role":"ENT","deal_price":1.11755,"order_price_open":null,"slippage_pips":null,"volume":0.00,"profit":0.00,"swap":0.00,"commission":0.00,"deal_time_broker":"2026-10-07 16:00:27","deal_time_broker_msc":1791388827000,"halted_at_receipt":false,"quarantined_at_receipt":false}
9,-1,1791389942249,ea_event,,{"type":"fill_log","seq":69,"ea_time_ms":95014937,"magic":22260201,"deal_ticket":800000052,"order_ticket":9021,"position_id":900000026,"entry_type":"IN","deal_type":"BUY","side":"L","layer_index":2,"role":"EXT","deal_price":1.11822,"order_price_open":null,"slippage_pips":null,"volume":0.00,"profit":0.00,"swap":0.00,"commission":0.00,"deal_time_broker":"2026-10-07 16:19:02","deal_time_broker_msc":1791389942000,"halted_at_receipt":false,"quarantined_at_receipt":false}
9,-1,1791389942693,ea_event,,{"type":"fill_log","seq":70,"ea_time_ms":95014937,"magic":22260201,"deal_ticket":800000053,"order_ticket":700000053,"position_id":1990103571,"entry_type":"OUT_BY","deal_type":"SELL","side":null,"layer_index":null,"role":null,"deal_price":1.11822,"order_price_open":null,"slippage_pips":null,"volume":0.00,"profit":-9.24,"swap":-0.08,"commission":0.00,"deal_time_broker":"2026-10-07 16:19:02","deal_time_broker_msc":1791389942000,"halted_at_receipt":false,"quarantined_at_receipt":false}
9,-1,1791389942693,ea_event,ROLL_FILLED,{"type":"ea_event","seq":71,"ea_time_ms":95014937,"magic":null,"level":"INFO","code":"ROLL_FILLED","reason":null,"ticket":1990103571,"detail":{"ticket":1990103571,"level":1.11698}}
9,-1,1791389942693,ea_event,,{"type":"fill_log","seq":72,"ea_time_ms":95014937,"magic":22260201,"deal_ticket":800000054,"order_ticket":700000053,"position_id":900000026,"entry_type":"OUT_BY","deal_type":"SELL","side":null,"layer_index":null,"role":null,"deal_price":1.12746,"order_price_open":null,"slippage_pips":null,"volume":0.00,"profit":0.00,"swap":0.00,"commission":0.00,"deal_time_broker":"2026-10-07 16:19:02","deal_time_broker_msc":1791389942000,"halted_at_receipt":false,"quarantined_at_receipt":false}
9,-1,1791389942693,scalp,SCALP_CLOSED,{"close_time":"2026-10-07T16:19:02Z","instrument":"EURUSD","direction":"LONG","entry_price":1.12746,"exit_price":1.11822,"layer_depth":2,"stack_depth":8,"gross_pnl":-9.32,"instance_id":"GRIND_EURUSD_OPTB","ejected":false,"rolled":true,"broker_utc_offset_s":10800,"account_login":53077984}
9,-1,1791389945264,ea_event,,{"type":"fill_log","seq":73,"ea_time_ms":95014937,"magic":22260201,"deal_ticket":800000055,"order_ticket":9046,"position_id":900000027,"entry_type":"IN","deal_type":"SELL","side":"S","layer_index":2,"role":"ENT","deal_price":1.11826,"order_price_open":null,"slippage_pips":null,"volume":0.00,"profit":0.00,"swap":0.00,"commission":0.00,"deal_time_broker":"2026-10-07 16:19:05","deal_time_broker_msc":1791389945000,"halted_at_receipt":false,"quarantined_at_receipt":false}
9,-1,1791392397551,ea_event,,{"type":"fill_log","seq":74,"ea_time_ms":95015046,"magic":22260201,"deal_ticket":800000056,"order_ticket":9047,"position_id":900000028,"entry_type":"IN","deal_type":"BUY","side":"L","layer_index":8,"role":"EXT","deal_price":1.11868,"order_price_open":null,"slippage_pips":null,"volume":0.00,"profit":0.00,"swap":0.00,"commission":0.00,"deal_time_broker":"2026-10-07 16:59:57","deal_time_broker_msc":1791392397000,"halted_at_receipt":false,"quarantined_at_receipt":false}
9,-1,1791392398393,ea_event,,{"type":"fill_log","seq":75,"ea_time_ms":95015046,"magic":22260201,"deal_ticket":800000057,"order_ticket":700000057,"position_id":900000019,"entry_type":"OUT_BY","deal_type":"SELL","side":null,"layer_index":null,"role":null,"deal_price":1.11868,"order_price_open":null,"slippage_pips":null,"volume":0.00,"profit":0.30,"swap":0.00,"commission":0.00,"deal_time_broker":"2026-10-07 16:59:58","deal_time_broker_msc":1791392398000,"halted_at_receipt":false,"quarantined_at_receipt":false}
9,-1,1791392398393,ea_event,ROLL_FILLED,{"type":"ea_event","seq":76,"ea_time_ms":95015046,"magic":null,"level":"INFO","code":"ROLL_FILLED","reason":null,"ticket":900000019,"detail":{"ticket":900000019,"level":1.11768}}
9,-1,1791392398393,ea_event,,{"type":"fill_log","seq":77,"ea_time_ms":95015046,"magic":22260201,"deal_ticket":800000058,"order_ticket":700000057,"position_id":900000028,"entry_type":"OUT_BY","deal_type":"SELL","side":null,"layer_index":null,"role":null,"deal_price":1.11838,"order_price_open":null,"slippage_pips":null,"volume":0.00,"profit":0.00,"swap":0.00,"commission":0.00,"deal_time_broker":"2026-10-07 16:59:58","deal_time_broker_msc":1791392398000,"halted_at_receipt":false,"quarantined_at_receipt":false}
9,-1,1791392398393,scalp,SCALP_CLOSED,{"close_time":"2026-10-07T16:59:58Z","instrument":"EURUSD","direction":"LONG","entry_price":1.11838,"exit_price":1.11868,"layer_depth":8,"stack_depth":7,"gross_pnl":0.30,"instance_id":"GRIND_EURUSD_OPTB","ejected":false,"rolled":true,"broker_utc_offset_s":10800,"account_login":53077984}
9,-1,1791392501969,ea_event,,{"type":"fill_log","seq":78,"ea_time_ms":95015046,"magic":22260201,"deal_ticket":800000059,"order_ticket":9050,"position_id":900000029,"entry_type":"IN","deal_type":"SELL","side":"S","layer_index":3,"role":"ENT","deal_price":1.11895,"order_price_open":null,"slippage_pips":null,"volume":0.00,"profit":0.00,"swap":0.00,"commission":0.00,"deal_time_broker":"2026-10-07 17:01:41","deal_time_broker_msc":1791392501000,"halted_at_receipt":false,"quarantined_at_receipt":false}
9,-1,1791392625082,ea_event,,{"type":"fill_log","seq":79,"ea_time_ms":95015062,"magic":22260201,"deal_ticket":800000060,"order_ticket":9052,"position_id":900000030,"entry_type":"IN","deal_type":"BUY","side":"L","layer_index":8,"role":"ENT","deal_price":1.11832,"order_price_open":null,"slippage_pips":null,"volume":0.00,"profit":0.00,"swap":0.00,"commission":0.00,"deal_time_broker":"2026-10-07 17:03:45","deal_time_broker_msc":1791392625000,"halted_at_receipt":false,"quarantined_at_receipt":false}
9,-1,1791392779414,ea_event,,{"type":"fill_log","seq":80,"ea_time_ms":95015062,"magic":22260201,"deal_ticket":800000061,"order_ticket":9053,"position_id":900000031,"entry_type":"IN","deal_type":"SELL","side":"S","layer_index":3,"role":"EXT","deal_price":1.11789,"order_price_open":null,"slippage_pips":null,"volume":0.00,"profit":0.00,"swap":0.00,"commission":0.00,"deal_time_broker":"2026-10-07 17:06:19","deal_time_broker_msc":1791392779000,"halted_at_receipt":false,"quarantined_at_receipt":false}
9,-1,1791392780051,ea_event,,{"type":"fill_log","seq":81,"ea_time_ms":95015062,"magic":22260201,"deal_ticket":800000062,"order_ticket":700000062,"position_id":900000029,"entry_type":"OUT_BY","deal_type":"SELL","side":null,"layer_index":null,"role":null,"deal_price":1.11789,"order_price_open":null,"slippage_pips":null,"volume":0.00,"profit":1.06,"swap":0.00,"commission":0.00,"deal_time_broker":"2026-10-07 17:06:20","deal_time_broker_msc":1791392780000,"halted_at_receipt":false,"quarantined_at_receipt":false}
9,-1,1791392780051,ea_event,,{"type":"fill_log","seq":82,"ea_time_ms":95015062,"magic":22260201,"deal_ticket":800000063,"order_ticket":700000062,"position_id":900000031,"entry_type":"OUT_BY","deal_type":"SELL","side":null,"layer_index":null,"role":null,"deal_price":1.11895,"order_price_open":null,"slippage_pips":null,"volume":0.00,"profit":0.00,"swap":0.00,"commission":0.00,"deal_time_broker":"2026-10-07 17:06:20","deal_time_broker_msc":1791392780000,"halted_at_receipt":false,"quarantined_at_receipt":false}
9,-1,1791392780051,scalp,SCALP_CLOSED,{"close_time":"2026-10-07T17:06:20Z","instrument":"EURUSD","direction":"SHORT","entry_price":1.11895,"exit_price":1.11789,"layer_depth":3,"stack_depth":4,"gross_pnl":1.06,"instance_id":"GRIND_EURUSD_OPTB","ejected":false,"rolled":false,"broker_utc_offset_s":10800,"account_login":53077984}
9,-1,1791394791719,ea_event,,{"type":"fill_log","seq":83,"ea_time_ms":95015156,"magic":22260201,"deal_ticket":800000064,"order_ticket":9058,"position_id":900000032,"entry_type":"IN","deal_type":"SELL","side":"S","layer_index":3,"role":"ENT","deal_price":1.11897,"order_price_open":null,"slippage_pips":null,"volume":0.00,"profit":0.00,"swap":0.00,"commission":0.00,"deal_time_broker":"2026-10-07 17:39:51","deal_time_broker_msc":1791394791000,"halted_at_receipt":false,"quarantined_at_receipt":false}
9,-1,1791395472363,ea_event,,{"type":"fill_log","seq":84,"ea_time_ms":95015187,"magic":22260201,"deal_ticket":800000065,"order_ticket":9055,"position_id":900000033,"entry_type":"IN","deal_type":"BUY","side":"L","layer_index":8,"role":"EXT","deal_price":1.11934,"order_price_open":null,"slippage_pips":null,"volume":0.00,"profit":0.00,"swap":0.00,"commission":0.00,"deal_time_broker":"2026-10-07 17:51:12","deal_time_broker_msc":1791395472000,"halted_at_receipt":false,"quarantined_at_receipt":false}
9,-1,1791395472994,ea_event,,{"type":"fill_log","seq":85,"ea_time_ms":95015187,"magic":22260201,"deal_ticket":800000066,"order_ticket":700000066,"position_id":900000030,"entry_type":"OUT_BY","deal_type":"SELL","side":null,"layer_index":null,"role":null,"deal_price":1.11934,"order_price_open":null,"slippage_pips":null,"volume":0.00,"profit":1.02,"swap":0.00,"commission":0.00,"deal_time_broker":"2026-10-07 17:51:12","deal_time_broker_msc":1791395472000,"halted_at_receipt":false,"quarantined_at_receipt":false}
9,-1,1791395472994,ea_event,,{"type":"fill_log","seq":86,"ea_time_ms":95015187,"magic":22260201,"deal_ticket":800000067,"order_ticket":700000066,"position_id":900000033,"entry_type":"OUT_BY","deal_type":"SELL","side":null,"layer_index":null,"role":null,"deal_price":1.11832,"order_price_open":null,"slippage_pips":null,"volume":0.00,"profit":0.00,"swap":0.00,"commission":0.00,"deal_time_broker":"2026-10-07 17:51:12","deal_time_broker_msc":1791395472000,"halted_at_receipt":false,"quarantined_at_receipt":false}
9,-1,1791395472994,scalp,SCALP_CLOSED,{"close_time":"2026-10-07T17:51:12Z","instrument":"EURUSD","direction":"LONG","entry_price":1.11832,"exit_price":1.11934,"layer_depth":8,"stack_depth":7,"gross_pnl":1.02,"instance_id":"GRIND_EURUSD_OPTB","ejected":false,"rolled":false,"broker_utc_offset_s":10800,"account_login":53077984}
9,-1,1791396795378,ea_event,,{"type":"fill_log","seq":87,"ea_time_ms":95015250,"magic":22260201,"deal_ticket":800000068,"order_ticket":9060,"position_id":900000034,"entry_type":"IN","deal_type":"SELL","side":"S","layer_index":4,"role":"ENT","deal_price":1.11979,"order_price_open":null,"slippage_pips":null,"volume":0.00,"profit":0.00,"swap":0.00,"commission":0.00,"deal_time_broker":"2026-10-07 18:13:15","deal_time_broker_msc":1791396795000,"halted_at_receipt":false,"quarantined_at_receipt":false}
9,-1,1791397574369,ea_event,,{"type":"fill_log","seq":88,"ea_time_ms":95015296,"magic":22260201,"deal_ticket":800000069,"order_ticket":9063,"position_id":900000035,"entry_type":"IN","deal_type":"SELL","side":"S","layer_index":4,"role":"EXT","deal_price":1.11879,"order_price_open":null,"slippage_pips":null,"volume":0.00,"profit":0.00,"swap":0.00,"commission":0.00,"deal_time_broker":"2026-10-07 18:26:14","deal_time_broker_msc":1791397574000,"halted_at_receipt":false,"quarantined_at_receipt":false}
9,-1,1791397574805,ea_event,,{"type":"fill_log","seq":89,"ea_time_ms":95015296,"magic":22260201,"deal_ticket":800000070,"order_ticket":700000070,"position_id":900000034,"entry_type":"OUT_BY","deal_type":"SELL","side":null,"layer_index":null,"role":null,"deal_price":1.11879,"order_price_open":null,"slippage_pips":null,"volume":0.00,"profit":1.00,"swap":0.00,"commission":0.00,"deal_time_broker":"2026-10-07 18:26:14","deal_time_broker_msc":1791397574000,"halted_at_receipt":false,"quarantined_at_receipt":false}
9,-1,1791397574805,ea_event,,{"type":"fill_log","seq":90,"ea_time_ms":95015296,"magic":22260201,"deal_ticket":800000071,"order_ticket":700000070,"position_id":900000035,"entry_type":"OUT_BY","deal_type":"SELL","side":null,"layer_index":null,"role":null,"deal_price":1.11979,"order_price_open":null,"slippage_pips":null,"volume":0.00,"profit":0.00,"swap":0.00,"commission":0.00,"deal_time_broker":"2026-10-07 18:26:14","deal_time_broker_msc":1791397574000,"halted_at_receipt":false,"quarantined_at_receipt":false}
9,-1,1791397574805,scalp,SCALP_CLOSED,{"close_time":"2026-10-07T18:26:14Z","instrument":"EURUSD","direction":"SHORT","entry_price":1.11979,"exit_price":1.11879,"layer_depth":4,"stack_depth":5,"gross_pnl":1.00,"instance_id":"GRIND_EURUSD_OPTB","ejected":false,"rolled":false,"broker_utc_offset_s":10800,"account_login":53077984}
9,-1,1791398976738,ea_event,,{"type":"fill_log","seq":91,"ea_time_ms":95015343,"magic":22260201,"deal_ticket":800000072,"order_ticket":9062,"position_id":900000036,"entry_type":"IN","deal_type":"BUY","side":"L","layer_index":8,"role":"ENT","deal_price":1.11835,"order_price_open":null,"slippage_pips":null,"volume":0.00,"profit":0.00,"swap":0.00,"commission":0.00,"deal_time_broker":"2026-10-07 18:49:36","deal_time_broker_msc":1791398976000,"halted_at_receipt":false,"quarantined_at_receipt":false}
9,-1,1791400065219,ea_event,,{"type":"fill_log","seq":92,"ea_time_ms":95015390,"magic":22260201,"deal_ticket":800000073,"order_ticket":9067,"position_id":900000037,"entry_type":"IN","deal_type":"BUY","side":"L","layer_index":8,"role":"EXT","deal_price":1.11935,"order_price_open":null,"slippage_pips":null,"volume":0.00,"profit":0.00,"swap":0.00,"commission":0.00,"deal_time_broker":"2026-10-07 19:07:45","deal_time_broker_msc":1791400065000,"halted_at_receipt":false,"quarantined_at_receipt":false}
9,-1,1791400065653,ea_event,,{"type":"fill_log","seq":93,"ea_time_ms":95015390,"magic":22260201,"deal_ticket":800000074,"order_ticket":700000074,"position_id":900000036,"entry_type":"OUT_BY","deal_type":"SELL","side":null,"layer_index":null,"role":null,"deal_price":1.11935,"order_price_open":null,"slippage_pips":null,"volume":0.00,"profit":1.00,"swap":0.00,"commission":0.00,"deal_time_broker":"2026-10-07 19:07:45","deal_time_broker_msc":1791400065000,"halted_at_receipt":false,"quarantined_at_receipt":false}
9,-1,1791400065653,ea_event,,{"type":"fill_log","seq":94,"ea_time_ms":95015390,"magic":22260201,"deal_ticket":800000075,"order_ticket":700000074,"position_id":900000037,"entry_type":"OUT_BY","deal_type":"SELL","side":null,"layer_index":null,"role":null,"deal_price":1.11835,"order_price_open":null,"slippage_pips":null,"volume":0.00,"profit":0.00,"swap":0.00,"commission":0.00,"deal_time_broker":"2026-10-07 19:07:45","deal_time_broker_msc":1791400065000,"halted_at_receipt":false,"quarantined_at_receipt":false}
9,-1,1791400065653,scalp,SCALP_CLOSED,{"close_time":"2026-10-07T19:07:45Z","instrument":"EURUSD","direction":"LONG","entry_price":1.11835,"exit_price":1.11935,"layer_depth":8,"stack_depth":7,"gross_pnl":1.00,"instance_id":"GRIND_EURUSD_OPTB","ejected":false,"rolled":false,"broker_utc_offset_s":10800,"account_login":53077984}
9,-1,1791400732791,ea_event,,{"type":"fill_log","seq":95,"ea_time_ms":95015406,"magic":22260201,"deal_ticket":800000076,"order_ticket":9066,"position_id":900000038,"entry_type":"IN","deal_type":"SELL","side":"S","layer_index":4,"role":"ENT","deal_price":1.11969,"order_price_open":null,"slippage_pips":null,"volume":0.00,"profit":0.00,"swap":0.00,"commission":0.00,"deal_time_broker":"2026-10-07 19:18:52","deal_time_broker_msc":1791400732000,"halted_at_receipt":false,"quarantined_at_receipt":false}
9,-1,1791417020000,ea_event,CARRY_SNAPSHOT,{"type":"ea_event","seq":96,"ea_time_ms":95015953,"magic":null,"level":"INFO","code":"CARRY_SNAPSHOT","reason":"EURUSD","ticket":null,"detail":{"symbol":"EURUSD","swap_mode":1,"swap_long":-7.9900,"swap_short":1.3100,"multiplier":3,"day_of_week":3,"rollover3days":3,"digits":5,"point":0.00001000,"tick_value":1.00000000,"tick_size":0.00001000,"stops_level":0,"freeze_level":0,"long_pips":-2.397,"short_pips":0.393,"eligible_long":6,"eligible_short":5,"trade_mode_full":true,"mult_today":3,"mult_tomorrow":1,"accrued_swap_long":0.00,"accrued_swap_short":0.00}}
9,-1,1791417020000,ea_event,CARRY_EXIT_SHIFT,{"type":"ea_event","seq":97,"ea_time_ms":95015953,"magic":null,"level":"INFO","code":"CARRY_EXIT_SHIFT","reason":"EURUSD","ticket":null,"detail":{"position_ticket":1975880441,"side":"long","layer_index":0,"accrued_ledger_pips":-5.700,"pending_pips":-0.799,"accrued_pips_total":-6.499,"old_price":1.12080,"new_price":1.12072,"clamped":false,"sign_guard_skipped":false,"retcode":10009,"points_native_pips":-5.593}}
9,-1,1791417020000,ea_event,CARRY_EXIT_SHIFT,{"type":"ea_event","seq":98,"ea_time_ms":95015953,"magic":null,"level":"INFO","code":"CARRY_EXIT_SHIFT","reason":"EURUSD","ticket":null,"detail":{"position_ticket":1990103611,"side":"long","layer_index":3,"accrued_ledger_pips":-0.800,"pending_pips":-0.799,"accrued_pips_total":-1.599,"old_price":1.12381,"new_price":1.12373,"clamped":false,"sign_guard_skipped":false,"retcode":10009,"points_native_pips":-0.799}}
9,-1,1791417200000,ea_event,CARRY_EXIT_SHIFT,{"type":"ea_event","seq":99,"ea_time_ms":95015953,"magic":null,"level":"INFO","code":"CARRY_EXIT_SHIFT","reason":"EURUSD","ticket":null,"detail":{"position_ticket":900000024,"side":"short","layer_index":0,"accrued_ledger_pips":0.000,"pending_pips":0.131,"accrued_pips_total":0.131,"old_price":1.11585,"new_price":1.11586,"clamped":false,"sign_guard_skipped":false,"retcode":10009,"points_native_pips":0.131}}
9,-1,1791417320000,ea_event,CARRY_EXIT_SHIFT,{"type":"ea_event","seq":100,"ea_time_ms":95015953,"magic":null,"level":"INFO","code":"CARRY_EXIT_SHIFT","reason":"EURUSD","ticket":null,"detail":{"position_ticket":900000038,"side":"short","layer_index":4,"accrued_ledger_pips":0.000,"pending_pips":0.131,"accrued_pips_total":0.131,"old_price":1.11869,"new_price":1.11870,"clamped":false,"sign_guard_skipped":false,"retcode":10009,"points_native_pips":0.131}}
9,-1,1791417320000,ea_event,CARRY_PASS_SUMMARY,{"type":"ea_event","seq":101,"ea_time_ms":95015953,"magic":null,"level":"INFO","code":"CARRY_PASS_SUMMARY","reason":"EURUSD","ticket":null,"detail":{"eligible":11,"shifted":4,"clamped":0,"skipped":0,"failed":0,"incomplete":false}}
9,-1,1791434485884,ea_event,,{"type":"fill_log","seq":102,"ea_time_ms":95016218,"magic":22260201,"deal_ticket":800000077,"order_ticket":9072,"position_id":900000039,"entry_type":"IN","deal_type":"SELL","side":"S","layer_index":5,"role":"ENT","deal_price":1.12039,"order_price_open":null,"slippage_pips":null,"volume":0.00,"profit":0.00,"swap":0.00,"commission":0.00,"deal_time_broker":"2026-10-08 04:41:25","deal_time_broker_msc":1791434485000,"halted_at_receipt":false,"quarantined_at_receipt":false}
9,-1,1791434950848,ea_event,,{"type":"fill_log","seq":103,"ea_time_ms":95016218,"magic":22260201,"deal_ticket":800000078,"order_ticket":9069,"position_id":900000040,"entry_type":"IN","deal_type":"BUY","side":"L","layer_index":0,"role":"EXT","deal_price":1.12073,"order_price_open":null,"slippage_pips":null,"volume":0.00,"profit":0.00,"swap":0.00,"commission":0.00,"deal_time_broker":"2026-10-08 04:49:10","deal_time_broker_msc":1791434950000,"halted_at_receipt":false,"quarantined_at_receipt":false}
9,-1,1791434951284,ea_event,,{"type":"fill_log","seq":104,"ea_time_ms":95016218,"magic":22260201,"deal_ticket":800000079,"order_ticket":700000079,"position_id":1975880441,"entry_type":"OUT_BY","deal_type":"SELL","side":null,"layer_index":null,"role":null,"deal_price":1.12073,"order_price_open":null,"slippage_pips":null,"volume":0.00,"profit":-15.97,"swap":-0.81,"commission":0.00,"deal_time_broker":"2026-10-08 04:49:11","deal_time_broker_msc":1791434951000,"halted_at_receipt":false,"quarantined_at_receipt":false}
9,-1,1791434951284,ea_event,ROLL_FILLED,{"type":"ea_event","seq":105,"ea_time_ms":95016218,"magic":null,"level":"INFO","code":"ROLL_FILLED","reason":null,"ticket":1975880441,"detail":{"ticket":1975880441,"level":1.11907}}
9,-1,1791434951284,ea_event,,{"type":"fill_log","seq":106,"ea_time_ms":95016218,"magic":22260201,"deal_ticket":800000080,"order_ticket":700000079,"position_id":900000040,"entry_type":"OUT_BY","deal_type":"SELL","side":null,"layer_index":null,"role":null,"deal_price":1.13670,"order_price_open":null,"slippage_pips":null,"volume":0.00,"profit":0.00,"swap":0.00,"commission":0.00,"deal_time_broker":"2026-10-08 04:49:11","deal_time_broker_msc":1791434951000,"halted_at_receipt":false,"quarantined_at_receipt":false}
9,-1,1791434951284,scalp,SCALP_CLOSED,{"close_time":"2026-10-08T04:49:11Z","instrument":"EURUSD","direction":"LONG","entry_price":1.13670,"exit_price":1.12073,"layer_depth":0,"stack_depth":6,"gross_pnl":-16.78,"instance_id":"GRIND_EURUSD_OPTB","ejected":false,"rolled":true,"broker_utc_offset_s":10800,"account_login":53077984}
9,-1,1791435510877,ea_event,,{"type":"fill_log","seq":107,"ea_time_ms":95016234,"magic":22260201,"deal_ticket":800000081,"order_ticket":9075,"position_id":900000041,"entry_type":"IN","deal_type":"BUY","side":"L","layer_index":7,"role":"EXT","deal_price":1.12085,"order_price_open":null,"slippage_pips":null,"volume":0.00,"profit":0.00,"swap":0.00,"commission":0.00,"deal_time_broker":"2026-10-08 04:58:30","deal_time_broker_msc":1791435510000,"halted_at_receipt":false,"quarantined_at_receipt":false}
9,-1,1791435511919,ea_event,,{"type":"fill_log","seq":108,"ea_time_ms":95016234,"magic":22260201,"deal_ticket":800000082,"order_ticket":700000082,"position_id":1991578986,"entry_type":"OUT_BY","deal_type":"SELL","side":null,"layer_index":null,"role":null,"deal_price":1.12085,"order_price_open":null,"slippage_pips":null,"volume":0.00,"profit":-3.12,"swap":-0.24,"commission":0.00,"deal_time_broker":"2026-10-08 04:58:31","deal_time_broker_msc":1791435511000,"halted_at_receipt":false,"quarantined_at_receipt":false}
9,-1,1791435511919,ea_event,ROLL_FILLED,{"type":"ea_event","seq":109,"ea_time_ms":95016234,"magic":null,"level":"INFO","code":"ROLL_FILLED","reason":null,"ticket":1991578986,"detail":{"ticket":1991578986,"level":1.11977}}
9,-1,1791435511919,ea_event,,{"type":"fill_log","seq":110,"ea_time_ms":95016234,"magic":22260201,"deal_ticket":800000083,"order_ticket":700000082,"position_id":900000041,"entry_type":"OUT_BY","deal_type":"SELL","side":null,"layer_index":null,"role":null,"deal_price":1.12397,"order_price_open":null,"slippage_pips":null,"volume":0.00,"profit":0.00,"swap":0.00,"commission":0.00,"deal_time_broker":"2026-10-08 04:58:31","deal_time_broker_msc":1791435511000,"halted_at_receipt":false,"quarantined_at_receipt":false}
9,-1,1791435511919,scalp,SCALP_CLOSED,{"close_time":"2026-10-08T04:58:31Z","instrument":"EURUSD","direction":"LONG","entry_price":1.12397,"exit_price":1.12085,"layer_depth":7,"stack_depth":5,"gross_pnl":-3.36,"instance_id":"GRIND_EURUSD_OPTB","ejected":false,"rolled":true,"broker_utc_offset_s":10800,"account_login":53077984}
9,-1,1791436501147,ea_event,,{"type":"fill_log","seq":111,"ea_time_ms":95016250,"magic":22260201,"deal_ticket":800000084,"order_ticket":9074,"position_id":900000042,"entry_type":"IN","deal_type":"SELL","side":"S","layer_index":6,"role":"ENT","deal_price":1.12109,"order_price_open":null,"slippage_pips":null,"volume":0.00,"profit":0.00,"swap":0.00,"commission":0.00,"deal_time_broker":"2026-10-08 05:15:01","deal_time_broker_msc":1791436501000,"halted_at_receipt":false,"quarantined_at_receipt":false}
9,-1,1791439279787,ea_event,,{"type":"fill_log","seq":112,"ea_time_ms":95016312,"magic":22260201,"deal_ticket":800000085,"order_ticket":9078,"position_id":900000043,"entry_type":"IN","deal_type":"SELL","side":"S","layer_index":6,"role":"EXT","deal_price":1.12009,"order_price_open":null,"slippage_pips":null,"volume":0.00,"profit":0.00,"swap":0.00,"commission":0.00,"deal_time_broker":"2026-10-08 06:01:19","deal_time_broker_msc":1791439279000,"halted_at_receipt":false,"quarantined_at_receipt":false}
9,-1,1791439281028,ea_event,,{"type":"fill_log","seq":113,"ea_time_ms":95016312,"magic":22260201,"deal_ticket":800000086,"order_ticket":700000086,"position_id":900000042,"entry_type":"OUT_BY","deal_type":"SELL","side":null,"layer_index":null,"role":null,"deal_price":1.12009,"order_price_open":null,"slippage_pips":null,"volume":0.00,"profit":1.00,"swap":0.00,"commission":0.00,"deal_time_broker":"2026-10-08 06:01:21","deal_time_broker_msc":1791439281000,"halted_at_receipt":false,"quarantined_at_receipt":false}
9,-1,1791439281028,ea_event,,{"type":"fill_log","seq":114,"ea_time_ms":95016312,"magic":22260201,"deal_ticket":800000087,"order_ticket":700000086,"position_id":900000043,"entry_type":"OUT_BY","deal_type":"SELL","side":null,"layer_index":null,"role":null,"deal_price":1.12109,"order_price_open":null,"slippage_pips":null,"volume":0.00,"profit":0.00,"swap":0.00,"commission":0.00,"deal_time_broker":"2026-10-08 06:01:21","deal_time_broker_msc":1791439281000,"halted_at_receipt":false,"quarantined_at_receipt":false}
9,-1,1791439281028,scalp,SCALP_CLOSED,{"close_time":"2026-10-08T06:01:21Z","instrument":"EURUSD","direction":"SHORT","entry_price":1.12109,"exit_price":1.12009,"layer_depth":6,"stack_depth":7,"gross_pnl":1.00,"instance_id":"GRIND_EURUSD_OPTB","ejected":false,"rolled":false,"broker_utc_offset_s":10800,"account_login":53077984}
9,-1,1791449451159,ea_event,,{"type":"fill_log","seq":115,"ea_time_ms":95016453,"magic":22260201,"deal_ticket":800000088,"order_ticket":9077,"position_id":900000044,"entry_type":"IN","deal_type":"BUY","side":"L","layer_index":7,"role":"ENT","deal_price":1.11975,"order_price_open":null,"slippage_pips":null,"volume":0.00,"profit":0.00,"swap":0.00,"commission":0.00,"deal_time_broker":"2026-10-08 08:50:51","deal_time_broker_msc":1791449451000,"halted_at_receipt":false,"quarantined_at_receipt":false}
9,-1,1791449696070,ea_event,,{"type":"fill_log","seq":116,"ea_time_ms":95016453,"magic":22260201,"deal_ticket":800000089,"order_ticket":9080,"position_id":900000045,"entry_type":"IN","deal_type":"SELL","side":"S","layer_index":5,"role":"EXT","deal_price":1.11939,"order_price_open":null,"slippage_pips":null,"volume":0.00,"profit":0.00,"swap":0.00,"commission":0.00,"deal_time_broker":"2026-10-08 08:54:56","deal_time_broker_msc":1791449696000,"halted_at_receipt":false,"quarantined_at_receipt":false}
9,-1,1791449696719,ea_event,,{"type":"fill_log","seq":117,"ea_time_ms":95016453,"magic":22260201,"deal_ticket":800000090,"order_ticket":700000090,"position_id":900000039,"entry_type":"OUT_BY","deal_type":"SELL","side":null,"layer_index":null,"role":null,"deal_price":1.11939,"order_price_open":null,"slippage_pips":null,"volume":0.00,"profit":1.00,"swap":0.00,"commission":0.00,"deal_time_broker":"2026-10-08 08:54:56","deal_time_broker_msc":1791449696000,"halted_at_receipt":false,"quarantined_at_receipt":false}
9,-1,1791449696719,ea_event,,{"type":"fill_log","seq":118,"ea_time_ms":95016453,"magic":22260201,"deal_ticket":800000091,"order_ticket":700000090,"position_id":900000045,"entry_type":"OUT_BY","deal_type":"SELL","side":null,"layer_index":null,"role":null,"deal_price":1.12039,"order_price_open":null,"slippage_pips":null,"volume":0.00,"profit":0.00,"swap":0.00,"commission":0.00,"deal_time_broker":"2026-10-08 08:54:56","deal_time_broker_msc":1791449696000,"halted_at_receipt":false,"quarantined_at_receipt":false}
9,-1,1791449696719,scalp,SCALP_CLOSED,{"close_time":"2026-10-08T08:54:56Z","instrument":"EURUSD","direction":"SHORT","entry_price":1.12039,"exit_price":1.11939,"layer_depth":5,"stack_depth":6,"gross_pnl":1.00,"instance_id":"GRIND_EURUSD_OPTB","ejected":false,"rolled":false,"broker_utc_offset_s":10800,"account_login":53077984}
9,-1,1791450426910,ea_event,,{"type":"fill_log","seq":119,"ea_time_ms":95016484,"magic":22260201,"deal_ticket":800000092,"order_ticket":9083,"position_id":900000046,"entry_type":"IN","deal_type":"BUY","side":"L","layer_index":8,"role":"ENT","deal_price":1.11905,"order_price_open":null,"slippage_pips":null,"volume":0.00,"profit":0.00,"swap":0.00,"commission":0.00,"deal_time_broker":"2026-10-08 09:07:06","deal_time_broker_msc":1791450426000,"halted_at_receipt":false,"quarantined_at_receipt":false}
9,-1,1791451397935,ea_event,,{"type":"fill_log","seq":120,"ea_time_ms":95016515,"magic":22260201,"deal_ticket":800000093,"order_ticket":9086,"position_id":900000047,"entry_type":"IN","deal_type":"BUY","side":"L","layer_index":8,"role":"EXT","deal_price":1.12006,"order_price_open":null,"slippage_pips":null,"volume":0.00,"profit":0.00,"swap":0.00,"commission":0.00,"deal_time_broker":"2026-10-08 09:23:17","deal_time_broker_msc":1791451397000,"halted_at_receipt":false,"quarantined_at_receipt":false}
9,-1,1791451398373,ea_event,,{"type":"fill_log","seq":121,"ea_time_ms":95016515,"magic":22260201,"deal_ticket":800000094,"order_ticket":700000094,"position_id":900000046,"entry_type":"OUT_BY","deal_type":"SELL","side":null,"layer_index":null,"role":null,"deal_price":1.12006,"order_price_open":null,"slippage_pips":null,"volume":0.00,"profit":1.01,"swap":0.00,"commission":0.00,"deal_time_broker":"2026-10-08 09:23:18","deal_time_broker_msc":1791451398000,"halted_at_receipt":false,"quarantined_at_receipt":false}
9,-1,1791451398373,ea_event,,{"type":"fill_log","seq":122,"ea_time_ms":95016515,"magic":22260201,"deal_ticket":800000095,"order_ticket":700000094,"position_id":900000047,"entry_type":"OUT_BY","deal_type":"SELL","side":null,"layer_index":null,"role":null,"deal_price":1.11905,"order_price_open":null,"slippage_pips":null,"volume":0.00,"profit":0.00,"swap":0.00,"commission":0.00,"deal_time_broker":"2026-10-08 09:23:18","deal_time_broker_msc":1791451398000,"halted_at_receipt":false,"quarantined_at_receipt":false}
9,-1,1791451398373,scalp,SCALP_CLOSED,{"close_time":"2026-10-08T09:23:18Z","instrument":"EURUSD","direction":"LONG","entry_price":1.11905,"exit_price":1.12006,"layer_depth":8,"stack_depth":6,"gross_pnl":1.01,"instance_id":"GRIND_EURUSD_OPTB","ejected":false,"rolled":false,"broker_utc_offset_s":10800,"account_login":53077984}
9,-1,1791452485936,ea_event,,{"type":"fill_log","seq":123,"ea_time_ms":95016562,"magic":22260201,"deal_ticket":800000096,"order_ticket":9085,"position_id":900000048,"entry_type":"IN","deal_type":"SELL","side":"S","layer_index":5,"role":"ENT","deal_price":1.12040,"order_price_open":null,"slippage_pips":null,"volume":0.00,"profit":0.00,"swap":0.00,"commission":0.00,"deal_time_broker":"2026-10-08 09:41:25","deal_time_broker_msc":1791452485000,"halted_at_receipt":false,"quarantined_at_receipt":false}
9,-1,1791453370713,ea_event,,{"type":"fill_log","seq":124,"ea_time_ms":95016578,"magic":22260201,"deal_ticket":800000097,"order_ticket":9090,"position_id":900000049,"entry_type":"IN","deal_type":"SELL","side":"S","layer_index":5,"role":"EXT","deal_price":1.11939,"order_price_open":null,"slippage_pips":null,"volume":0.00,"profit":0.00,"swap":0.00,"commission":0.00,"deal_time_broker":"2026-10-08 09:56:10","deal_time_broker_msc":1791453370000,"halted_at_receipt":false,"quarantined_at_receipt":false}
9,-1,1791453371746,ea_event,,{"type":"fill_log","seq":125,"ea_time_ms":95016578,"magic":22260201,"deal_ticket":800000098,"order_ticket":700000098,"position_id":900000048,"entry_type":"OUT_BY","deal_type":"SELL","side":null,"layer_index":null,"role":null,"deal_price":1.11939,"order_price_open":null,"slippage_pips":null,"volume":0.00,"profit":1.01,"swap":0.00,"commission":0.00,"deal_time_broker":"2026-10-08 09:56:11","deal_time_broker_msc":1791453371000,"halted_at_receipt":false,"quarantined_at_receipt":false}
9,-1,1791453371746,ea_event,,{"type":"fill_log","seq":126,"ea_time_ms":95016578,"magic":22260201,"deal_ticket":800000099,"order_ticket":700000098,"position_id":900000049,"entry_type":"OUT_BY","deal_type":"SELL","side":null,"layer_index":null,"role":null,"deal_price":1.12040,"order_price_open":null,"slippage_pips":null,"volume":0.00,"profit":0.00,"swap":0.00,"commission":0.00,"deal_time_broker":"2026-10-08 09:56:11","deal_time_broker_msc":1791453371000,"halted_at_receipt":false,"quarantined_at_receipt":false}
9,-1,1791453371746,scalp,SCALP_CLOSED,{"close_time":"2026-10-08T09:56:11Z","instrument":"EURUSD","direction":"SHORT","entry_price":1.12040,"exit_price":1.11939,"layer_depth":5,"stack_depth":6,"gross_pnl":1.01,"instance_id":"GRIND_EURUSD_OPTB","ejected":false,"rolled":false,"broker_utc_offset_s":10800,"account_login":53077984}
9,-1,1791453603769,ea_event,,{"type":"fill_log","seq":127,"ea_time_ms":95016593,"magic":22260201,"deal_ticket":800000100,"order_ticket":9089,"position_id":900000050,"entry_type":"IN","deal_type":"BUY","side":"L","layer_index":8,"role":"ENT","deal_price":1.11905,"order_price_open":null,"slippage_pips":null,"volume":0.00,"profit":0.00,"swap":0.00,"commission":0.00,"deal_time_broker":"2026-10-08 10:00:03","deal_time_broker_msc":1791453603000,"halted_at_receipt":false,"quarantined_at_receipt":false}
9,-1,1791453666881,ea_event,,{"type":"fill_log","seq":128,"ea_time_ms":95016593,"magic":22260201,"deal_ticket":800000101,"order_ticket":9092,"position_id":900000051,"entry_type":"IN","deal_type":"SELL","side":"S","layer_index":4,"role":"EXT","deal_price":1.11870,"order_price_open":null,"slippage_pips":null,"volume":0.00,"profit":0.00,"swap":0.00,"commission":0.00,"deal_time_broker":"2026-10-08 10:01:06","deal_time_broker_msc":1791453666000,"halted_at_receipt":false,"quarantined_at_receipt":false}
9,-1,1791453667714,ea_event,,{"type":"fill_log","seq":129,"ea_time_ms":95016593,"magic":22260201,"deal_ticket":800000102,"order_ticket":700000102,"position_id":900000038,"entry_type":"OUT_BY","deal_type":"SELL","side":null,"layer_index":null,"role":null,"deal_price":1.11870,"order_price_open":null,"slippage_pips":null,"volume":0.00,"profit":0.99,"swap":0.04,"commission":0.00,"deal_time_broker":"2026-10-08 10:01:07","deal_time_broker_msc":1791453667000,"halted_at_receipt":false,"quarantined_at_receipt":false}
9,-1,1791453667714,ea_event,,{"type":"fill_log","seq":130,"ea_time_ms":95016593,"magic":22260201,"deal_ticket":800000103,"order_ticket":700000102,"position_id":900000051,"entry_type":"OUT_BY","deal_type":"SELL","side":null,"layer_index":null,"role":null,"deal_price":1.11969,"order_price_open":null,"slippage_pips":null,"volume":0.00,"profit":0.00,"swap":0.00,"commission":0.00,"deal_time_broker":"2026-10-08 10:01:07","deal_time_broker_msc":1791453667000,"halted_at_receipt":false,"quarantined_at_receipt":false}
9,-1,1791453667714,scalp,SCALP_CLOSED,{"close_time":"2026-10-08T10:01:07Z","instrument":"EURUSD","direction":"SHORT","entry_price":1.11969,"exit_price":1.11870,"layer_depth":4,"stack_depth":5,"gross_pnl":1.03,"instance_id":"GRIND_EURUSD_OPTB","ejected":false,"rolled":false,"broker_utc_offset_s":10800,"account_login":53077984}
9,-1,1791453996364,ea_event,,{"type":"fill_log","seq":131,"ea_time_ms":95016609,"magic":22260201,"deal_ticket":800000104,"order_ticket":9095,"position_id":900000052,"entry_type":"IN","deal_type":"BUY","side":"L","layer_index":9,"role":"ENT","deal_price":1.11830,"order_price_open":null,"slippage_pips":null,"volume":0.00,"profit":0.00,"swap":0.00,"commission":0.00,"deal_time_broker":"2026-10-08 10:06:36","deal_time_broker_msc":1791453996000,"halted_at_receipt":false,"quarantined_at_receipt":false}
9,-1,1791454435072,ea_event,,{"type":"fill_log","seq":132,"ea_time_ms":95016640,"magic":22260201,"deal_ticket":800000105,"order_ticket":9098,"position_id":900000053,"entry_type":"IN","deal_type":"BUY","side":"L","layer_index":9,"role":"EXT","deal_price":1.11933,"order_price_open":null,"slippage_pips":null,"volume":0.00,"profit":0.00,"swap":0.00,"commission":0.00,"deal_time_broker":"2026-10-08 10:13:55","deal_time_broker_msc":1791454435000,"halted_at_receipt":false,"quarantined_at_receipt":false}
9,-1,1791454435501,ea_event,,{"type":"fill_log","seq":133,"ea_time_ms":95016640,"magic":22260201,"deal_ticket":800000106,"order_ticket":700000106,"position_id":900000052,"entry_type":"OUT_BY","deal_type":"SELL","side":null,"layer_index":null,"role":null,"deal_price":1.11933,"order_price_open":null,"slippage_pips":null,"volume":0.00,"profit":1.03,"swap":0.00,"commission":0.00,"deal_time_broker":"2026-10-08 10:13:55","deal_time_broker_msc":1791454435000,"halted_at_receipt":false,"quarantined_at_receipt":false}
9,-1,1791454435501,ea_event,,{"type":"fill_log","seq":134,"ea_time_ms":95016640,"magic":22260201,"deal_ticket":800000107,"order_ticket":700000106,"position_id":900000053,"entry_type":"OUT_BY","deal_type":"SELL","side":null,"layer_index":null,"role":null,"deal_price":1.11830,"order_price_open":null,"slippage_pips":null,"volume":0.00,"profit":0.00,"swap":0.00,"commission":0.00,"deal_time_broker":"2026-10-08 10:13:55","deal_time_broker_msc":1791454435000,"halted_at_receipt":false,"quarantined_at_receipt":false}
9,-1,1791454435501,scalp,SCALP_CLOSED,{"close_time":"2026-10-08T10:13:55Z","instrument":"EURUSD","direction":"LONG","entry_price":1.11830,"exit_price":1.11933,"layer_depth":9,"stack_depth":7,"gross_pnl":1.03,"instance_id":"GRIND_EURUSD_OPTB","ejected":false,"rolled":false,"broker_utc_offset_s":10800,"account_login":53077984}
9,-1,1791455101011,ea_event,,{"type":"fill_log","seq":135,"ea_time_ms":95016671,"magic":22260201,"deal_ticket":800000108,"order_ticket":9097,"position_id":900000054,"entry_type":"IN","deal_type":"SELL","side":"S","layer_index":4,"role":"ENT","deal_price":1.11966,"order_price_open":null,"slippage_pips":null,"volume":0.00,"profit":0.00,"swap":0.00,"commission":0.00,"deal_time_broker":"2026-10-08 10:25:01","deal_time_broker_msc":1791455101000,"halted_at_receipt":false,"quarantined_at_receipt":false}
9,-1,1791459006768,ea_event,,{"type":"fill_log","seq":136,"ea_time_ms":95016796,"magic":22260201,"deal_ticket":800000109,"order_ticket":9100,"position_id":900000055,"entry_type":"IN","deal_type":"BUY","side":"L","layer_index":8,"role":"EXT","deal_price":1.12004,"order_price_open":null,"slippage_pips":null,"volume":0.00,"profit":0.00,"swap":0.00,"commission":0.00,"deal_time_broker":"2026-10-08 11:30:06","deal_time_broker_msc":1791459006000,"halted_at_receipt":false,"quarantined_at_receipt":false}
9,-1,1791459007402,ea_event,,{"type":"fill_log","seq":137,"ea_time_ms":95016796,"magic":22260201,"deal_ticket":800000110,"order_ticket":700000110,"position_id":900000050,"entry_type":"OUT_BY","deal_type":"SELL","side":null,"layer_index":null,"role":null,"deal_price":1.12004,"order_price_open":null,"slippage_pips":null,"volume":0.00,"profit":0.99,"swap":0.00,"commission":0.00,"deal_time_broker":"2026-10-08 11:30:07","deal_time_broker_msc":1791459007000,"halted_at_receipt":false,"quarantined_at_receipt":false}
9,-1,1791459007402,ea_event,,{"type":"fill_log","seq":138,"ea_time_ms":95016796,"magic":22260201,"deal_ticket":800000111,"order_ticket":700000110,"position_id":900000055,"entry_type":"OUT_BY","deal_type":"SELL","side":null,"layer_index":null,"role":null,"deal_price":1.11905,"order_price_open":null,"slippage_pips":null,"volume":0.00,"profit":0.00,"swap":0.00,"commission":0.00,"deal_time_broker":"2026-10-08 11:30:07","deal_time_broker_msc":1791459007000,"halted_at_receipt":false,"quarantined_at_receipt":false}
9,-1,1791459007402,scalp,SCALP_CLOSED,{"close_time":"2026-10-08T11:30:07Z","instrument":"EURUSD","direction":"LONG","entry_price":1.11905,"exit_price":1.12004,"layer_depth":8,"stack_depth":6,"gross_pnl":0.99,"instance_id":"GRIND_EURUSD_OPTB","ejected":false,"rolled":false,"broker_utc_offset_s":10800,"account_login":53077984}
9,-1,1791459232307,ea_event,,{"type":"fill_log","seq":139,"ea_time_ms":95016796,"magic":22260201,"deal_ticket":800000112,"order_ticket":9105,"position_id":900000056,"entry_type":"IN","deal_type":"BUY","side":"L","layer_index":8,"role":"ENT","deal_price":1.11904,"order_price_open":null,"slippage_pips":null,"volume":0.00,"profit":0.00,"swap":0.00,"commission":0.00,"deal_time_broker":"2026-10-08 11:33:52","deal_time_broker_msc":1791459232000,"halted_at_receipt":false,"quarantined_at_receipt":false}
9,-1,1791459447645,ea_event,,{"type":"fill_log","seq":140,"ea_time_ms":95016812,"magic":22260201,"deal_ticket":800000113,"order_ticket":9102,"position_id":900000057,"entry_type":"IN","deal_type":"SELL","side":"S","layer_index":4,"role":"EXT","deal_price":1.11866,"order_price_open":null,"slippage_pips":null,"volume":0.00,"profit":0.00,"swap":0.00,"commission":0.00,"deal_time_broker":"2026-10-08 11:37:27","deal_time_broker_msc":1791459447000,"halted_at_receipt":false,"quarantined_at_receipt":false}
9,-1,1791459448280,ea_event,,{"type":"fill_log","seq":141,"ea_time_ms":95016812,"magic":22260201,"deal_ticket":800000114,"order_ticket":700000114,"position_id":900000054,"entry_type":"OUT_BY","deal_type":"SELL","side":null,"layer_index":null,"role":null,"deal_price":1.11866,"order_price_open":null,"slippage_pips":null,"volume":0.00,"profit":1.00,"swap":0.00,"commission":0.00,"deal_time_broker":"2026-10-08 11:37:28","deal_time_broker_msc":1791459448000,"halted_at_receipt":false,"quarantined_at_receipt":false}
9,-1,1791459448280,ea_event,,{"type":"fill_log","seq":142,"ea_time_ms":95016812,"magic":22260201,"deal_ticket":800000115,"order_ticket":700000114,"position_id":900000057,"entry_type":"OUT_BY","deal_type":"SELL","side":null,"layer_index":null,"role":null,"deal_price":1.11966,"order_price_open":null,"slippage_pips":null,"volume":0.00,"profit":0.00,"swap":0.00,"commission":0.00,"deal_time_broker":"2026-10-08 11:37:28","deal_time_broker_msc":1791459448000,"halted_at_receipt":false,"quarantined_at_receipt":false}
9,-1,1791459448280,scalp,SCALP_CLOSED,{"close_time":"2026-10-08T11:37:28Z","instrument":"EURUSD","direction":"SHORT","entry_price":1.11966,"exit_price":1.11866,"layer_depth":4,"stack_depth":5,"gross_pnl":1.00,"instance_id":"GRIND_EURUSD_OPTB","ejected":false,"rolled":false,"broker_utc_offset_s":10800,"account_login":53077984}
9,-1,1791461551286,ea_event,,{"type":"fill_log","seq":143,"ea_time_ms":95016890,"magic":22260201,"deal_ticket":800000116,"order_ticket":9107,"position_id":900000058,"entry_type":"IN","deal_type":"BUY","side":"L","layer_index":9,"role":"ENT","deal_price":1.11834,"order_price_open":null,"slippage_pips":null,"volume":0.00,"profit":0.00,"swap":0.00,"commission":0.00,"deal_time_broker":"2026-10-08 12:12:31","deal_time_broker_msc":1791461551000,"halted_at_receipt":false,"quarantined_at_receipt":false}
9,-1,1791464690419,ea_event,,{"type":"fill_log","seq":144,"ea_time_ms":95016984,"magic":22260201,"deal_ticket":800000117,"order_ticket":9108,"position_id":900000059,"entry_type":"IN","deal_type":"SELL","side":"S","layer_index":3,"role":"EXT","deal_price":1.11797,"order_price_open":null,"slippage_pips":null,"volume":0.00,"profit":0.00,"swap":0.00,"commission":0.00,"deal_time_broker":"2026-10-08 13:04:50","deal_time_broker_msc":1791464690000,"halted_at_receipt":false,"quarantined_at_receipt":false}
9,-1,1791464691048,ea_event,,{"type":"fill_log","seq":145,"ea_time_ms":95016984,"magic":22260201,"deal_ticket":800000118,"order_ticket":700000118,"position_id":900000032,"entry_type":"OUT_BY","deal_type":"SELL","side":null,"layer_index":null,"role":null,"deal_price":1.11797,"order_price_open":null,"slippage_pips":null,"volume":0.00,"profit":1.00,"swap":0.04,"commission":0.00,"deal_time_broker":"2026-10-08 13:04:51","deal_time_broker_msc":1791464691000,"halted_at_receipt":false,"quarantined_at_receipt":false}
9,-1,1791464691048,ea_event,,{"type":"fill_log","seq":146,"ea_time_ms":95016984,"magic":22260201,"deal_ticket":800000119,"order_ticket":700000118,"position_id":900000059,"entry_type":"OUT_BY","deal_type":"SELL","side":null,"layer_index":null,"role":null,"deal_price":1.11897,"order_price_open":null,"slippage_pips":null,"volume":0.00,"profit":0.00,"swap":0.00,"commission":0.00,"deal_time_broker":"2026-10-08 13:04:51","deal_time_broker_msc":1791464691000,"halted_at_receipt":false,"quarantined_at_receipt":false}
9,-1,1791464691048,scalp,SCALP_CLOSED,{"close_time":"2026-10-08T13:04:51Z","instrument":"EURUSD","direction":"SHORT","entry_price":1.11897,"exit_price":1.11797,"layer_depth":3,"stack_depth":4,"gross_pnl":1.04,"instance_id":"GRIND_EURUSD_OPTB","ejected":false,"rolled":false,"broker_utc_offset_s":10800,"account_login":53077984}
9,-1,1791466467000,ea_event,,{"type":"fill_log","seq":147,"ea_time_ms":95017031,"magic":22260201,"deal_ticket":800000120,"order_ticket":9111,"position_id":900000060,"entry_type":"IN","deal_type":"BUY","side":"L","layer_index":10,"role":"ENT","deal_price":1.11762,"order_price_open":null,"slippage_pips":null,"volume":0.00,"profit":0.00,"swap":0.00,"commission":0.00,"deal_time_broker":"2026-10-08 13:34:27","deal_time_broker_msc":1791466467000,"halted_at_receipt":false,"quarantined_at_receipt":false}
9,-1,1791467575152,ea_event,,{"type":"fill_log","seq":148,"ea_time_ms":95017046,"magic":22260201,"deal_ticket":800000121,"order_ticket":9114,"position_id":900000061,"entry_type":"IN","deal_type":"BUY","side":"L","layer_index":10,"role":"EXT","deal_price":1.11862,"order_price_open":null,"slippage_pips":null,"volume":0.00,"profit":0.00,"swap":0.00,"commission":0.00,"deal_time_broker":"2026-10-08 13:52:55","deal_time_broker_msc":1791467575000,"halted_at_receipt":false,"quarantined_at_receipt":false}
9,-1,1791467575993,ea_event,,{"type":"fill_log","seq":149,"ea_time_ms":95017046,"magic":22260201,"deal_ticket":800000122,"order_ticket":700000122,"position_id":900000060,"entry_type":"OUT_BY","deal_type":"SELL","side":null,"layer_index":null,"role":null,"deal_price":1.11862,"order_price_open":null,"slippage_pips":null,"volume":0.00,"profit":1.00,"swap":0.00,"commission":0.00,"deal_time_broker":"2026-10-08 13:52:55","deal_time_broker_msc":1791467575000,"halted_at_receipt":false,"quarantined_at_receipt":false}
9,-1,1791467575993,ea_event,,{"type":"fill_log","seq":150,"ea_time_ms":95017046,"magic":22260201,"deal_ticket":800000123,"order_ticket":700000122,"position_id":900000061,"entry_type":"OUT_BY","deal_type":"SELL","side":null,"layer_index":null,"role":null,"deal_price":1.11762,"order_price_open":null,"slippage_pips":null,"volume":0.00,"profit":0.00,"swap":0.00,"commission":0.00,"deal_time_broker":"2026-10-08 13:52:55","deal_time_broker_msc":1791467575000,"halted_at_receipt":false,"quarantined_at_receipt":false}
9,-1,1791467575993,scalp,SCALP_CLOSED,{"close_time":"2026-10-08T13:52:55Z","instrument":"EURUSD","direction":"LONG","entry_price":1.11762,"exit_price":1.11862,"layer_depth":10,"stack_depth":8,"gross_pnl":1.00,"instance_id":"GRIND_EURUSD_OPTB","ejected":false,"rolled":false,"broker_utc_offset_s":10800,"account_login":53077984}
9,-1,1791468392799,ea_event,,{"type":"fill_log","seq":151,"ea_time_ms":95017078,"magic":22260201,"deal_ticket":800000124,"order_ticket":9116,"position_id":900000062,"entry_type":"IN","deal_type":"BUY","side":"L","layer_index":10,"role":"ENT","deal_price":1.11761,"order_price_open":null,"slippage_pips":null,"volume":0.00,"profit":0.00,"swap":0.00,"commission":0.00,"deal_time_broker":"2026-10-08 14:06:32","deal_time_broker_msc":1791468392000,"halted_at_receipt":false,"quarantined_at_receipt":false}
9,-1,1791470161114,ea_event,,{"type":"fill_log","seq":152,"ea_time_ms":95017125,"magic":22260201,"deal_ticket":800000125,"order_ticket":9112,"position_id":900000063,"entry_type":"IN","deal_type":"SELL","side":"S","layer_index":2,"role":"EXT","deal_price":1.11725,"order_price_open":null,"slippage_pips":null,"volume":0.00,"profit":0.00,"swap":0.00,"commission":0.00,"deal_time_broker":"2026-10-08 14:36:01","deal_time_broker_msc":1791470161000,"halted_at_receipt":false,"quarantined_at_receipt":false}
9,-1,1791470163953,ea_event,,{"type":"fill_log","seq":153,"ea_time_ms":95017125,"magic":22260201,"deal_ticket":800000126,"order_ticket":700000126,"position_id":900000027,"entry_type":"OUT_BY","deal_type":"SELL","side":null,"layer_index":null,"role":null,"deal_price":1.11725,"order_price_open":null,"slippage_pips":null,"volume":0.00,"profit":1.01,"swap":0.04,"commission":0.00,"deal_time_broker":"2026-10-08 14:36:03","deal_time_broker_msc":1791470163000,"halted_at_receipt":false,"quarantined_at_receipt":false}
9,-1,1791470163953,ea_event,,{"type":"fill_log","seq":154,"ea_time_ms":95017125,"magic":22260201,"deal_ticket":800000127,"order_ticket":700000126,"position_id":900000063,"entry_type":"OUT_BY","deal_type":"SELL","side":null,"layer_index":null,"role":null,"deal_price":1.11826,"order_price_open":null,"slippage_pips":null,"volume":0.00,"profit":0.00,"swap":0.00,"commission":0.00,"deal_time_broker":"2026-10-08 14:36:03","deal_time_broker_msc":1791470163000,"halted_at_receipt":false,"quarantined_at_receipt":false}
9,-1,1791470163953,scalp,SCALP_CLOSED,{"close_time":"2026-10-08T14:36:03Z","instrument":"EURUSD","direction":"SHORT","entry_price":1.11826,"exit_price":1.11725,"layer_depth":2,"stack_depth":3,"gross_pnl":1.05,"instance_id":"GRIND_EURUSD_OPTB","ejected":false,"rolled":false,"broker_utc_offset_s":10800,"account_login":53077984}
9,-1,1791470603991,ea_event,,{"type":"fill_log","seq":155,"ea_time_ms":95017156,"magic":22260201,"deal_ticket":800000128,"order_ticket":9119,"position_id":900000064,"entry_type":"IN","deal_type":"SELL","side":"S","layer_index":2,"role":"ENT","deal_price":1.11825,"order_price_open":null,"slippage_pips":null,"volume":0.00,"profit":0.00,"swap":0.00,"commission":0.00,"deal_time_broker":"2026-10-08 14:43:23","deal_time_broker_msc":1791470603000,"halted_at_receipt":false,"quarantined_at_receipt":false}
9,-1,1791471999972,ea_event,,{"type":"fill_log","seq":156,"ea_time_ms":95017203,"magic":22260201,"deal_ticket":800000129,"order_ticket":9117,"position_id":900000065,"entry_type":"IN","deal_type":"BUY","side":"L","layer_index":10,"role":"EXT","deal_price":1.11861,"order_price_open":null,"slippage_pips":null,"volume":0.00,"profit":0.00,"swap":0.00,"commission":0.00,"deal_time_broker":"2026-10-08 15:06:39","deal_time_broker_msc":1791471999000,"halted_at_receipt":false,"quarantined_at_receipt":false}
9,-1,1791472000403,ea_event,,{"type":"fill_log","seq":157,"ea_time_ms":95017203,"magic":22260201,"deal_ticket":800000130,"order_ticket":700000130,"position_id":900000062,"entry_type":"OUT_BY","deal_type":"SELL","side":null,"layer_index":null,"role":null,"deal_price":1.11861,"order_price_open":null,"slippage_pips":null,"volume":0.00,"profit":1.00,"swap":0.00,"commission":0.00,"deal_time_broker":"2026-10-08 15:06:40","deal_time_broker_msc":1791472000000,"halted_at_receipt":false,"quarantined_at_receipt":false}
9,-1,1791472000403,ea_event,,{"type":"fill_log","seq":158,"ea_time_ms":95017203,"magic":22260201,"deal_ticket":800000131,"order_ticket":700000130,"position_id":900000065,"entry_type":"OUT_BY","deal_type":"SELL","side":null,"layer_index":null,"role":null,"deal_price":1.11761,"order_price_open":null,"slippage_pips":null,"volume":0.00,"profit":0.00,"swap":0.00,"commission":0.00,"deal_time_broker":"2026-10-08 15:06:40","deal_time_broker_msc":1791472000000,"halted_at_receipt":false,"quarantined_at_receipt":false}
9,-1,1791472000403,scalp,SCALP_CLOSED,{"close_time":"2026-10-08T15:06:40Z","instrument":"EURUSD","direction":"LONG","entry_price":1.11761,"exit_price":1.11861,"layer_depth":10,"stack_depth":8,"gross_pnl":1.00,"instance_id":"GRIND_EURUSD_OPTB","ejected":false,"rolled":false,"broker_utc_offset_s":10800,"account_login":53077984}
9,-1,1791472640375,ea_event,,{"type":"fill_log","seq":159,"ea_time_ms":95017234,"magic":22260201,"deal_ticket":800000132,"order_ticket":9121,"position_id":900000066,"entry_type":"IN","deal_type":"SELL","side":"S","layer_index":3,"role":"ENT","deal_price":1.11896,"order_price_open":null,"slippage_pips":null,"volume":0.00,"profit":0.00,"swap":0.00,"commission":0.00,"deal_time_broker":"2026-10-08 15:17:20","deal_time_broker_msc":1791472640000,"halted_at_receipt":false,"quarantined_at_receipt":false}
9,-1,1791473106242,ea_event,,{"type":"fill_log","seq":160,"ea_time_ms":95017250,"magic":22260201,"deal_ticket":800000133,"order_ticket":9122,"position_id":900000067,"entry_type":"IN","deal_type":"BUY","side":"L","layer_index":9,"role":"EXT","deal_price":1.11935,"order_price_open":null,"slippage_pips":null,"volume":0.00,"profit":0.00,"swap":0.00,"commission":0.00,"deal_time_broker":"2026-10-08 15:25:06","deal_time_broker_msc":1791473106000,"halted_at_receipt":false,"quarantined_at_receipt":false}
9,-1,1791473106674,ea_event,,{"type":"fill_log","seq":161,"ea_time_ms":95017250,"magic":22260201,"deal_ticket":800000134,"order_ticket":700000134,"position_id":900000058,"entry_type":"OUT_BY","deal_type":"SELL","side":null,"layer_index":null,"role":null,"deal_price":1.11935,"order_price_open":null,"slippage_pips":null,"volume":0.00,"profit":1.01,"swap":0.00,"commission":0.00,"deal_time_broker":"2026-10-08 15:25:06","deal_time_broker_msc":1791473106000,"halted_at_receipt":false,"quarantined_at_receipt":false}
9,-1,1791473106674,ea_event,,{"type":"fill_log","seq":162,"ea_time_ms":95017250,"magic":22260201,"deal_ticket":800000135,"order_ticket":700000134,"position_id":900000067,"entry_type":"OUT_BY","deal_type":"SELL","side":null,"layer_index":null,"role":null,"deal_price":1.11834,"order_price_open":null,"slippage_pips":null,"volume":0.00,"profit":0.00,"swap":0.00,"commission":0.00,"deal_time_broker":"2026-10-08 15:25:06","deal_time_broker_msc":1791473106000,"halted_at_receipt":false,"quarantined_at_receipt":false}
9,-1,1791473106674,scalp,SCALP_CLOSED,{"close_time":"2026-10-08T15:25:06Z","instrument":"EURUSD","direction":"LONG","entry_price":1.11834,"exit_price":1.11935,"layer_depth":9,"stack_depth":7,"gross_pnl":1.01,"instance_id":"GRIND_EURUSD_OPTB","ejected":false,"rolled":false,"broker_utc_offset_s":10800,"account_login":53077984}
9,-1,1791473340631,ea_event,,{"type":"fill_log","seq":163,"ea_time_ms":95017250,"magic":22260201,"deal_ticket":800000136,"order_ticket":9125,"position_id":900000068,"entry_type":"IN","deal_type":"SELL","side":"S","layer_index":4,"role":"ENT","deal_price":1.11967,"order_price_open":null,"slippage_pips":null,"volume":0.00,"profit":0.00,"swap":0.00,"commission":0.00,"deal_time_broker":"2026-10-08 15:29:00","deal_time_broker_msc":1791473340000,"halted_at_receipt":false,"quarantined_at_receipt":false}
9,-1,1791474244570,ea_event,,{"type":"fill_log","seq":164,"ea_time_ms":95017296,"magic":22260201,"deal_ticket":800000137,"order_ticket":9128,"position_id":900000069,"entry_type":"IN","deal_type":"SELL","side":"S","layer_index":4,"role":"EXT","deal_price":1.11865,"order_price_open":null,"slippage_pips":null,"volume":0.00,"profit":0.00,"swap":0.00,"commission":0.00,"deal_time_broker":"2026-10-08 15:44:04","deal_time_broker_msc":1791474244000,"halted_at_receipt":false,"quarantined_at_receipt":false}
9,-1,1791474247633,ea_event,,{"type":"fill_log","seq":165,"ea_time_ms":95017296,"magic":22260201,"deal_ticket":800000138,"order_ticket":700000138,"position_id":900000068,"entry_type":"OUT_BY","deal_type":"SELL","side":null,"layer_index":null,"role":null,"deal_price":1.11865,"order_price_open":null,"slippage_pips":null,"volume":0.00,"profit":1.02,"swap":0.00,"commission":0.00,"deal_time_broker":"2026-10-08 15:44:07","deal_time_broker_msc":1791474247000,"halted_at_receipt":false,"quarantined_at_receipt":false}
9,-1,1791474247633,ea_event,,{"type":"fill_log","seq":166,"ea_time_ms":95017296,"magic":22260201,"deal_ticket":800000139,"order_ticket":700000138,"position_id":900000069,"entry_type":"OUT_BY","deal_type":"SELL","side":null,"layer_index":null,"role":null,"deal_price":1.11967,"order_price_open":null,"slippage_pips":null,"volume":0.00,"profit":0.00,"swap":0.00,"commission":0.00,"deal_time_broker":"2026-10-08 15:44:07","deal_time_broker_msc":1791474247000,"halted_at_receipt":false,"quarantined_at_receipt":false}
9,-1,1791474247633,scalp,SCALP_CLOSED,{"close_time":"2026-10-08T15:44:07Z","instrument":"EURUSD","direction":"SHORT","entry_price":1.11967,"exit_price":1.11865,"layer_depth":4,"stack_depth":5,"gross_pnl":1.02,"instance_id":"GRIND_EURUSD_OPTB","ejected":false,"rolled":false,"broker_utc_offset_s":10800,"account_login":53077984}
9,-1,1791474915820,ea_event,,{"type":"fill_log","seq":167,"ea_time_ms":95017328,"magic":22260201,"deal_ticket":800000140,"order_ticket":9127,"position_id":900000070,"entry_type":"IN","deal_type":"BUY","side":"L","layer_index":9,"role":"ENT","deal_price":1.11833,"order_price_open":null,"slippage_pips":null,"volume":0.00,"profit":0.00,"swap":0.00,"commission":0.00,"deal_time_broker":"2026-10-08 15:55:15","deal_time_broker_msc":1791474915000,"halted_at_receipt":false,"quarantined_at_receipt":false}
9,-1,1791475691745,ea_event,,{"type":"fill_log","seq":168,"ea_time_ms":95017359,"magic":22260201,"deal_ticket":800000141,"order_ticket":9132,"position_id":900000071,"entry_type":"IN","deal_type":"BUY","side":"L","layer_index":9,"role":"EXT","deal_price":1.11933,"order_price_open":null,"slippage_pips":null,"volume":0.00,"profit":0.00,"swap":0.00,"commission":0.00,"deal_time_broker":"2026-10-08 16:08:11","deal_time_broker_msc":1791475691000,"halted_at_receipt":false,"quarantined_at_receipt":false}
9,-1,1791475692372,ea_event,,{"type":"fill_log","seq":169,"ea_time_ms":95017359,"magic":22260201,"deal_ticket":800000142,"order_ticket":700000142,"position_id":900000070,"entry_type":"OUT_BY","deal_type":"SELL","side":null,"layer_index":null,"role":null,"deal_price":1.11933,"order_price_open":null,"slippage_pips":null,"volume":0.00,"profit":1.00,"swap":0.00,"commission":0.00,"deal_time_broker":"2026-10-08 16:08:12","deal_time_broker_msc":1791475692000,"halted_at_receipt":false,"quarantined_at_receipt":false}
9,-1,1791475692372,ea_event,,{"type":"fill_log","seq":170,"ea_time_ms":95017359,"magic":22260201,"deal_ticket":800000143,"order_ticket":700000142,"position_id":900000071,"entry_type":"OUT_BY","deal_type":"SELL","side":null,"layer_index":null,"role":null,"deal_price":1.11833,"order_price_open":null,"slippage_pips":null,"volume":0.00,"profit":0.00,"swap":0.00,"commission":0.00,"deal_time_broker":"2026-10-08 16:08:12","deal_time_broker_msc":1791475692000,"halted_at_receipt":false,"quarantined_at_receipt":false}
9,-1,1791475692372,scalp,SCALP_CLOSED,{"close_time":"2026-10-08T16:08:12Z","instrument":"EURUSD","direction":"LONG","entry_price":1.11833,"exit_price":1.11933,"layer_depth":9,"stack_depth":7,"gross_pnl":1.00,"instance_id":"GRIND_EURUSD_OPTB","ejected":false,"rolled":false,"broker_utc_offset_s":10800,"account_login":53077984}
9,-1,1791477171225,ea_event,,{"type":"fill_log","seq":171,"ea_time_ms":95017437,"magic":22260201,"deal_ticket":800000144,"order_ticket":9131,"position_id":900000072,"entry_type":"IN","deal_type":"SELL","side":"S","layer_index":4,"role":"ENT","deal_price":1.11966,"order_price_open":null,"slippage_pips":null,"volume":0.00,"profit":0.00,"swap":0.00,"commission":0.00,"deal_time_broker":"2026-10-08 16:32:51","deal_time_broker_msc":1791477171000,"halted_at_receipt":false,"quarantined_at_receipt":false}
9,-1,1791479275175,ea_event,,{"type":"fill_log","seq":172,"ea_time_ms":95017531,"magic":22260201,"deal_ticket":800000145,"order_ticket":9134,"position_id":900000073,"entry_type":"IN","deal_type":"BUY","side":"L","layer_index":8,"role":"EXT","deal_price":1.12004,"order_price_open":null,"slippage_pips":null,"volume":0.00,"profit":0.00,"swap":0.00,"commission":0.00,"deal_time_broker":"2026-10-08 17:07:55","deal_time_broker_msc":1791479275000,"halted_at_receipt":false,"quarantined_at_receipt":false}
9,-1,1791479275608,ea_event,,{"type":"fill_log","seq":173,"ea_time_ms":95017531,"magic":22260201,"deal_ticket":800000146,"order_ticket":700000146,"position_id":900000056,"entry_type":"OUT_BY","deal_type":"SELL","side":null,"layer_index":null,"role":null,"deal_price":1.12004,"order_price_open":null,"slippage_pips":null,"volume":0.00,"profit":1.00,"swap":0.00,"commission":0.00,"deal_time_broker":"2026-10-08 17:07:55","deal_time_broker_msc":1791479275000,"halted_at_receipt":false,"quarantined_at_receipt":false}
9,-1,1791479275608,ea_event,,{"type":"fill_log","seq":174,"ea_time_ms":95017531,"magic":22260201,"deal_ticket":800000147,"order_ticket":700000146,"position_id":900000073,"entry_type":"OUT_BY","deal_type":"SELL","side":null,"layer_index":null,"role":null,"deal_price":1.11904,"order_price_open":null,"slippage_pips":null,"volume":0.00,"profit":0.00,"swap":0.00,"commission":0.00,"deal_time_broker":"2026-10-08 17:07:55","deal_time_broker_msc":1791479275000,"halted_at_receipt":false,"quarantined_at_receipt":false}
9,-1,1791479275608,scalp,SCALP_CLOSED,{"close_time":"2026-10-08T17:07:55Z","instrument":"EURUSD","direction":"LONG","entry_price":1.11904,"exit_price":1.12004,"layer_depth":8,"stack_depth":6,"gross_pnl":1.00,"instance_id":"GRIND_EURUSD_OPTB","ejected":false,"rolled":false,"broker_utc_offset_s":10800,"account_login":53077984}
9,-1,1791479928412,ea_event,,{"type":"fill_log","seq":175,"ea_time_ms":95017562,"magic":22260201,"deal_ticket":800000148,"order_ticket":9137,"position_id":900000074,"entry_type":"IN","deal_type":"SELL","side":"S","layer_index":5,"role":"ENT","deal_price":1.12036,"order_price_open":null,"slippage_pips":null,"volume":0.00,"profit":0.00,"swap":0.00,"commission":0.00,"deal_time_broker":"2026-10-08 17:18:48","deal_time_broker_msc":1791479928000,"halted_at_receipt":false,"quarantined_at_receipt":false}
9,-1,1791480267983,ea_event,,{"type":"fill_log","seq":176,"ea_time_ms":95017578,"magic":22260201,"deal_ticket":800000149,"order_ticket":9138,"position_id":900000075,"entry_type":"IN","deal_type":"BUY","side":"L","layer_index":7,"role":"EXT","deal_price":1.12075,"order_price_open":null,"slippage_pips":null,"volume":0.00,"profit":0.00,"swap":0.00,"commission":0.00,"deal_time_broker":"2026-10-08 17:24:27","deal_time_broker_msc":1791480267000,"halted_at_receipt":false,"quarantined_at_receipt":false}
9,-1,1791480268414,ea_event,,{"type":"fill_log","seq":177,"ea_time_ms":95017578,"magic":22260201,"deal_ticket":800000150,"order_ticket":700000150,"position_id":900000044,"entry_type":"OUT_BY","deal_type":"SELL","side":null,"layer_index":null,"role":null,"deal_price":1.12075,"order_price_open":null,"slippage_pips":null,"volume":0.00,"profit":1.00,"swap":0.00,"commission":0.00,"deal_time_broker":"2026-10-08 17:24:28","deal_time_broker_msc":1791480268000,"halted_at_receipt":false,"quarantined_at_receipt":false}
9,-1,1791480268414,ea_event,,{"type":"fill_log","seq":178,"ea_time_ms":95017578,"magic":22260201,"deal_ticket":800000151,"order_ticket":700000150,"position_id":900000075,"entry_type":"OUT_BY","deal_type":"SELL","side":null,"layer_index":null,"role":null,"deal_price":1.11975,"order_price_open":null,"slippage_pips":null,"volume":0.00,"profit":0.00,"swap":0.00,"commission":0.00,"deal_time_broker":"2026-10-08 17:24:28","deal_time_broker_msc":1791480268000,"halted_at_receipt":false,"quarantined_at_receipt":false}
9,-1,1791480268414,scalp,SCALP_CLOSED,{"close_time":"2026-10-08T17:24:28Z","instrument":"EURUSD","direction":"LONG","entry_price":1.11975,"exit_price":1.12075,"layer_depth":7,"stack_depth":5,"gross_pnl":1.00,"instance_id":"GRIND_EURUSD_OPTB","ejected":false,"rolled":false,"broker_utc_offset_s":10800,"account_login":53077984}
9,-1,1791480323677,ea_event,,{"type":"fill_log","seq":179,"ea_time_ms":95017578,"magic":22260201,"deal_ticket":800000152,"order_ticket":9141,"position_id":900000076,"entry_type":"IN","deal_type":"SELL","side":"S","layer_index":6,"role":"ENT","deal_price":1.12107,"order_price_open":null,"slippage_pips":null,"volume":0.00,"profit":0.00,"swap":0.00,"commission":0.00,"deal_time_broker":"2026-10-08 17:25:23","deal_time_broker_msc":1791480323000,"halted_at_receipt":false,"quarantined_at_receipt":false}
9,-1,1791480533418,ea_event,,{"type":"fill_log","seq":180,"ea_time_ms":95017593,"magic":22260201,"deal_ticket":800000153,"order_ticket":9142,"position_id":900000077,"entry_type":"IN","deal_type":"BUY","side":"L","layer_index":6,"role":"EXT","deal_price":1.12154,"order_price_open":null,"slippage_pips":null,"volume":0.00,"profit":0.00,"swap":0.00,"commission":0.00,"deal_time_broker":"2026-10-08 17:28:53","deal_time_broker_msc":1791480533000,"halted_at_receipt":false,"quarantined_at_receipt":false}
9,-1,1791480534456,ea_event,,{"type":"fill_log","seq":181,"ea_time_ms":95017593,"magic":22260201,"deal_ticket":800000154,"order_ticket":700000154,"position_id":1991426477,"entry_type":"OUT_BY","deal_type":"SELL","side":null,"layer_index":null,"role":null,"deal_price":1.12154,"order_price_open":null,"slippage_pips":null,"volume":0.00,"profit":-3.13,"swap":-0.24,"commission":0.00,"deal_time_broker":"2026-10-08 17:28:54","deal_time_broker_msc":1791480534000,"halted_at_receipt":false,"quarantined_at_receipt":false}
9,-1,1791480534456,ea_event,ROLL_FILLED,{"type":"ea_event","seq":182,"ea_time_ms":95017593,"magic":null,"level":"INFO","code":"ROLL_FILLED","reason":null,"ticket":1991426477,"detail":{"ticket":1991426477,"level":1.12047}}
9,-1,1791480534456,ea_event,,{"type":"fill_log","seq":183,"ea_time_ms":95017593,"magic":22260201,"deal_ticket":800000155,"order_ticket":700000154,"position_id":900000077,"entry_type":"OUT_BY","deal_type":"SELL","side":null,"layer_index":null,"role":null,"deal_price":1.12467,"order_price_open":null,"slippage_pips":null,"volume":0.00,"profit":0.00,"swap":0.00,"commission":0.00,"deal_time_broker":"2026-10-08 17:28:54","deal_time_broker_msc":1791480534000,"halted_at_receipt":false,"quarantined_at_receipt":false}
9,-1,1791480534456,scalp,SCALP_CLOSED,{"close_time":"2026-10-08T17:28:54Z","instrument":"EURUSD","direction":"LONG","entry_price":1.12467,"exit_price":1.12154,"layer_depth":6,"stack_depth":4,"gross_pnl":-3.37,"instance_id":"GRIND_EURUSD_OPTB","ejected":false,"rolled":true,"broker_utc_offset_s":10800,"account_login":53077984}
9,-1,1791480640486,ea_event,,{"type":"fill_log","seq":184,"ea_time_ms":95017593,"magic":22260201,"deal_ticket":800000156,"order_ticket":9145,"position_id":900000078,"entry_type":"IN","deal_type":"SELL","side":"S","layer_index":7,"role":"ENT","deal_price":1.12177,"order_price_open":null,"slippage_pips":null,"volume":0.00,"profit":0.00,"swap":0.00,"commission":0.00,"deal_time_broker":"2026-10-08 17:30:40","deal_time_broker_msc":1791480640000,"halted_at_receipt":false,"quarantined_at_receipt":false}
9,-1,1791480830281,ea_event,,{"type":"fill_log","seq":185,"ea_time_ms":95017593,"magic":22260201,"deal_ticket":800000157,"order_ticket":9146,"position_id":900000079,"entry_type":"IN","deal_type":"BUY","side":"L","layer_index":5,"role":"EXT","deal_price":1.12225,"order_price_open":null,"slippage_pips":null,"volume":0.00,"profit":0.00,"swap":0.00,"commission":0.00,"deal_time_broker":"2026-10-08 17:33:50","deal_time_broker_msc":1791480830000,"halted_at_receipt":false,"quarantined_at_receipt":false}
9,-1,1791480830713,ea_event,,{"type":"fill_log","seq":186,"ea_time_ms":95017609,"magic":22260201,"deal_ticket":800000158,"order_ticket":700000158,"position_id":1990743177,"entry_type":"OUT_BY","deal_type":"SELL","side":null,"layer_index":null,"role":null,"deal_price":1.12225,"order_price_open":null,"slippage_pips":null,"volume":0.00,"profit":-3.09,"swap":-0.24,"commission":0.00,"deal_time_broker":"2026-10-08 17:33:50","deal_time_broker_msc":1791480830000,"halted_at_receipt":false,"quarantined_at_receipt":false}
9,-1,1791480830713,ea_event,ROLL_FILLED,{"type":"ea_event","seq":187,"ea_time_ms":95017609,"magic":null,"level":"INFO","code":"ROLL_FILLED","reason":null,"ticket":1990743177,"detail":{"ticket":1990743177,"level":1.12117}}
9,-1,1791480830713,ea_event,,{"type":"fill_log","seq":188,"ea_time_ms":95017609,"magic":22260201,"deal_ticket":800000159,"order_ticket":700000158,"position_id":900000079,"entry_type":"OUT_BY","deal_type":"SELL","side":null,"layer_index":null,"role":null,"deal_price":1.12534,"order_price_open":null,"slippage_pips":null,"volume":0.00,"profit":0.00,"swap":0.00,"commission":0.00,"deal_time_broker":"2026-10-08 17:33:50","deal_time_broker_msc":1791480830000,"halted_at_receipt":false,"quarantined_at_receipt":false}
9,-1,1791480830713,scalp,SCALP_CLOSED,{"close_time":"2026-10-08T17:33:50Z","instrument":"EURUSD","direction":"LONG","entry_price":1.12534,"exit_price":1.12225,"layer_depth":5,"stack_depth":3,"gross_pnl":-3.33,"instance_id":"GRIND_EURUSD_OPTB","ejected":false,"rolled":true,"broker_utc_offset_s":10800,"account_login":53077984}
9,-1,1791480873449,ea_event,ROLL_DEFERRED,{"type":"ea_event","seq":189,"ea_time_ms":95017609,"magic":null,"level":"INFO","code":"ROLL_DEFERRED","reason":"S","ticket":null,"detail":{"side":"S","depth":8,"opposite_depth":2,"gate":0,"level":1.12247,"market":1.12247}}
9,-1,1791481985895,ea_event,,{"type":"fill_log","seq":190,"ea_time_ms":95017640,"magic":22260201,"deal_ticket":800000160,"order_ticket":9150,"position_id":900000080,"entry_type":"IN","deal_type":"BUY","side":"L","layer_index":5,"role":"ENT","deal_price":1.12116,"order_price_open":null,"slippage_pips":null,"volume":0.00,"profit":0.00,"swap":0.00,"commission":0.00,"deal_time_broker":"2026-10-08 17:53:05","deal_time_broker_msc":1791481985000,"halted_at_receipt":false,"quarantined_at_receipt":false}
9,-1,1791482295970,ea_event,,{"type":"fill_log","seq":191,"ea_time_ms":95017656,"magic":22260201,"deal_ticket":800000161,"order_ticket":9148,"position_id":900000081,"entry_type":"IN","deal_type":"SELL","side":"S","layer_index":7,"role":"EXT","deal_price":1.12078,"order_price_open":null,"slippage_pips":null,"volume":0.00,"profit":0.00,"swap":0.00,"commission":0.00,"deal_time_broker":"2026-10-08 17:58:15","deal_time_broker_msc":1791482295000,"halted_at_receipt":false,"quarantined_at_receipt":false}
9,-1,1791482296403,ea_event,,{"type":"fill_log","seq":192,"ea_time_ms":95017656,"magic":22260201,"deal_ticket":800000162,"order_ticket":700000162,"position_id":900000078,"entry_type":"OUT_BY","deal_type":"SELL","side":null,"layer_index":null,"role":null,"deal_price":1.12078,"order_price_open":null,"slippage_pips":null,"volume":0.00,"profit":0.99,"swap":0.00,"commission":0.00,"deal_time_broker":"2026-10-08 17:58:16","deal_time_broker_msc":1791482296000,"halted_at_receipt":false,"quarantined_at_receipt":false}
9,-1,1791482296403,ea_event,,{"type":"fill_log","seq":193,"ea_time_ms":95017656,"magic":22260201,"deal_ticket":800000163,"order_ticket":700000162,"position_id":900000081,"entry_type":"OUT_BY","deal_type":"SELL","side":null,"layer_index":null,"role":null,"deal_price":1.12177,"order_price_open":null,"slippage_pips":null,"volume":0.00,"profit":0.00,"swap":0.00,"commission":0.00,"deal_time_broker":"2026-10-08 17:58:16","deal_time_broker_msc":1791482296000,"halted_at_receipt":false,"quarantined_at_receipt":false}
9,-1,1791482296403,scalp,SCALP_CLOSED,{"close_time":"2026-10-08T17:58:16Z","instrument":"EURUSD","direction":"SHORT","entry_price":1.12177,"exit_price":1.12078,"layer_depth":7,"stack_depth":8,"gross_pnl":0.99,"instance_id":"GRIND_EURUSD_OPTB","ejected":false,"rolled":false,"broker_utc_offset_s":10800,"account_login":53077984}
9,-1,1791483290554,ea_event,,{"type":"fill_log","seq":194,"ea_time_ms":95017703,"magic":22260201,"deal_ticket":800000164,"order_ticket":9152,"position_id":900000082,"entry_type":"IN","deal_type":"BUY","side":"L","layer_index":6,"role":"ENT","deal_price":1.12045,"order_price_open":null,"slippage_pips":null,"volume":0.00,"profit":0.00,"swap":0.00,"commission":0.00,"deal_time_broker":"2026-10-08 18:14:50","deal_time_broker_msc":1791483290000,"halted_at_receipt":false,"quarantined_at_receipt":false}
9,-1,1791483533693,ea_event,,{"type":"fill_log","seq":195,"ea_time_ms":95017703,"magic":22260201,"deal_ticket":800000165,"order_ticket":9153,"position_id":900000083,"entry_type":"IN","deal_type":"SELL","side":"S","layer_index":6,"role":"EXT","deal_price":1.12006,"order_price_open":null,"slippage_pips":null,"volume":0.00,"profit":0.00,"swap":0.00,"commission":0.00,"deal_time_broker":"2026-10-08 18:18:53","deal_time_broker_msc":1791483533000,"halted_at_receipt":false,"quarantined_at_receipt":false}
9,-1,1791483534128,ea_event,,{"type":"fill_log","seq":196,"ea_time_ms":95017703,"magic":22260201,"deal_ticket":800000166,"order_ticket":700000166,"position_id":900000076,"entry_type":"OUT_BY","deal_type":"SELL","side":null,"layer_index":null,"role":null,"deal_price":1.12006,"order_price_open":null,"slippage_pips":null,"volume":0.00,"profit":1.01,"swap":0.00,"commission":0.00,"deal_time_broker":"2026-10-08 18:18:54","deal_time_broker_msc":1791483534000,"halted_at_receipt":false,"quarantined_at_receipt":false}
9,-1,1791483534128,ea_event,,{"type":"fill_log","seq":197,"ea_time_ms":95017703,"magic":22260201,"deal_ticket":800000167,"order_ticket":700000166,"position_id":900000083,"entry_type":"OUT_BY","deal_type":"SELL","side":null,"layer_index":null,"role":null,"deal_price":1.12107,"order_price_open":null,"slippage_pips":null,"volume":0.00,"profit":0.00,"swap":0.00,"commission":0.00,"deal_time_broker":"2026-10-08 18:18:54","deal_time_broker_msc":1791483534000,"halted_at_receipt":false,"quarantined_at_receipt":false}
9,-1,1791483534128,scalp,SCALP_CLOSED,{"close_time":"2026-10-08T18:18:54Z","instrument":"EURUSD","direction":"SHORT","entry_price":1.12107,"exit_price":1.12006,"layer_depth":6,"stack_depth":7,"gross_pnl":1.01,"instance_id":"GRIND_EURUSD_OPTB","ejected":false,"rolled":false,"broker_utc_offset_s":10800,"account_login":53077984}
9,-1,1791483555991,ea_event,,{"type":"fill_log","seq":198,"ea_time_ms":95017718,"magic":22260201,"deal_ticket":800000168,"order_ticket":9156,"position_id":900000084,"entry_type":"IN","deal_type":"BUY","side":"L","layer_index":7,"role":"ENT","deal_price":1.11974,"order_price_open":null,"slippage_pips":null,"volume":0.00,"profit":0.00,"swap":0.00,"commission":0.00,"deal_time_broker":"2026-10-08 18:19:15","deal_time_broker_msc":1791483555000,"halted_at_receipt":false,"quarantined_at_receipt":false}
9,-1,1791485266633,ea_event,,{"type":"fill_log","seq":199,"ea_time_ms":95017781,"magic":22260201,"deal_ticket":800000169,"order_ticket":9157,"position_id":900000085,"entry_type":"IN","deal_type":"SELL","side":"S","layer_index":5,"role":"EXT","deal_price":1.11935,"order_price_open":null,"slippage_pips":null,"volume":0.00,"profit":0.00,"swap":0.00,"commission":0.00,"deal_time_broker":"2026-10-08 18:47:46","deal_time_broker_msc":1791485266000,"halted_at_receipt":false,"quarantined_at_receipt":false}
9,-1,1791485268071,ea_event,,{"type":"fill_log","seq":200,"ea_time_ms":95017781,"magic":22260201,"deal_ticket":800000170,"order_ticket":700000170,"position_id":900000074,"entry_type":"OUT_BY","deal_type":"SELL","side":null,"layer_index":null,"role":null,"deal_price":1.11935,"order_price_open":null,"slippage_pips":null,"volume":0.00,"profit":1.01,"swap":0.00,"commission":0.00,"deal_time_broker":"2026-10-08 18:47:48","deal_time_broker_msc":1791485268000,"halted_at_receipt":false,"quarantined_at_receipt":false}
9,-1,1791485268071,ea_event,,{"type":"fill_log","seq":201,"ea_time_ms":95017781,"magic":22260201,"deal_ticket":800000171,"order_ticket":700000170,"position_id":900000085,"entry_type":"OUT_BY","deal_type":"SELL","side":null,"layer_index":null,"role":null,"deal_price":1.12036,"order_price_open":null,"slippage_pips":null,"volume":0.00,"profit":0.00,"swap":0.00,"commission":0.00,"deal_time_broker":"2026-10-08 18:47:48","deal_time_broker_msc":1791485268000,"halted_at_receipt":false,"quarantined_at_receipt":false}
9,-1,1791485268071,scalp,SCALP_CLOSED,{"close_time":"2026-10-08T18:47:48Z","instrument":"EURUSD","direction":"SHORT","entry_price":1.12036,"exit_price":1.11935,"layer_depth":5,"stack_depth":6,"gross_pnl":1.01,"instance_id":"GRIND_EURUSD_OPTB","ejected":false,"rolled":false,"broker_utc_offset_s":10800,"account_login":53077984}
9,-1,1791485329106,ea_event,,{"type":"fill_log","seq":202,"ea_time_ms":95017781,"magic":22260201,"deal_ticket":800000172,"order_ticket":9160,"position_id":900000086,"entry_type":"IN","deal_type":"BUY","side":"L","layer_index":8,"role":"ENT","deal_price":1.11900,"order_price_open":null,"slippage_pips":null,"volume":0.00,"profit":0.00,"swap":0.00,"commission":0.00,"deal_time_broker":"2026-10-08 18:48:49","deal_time_broker_msc":1791485329000,"halted_at_receipt":false,"quarantined_at_receipt":false}
9,-1,1791486492388,ea_event,,{"type":"fill_log","seq":203,"ea_time_ms":95017828,"magic":22260201,"deal_ticket":800000173,"order_ticket":9161,"position_id":900000087,"entry_type":"IN","deal_type":"SELL","side":"S","layer_index":4,"role":"EXT","deal_price":1.11866,"order_price_open":null,"slippage_pips":null,"volume":0.00,"profit":0.00,"swap":0.00,"commission":0.00,"deal_time_broker":"2026-10-08 19:08:12","deal_time_broker_msc":1791486492000,"halted_at_receipt":false,"quarantined_at_receipt":false}
9,-1,1791486493628,ea_event,,{"type":"fill_log","seq":204,"ea_time_ms":95017828,"magic":22260201,"deal_ticket":800000174,"order_ticket":700000174,"position_id":900000072,"entry_type":"OUT_BY","deal_type":"SELL","side":null,"layer_index":null,"role":null,"deal_price":1.11866,"order_price_open":null,"slippage_pips":null,"volume":0.00,"profit":1.00,"swap":0.00,"commission":0.00,"deal_time_broker":"2026-10-08 19:08:13","deal_time_broker_msc":1791486493000,"halted_at_receipt":false,"quarantined_at_receipt":false}
9,-1,1791486493628,ea_event,,{"type":"fill_log","seq":205,"ea_time_ms":95017828,"magic":22260201,"deal_ticket":800000175,"order_ticket":700000174,"position_id":900000087,"entry_type":"OUT_BY","deal_type":"SELL","side":null,"layer_index":null,"role":null,"deal_price":1.11966,"order_price_open":null,"slippage_pips":null,"volume":0.00,"profit":0.00,"swap":0.00,"commission":0.00,"deal_time_broker":"2026-10-08 19:08:13","deal_time_broker_msc":1791486493000,"halted_at_receipt":false,"quarantined_at_receipt":false}
9,-1,1791486493628,scalp,SCALP_CLOSED,{"close_time":"2026-10-08T19:08:13Z","instrument":"EURUSD","direction":"SHORT","entry_price":1.11966,"exit_price":1.11866,"layer_depth":4,"stack_depth":5,"gross_pnl":1.00,"instance_id":"GRIND_EURUSD_OPTB","ejected":false,"rolled":false,"broker_utc_offset_s":10800,"account_login":53077984}
9,-1,1791487037237,ea_event,,{"type":"fill_log","seq":206,"ea_time_ms":95017843,"magic":22260201,"deal_ticket":800000176,"order_ticket":9166,"position_id":900000088,"entry_type":"IN","deal_type":"SELL","side":"S","layer_index":4,"role":"ENT","deal_price":1.11969,"order_price_open":null,"slippage_pips":null,"volume":0.00,"profit":0.00,"swap":0.00,"commission":0.00,"deal_time_broker":"2026-10-08 19:17:17","deal_time_broker_msc":1791487037000,"halted_at_receipt":false,"quarantined_at_receipt":false}
9,-1,1791487051309,ea_event,,{"type":"fill_log","seq":207,"ea_time_ms":95017843,"magic":22260201,"deal_ticket":800000177,"order_ticket":9163,"position_id":900000089,"entry_type":"IN","deal_type":"BUY","side":"L","layer_index":8,"role":"EXT","deal_price":1.12006,"order_price_open":null,"slippage_pips":null,"volume":0.00,"profit":0.00,"swap":0.00,"commission":0.00,"deal_time_broker":"2026-10-08 19:17:31","deal_time_broker_msc":1791487051000,"halted_at_receipt":false,"quarantined_at_receipt":false}
9,-1,1791487051943,ea_event,,{"type":"fill_log","seq":208,"ea_time_ms":95017843,"magic":22260201,"deal_ticket":800000178,"order_ticket":700000178,"position_id":900000086,"entry_type":"OUT_BY","deal_type":"SELL","side":null,"layer_index":null,"role":null,"deal_price":1.12006,"order_price_open":null,"slippage_pips":null,"volume":0.00,"profit":1.06,"swap":0.00,"commission":0.00,"deal_time_broker":"2026-10-08 19:17:31","deal_time_broker_msc":1791487051000,"halted_at_receipt":false,"quarantined_at_receipt":false}
9,-1,1791487051943,ea_event,,{"type":"fill_log","seq":209,"ea_time_ms":95017843,"magic":22260201,"deal_ticket":800000179,"order_ticket":700000178,"position_id":900000089,"entry_type":"OUT_BY","deal_type":"SELL","side":null,"layer_index":null,"role":null,"deal_price":1.11900,"order_price_open":null,"slippage_pips":null,"volume":0.00,"profit":0.00,"swap":0.00,"commission":0.00,"deal_time_broker":"2026-10-08 19:17:31","deal_time_broker_msc":1791487051000,"halted_at_receipt":false,"quarantined_at_receipt":false}
9,-1,1791487051943,scalp,SCALP_CLOSED,{"close_time":"2026-10-08T19:17:31Z","instrument":"EURUSD","direction":"LONG","entry_price":1.11900,"exit_price":1.12006,"layer_depth":8,"stack_depth":6,"gross_pnl":1.06,"instance_id":"GRIND_EURUSD_OPTB","ejected":false,"rolled":false,"broker_utc_offset_s":10800,"account_login":53077984}
9,-1,1791487807650,ea_event,,{"type":"fill_log","seq":210,"ea_time_ms":95017890,"magic":22260201,"deal_ticket":800000180,"order_ticket":9170,"position_id":900000090,"entry_type":"IN","deal_type":"BUY","side":"L","layer_index":8,"role":"ENT","deal_price":1.11903,"order_price_open":null,"slippage_pips":null,"volume":0.00,"profit":0.00,"swap":0.00,"commission":0.00,"deal_time_broker":"2026-10-08 19:30:07","deal_time_broker_msc":1791487807000,"halted_at_receipt":false,"quarantined_at_receipt":false}
9,-1,1791487872543,ea_event,,{"type":"fill_log","seq":211,"ea_time_ms":95017890,"magic":22260201,"deal_ticket":800000181,"order_ticket":9167,"position_id":900000091,"entry_type":"IN","deal_type":"SELL","side":"S","layer_index":4,"role":"EXT","deal_price":1.11866,"order_price_open":null,"slippage_pips":null,"volume":0.00,"profit":0.00,"swap":0.00,"commission":0.00,"deal_time_broker":"2026-10-08 19:31:12","deal_time_broker_msc":1791487872000,"halted_at_receipt":false,"quarantined_at_receipt":false}
9,-1,1791487872979,ea_event,,{"type":"fill_log","seq":212,"ea_time_ms":95017890,"magic":22260201,"deal_ticket":800000182,"order_ticket":700000182,"position_id":900000088,"entry_type":"OUT_BY","deal_type":"SELL","side":null,"layer_index":null,"role":null,"deal_price":1.11866,"order_price_open":null,"slippage_pips":null,"volume":0.00,"profit":1.03,"swap":0.00,"commission":0.00,"deal_time_broker":"2026-10-08 19:31:12","deal_time_broker_msc":1791487872000,"halted_at_receipt":false,"quarantined_at_receipt":false}
9,-1,1791487872979,ea_event,,{"type":"fill_log","seq":213,"ea_time_ms":95017890,"magic":22260201,"deal_ticket":800000183,"order_ticket":700000182,"position_id":900000091,"entry_type":"OUT_BY","deal_type":"SELL","side":null,"layer_index":null,"role":null,"deal_price":1.11969,"order_price_open":null,"slippage_pips":null,"volume":0.00,"profit":0.00,"swap":0.00,"commission":0.00,"deal_time_broker":"2026-10-08 19:31:12","deal_time_broker_msc":1791487872000,"halted_at_receipt":false,"quarantined_at_receipt":false}
9,-1,1791487872979,scalp,SCALP_CLOSED,{"close_time":"2026-10-08T19:31:12Z","instrument":"EURUSD","direction":"SHORT","entry_price":1.11969,"exit_price":1.11866,"layer_depth":4,"stack_depth":5,"gross_pnl":1.03,"instance_id":"GRIND_EURUSD_OPTB","ejected":false,"rolled":false,"broker_utc_offset_s":10800,"account_login":53077984}
9,-1,1791489010892,ea_event,,{"type":"fill_log","seq":214,"ea_time_ms":95017953,"magic":22260201,"deal_ticket":800000184,"order_ticket":9174,"position_id":900000092,"entry_type":"IN","deal_type":"SELL","side":"S","layer_index":4,"role":"ENT","deal_price":1.11964,"order_price_open":null,"slippage_pips":null,"volume":0.00,"profit":0.00,"swap":0.00,"commission":0.00,"deal_time_broker":"2026-10-08 19:50:10","deal_time_broker_msc":1791489010000,"halted_at_receipt":false,"quarantined_at_receipt":false}
9,-1,1791489721100,ea_event,,{"type":"fill_log","seq":215,"ea_time_ms":95017984,"magic":22260201,"deal_ticket":800000185,"order_ticket":9171,"position_id":900000093,"entry_type":"IN","deal_type":"BUY","side":"L","layer_index":8,"role":"EXT","deal_price":1.12003,"order_price_open":null,"slippage_pips":null,"volume":0.00,"profit":0.00,"swap":0.00,"commission":0.00,"deal_time_broker":"2026-10-08 20:02:01","deal_time_broker_msc":1791489721000,"halted_at_receipt":false,"quarantined_at_receipt":false}
9,-1,1791489721931,ea_event,,{"type":"fill_log","seq":216,"ea_time_ms":95017984,"magic":22260201,"deal_ticket":800000186,"order_ticket":700000186,"position_id":900000090,"entry_type":"OUT_BY","deal_type":"SELL","side":null,"layer_index":null,"role":null,"deal_price":1.12003,"order_price_open":null,"slippage_pips":null,"volume":0.00,"profit":1.00,"swap":0.00,"commission":0.00,"deal_time_broker":"2026-10-08 20:02:01","deal_time_broker_msc":1791489721000,"halted_at_receipt":false,"quarantined_at_receipt":false}
9,-1,1791489721931,ea_event,,{"type":"fill_log","seq":217,"ea_time_ms":95017984,"magic":22260201,"deal_ticket":800000187,"order_ticket":700000186,"position_id":900000093,"entry_type":"OUT_BY","deal_type":"SELL","side":null,"layer_index":null,"role":null,"deal_price":1.11903,"order_price_open":null,"slippage_pips":null,"volume":0.00,"profit":0.00,"swap":0.00,"commission":0.00,"deal_time_broker":"2026-10-08 20:02:01","deal_time_broker_msc":1791489721000,"halted_at_receipt":false,"quarantined_at_receipt":false}
9,-1,1791489721931,scalp,SCALP_CLOSED,{"close_time":"2026-10-08T20:02:01Z","instrument":"EURUSD","direction":"LONG","entry_price":1.11903,"exit_price":1.12003,"layer_depth":8,"stack_depth":6,"gross_pnl":1.00,"instance_id":"GRIND_EURUSD_OPTB","ejected":false,"rolled":false,"broker_utc_offset_s":10800,"account_login":53077984}
9,-1,1791490094896,ea_event,,{"type":"fill_log","seq":218,"ea_time_ms":95018015,"magic":22260201,"deal_ticket":800000188,"order_ticket":9176,"position_id":900000094,"entry_type":"IN","deal_type":"SELL","side":"S","layer_index":5,"role":"ENT","deal_price":1.12036,"order_price_open":null,"slippage_pips":null,"volume":0.00,"profit":0.00,"swap":0.00,"commission":0.00,"deal_time_broker":"2026-10-08 20:08:14","deal_time_broker_msc":1791490094000,"halted_at_receipt":false,"quarantined_at_receipt":false}
9,-1,1791490415551,ea_event,,{"type":"fill_log","seq":219,"ea_time_ms":95018031,"magic":22260201,"deal_ticket":800000189,"order_ticket":9177,"position_id":900000095,"entry_type":"IN","deal_type":"BUY","side":"L","layer_index":7,"role":"EXT","deal_price":1.12074,"order_price_open":null,"slippage_pips":null,"volume":0.00,"profit":0.00,"swap":0.00,"commission":0.00,"deal_time_broker":"2026-10-08 20:13:35","deal_time_broker_msc":1791490415000,"halted_at_receipt":false,"quarantined_at_receipt":false}
9,-1,1791490416799,ea_event,,{"type":"fill_log","seq":220,"ea_time_ms":95018031,"magic":22260201,"deal_ticket":800000190,"order_ticket":700000190,"position_id":900000084,"entry_type":"OUT_BY","deal_type":"SELL","side":null,"layer_index":null,"role":null,"deal_price":1.12074,"order_price_open":null,"slippage_pips":null,"volume":0.00,"profit":1.00,"swap":0.00,"commission":0.00,"deal_time_broker":"2026-10-08 20:13:36","deal_time_broker_msc":1791490416000,"halted_at_receipt":false,"quarantined_at_receipt":false}
9,-1,1791490416799,ea_event,,{"type":"fill_log","seq":221,"ea_time_ms":95018031,"magic":22260201,"deal_ticket":800000191,"order_ticket":700000190,"position_id":900000095,"entry_type":"OUT_BY","deal_type":"SELL","side":null,"layer_index":null,"role":null,"deal_price":1.11974,"order_price_open":null,"slippage_pips":null,"volume":0.00,"profit":0.00,"swap":0.00,"commission":0.00,"deal_time_broker":"2026-10-08 20:13:36","deal_time_broker_msc":1791490416000,"halted_at_receipt":false,"quarantined_at_receipt":false}
9,-1,1791490416799,scalp,SCALP_CLOSED,{"close_time":"2026-10-08T20:13:36Z","instrument":"EURUSD","direction":"LONG","entry_price":1.11974,"exit_price":1.12074,"layer_depth":7,"stack_depth":5,"gross_pnl":1.00,"instance_id":"GRIND_EURUSD_OPTB","ejected":false,"rolled":false,"broker_utc_offset_s":10800,"account_login":53077984}
9,-1,1791490562471,ea_event,,{"type":"fill_log","seq":222,"ea_time_ms":95018031,"magic":22260201,"deal_ticket":800000192,"order_ticket":9180,"position_id":900000096,"entry_type":"IN","deal_type":"SELL","side":"S","layer_index":6,"role":"ENT","deal_price":1.12107,"order_price_open":null,"slippage_pips":null,"volume":0.00,"profit":0.00,"swap":0.00,"commission":0.00,"deal_time_broker":"2026-10-08 20:16:02","deal_time_broker_msc":1791490562000,"halted_at_receipt":false,"quarantined_at_receipt":false}
9,-1,1791490674590,ea_event,,{"type":"fill_log","seq":223,"ea_time_ms":95018046,"magic":22260201,"deal_ticket":800000193,"order_ticket":9181,"position_id":900000097,"entry_type":"IN","deal_type":"BUY","side":"L","layer_index":6,"role":"EXT","deal_price":1.12146,"order_price_open":null,"slippage_pips":null,"volume":0.00,"profit":0.00,"swap":0.00,"commission":0.00,"deal_time_broker":"2026-10-08 20:17:54","deal_time_broker_msc":1791490674000,"halted_at_receipt":false,"quarantined_at_receipt":false}
9,-1,1791490675223,ea_event,,{"type":"fill_log","seq":224,"ea_time_ms":95018046,"magic":22260201,"deal_ticket":800000194,"order_ticket":700000194,"position_id":900000082,"entry_type":"OUT_BY","deal_type":"SELL","side":null,"layer_index":null,"role":null,"deal_price":1.12146,"order_price_open":null,"slippage_pips":null,"volume":0.00,"profit":1.01,"swap":0.00,"commission":0.00,"deal_time_broker":"2026-10-08 20:17:55","deal_time_broker_msc":1791490675000,"halted_at_receipt":false,"quarantined_at_receipt":false}
9,-1,1791490675223,ea_event,,{"type":"fill_log","seq":225,"ea_time_ms":95018046,"magic":22260201,"deal_ticket":800000195,"order_ticket":700000194,"position_id":900000097,"entry_type":"OUT_BY","deal_type":"SELL","side":null,"layer_index":null,"role":null,"deal_price":1.12045,"order_price_open":null,"slippage_pips":null,"volume":0.00,"profit":0.00,"swap":0.00,"commission":0.00,"deal_time_broker":"2026-10-08 20:17:55","deal_time_broker_msc":1791490675000,"halted_at_receipt":false,"quarantined_at_receipt":false}
9,-1,1791490675223,scalp,SCALP_CLOSED,{"close_time":"2026-10-08T20:17:55Z","instrument":"EURUSD","direction":"LONG","entry_price":1.12045,"exit_price":1.12146,"layer_depth":6,"stack_depth":4,"gross_pnl":1.01,"instance_id":"GRIND_EURUSD_OPTB","ejected":false,"rolled":false,"broker_utc_offset_s":10800,"account_login":53077984}
9,-1,1791490695480,ea_event,,{"type":"fill_log","seq":226,"ea_time_ms":95018046,"magic":22260201,"deal_ticket":800000196,"order_ticket":9184,"position_id":900000098,"entry_type":"IN","deal_type":"SELL","side":"S","layer_index":7,"role":"ENT","deal_price":1.12177,"order_price_open":null,"slippage_pips":null,"volume":0.00,"profit":0.00,"swap":0.00,"commission":0.00,"deal_time_broker":"2026-10-08 20:18:15","deal_time_broker_msc":1791490695000,"halted_at_receipt":false,"quarantined_at_receipt":false}
9,-1,1791492884864,ea_event,,{"type":"fill_log","seq":227,"ea_time_ms":95018125,"magic":22260201,"deal_ticket":800000197,"order_ticket":9187,"position_id":900000099,"entry_type":"IN","deal_type":"SELL","side":"S","layer_index":7,"role":"EXT","deal_price":1.12073,"order_price_open":null,"slippage_pips":null,"volume":0.00,"profit":0.00,"swap":0.00,"commission":0.00,"deal_time_broker":"2026-10-08 20:54:44","deal_time_broker_msc":1791492884000,"halted_at_receipt":false,"quarantined_at_receipt":false}
9,-1,1791492885514,ea_event,,{"type":"fill_log","seq":228,"ea_time_ms":95018125,"magic":22260201,"deal_ticket":800000198,"order_ticket":700000198,"position_id":900000098,"entry_type":"OUT_BY","deal_type":"SELL","side":null,"layer_index":null,"role":null,"deal_price":1.12073,"order_price_open":null,"slippage_pips":null,"volume":0.00,"profit":1.04,"swap":0.00,"commission":0.00,"deal_time_broker":"2026-10-08 20:54:45","deal_time_broker_msc":1791492885000,"halted_at_receipt":false,"quarantined_at_receipt":false}
9,-1,1791492885514,ea_event,,{"type":"fill_log","seq":229,"ea_time_ms":95018125,"magic":22260201,"deal_ticket":800000199,"order_ticket":700000198,"position_id":900000099,"entry_type":"OUT_BY","deal_type":"SELL","side":null,"layer_index":null,"role":null,"deal_price":1.12177,"order_price_open":null,"slippage_pips":null,"volume":0.00,"profit":0.00,"swap":0.00,"commission":0.00,"deal_time_broker":"2026-10-08 20:54:45","deal_time_broker_msc":1791492885000,"halted_at_receipt":false,"quarantined_at_receipt":false}
9,-1,1791492885514,scalp,SCALP_CLOSED,{"close_time":"2026-10-08T20:54:45Z","instrument":"EURUSD","direction":"SHORT","entry_price":1.12177,"exit_price":1.12073,"layer_depth":7,"stack_depth":8,"gross_pnl":1.04,"instance_id":"GRIND_EURUSD_OPTB","ejected":false,"rolled":false,"broker_utc_offset_s":10800,"account_login":53077984}
9,-1,1791493777390,ea_event,,{"type":"fill_log","seq":230,"ea_time_ms":95018156,"magic":22260201,"deal_ticket":800000200,"order_ticket":9186,"position_id":900000100,"entry_type":"IN","deal_type":"BUY","side":"L","layer_index":6,"role":"ENT","deal_price":1.12043,"order_price_open":null,"slippage_pips":null,"volume":0.00,"profit":0.00,"swap":0.00,"commission":0.00,"deal_time_broker":"2026-10-08 21:09:37","deal_time_broker_msc":1791493777000,"halted_at_receipt":false,"quarantined_at_receipt":false}
9,-1,1791499976439,ea_event,,{"type":"fill_log","seq":231,"ea_time_ms":95018281,"magic":22260201,"deal_ticket":800000201,"order_ticket":9190,"position_id":900000101,"entry_type":"IN","deal_type":"BUY","side":"L","layer_index":6,"role":"EXT","deal_price":1.12143,"order_price_open":null,"slippage_pips":null,"volume":0.00,"profit":0.00,"swap":0.00,"commission":0.00,"deal_time_broker":"2026-10-08 22:52:56","deal_time_broker_msc":1791499976000,"halted_at_receipt":false,"quarantined_at_receipt":false}
9,-1,1791499980479,ea_event,,{"type":"fill_log","seq":232,"ea_time_ms":95018281,"magic":22260201,"deal_ticket":800000202,"order_ticket":700000202,"position_id":900000100,"entry_type":"OUT_BY","deal_type":"SELL","side":null,"layer_index":null,"role":null,"deal_price":1.12143,"order_price_open":null,"slippage_pips":null,"volume":0.00,"profit":1.00,"swap":0.00,"commission":0.00,"deal_time_broker":"2026-10-08 22:53:00","deal_time_broker_msc":1791499980000,"halted_at_receipt":false,"quarantined_at_receipt":false}
9,-1,1791499980479,ea_event,,{"type":"fill_log","seq":233,"ea_time_ms":95018281,"magic":22260201,"deal_ticket":800000203,"order_ticket":700000202,"position_id":900000101,"entry_type":"OUT_BY","deal_type":"SELL","side":null,"layer_index":null,"role":null,"deal_price":1.12043,"order_price_open":null,"slippage_pips":null,"volume":0.00,"profit":0.00,"swap":0.00,"commission":0.00,"deal_time_broker":"2026-10-08 22:53:00","deal_time_broker_msc":1791499980000,"halted_at_receipt":false,"quarantined_at_receipt":false}
9,-1,1791499980479,scalp,SCALP_CLOSED,{"close_time":"2026-10-08T22:53:00Z","instrument":"EURUSD","direction":"LONG","entry_price":1.12043,"exit_price":1.12143,"layer_depth":6,"stack_depth":4,"gross_pnl":1.00,"instance_id":"GRIND_EURUSD_OPTB","ejected":false,"rolled":false,"broker_utc_offset_s":10800,"account_login":53077984}
9,-1,1791503420000,ea_event,CARRY_SNAPSHOT,{"type":"ea_event","seq":234,"ea_time_ms":95018328,"magic":null,"level":"INFO","code":"CARRY_SNAPSHOT","reason":"EURUSD","ticket":null,"detail":{"symbol":"EURUSD","swap_mode":1,"swap_long":-7.9900,"swap_short":1.3100,"multiplier":1,"day_of_week":4,"rollover3days":3,"digits":5,"point":0.00001000,"tick_value":1.00000000,"tick_size":0.00001000,"stops_level":0,"freeze_level":0,"long_pips":-0.799,"short_pips":0.131,"eligible_long":3,"eligible_short":7,"trade_mode_full":true,"mult_today":1,"mult_tomorrow":1,"accrued_swap_long":0.00,"accrued_swap_short":0.00}}
9,-1,1791503420000,ea_event,CARRY_EXIT_SHIFT,{"type":"ea_event","seq":235,"ea_time_ms":95018328,"magic":null,"level":"INFO","code":"CARRY_EXIT_SHIFT","reason":"EURUSD","ticket":null,"detail":{"position_ticket":1990103611,"side":"long","layer_index":3,"accrued_ledger_pips":-3.200,"pending_pips":-0.799,"accrued_pips_total":-3.999,"old_price":1.12373,"new_price":1.12397,"clamped":false,"sign_guard_skipped":false,"retcode":10009,"points_native_pips":-1.598}}
9,-1,1791503480000,ea_event,CARRY_EXIT_SHIFT,{"type":"ea_event","seq":236,"ea_time_ms":95018328,"magic":null,"level":"INFO","code":"CARRY_EXIT_SHIFT","reason":"EURUSD","ticket":null,"detail":{"position_ticket":900000080,"side":"long","layer_index":5,"accrued_ledger_pips":0.000,"pending_pips":-0.799,"accrued_pips_total":-0.799,"old_price":1.12216,"new_price":1.12224,"clamped":false,"sign_guard_skipped":false,"retcode":10009,"points_native_pips":-0.799}}
9,-1,1791503480000,ea_event,CARRY_EXIT_SHIFT,{"type":"ea_event","seq":237,"ea_time_ms":95018328,"magic":null,"level":"INFO","code":"CARRY_EXIT_SHIFT","reason":"EURUSD","ticket":null,"detail":{"position_ticket":900000024,"side":"short","layer_index":0,"accrued_ledger_pips":0.400,"pending_pips":0.131,"accrued_pips_total":0.531,"old_price":1.11586,"new_price":1.11590,"clamped":false,"sign_guard_skipped":false,"retcode":10009,"points_native_pips":0.131}}
9,-1,1791503660000,ea_event,CARRY_EXIT_SHIFT,{"type":"ea_event","seq":238,"ea_time_ms":95018328,"magic":null,"level":"INFO","code":"CARRY_EXIT_SHIFT","reason":"EURUSD","ticket":null,"detail":{"position_ticket":900000096,"side":"short","layer_index":6,"accrued_ledger_pips":0.000,"pending_pips":0.131,"accrued_pips_total":0.131,"old_price":1.12007,"new_price":1.12008,"clamped":false,"sign_guard_skipped":false,"retcode":10009,"points_native_pips":0.131}}
9,-1,1791503660000,ea_event,CARRY_PASS_SUMMARY,{"type":"ea_event","seq":239,"ea_time_ms":95018328,"magic":null,"level":"INFO","code":"CARRY_PASS_SUMMARY","reason":"EURUSD","ticket":null,"detail":{"eligible":10,"shifted":4,"clamped":0,"skipped":0,"failed":0,"incomplete":false}}
