seg_id,sync_idx,time_ms,stage,action,ticket,type,side,layer,role,price,old_price
1,-1,1790837932001,SEED,PLACE,1975959125,SELL_LIMIT,L,0,EXT,1.13778,0.00000
1,-1,1790837932001,SEED,PLACE,1977728136,SELL_LIMIT,L,6,EXT,1.13349,0.00000
1,-1,1790837932001,SEED,PLACE,1977728160,BUY_LIMIT,L,7,ENT,1.13179,0.00000
1,-1,1790837932001,SEED,PLACE,1977312355,BUY_LIMIT,S,0,EXT,1.13207,0.00000
1,-1,1790837932001,SEED,PLACE,1977312358,SELL_LIMIT,S,1,ENT,1.13376,0.00000
1,-1,1790839277472,DEAL,FILL,1977312355,BUY_LIMIT,S,0,EXT,1.13207,0.00000
1,0,1790839279433,ENGINE,PLACE,9000,SELL_LIMIT,S,0,ENT,1.13275,0.00000
1,0,1790839279716,ENGINE,REMOVE,1977312358,SELL_LIMIT,S,1,ENT,1.13376,0.00000
1,2,1790841684314,DEAL,PLACE,9001,SELL_LIMIT,L,7,EXT,1.13274,0.00000
1,2,1790841684597,DEAL,REMOVE,1977728136,SELL_LIMIT,L,6,EXT,1.13349,0.00000
1,2,1790841684635,DEAL,FILL,1977728160,BUY_LIMIT,L,7,ENT,1.13179,0.00000
1,3,1790841685265,SYNC,REMOVE,9001,SELL_LIMIT,L,7,EXT,1.13274,0.00000
1,3,1790841685265,ENGINE,PLACE,9002,SELL_LIMIT,L,7,EXT,1.13274,0.00000
1,3,1790847623591,ENGINE,MODIFY,9000,SELL_LIMIT,S,0,ENT,1.13205,1.13275
1,3,1790847652134,LATTICE,MODIFY,1975959125,SELL_LIMIT,L,0,EXT,1.13212,1.13778
1,3,1790847652418,LATTICE,PLACE,9003,SELL_LIMIT,L,1,EXT,1.13708,0.00000
1,3,1790847652701,LATTICE,REMOVE,9002,SELL_LIMIT,L,7,EXT,1.13274,0.00000
1,4,1790850224173,ENGINE,MODIFY,9000,SELL_LIMIT,S,0,ENT,1.13135,1.13205
1,4,1790850665949,LATTICE,MODIFY,9003,SELL_LIMIT,L,1,EXT,1.13142,1.13708
1,4,1790850666233,LATTICE,PLACE,9004,SELL_LIMIT,L,2,EXT,1.13638,0.00000
1,4,1790850666516,LATTICE,REMOVE,1975959125,SELL_LIMIT,L,0,EXT,1.13212,0.00000
1,5,1790850678396,ENGINE,MODIFY,9000,SELL_LIMIT,S,0,ENT,1.13064,1.13135
1,5,1790850771323,DEAL,PLACE,9005,BUY_LIMIT,S,0,EXT,1.12964,0.00000
1,5,1790850771606,DEAL,PLACE,9006,SELL_LIMIT,S,1,ENT,1.13134,0.00000
1,5,1790850771889,DEAL,FILL,9000,SELL_LIMIT,S,0,ENT,1.13064,0.00000
1,6,1790850771470,SYNC,REMOVE,9005,BUY_LIMIT,S,0,EXT,1.12964,0.00000
1,6,1790850771889,ENGINE,PLACE,9007,BUY_LIMIT,S,0,EXT,1.12964,0.00000
1,6,1790853131208,LATTICE,MODIFY,9004,SELL_LIMIT,L,2,EXT,1.13072,1.13638
1,6,1790853131492,LATTICE,PLACE,9008,SELL_LIMIT,L,3,EXT,1.13568,0.00000
1,6,1790853131775,LATTICE,REMOVE,9003,SELL_LIMIT,L,1,EXT,1.13142,0.00000
1,6,1790853131813,DEAL,FILL,9007,BUY_LIMIT,S,0,EXT,1.12964,0.00000
1,8,1790853132212,ENGINE,PLACE,9009,SELL_LIMIT,S,0,ENT,1.13034,0.00000
1,8,1790853132495,ENGINE,REMOVE,9006,SELL_LIMIT,S,1,ENT,1.13134,0.00000
1,11,1790853977915,ENGINE,PLACE,9010,BUY_LIMIT,S,0,EXT,1.12925,0.00000
1,11,1790853978198,ENGINE,PLACE,9011,SELL_LIMIT,S,1,ENT,1.13095,0.00000
1,11,1790853978481,ENGINE,REMOVE,9009,SELL_LIMIT,S,0,ENT,1.13034,0.00000
1,11,1790854742119,DEAL,FILL,9010,BUY_LIMIT,S,0,EXT,1.12925,0.00000
1,12,1790854742265,ENGINE,PLACE,9012,SELL_LIMIT,S,0,ENT,1.12993,0.00000
1,12,1790854742548,ENGINE,REMOVE,9011,SELL_LIMIT,S,1,ENT,1.13095,0.00000
1,14,1790854775420,LATTICE,MODIFY,9008,SELL_LIMIT,L,3,EXT,1.13002,1.13568
1,14,1790854775704,LATTICE,PLACE,9013,SELL_LIMIT,L,4,EXT,1.13497,0.00000
1,14,1790854775987,LATTICE,REMOVE,9004,SELL_LIMIT,L,2,EXT,1.13072,0.00000
1,16,1790857054765,ENGINE,PLACE,9014,BUY_LIMIT,S,0,EXT,1.12892,0.00000
1,16,1790857055048,ENGINE,PLACE,9015,SELL_LIMIT,S,1,ENT,1.13062,0.00000
1,16,1790857055331,ENGINE,REMOVE,9012,SELL_LIMIT,S,0,ENT,1.12993,0.00000
1,16,1790857300915,DEAL,FILL,9008,SELL_LIMIT,L,3,EXT,1.13002,0.00000
1,17,1790857301258,ENGINE,PLACE,9016,SELL_LIMIT,L,2,EXT,1.13072,0.00000
1,17,1790857301541,ENGINE,PLACE,9017,BUY_LIMIT,L,8,ENT,1.12894,0.00000
1,19,1790858429461,DEAL,PLACE,9018,SELL_LIMIT,L,8,EXT,1.12993,0.00000
1,19,1790858429744,DEAL,REMOVE,9016,SELL_LIMIT,L,2,EXT,1.13072,0.00000
1,19,1790858429782,DEAL,FILL,9017,BUY_LIMIT,L,8,ENT,1.12894,0.00000
1,20,1790858429605,SYNC,REMOVE,9018,SELL_LIMIT,L,8,EXT,1.12993,0.00000
1,20,1790858429782,ENGINE,PLACE,9019,SELL_LIMIT,L,8,EXT,1.12993,0.00000
1,20,1790858430065,DEAL,FILL,9014,BUY_LIMIT,S,0,EXT,1.12892,0.00000
1,21,1790858431422,ENGINE,PLACE,9020,SELL_LIMIT,S,0,ENT,1.12962,0.00000
1,21,1790858431705,ENGINE,REMOVE,9015,SELL_LIMIT,S,1,ENT,1.13062,0.00000
1,23,1790859258973,LATTICE,MODIFY,9013,SELL_LIMIT,L,4,EXT,1.12931,1.13497
1,23,1790859259257,LATTICE,PLACE,9021,SELL_LIMIT,L,5,EXT,1.13427,0.00000
1,23,1790859259540,LATTICE,REMOVE,9019,SELL_LIMIT,L,8,EXT,1.12993,0.00000
1,24,1790859260985,ENGINE,MODIFY,9020,SELL_LIMIT,S,0,ENT,1.12891,1.12962
1,24,1790859450886,LATTICE,MODIFY,9021,SELL_LIMIT,L,5,EXT,1.12861,1.13427
1,24,1790859451170,LATTICE,PLACE,9022,SELL_LIMIT,L,6,EXT,1.13349,0.00000
1,24,1790859451453,LATTICE,REMOVE,9013,SELL_LIMIT,L,4,EXT,1.12931,0.00000
1,24,1790859451491,ENGINE,MODIFY,9020,SELL_LIMIT,S,0,ENT,1.12816,1.12891
1,25,1790859610146,LATTICE,MODIFY,9022,SELL_LIMIT,L,6,EXT,1.12783,1.13349
1,25,1790859610430,LATTICE,PLACE,9023,SELL_LIMIT,L,7,EXT,1.13274,0.00000
1,25,1790859610713,LATTICE,REMOVE,9021,SELL_LIMIT,L,5,EXT,1.12861,0.00000
1,26,1790859611149,ENGINE,MODIFY,9020,SELL_LIMIT,S,0,ENT,1.12741,1.12816
1,26,1790860062117,DEAL,PLACE,9024,BUY_LIMIT,S,0,EXT,1.12643,0.00000
1,26,1790860062400,DEAL,PLACE,9025,SELL_LIMIT,S,1,ENT,1.12813,0.00000
1,26,1790860062683,DEAL,FILL,9020,SELL_LIMIT,S,0,ENT,1.12741,0.00000
1,27,1790860062266,SYNC,REMOVE,9024,BUY_LIMIT,S,0,EXT,1.12643,0.00000
1,27,1790860062683,ENGINE,PLACE,9026,BUY_LIMIT,S,0,EXT,1.12643,0.00000
1,27,1790860504819,DEAL,FILL,9022,SELL_LIMIT,L,6,EXT,1.12783,0.00000
1,28,1790860505164,ENGINE,PLACE,9027,SELL_LIMIT,L,5,EXT,1.12861,0.00000
1,28,1790860505447,ENGINE,PLACE,9028,BUY_LIMIT,L,9,ENT,1.12683,0.00000
1,30,1790860724346,DEAL,PLACE,9029,BUY_LIMIT,S,1,EXT,1.12714,0.00000
1,30,1790860724629,DEAL,PLACE,9030,SELL_LIMIT,S,2,ENT,1.12884,0.00000
1,30,1790860724912,DEAL,FILL,9025,SELL_LIMIT,S,1,ENT,1.12813,0.00000
1,31,1790860724492,SYNC,REMOVE,9029,BUY_LIMIT,S,1,EXT,1.12714,0.00000
1,31,1790860724912,ENGINE,PLACE,9031,BUY_LIMIT,S,1,EXT,1.12714,0.00000
1,31,1790861224913,DEAL,FILL,9027,SELL_LIMIT,L,5,EXT,1.12861,0.00000
1,32,1790861225261,ENGINE,MODIFY,9028,BUY_LIMIT,L,9,ENT,1.12753,1.12683
1,32,1790861225545,ENGINE,PLACE,9032,SELL_LIMIT,L,4,EXT,1.12931,0.00000
1,34,1790861365407,DEAL,PLACE,9033,BUY_LIMIT,S,2,EXT,1.12785,0.00000
1,34,1790861365690,DEAL,PLACE,9034,SELL_LIMIT,S,3,ENT,1.12955,0.00000
1,34,1790861365973,DEAL,FILL,9030,SELL_LIMIT,S,2,ENT,1.12884,0.00000
1,34,1790861365973,DEAL,REMOVE,9031,BUY_LIMIT,S,1,EXT,1.12714,0.00000
1,35,1790861366556,SYNC,REMOVE,9033,BUY_LIMIT,S,2,EXT,1.12785,0.00000
1,35,1790861366556,ENGINE,PLACE,9035,BUY_LIMIT,S,2,EXT,1.12785,0.00000
1,35,1790861698976,DEAL,FILL,9032,SELL_LIMIT,L,4,EXT,1.12931,0.00000
1,36,1790861699124,ENGINE,MODIFY,9028,BUY_LIMIT,L,9,ENT,1.12823,1.12753
1,36,1790861699408,ENGINE,PLACE,9036,SELL_LIMIT,L,8,EXT,1.12993,0.00000
1,38,1790862729239,DEAL,PLACE,9037,BUY_LIMIT,S,3,EXT,1.12857,0.00000
1,38,1790862729522,DEAL,PLACE,9038,SELL_LIMIT,S,4,ENT,1.13027,0.00000
1,38,1790862729805,DEAL,FILL,9034,SELL_LIMIT,S,3,ENT,1.12955,0.00000
1,38,1790862729805,DEAL,REMOVE,9035,BUY_LIMIT,S,2,EXT,1.12785,0.00000
1,39,1790862731001,SYNC,REMOVE,9037,BUY_LIMIT,S,3,EXT,1.12857,0.00000
1,39,1790862731001,ENGINE,PLACE,9039,BUY_LIMIT,S,3,EXT,1.12857,0.00000
1,39,1790864165488,DEAL,FILL,9039,BUY_LIMIT,S,3,EXT,1.12857,0.00000
1,40,1790864166635,ENGINE,PLACE,9040,BUY_LIMIT,S,2,EXT,1.12785,0.00000
1,40,1790864166918,ENGINE,REMOVE,9038,SELL_LIMIT,S,4,ENT,1.13027,0.00000
1,42,1790864167039,ENGINE,PLACE,9041,SELL_LIMIT,S,3,ENT,1.12955,0.00000
1,42,1790864730636,DEAL,PLACE,9042,SELL_LIMIT,L,9,EXT,1.12921,0.00000
1,42,1790864730919,DEAL,PLACE,9043,BUY_LIMIT,L,10,ENT,1.12751,0.00000
1,42,1790864731202,DEAL,FILL,9028,BUY_LIMIT,L,9,ENT,1.12823,0.00000
1,42,1790864731202,DEAL,REMOVE,9036,SELL_LIMIT,L,8,EXT,1.12993,0.00000
1,43,1790864731383,SYNC,REMOVE,9042,SELL_LIMIT,L,9,EXT,1.12921,0.00000
1,43,1790864731383,ENGINE,PLACE,9044,SELL_LIMIT,L,9,EXT,1.12921,0.00000
1,43,1790865550511,DEAL,FILL,9044,SELL_LIMIT,L,9,EXT,1.12921,0.00000
1,44,1790865551261,ENGINE,PLACE,9045,SELL_LIMIT,L,8,EXT,1.12993,0.00000
1,44,1790865551544,ENGINE,REMOVE,9043,BUY_LIMIT,L,10,ENT,1.12751,0.00000
1,46,1790865552073,ENGINE,PLACE,9046,BUY_LIMIT,L,9,ENT,1.12823,0.00000
1,46,1790865681991,DEAL,PLACE,9047,BUY_LIMIT,S,3,EXT,1.12855,0.00000
1,46,1790865682274,DEAL,PLACE,9048,SELL_LIMIT,S,4,ENT,1.13025,0.00000
1,46,1790865682557,DEAL,REMOVE,9040,BUY_LIMIT,S,2,EXT,1.12785,0.00000
1,46,1790865682595,DEAL,FILL,9041,SELL_LIMIT,S,3,ENT,1.12955,0.00000
1,47,1790865682338,SYNC,REMOVE,9047,BUY_LIMIT,S,3,EXT,1.12855,0.00000
1,47,1790865682595,ENGINE,PLACE,9049,BUY_LIMIT,S,3,EXT,1.12855,0.00000
1,47,1790865992510,DEAL,FILL,9045,SELL_LIMIT,L,8,EXT,1.12993,0.00000
1,48,1790865992655,ENGINE,PLACE,9050,SELL_LIMIT,L,2,EXT,1.13072,0.00000
1,48,1790865992938,ENGINE,REMOVE,9046,BUY_LIMIT,L,9,ENT,1.12823,0.00000
1,50,1790865993863,ENGINE,PLACE,9051,BUY_LIMIT,L,8,ENT,1.12894,0.00000
1,50,1790866170426,DEAL,PLACE,9052,BUY_LIMIT,S,4,EXT,1.12925,0.00000
1,50,1790866170709,DEAL,PLACE,9053,SELL_LIMIT,S,5,ENT,1.13095,0.00000
1,50,1790866170992,DEAL,FILL,9048,SELL_LIMIT,S,4,ENT,1.13025,0.00000
1,50,1790866170992,DEAL,REMOVE,9049,BUY_LIMIT,S,3,EXT,1.12855,0.00000
1,51,1790866170577,SYNC,REMOVE,9052,BUY_LIMIT,S,4,EXT,1.12925,0.00000
1,51,1790866171030,ENGINE,PLACE,9054,BUY_LIMIT,S,4,EXT,1.12925,0.00000
1,51,1790866497371,DEAL,FILL,9050,SELL_LIMIT,L,2,EXT,1.13072,0.00000
1,52,1790866497517,ENGINE,MODIFY,9051,BUY_LIMIT,L,8,ENT,1.12964,1.12894
1,52,1790866497801,ENGINE,PLACE,9055,SELL_LIMIT,L,1,EXT,1.13142,0.00000
1,54,1790866506004,DEAL,PLACE,9056,BUY_LIMIT,S,5,EXT,1.12995,0.00000
1,54,1790866506287,DEAL,PLACE,9057,SELL_LIMIT,S,6,ENT,1.13165,0.00000
1,54,1790866506570,DEAL,FILL,9053,SELL_LIMIT,S,5,ENT,1.13095,0.00000
1,54,1790866506570,DEAL,REMOVE,9054,BUY_LIMIT,S,4,EXT,1.12925,0.00000
1,55,1790866506351,SYNC,REMOVE,9056,BUY_LIMIT,S,5,EXT,1.12995,0.00000
1,55,1790866506608,ENGINE,PLACE,9058,BUY_LIMIT,S,5,EXT,1.12995,0.00000
1,55,1790867382355,DEAL,FILL,9058,BUY_LIMIT,S,5,EXT,1.12995,0.00000
1,56,1790867383111,ENGINE,PLACE,9059,BUY_LIMIT,S,4,EXT,1.12925,0.00000
1,56,1790867383394,ENGINE,REMOVE,9057,SELL_LIMIT,S,6,ENT,1.13165,0.00000
1,58,1790867385315,ENGINE,PLACE,9060,SELL_LIMIT,S,5,ENT,1.13095,0.00000
1,58,1790867801573,DEAL,PLACE,9061,SELL_LIMIT,L,8,EXT,1.13061,0.00000
1,58,1790867801856,DEAL,PLACE,9062,BUY_LIMIT,L,9,ENT,1.12891,0.00000
1,58,1790867802139,DEAL,FILL,9051,BUY_LIMIT,L,8,ENT,1.12964,0.00000
1,58,1790867802139,DEAL,REMOVE,9055,SELL_LIMIT,L,1,EXT,1.13142,0.00000
1,59,1790867801920,SYNC,REMOVE,9061,SELL_LIMIT,L,8,EXT,1.13061,0.00000
1,59,1790867802177,ENGINE,PLACE,9063,SELL_LIMIT,L,8,EXT,1.13061,0.00000
1,59,1790868364690,DEAL,FILL,9059,BUY_LIMIT,S,4,EXT,1.12925,0.00000
1,60,1790868364838,ENGINE,PLACE,9064,BUY_LIMIT,S,3,EXT,1.12855,0.00000
1,60,1790868365121,ENGINE,REMOVE,9060,SELL_LIMIT,S,5,ENT,1.13095,0.00000
1,62,1790868365636,ENGINE,PLACE,9065,SELL_LIMIT,S,4,ENT,1.13025,0.00000
1,62,1790869671170,DEAL,PLACE,9066,SELL_LIMIT,L,9,EXT,1.12992,0.00000
1,62,1790869671453,DEAL,PLACE,9067,BUY_LIMIT,L,10,ENT,1.12822,0.00000
1,62,1790869671736,DEAL,FILL,9062,BUY_LIMIT,L,9,ENT,1.12891,0.00000
1,62,1790869671736,DEAL,REMOVE,9063,SELL_LIMIT,L,8,EXT,1.13061,0.00000
1,63,1790869672716,SYNC,REMOVE,9066,SELL_LIMIT,L,9,EXT,1.12992,0.00000
1,63,1790869672716,ENGINE,PLACE,9068,SELL_LIMIT,L,9,EXT,1.12992,0.00000
1,63,1790870219384,DEAL,FILL,9064,BUY_LIMIT,S,3,EXT,1.12855,0.00000
1,64,1790870219933,ENGINE,PLACE,9069,BUY_LIMIT,S,2,EXT,1.12785,0.00000
1,64,1790870220216,ENGINE,REMOVE,9065,SELL_LIMIT,S,4,ENT,1.13025,0.00000
1,66,1790870220534,ENGINE,PLACE,9070,SELL_LIMIT,S,3,ENT,1.12955,0.00000
1,66,1790872854607,DEAL,PLACE,9071,SELL_LIMIT,L,10,EXT,1.12922,0.00000
1,66,1790872854890,DEAL,PLACE,9072,BUY_LIMIT,L,11,ENT,1.12752,0.00000
1,66,1790872855173,DEAL,FILL,9067,BUY_LIMIT,L,10,ENT,1.12822,0.00000
1,66,1790872855173,DEAL,REMOVE,9068,SELL_LIMIT,L,9,EXT,1.12992,0.00000
1,67,1790872854958,SYNC,REMOVE,9071,SELL_LIMIT,L,10,EXT,1.12922,0.00000
1,67,1790872855211,ENGINE,PLACE,9073,SELL_LIMIT,L,10,EXT,1.12922,0.00000
1,67,1790873251930,DEAL,FILL,9073,SELL_LIMIT,L,10,EXT,1.12922,0.00000
1,68,1790873252676,ENGINE,PLACE,9074,SELL_LIMIT,L,9,EXT,1.12992,0.00000
1,68,1790873252959,ENGINE,REMOVE,9072,BUY_LIMIT,L,11,ENT,1.12752,0.00000
1,70,1790873253884,ENGINE,PLACE,9075,BUY_LIMIT,L,10,ENT,1.12822,0.00000
1,70,1790873697642,DEAL,PLACE,9076,BUY_LIMIT,S,3,EXT,1.12856,0.00000
1,70,1790873697925,DEAL,PLACE,9077,SELL_LIMIT,S,4,ENT,1.13026,0.00000
1,70,1790873698208,DEAL,REMOVE,9069,BUY_LIMIT,S,2,EXT,1.12785,0.00000
1,70,1790873698246,DEAL,FILL,9070,SELL_LIMIT,S,3,ENT,1.12955,0.00000
1,71,1790873697786,SYNC,REMOVE,9076,BUY_LIMIT,S,3,EXT,1.12856,0.00000
1,71,1790873698246,ENGINE,PLACE,9078,BUY_LIMIT,S,3,EXT,1.12856,0.00000
1,71,1790874324578,DEAL,FILL,9078,BUY_LIMIT,S,3,EXT,1.12856,0.00000
1,72,1790874325326,ENGINE,PLACE,9079,BUY_LIMIT,S,2,EXT,1.12785,0.00000
1,72,1790874325609,ENGINE,REMOVE,9077,SELL_LIMIT,S,4,ENT,1.13026,0.00000
1,74,1790874325928,ENGINE,PLACE,9080,SELL_LIMIT,S,3,ENT,1.12955,0.00000
1,74,1790875895577,DEAL,PLACE,9081,SELL_LIMIT,L,10,EXT,1.12915,0.00000
1,74,1790875895860,DEAL,PLACE,9082,BUY_LIMIT,L,11,ENT,1.12745,0.00000
1,74,1790875896143,DEAL,REMOVE,9074,SELL_LIMIT,L,9,EXT,1.12992,0.00000
1,74,1790875896181,DEAL,FILL,9075,BUY_LIMIT,L,10,ENT,1.12822,0.00000
1,75,1790875898324,SYNC,REMOVE,9081,SELL_LIMIT,L,10,EXT,1.12915,0.00000
1,75,1790875898324,ENGINE,PLACE,9083,SELL_LIMIT,L,10,EXT,1.12915,0.00000
1,75,1790876591845,DEAL,FILL,9079,BUY_LIMIT,S,2,EXT,1.12785,0.00000
1,76,1790876592195,ENGINE,PLACE,9084,BUY_LIMIT,S,1,EXT,1.12714,0.00000
1,76,1790876592478,ENGINE,REMOVE,9080,SELL_LIMIT,S,3,ENT,1.12955,0.00000
1,76,1790876592599,ENGINE,PLACE,9085,SELL_LIMIT,S,2,ENT,1.12884,0.00000
1,78,1790876625421,DEAL,PLACE,9086,SELL_LIMIT,L,11,EXT,1.12842,0.00000
1,78,1790876625704,DEAL,PLACE,9087,BUY_LIMIT,L,12,ENT,1.12672,0.00000
1,78,1790876625987,DEAL,FILL,9082,BUY_LIMIT,L,11,ENT,1.12745,0.00000
1,78,1790876625987,DEAL,REMOVE,9083,SELL_LIMIT,L,10,EXT,1.12915,0.00000
1,79,1790876625566,SYNC,REMOVE,9086,SELL_LIMIT,L,11,EXT,1.12842,0.00000
1,79,1790876626025,ENGINE,PLACE,9088,SELL_LIMIT,L,11,EXT,1.12842,0.00000
1,79,1790876643110,DEAL,FILL,9084,BUY_LIMIT,S,1,EXT,1.12714,0.00000
1,80,1790876643262,ENGINE,REMOVE,9085,SELL_LIMIT,S,2,ENT,1.12884,0.00000
1,80,1790876643459,ENGINE,PLACE,9089,SELL_LIMIT,S,1,ENT,1.12813,0.00000
1,82,1790876816342,DEAL,PLACE,9090,SELL_LIMIT,L,12,EXT,1.12772,0.00000
1,82,1790876816625,DEAL,FILL,9087,BUY_LIMIT,L,12,ENT,1.12672,0.00000
1,82,1790876816625,DEAL,REMOVE,9088,SELL_LIMIT,L,11,EXT,1.12842,0.00000
1,83,1790876816890,SYNC,REMOVE,9090,SELL_LIMIT,L,12,EXT,1.12772,0.00000
1,83,1790876816890,ENGINE,PLACE,9091,SELL_LIMIT,L,12,EXT,1.12772,0.00000
1,83,1790877064765,DEAL,FILL,9026,BUY_LIMIT,S,0,EXT,1.12643,0.00000
1,84,1790877065521,ENGINE,PLACE,9092,SELL_LIMIT,S,0,ENT,1.12714,0.00000
1,84,1790877065804,ENGINE,REMOVE,9089,SELL_LIMIT,S,1,ENT,1.12813,0.00000
1,86,1790877913638,LATTICE,MODIFY,9023,SELL_LIMIT,L,7,EXT,1.12702,1.13274
1,86,1790877913922,LATTICE,PLACE,9093,SELL_LIMIT,L,0,EXT,1.13212,0.00000
1,86,1790877914205,LATTICE,REMOVE,9091,SELL_LIMIT,L,12,EXT,1.12772,0.00000
1,87,1790877928111,ENGINE,MODIFY,9092,SELL_LIMIT,S,0,ENT,1.12644,1.12714
1,88,1790877964489,LATTICE,PLACE,9094,SELL_LIMIT,L,8,EXT,1.12632,0.00000
1,88,1790877964772,LATTICE,REMOVE,9023,SELL_LIMIT,L,7,EXT,1.12702,0.00000
1,88,1790879405342,ENGINE,MODIFY,9092,SELL_LIMIT,S,0,ENT,1.12571,1.12644
1,88,1790879435254,LATTICE,PLACE,9095,SELL_LIMIT,L,9,EXT,1.12562,0.00000
1,88,1790879435537,LATTICE,REMOVE,9094,SELL_LIMIT,L,8,EXT,1.12632,0.00000
1,89,1790879436257,LATTICE,PLACE,9096,SELL_LIMIT,L,10,EXT,1.12492,0.00000
1,89,1790879436540,LATTICE,REMOVE,9095,SELL_LIMIT,L,9,EXT,1.12562,0.00000
1,89,1790879436578,ENGINE,MODIFY,9092,SELL_LIMIT,S,0,ENT,1.12462,1.12571
1,91,1790879661027,LATTICE,PLACE,9097,SELL_LIMIT,L,11,EXT,1.12422,0.00000
1,91,1790879661310,LATTICE,REMOVE,9096,SELL_LIMIT,L,10,EXT,1.12492,0.00000
1,91,1790879661348,ENGINE,MODIFY,9092,SELL_LIMIT,S,0,ENT,1.12391,1.12462
1,91,1790879816087,DEAL,PLACE,9098,BUY_LIMIT,S,0,EXT,1.12293,0.00000
1,91,1790879816370,DEAL,FILL,9092,SELL_LIMIT,S,0,ENT,1.12391,0.00000
1,92,1790879816238,SYNC,REMOVE,9098,BUY_LIMIT,S,0,EXT,1.12293,0.00000
1,92,1790879816370,ENGINE,PLACE,9099,BUY_LIMIT,S,0,EXT,1.12293,0.00000
1,92,1790879856089,DEAL,FILL,9097,SELL_LIMIT,L,11,EXT,1.12422,0.00000
1,93,1790879856236,ENGINE,PLACE,9100,SELL_LIMIT,L,10,EXT,1.12492,0.00000
1,95,1790880685423,DEAL,FILL,9099,BUY_LIMIT,S,0,EXT,1.12293,0.00000
1,98,1790898652001,TIMER,MODIFY,9093,SELL_LIMIT,L,0,EXT,1.13237,1.13212
1,98,1790898772001,TIMER,MODIFY,9100,SELL_LIMIT,L,10,EXT,1.12500,1.12492
2,-1,1790900826000,SEED,PLACE,1979967856,SELL_LIMIT,L,0,EXT,1.13237,0.00000
2,-1,1790900826000,SEED,PLACE,1980106039,SELL_LIMIT,L,10,EXT,1.12500,0.00000
2,-1,1790900843955,ENGINE,PLACE,9000,SELL_LIMIT,S,0,ENT,1.12536,0.00000
2,-1,1790900862116,ENGINE,PLACE,9001,BUY_LIMIT,L,13,ENT,1.12322,0.00000
2,-1,1790902256543,ENGINE,MODIFY,9000,SELL_LIMIT,S,0,ENT,1.12459,1.12536
2,-1,1790909138790,DEAL,PLACE,9002,BUY_LIMIT,S,0,EXT,1.12358,0.00000
2,-1,1790909139073,DEAL,PLACE,9003,SELL_LIMIT,S,1,ENT,1.12528,0.00000
2,-1,1790909139356,DEAL,FILL,9000,SELL_LIMIT,S,0,ENT,1.12459,0.00000
2,0,1790909139131,SYNC,REMOVE,9002,BUY_LIMIT,S,0,EXT,1.12358,0.00000
2,0,1790909139356,ENGINE,PLACE,9004,BUY_LIMIT,S,0,EXT,1.12358,0.00000
2,0,1790912323368,DEAL,FILL,9004,BUY_LIMIT,S,0,EXT,1.12358,0.00000
2,1,1790912323913,ENGINE,PLACE,9005,SELL_LIMIT,S,0,ENT,1.12429,0.00000
2,1,1790912324196,ENGINE,REMOVE,9003,SELL_LIMIT,S,1,ENT,1.12528,0.00000
2,3,1790915684590,DEAL,PLACE,9006,SELL_LIMIT,L,13,EXT,1.12423,0.00000
2,3,1790915684873,DEAL,REMOVE,1980106039,SELL_LIMIT,L,10,EXT,1.12500,0.00000
2,3,1790915684911,DEAL,FILL,9001,BUY_LIMIT,L,13,ENT,1.12322,0.00000
2,4,1790915687155,SYNC,REMOVE,9006,SELL_LIMIT,L,13,EXT,1.12423,0.00000
2,4,1790915687155,ENGINE,PLACE,9007,SELL_LIMIT,L,13,EXT,1.12423,0.00000
2,4,1790917641846,DEAL,FILL,9007,SELL_LIMIT,L,13,EXT,1.12423,0.00000
2,5,1790917644394,ENGINE,PLACE,9008,SELL_LIMIT,L,10,EXT,1.12500,0.00000
2,5,1790917644677,ENGINE,PLACE,9009,BUY_LIMIT,L,13,ENT,1.12322,0.00000
2,8,1790919099207,ENGINE,PLACE,9010,BUY_LIMIT,S,0,EXT,1.12326,0.00000
2,8,1790919099490,ENGINE,PLACE,9011,SELL_LIMIT,S,1,ENT,1.12496,0.00000
2,8,1790919099773,ENGINE,REMOVE,9005,SELL_LIMIT,S,0,ENT,1.12429,0.00000
3,-1,1790920576002,SEED,PLACE,1979967856,SELL_LIMIT,L,0,EXT,1.13237,0.00000
3,-1,1790920576002,SEED,PLACE,1981329207,SELL_LIMIT,L,10,EXT,1.12500,0.00000
3,-1,1790920576002,SEED,PLACE,1981329218,BUY_LIMIT,L,13,ENT,1.12322,0.00000
3,-1,1790920576002,SEED,PLACE,1981380735,BUY_LIMIT,S,0,EXT,1.12326,0.00000
3,-1,1790920576002,SEED,PLACE,1981380745,SELL_LIMIT,S,1,ENT,1.12496,0.00000
3,-1,1790922489260,DEAL,PLACE,9000,BUY_LIMIT,S,1,EXT,1.12398,0.00000
3,-1,1790922489543,DEAL,PLACE,9001,SELL_LIMIT,S,2,ENT,1.12568,0.00000
3,-1,1790922489826,DEAL,FILL,1981380745,SELL_LIMIT,S,1,ENT,1.12496,0.00000
3,0,1790922489399,SYNC,REMOVE,9000,BUY_LIMIT,S,1,EXT,1.12398,0.00000
3,0,1790922489826,ENGINE,PLACE,9002,BUY_LIMIT,S,1,EXT,1.12398,0.00000
3,0,1790922492084,DEAL,FILL,1981329207,SELL_LIMIT,L,10,EXT,1.12500,0.00000
3,1,1790922492218,ENGINE,MODIFY,1981329218,BUY_LIMIT,L,13,ENT,1.12392,1.12322
3,1,1790922492502,ENGINE,PLACE,9003,SELL_LIMIT,L,9,EXT,1.12570,0.00000
3,3,1790932033046,DEAL,PLACE,9004,BUY_LIMIT,S,2,EXT,1.12469,0.00000
3,3,1790932033329,DEAL,PLACE,9005,SELL_LIMIT,S,3,ENT,1.12639,0.00000
3,3,1790932033612,DEAL,FILL,9001,SELL_LIMIT,S,2,ENT,1.12568,0.00000
3,3,1790932033612,DEAL,REMOVE,9002,BUY_LIMIT,S,1,EXT,1.12398,0.00000
3,4,1790932033990,SYNC,REMOVE,9004,BUY_LIMIT,S,2,EXT,1.12469,0.00000
3,4,1790932033990,ENGINE,PLACE,9006,BUY_LIMIT,S,2,EXT,1.12469,0.00000
3,4,1790932304471,DEAL,FILL,9003,SELL_LIMIT,L,9,EXT,1.12570,0.00000
3,5,1790932305029,ENGINE,MODIFY,1981329218,BUY_LIMIT,L,13,ENT,1.12462,1.12392
3,5,1790932305313,ENGINE,PLACE,9007,SELL_LIMIT,L,8,EXT,1.12640,0.00000
3,7,1790936075482,DEAL,PLACE,9008,BUY_LIMIT,S,3,EXT,1.12543,0.00000
3,7,1790936075765,DEAL,PLACE,9009,SELL_LIMIT,S,4,ENT,1.12713,0.00000
3,7,1790936076048,DEAL,FILL,9005,SELL_LIMIT,S,3,ENT,1.12639,0.00000
3,7,1790936076048,DEAL,REMOVE,9006,BUY_LIMIT,S,2,EXT,1.12469,0.00000
3,7,1790936076086,DEAL,FILL,9007,SELL_LIMIT,L,8,EXT,1.12640,0.00000
3,9,1790936075626,SYNC,REMOVE,9008,BUY_LIMIT,S,3,EXT,1.12543,0.00000
3,9,1790936076086,ENGINE,MODIFY,1981329218,BUY_LIMIT,L,13,ENT,1.12532,1.12462
3,9,1790936076370,ENGINE,PLACE,9010,SELL_LIMIT,L,7,EXT,1.12710,0.00000
3,9,1790936076653,ENGINE,PLACE,9011,BUY_LIMIT,S,3,EXT,1.12543,0.00000
3,11,1790940308647,DEAL,FILL,9011,BUY_LIMIT,S,3,EXT,1.12543,0.00000
3,12,1790940310802,ENGINE,PLACE,9012,BUY_LIMIT,S,2,EXT,1.12469,0.00000
3,12,1790940311085,ENGINE,REMOVE,9009,SELL_LIMIT,S,4,ENT,1.12713,0.00000
3,14,1790940312409,ENGINE,PLACE,9013,SELL_LIMIT,S,3,ENT,1.12639,0.00000
3,14,1790940669394,DEAL,PLACE,9014,SELL_LIMIT,L,13,EXT,1.12631,0.00000
3,14,1790940669677,DEAL,PLACE,9015,BUY_LIMIT,L,14,ENT,1.12461,0.00000
3,14,1790940669960,DEAL,FILL,1981329218,BUY_LIMIT,L,13,ENT,1.12532,0.00000
3,14,1790940669960,DEAL,REMOVE,9010,SELL_LIMIT,L,7,EXT,1.12710,0.00000
3,15,1790940669531,SYNC,REMOVE,9014,SELL_LIMIT,L,13,EXT,1.12631,0.00000
3,15,1790940669998,ENGINE,PLACE,9016,SELL_LIMIT,L,13,EXT,1.12631,0.00000
3,15,1790941591634,DEAL,FILL,9012,BUY_LIMIT,S,2,EXT,1.12469,0.00000
3,16,1790941591778,ENGINE,PLACE,9017,BUY_LIMIT,S,1,EXT,1.12398,0.00000
3,16,1790941592061,ENGINE,REMOVE,9013,SELL_LIMIT,S,3,ENT,1.12639,0.00000
3,18,1790941592188,ENGINE,PLACE,9018,SELL_LIMIT,S,2,ENT,1.12568,0.00000
3,18,1790941623220,DEAL,PLACE,9019,SELL_LIMIT,L,14,EXT,1.12561,0.00000
3,18,1790941623503,DEAL,PLACE,9020,BUY_LIMIT,L,15,ENT,1.12391,0.00000
3,18,1790941623786,DEAL,FILL,9015,BUY_LIMIT,L,14,ENT,1.12461,0.00000
3,18,1790941623786,DEAL,REMOVE,9016,SELL_LIMIT,L,13,EXT,1.12631,0.00000
3,19,1790941623765,SYNC,REMOVE,9019,SELL_LIMIT,L,14,EXT,1.12561,0.00000
3,19,1790941623824,ENGINE,PLACE,9021,SELL_LIMIT,L,14,EXT,1.12561,0.00000
3,19,1790946902432,DEAL,FILL,9017,BUY_LIMIT,S,1,EXT,1.12398,0.00000
3,20,1790946902586,ENGINE,REMOVE,9018,SELL_LIMIT,S,2,ENT,1.12568,0.00000
3,22,1790946903582,ENGINE,PLACE,9022,SELL_LIMIT,S,1,ENT,1.12496,0.00000
3,22,1790946929188,DEAL,PLACE,9023,SELL_LIMIT,L,15,EXT,1.12488,0.00000
3,22,1790946929471,DEAL,PLACE,9024,BUY_LIMIT,L,16,ENT,1.12318,0.00000
3,22,1790946929754,DEAL,FILL,9020,BUY_LIMIT,L,15,ENT,1.12391,0.00000
3,22,1790946929754,DEAL,REMOVE,9021,SELL_LIMIT,L,14,EXT,1.12561,0.00000
3,23,1790946929734,SYNC,REMOVE,9023,SELL_LIMIT,L,15,EXT,1.12488,0.00000
3,23,1790946929792,ENGINE,PLACE,9025,SELL_LIMIT,L,15,EXT,1.12488,0.00000
3,23,1790947243626,DEAL,FILL,1981380735,BUY_LIMIT,S,0,EXT,1.12326,0.00000
3,24,1790947243763,ENGINE,PLACE,9026,SELL_LIMIT,S,0,ENT,1.12392,0.00000
3,24,1790947244046,ENGINE,REMOVE,9022,SELL_LIMIT,S,1,ENT,1.12496,0.00000
3,26,1790947244165,ENGINE,MODIFY,9024,BUY_LIMIT,L,16,ENT,1.12317,1.12318
3,26,1790947244449,DEAL,PLACE,9027,SELL_LIMIT,L,16,EXT,1.12418,0.00000
3,26,1790947244732,DEAL,FILL,9024,BUY_LIMIT,L,16,ENT,1.12318,0.00000
3,26,1790947244732,DEAL,REMOVE,9025,SELL_LIMIT,L,15,EXT,1.12488,0.00000
3,27,1790947244572,SYNC,REMOVE,9027,SELL_LIMIT,L,16,EXT,1.12418,0.00000
3,27,1790947244770,ENGINE,PLACE,9028,SELL_LIMIT,L,16,EXT,1.12418,0.00000
3,28,1790947830232,ENGINE,PLACE,9029,BUY_LIMIT,S,0,EXT,1.12287,0.00000
3,28,1790947830515,ENGINE,PLACE,9030,SELL_LIMIT,S,1,ENT,1.12457,0.00000
3,28,1790947830798,ENGINE,REMOVE,9026,SELL_LIMIT,S,0,ENT,1.12392,0.00000
3,28,1790949812030,DEAL,FILL,9029,BUY_LIMIT,S,0,EXT,1.12287,0.00000
3,29,1790949812577,ENGINE,PLACE,9031,SELL_LIMIT,S,0,ENT,1.12355,0.00000
3,29,1790949812860,ENGINE,REMOVE,9030,SELL_LIMIT,S,1,ENT,1.12457,0.00000
3,31,1790950585962,DEAL,PLACE,9032,BUY_LIMIT,S,0,EXT,1.12257,0.00000
3,31,1790950586245,DEAL,PLACE,9033,SELL_LIMIT,S,1,ENT,1.12427,0.00000
3,31,1790950586528,DEAL,FILL,9031,SELL_LIMIT,S,0,ENT,1.12355,0.00000
3,32,1790950586510,SYNC,REMOVE,9032,BUY_LIMIT,S,0,EXT,1.12257,0.00000
3,32,1790950586528,ENGINE,PLACE,9034,BUY_LIMIT,S,0,EXT,1.12257,0.00000
3,32,1790951760211,DEAL,FILL,9028,SELL_LIMIT,L,16,EXT,1.12418,0.00000
3,33,1790951760355,ENGINE,PLACE,9035,SELL_LIMIT,L,15,EXT,1.12488,0.00000
3,33,1790951760638,ENGINE,PLACE,9036,BUY_LIMIT,L,16,ENT,1.12318,0.00000
3,35,1790952268623,DEAL,PLACE,9037,BUY_LIMIT,S,1,EXT,1.12327,0.00000
3,35,1790952268906,DEAL,PLACE,9038,SELL_LIMIT,S,2,ENT,1.12497,0.00000
3,35,1790952269189,DEAL,FILL,9033,SELL_LIMIT,S,1,ENT,1.12427,0.00000
3,36,1790952268775,SYNC,REMOVE,9037,BUY_LIMIT,S,1,EXT,1.12327,0.00000
3,36,1790952269189,ENGINE,PLACE,9039,BUY_LIMIT,S,1,EXT,1.12327,0.00000
3,36,1790952785409,DEAL,FILL,9039,BUY_LIMIT,S,1,EXT,1.12327,0.00000
3,37,1790952785550,ENGINE,REMOVE,9038,SELL_LIMIT,S,2,ENT,1.12497,0.00000
3,37,1790952785761,ENGINE,PLACE,9040,SELL_LIMIT,S,1,ENT,1.12427,0.00000
3,39,1790952797061,DEAL,PLACE,9041,SELL_LIMIT,L,16,EXT,1.12417,0.00000
3,39,1790952797344,DEAL,REMOVE,9035,SELL_LIMIT,L,15,EXT,1.12488,0.00000
3,39,1790952797382,DEAL,FILL,9036,BUY_LIMIT,L,16,ENT,1.12318,0.00000
3,40,1790952797204,SYNC,REMOVE,9041,SELL_LIMIT,L,16,EXT,1.12417,0.00000
3,40,1790952797382,ENGINE,PLACE,9042,SELL_LIMIT,L,16,EXT,1.12417,0.00000
3,40,1790953608014,DEAL,FILL,9034,BUY_LIMIT,S,0,EXT,1.12257,0.00000
3,41,1790953608149,ENGINE,PLACE,9043,SELL_LIMIT,S,0,ENT,1.12326,0.00000
3,41,1790953608432,ENGINE,REMOVE,9040,SELL_LIMIT,S,1,ENT,1.12427,0.00000
3,44,1790953711458,LATTICE,PLACE,9044,SELL_LIMIT,L,12,EXT,1.12355,0.00000
3,44,1790953711741,LATTICE,REMOVE,9042,SELL_LIMIT,L,16,EXT,1.12417,0.00000
3,44,1790954236546,ENGINE,MODIFY,9043,SELL_LIMIT,S,0,ENT,1.12283,1.12326
3,44,1790954738679,DEAL,PLACE,9045,BUY_LIMIT,S,0,EXT,1.12187,0.00000
3,44,1790954738962,DEAL,PLACE,9046,SELL_LIMIT,S,1,ENT,1.12357,0.00000
3,44,1790954739245,DEAL,FILL,9043,SELL_LIMIT,S,0,ENT,1.12283,0.00000
3,45,1790954739018,SYNC,REMOVE,9045,BUY_LIMIT,S,0,EXT,1.12187,0.00000
3,45,1790954739245,ENGINE,PLACE,9047,BUY_LIMIT,S,0,EXT,1.12187,0.00000
3,45,1790955002061,ENGINE,MODIFY,9046,SELL_LIMIT,S,1,ENT,1.12579,1.12357
3,45,1790955002345,DEAL,FILL,9044,SELL_LIMIT,L,12,EXT,1.12355,0.00000
3,45,1790955002345,DEAL,PLACE,9048,BUY_LIMIT,S,1,EXT,1.12473,0.00000
3,45,1790955002628,DEAL,PLACE,9049,SELL_LIMIT,S,2,ENT,1.12643,0.00000
3,45,1790955002911,DEAL,FILL,9046,SELL_LIMIT,S,1,ENT,1.12357,0.00000
3,45,1790955003755,CB_DONE,PLACE,9050,SELL_LIMIT,L,16,EXT,1.12575,0.00000
3,45,1790955004038,ENGINE,PLACE,9051,BUY_LIMIT,L,17,ENT,1.12247,0.00000
3,45,1790955005726,DEAL,FILL,9050,SELL_LIMIT,L,16,EXT,1.12575,0.00000
3,45,1790955006961,CB_DONE,PLACE,9052,SELL_LIMIT,L,15,EXT,1.12585,0.00000
3,45,1790955007244,ENGINE,REMOVE,9051,BUY_LIMIT,L,17,ENT,1.12247,0.00000
3,45,1790955007675,ENGINE,PLACE,9053,BUY_LIMIT,L,16,ENT,1.12318,0.00000
3,47,1790955010685,SYNC,REMOVE,9048,BUY_LIMIT,S,1,EXT,1.12473,0.00000
3,47,1790955010685,ENGINE,MODIFY,9049,SELL_LIMIT,S,2,ENT,1.12582,1.12643
3,47,1790955010969,ENGINE,PLACE,9054,SELL_LIMIT,L,16,EXT,1.12472,0.00000
3,47,1790955011252,ENGINE,PLACE,9055,BUY_LIMIT,S,1,EXT,1.12412,0.00000
3,47,1790955011535,ENGINE,REMOVE,9052,SELL_LIMIT,L,15,EXT,1.12585,0.00000
3,47,1790955011573,ENGINE,REMOVE,9053,BUY_LIMIT,L,16,ENT,1.12318,0.00000
3,47,1790955011890,ENGINE,PLACE,9056,BUY_LIMIT,L,17,ENT,1.12247,0.00000
3,47,1790955016356,DEAL,FILL,9055,BUY_LIMIT,S,1,EXT,1.12412,0.00000
3,47,1790955017705,ENGINE,REMOVE,9049,SELL_LIMIT,S,2,ENT,1.12582,0.00000
3,47,1790955018109,ENGINE,PLACE,9057,SELL_LIMIT,S,1,ENT,1.12418,0.00000
3,47,1790955018765,DEAL,PLACE,9058,BUY_LIMIT,S,1,EXT,1.12319,0.00000
3,47,1790955019048,DEAL,PLACE,9059,SELL_LIMIT,S,2,ENT,1.12489,0.00000
3,47,1790955019331,DEAL,FILL,9057,SELL_LIMIT,S,1,ENT,1.12418,0.00000
3,48,1790955023122,SYNC,REMOVE,9058,BUY_LIMIT,S,1,EXT,1.12319,0.00000
3,48,1790955023122,ENGINE,REMOVE,9059,SELL_LIMIT,S,2,ENT,1.12489,0.00000
3,48,1790955023925,ENGINE,PLACE,9060,SELL_LIMIT,S,1,ENT,1.12458,0.00000
3,50,1790955024528,ENGINE,MODIFY,9060,SELL_LIMIT,S,1,ENT,1.12452,1.12458
3,52,1790955025129,ENGINE,MODIFY,9060,SELL_LIMIT,S,1,ENT,1.12453,1.12452
3,52,1790955025986,DEAL,PLACE,9061,BUY_LIMIT,S,1,EXT,1.12377,0.00000
3,52,1790955026269,DEAL,PLACE,9062,SELL_LIMIT,S,2,ENT,1.12547,0.00000
3,52,1790955026552,DEAL,FILL,9060,SELL_LIMIT,S,1,ENT,1.12453,0.00000
3,52,1790955026552,DEAL,FILL,9054,SELL_LIMIT,L,16,EXT,1.12472,0.00000
3,52,1790955026841,CB_DONE,PLACE,9063,SELL_LIMIT,L,15,EXT,1.12488,0.00000
3,52,1790955027124,ENGINE,REMOVE,9056,BUY_LIMIT,L,17,ENT,1.12247,0.00000
3,53,1790955027339,SYNC,REMOVE,9061,BUY_LIMIT,S,1,EXT,1.12377,0.00000
3,53,1790955027339,ENGINE,PLACE,9064,BUY_LIMIT,L,16,ENT,1.12318,0.00000
3,53,1790955027622,ENGINE,REMOVE,9062,SELL_LIMIT,S,2,ENT,1.12547,0.00000
3,53,1790955027741,ENGINE,PLACE,9065,SELL_LIMIT,S,1,ENT,1.12476,0.00000
3,53,1790955028397,DEAL,PLACE,9066,BUY_LIMIT,S,1,EXT,1.12380,0.00000
3,53,1790955028680,DEAL,PLACE,9067,SELL_LIMIT,S,2,ENT,1.12550,0.00000
3,53,1790955028963,DEAL,FILL,9065,SELL_LIMIT,S,1,ENT,1.12476,0.00000
3,55,1790955029147,SYNC,REMOVE,9066,BUY_LIMIT,S,1,EXT,1.12380,0.00000
3,55,1790955029147,ENGINE,REMOVE,9067,SELL_LIMIT,S,2,ENT,1.12550,0.00000
3,55,1790955029350,ENGINE,PLACE,9068,SELL_LIMIT,S,1,ENT,1.12484,0.00000
3,56,1790955030756,ENGINE,PLACE,9069,BUY_LIMIT,S,1,EXT,1.12364,0.00000
3,56,1790955031039,ENGINE,REMOVE,9068,SELL_LIMIT,S,1,ENT,1.12484,0.00000
3,56,1790955031158,ENGINE,PLACE,9070,SELL_LIMIT,S,2,ENT,1.12534,0.00000
3,56,1790955072349,DEAL,FILL,9063,SELL_LIMIT,L,15,EXT,1.12488,0.00000
3,57,1790955072492,ENGINE,PLACE,9071,SELL_LIMIT,L,14,EXT,1.12561,0.00000
3,57,1790955072775,ENGINE,REMOVE,9064,BUY_LIMIT,L,16,ENT,1.12318,0.00000
3,57,1790955073094,ENGINE,PLACE,9072,BUY_LIMIT,L,15,ENT,1.12391,0.00000
3,59,1790955079171,DEAL,PLACE,9073,BUY_LIMIT,S,2,EXT,1.12437,0.00000
3,59,1790955079454,DEAL,PLACE,9074,SELL_LIMIT,S,3,ENT,1.12607,0.00000
3,59,1790955079737,DEAL,REMOVE,9069,BUY_LIMIT,S,1,EXT,1.12364,0.00000
3,59,1790955079775,DEAL,FILL,9070,SELL_LIMIT,S,2,ENT,1.12534,0.00000
3,60,1790955079517,SYNC,REMOVE,9073,BUY_LIMIT,S,2,EXT,1.12437,0.00000
3,60,1790955079775,ENGINE,PLACE,9075,BUY_LIMIT,S,2,EXT,1.12437,0.00000
3,60,1790955148632,DEAL,FILL,9071,SELL_LIMIT,L,14,EXT,1.12561,0.00000
3,61,1790955148776,ENGINE,PLACE,9076,SELL_LIMIT,L,13,EXT,1.12631,0.00000
3,61,1790955149059,ENGINE,REMOVE,9072,BUY_LIMIT,L,15,ENT,1.12391,0.00000
3,61,1790955149378,ENGINE,PLACE,9077,BUY_LIMIT,L,14,ENT,1.12461,0.00000
3,63,1790955212085,DEAL,PLACE,9078,SELL_LIMIT,L,14,EXT,1.12556,0.00000
3,63,1790955212368,DEAL,PLACE,9079,BUY_LIMIT,L,15,ENT,1.12386,0.00000
3,63,1790955212651,DEAL,REMOVE,9076,SELL_LIMIT,L,13,EXT,1.12631,0.00000
3,63,1790955212689,DEAL,FILL,9077,BUY_LIMIT,L,14,ENT,1.12461,0.00000
3,64,1790955212431,SYNC,REMOVE,9078,SELL_LIMIT,L,14,EXT,1.12556,0.00000
3,64,1790955212689,ENGINE,PLACE,9080,SELL_LIMIT,L,14,EXT,1.12556,0.00000
3,64,1790955215701,DEAL,FILL,9075,BUY_LIMIT,S,2,EXT,1.12437,0.00000
3,65,1790955215850,ENGINE,PLACE,9081,BUY_LIMIT,S,1,EXT,1.12364,0.00000
3,65,1790955216133,ENGINE,REMOVE,9074,SELL_LIMIT,S,3,ENT,1.12607,0.00000
3,65,1790955216251,ENGINE,PLACE,9082,SELL_LIMIT,S,2,ENT,1.12534,0.00000
3,67,1790955770237,DEAL,PLACE,9083,SELL_LIMIT,L,15,EXT,1.12484,0.00000
3,67,1790955770520,DEAL,PLACE,9084,BUY_LIMIT,L,16,ENT,1.12314,0.00000
3,67,1790955770803,DEAL,FILL,9079,BUY_LIMIT,L,15,ENT,1.12386,0.00000
3,67,1790955770803,DEAL,REMOVE,9080,SELL_LIMIT,L,14,EXT,1.12556,0.00000
3,68,1790955770982,SYNC,REMOVE,9083,SELL_LIMIT,L,15,EXT,1.12484,0.00000
3,68,1790955770982,ENGINE,PLACE,9085,SELL_LIMIT,L,15,EXT,1.12484,0.00000
3,68,1790956166584,DEAL,FILL,9085,SELL_LIMIT,L,15,EXT,1.12484,0.00000
3,69,1790956166932,ENGINE,PLACE,9086,SELL_LIMIT,L,14,EXT,1.12556,0.00000
3,69,1790956167215,ENGINE,REMOVE,9084,BUY_LIMIT,L,16,ENT,1.12314,0.00000
3,69,1790956167933,ENGINE,PLACE,9087,BUY_LIMIT,L,15,ENT,1.12386,0.00000
3,71,1790956241415,DEAL,PLACE,9088,BUY_LIMIT,S,2,EXT,1.12436,0.00000
3,71,1790956241698,DEAL,PLACE,9089,SELL_LIMIT,S,3,ENT,1.12606,0.00000
3,71,1790956241981,DEAL,REMOVE,9081,BUY_LIMIT,S,1,EXT,1.12364,0.00000
3,71,1790956242019,DEAL,FILL,9082,SELL_LIMIT,S,2,ENT,1.12534,0.00000
3,72,1790956241559,SYNC,REMOVE,9088,BUY_LIMIT,S,2,EXT,1.12436,0.00000
3,72,1790956242019,ENGINE,PLACE,9090,BUY_LIMIT,S,2,EXT,1.12436,0.00000
3,72,1790956456604,DEAL,FILL,9086,SELL_LIMIT,L,14,EXT,1.12556,0.00000
3,73,1790956456753,ENGINE,PLACE,9091,SELL_LIMIT,L,13,EXT,1.12631,0.00000
3,73,1790956457036,ENGINE,REMOVE,9087,BUY_LIMIT,L,15,ENT,1.12386,0.00000
3,73,1790956457153,ENGINE,PLACE,9092,BUY_LIMIT,L,14,ENT,1.12461,0.00000
3,75,1790956547647,DEAL,PLACE,9093,BUY_LIMIT,S,3,EXT,1.12505,0.00000
3,75,1790956547930,DEAL,PLACE,9094,SELL_LIMIT,S,4,ENT,1.12675,0.00000
3,75,1790956548213,DEAL,FILL,9089,SELL_LIMIT,S,3,ENT,1.12606,0.00000
3,75,1790956548213,DEAL,REMOVE,9090,BUY_LIMIT,S,2,EXT,1.12436,0.00000
3,76,1790956547796,SYNC,REMOVE,9093,BUY_LIMIT,S,3,EXT,1.12505,0.00000
3,76,1790956548251,ENGINE,PLACE,9095,BUY_LIMIT,S,3,EXT,1.12505,0.00000
3,76,1790956741780,DEAL,FILL,9091,SELL_LIMIT,L,13,EXT,1.12631,0.00000
3,77,1790956742328,ENGINE,PLACE,9096,SELL_LIMIT,L,7,EXT,1.12710,0.00000
3,77,1790956742611,ENGINE,REMOVE,9092,BUY_LIMIT,L,14,ENT,1.12461,0.00000
3,79,1790956743732,ENGINE,PLACE,9097,BUY_LIMIT,L,8,ENT,1.12532,0.00000
3,79,1790957242321,DEAL,PLACE,9098,SELL_LIMIT,L,8,EXT,1.12633,0.00000
3,79,1790957242604,DEAL,PLACE,9099,BUY_LIMIT,L,9,ENT,1.12463,0.00000
3,79,1790957242887,DEAL,REMOVE,9096,SELL_LIMIT,L,7,EXT,1.12710,0.00000
3,79,1790957242925,DEAL,FILL,9097,BUY_LIMIT,L,8,ENT,1.12532,0.00000
3,80,1790957242672,SYNC,REMOVE,9098,SELL_LIMIT,L,8,EXT,1.12633,0.00000
3,80,1790957242925,ENGINE,PLACE,9100,SELL_LIMIT,L,8,EXT,1.12633,0.00000
3,80,1790957381726,DEAL,FILL,9095,BUY_LIMIT,S,3,EXT,1.12505,0.00000
3,81,1790957383082,ENGINE,PLACE,9101,BUY_LIMIT,S,2,EXT,1.12436,0.00000
3,81,1790957383365,ENGINE,REMOVE,9094,SELL_LIMIT,S,4,ENT,1.12675,0.00000
3,83,1790957383688,ENGINE,PLACE,9102,SELL_LIMIT,S,3,ENT,1.12606,0.00000
3,83,1790957688764,DEAL,PLACE,9103,SELL_LIMIT,L,9,EXT,1.12563,0.00000
3,83,1790957689047,DEAL,PLACE,9104,BUY_LIMIT,L,10,ENT,1.12393,0.00000
3,83,1790957689330,DEAL,FILL,9099,BUY_LIMIT,L,9,ENT,1.12463,0.00000
3,83,1790957689330,DEAL,REMOVE,9100,SELL_LIMIT,L,8,EXT,1.12633,0.00000
3,84,1790957691326,SYNC,REMOVE,9103,SELL_LIMIT,L,9,EXT,1.12563,0.00000
3,84,1790957691326,ENGINE,PLACE,9105,SELL_LIMIT,L,9,EXT,1.12563,0.00000
3,84,1790958129490,DEAL,FILL,9101,BUY_LIMIT,S,2,EXT,1.12436,0.00000
3,85,1790958129835,ENGINE,PLACE,9106,BUY_LIMIT,S,1,EXT,1.12364,0.00000
3,85,1790958130118,ENGINE,REMOVE,9102,SELL_LIMIT,S,3,ENT,1.12606,0.00000
3,85,1790958130240,ENGINE,PLACE,9107,SELL_LIMIT,S,2,ENT,1.12534,0.00000
3,87,1790958562402,DEAL,PLACE,9108,BUY_LIMIT,S,2,EXT,1.12435,0.00000
3,87,1790958562685,DEAL,PLACE,9109,SELL_LIMIT,S,3,ENT,1.12605,0.00000
3,87,1790958562968,DEAL,REMOVE,9106,BUY_LIMIT,S,1,EXT,1.12364,0.00000
3,87,1790958563006,DEAL,FILL,9107,SELL_LIMIT,S,2,ENT,1.12534,0.00000
3,88,1790958562544,SYNC,REMOVE,9108,BUY_LIMIT,S,2,EXT,1.12435,0.00000
3,88,1790958563006,ENGINE,PLACE,9110,BUY_LIMIT,S,2,EXT,1.12435,0.00000
3,88,1790959508839,DEAL,FILL,9105,SELL_LIMIT,L,9,EXT,1.12563,0.00000
3,89,1790959508990,ENGINE,PLACE,9111,SELL_LIMIT,L,8,EXT,1.12633,0.00000
3,89,1790959509273,ENGINE,REMOVE,9104,BUY_LIMIT,L,10,ENT,1.12393,0.00000
3,91,1790959510597,ENGINE,PLACE,9112,BUY_LIMIT,L,9,ENT,1.12463,0.00000
3,91,1790959652685,DEAL,PLACE,9113,BUY_LIMIT,S,3,EXT,1.12506,0.00000
3,91,1790959652968,DEAL,PLACE,9114,SELL_LIMIT,S,4,ENT,1.12676,0.00000
3,91,1790959653251,DEAL,FILL,9109,SELL_LIMIT,S,3,ENT,1.12605,0.00000
3,91,1790959653251,DEAL,REMOVE,9110,BUY_LIMIT,S,2,EXT,1.12435,0.00000
3,92,1790959652831,SYNC,REMOVE,9113,BUY_LIMIT,S,3,EXT,1.12506,0.00000
3,92,1790959653289,ENGINE,PLACE,9115,BUY_LIMIT,S,3,EXT,1.12506,0.00000
3,92,1790959762578,DEAL,FILL,9111,SELL_LIMIT,L,8,EXT,1.12633,0.00000
3,93,1790959764731,ENGINE,PLACE,9116,SELL_LIMIT,L,7,EXT,1.12710,0.00000
3,93,1790959765014,ENGINE,REMOVE,9112,BUY_LIMIT,L,9,ENT,1.12463,0.00000
3,95,1790959765538,ENGINE,PLACE,9117,BUY_LIMIT,L,8,ENT,1.12532,0.00000
3,95,1790959839534,DEAL,PLACE,9118,BUY_LIMIT,S,4,EXT,1.12578,0.00000
3,95,1790959839817,DEAL,PLACE,9119,SELL_LIMIT,S,5,ENT,1.12748,0.00000
3,95,1790959840100,DEAL,FILL,9114,SELL_LIMIT,S,4,ENT,1.12676,0.00000
3,95,1790959840100,DEAL,REMOVE,9115,BUY_LIMIT,S,3,EXT,1.12506,0.00000
3,96,1790959839677,SYNC,REMOVE,9118,BUY_LIMIT,S,4,EXT,1.12578,0.00000
3,96,1790959840138,ENGINE,PLACE,9120,BUY_LIMIT,S,4,EXT,1.12578,0.00000
3,96,1790960263441,DEAL,FILL,9116,SELL_LIMIT,L,7,EXT,1.12710,0.00000
3,96,1790960263876,CB_DONE,PLACE,9121,SELL_LIMIT,L,1,EXT,1.13167,0.00000
3,96,1790960264159,ENGINE,REMOVE,9117,BUY_LIMIT,L,8,ENT,1.12532,0.00000
3,97,1790960264390,ENGINE,PLACE,9122,BUY_LIMIT,L,2,ENT,1.12707,0.00000
3,99,1790960264789,ENGINE,MODIFY,9122,BUY_LIMIT,L,2,ENT,1.12706,1.12707
3,99,1790960265249,DEAL,PLACE,9123,SELL_LIMIT,L,2,EXT,1.12803,0.00000
3,99,1790960265532,DEAL,PLACE,9124,BUY_LIMIT,L,3,ENT,1.12633,0.00000
3,99,1790960265815,DEAL,REMOVE,9121,SELL_LIMIT,L,1,EXT,1.13167,0.00000
3,99,1790960265853,DEAL,FILL,9122,BUY_LIMIT,L,2,ENT,1.12706,0.00000
3,100,1790960284042,SYNC,REMOVE,9123,SELL_LIMIT,L,2,EXT,1.12803,0.00000
3,100,1790960284042,ENGINE,MODIFY,9124,BUY_LIMIT,L,3,ENT,1.12676,1.12633
3,100,1790960284326,ENGINE,PLACE,9125,SELL_LIMIT,L,2,EXT,1.12846,0.00000
3,100,1790960345532,DEAL,PLACE,9126,BUY_LIMIT,S,5,EXT,1.12651,0.00000
3,100,1790960345815,DEAL,PLACE,9127,SELL_LIMIT,S,6,ENT,1.12821,0.00000
3,100,1790960346098,DEAL,FILL,9119,SELL_LIMIT,S,5,ENT,1.12748,0.00000
3,100,1790960346098,DEAL,REMOVE,9120,BUY_LIMIT,S,4,EXT,1.12578,0.00000
3,101,1790960346277,SYNC,REMOVE,9126,BUY_LIMIT,S,5,EXT,1.12651,0.00000
3,101,1790960346277,ENGINE,PLACE,9128,BUY_LIMIT,S,5,EXT,1.12651,0.00000
3,101,1790960701284,DEAL,PLACE,9129,BUY_LIMIT,S,6,EXT,1.12722,0.00000
3,101,1790960701567,DEAL,PLACE,9130,SELL_LIMIT,S,7,ENT,1.12892,0.00000
3,101,1790960701850,DEAL,FILL,9127,SELL_LIMIT,S,6,ENT,1.12821,0.00000
3,101,1790960701850,DEAL,REMOVE,9128,BUY_LIMIT,S,5,EXT,1.12651,0.00000
3,102,1790960701424,SYNC,REMOVE,9129,BUY_LIMIT,S,6,EXT,1.12722,0.00000
3,102,1790960701888,ENGINE,PLACE,9131,BUY_LIMIT,S,6,EXT,1.12722,0.00000
3,102,1790960947029,DEAL,FILL,9125,SELL_LIMIT,L,2,EXT,1.12846,0.00000
3,103,1790960947972,ENGINE,PLACE,9132,SELL_LIMIT,L,1,EXT,1.13167,0.00000
3,103,1790960948255,ENGINE,REMOVE,9124,BUY_LIMIT,L,3,ENT,1.12676,0.00000
3,103,1790960948573,ENGINE,PLACE,9133,BUY_LIMIT,L,2,ENT,1.12843,0.00000
3,105,1790960949581,ENGINE,MODIFY,9133,BUY_LIMIT,L,2,ENT,1.12849,1.12843
3,105,1790960950650,DEAL,PLACE,9134,SELL_LIMIT,L,2,EXT,1.12943,0.00000
3,105,1790960950933,DEAL,PLACE,9135,BUY_LIMIT,L,3,ENT,1.12773,0.00000
3,105,1790960951216,DEAL,REMOVE,9132,SELL_LIMIT,L,1,EXT,1.13167,0.00000
3,105,1790960951254,DEAL,FILL,9133,BUY_LIMIT,L,2,ENT,1.12849,0.00000
3,106,1790960950788,SYNC,REMOVE,9134,SELL_LIMIT,L,2,EXT,1.12943,0.00000
3,106,1790960951254,ENGINE,PLACE,9136,SELL_LIMIT,L,2,EXT,1.12943,0.00000
3,106,1790961106762,DEAL,PLACE,9137,SELL_LIMIT,L,3,EXT,1.12873,0.00000
3,106,1790961107045,DEAL,PLACE,9138,BUY_LIMIT,L,4,ENT,1.12703,0.00000
3,106,1790961107328,DEAL,FILL,9135,BUY_LIMIT,L,3,ENT,1.12773,0.00000
3,106,1790961107328,DEAL,REMOVE,9136,SELL_LIMIT,L,2,EXT,1.12943,0.00000
3,107,1790961106905,SYNC,REMOVE,9137,SELL_LIMIT,L,3,EXT,1.12873,0.00000
3,107,1790961107366,ENGINE,PLACE,9139,SELL_LIMIT,L,3,EXT,1.12873,0.00000
4,-1,1790961652001,SEED,PLACE,1979967856,SELL_LIMIT,L,0,EXT,1.13237,0.00000
4,-1,1790961652001,SEED,PLACE,1983449557,SELL_LIMIT,L,3,EXT,1.12873,0.00000
4,-1,1790961652001,SEED,PLACE,1983449572,BUY_LIMIT,L,4,ENT,1.12703,0.00000
4,-1,1790961652001,SEED,PLACE,1982764022,BUY_LIMIT,S,0,EXT,1.12187,0.00000
4,-1,1790961652001,SEED,PLACE,1983413278,BUY_LIMIT,S,6,EXT,1.12722,0.00000
4,-1,1790961652001,SEED,PLACE,1983413349,SELL_LIMIT,S,7,ENT,1.12892,0.00000
4,-1,1790963698164,DEAL,FILL,1983413278,BUY_LIMIT,S,6,EXT,1.12722,0.00000
4,0,1790963698310,ENGINE,PLACE,9000,BUY_LIMIT,S,5,EXT,1.12651,0.00000
4,0,1790963698593,ENGINE,REMOVE,1983413349,SELL_LIMIT,S,7,ENT,1.12892,0.00000
4,2,1790963698711,ENGINE,PLACE,9001,SELL_LIMIT,S,6,ENT,1.12821,0.00000
4,2,1790964258226,DEAL,PLACE,9002,SELL_LIMIT,L,4,EXT,1.12802,0.00000
4,2,1790964258509,DEAL,PLACE,9003,BUY_LIMIT,L,5,ENT,1.12632,0.00000
4,2,1790964258792,DEAL,REMOVE,1983449557,SELL_LIMIT,L,3,EXT,1.12873,0.00000
4,2,1790964258830,DEAL,FILL,1983449572,BUY_LIMIT,L,4,ENT,1.12703,0.00000
4,3,1790964259787,SYNC,REMOVE,9002,SELL_LIMIT,L,4,EXT,1.12802,0.00000
4,3,1790964259787,ENGINE,PLACE,9004,SELL_LIMIT,L,4,EXT,1.12802,0.00000
4,3,1790964651978,DEAL,FILL,9000,BUY_LIMIT,S,5,EXT,1.12651,0.00000
4,4,1790964652930,ENGINE,PLACE,9005,BUY_LIMIT,S,4,EXT,1.12578,0.00000
4,4,1790964653213,ENGINE,REMOVE,9001,SELL_LIMIT,S,6,ENT,1.12821,0.00000
4,6,1790964654339,ENGINE,PLACE,9006,SELL_LIMIT,S,5,ENT,1.12748,0.00000
4,6,1790964945235,DEAL,PLACE,9007,SELL_LIMIT,L,5,EXT,1.12732,0.00000
4,6,1790964945518,DEAL,PLACE,9008,BUY_LIMIT,L,6,ENT,1.12562,0.00000
4,6,1790964945801,DEAL,FILL,9003,BUY_LIMIT,L,5,ENT,1.12632,0.00000
4,6,1790964945801,DEAL,REMOVE,9004,SELL_LIMIT,L,4,EXT,1.12802,0.00000
4,7,1790964945382,SYNC,REMOVE,9007,SELL_LIMIT,L,5,EXT,1.12732,0.00000
4,7,1790964945839,ENGINE,PLACE,9009,SELL_LIMIT,L,5,EXT,1.12732,0.00000
4,7,1790965471659,DEAL,FILL,9005,BUY_LIMIT,S,4,EXT,1.12578,0.00000
4,8,1790965472811,ENGINE,PLACE,9010,BUY_LIMIT,S,3,EXT,1.12506,0.00000
4,8,1790965473094,ENGINE,REMOVE,9006,SELL_LIMIT,S,5,ENT,1.12748,0.00000
4,10,1790965474618,ENGINE,PLACE,9011,SELL_LIMIT,S,4,ENT,1.12676,0.00000
4,10,1790965492536,DEAL,PLACE,9012,SELL_LIMIT,L,6,EXT,1.12662,0.00000
4,10,1790965492819,DEAL,PLACE,9013,BUY_LIMIT,L,7,ENT,1.12492,0.00000
4,10,1790965493102,DEAL,FILL,9008,BUY_LIMIT,L,6,ENT,1.12562,0.00000
4,10,1790965493102,DEAL,REMOVE,9009,SELL_LIMIT,L,5,EXT,1.12732,0.00000
4,11,1790965493085,SYNC,REMOVE,9012,SELL_LIMIT,L,6,EXT,1.12662,0.00000
4,11,1790965493140,ENGINE,PLACE,9014,SELL_LIMIT,L,6,EXT,1.12662,0.00000
4,11,1790969155178,DEAL,FILL,9010,BUY_LIMIT,S,3,EXT,1.12506,0.00000
4,12,1790969155525,ENGINE,PLACE,9015,BUY_LIMIT,S,2,EXT,1.12435,0.00000
4,12,1790969155808,ENGINE,REMOVE,9011,SELL_LIMIT,S,4,ENT,1.12676,0.00000
4,14,1790969156122,ENGINE,PLACE,9016,SELL_LIMIT,S,3,ENT,1.12605,0.00000
4,14,1790970510815,DEAL,PLACE,9017,BUY_LIMIT,S,3,EXT,1.12509,0.00000
4,14,1790970511098,DEAL,PLACE,9018,SELL_LIMIT,S,4,ENT,1.12679,0.00000
4,14,1790970511381,DEAL,REMOVE,9015,BUY_LIMIT,S,2,EXT,1.12435,0.00000
4,14,1790970511419,DEAL,FILL,9016,SELL_LIMIT,S,3,ENT,1.12605,0.00000
4,15,1790970510963,SYNC,REMOVE,9017,BUY_LIMIT,S,3,EXT,1.12509,0.00000
4,15,1790970511419,ENGINE,PLACE,9019,BUY_LIMIT,S,3,EXT,1.12509,0.00000
4,15,1790976201282,DEAL,FILL,9019,BUY_LIMIT,S,3,EXT,1.12509,0.00000
4,16,1790976202434,ENGINE,PLACE,9020,BUY_LIMIT,S,2,EXT,1.12435,0.00000
4,16,1790976202717,ENGINE,REMOVE,9018,SELL_LIMIT,S,4,ENT,1.12679,0.00000
4,18,1790976203238,ENGINE,PLACE,9021,SELL_LIMIT,S,3,ENT,1.12605,0.00000
4,18,1790978098541,DEAL,PLACE,9022,SELL_LIMIT,L,7,EXT,1.12592,0.00000
4,18,1790978098824,DEAL,FILL,9013,BUY_LIMIT,L,7,ENT,1.12492,0.00000
4,18,1790978098824,DEAL,REMOVE,9014,SELL_LIMIT,L,6,EXT,1.12662,0.00000
4,19,1790978100097,SYNC,REMOVE,9022,SELL_LIMIT,L,7,EXT,1.12592,0.00000
4,19,1790978100097,ENGINE,PLACE,9023,SELL_LIMIT,L,7,EXT,1.12592,0.00000
4,19,1790979887696,DEAL,FILL,9023,SELL_LIMIT,L,7,EXT,1.12592,0.00000
4,20,1790979887848,ENGINE,PLACE,9024,SELL_LIMIT,L,6,EXT,1.12662,0.00000
4,20,1790979888131,ENGINE,PLACE,9025,BUY_LIMIT,L,7,ENT,1.12492,0.00000
4,22,1791164991980,DEAL,PLACE,9026,BUY_LIMIT,S,3,EXT,1.12505,0.00000
4,22,1791164992263,DEAL,PLACE,9027,SELL_LIMIT,S,4,ENT,1.12675,0.00000
4,22,1791164992546,DEAL,REMOVE,9020,BUY_LIMIT,S,2,EXT,1.12435,0.00000
4,22,1791164992584,DEAL,FILL,9021,SELL_LIMIT,S,3,ENT,1.12605,0.00000
4,23,1791164992524,SYNC,REMOVE,9026,BUY_LIMIT,S,3,EXT,1.12505,0.00000
4,23,1791164992584,ENGINE,PLACE,9028,BUY_LIMIT,S,3,EXT,1.12505,0.00000
4,23,1791169937612,DEAL,FILL,9028,BUY_LIMIT,S,3,EXT,1.12505,0.00000
4,24,1791169937955,ENGINE,PLACE,9029,BUY_LIMIT,S,2,EXT,1.12435,0.00000
4,24,1791169938238,ENGINE,REMOVE,9027,SELL_LIMIT,S,4,ENT,1.12675,0.00000
4,26,1791169938361,ENGINE,PLACE,9030,SELL_LIMIT,S,3,ENT,1.12605,0.00000
4,26,1791170006869,DEAL,PLACE,9031,SELL_LIMIT,L,7,EXT,1.12592,0.00000
4,26,1791170007152,DEAL,REMOVE,9024,SELL_LIMIT,L,6,EXT,1.12662,0.00000
4,26,1791170007190,DEAL,FILL,9025,BUY_LIMIT,L,7,ENT,1.12492,0.00000
4,27,1791170007213,SYNC,REMOVE,9031,SELL_LIMIT,L,7,EXT,1.12592,0.00000
4,27,1791170007213,ENGINE,PLACE,9032,SELL_LIMIT,L,7,EXT,1.12592,0.00000
4,27,1791171968614,DEAL,FILL,9029,BUY_LIMIT,S,2,EXT,1.12435,0.00000
4,28,1791171970161,ENGINE,PLACE,9033,BUY_LIMIT,S,1,EXT,1.12364,0.00000
4,28,1791171970444,ENGINE,REMOVE,9030,SELL_LIMIT,S,3,ENT,1.12605,0.00000
4,30,1791171970564,ENGINE,PLACE,9034,SELL_LIMIT,S,2,ENT,1.12534,0.00000
4,31,1791172290867,LATTICE,PLACE,9035,SELL_LIMIT,L,2,EXT,1.12522,0.00000
4,31,1791172291150,LATTICE,REMOVE,9032,SELL_LIMIT,L,7,EXT,1.12592,0.00000
4,31,1791173718597,DEAL,FILL,9033,BUY_LIMIT,S,1,EXT,1.12364,0.00000
4,32,1791173718744,ENGINE,REMOVE,9034,SELL_LIMIT,S,2,ENT,1.12534,0.00000
4,32,1791173718941,ENGINE,PLACE,9036,SELL_LIMIT,S,1,ENT,1.12363,0.00000
4,34,1791173719753,ENGINE,MODIFY,9036,SELL_LIMIT,S,1,ENT,1.12364,1.12363
4,34,1791173721010,DEAL,PLACE,9037,BUY_LIMIT,S,1,EXT,1.12265,0.00000
4,34,1791173721293,DEAL,PLACE,9038,SELL_LIMIT,S,2,ENT,1.12435,0.00000
4,34,1791173721576,DEAL,FILL,9036,SELL_LIMIT,S,1,ENT,1.12364,0.00000
4,35,1791173721763,SYNC,REMOVE,9037,BUY_LIMIT,S,1,EXT,1.12265,0.00000
4,35,1791173721763,ENGINE,PLACE,9039,BUY_LIMIT,S,1,EXT,1.12265,0.00000
4,36,1791174084826,LATTICE,PLACE,9040,SELL_LIMIT,L,3,EXT,1.12452,0.00000
4,36,1791174085109,LATTICE,REMOVE,9035,SELL_LIMIT,L,2,EXT,1.12522,0.00000
4,37,1791176898045,LATTICE,PLACE,9041,SELL_LIMIT,L,4,EXT,1.12382,0.00000
4,37,1791176898328,LATTICE,REMOVE,9040,SELL_LIMIT,L,3,EXT,1.12452,0.00000
4,37,1791177146903,DEAL,FILL,9039,BUY_LIMIT,S,1,EXT,1.12265,0.00000
4,38,1791177147046,ENGINE,REMOVE,9038,SELL_LIMIT,S,2,ENT,1.12435,0.00000
4,40,1791177149058,ENGINE,PLACE,9042,SELL_LIMIT,S,1,ENT,1.12357,0.00000
4,41,1791177439237,LATTICE,PLACE,9043,SELL_LIMIT,L,5,EXT,1.12312,0.00000
4,41,1791177439520,LATTICE,REMOVE,9041,SELL_LIMIT,L,4,EXT,1.12382,0.00000
4,41,1791177541618,DEAL,FILL,1982764022,BUY_LIMIT,S,0,EXT,1.12187,0.00000
4,42,1791177541762,ENGINE,PLACE,9044,SELL_LIMIT,S,0,ENT,1.12257,0.00000
4,42,1791177542045,ENGINE,REMOVE,9042,SELL_LIMIT,S,1,ENT,1.12357,0.00000
4,45,1791177556640,ENGINE,MODIFY,9044,SELL_LIMIT,S,0,ENT,1.12215,1.12257
4,45,1791177557053,LATTICE,PLACE,9045,SELL_LIMIT,L,6,EXT,1.12242,0.00000
4,45,1791177557336,LATTICE,REMOVE,9043,SELL_LIMIT,L,5,EXT,1.12312,0.00000
4,45,1791177664399,ENGINE,MODIFY,9044,SELL_LIMIT,S,0,ENT,1.12175,1.12215
4,46,1791178588481,LATTICE,PLACE,9046,SELL_LIMIT,L,7,EXT,1.12172,0.00000
4,46,1791178588764,LATTICE,REMOVE,9045,SELL_LIMIT,L,6,EXT,1.12242,0.00000
4,46,1791178870459,ENGINE,MODIFY,9044,SELL_LIMIT,S,0,ENT,1.12134,1.12175
4,46,1791179172468,ENGINE,MODIFY,9044,SELL_LIMIT,S,0,ENT,1.12094,1.12134
4,46,1791179348711,ENGINE,MODIFY,9044,SELL_LIMIT,S,0,ENT,1.12014,1.12094
4,46,1791179375721,ENGINE,MODIFY,9044,SELL_LIMIT,S,0,ENT,1.11945,1.12014
4,46,1791179453022,DEAL,PLACE,9047,BUY_LIMIT,S,0,EXT,1.11850,0.00000
4,46,1791179453305,DEAL,PLACE,9048,SELL_LIMIT,S,1,ENT,1.12020,0.00000
4,46,1791179453588,DEAL,FILL,9044,SELL_LIMIT,S,0,ENT,1.11945,0.00000
4,47,1791179453172,SYNC,REMOVE,9047,BUY_LIMIT,S,0,EXT,1.11850,0.00000
4,47,1791179453588,ENGINE,PLACE,9049,BUY_LIMIT,S,0,EXT,1.11850,0.00000
4,47,1791179685058,DEAL,FILL,9049,BUY_LIMIT,S,0,EXT,1.11850,0.00000
4,48,1791179685200,ENGINE,PLACE,9050,SELL_LIMIT,S,0,ENT,1.11922,0.00000
4,48,1791179685483,ENGINE,REMOVE,9048,SELL_LIMIT,S,1,ENT,1.12020,0.00000
4,50,1791179704503,ENGINE,MODIFY,9050,SELL_LIMIT,S,0,ENT,1.11874,1.11922
4,50,1791179731069,ENGINE,MODIFY,9050,SELL_LIMIT,S,0,ENT,1.11833,1.11874
4,50,1791179835334,ENGINE,MODIFY,9050,SELL_LIMIT,S,0,ENT,1.11787,1.11833
4,50,1791179847009,ENGINE,MODIFY,9050,SELL_LIMIT,S,0,ENT,1.11737,1.11787
4,50,1791179889570,DEAL,PLACE,9051,BUY_LIMIT,S,0,EXT,1.11649,0.00000
4,50,1791179889853,DEAL,PLACE,9052,SELL_LIMIT,S,1,ENT,1.11819,0.00000
4,50,1791179890136,DEAL,FILL,9050,SELL_LIMIT,S,0,ENT,1.11737,0.00000
4,51,1791179889710,SYNC,REMOVE,9051,BUY_LIMIT,S,0,EXT,1.11649,0.00000
4,51,1791179890136,ENGINE,PLACE,9053,BUY_LIMIT,S,0,EXT,1.11649,0.00000
4,51,1791180137851,DEAL,PLACE,9054,BUY_LIMIT,S,1,EXT,1.11717,0.00000
4,51,1791180138134,DEAL,PLACE,9055,SELL_LIMIT,S,2,ENT,1.11887,0.00000
4,51,1791180138417,DEAL,FILL,9052,SELL_LIMIT,S,1,ENT,1.11819,0.00000
4,52,1791180138807,SYNC,REMOVE,9054,BUY_LIMIT,S,1,EXT,1.11717,0.00000
4,52,1791180138807,ENGINE,PLACE,9056,BUY_LIMIT,S,1,EXT,1.11717,0.00000
4,52,1791180380110,DEAL,FILL,9056,BUY_LIMIT,S,1,EXT,1.11717,0.00000
4,53,1791180380255,ENGINE,REMOVE,9055,SELL_LIMIT,S,2,ENT,1.11887,0.00000
4,53,1791180380455,ENGINE,PLACE,9057,SELL_LIMIT,S,1,ENT,1.11819,0.00000
4,55,1791180431441,DEAL,FILL,9053,BUY_LIMIT,S,0,EXT,1.11649,0.00000
4,56,1791180431587,ENGINE,PLACE,9058,SELL_LIMIT,S,0,ENT,1.11711,0.00000
4,56,1791180431870,ENGINE,REMOVE,9057,SELL_LIMIT,S,1,ENT,1.11819,0.00000
4,58,1791180566866,DEAL,PLACE,9059,BUY_LIMIT,S,0,EXT,1.11613,0.00000
4,58,1791180567149,DEAL,PLACE,9060,SELL_LIMIT,S,1,ENT,1.11783,0.00000
4,58,1791180567432,DEAL,FILL,9058,SELL_LIMIT,S,0,ENT,1.11711,0.00000
4,59,1791180567218,SYNC,REMOVE,9059,BUY_LIMIT,S,0,EXT,1.11613,0.00000
4,59,1791180567432,ENGINE,PLACE,9061,BUY_LIMIT,S,0,EXT,1.11613,0.00000
4,59,1791180730976,DEAL,PLACE,9062,BUY_LIMIT,S,1,EXT,1.11683,0.00000
4,59,1791180731259,DEAL,PLACE,9063,SELL_LIMIT,S,2,ENT,1.11853,0.00000
4,59,1791180731542,DEAL,FILL,9060,SELL_LIMIT,S,1,ENT,1.11783,0.00000
4,60,1791180731118,SYNC,REMOVE,9062,BUY_LIMIT,S,1,EXT,1.11683,0.00000
4,60,1791180731542,ENGINE,PLACE,9064,BUY_LIMIT,S,1,EXT,1.11683,0.00000
4,60,1791181609401,DEAL,PLACE,9065,BUY_LIMIT,S,2,EXT,1.11752,0.00000
4,60,1791181609684,DEAL,PLACE,9066,SELL_LIMIT,S,3,ENT,1.11922,0.00000
4,60,1791181609967,DEAL,FILL,9063,SELL_LIMIT,S,2,ENT,1.11853,0.00000
4,60,1791181609967,DEAL,REMOVE,9064,BUY_LIMIT,S,1,EXT,1.11683,0.00000
4,61,1791181609539,SYNC,REMOVE,9065,BUY_LIMIT,S,2,EXT,1.11752,0.00000
4,61,1791181610005,ENGINE,PLACE,9067,BUY_LIMIT,S,2,EXT,1.11752,0.00000
4,61,1791182366603,DEAL,FILL,9067,BUY_LIMIT,S,2,EXT,1.11752,0.00000
4,62,1791182367151,ENGINE,PLACE,9068,BUY_LIMIT,S,1,EXT,1.11683,0.00000
4,62,1791182367434,ENGINE,REMOVE,9066,SELL_LIMIT,S,3,ENT,1.11922,0.00000
4,64,1791182367544,ENGINE,PLACE,9069,SELL_LIMIT,S,2,ENT,1.11853,0.00000
4,64,1791183130910,DEAL,FILL,9068,BUY_LIMIT,S,1,EXT,1.11683,0.00000
4,65,1791183131064,ENGINE,REMOVE,9069,SELL_LIMIT,S,2,ENT,1.11853,0.00000
4,67,1791183131444,ENGINE,PLACE,9070,SELL_LIMIT,S,1,ENT,1.11783,0.00000
4,67,1791183921940,DEAL,FILL,9061,BUY_LIMIT,S,0,EXT,1.11613,0.00000
4,68,1791183923688,ENGINE,PLACE,9071,SELL_LIMIT,S,0,ENT,1.11683,0.00000
4,68,1791183923971,ENGINE,REMOVE,9070,SELL_LIMIT,S,1,ENT,1.11783,0.00000
4,70,1791183998986,DEAL,PLACE,9072,BUY_LIMIT,S,0,EXT,1.11584,0.00000
4,70,1791183999269,DEAL,PLACE,9073,SELL_LIMIT,S,1,ENT,1.11754,0.00000
4,70,1791183999552,DEAL,FILL,9071,SELL_LIMIT,S,0,ENT,1.11683,0.00000
4,71,1791183999325,SYNC,REMOVE,9072,BUY_LIMIT,S,0,EXT,1.11584,0.00000
4,71,1791183999552,ENGINE,PLACE,9074,BUY_LIMIT,S,0,EXT,1.11584,0.00000
4,71,1791186098829,DEAL,PLACE,9075,BUY_LIMIT,S,1,EXT,1.11655,0.00000
4,71,1791186099112,DEAL,PLACE,9076,SELL_LIMIT,S,2,ENT,1.11825,0.00000
4,71,1791186099395,DEAL,FILL,9073,SELL_LIMIT,S,1,ENT,1.11754,0.00000
4,72,1791186099979,SYNC,REMOVE,9075,BUY_LIMIT,S,1,EXT,1.11655,0.00000
4,72,1791186099979,ENGINE,PLACE,9077,BUY_LIMIT,S,1,EXT,1.11655,0.00000
4,72,1791187188984,DEAL,PLACE,9078,BUY_LIMIT,S,2,EXT,1.11726,0.00000
4,72,1791187189267,DEAL,PLACE,9079,SELL_LIMIT,S,3,ENT,1.11896,0.00000
4,72,1791187189550,DEAL,FILL,9076,SELL_LIMIT,S,2,ENT,1.11825,0.00000
4,72,1791187189550,DEAL,REMOVE,9077,BUY_LIMIT,S,1,EXT,1.11655,0.00000
4,73,1791187189130,SYNC,REMOVE,9078,BUY_LIMIT,S,2,EXT,1.11726,0.00000
4,73,1791187189588,ENGINE,PLACE,9080,BUY_LIMIT,S,2,EXT,1.11726,0.00000
4,73,1791189972047,DEAL,PLACE,9081,BUY_LIMIT,S,3,EXT,1.11796,0.00000
4,73,1791189972330,DEAL,PLACE,9082,SELL_LIMIT,S,4,ENT,1.11966,0.00000
4,73,1791189972613,DEAL,FILL,9079,SELL_LIMIT,S,3,ENT,1.11896,0.00000
4,73,1791189972613,DEAL,REMOVE,9080,BUY_LIMIT,S,2,EXT,1.11726,0.00000
4,74,1791189972588,SYNC,REMOVE,9081,BUY_LIMIT,S,3,EXT,1.11796,0.00000
4,74,1791189972651,ENGINE,PLACE,9083,BUY_LIMIT,S,3,EXT,1.11796,0.00000
4,74,1791191194191,DEAL,PLACE,9084,BUY_LIMIT,S,4,EXT,1.11866,0.00000
4,74,1791191194474,DEAL,PLACE,9085,SELL_LIMIT,S,5,ENT,1.12036,0.00000
4,74,1791191194757,DEAL,FILL,9082,SELL_LIMIT,S,4,ENT,1.11966,0.00000
4,74,1791191194757,DEAL,REMOVE,9083,BUY_LIMIT,S,3,EXT,1.11796,0.00000
4,75,1791191195156,SYNC,REMOVE,9084,BUY_LIMIT,S,4,EXT,1.11866,0.00000
4,75,1791191195156,ENGINE,PLACE,9086,BUY_LIMIT,S,4,EXT,1.11866,0.00000
4,75,1791192511697,DEAL,FILL,9086,BUY_LIMIT,S,4,EXT,1.11866,0.00000
4,76,1791192511841,ENGINE,PLACE,9087,BUY_LIMIT,S,3,EXT,1.11796,0.00000
4,76,1791192512124,ENGINE,REMOVE,9085,SELL_LIMIT,S,5,ENT,1.12036,0.00000
4,78,1791192512844,ENGINE,PLACE,9088,SELL_LIMIT,S,4,ENT,1.11966,0.00000
4,78,1791192835072,DEAL,FILL,9087,BUY_LIMIT,S,3,EXT,1.11796,0.00000
4,79,1791192835823,ENGINE,PLACE,9089,BUY_LIMIT,S,2,EXT,1.11726,0.00000
4,79,1791192836106,ENGINE,REMOVE,9088,SELL_LIMIT,S,4,ENT,1.11966,0.00000
4,81,1791192836228,ENGINE,PLACE,9090,SELL_LIMIT,S,3,ENT,1.11896,0.00000
4,81,1791192923966,DEAL,FILL,9089,BUY_LIMIT,S,2,EXT,1.11726,0.00000
4,82,1791192924514,ENGINE,PLACE,9091,BUY_LIMIT,S,1,EXT,1.11655,0.00000
4,82,1791192924797,ENGINE,REMOVE,9090,SELL_LIMIT,S,3,ENT,1.11896,0.00000
4,84,1791192925128,ENGINE,PLACE,9092,SELL_LIMIT,S,2,ENT,1.11825,0.00000
4,84,1791193378001,DEAL,PLACE,9093,BUY_LIMIT,S,2,EXT,1.11724,0.00000
4,84,1791193378284,DEAL,PLACE,9094,SELL_LIMIT,S,3,ENT,1.11894,0.00000
4,84,1791193378567,DEAL,REMOVE,9091,BUY_LIMIT,S,1,EXT,1.11655,0.00000
4,84,1791193378605,DEAL,FILL,9092,SELL_LIMIT,S,2,ENT,1.11825,0.00000
4,85,1791193378147,SYNC,REMOVE,9093,BUY_LIMIT,S,2,EXT,1.11724,0.00000
4,85,1791193378605,ENGINE,PLACE,9095,BUY_LIMIT,S,2,EXT,1.11724,0.00000
4,85,1791194117747,DEAL,PLACE,9096,BUY_LIMIT,S,3,EXT,1.11794,0.00000
4,85,1791194118030,DEAL,PLACE,9097,SELL_LIMIT,S,4,ENT,1.11964,0.00000
4,85,1791194118313,DEAL,FILL,9094,SELL_LIMIT,S,3,ENT,1.11894,0.00000
4,85,1791194118313,DEAL,REMOVE,9095,BUY_LIMIT,S,2,EXT,1.11724,0.00000
4,86,1791194117889,SYNC,REMOVE,9096,BUY_LIMIT,S,3,EXT,1.11794,0.00000
4,86,1791194118351,ENGINE,PLACE,9098,BUY_LIMIT,S,3,EXT,1.11794,0.00000
4,86,1791196358904,DEAL,PLACE,9099,BUY_LIMIT,S,4,EXT,1.11864,0.00000
4,86,1791196359187,DEAL,PLACE,9100,SELL_LIMIT,S,5,ENT,1.12034,0.00000
4,86,1791196359470,DEAL,FILL,9097,SELL_LIMIT,S,4,ENT,1.11964,0.00000
4,86,1791196359470,DEAL,REMOVE,9098,BUY_LIMIT,S,3,EXT,1.11794,0.00000
4,87,1791196359049,SYNC,REMOVE,9099,BUY_LIMIT,S,4,EXT,1.11864,0.00000
4,87,1791196359508,ENGINE,PLACE,9101,BUY_LIMIT,S,4,EXT,1.11864,0.00000
4,87,1791196874597,DEAL,PLACE,9102,BUY_LIMIT,S,5,EXT,1.11937,0.00000
4,87,1791196874880,DEAL,PLACE,9103,SELL_LIMIT,S,6,ENT,1.12107,0.00000
4,87,1791196875163,DEAL,FILL,9100,SELL_LIMIT,S,5,ENT,1.12034,0.00000
4,87,1791196875163,DEAL,REMOVE,9101,BUY_LIMIT,S,4,EXT,1.11864,0.00000
4,88,1791196874746,SYNC,REMOVE,9102,BUY_LIMIT,S,5,EXT,1.11937,0.00000
4,88,1791196875201,ENGINE,PLACE,9104,BUY_LIMIT,S,5,EXT,1.11937,0.00000
4,88,1791200784940,DEAL,PLACE,9105,BUY_LIMIT,S,6,EXT,1.12007,0.00000
4,88,1791200785223,DEAL,PLACE,9106,SELL_LIMIT,S,7,ENT,1.12177,0.00000
4,88,1791200785506,DEAL,FILL,9103,SELL_LIMIT,S,6,ENT,1.12107,0.00000
4,88,1791200785506,DEAL,REMOVE,9104,BUY_LIMIT,S,5,EXT,1.11937,0.00000
4,89,1791200785486,SYNC,REMOVE,9105,BUY_LIMIT,S,6,EXT,1.12007,0.00000
4,89,1791200785544,ENGINE,PLACE,9107,BUY_LIMIT,S,6,EXT,1.12007,0.00000
4,89,1791202294086,DEAL,FILL,9046,SELL_LIMIT,L,7,EXT,1.12172,0.00000
4,90,1791202294834,ENGINE,PLACE,9108,SELL_LIMIT,L,6,EXT,1.12242,0.00000
4,90,1791202295117,ENGINE,PLACE,9109,BUY_LIMIT,L,7,ENT,1.12072,0.00000
4,92,1791202299526,DEAL,PLACE,9110,BUY_LIMIT,S,7,EXT,1.12074,0.00000
4,92,1791202299809,DEAL,FILL,9106,SELL_LIMIT,S,7,ENT,1.12177,0.00000
4,92,1791202299809,DEAL,REMOVE,9107,BUY_LIMIT,S,6,EXT,1.12007,0.00000
4,93,1791202299667,SYNC,REMOVE,9110,BUY_LIMIT,S,7,EXT,1.12074,0.00000
4,93,1791202299847,ENGINE,PLACE,9111,BUY_LIMIT,S,7,EXT,1.12074,0.00000
4,93,1791204295370,DEAL,FILL,9111,BUY_LIMIT,S,7,EXT,1.12074,0.00000
4,94,1791204296321,ENGINE,PLACE,9112,BUY_LIMIT,S,6,EXT,1.12007,0.00000
4,94,1791204296604,ENGINE,PLACE,9113,SELL_LIMIT,S,7,ENT,1.12177,0.00000
4,96,1791204301591,DEAL,PLACE,9114,SELL_LIMIT,L,7,EXT,1.12169,0.00000
4,96,1791204301874,DEAL,REMOVE,9108,SELL_LIMIT,L,6,EXT,1.12242,0.00000
4,96,1791204301912,DEAL,FILL,9109,BUY_LIMIT,L,7,ENT,1.12072,0.00000
4,97,1791204301733,SYNC,REMOVE,9114,SELL_LIMIT,L,7,EXT,1.12169,0.00000
4,97,1791204301912,ENGINE,PLACE,9115,SELL_LIMIT,L,7,EXT,1.12169,0.00000
4,97,1791208444518,DEAL,FILL,9112,BUY_LIMIT,S,6,EXT,1.12007,0.00000
4,98,1791208445886,ENGINE,PLACE,9116,BUY_LIMIT,S,5,EXT,1.11937,0.00000
4,98,1791208446169,ENGINE,REMOVE,9113,SELL_LIMIT,S,7,ENT,1.12177,0.00000
4,100,1791208447496,ENGINE,PLACE,9117,SELL_LIMIT,S,6,ENT,1.12107,0.00000
4,101,1791208481504,LATTICE,MODIFY,9115,SELL_LIMIT,L,7,EXT,1.12099,1.12169
4,101,1791210517754,DEAL,FILL,9115,SELL_LIMIT,L,7,EXT,1.12099,0.00000
4,102,1791210518102,ENGINE,MODIFY,9117,SELL_LIMIT,S,6,ENT,1.12109,1.12107
4,102,1791210518386,ENGINE,PLACE,9118,SELL_LIMIT,L,6,EXT,1.12242,0.00000
4,102,1791210518669,ENGINE,PLACE,9119,BUY_LIMIT,L,7,ENT,1.12072,0.00000
4,102,1791210518952,DEAL,PLACE,9120,BUY_LIMIT,S,6,EXT,1.12008,0.00000
4,102,1791210519235,DEAL,REMOVE,9116,BUY_LIMIT,S,5,EXT,1.11937,0.00000
4,102,1791210519273,DEAL,FILL,9117,SELL_LIMIT,S,6,ENT,1.12107,0.00000
4,105,1791210518501,SYNC,REMOVE,9120,BUY_LIMIT,S,6,EXT,1.12008,0.00000
4,105,1791210519273,ENGINE,PLACE,9121,BUY_LIMIT,S,6,EXT,1.12008,0.00000
4,105,1791210519556,ENGINE,PLACE,9122,SELL_LIMIT,S,7,ENT,1.12178,0.00000
4,105,1791211010916,DEAL,PLACE,9123,SELL_LIMIT,L,7,EXT,1.12171,0.00000
4,105,1791211011199,DEAL,REMOVE,9118,SELL_LIMIT,L,6,EXT,1.12242,0.00000
4,105,1791211011237,DEAL,FILL,9119,BUY_LIMIT,L,7,ENT,1.12072,0.00000
4,106,1791211012865,SYNC,REMOVE,9123,SELL_LIMIT,L,7,EXT,1.12171,0.00000
4,106,1791211012865,ENGINE,PLACE,9124,SELL_LIMIT,L,7,EXT,1.12171,0.00000
4,106,1791213743885,DEAL,FILL,9121,BUY_LIMIT,S,6,EXT,1.12008,0.00000
4,107,1791213744231,ENGINE,PLACE,9125,BUY_LIMIT,S,5,EXT,1.11937,0.00000
4,107,1791213744514,ENGINE,REMOVE,9122,SELL_LIMIT,S,7,ENT,1.12178,0.00000
4,109,1791213745236,ENGINE,PLACE,9126,SELL_LIMIT,S,6,ENT,1.12107,0.00000
4,110,1791213772567,LATTICE,MODIFY,9124,SELL_LIMIT,L,7,EXT,1.12101,1.12171
4,110,1791214197733,DEAL,FILL,9124,SELL_LIMIT,L,7,EXT,1.12101,0.00000
4,111,1791214200095,ENGINE,PLACE,9127,SELL_LIMIT,L,6,EXT,1.12242,0.00000
4,111,1791214200378,ENGINE,PLACE,9128,BUY_LIMIT,L,7,ENT,1.12072,0.00000
4,113,1791214200701,ENGINE,MODIFY,9126,SELL_LIMIT,S,6,ENT,1.12108,1.12107
4,113,1791214201960,DEAL,PLACE,9129,BUY_LIMIT,S,6,EXT,1.12009,0.00000
4,113,1791214202243,DEAL,PLACE,9130,SELL_LIMIT,S,7,ENT,1.12179,0.00000
4,113,1791214202526,DEAL,REMOVE,9125,BUY_LIMIT,S,5,EXT,1.11937,0.00000
4,113,1791214202564,DEAL,FILL,9126,SELL_LIMIT,S,6,ENT,1.12108,0.00000
4,114,1791214202109,SYNC,REMOVE,9129,BUY_LIMIT,S,6,EXT,1.12009,0.00000
4,114,1791214202564,ENGINE,PLACE,9131,BUY_LIMIT,S,6,EXT,1.12009,0.00000
4,114,1791214808292,DEAL,PLACE,9132,SELL_LIMIT,L,7,EXT,1.12171,0.00000
4,114,1791214808575,DEAL,REMOVE,9127,SELL_LIMIT,L,6,EXT,1.12242,0.00000
4,114,1791214808613,DEAL,FILL,9128,BUY_LIMIT,L,7,ENT,1.12072,0.00000
4,115,1791214808435,SYNC,REMOVE,9132,SELL_LIMIT,L,7,EXT,1.12171,0.00000
4,115,1791214808613,ENGINE,PLACE,9133,SELL_LIMIT,L,7,EXT,1.12171,0.00000
4,115,1791217701659,DEAL,FILL,9131,BUY_LIMIT,S,6,EXT,1.12009,0.00000
4,116,1791217701809,ENGINE,PLACE,9134,BUY_LIMIT,S,5,EXT,1.11937,0.00000
4,116,1791217702092,ENGINE,REMOVE,9130,SELL_LIMIT,S,7,ENT,1.12179,0.00000
4,118,1791217702215,ENGINE,PLACE,9135,SELL_LIMIT,S,6,ENT,1.12107,0.00000
4,119,1791217864500,LATTICE,MODIFY,9133,SELL_LIMIT,L,7,EXT,1.12101,1.12171
4,119,1791218176806,DEAL,FILL,9134,BUY_LIMIT,S,5,EXT,1.11937,0.00000
4,122,1791218177745,ENGINE,PLACE,9136,BUY_LIMIT,S,4,EXT,1.11864,0.00000
4,122,1791218178028,ENGINE,REMOVE,9135,SELL_LIMIT,S,6,ENT,1.12107,0.00000
4,122,1791218178345,ENGINE,PLACE,9137,SELL_LIMIT,S,5,ENT,1.12034,0.00000
4,122,1791222467783,DEAL,PLACE,9138,BUY_LIMIT,S,5,EXT,1.11936,0.00000
4,122,1791222468066,DEAL,PLACE,9139,SELL_LIMIT,S,6,ENT,1.12106,0.00000
4,122,1791222468349,DEAL,REMOVE,9136,BUY_LIMIT,S,4,EXT,1.11864,0.00000
4,122,1791222468387,DEAL,FILL,9137,SELL_LIMIT,S,5,ENT,1.12034,0.00000
4,123,1791222468128,SYNC,REMOVE,9138,BUY_LIMIT,S,5,EXT,1.11936,0.00000
4,123,1791222468387,ENGINE,PLACE,9140,BUY_LIMIT,S,5,EXT,1.11936,0.00000
4,123,1791223238871,DEAL,FILL,9133,SELL_LIMIT,L,7,EXT,1.12101,0.00000
4,124,1791223239428,ENGINE,PLACE,9141,SELL_LIMIT,L,6,EXT,1.12242,0.00000
4,124,1791223239711,ENGINE,PLACE,9142,BUY_LIMIT,L,7,ENT,1.12072,0.00000
4,126,1791223268808,DEAL,PLACE,9143,BUY_LIMIT,S,6,EXT,1.12006,0.00000
4,126,1791223269091,DEAL,PLACE,9144,SELL_LIMIT,S,7,ENT,1.12176,0.00000
4,126,1791223269374,DEAL,FILL,9139,SELL_LIMIT,S,6,ENT,1.12106,0.00000
4,126,1791223269374,DEAL,REMOVE,9140,BUY_LIMIT,S,5,EXT,1.11936,0.00000
4,127,1791223269957,SYNC,REMOVE,9143,BUY_LIMIT,S,6,EXT,1.12006,0.00000
4,127,1791223269957,ENGINE,PLACE,9145,BUY_LIMIT,S,6,EXT,1.12006,0.00000
4,127,1791227168645,DEAL,PLACE,9146,SELL_LIMIT,L,7,EXT,1.12170,0.00000
4,127,1791227168928,DEAL,REMOVE,9141,SELL_LIMIT,L,6,EXT,1.12242,0.00000
4,127,1791227168966,DEAL,FILL,9142,BUY_LIMIT,L,7,ENT,1.12072,0.00000
4,128,1791227168994,SYNC,REMOVE,9146,SELL_LIMIT,L,7,EXT,1.12170,0.00000
4,128,1791227168994,ENGINE,PLACE,9147,SELL_LIMIT,L,7,EXT,1.12170,0.00000
4,128,1791230703563,DEAL,FILL,9145,BUY_LIMIT,S,6,EXT,1.12006,0.00000
4,129,1791230703707,ENGINE,PLACE,9148,BUY_LIMIT,S,5,EXT,1.11936,0.00000
4,129,1791230703990,ENGINE,REMOVE,9144,SELL_LIMIT,S,7,ENT,1.12176,0.00000
4,131,1791230704105,ENGINE,PLACE,9149,SELL_LIMIT,S,6,ENT,1.12106,0.00000
4,132,1791230724399,LATTICE,MODIFY,9147,SELL_LIMIT,L,7,EXT,1.12100,1.12170
4,132,1791233856930,DEAL,FILL,9147,SELL_LIMIT,L,7,EXT,1.12100,0.00000
4,133,1791233857070,ENGINE,PLACE,9150,SELL_LIMIT,L,6,EXT,1.12242,0.00000
4,133,1791233857353,ENGINE,PLACE,9151,BUY_LIMIT,L,7,ENT,1.12072,0.00000
4,135,1791233997345,DEAL,PLACE,9152,BUY_LIMIT,S,6,EXT,1.12006,0.00000
4,135,1791233997628,DEAL,PLACE,9153,SELL_LIMIT,S,7,ENT,1.12176,0.00000
4,135,1791233997911,DEAL,REMOVE,9148,BUY_LIMIT,S,5,EXT,1.11936,0.00000
4,135,1791233997949,DEAL,FILL,9149,SELL_LIMIT,S,6,ENT,1.12106,0.00000
4,136,1791233999712,SYNC,REMOVE,9152,BUY_LIMIT,S,6,EXT,1.12006,0.00000
4,136,1791233999712,ENGINE,PLACE,9154,BUY_LIMIT,S,6,EXT,1.12006,0.00000
4,136,1791238759069,DEAL,PLACE,9155,BUY_LIMIT,S,7,EXT,1.12077,0.00000
4,136,1791238759352,DEAL,FILL,9153,SELL_LIMIT,S,7,ENT,1.12176,0.00000
4,136,1791238759352,DEAL,REMOVE,9154,BUY_LIMIT,S,6,EXT,1.12006,0.00000
4,137,1791238760625,SYNC,REMOVE,9155,BUY_LIMIT,S,7,EXT,1.12077,0.00000
4,137,1791238760625,ENGINE,PLACE,9156,BUY_LIMIT,S,7,EXT,1.12077,0.00000
4,137,1791244201577,DEAL,FILL,9150,SELL_LIMIT,L,6,EXT,1.12242,0.00000
4,138,1791244202328,ENGINE,PLACE,9157,SELL_LIMIT,L,5,EXT,1.12312,0.00000
4,138,1791244202611,ENGINE,REMOVE,9151,BUY_LIMIT,L,7,ENT,1.12072,0.00000
4,140,1791244203156,ENGINE,PLACE,9158,BUY_LIMIT,L,6,ENT,1.12142,0.00000
4,141,1791244209366,LATTICE,MODIFY,9074,BUY_LIMIT,S,0,EXT,1.12147,1.11584
4,141,1791244209650,LATTICE,PLACE,9159,BUY_LIMIT,S,1,EXT,1.11655,0.00000
4,141,1791244209933,LATTICE,REMOVE,9156,BUY_LIMIT,S,7,EXT,1.12077,0.00000
4,141,1791244252001,TIMER,MODIFY,1979967856,SELL_LIMIT,L,0,EXT,1.13253,1.13237
4,141,1791244372001,TIMER,MODIFY,9157,SELL_LIMIT,L,5,EXT,1.12328,1.12312
4,141,1791244432001,TIMER,MODIFY,9074,BUY_LIMIT,S,0,EXT,1.12148,1.12147
4,141,1791244432285,TIMER,MODIFY,9159,BUY_LIMIT,S,1,EXT,1.11656,1.11655
5,-1,1791252994001,SEED,PLACE,1979967856,SELL_LIMIT,L,0,EXT,1.13253,0.00000
5,-1,1791252994001,SEED,PLACE,1988240417,SELL_LIMIT,L,5,EXT,1.12328,0.00000
5,-1,1791252994001,SEED,PLACE,1988240492,BUY_LIMIT,L,6,ENT,1.12142,0.00000
5,-1,1791252994001,SEED,PLACE,1985808612,BUY_LIMIT,S,0,EXT,1.12148,0.00000
5,-1,1791252994001,SEED,PLACE,1988240941,BUY_LIMIT,S,1,EXT,1.11656,0.00000
6,-1,1791253193000,SEED,PLACE,1979967856,SELL_LIMIT,L,0,EXT,1.13253,0.00000
6,-1,1791253193000,SEED,PLACE,1988240417,SELL_LIMIT,L,5,EXT,1.12328,0.00000
6,-1,1791253193000,SEED,PLACE,1988240492,BUY_LIMIT,L,6,ENT,1.12142,0.00000
6,-1,1791253193000,SEED,PLACE,1985808612,BUY_LIMIT,S,0,EXT,1.12148,0.00000
6,-1,1791253193000,SEED,PLACE,1988240941,BUY_LIMIT,S,1,EXT,1.11656,0.00000
6,-1,1791255837806,DEAL,FILL,1985808612,BUY_LIMIT,S,0,EXT,1.12148,0.00000
6,0,1791255838759,ENGINE,PLACE,9000,BUY_LIMIT,S,7,EXT,1.12078,0.00000
6,0,1791255839042,ENGINE,PLACE,9001,SELL_LIMIT,S,8,ENT,1.12247,0.00000
6,2,1791255959111,DEAL,PLACE,9002,SELL_LIMIT,L,6,EXT,1.12243,0.00000
6,2,1791255959394,DEAL,PLACE,9003,BUY_LIMIT,L,7,ENT,1.12073,0.00000
6,2,1791255959677,DEAL,REMOVE,1988240417,SELL_LIMIT,L,5,EXT,1.12328,0.00000
6,2,1791255959715,DEAL,FILL,1988240492,BUY_LIMIT,L,6,ENT,1.12142,0.00000
6,3,1791255960056,SYNC,REMOVE,9002,SELL_LIMIT,L,6,EXT,1.12243,0.00000
6,3,1791255960056,ENGINE,PLACE,9004,SELL_LIMIT,L,6,EXT,1.12243,0.00000
6,3,1791259212867,DEAL,FILL,9004,SELL_LIMIT,L,6,EXT,1.12243,0.00000
6,4,1791259216045,ENGINE,PLACE,9005,SELL_LIMIT,L,5,EXT,1.12328,0.00000
6,4,1791259216328,ENGINE,REMOVE,9003,BUY_LIMIT,L,7,ENT,1.12073,0.00000
6,6,1791259216442,ENGINE,PLACE,9006,BUY_LIMIT,L,6,ENT,1.12142,0.00000
6,6,1791259222713,DEAL,PLACE,9007,BUY_LIMIT,S,8,EXT,1.12147,0.00000
6,6,1791259222996,DEAL,REMOVE,9000,BUY_LIMIT,S,7,EXT,1.12078,0.00000
6,6,1791259223034,DEAL,FILL,9001,SELL_LIMIT,S,8,ENT,1.12247,0.00000
6,7,1791259222879,SYNC,REMOVE,9007,BUY_LIMIT,S,8,EXT,1.12147,0.00000
6,7,1791259223034,ENGINE,PLACE,9008,BUY_LIMIT,S,8,EXT,1.12147,0.00000
6,7,1791263686793,DEAL,FILL,9008,BUY_LIMIT,S,8,EXT,1.12147,0.00000
6,8,1791263700039,ENGINE,PLACE,9009,BUY_LIMIT,S,7,EXT,1.12078,0.00000
6,8,1791263700322,ENGINE,PLACE,9010,SELL_LIMIT,S,8,ENT,1.12247,0.00000
6,10,1791263834650,DEAL,PLACE,9011,SELL_LIMIT,L,6,EXT,1.12241,0.00000
6,10,1791263834933,DEAL,PLACE,9012,BUY_LIMIT,L,7,ENT,1.12071,0.00000
6,10,1791263835216,DEAL,REMOVE,9005,SELL_LIMIT,L,5,EXT,1.12328,0.00000
6,10,1791263835254,DEAL,FILL,9006,BUY_LIMIT,L,6,ENT,1.12142,0.00000
6,11,1791263835591,SYNC,REMOVE,9011,SELL_LIMIT,L,6,EXT,1.12241,0.00000
6,11,1791263835591,ENGINE,PLACE,9013,SELL_LIMIT,L,6,EXT,1.12241,0.00000
7,-1,1791268423001,SEED,PLACE,1979967856,SELL_LIMIT,L,0,EXT,1.13253,0.00000
7,-1,1791268423001,SEED,PLACE,1988697118,SELL_LIMIT,L,6,EXT,1.12241,0.00000
7,-1,1791268423001,SEED,PLACE,1988697123,BUY_LIMIT,L,7,ENT,1.12071,0.00000
7,-1,1791268423001,SEED,PLACE,1988240941,BUY_LIMIT,S,1,EXT,1.11656,0.00000
7,-1,1791268423001,SEED,PLACE,1988692978,BUY_LIMIT,S,7,EXT,1.12078,0.00000
7,-1,1791268423001,SEED,PLACE,1988693327,SELL_LIMIT,S,8,ENT,1.12247,0.00000
7,-1,1791269033739,DEAL,FILL,1988697118,SELL_LIMIT,L,6,EXT,1.12241,0.00000
7,0,1791269033886,ENGINE,PLACE,9000,SELL_LIMIT,L,5,EXT,1.12328,0.00000
7,0,1791269034169,ENGINE,REMOVE,1988697123,BUY_LIMIT,L,7,ENT,1.12071,0.00000
7,2,1791269034483,ENGINE,PLACE,9001,BUY_LIMIT,L,6,ENT,1.12142,0.00000
7,2,1791269141525,DEAL,PLACE,9002,BUY_LIMIT,S,8,EXT,1.12147,0.00000
7,2,1791269141808,DEAL,REMOVE,1988692978,BUY_LIMIT,S,7,EXT,1.12078,0.00000
7,2,1791269141846,DEAL,FILL,1988693327,SELL_LIMIT,S,8,ENT,1.12247,0.00000
7,3,1791269142487,SYNC,REMOVE,9002,BUY_LIMIT,S,8,EXT,1.12147,0.00000
7,3,1791269142487,ENGINE,PLACE,9003,BUY_LIMIT,S,8,EXT,1.12147,0.00000
7,3,1791275237985,DEAL,FILL,9003,BUY_LIMIT,S,8,EXT,1.12147,0.00000
7,4,1791275239331,ENGINE,PLACE,9004,BUY_LIMIT,S,7,EXT,1.12078,0.00000
7,4,1791275239614,ENGINE,PLACE,9005,SELL_LIMIT,S,8,ENT,1.12247,0.00000
7,6,1791275248818,DEAL,PLACE,9006,SELL_LIMIT,L,6,EXT,1.12242,0.00000
7,6,1791275249101,DEAL,PLACE,9007,BUY_LIMIT,L,7,ENT,1.12072,0.00000
7,6,1791275249384,DEAL,REMOVE,9000,SELL_LIMIT,L,5,EXT,1.12328,0.00000
7,6,1791275249422,DEAL,FILL,9001,BUY_LIMIT,L,6,ENT,1.12142,0.00000
7,7,1791275248965,SYNC,REMOVE,9006,SELL_LIMIT,L,6,EXT,1.12242,0.00000
7,7,1791275249422,ENGINE,PLACE,9008,SELL_LIMIT,L,6,EXT,1.12242,0.00000
7,7,1791277545191,DEAL,FILL,9004,BUY_LIMIT,S,7,EXT,1.12078,0.00000
7,8,1791277545535,ENGINE,PLACE,9009,BUY_LIMIT,S,6,EXT,1.12007,0.00000
7,8,1791277545818,ENGINE,REMOVE,9005,SELL_LIMIT,S,8,ENT,1.12247,0.00000
7,10,1791277546140,ENGINE,PLACE,9010,SELL_LIMIT,S,7,ENT,1.12176,0.00000
7,10,1791277597311,DEAL,PLACE,9011,SELL_LIMIT,L,7,EXT,1.12169,0.00000
7,10,1791277597594,DEAL,FILL,9007,BUY_LIMIT,L,7,ENT,1.12072,0.00000
7,10,1791277597594,DEAL,REMOVE,9008,SELL_LIMIT,L,6,EXT,1.12242,0.00000
7,11,1791277597655,SYNC,REMOVE,9011,SELL_LIMIT,L,7,EXT,1.12169,0.00000
7,11,1791277597655,ENGINE,PLACE,9012,SELL_LIMIT,L,7,EXT,1.12169,0.00000
7,11,1791281707366,DEAL,FILL,9012,SELL_LIMIT,L,7,EXT,1.12169,0.00000
7,12,1791281707515,ENGINE,PLACE,9013,SELL_LIMIT,L,6,EXT,1.12242,0.00000
7,12,1791281707798,ENGINE,PLACE,9014,BUY_LIMIT,L,7,ENT,1.12072,0.00000
7,14,1791281714829,DEAL,PLACE,9015,BUY_LIMIT,S,7,EXT,1.12076,0.00000
7,14,1791281715112,DEAL,PLACE,9016,SELL_LIMIT,S,8,ENT,1.12246,0.00000
7,14,1791281715395,DEAL,REMOVE,9009,BUY_LIMIT,S,6,EXT,1.12007,0.00000
7,14,1791281715433,DEAL,FILL,9010,SELL_LIMIT,S,7,ENT,1.12176,0.00000
7,15,1791281715377,SYNC,REMOVE,9015,BUY_LIMIT,S,7,EXT,1.12076,0.00000
7,15,1791281715433,ENGINE,PLACE,9017,BUY_LIMIT,S,7,EXT,1.12076,0.00000
7,15,1791282942492,DEAL,FILL,9013,SELL_LIMIT,L,6,EXT,1.12242,0.00000
7,16,1791282942642,ENGINE,PLACE,9018,SELL_LIMIT,L,5,EXT,1.12328,0.00000
7,16,1791282942925,ENGINE,REMOVE,9014,BUY_LIMIT,L,7,ENT,1.12072,0.00000
7,18,1791282943050,ENGINE,PLACE,9019,BUY_LIMIT,L,6,ENT,1.12142,0.00000
7,18,1791282975089,DEAL,PLACE,9020,BUY_LIMIT,S,8,EXT,1.12146,0.00000
7,18,1791282975372,DEAL,FILL,9016,SELL_LIMIT,S,8,ENT,1.12246,0.00000
7,18,1791282975372,DEAL,REMOVE,9017,BUY_LIMIT,S,7,EXT,1.12076,0.00000
7,19,1791282975643,SYNC,REMOVE,9020,BUY_LIMIT,S,8,EXT,1.12146,0.00000
7,19,1791282975643,ENGINE,PLACE,9021,BUY_LIMIT,S,8,EXT,1.12146,0.00000
7,20,1791283853206,LATTICE,MODIFY,1988240941,BUY_LIMIT,S,1,EXT,1.12217,1.11656
7,20,1791283853490,LATTICE,PLACE,9022,BUY_LIMIT,S,2,EXT,1.11725,0.00000
7,20,1791283853773,LATTICE,REMOVE,9021,BUY_LIMIT,S,8,EXT,1.12146,0.00000
7,20,1791283999491,DEAL,FILL,9018,SELL_LIMIT,L,5,EXT,1.12328,0.00000
7,21,1791284001445,ENGINE,PLACE,9023,SELL_LIMIT,L,4,EXT,1.12398,0.00000
7,21,1791284001728,ENGINE,REMOVE,9019,BUY_LIMIT,L,6,ENT,1.12142,0.00000
7,23,1791284002056,ENGINE,PLACE,9024,BUY_LIMIT,L,5,ENT,1.12212,0.00000
7,24,1791284256160,LATTICE,MODIFY,9022,BUY_LIMIT,S,2,EXT,1.12287,1.11725
7,24,1791284256444,LATTICE,PLACE,9025,BUY_LIMIT,S,3,EXT,1.11795,0.00000
7,24,1791284256727,LATTICE,REMOVE,1988240941,BUY_LIMIT,S,1,EXT,1.12217,0.00000
7,24,1791284271118,DEAL,FILL,9023,SELL_LIMIT,L,4,EXT,1.12398,0.00000
7,25,1791284271680,ENGINE,PLACE,9026,SELL_LIMIT,L,3,EXT,1.12468,0.00000
7,25,1791284271963,ENGINE,REMOVE,9024,BUY_LIMIT,L,5,ENT,1.12212,0.00000
7,27,1791284272092,ENGINE,PLACE,9027,BUY_LIMIT,L,4,ENT,1.12282,0.00000
7,27,1791284913102,DEAL,FILL,9022,BUY_LIMIT,S,2,EXT,1.12287,0.00000
7,28,1791284913457,ENGINE,PLACE,9028,BUY_LIMIT,S,1,EXT,1.12217,0.00000
7,28,1791284913740,ENGINE,PLACE,9029,SELL_LIMIT,S,9,ENT,1.12386,0.00000
7,30,1791285372777,DEAL,PLACE,9030,SELL_LIMIT,L,4,EXT,1.12382,0.00000
7,30,1791285373060,DEAL,PLACE,9031,BUY_LIMIT,L,5,ENT,1.12212,0.00000
7,30,1791285373343,DEAL,REMOVE,9026,SELL_LIMIT,L,3,EXT,1.12468,0.00000
7,30,1791285373381,DEAL,FILL,9027,BUY_LIMIT,L,4,ENT,1.12282,0.00000
7,31,1791285373134,SYNC,REMOVE,9030,SELL_LIMIT,L,4,EXT,1.12382,0.00000
7,31,1791285373381,ENGINE,PLACE,9032,SELL_LIMIT,L,4,EXT,1.12382,0.00000
7,31,1791286623028,DEAL,FILL,9032,SELL_LIMIT,L,4,EXT,1.12382,0.00000
7,32,1791286623988,ENGINE,MODIFY,9029,SELL_LIMIT,S,9,ENT,1.12387,1.12386
7,32,1791286624272,ENGINE,PLACE,9033,SELL_LIMIT,L,3,EXT,1.12468,0.00000
7,32,1791286624555,ENGINE,REMOVE,9031,BUY_LIMIT,L,5,ENT,1.12212,0.00000
7,32,1791286624593,DEAL,PLACE,9034,BUY_LIMIT,S,9,EXT,1.12286,0.00000
7,32,1791286624876,DEAL,REMOVE,9028,BUY_LIMIT,S,1,EXT,1.12217,0.00000
7,32,1791286624914,DEAL,FILL,9029,SELL_LIMIT,S,9,ENT,1.12386,0.00000
7,35,1791286624975,SYNC,REMOVE,9034,BUY_LIMIT,S,9,EXT,1.12286,0.00000
7,35,1791286624975,ENGINE,PLACE,9035,BUY_LIMIT,S,9,EXT,1.12286,0.00000
7,35,1791286625258,ENGINE,PLACE,9036,BUY_LIMIT,L,4,ENT,1.12282,0.00000
7,36,1791286877951,LATTICE,MODIFY,9025,BUY_LIMIT,S,3,EXT,1.12357,1.11795
7,36,1791286878235,LATTICE,PLACE,9037,BUY_LIMIT,S,4,EXT,1.11865,0.00000
7,36,1791286878518,LATTICE,REMOVE,9035,BUY_LIMIT,S,9,EXT,1.12286,0.00000
7,36,1791286992737,DEAL,FILL,9033,SELL_LIMIT,L,3,EXT,1.12468,0.00000
7,37,1791286993895,ENGINE,PLACE,9038,SELL_LIMIT,L,2,EXT,1.12538,0.00000
7,37,1791286994178,ENGINE,REMOVE,9036,BUY_LIMIT,L,4,ENT,1.12282,0.00000
7,39,1791286994294,ENGINE,PLACE,9039,BUY_LIMIT,L,3,ENT,1.12352,0.00000
7,39,1791288851663,DEAL,FILL,9025,BUY_LIMIT,S,3,EXT,1.12357,0.00000
7,40,1791288852617,ENGINE,PLACE,9040,BUY_LIMIT,S,9,EXT,1.12286,0.00000
7,40,1791288852900,ENGINE,PLACE,9041,SELL_LIMIT,S,10,ENT,1.12456,0.00000
7,42,1791289255984,DEAL,PLACE,9042,SELL_LIMIT,L,3,EXT,1.12447,0.00000
7,42,1791289256267,DEAL,PLACE,9043,BUY_LIMIT,L,4,ENT,1.12277,0.00000
7,42,1791289256550,DEAL,REMOVE,9038,SELL_LIMIT,L,2,EXT,1.12538,0.00000
7,42,1791289256588,DEAL,FILL,9039,BUY_LIMIT,L,3,ENT,1.12352,0.00000
7,43,1791289256526,SYNC,REMOVE,9042,SELL_LIMIT,L,3,EXT,1.12447,0.00000
7,43,1791289256588,ENGINE,PLACE,9044,SELL_LIMIT,L,3,EXT,1.12447,0.00000
7,43,1791290041860,DEAL,FILL,9044,SELL_LIMIT,L,3,EXT,1.12447,0.00000
7,44,1791290042410,ENGINE,PLACE,9045,SELL_LIMIT,L,2,EXT,1.12538,0.00000
7,44,1791290042693,ENGINE,REMOVE,9043,BUY_LIMIT,L,4,ENT,1.12277,0.00000
7,46,1791290043219,ENGINE,PLACE,9046,BUY_LIMIT,L,3,ENT,1.12352,0.00000
7,46,1791290066003,DEAL,PLACE,9047,BUY_LIMIT,S,10,EXT,1.12359,0.00000
7,46,1791290066286,DEAL,REMOVE,9040,BUY_LIMIT,S,9,EXT,1.12286,0.00000
7,46,1791290066324,DEAL,FILL,9041,SELL_LIMIT,S,10,ENT,1.12456,0.00000
7,47,1791290066153,SYNC,REMOVE,9047,BUY_LIMIT,S,10,EXT,1.12359,0.00000
7,47,1791290066324,ENGINE,PLACE,9048,BUY_LIMIT,S,10,EXT,1.12359,0.00000
7,48,1791296131224,LATTICE,MODIFY,9037,BUY_LIMIT,S,4,EXT,1.12430,1.11865
7,48,1791296131508,LATTICE,PLACE,9049,BUY_LIMIT,S,5,EXT,1.11937,0.00000
7,48,1791296131791,LATTICE,REMOVE,9048,BUY_LIMIT,S,10,EXT,1.12359,0.00000
7,48,1791296133105,DEAL,FILL,9045,SELL_LIMIT,L,2,EXT,1.12538,0.00000
7,49,1791296133251,ENGINE,PLACE,9050,SELL_LIMIT,L,1,EXT,1.13183,0.00000
7,49,1791296133534,ENGINE,REMOVE,9046,BUY_LIMIT,L,3,ENT,1.12352,0.00000
7,51,1791296133660,ENGINE,PLACE,9051,BUY_LIMIT,L,2,ENT,1.12532,0.00000
7,51,1791296148171,DEAL,PLACE,9052,SELL_LIMIT,L,2,EXT,1.12632,0.00000
7,51,1791296148454,DEAL,PLACE,9053,BUY_LIMIT,L,3,ENT,1.12462,0.00000
7,51,1791296148737,DEAL,REMOVE,9050,SELL_LIMIT,L,1,EXT,1.13183,0.00000
7,51,1791296148775,DEAL,FILL,9051,BUY_LIMIT,L,2,ENT,1.12532,0.00000
7,52,1791296148317,SYNC,REMOVE,9052,SELL_LIMIT,L,2,EXT,1.12632,0.00000
7,52,1791296148775,ENGINE,PLACE,9054,SELL_LIMIT,L,2,EXT,1.12632,0.00000
7,53,1791296731783,LATTICE,MODIFY,9049,BUY_LIMIT,S,5,EXT,1.12500,1.11937
7,53,1791296732067,LATTICE,PLACE,9055,BUY_LIMIT,S,6,EXT,1.12007,0.00000
7,53,1791296732350,LATTICE,REMOVE,9037,BUY_LIMIT,S,4,EXT,1.12430,0.00000
7,53,1791296737534,DEAL,FILL,9054,SELL_LIMIT,L,2,EXT,1.12632,0.00000
7,54,1791296737682,ENGINE,PLACE,9056,SELL_LIMIT,L,1,EXT,1.13183,0.00000
7,54,1791296737965,ENGINE,REMOVE,9053,BUY_LIMIT,L,3,ENT,1.12462,0.00000
7,56,1791296738284,ENGINE,PLACE,9057,BUY_LIMIT,L,2,ENT,1.12627,0.00000
7,56,1791296739145,DEAL,PLACE,9058,SELL_LIMIT,L,2,EXT,1.12724,0.00000
7,56,1791296739428,DEAL,PLACE,9059,BUY_LIMIT,L,3,ENT,1.12554,0.00000
7,56,1791296739711,DEAL,REMOVE,9056,SELL_LIMIT,L,1,EXT,1.13183,0.00000
7,56,1791296739749,DEAL,FILL,9057,BUY_LIMIT,L,2,ENT,1.12627,0.00000
7,57,1791296767707,SYNC,REMOVE,9058,SELL_LIMIT,L,2,EXT,1.12724,0.00000
7,57,1791296767707,ENGINE,MODIFY,9059,BUY_LIMIT,L,3,ENT,1.12576,1.12554
7,57,1791296767991,ENGINE,PLACE,9060,SELL_LIMIT,L,2,EXT,1.12746,0.00000
7,58,1791297649831,LATTICE,MODIFY,9055,BUY_LIMIT,S,6,EXT,1.12570,1.12007
7,58,1791297650115,LATTICE,PLACE,9061,BUY_LIMIT,S,7,EXT,1.12076,0.00000
7,58,1791297650398,LATTICE,REMOVE,9049,BUY_LIMIT,S,5,EXT,1.12500,0.00000
7,59,1791298994203,LATTICE,MODIFY,9061,BUY_LIMIT,S,7,EXT,1.12639,1.12076
7,59,1791298994487,LATTICE,PLACE,9062,BUY_LIMIT,S,8,EXT,1.12146,0.00000
7,59,1791298994770,LATTICE,REMOVE,9055,BUY_LIMIT,S,6,EXT,1.12570,0.00000
7,59,1791299001099,DEAL,FILL,9060,SELL_LIMIT,L,2,EXT,1.12746,0.00000
7,60,1791299002048,ENGINE,PLACE,9063,SELL_LIMIT,L,1,EXT,1.13183,0.00000
7,60,1791299002331,ENGINE,REMOVE,9059,BUY_LIMIT,L,3,ENT,1.12576,0.00000
7,62,1791299002458,ENGINE,PLACE,9064,BUY_LIMIT,L,2,ENT,1.12745,0.00000
7,63,1791299004069,ENGINE,PLACE,9065,SELL_LIMIT,L,2,EXT,1.12846,0.00000
7,63,1791299004352,ENGINE,REMOVE,9063,SELL_LIMIT,L,1,EXT,1.13183,0.00000
7,63,1791299004390,ENGINE,REMOVE,9064,BUY_LIMIT,L,2,ENT,1.12745,0.00000
7,63,1791299004663,ENGINE,PLACE,9066,BUY_LIMIT,L,3,ENT,1.12676,0.00000
7,63,1791299190016,DEAL,PLACE,9067,SELL_LIMIT,L,3,EXT,1.12776,0.00000
7,63,1791299190299,DEAL,PLACE,9068,BUY_LIMIT,L,4,ENT,1.12606,0.00000
7,63,1791299190582,DEAL,REMOVE,9065,SELL_LIMIT,L,2,EXT,1.12846,0.00000
7,63,1791299190620,DEAL,FILL,9066,BUY_LIMIT,L,3,ENT,1.12676,0.00000
7,64,1791299190166,SYNC,REMOVE,9067,SELL_LIMIT,L,3,EXT,1.12776,0.00000
7,64,1791299190620,ENGINE,PLACE,9069,SELL_LIMIT,L,3,EXT,1.12776,0.00000
7,64,1791300499257,DEAL,FILL,9061,BUY_LIMIT,S,7,EXT,1.12639,0.00000
7,65,1791300502212,ENGINE,PLACE,9070,BUY_LIMIT,S,6,EXT,1.12570,0.00000
7,65,1791300502495,ENGINE,PLACE,9071,SELL_LIMIT,S,11,ENT,1.12739,0.00000
7,67,1791301504763,DEAL,PLACE,9072,SELL_LIMIT,L,4,EXT,1.12705,0.00000
7,67,1791301505046,DEAL,PLACE,9073,BUY_LIMIT,L,5,ENT,1.12535,0.00000
7,67,1791301505329,DEAL,FILL,9068,BUY_LIMIT,L,4,ENT,1.12606,0.00000
7,67,1791301505329,DEAL,REMOVE,9069,SELL_LIMIT,L,3,EXT,1.12776,0.00000
7,68,1791301505119,SYNC,REMOVE,9072,SELL_LIMIT,L,4,EXT,1.12705,0.00000
7,68,1791301505367,ENGINE,PLACE,9074,SELL_LIMIT,L,4,EXT,1.12705,0.00000
7,68,1791301992324,DEAL,FILL,9070,BUY_LIMIT,S,6,EXT,1.12570,0.00000
7,69,1791301992473,ENGINE,MODIFY,9071,SELL_LIMIT,S,11,ENT,1.12669,1.12739
7,69,1791301992757,ENGINE,PLACE,9075,BUY_LIMIT,S,5,EXT,1.12500,0.00000
7,71,1791303973239,DEAL,PLACE,9076,SELL_LIMIT,L,5,EXT,1.12635,0.00000
7,71,1791303973522,DEAL,PLACE,9077,BUY_LIMIT,L,6,ENT,1.12465,0.00000
7,71,1791303973805,DEAL,FILL,9073,BUY_LIMIT,L,5,ENT,1.12535,0.00000
7,71,1791303973805,DEAL,REMOVE,9074,SELL_LIMIT,L,4,EXT,1.12705,0.00000
7,72,1791303973779,SYNC,REMOVE,9076,SELL_LIMIT,L,5,EXT,1.12635,0.00000
7,72,1791303973843,ENGINE,PLACE,9078,SELL_LIMIT,L,5,EXT,1.12635,0.00000
7,72,1791304768423,DEAL,FILL,9075,BUY_LIMIT,S,5,EXT,1.12500,0.00000
7,73,1791304768566,ENGINE,MODIFY,9071,SELL_LIMIT,S,11,ENT,1.12599,1.12669
7,73,1791304768850,ENGINE,PLACE,9079,BUY_LIMIT,S,4,EXT,1.12430,0.00000
7,75,1791308458938,DEAL,PLACE,9080,SELL_LIMIT,L,6,EXT,1.12562,0.00000
7,75,1791308459221,DEAL,PLACE,9081,BUY_LIMIT,L,7,ENT,1.12392,0.00000
7,75,1791308459504,DEAL,FILL,9077,BUY_LIMIT,L,6,ENT,1.12465,0.00000
7,75,1791308459504,DEAL,REMOVE,9078,SELL_LIMIT,L,5,EXT,1.12635,0.00000
7,76,1791308459084,SYNC,REMOVE,9080,SELL_LIMIT,L,6,EXT,1.12562,0.00000
7,76,1791308459542,ENGINE,PLACE,9082,SELL_LIMIT,L,6,EXT,1.12562,0.00000
7,76,1791309218112,DEAL,FILL,9082,SELL_LIMIT,L,6,EXT,1.12562,0.00000
7,77,1791309218871,ENGINE,PLACE,9083,SELL_LIMIT,L,5,EXT,1.12635,0.00000
7,77,1791309219154,ENGINE,REMOVE,9081,BUY_LIMIT,L,7,ENT,1.12392,0.00000
7,79,1791309219268,ENGINE,PLACE,9084,BUY_LIMIT,L,6,ENT,1.12465,0.00000
7,79,1791310020245,DEAL,PLACE,9085,BUY_LIMIT,S,11,EXT,1.12504,0.00000
7,79,1791310020528,DEAL,PLACE,9086,SELL_LIMIT,S,12,ENT,1.12674,0.00000
7,79,1791310020811,DEAL,FILL,9071,SELL_LIMIT,S,11,ENT,1.12599,0.00000
7,79,1791310020811,DEAL,REMOVE,9079,BUY_LIMIT,S,4,EXT,1.12430,0.00000
7,80,1791310020388,SYNC,REMOVE,9085,BUY_LIMIT,S,11,EXT,1.12504,0.00000
7,80,1791310020849,ENGINE,PLACE,9087,BUY_LIMIT,S,11,EXT,1.12504,0.00000
7,80,1791310557675,DEAL,FILL,9083,SELL_LIMIT,L,5,EXT,1.12635,0.00000
7,81,1791310558022,ENGINE,PLACE,9088,SELL_LIMIT,L,4,EXT,1.12705,0.00000
7,81,1791310558305,ENGINE,REMOVE,9084,BUY_LIMIT,L,6,ENT,1.12465,0.00000
7,81,1791310558423,ENGINE,PLACE,9089,BUY_LIMIT,L,5,ENT,1.12535,0.00000
7,83,1791311763850,DEAL,PLACE,9090,BUY_LIMIT,S,12,EXT,1.12578,0.00000
7,83,1791311764133,DEAL,PLACE,9091,SELL_LIMIT,S,13,ENT,1.12748,0.00000
7,83,1791311764416,DEAL,FILL,9086,SELL_LIMIT,S,12,ENT,1.12674,0.00000
7,83,1791311764416,DEAL,REMOVE,9087,BUY_LIMIT,S,11,EXT,1.12504,0.00000
7,84,1791311770417,SYNC,REMOVE,9090,BUY_LIMIT,S,12,EXT,1.12578,0.00000
7,84,1791311770417,ENGINE,PLACE,9092,BUY_LIMIT,S,12,EXT,1.12578,0.00000
7,84,1791313873516,DEAL,FILL,9092,BUY_LIMIT,S,12,EXT,1.12578,0.00000
7,85,1791313873870,ENGINE,PLACE,9093,BUY_LIMIT,S,11,EXT,1.12504,0.00000
7,85,1791313874153,ENGINE,REMOVE,9091,SELL_LIMIT,S,13,ENT,1.12748,0.00000
7,87,1791313875680,ENGINE,PLACE,9094,SELL_LIMIT,S,12,ENT,1.12674,0.00000
7,87,1791330643001,TIMER,MODIFY,1979967856,SELL_LIMIT,L,0,EXT,1.13277,1.13253
7,87,1791330763001,TIMER,MODIFY,9088,SELL_LIMIT,L,4,EXT,1.12729,1.12705
7,87,1791330823001,TIMER,MODIFY,9062,BUY_LIMIT,S,8,EXT,1.12150,1.12146
7,87,1791330943001,TIMER,MODIFY,9093,BUY_LIMIT,S,11,EXT,1.12508,1.12504
7,87,1791331201154,ENGINE,MODIFY,9089,BUY_LIMIT,L,5,ENT,1.12495,1.12535
7,87,1791331201658,ENGINE,MODIFY,9089,BUY_LIMIT,L,5,ENT,1.12535,1.12495
7,87,1791340987560,DEAL,PLACE,9095,SELL_LIMIT,L,5,EXT,1.12634,0.00000
7,87,1791340987843,DEAL,PLACE,9096,BUY_LIMIT,L,6,ENT,1.12464,0.00000
7,87,1791340988126,DEAL,REMOVE,9088,SELL_LIMIT,L,4,EXT,1.12729,0.00000
7,87,1791340988164,DEAL,FILL,9089,BUY_LIMIT,L,5,ENT,1.12535,0.00000
7,88,1791340988101,SYNC,REMOVE,9095,SELL_LIMIT,L,5,EXT,1.12634,0.00000
7,88,1791340988164,ENGINE,PLACE,9097,SELL_LIMIT,L,5,EXT,1.12634,0.00000
7,88,1791342461757,DEAL,FILL,9093,BUY_LIMIT,S,11,EXT,1.12508,0.00000
7,89,1791342462704,ENGINE,PLACE,9098,BUY_LIMIT,S,4,EXT,1.12434,0.00000
7,89,1791342462987,ENGINE,REMOVE,9094,SELL_LIMIT,S,12,ENT,1.12674,0.00000
7,91,1791342468541,ENGINE,PLACE,9099,SELL_LIMIT,S,11,ENT,1.12599,0.00000
7,91,1791345704493,DEAL,PLACE,9100,SELL_LIMIT,L,6,EXT,1.12567,0.00000
7,91,1791345704776,DEAL,PLACE,9101,BUY_LIMIT,L,7,ENT,1.12397,0.00000
7,91,1791345705059,DEAL,FILL,9096,BUY_LIMIT,L,6,ENT,1.12464,0.00000
7,91,1791345705059,DEAL,REMOVE,9097,SELL_LIMIT,L,5,EXT,1.12634,0.00000
7,92,1791345704642,SYNC,REMOVE,9100,SELL_LIMIT,L,6,EXT,1.12567,0.00000
7,92,1791345705097,ENGINE,PLACE,9102,SELL_LIMIT,L,6,EXT,1.12567,0.00000
7,92,1791346901152,DEAL,FILL,9098,BUY_LIMIT,S,4,EXT,1.12434,0.00000
7,93,1791346901917,ENGINE,MODIFY,9099,SELL_LIMIT,S,11,ENT,1.12529,1.12599
7,93,1791346902201,ENGINE,PLACE,9103,BUY_LIMIT,S,10,EXT,1.12363,0.00000
7,95,1791348871815,DEAL,PLACE,9104,SELL_LIMIT,L,7,EXT,1.12497,0.00000
7,95,1791348872098,DEAL,FILL,9101,BUY_LIMIT,L,7,ENT,1.12397,0.00000
7,95,1791348872098,DEAL,REMOVE,9102,SELL_LIMIT,L,6,EXT,1.12567,0.00000
7,96,1791348871962,SYNC,REMOVE,9104,SELL_LIMIT,L,7,EXT,1.12497,0.00000
7,96,1791348872136,ENGINE,PLACE,9105,SELL_LIMIT,L,7,EXT,1.12497,0.00000
7,96,1791349441400,DEAL,FILL,9103,BUY_LIMIT,S,10,EXT,1.12363,0.00000
7,97,1791349444354,ENGINE,PLACE,9106,BUY_LIMIT,S,9,EXT,1.12290,0.00000
7,97,1791349444637,ENGINE,REMOVE,9099,SELL_LIMIT,S,11,ENT,1.12529,0.00000
7,99,1791349444764,ENGINE,PLACE,9107,SELL_LIMIT,S,10,ENT,1.12456,0.00000
8,-1,1791350283005,SEED,PLACE,1979967856,SELL_LIMIT,L,0,EXT,1.13277,0.00000
8,-1,1791350283005,SEED,PLACE,1991677410,SELL_LIMIT,L,7,EXT,1.12497,0.00000
8,-1,1791350283005,SEED,PLACE,1990102658,BUY_LIMIT,S,8,EXT,1.12150,0.00000
8,-1,1791350283005,SEED,PLACE,1991707921,BUY_LIMIT,S,9,EXT,1.12290,0.00000
8,-1,1791350283005,SEED,PLACE,1991707961,SELL_LIMIT,S,10,ENT,1.12456,0.00000
9,-1,1791350480000,SEED,PLACE,1979967856,SELL_LIMIT,L,0,EXT,1.13277,0.00000
9,-1,1791350480000,SEED,PLACE,1991677410,SELL_LIMIT,L,7,EXT,1.12497,0.00000
9,-1,1791350480000,SEED,PLACE,1990102658,BUY_LIMIT,S,8,EXT,1.12150,0.00000
9,-1,1791350480000,SEED,PLACE,1991707921,BUY_LIMIT,S,9,EXT,1.12290,0.00000
9,-1,1791350480000,SEED,PLACE,1991707961,SELL_LIMIT,S,10,ENT,1.12456,0.00000
9,-1,1791358042871,DEAL,FILL,1991707921,BUY_LIMIT,S,9,EXT,1.12290,0.00000
9,0,1791358044614,ENGINE,PLACE,9000,BUY_LIMIT,S,1,EXT,1.12221,0.00000
9,0,1791358044897,ENGINE,REMOVE,1991707961,SELL_LIMIT,S,10,ENT,1.12456,0.00000
9,2,1791358045024,ENGINE,PLACE,9001,SELL_LIMIT,S,9,ENT,1.12386,0.00000
9,2,1791365153013,DEAL,FILL,9000,BUY_LIMIT,S,1,EXT,1.12221,0.00000
9,3,1791365153564,ENGINE,MODIFY,9001,SELL_LIMIT,S,9,ENT,1.12316,1.12386
9,5,1791365724014,DEAL,PLACE,9002,BUY_LIMIT,S,9,EXT,1.12218,0.00000
9,5,1791365724297,DEAL,PLACE,9003,SELL_LIMIT,S,10,ENT,1.12388,0.00000
9,5,1791365724580,DEAL,FILL,9001,SELL_LIMIT,S,9,ENT,1.12316,0.00000
9,6,1791365724158,SYNC,REMOVE,9002,BUY_LIMIT,S,9,EXT,1.12218,0.00000
9,6,1791365724580,ENGINE,PLACE,9004,BUY_LIMIT,S,9,EXT,1.12218,0.00000
9,6,1791368120066,DEAL,FILL,9004,BUY_LIMIT,S,9,EXT,1.12218,0.00000
9,7,1791368121404,ENGINE,REMOVE,9003,SELL_LIMIT,S,10,ENT,1.12388,0.00000
9,9,1791368122815,ENGINE,PLACE,9005,SELL_LIMIT,S,9,ENT,1.12316,0.00000
9,9,1791368477212,DEAL,FILL,1990102658,BUY_LIMIT,S,8,EXT,1.12150,0.00000
9,11,1791368477348,LATTICE,PLACE,9008,SELL_LIMIT,L,4,EXT,1.12311,0.00000
9,11,1791368477631,LATTICE,REMOVE,1991677410,SELL_LIMIT,L,7,EXT,1.12497,0.00000
9,11,1791368477669,ENGINE,PLACE,9009,SELL_LIMIT,S,0,ENT,1.12171,0.00000
9,11,1791368477952,ENGINE,REMOVE,9005,SELL_LIMIT,S,9,ENT,1.12316,0.00000
9,15,1791368516544,ENGINE,MODIFY,9009,SELL_LIMIT,S,0,ENT,1.12147,1.12171
9,15,1791368623483,DEAL,PLACE,9010,BUY_LIMIT,S,0,EXT,1.12047,0.00000
9,15,1791368623766,DEAL,PLACE,9011,SELL_LIMIT,S,1,ENT,1.12217,0.00000
9,15,1791368624049,DEAL,FILL,9009,SELL_LIMIT,S,0,ENT,1.12147,0.00000
9,16,1791368625232,SYNC,REMOVE,9010,BUY_LIMIT,S,0,EXT,1.12047,0.00000
9,16,1791368625232,ENGINE,PLACE,9012,BUY_LIMIT,S,0,EXT,1.12047,0.00000
9,16,1791369624019,DEAL,FILL,9012,BUY_LIMIT,S,0,EXT,1.12047,0.00000
9,18,1791369625779,LATTICE,PLACE,9014,SELL_LIMIT,L,6,EXT,1.12147,0.00000
9,18,1791369626062,LATTICE,REMOVE,9008,SELL_LIMIT,L,4,EXT,1.12311,0.00000
9,18,1791369626100,ENGINE,PLACE,9015,SELL_LIMIT,S,0,ENT,1.12067,0.00000
9,18,1791369626383,ENGINE,REMOVE,9011,SELL_LIMIT,S,1,ENT,1.12217,0.00000
9,21,1791369736524,DEAL,PLACE,9016,BUY_LIMIT,S,0,EXT,1.11968,0.00000
9,21,1791369736807,DEAL,PLACE,9017,SELL_LIMIT,S,1,ENT,1.12138,0.00000
9,21,1791369737090,DEAL,FILL,9015,SELL_LIMIT,S,0,ENT,1.12067,0.00000
9,22,1791369737074,SYNC,REMOVE,9016,BUY_LIMIT,S,0,EXT,1.11968,0.00000
9,22,1791369737090,ENGINE,PLACE,9018,BUY_LIMIT,S,0,EXT,1.11968,0.00000
9,22,1791370392167,DEAL,FILL,9018,BUY_LIMIT,S,0,EXT,1.11968,0.00000
9,24,1791370392716,LATTICE,PLACE,9019,SELL_LIMIT,L,7,EXT,1.12077,0.00000
9,24,1791370392999,LATTICE,REMOVE,9014,SELL_LIMIT,L,6,EXT,1.12147,0.00000
9,24,1791370393037,ENGINE,PLACE,9020,SELL_LIMIT,S,0,ENT,1.11977,0.00000
9,24,1791370393320,ENGINE,REMOVE,9017,SELL_LIMIT,S,1,ENT,1.12138,0.00000
9,26,1791370399761,ENGINE,MODIFY,9020,SELL_LIMIT,S,0,ENT,1.11951,1.11977
9,26,1791370424307,ENGINE,MODIFY,9020,SELL_LIMIT,S,0,ENT,1.11930,1.11951
9,27,1791370439228,LATTICE,MODIFY,1979967856,SELL_LIMIT,L,0,EXT,1.12080,1.13277
9,27,1791370439512,LATTICE,PLACE,9021,SELL_LIMIT,L,1,EXT,1.13207,0.00000
9,27,1791370439795,LATTICE,REMOVE,9019,SELL_LIMIT,L,7,EXT,1.12077,0.00000
9,28,1791370466391,ENGINE,PLACE,9022,BUY_LIMIT,S,0,EXT,1.11819,0.00000
9,28,1791370466674,ENGINE,PLACE,9023,SELL_LIMIT,S,1,ENT,1.11989,0.00000
9,28,1791370466957,ENGINE,REMOVE,9020,SELL_LIMIT,S,0,ENT,1.11930,0.00000
9,28,1791370628388,DEAL,FILL,9022,BUY_LIMIT,S,0,EXT,1.11819,0.00000
9,29,1791370628536,LATTICE,MODIFY,9021,SELL_LIMIT,L,1,EXT,1.12010,1.13207
9,29,1791370628820,LATTICE,PLACE,9024,SELL_LIMIT,L,2,EXT,1.12451,0.00000
9,29,1791370629103,LATTICE,REMOVE,1979967856,SELL_LIMIT,L,0,EXT,1.12080,0.00000
9,29,1791370629141,ENGINE,PLACE,9025,SELL_LIMIT,S,0,ENT,1.11838,0.00000
9,29,1791370629424,ENGINE,REMOVE,9023,SELL_LIMIT,S,1,ENT,1.11989,0.00000
9,32,1791370642040,DEAL,PLACE,9026,BUY_LIMIT,S,0,EXT,1.11743,0.00000
9,32,1791370642323,DEAL,PLACE,9027,SELL_LIMIT,S,1,ENT,1.11913,0.00000
9,32,1791370642606,DEAL,FILL,9025,SELL_LIMIT,S,0,ENT,1.11838,0.00000
9,33,1791370642586,SYNC,REMOVE,9026,BUY_LIMIT,S,0,EXT,1.11743,0.00000
9,33,1791370642606,ENGINE,MODIFY,9027,SELL_LIMIT,S,1,ENT,1.11918,1.11913
9,33,1791370642890,ENGINE,PLACE,9028,BUY_LIMIT,S,0,EXT,1.11748,0.00000
9,33,1791370806933,DEAL,PLACE,9029,BUY_LIMIT,S,1,EXT,1.11818,0.00000
9,33,1791370807216,DEAL,PLACE,9030,SELL_LIMIT,S,2,ENT,1.11988,0.00000
9,33,1791370807499,DEAL,FILL,9027,SELL_LIMIT,S,1,ENT,1.11918,0.00000
9,34,1791370807481,SYNC,REMOVE,9029,BUY_LIMIT,S,1,EXT,1.11818,0.00000
9,34,1791370807499,ENGINE,PLACE,9031,BUY_LIMIT,S,1,EXT,1.11818,0.00000
9,34,1791371781311,DEAL,FILL,9031,BUY_LIMIT,S,1,EXT,1.11818,0.00000
9,35,1791371782462,ENGINE,REMOVE,9030,SELL_LIMIT,S,2,ENT,1.11988,0.00000
9,35,1791371782659,ENGINE,PLACE,9032,SELL_LIMIT,S,1,ENT,1.11918,0.00000
9,37,1791372089485,DEAL,PLACE,9033,BUY_LIMIT,S,1,EXT,1.11820,0.00000
9,37,1791372089768,DEAL,PLACE,9034,SELL_LIMIT,S,2,ENT,1.11990,0.00000
9,37,1791372090051,DEAL,FILL,9032,SELL_LIMIT,S,1,ENT,1.11918,0.00000
9,38,1791372089631,SYNC,REMOVE,9033,BUY_LIMIT,S,1,EXT,1.11820,0.00000
9,38,1791372090051,ENGINE,PLACE,9035,BUY_LIMIT,S,1,EXT,1.11820,0.00000
9,38,1791373556605,DEAL,PLACE,9036,BUY_LIMIT,S,2,EXT,1.11890,0.00000
9,38,1791373556888,DEAL,PLACE,9037,SELL_LIMIT,S,3,ENT,1.12060,0.00000
9,38,1791373557171,DEAL,FILL,9034,SELL_LIMIT,S,2,ENT,1.11990,0.00000
9,38,1791373557171,DEAL,REMOVE,9035,BUY_LIMIT,S,1,EXT,1.11820,0.00000
9,39,1791373558965,SYNC,REMOVE,9036,BUY_LIMIT,S,2,EXT,1.11890,0.00000
9,39,1791373558965,ENGINE,PLACE,9038,BUY_LIMIT,S,2,EXT,1.11890,0.00000
9,39,1791374538083,DEAL,FILL,9021,SELL_LIMIT,L,1,EXT,1.12010,0.00000
9,40,1791374538234,ENGINE,PLACE,9039,SELL_LIMIT,L,0,EXT,1.12080,0.00000
9,40,1791374538517,ENGINE,PLACE,9040,BUY_LIMIT,L,8,ENT,1.11837,0.00000
9,42,1791376233775,DEAL,FILL,9038,BUY_LIMIT,S,2,EXT,1.11890,0.00000
9,43,1791376233922,ENGINE,PLACE,9041,BUY_LIMIT,S,1,EXT,1.11820,0.00000
9,43,1791376234205,ENGINE,REMOVE,9037,SELL_LIMIT,S,3,ENT,1.12060,0.00000
9,45,1791376234322,ENGINE,PLACE,9042,SELL_LIMIT,S,2,ENT,1.11990,0.00000
9,45,1791383270004,DEAL,PLACE,9043,SELL_LIMIT,L,8,EXT,1.11938,0.00000
9,45,1791383270287,DEAL,REMOVE,9039,SELL_LIMIT,L,0,EXT,1.12080,0.00000
9,45,1791383270325,DEAL,FILL,9040,BUY_LIMIT,L,8,ENT,1.11837,0.00000
9,46,1791383273164,SYNC,REMOVE,9043,SELL_LIMIT,L,8,EXT,1.11938,0.00000
9,46,1791383273164,ENGINE,PLACE,9044,SELL_LIMIT,L,8,EXT,1.11938,0.00000
9,46,1791383766755,DEAL,FILL,9041,BUY_LIMIT,S,1,EXT,1.11820,0.00000
9,47,1791383767500,ENGINE,REMOVE,9042,SELL_LIMIT,S,2,ENT,1.11990,0.00000
9,47,1791383767701,ENGINE,PLACE,9045,SELL_LIMIT,S,1,ENT,1.11918,0.00000
9,49,1791385838464,DEAL,FILL,9028,BUY_LIMIT,S,0,EXT,1.11748,0.00000
9,50,1791385840828,LATTICE,MODIFY,9044,SELL_LIMIT,L,8,EXT,1.11868,1.11938
9,50,1791385841112,ENGINE,PLACE,9046,SELL_LIMIT,S,0,ENT,1.11764,0.00000
9,50,1791385841395,ENGINE,REMOVE,9045,SELL_LIMIT,S,1,ENT,1.11918,0.00000
9,54,1791385914253,ENGINE,PLACE,9047,BUY_LIMIT,S,0,EXT,1.11663,0.00000
9,54,1791385914536,ENGINE,PLACE,9048,SELL_LIMIT,S,1,ENT,1.11833,0.00000
9,54,1791385914819,ENGINE,REMOVE,9046,SELL_LIMIT,S,0,ENT,1.11764,0.00000
9,54,1791386683592,DEAL,FILL,9047,BUY_LIMIT,S,0,EXT,1.11663,0.00000
9,55,1791386684132,LATTICE,MODIFY,9024,SELL_LIMIT,L,2,EXT,1.11822,1.12451
9,55,1791386684416,LATTICE,PLACE,9049,SELL_LIMIT,L,3,EXT,1.12381,0.00000
9,55,1791386684699,LATTICE,REMOVE,9044,SELL_LIMIT,L,8,EXT,1.11868,0.00000
9,55,1791386684737,ENGINE,PLACE,9050,SELL_LIMIT,S,0,ENT,1.11685,0.00000
9,55,1791386685020,ENGINE,REMOVE,9048,SELL_LIMIT,S,1,ENT,1.11833,0.00000
9,58,1791386743865,DEAL,PLACE,9051,BUY_LIMIT,S,0,EXT,1.11585,0.00000
9,58,1791386744148,DEAL,PLACE,9052,SELL_LIMIT,S,1,ENT,1.11755,0.00000
9,58,1791386744431,DEAL,FILL,9050,SELL_LIMIT,S,0,ENT,1.11685,0.00000
9,59,1791386744821,SYNC,REMOVE,9051,BUY_LIMIT,S,0,EXT,1.11585,0.00000
9,59,1791386744821,ENGINE,PLACE,9053,BUY_LIMIT,S,0,EXT,1.11585,0.00000
9,59,1791388827036,DEAL,PLACE,9054,BUY_LIMIT,S,1,EXT,1.11655,0.00000
9,59,1791388827319,DEAL,PLACE,9055,SELL_LIMIT,S,2,ENT,1.11825,0.00000
9,59,1791388827602,DEAL,FILL,9052,SELL_LIMIT,S,1,ENT,1.11755,0.00000
9,60,1791388827579,SYNC,REMOVE,9054,BUY_LIMIT,S,1,EXT,1.11655,0.00000
9,60,1791388827602,ENGINE,PLACE,9056,BUY_LIMIT,S,1,EXT,1.11655,0.00000
9,60,1791389942244,DEAL,FILL,9024,SELL_LIMIT,L,2,EXT,1.11822,0.00000
9,61,1791389942399,ENGINE,PLACE,9057,SELL_LIMIT,L,8,EXT,1.11868,0.00000
9,61,1791389942682,ENGINE,PLACE,9058,BUY_LIMIT,L,9,ENT,1.11698,0.00000
9,63,1791389943391,ENGINE,MODIFY,9055,SELL_LIMIT,S,2,ENT,1.11826,1.11825
9,64,1791389945409,ENGINE,PLACE,9059,BUY_LIMIT,S,2,EXT,1.11726,0.00000
9,64,1791389945692,ENGINE,REMOVE,9055,SELL_LIMIT,S,2,ENT,1.11826,0.00000
9,64,1791389945730,ENGINE,REMOVE,9056,BUY_LIMIT,S,1,EXT,1.11655,0.00000
9,64,1791389945812,ENGINE,PLACE,9060,SELL_LIMIT,S,3,ENT,1.11896,0.00000
9,64,1791392397546,DEAL,FILL,9057,SELL_LIMIT,L,8,EXT,1.11868,0.00000
9,65,1791392398099,ENGINE,PLACE,9061,SELL_LIMIT,L,0,EXT,1.12080,0.00000
9,65,1791392398382,ENGINE,REMOVE,9058,BUY_LIMIT,L,9,ENT,1.11698,0.00000
9,67,1791392399095,ENGINE,PLACE,9062,BUY_LIMIT,L,8,ENT,1.11837,0.00000
9,67,1791392501964,DEAL,PLACE,9063,BUY_LIMIT,S,3,EXT,1.11795,0.00000
9,67,1791392502247,DEAL,PLACE,9064,SELL_LIMIT,S,4,ENT,1.11965,0.00000
9,67,1791392502530,DEAL,REMOVE,9059,BUY_LIMIT,S,2,EXT,1.11726,0.00000
9,67,1791392502568,DEAL,FILL,9060,SELL_LIMIT,S,3,ENT,1.11896,0.00000
9,68,1791392502304,SYNC,REMOVE,9063,BUY_LIMIT,S,3,EXT,1.11795,0.00000
9,68,1791392502568,ENGINE,PLACE,9065,BUY_LIMIT,S,3,EXT,1.11795,0.00000
9,68,1791392625077,DEAL,PLACE,9066,SELL_LIMIT,L,8,EXT,1.11932,0.00000
9,68,1791392625360,DEAL,PLACE,9067,BUY_LIMIT,L,9,ENT,1.11762,0.00000
9,68,1791392625643,DEAL,REMOVE,9061,SELL_LIMIT,L,0,EXT,1.12080,0.00000
9,68,1791392625681,DEAL,FILL,9062,BUY_LIMIT,L,8,ENT,1.11837,0.00000
9,69,1791392625225,SYNC,REMOVE,9066,SELL_LIMIT,L,8,EXT,1.11932,0.00000
9,69,1791392625681,ENGINE,PLACE,9068,SELL_LIMIT,L,8,EXT,1.11932,0.00000
9,69,1791392779409,DEAL,FILL,9065,BUY_LIMIT,S,3,EXT,1.11795,0.00000
9,70,1791392779757,ENGINE,PLACE,9069,BUY_LIMIT,S,2,EXT,1.11726,0.00000
9,70,1791392780040,ENGINE,REMOVE,9064,SELL_LIMIT,S,4,ENT,1.11965,0.00000
9,72,1791392780155,ENGINE,PLACE,9070,SELL_LIMIT,S,3,ENT,1.11896,0.00000
9,72,1791394791714,DEAL,PLACE,9071,BUY_LIMIT,S,3,EXT,1.11797,0.00000
9,72,1791394791997,DEAL,PLACE,9072,SELL_LIMIT,S,4,ENT,1.11967,0.00000
9,72,1791394792280,DEAL,REMOVE,9069,BUY_LIMIT,S,2,EXT,1.11726,0.00000
9,72,1791394792318,DEAL,FILL,9070,SELL_LIMIT,S,3,ENT,1.11896,0.00000
9,73,1791394791867,SYNC,REMOVE,9071,BUY_LIMIT,S,3,EXT,1.11797,0.00000
9,73,1791394792318,ENGINE,PLACE,9073,BUY_LIMIT,S,3,EXT,1.11797,0.00000
9,73,1791395472358,DEAL,FILL,9068,SELL_LIMIT,L,8,EXT,1.11932,0.00000
9,74,1791395472700,ENGINE,PLACE,9074,SELL_LIMIT,L,0,EXT,1.12080,0.00000
9,74,1791395472983,ENGINE,REMOVE,9067,BUY_LIMIT,L,9,ENT,1.11762,0.00000
9,74,1791395473098,ENGINE,PLACE,9075,BUY_LIMIT,L,8,ENT,1.11837,0.00000
9,76,1791396795373,DEAL,PLACE,9076,BUY_LIMIT,S,4,EXT,1.11879,0.00000
9,76,1791396795656,DEAL,PLACE,9077,SELL_LIMIT,S,5,ENT,1.12049,0.00000
9,76,1791396795939,DEAL,FILL,9072,SELL_LIMIT,S,4,ENT,1.11967,0.00000
9,76,1791396795939,DEAL,REMOVE,9073,BUY_LIMIT,S,3,EXT,1.11797,0.00000
9,77,1791396795710,SYNC,REMOVE,9076,BUY_LIMIT,S,4,EXT,1.11879,0.00000
9,77,1791396795977,ENGINE,PLACE,9078,BUY_LIMIT,S,4,EXT,1.11879,0.00000
9,77,1791397574364,DEAL,FILL,9078,BUY_LIMIT,S,4,EXT,1.11879,0.00000
9,78,1791397574511,ENGINE,PLACE,9079,BUY_LIMIT,S,3,EXT,1.11797,0.00000
9,78,1791397574794,ENGINE,REMOVE,9077,SELL_LIMIT,S,5,ENT,1.12049,0.00000
9,80,1791397574913,ENGINE,PLACE,9080,SELL_LIMIT,S,4,ENT,1.11967,0.00000
9,80,1791398976733,DEAL,PLACE,9081,SELL_LIMIT,L,8,EXT,1.11935,0.00000
9,80,1791398977016,DEAL,PLACE,9082,BUY_LIMIT,L,9,ENT,1.11765,0.00000
9,80,1791398977299,DEAL,REMOVE,9074,SELL_LIMIT,L,0,EXT,1.12080,0.00000
9,80,1791398977337,DEAL,FILL,9075,BUY_LIMIT,L,8,ENT,1.11837,0.00000
9,81,1791398978298,SYNC,REMOVE,9081,SELL_LIMIT,L,8,EXT,1.11935,0.00000
9,81,1791398978298,ENGINE,PLACE,9083,SELL_LIMIT,L,8,EXT,1.11935,0.00000
9,81,1791400065214,DEAL,FILL,9083,SELL_LIMIT,L,8,EXT,1.11935,0.00000
9,82,1791400065359,ENGINE,PLACE,9084,SELL_LIMIT,L,0,EXT,1.12080,0.00000
9,82,1791400065642,ENGINE,REMOVE,9082,BUY_LIMIT,L,9,ENT,1.11765,0.00000
9,84,1791400066163,ENGINE,PLACE,9085,BUY_LIMIT,L,8,ENT,1.11837,0.00000
9,84,1791400732786,DEAL,PLACE,9086,BUY_LIMIT,S,4,EXT,1.11869,0.00000
9,84,1791400733069,DEAL,PLACE,9087,SELL_LIMIT,S,5,ENT,1.12039,0.00000
9,84,1791400733352,DEAL,REMOVE,9079,BUY_LIMIT,S,3,EXT,1.11797,0.00000
9,84,1791400733390,DEAL,FILL,9080,SELL_LIMIT,S,4,ENT,1.11967,0.00000
9,85,1791400732928,SYNC,REMOVE,9086,BUY_LIMIT,S,4,EXT,1.11869,0.00000
9,85,1791400733390,ENGINE,PLACE,9088,BUY_LIMIT,S,4,EXT,1.11869,0.00000
9,85,1791417020000,TIMER,MODIFY,9049,SELL_LIMIT,L,3,EXT,1.12373,1.12381
9,85,1791417020284,TIMER,MODIFY,9084,SELL_LIMIT,L,0,EXT,1.12072,1.12080
9,85,1791417200000,TIMER,MODIFY,9053,BUY_LIMIT,S,0,EXT,1.11586,1.11585
9,85,1791417320000,TIMER,MODIFY,9088,BUY_LIMIT,S,4,EXT,1.11870,1.11869
9,85,1791434485879,DEAL,PLACE,9089,BUY_LIMIT,S,5,EXT,1.11939,0.00000
9,85,1791434486162,DEAL,PLACE,9090,SELL_LIMIT,S,6,ENT,1.12109,0.00000
9,85,1791434486445,DEAL,FILL,9087,SELL_LIMIT,S,5,ENT,1.12039,0.00000
9,85,1791434486445,DEAL,REMOVE,9088,BUY_LIMIT,S,4,EXT,1.11870,0.00000
9,86,1791434486633,SYNC,REMOVE,9089,BUY_LIMIT,S,5,EXT,1.11939,0.00000
9,86,1791434486633,ENGINE,PLACE,9091,BUY_LIMIT,S,5,EXT,1.11939,0.00000
9,86,1791434950843,DEAL,FILL,9084,SELL_LIMIT,L,0,EXT,1.12072,0.00000
9,87,1791434950990,ENGINE,MODIFY,9085,BUY_LIMIT,L,8,ENT,1.11907,1.11837
9,87,1791434951274,ENGINE,PLACE,9092,SELL_LIMIT,L,7,EXT,1.12085,0.00000
9,89,1791435510872,DEAL,FILL,9092,SELL_LIMIT,L,7,EXT,1.12085,0.00000
9,90,1791435511625,ENGINE,PLACE,9093,SELL_LIMIT,L,6,EXT,1.12155,0.00000
9,90,1791435511908,ENGINE,REMOVE,9085,BUY_LIMIT,L,8,ENT,1.11907,0.00000
9,92,1791435514827,ENGINE,PLACE,9094,BUY_LIMIT,L,7,ENT,1.11977,0.00000
9,92,1791436501142,DEAL,PLACE,9095,BUY_LIMIT,S,6,EXT,1.12009,0.00000
9,92,1791436501425,DEAL,PLACE,9096,SELL_LIMIT,S,7,ENT,1.12179,0.00000
9,92,1791436501708,DEAL,FILL,9090,SELL_LIMIT,S,6,ENT,1.12109,0.00000
9,92,1791436501708,DEAL,REMOVE,9091,BUY_LIMIT,S,5,EXT,1.11939,0.00000
9,93,1791436501887,SYNC,REMOVE,9095,BUY_LIMIT,S,6,EXT,1.12009,0.00000
9,93,1791436501887,ENGINE,PLACE,9097,BUY_LIMIT,S,6,EXT,1.12009,0.00000
9,93,1791439279782,DEAL,FILL,9097,BUY_LIMIT,S,6,EXT,1.12009,0.00000
9,94,1791439280734,ENGINE,PLACE,9098,BUY_LIMIT,S,5,EXT,1.11939,0.00000
9,94,1791439281017,ENGINE,REMOVE,9096,SELL_LIMIT,S,7,ENT,1.12179,0.00000
9,96,1791439281133,ENGINE,PLACE,9099,SELL_LIMIT,S,6,ENT,1.12109,0.00000
9,96,1791449451154,DEAL,PLACE,9100,SELL_LIMIT,L,7,EXT,1.12075,0.00000
9,96,1791449451437,DEAL,PLACE,9101,BUY_LIMIT,L,8,ENT,1.11905,0.00000
9,96,1791449451720,DEAL,REMOVE,9093,SELL_LIMIT,L,6,EXT,1.12155,0.00000
9,96,1791449451758,DEAL,FILL,9094,BUY_LIMIT,L,7,ENT,1.11977,0.00000
9,97,1791449451488,SYNC,REMOVE,9100,SELL_LIMIT,L,7,EXT,1.12075,0.00000
9,97,1791449451758,ENGINE,PLACE,9102,SELL_LIMIT,L,7,EXT,1.12075,0.00000
9,97,1791449696065,DEAL,FILL,9098,BUY_LIMIT,S,5,EXT,1.11939,0.00000
9,98,1791449696425,ENGINE,PLACE,9103,BUY_LIMIT,S,4,EXT,1.11870,0.00000
9,98,1791449696708,ENGINE,REMOVE,9099,SELL_LIMIT,S,6,ENT,1.12109,0.00000
9,100,1791449699035,ENGINE,PLACE,9104,SELL_LIMIT,S,5,ENT,1.12039,0.00000
9,100,1791450426905,DEAL,PLACE,9105,SELL_LIMIT,L,8,EXT,1.12005,0.00000
9,100,1791450427188,DEAL,PLACE,9106,BUY_LIMIT,L,9,ENT,1.11835,0.00000
9,100,1791450427471,DEAL,FILL,9101,BUY_LIMIT,L,8,ENT,1.11905,0.00000
9,100,1791450427471,DEAL,REMOVE,9102,SELL_LIMIT,L,7,EXT,1.12075,0.00000
9,101,1791450427451,SYNC,REMOVE,9105,SELL_LIMIT,L,8,EXT,1.12005,0.00000
9,101,1791450427509,ENGINE,PLACE,9107,SELL_LIMIT,L,8,EXT,1.12005,0.00000
9,101,1791451397930,DEAL,FILL,9107,SELL_LIMIT,L,8,EXT,1.12005,0.00000
9,102,1791451398079,ENGINE,PLACE,9108,SELL_LIMIT,L,7,EXT,1.12075,0.00000
9,102,1791451398362,ENGINE,REMOVE,9106,BUY_LIMIT,L,9,ENT,1.11835,0.00000
9,104,1791451399482,ENGINE,PLACE,9109,BUY_LIMIT,L,8,ENT,1.11905,0.00000
9,104,1791452485931,DEAL,PLACE,9110,BUY_LIMIT,S,5,EXT,1.11940,0.00000
9,104,1791452486214,DEAL,PLACE,9111,SELL_LIMIT,S,6,ENT,1.12110,0.00000
9,104,1791452486497,DEAL,REMOVE,9103,BUY_LIMIT,S,4,EXT,1.11870,0.00000
9,104,1791452486535,DEAL,FILL,9104,SELL_LIMIT,S,5,ENT,1.12039,0.00000
9,105,1791452486284,SYNC,REMOVE,9110,BUY_LIMIT,S,5,EXT,1.11940,0.00000
9,105,1791452486535,ENGINE,PLACE,9112,BUY_LIMIT,S,5,EXT,1.11940,0.00000
9,105,1791453370708,DEAL,FILL,9112,BUY_LIMIT,S,5,EXT,1.11940,0.00000
9,106,1791453371452,ENGINE,PLACE,9113,BUY_LIMIT,S,4,EXT,1.11870,0.00000
9,106,1791453371735,ENGINE,REMOVE,9111,SELL_LIMIT,S,6,ENT,1.12110,0.00000
9,108,1791453372661,ENGINE,PLACE,9114,SELL_LIMIT,S,5,ENT,1.12039,0.00000
9,108,1791453603764,DEAL,PLACE,9115,SELL_LIMIT,L,8,EXT,1.12005,0.00000
9,108,1791453604047,DEAL,PLACE,9116,BUY_LIMIT,L,9,ENT,1.11835,0.00000
9,108,1791453604330,DEAL,REMOVE,9108,SELL_LIMIT,L,7,EXT,1.12075,0.00000
9,108,1791453604368,DEAL,FILL,9109,BUY_LIMIT,L,8,ENT,1.11905,0.00000
9,109,1791453605113,SYNC,REMOVE,9115,SELL_LIMIT,L,8,EXT,1.12005,0.00000
9,109,1791453605113,ENGINE,PLACE,9117,SELL_LIMIT,L,8,EXT,1.12005,0.00000
9,109,1791453666876,DEAL,FILL,9113,BUY_LIMIT,S,4,EXT,1.11870,0.00000
9,110,1791453667420,ENGINE,PLACE,9118,BUY_LIMIT,S,3,EXT,1.11798,0.00000
9,110,1791453667703,ENGINE,REMOVE,9114,SELL_LIMIT,S,5,ENT,1.12039,0.00000
9,112,1791453667831,ENGINE,PLACE,9119,SELL_LIMIT,S,4,ENT,1.11967,0.00000
9,112,1791453996359,DEAL,PLACE,9120,SELL_LIMIT,L,9,EXT,1.11930,0.00000
9,112,1791453996642,DEAL,PLACE,9121,BUY_LIMIT,L,10,ENT,1.11760,0.00000
9,112,1791453996925,DEAL,FILL,9116,BUY_LIMIT,L,9,ENT,1.11835,0.00000
9,112,1791453996925,DEAL,REMOVE,9117,SELL_LIMIT,L,8,EXT,1.12005,0.00000
9,113,1791453996907,SYNC,REMOVE,9120,SELL_LIMIT,L,9,EXT,1.11930,0.00000
9,113,1791453996963,ENGINE,PLACE,9122,SELL_LIMIT,L,9,EXT,1.11930,0.00000
9,113,1791454435067,DEAL,FILL,9122,SELL_LIMIT,L,9,EXT,1.11930,0.00000
9,114,1791454435207,ENGINE,PLACE,9123,SELL_LIMIT,L,8,EXT,1.12005,0.00000
9,114,1791454435490,ENGINE,REMOVE,9121,BUY_LIMIT,L,10,ENT,1.11760,0.00000
9,116,1791454435805,ENGINE,PLACE,9124,BUY_LIMIT,L,9,ENT,1.11835,0.00000
9,116,1791455101006,DEAL,PLACE,9125,BUY_LIMIT,S,4,EXT,1.11866,0.00000
9,116,1791455101289,DEAL,PLACE,9126,SELL_LIMIT,S,5,ENT,1.12036,0.00000
9,116,1791455101572,DEAL,REMOVE,9118,BUY_LIMIT,S,3,EXT,1.11798,0.00000
9,116,1791455101610,DEAL,FILL,9119,SELL_LIMIT,S,4,ENT,1.11967,0.00000
9,117,1791455101152,SYNC,REMOVE,9125,BUY_LIMIT,S,4,EXT,1.11866,0.00000
9,117,1791455101610,ENGINE,PLACE,9127,BUY_LIMIT,S,4,EXT,1.11866,0.00000
9,117,1791459006763,DEAL,FILL,9123,SELL_LIMIT,L,8,EXT,1.12005,0.00000
9,118,1791459007108,ENGINE,PLACE,9128,SELL_LIMIT,L,7,EXT,1.12075,0.00000
9,118,1791459007391,ENGINE,REMOVE,9124,BUY_LIMIT,L,9,ENT,1.11835,0.00000
9,120,1791459007506,ENGINE,PLACE,9129,BUY_LIMIT,L,8,ENT,1.11905,0.00000
9,120,1791459232302,DEAL,PLACE,9130,SELL_LIMIT,L,8,EXT,1.12004,0.00000
9,120,1791459232585,DEAL,PLACE,9131,BUY_LIMIT,L,9,ENT,1.11834,0.00000
9,120,1791459232868,DEAL,REMOVE,9128,SELL_LIMIT,L,7,EXT,1.12075,0.00000
9,120,1791459232906,DEAL,FILL,9129,BUY_LIMIT,L,8,ENT,1.11905,0.00000
9,121,1791459232452,SYNC,REMOVE,9130,SELL_LIMIT,L,8,EXT,1.12004,0.00000
9,121,1791459232906,ENGINE,PLACE,9132,SELL_LIMIT,L,8,EXT,1.12004,0.00000
9,121,1791459447640,DEAL,FILL,9127,BUY_LIMIT,S,4,EXT,1.11866,0.00000
9,122,1791459447986,ENGINE,PLACE,9133,BUY_LIMIT,S,3,EXT,1.11798,0.00000
9,122,1791459448269,ENGINE,REMOVE,9126,SELL_LIMIT,S,5,ENT,1.12036,0.00000
9,124,1791459448391,ENGINE,PLACE,9134,SELL_LIMIT,S,4,ENT,1.11967,0.00000
9,124,1791461551281,DEAL,PLACE,9135,SELL_LIMIT,L,9,EXT,1.11934,0.00000
9,124,1791461551564,DEAL,PLACE,9136,BUY_LIMIT,L,10,ENT,1.11764,0.00000
9,124,1791461551847,DEAL,FILL,9131,BUY_LIMIT,L,9,ENT,1.11834,0.00000
9,124,1791461551847,DEAL,REMOVE,9132,SELL_LIMIT,L,8,EXT,1.12004,0.00000
9,125,1791461551625,SYNC,REMOVE,9135,SELL_LIMIT,L,9,EXT,1.11934,0.00000
9,125,1791461551885,ENGINE,PLACE,9137,SELL_LIMIT,L,9,EXT,1.11934,0.00000
9,125,1791464690414,DEAL,FILL,9133,BUY_LIMIT,S,3,EXT,1.11798,0.00000
9,126,1791464690754,ENGINE,PLACE,9138,BUY_LIMIT,S,2,EXT,1.11727,0.00000
9,126,1791464691037,ENGINE,REMOVE,9134,SELL_LIMIT,S,4,ENT,1.11967,0.00000
9,128,1791464691391,ENGINE,PLACE,9139,SELL_LIMIT,S,3,ENT,1.11896,0.00000
9,128,1791466466995,DEAL,PLACE,9140,SELL_LIMIT,L,10,EXT,1.11862,0.00000
9,128,1791466467278,DEAL,FILL,9136,BUY_LIMIT,L,10,ENT,1.11764,0.00000
9,128,1791466467278,DEAL,REMOVE,9137,SELL_LIMIT,L,9,EXT,1.11934,0.00000
9,129,1791466467141,SYNC,REMOVE,9140,SELL_LIMIT,L,10,EXT,1.11862,0.00000
9,129,1791466467316,ENGINE,PLACE,9141,SELL_LIMIT,L,10,EXT,1.11862,0.00000
9,129,1791467575147,DEAL,FILL,9141,SELL_LIMIT,L,10,EXT,1.11862,0.00000
9,130,1791467575699,ENGINE,PLACE,9142,SELL_LIMIT,L,9,EXT,1.11934,0.00000
9,130,1791467575982,ENGINE,PLACE,9143,BUY_LIMIT,L,10,ENT,1.11764,0.00000
9,132,1791468392794,DEAL,PLACE,9144,SELL_LIMIT,L,10,EXT,1.11861,0.00000
9,132,1791468393077,DEAL,REMOVE,9142,SELL_LIMIT,L,9,EXT,1.11934,0.00000
9,132,1791468393115,DEAL,FILL,9143,BUY_LIMIT,L,10,ENT,1.11764,0.00000
9,133,1791468394141,SYNC,REMOVE,9144,SELL_LIMIT,L,10,EXT,1.11861,0.00000
9,133,1791468394141,ENGINE,PLACE,9145,SELL_LIMIT,L,10,EXT,1.11861,0.00000
9,133,1791470161109,DEAL,FILL,9138,BUY_LIMIT,S,2,EXT,1.11727,0.00000
9,134,1791470163659,ENGINE,PLACE,9146,BUY_LIMIT,S,1,EXT,1.11656,0.00000
9,134,1791470163942,ENGINE,REMOVE,9139,SELL_LIMIT,S,3,ENT,1.11896,0.00000
9,136,1791470165065,ENGINE,PLACE,9147,SELL_LIMIT,S,2,ENT,1.11825,0.00000
9,136,1791470603986,DEAL,PLACE,9148,BUY_LIMIT,S,2,EXT,1.11725,0.00000
9,136,1791470604269,DEAL,PLACE,9149,SELL_LIMIT,S,3,ENT,1.11895,0.00000
9,136,1791470604552,DEAL,REMOVE,9146,BUY_LIMIT,S,1,EXT,1.11656,0.00000
9,136,1791470604590,DEAL,FILL,9147,SELL_LIMIT,S,2,ENT,1.11825,0.00000
9,137,1791470604130,SYNC,REMOVE,9148,BUY_LIMIT,S,2,EXT,1.11725,0.00000
9,137,1791470604590,ENGINE,PLACE,9150,BUY_LIMIT,S,2,EXT,1.11725,0.00000
9,137,1791471999967,DEAL,FILL,9145,SELL_LIMIT,L,10,EXT,1.11861,0.00000
9,138,1791472000109,ENGINE,PLACE,9151,SELL_LIMIT,L,9,EXT,1.11934,0.00000
9,138,1791472000392,ENGINE,PLACE,9152,BUY_LIMIT,L,10,ENT,1.11764,0.00000
9,140,1791472640370,DEAL,PLACE,9153,BUY_LIMIT,S,3,EXT,1.11796,0.00000
9,140,1791472640653,DEAL,PLACE,9154,SELL_LIMIT,S,4,ENT,1.11966,0.00000
9,140,1791472640936,DEAL,FILL,9149,SELL_LIMIT,S,3,ENT,1.11895,0.00000
9,140,1791472640936,DEAL,REMOVE,9150,BUY_LIMIT,S,2,EXT,1.11725,0.00000
9,141,1791472641108,SYNC,REMOVE,9153,BUY_LIMIT,S,3,EXT,1.11796,0.00000
9,141,1791472641108,ENGINE,PLACE,9155,BUY_LIMIT,S,3,EXT,1.11796,0.00000
9,141,1791473106237,DEAL,FILL,9151,SELL_LIMIT,L,9,EXT,1.11934,0.00000
9,142,1791473106380,ENGINE,PLACE,9156,SELL_LIMIT,L,8,EXT,1.12004,0.00000
9,142,1791473106663,ENGINE,REMOVE,9152,BUY_LIMIT,L,10,ENT,1.11764,0.00000
9,144,1791473108594,ENGINE,PLACE,9157,BUY_LIMIT,L,9,ENT,1.11834,0.00000
9,144,1791473340626,DEAL,PLACE,9158,BUY_LIMIT,S,4,EXT,1.11867,0.00000
9,144,1791473340909,DEAL,PLACE,9159,SELL_LIMIT,S,5,ENT,1.12037,0.00000
9,144,1791473341192,DEAL,FILL,9154,SELL_LIMIT,S,4,ENT,1.11966,0.00000
9,144,1791473341192,DEAL,REMOVE,9155,BUY_LIMIT,S,3,EXT,1.11796,0.00000
9,145,1791473340781,SYNC,REMOVE,9158,BUY_LIMIT,S,4,EXT,1.11867,0.00000
9,145,1791473341230,ENGINE,PLACE,9160,BUY_LIMIT,S,4,EXT,1.11867,0.00000
9,145,1791474244565,DEAL,FILL,9160,BUY_LIMIT,S,4,EXT,1.11867,0.00000
9,146,1791474247339,ENGINE,PLACE,9161,BUY_LIMIT,S,3,EXT,1.11796,0.00000
9,146,1791474247622,ENGINE,REMOVE,9159,SELL_LIMIT,S,5,ENT,1.12037,0.00000
9,148,1791474247721,ENGINE,PLACE,9162,SELL_LIMIT,S,4,ENT,1.11966,0.00000
9,148,1791474915815,DEAL,PLACE,9163,SELL_LIMIT,L,9,EXT,1.11933,0.00000
9,148,1791474916098,DEAL,PLACE,9164,BUY_LIMIT,L,10,ENT,1.11763,0.00000
9,148,1791474916381,DEAL,REMOVE,9156,SELL_LIMIT,L,8,EXT,1.12004,0.00000
9,148,1791474916419,DEAL,FILL,9157,BUY_LIMIT,L,9,ENT,1.11834,0.00000
9,149,1791474916161,SYNC,REMOVE,9163,SELL_LIMIT,L,9,EXT,1.11933,0.00000
9,149,1791474916419,ENGINE,PLACE,9165,SELL_LIMIT,L,9,EXT,1.11933,0.00000
9,149,1791475691740,DEAL,FILL,9165,SELL_LIMIT,L,9,EXT,1.11933,0.00000
9,150,1791475692078,ENGINE,PLACE,9166,SELL_LIMIT,L,8,EXT,1.12004,0.00000
9,150,1791475692361,ENGINE,REMOVE,9164,BUY_LIMIT,L,10,ENT,1.11763,0.00000
9,152,1791475692692,ENGINE,PLACE,9167,BUY_LIMIT,L,9,ENT,1.11834,0.00000
9,152,1791477171220,DEAL,PLACE,9168,BUY_LIMIT,S,4,EXT,1.11866,0.00000
9,152,1791477171503,DEAL,PLACE,9169,SELL_LIMIT,S,5,ENT,1.12036,0.00000
9,152,1791477171786,DEAL,REMOVE,9161,BUY_LIMIT,S,3,EXT,1.11796,0.00000
9,152,1791477171824,DEAL,FILL,9162,SELL_LIMIT,S,4,ENT,1.11966,0.00000
9,153,1791477171571,SYNC,REMOVE,9168,BUY_LIMIT,S,4,EXT,1.11866,0.00000
9,153,1791477171824,ENGINE,PLACE,9170,BUY_LIMIT,S,4,EXT,1.11866,0.00000
9,153,1791479275170,DEAL,FILL,9166,SELL_LIMIT,L,8,EXT,1.12004,0.00000
9,154,1791479275314,ENGINE,PLACE,9171,SELL_LIMIT,L,7,EXT,1.12075,0.00000
9,154,1791479275597,ENGINE,REMOVE,9167,BUY_LIMIT,L,9,ENT,1.11834,0.00000
9,156,1791479276521,ENGINE,PLACE,9172,BUY_LIMIT,L,8,ENT,1.11905,0.00000
9,156,1791479928407,DEAL,PLACE,9173,BUY_LIMIT,S,5,EXT,1.11936,0.00000
9,156,1791479928690,DEAL,PLACE,9174,SELL_LIMIT,S,6,ENT,1.12106,0.00000
9,156,1791479928973,DEAL,FILL,9169,SELL_LIMIT,S,5,ENT,1.12036,0.00000
9,156,1791479928973,DEAL,REMOVE,9170,BUY_LIMIT,S,4,EXT,1.11866,0.00000
9,157,1791479929552,SYNC,REMOVE,9173,BUY_LIMIT,S,5,EXT,1.11936,0.00000
9,157,1791479929552,ENGINE,PLACE,9175,BUY_LIMIT,S,5,EXT,1.11936,0.00000
9,157,1791480267978,DEAL,FILL,9171,SELL_LIMIT,L,7,EXT,1.12075,0.00000
9,158,1791480268120,ENGINE,PLACE,9176,SELL_LIMIT,L,6,EXT,1.12155,0.00000
9,158,1791480268403,ENGINE,REMOVE,9172,BUY_LIMIT,L,8,ENT,1.11905,0.00000
9,160,1791480269531,ENGINE,PLACE,9177,BUY_LIMIT,L,7,ENT,1.11977,0.00000
9,160,1791480323672,DEAL,PLACE,9178,BUY_LIMIT,S,6,EXT,1.12007,0.00000
9,160,1791480323955,DEAL,PLACE,9179,SELL_LIMIT,S,7,ENT,1.12177,0.00000
9,160,1791480324238,DEAL,FILL,9174,SELL_LIMIT,S,6,ENT,1.12106,0.00000
9,160,1791480324238,DEAL,REMOVE,9175,BUY_LIMIT,S,5,EXT,1.11936,0.00000
9,161,1791480324022,SYNC,REMOVE,9178,BUY_LIMIT,S,6,EXT,1.12007,0.00000
9,161,1791480324276,ENGINE,PLACE,9180,BUY_LIMIT,S,6,EXT,1.12007,0.00000
9,161,1791480533413,DEAL,FILL,9176,SELL_LIMIT,L,6,EXT,1.12155,0.00000
9,162,1791480534162,ENGINE,PLACE,9181,SELL_LIMIT,L,5,EXT,1.12225,0.00000
9,162,1791480534445,ENGINE,REMOVE,9177,BUY_LIMIT,L,7,ENT,1.11977,0.00000
9,164,1791480534777,ENGINE,PLACE,9182,BUY_LIMIT,L,6,ENT,1.12047,0.00000
9,164,1791480640481,DEAL,PLACE,9183,BUY_LIMIT,S,7,EXT,1.12077,0.00000
9,164,1791480640764,DEAL,FILL,9179,SELL_LIMIT,S,7,ENT,1.12177,0.00000
9,164,1791480640764,DEAL,REMOVE,9180,BUY_LIMIT,S,6,EXT,1.12007,0.00000
9,165,1791480640628,SYNC,REMOVE,9183,BUY_LIMIT,S,7,EXT,1.12077,0.00000
9,165,1791480640802,ENGINE,PLACE,9184,BUY_LIMIT,S,7,EXT,1.12077,0.00000
9,165,1791480830276,DEAL,FILL,9181,SELL_LIMIT,L,5,EXT,1.12225,0.00000
9,166,1791480830419,ENGINE,PLACE,9185,SELL_LIMIT,L,4,EXT,1.12303,0.00000
9,166,1791480830702,ENGINE,REMOVE,9182,BUY_LIMIT,L,6,ENT,1.12047,0.00000
9,168,1791480830819,ENGINE,PLACE,9186,BUY_LIMIT,L,5,ENT,1.12117,0.00000
9,168,1791481985890,DEAL,PLACE,9187,SELL_LIMIT,L,5,EXT,1.12216,0.00000
9,168,1791481986173,DEAL,PLACE,9188,BUY_LIMIT,L,6,ENT,1.12046,0.00000
9,168,1791481986456,DEAL,REMOVE,9185,SELL_LIMIT,L,4,EXT,1.12303,0.00000
9,168,1791481986494,DEAL,FILL,9186,BUY_LIMIT,L,5,ENT,1.12117,0.00000
9,169,1791481986425,SYNC,REMOVE,9187,SELL_LIMIT,L,5,EXT,1.12216,0.00000
9,169,1791481986494,ENGINE,PLACE,9189,SELL_LIMIT,L,5,EXT,1.12216,0.00000
9,169,1791482295965,DEAL,FILL,9184,BUY_LIMIT,S,7,EXT,1.12077,0.00000
9,170,1791482296109,ENGINE,PLACE,9190,BUY_LIMIT,S,6,EXT,1.12007,0.00000
9,170,1791482296392,ENGINE,PLACE,9191,SELL_LIMIT,S,7,ENT,1.12177,0.00000
9,172,1791483290549,DEAL,PLACE,9192,SELL_LIMIT,L,6,EXT,1.12145,0.00000
9,172,1791483290832,DEAL,PLACE,9193,BUY_LIMIT,L,7,ENT,1.11975,0.00000
9,172,1791483291115,DEAL,FILL,9188,BUY_LIMIT,L,6,ENT,1.12046,0.00000
9,172,1791483291115,DEAL,REMOVE,9189,SELL_LIMIT,L,5,EXT,1.12216,0.00000
9,173,1791483290894,SYNC,REMOVE,9192,SELL_LIMIT,L,6,EXT,1.12145,0.00000
9,173,1791483291153,ENGINE,PLACE,9194,SELL_LIMIT,L,6,EXT,1.12145,0.00000
9,173,1791483533688,DEAL,FILL,9190,BUY_LIMIT,S,6,EXT,1.12007,0.00000
9,174,1791483533834,ENGINE,PLACE,9195,BUY_LIMIT,S,5,EXT,1.11936,0.00000
9,174,1791483534117,ENGINE,REMOVE,9191,SELL_LIMIT,S,7,ENT,1.12177,0.00000
9,176,1791483534632,ENGINE,PLACE,9196,SELL_LIMIT,S,6,ENT,1.12106,0.00000
9,176,1791483555986,DEAL,PLACE,9197,SELL_LIMIT,L,7,EXT,1.12074,0.00000
9,176,1791483556269,DEAL,PLACE,9198,BUY_LIMIT,L,8,ENT,1.11904,0.00000
9,176,1791483556552,DEAL,FILL,9193,BUY_LIMIT,L,7,ENT,1.11975,0.00000
9,176,1791483556552,DEAL,REMOVE,9194,SELL_LIMIT,L,6,EXT,1.12145,0.00000
9,177,1791483556133,SYNC,REMOVE,9197,SELL_LIMIT,L,7,EXT,1.12074,0.00000
9,177,1791483556590,ENGINE,PLACE,9199,SELL_LIMIT,L,7,EXT,1.12074,0.00000
9,177,1791485266628,DEAL,FILL,9195,BUY_LIMIT,S,5,EXT,1.11936,0.00000
9,178,1791485267777,ENGINE,PLACE,9200,BUY_LIMIT,S,4,EXT,1.11866,0.00000
9,178,1791485268060,ENGINE,REMOVE,9196,SELL_LIMIT,S,6,ENT,1.12106,0.00000
9,178,1791485268389,ENGINE,PLACE,9201,SELL_LIMIT,S,5,ENT,1.12036,0.00000
9,180,1791485329101,DEAL,PLACE,9202,SELL_LIMIT,L,8,EXT,1.12000,0.00000
9,180,1791485329384,DEAL,PLACE,9203,BUY_LIMIT,L,9,ENT,1.11830,0.00000
9,180,1791485329667,DEAL,FILL,9198,BUY_LIMIT,L,8,ENT,1.11904,0.00000
9,180,1791485329667,DEAL,REMOVE,9199,SELL_LIMIT,L,7,EXT,1.12074,0.00000
9,181,1791485329244,SYNC,REMOVE,9202,SELL_LIMIT,L,8,EXT,1.12000,0.00000
9,181,1791485329705,ENGINE,PLACE,9204,SELL_LIMIT,L,8,EXT,1.12000,0.00000
9,181,1791486492383,DEAL,FILL,9200,BUY_LIMIT,S,4,EXT,1.11866,0.00000
9,182,1791486493334,ENGINE,PLACE,9205,BUY_LIMIT,S,3,EXT,1.11796,0.00000
9,182,1791486493617,ENGINE,REMOVE,9201,SELL_LIMIT,S,5,ENT,1.12036,0.00000
9,184,1791486493733,ENGINE,PLACE,9206,SELL_LIMIT,S,4,ENT,1.11966,0.00000
9,184,1791487037232,DEAL,PLACE,9207,BUY_LIMIT,S,4,EXT,1.11869,0.00000
9,184,1791487037515,DEAL,PLACE,9208,SELL_LIMIT,S,5,ENT,1.12039,0.00000
9,184,1791487037798,DEAL,REMOVE,9205,BUY_LIMIT,S,3,EXT,1.11796,0.00000
9,184,1791487037836,DEAL,FILL,9206,SELL_LIMIT,S,4,ENT,1.11966,0.00000
9,185,1791487042605,SYNC,REMOVE,9207,BUY_LIMIT,S,4,EXT,1.11869,0.00000
9,185,1791487042605,ENGINE,MODIFY,9208,SELL_LIMIT,S,5,ENT,1.12017,1.12039
9,185,1791487042889,ENGINE,PLACE,9209,BUY_LIMIT,S,4,EXT,1.11847,0.00000
9,185,1791487051304,DEAL,FILL,9204,SELL_LIMIT,L,8,EXT,1.12000,0.00000
9,185,1791487051938,CB_DONE,PLACE,9210,SELL_LIMIT,L,7,EXT,1.12074,0.00000
9,185,1791487052221,ENGINE,REMOVE,9203,BUY_LIMIT,L,9,ENT,1.11830,0.00000
9,185,1791487052451,ENGINE,PLACE,9211,BUY_LIMIT,L,8,ENT,1.11904,0.00000
9,188,1791487055059,ENGINE,MODIFY,9208,SELL_LIMIT,S,5,ENT,1.12022,1.12017
9,188,1791487055343,DEAL,PLACE,9212,BUY_LIMIT,S,5,EXT,1.11920,0.00000
9,188,1791487055626,DEAL,PLACE,9213,SELL_LIMIT,S,6,ENT,1.12090,0.00000
9,188,1791487055909,DEAL,FILL,9208,SELL_LIMIT,S,5,ENT,1.12017,0.00000
9,188,1791487055909,DEAL,REMOVE,9209,BUY_LIMIT,S,4,EXT,1.11847,0.00000
9,189,1791487057863,SYNC,REMOVE,9212,BUY_LIMIT,S,5,EXT,1.11920,0.00000
9,189,1791487057863,ENGINE,MODIFY,9213,SELL_LIMIT,S,6,ENT,1.12086,1.12090
9,189,1791487058147,ENGINE,PLACE,9214,BUY_LIMIT,S,5,EXT,1.11916,0.00000
9,189,1791487274119,DEAL,FILL,9214,BUY_LIMIT,S,5,EXT,1.11916,0.00000
9,190,1791487274261,ENGINE,PLACE,9215,BUY_LIMIT,S,4,EXT,1.11847,0.00000
9,190,1791487274544,ENGINE,REMOVE,9213,SELL_LIMIT,S,6,ENT,1.12086,0.00000
9,190,1791487274663,ENGINE,PLACE,9216,SELL_LIMIT,S,5,ENT,1.12017,0.00000
9,192,1791487807645,DEAL,PLACE,9217,SELL_LIMIT,L,8,EXT,1.12003,0.00000
9,192,1791487807928,DEAL,PLACE,9218,BUY_LIMIT,L,9,ENT,1.11833,0.00000
9,192,1791487808211,DEAL,REMOVE,9210,SELL_LIMIT,L,7,EXT,1.12074,0.00000
9,192,1791487808249,DEAL,FILL,9211,BUY_LIMIT,L,8,ENT,1.11904,0.00000
9,193,1791487808998,SYNC,REMOVE,9217,SELL_LIMIT,L,8,EXT,1.12003,0.00000
9,193,1791487808998,ENGINE,PLACE,9219,SELL_LIMIT,L,8,EXT,1.12003,0.00000
9,193,1791489721095,DEAL,FILL,9219,SELL_LIMIT,L,8,EXT,1.12003,0.00000
9,194,1791489721637,ENGINE,PLACE,9220,SELL_LIMIT,L,7,EXT,1.12074,0.00000
9,194,1791489721920,ENGINE,REMOVE,9218,BUY_LIMIT,L,9,ENT,1.11833,0.00000
9,196,1791489722045,ENGINE,PLACE,9221,BUY_LIMIT,L,8,ENT,1.11904,0.00000
9,196,1791489783970,DEAL,PLACE,9222,BUY_LIMIT,S,5,EXT,1.11920,0.00000
9,196,1791489784253,DEAL,PLACE,9223,SELL_LIMIT,S,6,ENT,1.12090,0.00000
9,196,1791489784536,DEAL,REMOVE,9215,BUY_LIMIT,S,4,EXT,1.11847,0.00000
9,196,1791489784574,DEAL,FILL,9216,SELL_LIMIT,S,5,ENT,1.12017,0.00000
9,197,1791489784120,SYNC,REMOVE,9222,BUY_LIMIT,S,5,EXT,1.11920,0.00000
9,197,1791489784574,ENGINE,PLACE,9224,BUY_LIMIT,S,5,EXT,1.11920,0.00000
9,197,1791490415546,DEAL,FILL,9220,SELL_LIMIT,L,7,EXT,1.12074,0.00000
9,198,1791490416505,ENGINE,PLACE,9225,SELL_LIMIT,L,6,EXT,1.12145,0.00000
9,198,1791490416788,ENGINE,REMOVE,9221,BUY_LIMIT,L,8,ENT,1.11904,0.00000
9,200,1791490417902,ENGINE,PLACE,9226,BUY_LIMIT,L,7,ENT,1.11975,0.00000
9,200,1791490556632,DEAL,PLACE,9227,BUY_LIMIT,S,6,EXT,1.11990,0.00000
9,200,1791490556915,DEAL,PLACE,9228,SELL_LIMIT,S,7,ENT,1.12160,0.00000
9,200,1791490557198,DEAL,FILL,9223,SELL_LIMIT,S,6,ENT,1.12090,0.00000
9,200,1791490557198,DEAL,REMOVE,9224,BUY_LIMIT,S,5,EXT,1.11920,0.00000
9,201,1791490556777,SYNC,REMOVE,9227,BUY_LIMIT,S,6,EXT,1.11990,0.00000
9,201,1791490557236,ENGINE,PLACE,9229,BUY_LIMIT,S,6,EXT,1.11990,0.00000
9,201,1791490674585,DEAL,FILL,9225,SELL_LIMIT,L,6,EXT,1.12145,0.00000
9,201,1791490675218,CB_DONE,PLACE,9230,SELL_LIMIT,L,5,EXT,1.12216,0.00000
9,202,1791490675532,ENGINE,REMOVE,9226,BUY_LIMIT,L,7,ENT,1.11975,0.00000
9,202,1791490675735,ENGINE,PLACE,9231,BUY_LIMIT,L,6,ENT,1.12046,0.00000
9,204,1791490684228,DEAL,PLACE,9232,BUY_LIMIT,S,7,EXT,1.12063,0.00000
9,204,1791490684511,DEAL,FILL,9228,SELL_LIMIT,S,7,ENT,1.12160,0.00000
9,204,1791490684511,DEAL,REMOVE,9229,BUY_LIMIT,S,6,EXT,1.11990,0.00000
9,205,1791490684371,SYNC,REMOVE,9232,BUY_LIMIT,S,7,EXT,1.12063,0.00000
9,205,1791490684549,ENGINE,PLACE,9233,BUY_LIMIT,S,7,EXT,1.12063,0.00000
9,205,1791493631854,DEAL,FILL,9233,BUY_LIMIT,S,7,EXT,1.12063,0.00000
9,206,1791493641675,ENGINE,PLACE,9234,BUY_LIMIT,S,6,EXT,1.11990,0.00000
9,206,1791493641958,ENGINE,PLACE,9235,SELL_LIMIT,S,7,ENT,1.12160,0.00000
9,208,1791493777385,DEAL,PLACE,9236,SELL_LIMIT,L,6,EXT,1.12143,0.00000
9,208,1791493777668,DEAL,PLACE,9237,BUY_LIMIT,L,7,ENT,1.11973,0.00000
9,208,1791493777951,DEAL,REMOVE,9230,SELL_LIMIT,L,5,EXT,1.12216,0.00000
9,208,1791493777989,DEAL,FILL,9231,BUY_LIMIT,L,6,ENT,1.12046,0.00000
9,209,1791493777528,SYNC,REMOVE,9236,SELL_LIMIT,L,6,EXT,1.12143,0.00000
9,209,1791493777989,ENGINE,PLACE,9238,SELL_LIMIT,L,6,EXT,1.12143,0.00000
9,209,1791499976434,DEAL,FILL,9238,SELL_LIMIT,L,6,EXT,1.12143,0.00000
9,210,1791499980185,ENGINE,PLACE,9239,SELL_LIMIT,L,5,EXT,1.12216,0.00000
9,210,1791499980468,ENGINE,REMOVE,9237,BUY_LIMIT,L,7,ENT,1.11973,0.00000
9,212,1791499985413,ENGINE,PLACE,9240,BUY_LIMIT,L,6,ENT,1.12046,0.00000
9,212,1791500867155,DEAL,PLACE,9241,BUY_LIMIT,S,7,EXT,1.12060,0.00000
9,212,1791500867438,DEAL,REMOVE,9234,BUY_LIMIT,S,6,EXT,1.11990,0.00000
9,212,1791500867476,DEAL,FILL,9235,SELL_LIMIT,S,7,ENT,1.12160,0.00000
9,213,1791500867498,SYNC,REMOVE,9241,BUY_LIMIT,S,7,EXT,1.12060,0.00000
9,213,1791500867498,ENGINE,PLACE,9242,BUY_LIMIT,S,7,EXT,1.12060,0.00000
9,213,1791503420000,TIMER,MODIFY,9049,SELL_LIMIT,L,3,EXT,1.12397,1.12373
9,213,1791503480000,TIMER,MODIFY,9053,BUY_LIMIT,S,0,EXT,1.11590,1.11586
9,213,1791503480284,TIMER,MODIFY,9239,SELL_LIMIT,L,5,EXT,1.12224,1.12216
9,213,1791503720000,TIMER,MODIFY,9242,BUY_LIMIT,S,7,EXT,1.12061,1.12060
9,213,1791504584797,ENGINE,MODIFY,9240,BUY_LIMIT,L,6,ENT,1.11998,1.12046
9,213,1791504585395,ENGINE,MODIFY,9240,BUY_LIMIT,L,6,ENT,1.12046,1.11998
9,213,1791504900466,ENGINE,MODIFY,9240,BUY_LIMIT,L,6,ENT,1.11998,1.12046
9,213,1791504901269,ENGINE,MODIFY,9240,BUY_LIMIT,L,6,ENT,1.12046,1.11998
