seg_id,sync_idx,time_ms,stage,action,ticket,type,side,layer,role,price,old_price
20,-1,1790842378834,ENGINE,PLACE,9000,BUY_LIMIT,L,0,ENT,1.13101,0.00000
20,-1,1790842383259,ENGINE,PLACE,9001,SELL_LIMIT,S,0,ENT,1.13239,0.00000
20,-1,1790845291950,DEAL,PLACE,9002,BUY_LIMIT,S,0,EXT,1.13139,0.00000
20,-1,1790845293237,DEAL,PLACE,9003,SELL_LIMIT,S,1,ENT,1.13309,0.00000
20,-1,1790845294524,DEAL,FILL,9001,SELL_LIMIT,S,0,ENT,1.13239,0.00000
20,-1,1790845295927,ENGINE,MODIFY,9000,BUY_LIMIT,L,0,ENT,1.13172,1.13101
21,-1,1790846487288,SEED,PLACE,1978117494,BUY_LIMIT,L,0,ENT,1.13172,0.00000
21,-1,1790846487288,SEED,PLACE,1978243207,BUY_LIMIT,S,0,EXT,1.13151,0.00000
21,-1,1790846487288,SEED,PLACE,1978243215,SELL_LIMIT,S,1,ENT,1.13311,0.00000
21,-1,1790847581622,DEAL,PLACE,9000,SELL_LIMIT,L,0,EXT,1.13261,0.00000
21,-1,1790847582909,DEAL,PLACE,9001,BUY_LIMIT,L,1,ENT,1.13101,0.00000
21,-1,1790847584196,DEAL,FILL,1978117494,BUY_LIMIT,L,0,ENT,1.13172,0.00000
21,-1,1790847601332,DEAL,FILL,1978243207,BUY_LIMIT,S,0,EXT,1.13151,0.00000
21,-1,1790847604281,ENGINE,PLACE,9002,SELL_LIMIT,S,0,ENT,1.13222,0.00000
21,-1,1790847605568,ENGINE,REMOVE,1978243215,SELL_LIMIT,S,1,ENT,1.13311,0.00000
21,-1,1790847652395,DEAL,PLACE,9003,SELL_LIMIT,L,1,EXT,1.13182,0.00000
21,-1,1790847653682,DEAL,PLACE,9004,BUY_LIMIT,L,2,ENT,1.13022,0.00000
21,-1,1790847654969,DEAL,FILL,9001,BUY_LIMIT,L,1,ENT,1.13101,0.00000
21,-1,1790847658568,ENGINE,MODIFY,9002,SELL_LIMIT,S,0,ENT,1.13152,1.13222
21,-1,1790848450532,DEAL,PLACE,9005,BUY_LIMIT,S,0,EXT,1.13064,0.00000
21,-1,1790848451819,DEAL,PLACE,9006,SELL_LIMIT,S,1,ENT,1.13224,0.00000
21,-1,1790848453106,DEAL,FILL,9002,SELL_LIMIT,S,0,ENT,1.13152,0.00000
21,-1,1790848654638,DEAL,FILL,9003,SELL_LIMIT,L,1,EXT,1.13182,0.00000
21,-1,1790848655174,ENGINE,REMOVE,9004,BUY_LIMIT,L,2,ENT,1.13022,0.00000
21,-1,1790848661210,ENGINE,PLACE,9007,BUY_LIMIT,L,1,ENT,1.13101,0.00000
21,-1,1790850146322,DEAL,PLACE,9008,SELL_LIMIT,L,1,EXT,1.13189,0.00000
21,-1,1790850147609,DEAL,PLACE,9009,BUY_LIMIT,L,2,ENT,1.13029,0.00000
21,-1,1790850148896,DEAL,FILL,9007,BUY_LIMIT,L,1,ENT,1.13101,0.00000
21,-1,1790850225037,DEAL,FILL,9005,BUY_LIMIT,S,0,EXT,1.13064,0.00000
21,-1,1790850225781,ENGINE,PLACE,9010,SELL_LIMIT,S,0,ENT,1.13122,0.00000
21,-1,1790850227068,ENGINE,REMOVE,9006,SELL_LIMIT,S,1,ENT,1.13224,0.00000
21,-1,1790850667211,DEAL,PLACE,9011,SELL_LIMIT,L,2,EXT,1.13102,0.00000
21,-1,1790850668498,DEAL,PLACE,9012,BUY_LIMIT,L,3,ENT,1.12942,0.00000
21,-1,1790850669785,DEAL,REMOVE,9008,SELL_LIMIT,L,1,EXT,1.13189,0.00000
21,-1,1790850669828,DEAL,FILL,9009,BUY_LIMIT,L,2,ENT,1.13029,0.00000
21,-1,1790851669789,DEAL,FILL,9011,SELL_LIMIT,L,2,EXT,1.13102,0.00000
21,-1,1790851670425,CB_DONE,PLACE,9013,SELL_LIMIT,L,1,EXT,1.13189,0.00000
21,-1,1790851671712,ENGINE,REMOVE,9012,BUY_LIMIT,L,3,ENT,1.12942,0.00000
21,-1,1790851674967,ENGINE,PLACE,9014,BUY_LIMIT,L,2,ENT,1.13029,0.00000
21,-1,1790852460641,DEAL,PLACE,9015,SELL_LIMIT,L,2,EXT,1.13117,0.00000
21,-1,1790852461928,DEAL,PLACE,9016,BUY_LIMIT,L,3,ENT,1.12957,0.00000
21,-1,1790852463215,DEAL,REMOVE,9013,SELL_LIMIT,L,1,EXT,1.13189,0.00000
21,-1,1790852463258,DEAL,FILL,9014,BUY_LIMIT,L,2,ENT,1.13029,0.00000
21,-1,1790852590965,ENGINE,MODIFY,9010,SELL_LIMIT,S,0,ENT,1.13051,1.13122
21,-1,1790853133080,DEAL,PLACE,9017,SELL_LIMIT,L,3,EXT,1.13045,0.00000
21,-1,1790853134367,DEAL,PLACE,9018,BUY_LIMIT,L,4,ENT,1.12885,0.00000
21,-1,1790853135654,DEAL,REMOVE,9015,SELL_LIMIT,L,2,EXT,1.13117,0.00000
21,-1,1790853135697,DEAL,FILL,9016,BUY_LIMIT,L,3,ENT,1.12957,0.00000
21,-1,1790853998886,DEAL,FILL,9017,SELL_LIMIT,L,3,EXT,1.13045,0.00000
21,-1,1790853999522,CB_DONE,PLACE,9019,SELL_LIMIT,L,2,EXT,1.13117,0.00000
21,-1,1790854000809,ENGINE,REMOVE,9018,BUY_LIMIT,L,4,ENT,1.12885,0.00000
21,-1,1790854001645,ENGINE,PLACE,9020,BUY_LIMIT,L,3,ENT,1.12957,0.00000
21,-1,1790854003553,DEAL,PLACE,9021,BUY_LIMIT,S,0,EXT,1.12960,0.00000
21,-1,1790854004840,DEAL,PLACE,9022,SELL_LIMIT,S,1,ENT,1.13120,0.00000
21,-1,1790854006127,DEAL,FILL,9010,SELL_LIMIT,S,0,ENT,1.13051,0.00000
21,-1,1790854582337,DEAL,FILL,9021,BUY_LIMIT,S,0,EXT,1.12960,0.00000
21,-1,1790854583683,ENGINE,PLACE,9023,SELL_LIMIT,S,0,ENT,1.13036,0.00000
21,-1,1790854584970,ENGINE,REMOVE,9022,SELL_LIMIT,S,1,ENT,1.13120,0.00000
21,-1,1790854590376,DEAL,PLACE,9024,SELL_LIMIT,L,3,EXT,1.13044,0.00000
21,-1,1790854591663,DEAL,PLACE,9025,BUY_LIMIT,L,4,ENT,1.12884,0.00000
21,-1,1790854592950,DEAL,REMOVE,9019,SELL_LIMIT,L,2,EXT,1.13117,0.00000
21,-1,1790854592993,DEAL,FILL,9020,BUY_LIMIT,L,3,ENT,1.12957,0.00000
21,-1,1790854775420,ENGINE,MODIFY,9023,SELL_LIMIT,S,0,ENT,1.12961,1.13036
21,-1,1790855595086,DEAL,PLACE,9026,SELL_LIMIT,L,4,EXT,1.12973,0.00000
21,-1,1790855596373,DEAL,PLACE,9027,BUY_LIMIT,L,5,ENT,1.12813,0.00000
21,-1,1790855597660,DEAL,REMOVE,9024,SELL_LIMIT,L,3,EXT,1.13044,0.00000
21,-1,1790855597703,DEAL,FILL,9025,BUY_LIMIT,L,4,ENT,1.12884,0.00000
21,-1,1790856460520,DEAL,PLACE,9028,BUY_LIMIT,S,0,EXT,1.12872,0.00000
21,-1,1790856461807,DEAL,PLACE,9029,SELL_LIMIT,S,1,ENT,1.13032,0.00000
21,-1,1790856463094,DEAL,FILL,9023,SELL_LIMIT,S,0,ENT,1.12961,0.00000
21,-1,1790856505786,DEAL,FILL,9026,SELL_LIMIT,L,4,EXT,1.12973,0.00000
21,-1,1790856506837,CB_DONE,PLACE,9030,SELL_LIMIT,L,3,EXT,1.13044,0.00000
21,-1,1790856508124,ENGINE,REMOVE,9027,BUY_LIMIT,L,5,ENT,1.12813,0.00000
21,-1,1790856508960,ENGINE,PLACE,9031,BUY_LIMIT,L,4,ENT,1.12884,0.00000
21,-1,1790858990822,DEAL,PLACE,9032,SELL_LIMIT,L,4,EXT,1.12972,0.00000
21,-1,1790858992109,DEAL,PLACE,9033,BUY_LIMIT,L,5,ENT,1.12812,0.00000
21,-1,1790858993396,DEAL,REMOVE,9030,SELL_LIMIT,L,3,EXT,1.13044,0.00000
21,-1,1790858993439,DEAL,FILL,9031,BUY_LIMIT,L,4,ENT,1.12884,0.00000
21,-1,1790859005495,DEAL,FILL,9028,BUY_LIMIT,S,0,EXT,1.12872,0.00000
21,-1,1790859006839,ENGINE,PLACE,9034,SELL_LIMIT,S,0,ENT,1.12934,0.00000
21,-1,1790859008126,ENGINE,REMOVE,9029,SELL_LIMIT,S,1,ENT,1.13032,0.00000
21,-1,1790859280941,DEAL,PLACE,9035,SELL_LIMIT,L,5,EXT,1.12901,0.00000
21,-1,1790859282228,DEAL,PLACE,9036,BUY_LIMIT,L,6,ENT,1.12741,0.00000
21,-1,1790859283515,DEAL,REMOVE,9032,SELL_LIMIT,L,4,EXT,1.12972,0.00000
21,-1,1790859283558,DEAL,FILL,9033,BUY_LIMIT,L,5,ENT,1.12812,0.00000
21,-1,1790859321481,ENGINE,MODIFY,9034,SELL_LIMIT,S,0,ENT,1.12857,1.12934
21,-1,1790859566721,ENGINE,MODIFY,9034,SELL_LIMIT,S,0,ENT,1.12787,1.12857
21,-1,1790859568009,DEAL,PLACE,9037,SELL_LIMIT,L,6,EXT,1.12808,0.00000
21,-1,1790859569296,DEAL,PLACE,9038,BUY_LIMIT,L,7,ENT,1.12648,0.00000
21,-1,1790859570583,DEAL,REMOVE,9035,SELL_LIMIT,L,5,EXT,1.12901,0.00000
21,-1,1790859570626,DEAL,FILL,9036,BUY_LIMIT,L,6,ENT,1.12741,0.00000
21,-1,1790860512863,DEAL,PLACE,9039,BUY_LIMIT,S,0,EXT,1.12698,0.00000
21,-1,1790860514150,DEAL,PLACE,9040,SELL_LIMIT,S,1,ENT,1.12858,0.00000
21,-1,1790860515437,DEAL,FILL,9034,SELL_LIMIT,S,0,ENT,1.12787,0.00000
21,-1,1790860721134,DEAL,FILL,9037,SELL_LIMIT,L,6,EXT,1.12808,0.00000
21,-1,1790860721575,CB_DONE,PLACE,9041,SELL_LIMIT,L,5,EXT,1.12901,0.00000
21,-1,1790860722862,ENGINE,REMOVE,9038,BUY_LIMIT,L,7,ENT,1.12648,0.00000
21,-1,1790860723286,ENGINE,PLACE,9042,BUY_LIMIT,L,6,ENT,1.12741,0.00000
21,-1,1790861224918,DEAL,PLACE,9043,BUY_LIMIT,S,1,EXT,1.12776,0.00000
21,-1,1790861226205,DEAL,PLACE,9044,SELL_LIMIT,S,2,ENT,1.12936,0.00000
21,-1,1790861227492,DEAL,FILL,9040,SELL_LIMIT,S,1,ENT,1.12858,0.00000
21,-1,1790861419920,DEAL,FILL,9041,SELL_LIMIT,L,5,EXT,1.12901,0.00000
21,-1,1790861420358,CB_DONE,PLACE,9045,SELL_LIMIT,L,4,EXT,1.12972,0.00000
21,-1,1790861421645,ENGINE,REMOVE,9042,BUY_LIMIT,L,6,ENT,1.12741,0.00000
21,-1,1790861423075,ENGINE,PLACE,9046,BUY_LIMIT,L,5,ENT,1.12812,0.00000
21,-1,1790861704819,DEAL,PLACE,9047,BUY_LIMIT,S,2,EXT,1.12846,0.00000
21,-1,1790861706106,DEAL,PLACE,9048,SELL_LIMIT,S,3,ENT,1.13006,0.00000
21,-1,1790861707393,DEAL,REMOVE,9043,BUY_LIMIT,S,1,EXT,1.12776,0.00000
21,-1,1790861707436,DEAL,FILL,9044,SELL_LIMIT,S,2,ENT,1.12936,0.00000
21,-1,1790862850563,DEAL,FILL,9045,SELL_LIMIT,L,4,EXT,1.12972,0.00000
21,-1,1790862852411,CB_DONE,PLACE,9049,SELL_LIMIT,L,3,EXT,1.13044,0.00000
21,-1,1790862853698,ENGINE,REMOVE,9046,BUY_LIMIT,L,5,ENT,1.12812,0.00000
21,-1,1790862854121,ENGINE,PLACE,9050,BUY_LIMIT,L,4,ENT,1.12884,0.00000
21,-1,1790864084665,DEAL,PLACE,9051,SELL_LIMIT,L,4,EXT,1.12974,0.00000
21,-1,1790864085952,DEAL,PLACE,9052,BUY_LIMIT,L,5,ENT,1.12814,0.00000
21,-1,1790864087239,DEAL,REMOVE,9049,SELL_LIMIT,L,3,EXT,1.13044,0.00000
21,-1,1790864087282,DEAL,FILL,9050,BUY_LIMIT,L,4,ENT,1.12884,0.00000
21,-1,1790864188026,DEAL,FILL,9047,BUY_LIMIT,S,2,EXT,1.12846,0.00000
21,-1,1790864188656,CB_DONE,PLACE,9053,BUY_LIMIT,S,1,EXT,1.12776,0.00000
21,-1,1790864189943,ENGINE,REMOVE,9048,SELL_LIMIT,S,3,ENT,1.13006,0.00000
21,-1,1790864190004,ENGINE,PLACE,9054,SELL_LIMIT,S,2,ENT,1.12936,0.00000
21,-1,1790864808601,DEAL,PLACE,9055,SELL_LIMIT,L,5,EXT,1.12904,0.00000
21,-1,1790864809888,DEAL,PLACE,9056,BUY_LIMIT,L,6,ENT,1.12744,0.00000
21,-1,1790864811175,DEAL,REMOVE,9051,SELL_LIMIT,L,4,EXT,1.12974,0.00000
21,-1,1790864811218,DEAL,FILL,9052,BUY_LIMIT,L,5,ENT,1.12814,0.00000
21,-1,1790865382157,DEAL,FILL,9055,SELL_LIMIT,L,5,EXT,1.12904,0.00000
21,-1,1790865382790,CB_DONE,PLACE,9057,SELL_LIMIT,L,4,EXT,1.12974,0.00000
21,-1,1790865384077,ENGINE,REMOVE,9056,BUY_LIMIT,L,6,ENT,1.12744,0.00000
21,-1,1790865384512,ENGINE,PLACE,9058,BUY_LIMIT,L,5,ENT,1.12814,0.00000
21,-1,1790865580048,DEAL,PLACE,9059,BUY_LIMIT,S,2,EXT,1.12847,0.00000
21,-1,1790865581335,DEAL,PLACE,9060,SELL_LIMIT,S,3,ENT,1.13007,0.00000
21,-1,1790865582622,DEAL,REMOVE,9053,BUY_LIMIT,S,1,EXT,1.12776,0.00000
21,-1,1790865582665,DEAL,FILL,9054,SELL_LIMIT,S,2,ENT,1.12936,0.00000
21,-1,1790865792222,DEAL,FILL,9057,SELL_LIMIT,L,4,EXT,1.12974,0.00000
21,-1,1790865793066,CB_DONE,PLACE,9061,SELL_LIMIT,L,3,EXT,1.13044,0.00000
21,-1,1790865794353,ENGINE,REMOVE,9058,BUY_LIMIT,L,5,ENT,1.12814,0.00000
21,-1,1790865794790,ENGINE,PLACE,9062,BUY_LIMIT,L,4,ENT,1.12884,0.00000
21,-1,1790866070935,DEAL,PLACE,9063,BUY_LIMIT,S,3,EXT,1.12918,0.00000
21,-1,1790866072222,DEAL,PLACE,9064,SELL_LIMIT,S,4,ENT,1.13078,0.00000
21,-1,1790866073509,DEAL,REMOVE,9059,BUY_LIMIT,S,2,EXT,1.12847,0.00000
21,-1,1790866073552,DEAL,FILL,9060,SELL_LIMIT,S,3,ENT,1.13007,0.00000
21,-1,1790866323332,DEAL,FILL,9061,SELL_LIMIT,L,3,EXT,1.13044,0.00000
21,-1,1790866323765,CB_DONE,PLACE,9065,SELL_LIMIT,L,2,EXT,1.13117,0.00000
21,-1,1790866325052,ENGINE,REMOVE,9062,BUY_LIMIT,L,4,ENT,1.12884,0.00000
21,-1,1790866325483,ENGINE,PLACE,9066,BUY_LIMIT,L,3,ENT,1.12957,0.00000
21,-1,1790866501388,DEAL,PLACE,9067,BUY_LIMIT,S,4,EXT,1.12997,0.00000
21,-1,1790866502675,DEAL,PLACE,9068,SELL_LIMIT,S,5,ENT,1.13157,0.00000
21,-1,1790866503962,DEAL,REMOVE,9063,BUY_LIMIT,S,3,EXT,1.12918,0.00000
21,-1,1790866504005,DEAL,FILL,9064,SELL_LIMIT,S,4,ENT,1.13078,0.00000
21,-1,1790866633940,DEAL,FILL,9065,SELL_LIMIT,L,2,EXT,1.13117,0.00000
21,-1,1790866634574,CB_DONE,PLACE,9069,SELL_LIMIT,L,1,EXT,1.13189,0.00000
21,-1,1790866637492,ENGINE,REMOVE,9066,BUY_LIMIT,L,3,ENT,1.12957,0.00000
21,-1,1790866638103,ENGINE,PLACE,9070,BUY_LIMIT,L,2,ENT,1.13029,0.00000
21,-1,1790867104866,DEAL,PLACE,9071,SELL_LIMIT,L,2,EXT,1.13120,0.00000
21,-1,1790867106153,DEAL,PLACE,9072,BUY_LIMIT,L,3,ENT,1.12960,0.00000
21,-1,1790867107440,DEAL,REMOVE,9069,SELL_LIMIT,L,1,EXT,1.13189,0.00000
21,-1,1790867107483,DEAL,FILL,9070,BUY_LIMIT,L,2,ENT,1.13029,0.00000
21,-1,1790867381161,DEAL,FILL,9067,BUY_LIMIT,S,4,EXT,1.12997,0.00000
21,-1,1790867381996,CB_DONE,PLACE,9073,BUY_LIMIT,S,3,EXT,1.12918,0.00000
21,-1,1790867383283,ENGINE,REMOVE,9068,SELL_LIMIT,S,5,ENT,1.13157,0.00000
21,-1,1790867385315,ENGINE,PLACE,9074,SELL_LIMIT,S,4,ENT,1.13078,0.00000
21,-1,1790867806022,DEAL,PLACE,9075,SELL_LIMIT,L,3,EXT,1.13051,0.00000
21,-1,1790867807309,DEAL,PLACE,9076,BUY_LIMIT,L,4,ENT,1.12891,0.00000
21,-1,1790867808596,DEAL,REMOVE,9071,SELL_LIMIT,L,2,EXT,1.13120,0.00000
21,-1,1790867808639,DEAL,FILL,9072,BUY_LIMIT,L,3,ENT,1.12960,0.00000
21,-1,1790868367102,DEAL,FILL,9073,BUY_LIMIT,S,3,EXT,1.12918,0.00000
21,-1,1790868367544,CB_DONE,PLACE,9077,BUY_LIMIT,S,2,EXT,1.12847,0.00000
21,-1,1790868368831,ENGINE,REMOVE,9074,SELL_LIMIT,S,4,ENT,1.13078,0.00000
21,-1,1790868369043,ENGINE,PLACE,9078,SELL_LIMIT,S,3,ENT,1.13007,0.00000
21,-1,1790869671175,DEAL,PLACE,9079,SELL_LIMIT,L,4,EXT,1.12982,0.00000
21,-1,1790869672462,DEAL,PLACE,9080,BUY_LIMIT,L,5,ENT,1.12822,0.00000
21,-1,1790869673749,DEAL,REMOVE,9075,SELL_LIMIT,L,3,EXT,1.13051,0.00000
21,-1,1790869673792,DEAL,FILL,9076,BUY_LIMIT,L,4,ENT,1.12891,0.00000
21,-1,1790870349674,DEAL,FILL,9077,BUY_LIMIT,S,2,EXT,1.12847,0.00000
21,-1,1790870351715,CB_DONE,PLACE,9081,BUY_LIMIT,S,1,EXT,1.12776,0.00000
21,-1,1790870353002,ENGINE,REMOVE,9078,SELL_LIMIT,S,3,ENT,1.13007,0.00000
21,-1,1790870353433,ENGINE,PLACE,9082,SELL_LIMIT,S,2,ENT,1.12936,0.00000
21,-1,1790872854612,DEAL,PLACE,9083,SELL_LIMIT,L,5,EXT,1.12912,0.00000
21,-1,1790872855899,DEAL,PLACE,9084,BUY_LIMIT,L,6,ENT,1.12752,0.00000
21,-1,1790872857186,DEAL,REMOVE,9079,SELL_LIMIT,L,4,EXT,1.12982,0.00000
21,-1,1790872857229,DEAL,FILL,9080,BUY_LIMIT,L,5,ENT,1.12822,0.00000
21,-1,1790873250125,DEAL,FILL,9083,SELL_LIMIT,L,5,EXT,1.12912,0.00000
21,-1,1790873250763,CB_DONE,PLACE,9085,SELL_LIMIT,L,4,EXT,1.12982,0.00000
21,-1,1790873252050,ENGINE,REMOVE,9084,BUY_LIMIT,L,6,ENT,1.12752,0.00000
21,-1,1790873252676,ENGINE,PLACE,9086,BUY_LIMIT,L,5,ENT,1.12822,0.00000
21,-1,1790873523437,DEAL,PLACE,9087,BUY_LIMIT,S,2,EXT,1.12855,0.00000
21,-1,1790873524724,DEAL,PLACE,9088,SELL_LIMIT,S,3,ENT,1.13015,0.00000
21,-1,1790873526011,DEAL,REMOVE,9081,BUY_LIMIT,S,1,EXT,1.12776,0.00000
21,-1,1790873526054,DEAL,FILL,9082,SELL_LIMIT,S,2,ENT,1.12936,0.00000
21,-1,1790874324583,DEAL,FILL,9087,BUY_LIMIT,S,2,EXT,1.12855,0.00000
21,-1,1790874325620,CB_DONE,PLACE,9089,BUY_LIMIT,S,1,EXT,1.12776,0.00000
21,-1,1790874326907,ENGINE,REMOVE,9088,SELL_LIMIT,S,3,ENT,1.13015,0.00000
21,-1,1790874327134,ENGINE,PLACE,9090,SELL_LIMIT,S,2,ENT,1.12936,0.00000
21,-1,1790874521332,DEAL,PLACE,9091,BUY_LIMIT,S,2,EXT,1.12843,0.00000
21,-1,1790874522619,DEAL,PLACE,9092,SELL_LIMIT,S,3,ENT,1.13003,0.00000
21,-1,1790874523906,DEAL,REMOVE,9089,BUY_LIMIT,S,1,EXT,1.12776,0.00000
21,-1,1790874523949,DEAL,FILL,9090,SELL_LIMIT,S,2,ENT,1.12936,0.00000
21,-1,1790874820483,DEAL,FILL,9091,BUY_LIMIT,S,2,EXT,1.12843,0.00000
21,-1,1790874820919,CB_DONE,PLACE,9093,BUY_LIMIT,S,1,EXT,1.12776,0.00000
21,-1,1790874822206,ENGINE,REMOVE,9092,SELL_LIMIT,S,3,ENT,1.13003,0.00000
21,-1,1790874822434,ENGINE,PLACE,9094,SELL_LIMIT,S,2,ENT,1.12936,0.00000
21,-1,1790875895582,DEAL,PLACE,9095,SELL_LIMIT,L,5,EXT,1.12905,0.00000
21,-1,1790875896869,DEAL,PLACE,9096,BUY_LIMIT,L,6,ENT,1.12745,0.00000
21,-1,1790875898156,DEAL,REMOVE,9085,SELL_LIMIT,L,4,EXT,1.12982,0.00000
21,-1,1790875898199,DEAL,FILL,9086,BUY_LIMIT,L,5,ENT,1.12822,0.00000
21,-1,1790876593857,DEAL,FILL,9093,BUY_LIMIT,S,1,EXT,1.12776,0.00000
21,-1,1790876594604,ENGINE,REMOVE,9094,SELL_LIMIT,S,2,ENT,1.12936,0.00000
21,-1,1790876594806,ENGINE,PLACE,9097,SELL_LIMIT,S,1,ENT,1.12858,0.00000
21,-1,1790876625426,DEAL,PLACE,9098,SELL_LIMIT,L,6,EXT,1.12832,0.00000
21,-1,1790876626713,DEAL,PLACE,9099,BUY_LIMIT,L,7,ENT,1.12672,0.00000
21,-1,1790876628000,DEAL,REMOVE,9095,SELL_LIMIT,L,5,EXT,1.12905,0.00000
21,-1,1790876628043,DEAL,FILL,9096,BUY_LIMIT,L,6,ENT,1.12745,0.00000
21,-1,1790876794435,DEAL,FILL,9039,BUY_LIMIT,S,0,EXT,1.12698,0.00000
21,-1,1790876795578,ENGINE,PLACE,9100,SELL_LIMIT,S,0,ENT,1.12765,0.00000
21,-1,1790876796865,ENGINE,REMOVE,9097,SELL_LIMIT,S,1,ENT,1.12858,0.00000
21,-1,1790876816347,DEAL,PLACE,9101,SELL_LIMIT,L,7,EXT,1.12762,0.00000
21,-1,1790876817634,DEAL,REMOVE,9098,SELL_LIMIT,L,6,EXT,1.12832,0.00000
21,-1,1790876817677,DEAL,FILL,9099,BUY_LIMIT,L,7,ENT,1.12672,0.00000
21,-1,1790877131802,ENGINE,MODIFY,9100,SELL_LIMIT,S,0,ENT,1.12694,1.12765
21,-1,1790877913638,LATTICE,MODIFY,9000,SELL_LIMIT,L,0,EXT,1.12692,1.13261
21,-1,1790877914926,LATTICE,PLACE,9102,SELL_LIMIT,L,1,EXT,1.13189,0.00000
21,-1,1790877916213,LATTICE,REMOVE,9101,SELL_LIMIT,L,7,EXT,1.12762,0.00000
21,-1,1790877943990,ENGINE,MODIFY,9100,SELL_LIMIT,S,0,ENT,1.12624,1.12694
21,-1,1790877964489,LATTICE,MODIFY,9102,SELL_LIMIT,L,1,EXT,1.12622,1.13189
21,-1,1790877965777,LATTICE,PLACE,9103,SELL_LIMIT,L,2,EXT,1.13120,0.00000
21,-1,1790877967064,LATTICE,REMOVE,9000,SELL_LIMIT,L,0,EXT,1.12692,0.00000
21,-1,1790879420793,ENGINE,MODIFY,9100,SELL_LIMIT,S,0,ENT,1.12554,1.12624
21,-1,1790879435254,LATTICE,MODIFY,9103,SELL_LIMIT,L,2,EXT,1.12552,1.13120
21,-1,1790879436542,LATTICE,PLACE,9104,SELL_LIMIT,L,3,EXT,1.13051,0.00000
21,-1,1790879437829,LATTICE,REMOVE,9102,SELL_LIMIT,L,1,EXT,1.12622,0.00000
21,-1,1790879437872,ENGINE,MODIFY,9100,SELL_LIMIT,S,0,ENT,1.12463,1.12554
21,-1,1790879439261,LATTICE,MODIFY,9104,SELL_LIMIT,L,3,EXT,1.12482,1.13051
21,-1,1790879440549,LATTICE,PLACE,9105,SELL_LIMIT,L,4,EXT,1.12982,0.00000
21,-1,1790879441836,LATTICE,REMOVE,9103,SELL_LIMIT,L,2,EXT,1.12552,0.00000
21,-1,1790879661027,LATTICE,MODIFY,9105,SELL_LIMIT,L,4,EXT,1.12412,1.12982
21,-1,1790879662315,LATTICE,PLACE,9106,SELL_LIMIT,L,5,EXT,1.12905,0.00000
21,-1,1790879663602,LATTICE,REMOVE,9104,SELL_LIMIT,L,3,EXT,1.12482,0.00000
21,-1,1790879663645,ENGINE,MODIFY,9100,SELL_LIMIT,S,0,ENT,1.12387,1.12463
21,-1,1790879811862,DEAL,PLACE,9107,BUY_LIMIT,S,0,EXT,1.12297,0.00000
21,-1,1790879813149,DEAL,FILL,9100,SELL_LIMIT,S,0,ENT,1.12387,0.00000
21,-1,1790879829777,DEAL,FILL,9105,SELL_LIMIT,L,4,EXT,1.12412,0.00000
21,-1,1790879830202,CB_DONE,PLACE,9108,SELL_LIMIT,L,3,EXT,1.12482,0.00000
21,-1,1790880603844,DEAL,FILL,9107,BUY_LIMIT,S,0,EXT,1.12297,0.00000
21,-1,1790881646656,ENGINE,PLACE,9109,SELL_LIMIT,S,0,ENT,1.12448,0.00000
21,-1,1790881647943,ENGINE,PLACE,9110,BUY_LIMIT,L,8,ENT,1.12322,0.00000
21,-1,1790882790733,DEAL,PLACE,9111,BUY_LIMIT,S,0,EXT,1.12360,0.00000
21,-1,1790882792020,DEAL,PLACE,9112,SELL_LIMIT,S,1,ENT,1.12520,0.00000
21,-1,1790882793307,DEAL,FILL,9109,SELL_LIMIT,S,0,ENT,1.12448,0.00000
21,-1,1790883100135,DEAL,FILL,9111,BUY_LIMIT,S,0,EXT,1.12360,0.00000
21,-1,1790883101484,ENGINE,PLACE,9113,SELL_LIMIT,S,0,ENT,1.12427,0.00000
21,-1,1790883102771,ENGINE,REMOVE,9112,SELL_LIMIT,S,1,ENT,1.12520,0.00000
21,-1,1790883217140,DEAL,PLACE,9114,SELL_LIMIT,L,8,EXT,1.12412,0.00000
21,-1,1790883218427,DEAL,REMOVE,9108,SELL_LIMIT,L,3,EXT,1.12482,0.00000
21,-1,1790883218470,DEAL,FILL,9110,BUY_LIMIT,L,8,ENT,1.12322,0.00000
21,-1,1790883363695,ENGINE,MODIFY,9113,SELL_LIMIT,S,0,ENT,1.12356,1.12427
21,-1,1790883659640,LATTICE,MODIFY,9106,SELL_LIMIT,L,5,EXT,1.12342,1.12905
21,-1,1790883660928,LATTICE,PLACE,9115,SELL_LIMIT,L,6,EXT,1.12832,0.00000
21,-1,1790883662215,LATTICE,REMOVE,9114,SELL_LIMIT,L,8,EXT,1.12412,0.00000
21,-1,1790884144632,ENGINE,MODIFY,9113,SELL_LIMIT,S,0,ENT,1.12286,1.12356
21,-1,1790884315624,LATTICE,MODIFY,9115,SELL_LIMIT,L,6,EXT,1.12272,1.12832
21,-1,1790884316912,LATTICE,PLACE,9116,SELL_LIMIT,L,7,EXT,1.12762,0.00000
21,-1,1790884318199,LATTICE,REMOVE,9106,SELL_LIMIT,L,5,EXT,1.12342,0.00000
21,-1,1790886233849,DEAL,FILL,9115,SELL_LIMIT,L,6,EXT,1.12272,0.00000
21,-1,1790886235084,CB_DONE,PLACE,9117,SELL_LIMIT,L,5,EXT,1.12342,0.00000
21,-1,1790886236371,ENGINE,PLACE,9118,BUY_LIMIT,L,9,ENT,1.12182,0.00000
21,-1,1790886305304,DEAL,PLACE,9119,BUY_LIMIT,S,0,EXT,1.12203,0.00000
21,-1,1790886306591,DEAL,PLACE,9120,SELL_LIMIT,S,1,ENT,1.12363,0.00000
21,-1,1790886307878,DEAL,FILL,9113,SELL_LIMIT,S,0,ENT,1.12286,0.00000
21,-1,1790886603142,DEAL,FILL,9117,SELL_LIMIT,L,5,EXT,1.12342,0.00000
21,-1,1790886603575,CB_DONE,PLACE,9121,SELL_LIMIT,L,8,EXT,1.12412,0.00000
21,-1,1790886604862,DEAL,PLACE,9122,BUY_LIMIT,S,1,EXT,1.12273,0.00000
21,-1,1790886606149,DEAL,PLACE,9123,SELL_LIMIT,S,2,ENT,1.12433,0.00000
21,-1,1790886607436,DEAL,FILL,9120,SELL_LIMIT,S,1,ENT,1.12363,0.00000
21,-1,1790886607436,ENGINE,MODIFY,9118,BUY_LIMIT,L,9,ENT,1.12252,1.12182
21,-1,1790887703335,DEAL,FILL,9122,BUY_LIMIT,S,1,EXT,1.12273,0.00000
21,-1,1790887704077,ENGINE,REMOVE,9123,SELL_LIMIT,S,2,ENT,1.12433,0.00000
21,-1,1790887704478,ENGINE,PLACE,9124,SELL_LIMIT,S,1,ENT,1.12363,0.00000
21,-1,1790888097706,DEAL,PLACE,9125,SELL_LIMIT,L,9,EXT,1.12342,0.00000
21,-1,1790888098993,DEAL,PLACE,9126,BUY_LIMIT,L,10,ENT,1.12182,0.00000
21,-1,1790888100280,DEAL,FILL,9118,BUY_LIMIT,L,9,ENT,1.12252,0.00000
21,-1,1790888100280,DEAL,REMOVE,9121,SELL_LIMIT,L,8,EXT,1.12412,0.00000
21,-1,1790890495255,DEAL,FILL,9125,SELL_LIMIT,L,9,EXT,1.12342,0.00000
21,-1,1790890495688,CB_DONE,PLACE,9127,SELL_LIMIT,L,8,EXT,1.12412,0.00000
21,-1,1790890496975,ENGINE,REMOVE,9126,BUY_LIMIT,L,10,ENT,1.12182,0.00000
21,-1,1790890497403,ENGINE,PLACE,9128,BUY_LIMIT,L,9,ENT,1.12252,0.00000
21,-1,1790890511122,DEAL,PLACE,9129,BUY_LIMIT,S,1,EXT,1.12274,0.00000
21,-1,1790890512409,DEAL,PLACE,9130,SELL_LIMIT,S,2,ENT,1.12434,0.00000
21,-1,1790890513696,DEAL,FILL,9124,SELL_LIMIT,S,1,ENT,1.12363,0.00000
21,-1,1790893724788,DEAL,FILL,9127,SELL_LIMIT,L,8,EXT,1.12412,0.00000
21,-1,1790893727259,CB_DONE,PLACE,9131,SELL_LIMIT,L,3,EXT,1.12482,0.00000
21,-1,1790893729767,ENGINE,REMOVE,9128,BUY_LIMIT,L,9,ENT,1.12252,0.00000
21,-1,1790893729970,ENGINE,PLACE,9132,BUY_LIMIT,L,8,ENT,1.12322,0.00000
21,-1,1790893870765,DEAL,PLACE,9133,BUY_LIMIT,S,2,EXT,1.12344,0.00000
21,-1,1790893872052,DEAL,PLACE,9134,SELL_LIMIT,S,3,ENT,1.12504,0.00000
21,-1,1790893873339,DEAL,REMOVE,9129,BUY_LIMIT,S,1,EXT,1.12274,0.00000
21,-1,1790893873382,DEAL,FILL,9130,SELL_LIMIT,S,2,ENT,1.12434,0.00000
21,-1,1790898687288,TIMER,MODIFY,9131,SELL_LIMIT,L,3,EXT,1.12490,1.12482
21,-1,1790898747288,TIMER,MODIFY,9116,SELL_LIMIT,L,7,EXT,1.12770,1.12762
21,-1,1790898748576,TIMER,MODIFY,9119,BUY_LIMIT,S,0,EXT,1.12204,1.12203
21,-1,1790898807288,TIMER,MODIFY,9133,BUY_LIMIT,S,2,EXT,1.12345,1.12344
22,-1,1790900423001,SEED,PLACE,1980743306,SELL_LIMIT,L,3,EXT,1.12490,0.00000
22,-1,1790900423001,SEED,PLACE,1980342588,SELL_LIMIT,L,7,EXT,1.12770,0.00000
22,-1,1790900423001,SEED,PLACE,1980743315,BUY_LIMIT,L,8,ENT,1.12322,0.00000
22,-1,1790900423001,SEED,PLACE,1980417634,BUY_LIMIT,S,0,EXT,1.12137,0.00000
22,-1,1790900423001,SEED,PLACE,1980748293,BUY_LIMIT,S,3,EXT,1.12345,0.00000
22,-1,1790900423001,SEED,PLACE,1980748332,SELL_LIMIT,S,4,ENT,1.12504,0.00000
22,-1,1790910024415,DEAL,FILL,1980743306,SELL_LIMIT,L,3,EXT,1.12490,0.00000
22,-1,1790910024859,CB_DONE,PLACE,9000,SELL_LIMIT,L,2,EXT,1.12560,0.00000
22,-1,1790910026146,ENGINE,MODIFY,1980743315,BUY_LIMIT,L,8,ENT,1.12392,1.12322
22,-1,1790911789215,DEAL,PLACE,9001,SELL_LIMIT,L,8,EXT,1.12482,0.00000
22,-1,1790911790502,DEAL,PLACE,9002,BUY_LIMIT,L,9,ENT,1.12322,0.00000
22,-1,1790911791789,DEAL,FILL,1980743315,BUY_LIMIT,L,8,ENT,1.12392,0.00000
22,-1,1790911791789,DEAL,REMOVE,9000,SELL_LIMIT,L,2,EXT,1.12560,0.00000
22,-1,1790913555464,DEAL,FILL,1980748293,BUY_LIMIT,S,3,EXT,1.12345,0.00000
22,-1,1790913557297,CB_DONE,PLACE,9003,BUY_LIMIT,S,2,EXT,1.12275,0.00000
22,-1,1790913558584,ENGINE,REMOVE,1980748332,SELL_LIMIT,S,4,ENT,1.12504,0.00000
22,-1,1790913560632,ENGINE,PLACE,9004,SELL_LIMIT,S,3,ENT,1.12434,0.00000
22,-1,1790915684595,DEAL,PLACE,9005,SELL_LIMIT,L,9,EXT,1.12413,0.00000
22,-1,1790915685882,DEAL,PLACE,9006,BUY_LIMIT,L,10,ENT,1.12253,0.00000
22,-1,1790915687169,DEAL,REMOVE,9001,SELL_LIMIT,L,8,EXT,1.12482,0.00000
22,-1,1790915687212,DEAL,FILL,9002,BUY_LIMIT,L,9,ENT,1.12322,0.00000
22,-1,1790917500243,DEAL,FILL,9005,SELL_LIMIT,L,9,EXT,1.12413,0.00000
22,-1,1790917500683,CB_DONE,PLACE,9007,SELL_LIMIT,L,8,EXT,1.12482,0.00000
22,-1,1790917501970,ENGINE,REMOVE,9006,BUY_LIMIT,L,10,ENT,1.12253,0.00000
22,-1,1790917503590,ENGINE,PLACE,9008,BUY_LIMIT,L,9,ENT,1.12322,0.00000
22,-1,1790919377079,DEAL,PLACE,9009,BUY_LIMIT,S,3,EXT,1.12344,0.00000
22,-1,1790919378366,DEAL,PLACE,9010,SELL_LIMIT,S,4,ENT,1.12504,0.00000
22,-1,1790919379653,DEAL,REMOVE,9003,BUY_LIMIT,S,2,EXT,1.12275,0.00000
22,-1,1790919379696,DEAL,FILL,9004,SELL_LIMIT,S,3,ENT,1.12434,0.00000
23,-1,1790920989002,SEED,PLACE,1980342588,SELL_LIMIT,L,7,EXT,1.12770,0.00000
23,-1,1790920989002,SEED,PLACE,1981323545,SELL_LIMIT,L,8,EXT,1.12482,0.00000
23,-1,1790920989002,SEED,PLACE,1981323880,BUY_LIMIT,L,9,ENT,1.12322,0.00000
23,-1,1790920989002,SEED,PLACE,1980417634,BUY_LIMIT,S,0,EXT,1.12137,0.00000
23,-1,1790920989002,SEED,PLACE,1981389976,BUY_LIMIT,S,3,EXT,1.12344,0.00000
23,-1,1790920989002,SEED,PLACE,1981389991,SELL_LIMIT,S,4,ENT,1.12504,0.00000
23,-1,1790921933362,DEAL,FILL,1981323545,SELL_LIMIT,L,8,EXT,1.12482,0.00000
23,-1,1790921938816,CB_DONE,PLACE,9000,SELL_LIMIT,L,2,EXT,1.12560,0.00000
23,-1,1790921940129,ENGINE,REMOVE,1981323880,BUY_LIMIT,L,9,ENT,1.12322,0.00000
23,-1,1790921940325,ENGINE,PLACE,9001,BUY_LIMIT,L,8,ENT,1.12392,0.00000
23,-1,1790922492089,DEAL,PLACE,9002,BUY_LIMIT,S,4,EXT,1.12414,0.00000
23,-1,1790922493376,DEAL,PLACE,9003,SELL_LIMIT,S,5,ENT,1.12574,0.00000
23,-1,1790922494663,DEAL,REMOVE,1981389976,BUY_LIMIT,S,3,EXT,1.12344,0.00000
23,-1,1790922494706,DEAL,FILL,1981389991,SELL_LIMIT,S,4,ENT,1.12504,0.00000
23,-1,1790931910005,DEAL,FILL,9000,SELL_LIMIT,L,2,EXT,1.12560,0.00000
23,-1,1790931910640,CB_DONE,PLACE,9004,SELL_LIMIT,L,1,EXT,1.12630,0.00000
23,-1,1790931911927,ENGINE,MODIFY,9001,BUY_LIMIT,L,8,ENT,1.12462,1.12392
23,-1,1790932339681,DEAL,PLACE,9005,BUY_LIMIT,S,5,EXT,1.12484,0.00000
23,-1,1790932340968,DEAL,PLACE,9006,SELL_LIMIT,S,6,ENT,1.12644,0.00000
23,-1,1790932342255,DEAL,REMOVE,9002,BUY_LIMIT,S,4,EXT,1.12414,0.00000
23,-1,1790932342298,DEAL,FILL,9003,SELL_LIMIT,S,5,ENT,1.12574,0.00000
23,-1,1790936035245,DEAL,FILL,9004,SELL_LIMIT,L,1,EXT,1.12630,0.00000
23,-1,1790936036489,CB_DONE,PLACE,9007,SELL_LIMIT,L,0,EXT,1.12700,0.00000
23,-1,1790936037776,ENGINE,MODIFY,9001,BUY_LIMIT,L,8,ENT,1.12532,1.12462
23,-1,1790936075887,DEAL,PLACE,9008,BUY_LIMIT,S,6,EXT,1.12554,0.00000
23,-1,1790936077174,DEAL,PLACE,9009,SELL_LIMIT,S,7,ENT,1.12714,0.00000
23,-1,1790936078461,DEAL,REMOVE,9005,BUY_LIMIT,S,5,EXT,1.12484,0.00000
23,-1,1790936078504,DEAL,FILL,9006,SELL_LIMIT,S,6,ENT,1.12644,0.00000
23,-1,1790937870332,DEAL,FILL,9008,BUY_LIMIT,S,6,EXT,1.12554,0.00000
23,-1,1790937871576,CB_DONE,PLACE,9010,BUY_LIMIT,S,5,EXT,1.12484,0.00000
23,-1,1790937872863,ENGINE,REMOVE,9009,SELL_LIMIT,S,7,ENT,1.12714,0.00000
23,-1,1790937875100,ENGINE,PLACE,9011,SELL_LIMIT,S,6,ENT,1.12644,0.00000
23,-1,1790938669281,DEAL,PLACE,9012,BUY_LIMIT,S,6,EXT,1.12553,0.00000
23,-1,1790938670568,DEAL,PLACE,9013,SELL_LIMIT,S,7,ENT,1.12713,0.00000
23,-1,1790938671855,DEAL,REMOVE,9010,BUY_LIMIT,S,5,EXT,1.12484,0.00000
23,-1,1790938671898,DEAL,FILL,9011,SELL_LIMIT,S,6,ENT,1.12644,0.00000
23,-1,1790940226082,DEAL,FILL,9012,BUY_LIMIT,S,6,EXT,1.12553,0.00000
23,-1,1790940226719,CB_DONE,PLACE,9014,BUY_LIMIT,S,5,EXT,1.12484,0.00000
23,-1,1790940228006,ENGINE,REMOVE,9013,SELL_LIMIT,S,7,ENT,1.12713,0.00000
23,-1,1790940229843,ENGINE,PLACE,9015,SELL_LIMIT,S,6,ENT,1.12644,0.00000
23,-1,1790940669399,DEAL,PLACE,9016,SELL_LIMIT,L,8,EXT,1.12621,0.00000
23,-1,1790940670686,DEAL,PLACE,9017,BUY_LIMIT,L,9,ENT,1.12461,0.00000
23,-1,1790940671973,DEAL,FILL,9001,BUY_LIMIT,L,8,ENT,1.12532,0.00000
23,-1,1790940671973,DEAL,REMOVE,9007,SELL_LIMIT,L,0,EXT,1.12700,0.00000
23,-1,1790941500573,DEAL,FILL,9014,BUY_LIMIT,S,5,EXT,1.12484,0.00000
23,-1,1790941501610,CB_DONE,PLACE,9018,BUY_LIMIT,S,4,EXT,1.12414,0.00000
23,-1,1790941503262,ENGINE,REMOVE,9015,SELL_LIMIT,S,6,ENT,1.12644,0.00000
23,-1,1790941506476,ENGINE,PLACE,9019,SELL_LIMIT,S,5,ENT,1.12574,0.00000
23,-1,1790941623225,DEAL,PLACE,9020,SELL_LIMIT,L,9,EXT,1.12551,0.00000
23,-1,1790941624512,DEAL,PLACE,9021,BUY_LIMIT,L,10,ENT,1.12391,0.00000
23,-1,1790941625799,DEAL,REMOVE,9016,SELL_LIMIT,L,8,EXT,1.12621,0.00000
23,-1,1790941625842,DEAL,FILL,9017,BUY_LIMIT,L,9,ENT,1.12461,0.00000
23,-1,1790946796442,DEAL,FILL,9018,BUY_LIMIT,S,4,EXT,1.12414,0.00000
23,-1,1790946797279,CB_DONE,PLACE,9022,BUY_LIMIT,S,3,EXT,1.12344,0.00000
23,-1,1790946798566,ENGINE,REMOVE,9019,SELL_LIMIT,S,5,ENT,1.12574,0.00000
23,-1,1790946799196,ENGINE,PLACE,9023,SELL_LIMIT,S,4,ENT,1.12504,0.00000
23,-1,1790946929193,DEAL,PLACE,9024,SELL_LIMIT,L,10,EXT,1.12478,0.00000
23,-1,1790946930480,DEAL,PLACE,9025,BUY_LIMIT,L,11,ENT,1.12318,0.00000
23,-1,1790946931767,DEAL,REMOVE,9020,SELL_LIMIT,L,9,EXT,1.12551,0.00000
23,-1,1790946931810,DEAL,FILL,9021,BUY_LIMIT,L,10,ENT,1.12391,0.00000
23,-1,1790947212476,DEAL,FILL,9022,BUY_LIMIT,S,3,EXT,1.12344,0.00000
23,-1,1790947212907,CB_DONE,PLACE,9026,BUY_LIMIT,S,2,EXT,1.12275,0.00000
23,-1,1790947214194,ENGINE,REMOVE,9023,SELL_LIMIT,S,4,ENT,1.12504,0.00000
23,-1,1790947215231,ENGINE,PLACE,9027,SELL_LIMIT,S,3,ENT,1.12434,0.00000
23,-1,1790947244426,DEAL,PLACE,9028,SELL_LIMIT,L,11,EXT,1.12408,0.00000
23,-1,1790947245713,DEAL,PLACE,9029,BUY_LIMIT,L,12,ENT,1.12248,0.00000
23,-1,1790947247000,DEAL,REMOVE,9024,SELL_LIMIT,L,10,EXT,1.12478,0.00000
23,-1,1790947247043,DEAL,FILL,9025,BUY_LIMIT,L,11,ENT,1.12318,0.00000
23,-1,1790949893875,DEAL,FILL,9026,BUY_LIMIT,S,2,EXT,1.12275,0.00000
23,-1,1790949894512,CB_DONE,PLACE,9030,BUY_LIMIT,S,1,EXT,1.12204,0.00000
23,-1,1790949895799,ENGINE,REMOVE,9027,SELL_LIMIT,S,3,ENT,1.12434,0.00000
23,-1,1790949896436,ENGINE,PLACE,9031,SELL_LIMIT,S,2,ENT,1.12363,0.00000
23,-1,1790950632657,DEAL,PLACE,9032,BUY_LIMIT,S,2,EXT,1.12274,0.00000
23,-1,1790950633944,DEAL,PLACE,9033,SELL_LIMIT,S,3,ENT,1.12434,0.00000
23,-1,1790950635231,DEAL,REMOVE,9030,BUY_LIMIT,S,1,EXT,1.12204,0.00000
23,-1,1790950635274,DEAL,FILL,9031,SELL_LIMIT,S,2,ENT,1.12363,0.00000
23,-1,1790951070286,DEAL,FILL,9028,SELL_LIMIT,L,11,EXT,1.12408,0.00000
23,-1,1790951071525,CB_DONE,PLACE,9034,SELL_LIMIT,L,10,EXT,1.12478,0.00000
23,-1,1790951072812,ENGINE,REMOVE,9029,BUY_LIMIT,L,12,ENT,1.12248,0.00000
23,-1,1790951074852,ENGINE,PLACE,9035,BUY_LIMIT,L,11,ENT,1.12318,0.00000
23,-1,1790952797066,DEAL,PLACE,9036,SELL_LIMIT,L,11,EXT,1.12407,0.00000
23,-1,1790952798353,DEAL,PLACE,9037,BUY_LIMIT,L,12,ENT,1.12247,0.00000
23,-1,1790952799640,DEAL,REMOVE,9034,SELL_LIMIT,L,10,EXT,1.12478,0.00000
23,-1,1790952799683,DEAL,FILL,9035,BUY_LIMIT,L,11,ENT,1.12318,0.00000
23,-1,1790953552360,DEAL,FILL,9032,BUY_LIMIT,S,2,EXT,1.12274,0.00000
23,-1,1790953552792,CB_DONE,PLACE,9038,BUY_LIMIT,S,1,EXT,1.12204,0.00000
23,-1,1790953554079,ENGINE,REMOVE,9033,SELL_LIMIT,S,3,ENT,1.12434,0.00000
23,-1,1790953554318,ENGINE,PLACE,9039,SELL_LIMIT,S,2,ENT,1.12363,0.00000
23,-1,1790953711719,DEAL,PLACE,9040,SELL_LIMIT,L,12,EXT,1.12337,0.00000
23,-1,1790953713006,DEAL,PLACE,9041,BUY_LIMIT,L,13,ENT,1.12177,0.00000
23,-1,1790953714293,DEAL,REMOVE,9036,SELL_LIMIT,L,11,EXT,1.12407,0.00000
23,-1,1790953714336,DEAL,FILL,9037,BUY_LIMIT,L,12,ENT,1.12247,0.00000
23,-1,1790954998827,DEAL,FILL,9040,SELL_LIMIT,L,12,EXT,1.12337,0.00000
23,-1,1790954999260,CB_DONE,PLACE,9042,SELL_LIMIT,L,11,EXT,1.12407,0.00000
23,-1,1790955000547,ENGINE,REMOVE,9041,BUY_LIMIT,L,13,ENT,1.12177,0.00000
23,-1,1790955000709,ENGINE,PLACE,9043,BUY_LIMIT,L,12,ENT,1.12247,0.00000
23,-1,1790955002061,ENGINE,MODIFY,9039,SELL_LIMIT,S,2,ENT,1.12579,1.12363
23,-1,1790955003349,DEAL,PLACE,9044,BUY_LIMIT,S,2,EXT,1.12483,0.00000
23,-1,1790955004636,DEAL,PLACE,9045,SELL_LIMIT,S,3,ENT,1.12643,0.00000
23,-1,1790955005923,DEAL,REMOVE,9038,BUY_LIMIT,S,1,EXT,1.12204,0.00000
23,-1,1790955005966,DEAL,FILL,9039,SELL_LIMIT,S,2,ENT,1.12363,0.00000
23,-1,1790955005966,DEAL,FILL,9042,SELL_LIMIT,L,11,EXT,1.12407,0.00000
23,-1,1790955006260,CB_DONE,PLACE,9046,SELL_LIMIT,L,10,EXT,1.12606,0.00000
23,-1,1790955007547,ENGINE,REMOVE,9043,BUY_LIMIT,L,12,ENT,1.12247,0.00000
23,-1,1790955007675,ENGINE,PLACE,9047,BUY_LIMIT,L,11,ENT,1.12318,0.00000
23,-1,1790955010946,DEAL,FILL,9044,BUY_LIMIT,S,2,EXT,1.12483,0.00000
23,-1,1790955011582,CB_DONE,PLACE,9048,BUY_LIMIT,S,1,EXT,1.12204,0.00000
23,-1,1790955012869,ENGINE,REMOVE,9045,SELL_LIMIT,S,3,ENT,1.12643,0.00000
23,-1,1790955013495,ENGINE,PLACE,9049,SELL_LIMIT,S,2,ENT,1.12443,0.00000
23,-1,1790955019572,DEAL,PLACE,9050,BUY_LIMIT,S,2,EXT,1.12361,0.00000
23,-1,1790955020859,DEAL,PLACE,9051,SELL_LIMIT,S,3,ENT,1.12521,0.00000
23,-1,1790955022146,DEAL,REMOVE,9048,BUY_LIMIT,S,1,EXT,1.12204,0.00000
23,-1,1790955022189,DEAL,FILL,9049,SELL_LIMIT,S,2,ENT,1.12443,0.00000
23,-1,1790955075764,DEAL,PLACE,9052,BUY_LIMIT,S,3,EXT,1.12442,0.00000
23,-1,1790955077051,DEAL,PLACE,9053,SELL_LIMIT,S,4,ENT,1.12602,0.00000
23,-1,1790955078338,DEAL,REMOVE,9050,BUY_LIMIT,S,2,EXT,1.12361,0.00000
23,-1,1790955078381,DEAL,FILL,9051,SELL_LIMIT,S,3,ENT,1.12521,0.00000
23,-1,1790955215506,DEAL,FILL,9052,BUY_LIMIT,S,3,EXT,1.12442,0.00000
23,-1,1790955215942,CB_DONE,PLACE,9054,BUY_LIMIT,S,2,EXT,1.12361,0.00000
23,-1,1790955217229,ENGINE,REMOVE,9053,SELL_LIMIT,S,4,ENT,1.12602,0.00000
23,-1,1790955217454,ENGINE,PLACE,9055,SELL_LIMIT,S,3,ENT,1.12521,0.00000
23,-1,1790955590174,DEAL,PLACE,9056,BUY_LIMIT,S,3,EXT,1.12430,0.00000
23,-1,1790955591461,DEAL,PLACE,9057,SELL_LIMIT,S,4,ENT,1.12590,0.00000
23,-1,1790955592748,DEAL,REMOVE,9054,BUY_LIMIT,S,2,EXT,1.12361,0.00000
23,-1,1790955592791,DEAL,FILL,9055,SELL_LIMIT,S,3,ENT,1.12521,0.00000
23,-1,1790955701699,DEAL,FILL,9056,BUY_LIMIT,S,3,EXT,1.12430,0.00000
23,-1,1790955702132,CB_DONE,PLACE,9058,BUY_LIMIT,S,2,EXT,1.12361,0.00000
23,-1,1790955703419,ENGINE,REMOVE,9057,SELL_LIMIT,S,4,ENT,1.12590,0.00000
23,-1,1790955704248,ENGINE,PLACE,9059,SELL_LIMIT,S,3,ENT,1.12521,0.00000
23,-1,1790956235585,DEAL,PLACE,9060,BUY_LIMIT,S,3,EXT,1.12432,0.00000
23,-1,1790956236872,DEAL,PLACE,9061,SELL_LIMIT,S,4,ENT,1.12592,0.00000
23,-1,1790956238159,DEAL,REMOVE,9058,BUY_LIMIT,S,2,EXT,1.12361,0.00000
23,-1,1790956238202,DEAL,FILL,9059,SELL_LIMIT,S,3,ENT,1.12521,0.00000
23,-1,1790956517714,DEAL,PLACE,9062,BUY_LIMIT,S,4,EXT,1.12510,0.00000
23,-1,1790956519001,DEAL,PLACE,9063,SELL_LIMIT,S,5,ENT,1.12670,0.00000
23,-1,1790956520288,DEAL,REMOVE,9060,BUY_LIMIT,S,3,EXT,1.12432,0.00000
23,-1,1790956520331,DEAL,FILL,9061,SELL_LIMIT,S,4,ENT,1.12592,0.00000
23,-1,1790956547652,DEAL,FILL,9046,SELL_LIMIT,L,10,EXT,1.12606,0.00000
23,-1,1790956548090,CB_DONE,PLACE,9064,SELL_LIMIT,L,9,EXT,1.12604,0.00000
23,-1,1790956549377,ENGINE,REMOVE,9047,BUY_LIMIT,L,11,ENT,1.12318,0.00000
23,-1,1790956549669,DEAL,FILL,9064,SELL_LIMIT,L,9,EXT,1.12604,0.00000
23,-1,1790956550109,ENGINE,PLACE,9065,BUY_LIMIT,L,10,ENT,1.12391,0.00000
23,-1,1790956551396,CB_DONE,PLACE,9066,SELL_LIMIT,L,8,EXT,1.12621,0.00000
23,-1,1790956552683,ENGINE,REMOVE,9065,BUY_LIMIT,L,10,ENT,1.12391,0.00000
23,-1,1790956552838,ENGINE,PLACE,9067,BUY_LIMIT,L,9,ENT,1.12461,0.00000
23,-1,1790956708601,DEAL,FILL,9066,SELL_LIMIT,L,8,EXT,1.12621,0.00000
23,-1,1790956709438,CB_DONE,PLACE,9068,SELL_LIMIT,L,0,EXT,1.12700,0.00000
23,-1,1790956710725,ENGINE,REMOVE,9067,BUY_LIMIT,L,9,ENT,1.12461,0.00000
23,-1,1790956711153,ENGINE,PLACE,9069,BUY_LIMIT,L,8,ENT,1.12532,0.00000
23,-1,1790957242326,DEAL,PLACE,9070,SELL_LIMIT,L,8,EXT,1.12623,0.00000
23,-1,1790957243613,DEAL,PLACE,9071,BUY_LIMIT,L,9,ENT,1.12463,0.00000
23,-1,1790957244900,DEAL,REMOVE,9068,SELL_LIMIT,L,0,EXT,1.12700,0.00000
23,-1,1790957244943,DEAL,FILL,9069,BUY_LIMIT,L,8,ENT,1.12532,0.00000
23,-1,1790957349955,DEAL,FILL,9062,BUY_LIMIT,S,4,EXT,1.12510,0.00000
23,-1,1790957350391,CB_DONE,PLACE,9072,BUY_LIMIT,S,3,EXT,1.12432,0.00000
23,-1,1790957351678,ENGINE,REMOVE,9063,SELL_LIMIT,S,5,ENT,1.12670,0.00000
23,-1,1790957351908,ENGINE,PLACE,9073,SELL_LIMIT,S,4,ENT,1.12592,0.00000
23,-1,1790957688769,DEAL,PLACE,9074,SELL_LIMIT,L,9,EXT,1.12553,0.00000
23,-1,1790957690056,DEAL,PLACE,9075,BUY_LIMIT,L,10,ENT,1.12393,0.00000
23,-1,1790957691343,DEAL,REMOVE,9070,SELL_LIMIT,L,8,EXT,1.12623,0.00000
23,-1,1790957691386,DEAL,FILL,9071,BUY_LIMIT,L,9,ENT,1.12463,0.00000
23,-1,1790958136927,DEAL,FILL,9072,BUY_LIMIT,S,3,EXT,1.12432,0.00000
23,-1,1790958137564,CB_DONE,PLACE,9076,BUY_LIMIT,S,2,EXT,1.12361,0.00000
23,-1,1790958138851,ENGINE,REMOVE,9073,SELL_LIMIT,S,4,ENT,1.12592,0.00000
23,-1,1790958139281,ENGINE,PLACE,9077,SELL_LIMIT,S,3,ENT,1.12521,0.00000
23,-1,1790958557984,DEAL,PLACE,9078,BUY_LIMIT,S,3,EXT,1.12431,0.00000
23,-1,1790958559271,DEAL,PLACE,9079,SELL_LIMIT,S,4,ENT,1.12591,0.00000
23,-1,1790958560558,DEAL,REMOVE,9076,BUY_LIMIT,S,2,EXT,1.12361,0.00000
23,-1,1790958560601,DEAL,FILL,9077,SELL_LIMIT,S,3,ENT,1.12521,0.00000
23,-1,1790959498039,DEAL,FILL,9074,SELL_LIMIT,L,9,EXT,1.12553,0.00000
23,-1,1790959498477,CB_DONE,PLACE,9080,SELL_LIMIT,L,8,EXT,1.12623,0.00000
23,-1,1790959499764,ENGINE,REMOVE,9075,BUY_LIMIT,L,10,ENT,1.12393,0.00000
23,-1,1790959499982,ENGINE,PLACE,9081,BUY_LIMIT,L,9,ENT,1.12463,0.00000
23,-1,1790959619718,DEAL,PLACE,9082,BUY_LIMIT,S,4,EXT,1.12502,0.00000
23,-1,1790959621005,DEAL,PLACE,9083,SELL_LIMIT,S,5,ENT,1.12662,0.00000
23,-1,1790959622292,DEAL,REMOVE,9078,BUY_LIMIT,S,3,EXT,1.12431,0.00000
23,-1,1790959622335,DEAL,FILL,9079,SELL_LIMIT,S,4,ENT,1.12591,0.00000
23,-1,1790959760779,DEAL,FILL,9080,SELL_LIMIT,L,8,EXT,1.12623,0.00000
23,-1,1790959761211,CB_DONE,PLACE,9084,SELL_LIMIT,L,0,EXT,1.12700,0.00000
23,-1,1790959762498,ENGINE,REMOVE,9081,BUY_LIMIT,L,9,ENT,1.12463,0.00000
23,-1,1790959764731,ENGINE,PLACE,9085,BUY_LIMIT,L,8,ENT,1.12532,0.00000
23,-1,1790959801962,DEAL,PLACE,9086,BUY_LIMIT,S,5,EXT,1.12573,0.00000
23,-1,1790959803249,DEAL,PLACE,9087,SELL_LIMIT,S,6,ENT,1.12733,0.00000
23,-1,1790959804536,DEAL,REMOVE,9082,BUY_LIMIT,S,4,EXT,1.12502,0.00000
23,-1,1790959804579,DEAL,FILL,9083,SELL_LIMIT,S,5,ENT,1.12662,0.00000
23,-1,1790960263446,DEAL,FILL,9084,SELL_LIMIT,L,0,EXT,1.12700,0.00000
23,-1,1790960263988,ENGINE,MODIFY,9085,BUY_LIMIT,L,8,ENT,1.12602,1.12532
23,-1,1790960281900,DEAL,PLACE,9088,BUY_LIMIT,S,6,EXT,1.12645,0.00000
23,-1,1790960283187,DEAL,PLACE,9089,SELL_LIMIT,S,7,ENT,1.12805,0.00000
23,-1,1790960284474,DEAL,REMOVE,9086,BUY_LIMIT,S,5,EXT,1.12573,0.00000
23,-1,1790960284517,DEAL,FILL,9087,SELL_LIMIT,S,6,ENT,1.12733,0.00000
23,-1,1790960626980,DEAL,FILL,1980342588,SELL_LIMIT,L,7,EXT,1.12770,0.00000
23,-1,1790960628319,ENGINE,PLACE,9090,BUY_LIMIT,L,0,ENT,1.12702,0.00000
23,-1,1790960629606,ENGINE,REMOVE,9085,BUY_LIMIT,L,8,ENT,1.12602,0.00000
23,-1,1790960692443,DEAL,PLACE,9091,BUY_LIMIT,S,7,EXT,1.12717,0.00000
23,-1,1790960693730,DEAL,REMOVE,9088,BUY_LIMIT,S,6,EXT,1.12645,0.00000
23,-1,1790960693773,DEAL,FILL,9089,SELL_LIMIT,S,7,ENT,1.12805,0.00000
23,-1,1790960700222,ENGINE,MODIFY,9090,BUY_LIMIT,L,0,ENT,1.12743,1.12702
23,-1,1790961142316,DEAL,PLACE,9092,SELL_LIMIT,L,0,EXT,1.12833,0.00000
23,-1,1790961143603,DEAL,PLACE,9093,BUY_LIMIT,L,1,ENT,1.12673,0.00000
23,-1,1790961144890,DEAL,FILL,9090,BUY_LIMIT,L,0,ENT,1.12743,0.00000
24,-1,1790961360001,SEED,PLACE,1983447920,SELL_LIMIT,L,0,EXT,1.12870,0.00000
24,-1,1790961360001,SEED,PLACE,1983447937,BUY_LIMIT,L,1,ENT,1.12710,0.00000
24,-1,1790961360001,SEED,PLACE,1980417634,BUY_LIMIT,S,0,EXT,1.12732,0.00000
24,-1,1790961360001,SEED,PLACE,1983413435,BUY_LIMIT,S,1,EXT,1.12204,0.00000
24,-1,1790963544104,DEAL,FILL,1980417634,BUY_LIMIT,S,0,EXT,1.12732,0.00000
24,-1,1790963544537,CB_DONE,PLACE,9000,BUY_LIMIT,S,7,EXT,1.12661,0.00000
24,-1,1790963546049,ENGINE,PLACE,9001,SELL_LIMIT,S,8,ENT,1.12821,0.00000
24,-1,1790964246372,DEAL,PLACE,9002,SELL_LIMIT,L,1,EXT,1.12799,0.00000
24,-1,1790964247659,DEAL,PLACE,9003,BUY_LIMIT,L,2,ENT,1.12639,0.00000
24,-1,1790964248946,DEAL,FILL,1983447937,BUY_LIMIT,L,1,ENT,1.12710,0.00000
24,-1,1790964466466,DEAL,FILL,9000,BUY_LIMIT,S,7,EXT,1.12661,0.00000
24,-1,1790964466903,CB_DONE,PLACE,9004,BUY_LIMIT,S,6,EXT,1.12588,0.00000
24,-1,1790964468190,ENGINE,REMOVE,9001,SELL_LIMIT,S,8,ENT,1.12821,0.00000
24,-1,1790964469220,ENGINE,PLACE,9005,SELL_LIMIT,S,7,ENT,1.12748,0.00000
24,-1,1790964933184,DEAL,PLACE,9006,SELL_LIMIT,L,2,EXT,1.12729,0.00000
24,-1,1790964934471,DEAL,PLACE,9007,BUY_LIMIT,L,3,ENT,1.12569,0.00000
24,-1,1790964935758,DEAL,REMOVE,9002,SELL_LIMIT,L,1,EXT,1.12799,0.00000
24,-1,1790964935801,DEAL,FILL,9003,BUY_LIMIT,L,2,ENT,1.12639,0.00000
24,-1,1790965460821,DEAL,FILL,9004,BUY_LIMIT,S,6,EXT,1.12588,0.00000
24,-1,1790965462659,CB_DONE,PLACE,9008,BUY_LIMIT,S,5,EXT,1.12516,0.00000
24,-1,1790965463946,ENGINE,REMOVE,9005,SELL_LIMIT,S,7,ENT,1.12748,0.00000
24,-1,1790965464975,ENGINE,PLACE,9009,SELL_LIMIT,S,6,ENT,1.12676,0.00000
24,-1,1790965480095,DEAL,PLACE,9010,SELL_LIMIT,L,3,EXT,1.12659,0.00000
24,-1,1790965481382,DEAL,PLACE,9011,BUY_LIMIT,L,4,ENT,1.12499,0.00000
24,-1,1790965482669,DEAL,REMOVE,9006,SELL_LIMIT,L,2,EXT,1.12729,0.00000
24,-1,1790965482712,DEAL,FILL,9007,BUY_LIMIT,L,3,ENT,1.12569,0.00000
24,-1,1790969080745,DEAL,FILL,9008,BUY_LIMIT,S,5,EXT,1.12516,0.00000
24,-1,1790969081180,CB_DONE,PLACE,9012,BUY_LIMIT,S,4,EXT,1.12445,0.00000
24,-1,1790969082467,ENGINE,REMOVE,9009,SELL_LIMIT,S,6,ENT,1.12676,0.00000
24,-1,1790969082693,ENGINE,PLACE,9013,SELL_LIMIT,S,5,ENT,1.12605,0.00000
24,-1,1790970510820,DEAL,PLACE,9014,BUY_LIMIT,S,5,EXT,1.12519,0.00000
24,-1,1790970512107,DEAL,PLACE,9015,SELL_LIMIT,S,6,ENT,1.12679,0.00000
24,-1,1790970513394,DEAL,REMOVE,9012,BUY_LIMIT,S,4,EXT,1.12445,0.00000
24,-1,1790970513437,DEAL,FILL,9013,SELL_LIMIT,S,5,ENT,1.12605,0.00000
24,-1,1790972890703,DEAL,FILL,9014,BUY_LIMIT,S,5,EXT,1.12519,0.00000
24,-1,1790972892145,CB_DONE,PLACE,9016,BUY_LIMIT,S,4,EXT,1.12445,0.00000
24,-1,1790972893432,ENGINE,REMOVE,9015,SELL_LIMIT,S,6,ENT,1.12679,0.00000
24,-1,1790972894273,ENGINE,PLACE,9017,SELL_LIMIT,S,5,ENT,1.12605,0.00000
24,-1,1790978060546,DEAL,PLACE,9018,SELL_LIMIT,L,4,EXT,1.12588,0.00000
24,-1,1790978061833,DEAL,PLACE,9019,BUY_LIMIT,L,5,ENT,1.12428,0.00000
24,-1,1790978063120,DEAL,REMOVE,9010,SELL_LIMIT,L,3,EXT,1.12659,0.00000
24,-1,1790978063163,DEAL,FILL,9011,BUY_LIMIT,L,4,ENT,1.12499,0.00000
24,-1,1790979880250,DEAL,FILL,9018,SELL_LIMIT,L,4,EXT,1.12588,0.00000
24,-1,1790979881290,CB_DONE,PLACE,9020,SELL_LIMIT,L,3,EXT,1.12659,0.00000
24,-1,1790979882577,ENGINE,REMOVE,9019,BUY_LIMIT,L,5,ENT,1.12428,0.00000
24,-1,1790979886437,ENGINE,PLACE,9021,BUY_LIMIT,L,4,ENT,1.12499,0.00000
24,-1,1791071400001,TIMER,MODIFY,1983447920,SELL_LIMIT,L,0,EXT,1.12878,1.12870
24,-1,1791071460001,TIMER,MODIFY,9020,SELL_LIMIT,L,3,EXT,1.12667,1.12659
24,-1,1791071520001,TIMER,MODIFY,1983413435,BUY_LIMIT,S,1,EXT,1.12206,1.12204
24,-1,1791071580001,TIMER,MODIFY,9016,BUY_LIMIT,S,4,EXT,1.12447,1.12445
24,-1,1791164991985,DEAL,PLACE,9022,BUY_LIMIT,S,5,EXT,1.12515,0.00000
24,-1,1791164993272,DEAL,PLACE,9023,SELL_LIMIT,S,6,ENT,1.12675,0.00000
24,-1,1791164994559,DEAL,REMOVE,9016,BUY_LIMIT,S,4,EXT,1.12447,0.00000
24,-1,1791164994602,DEAL,FILL,9017,SELL_LIMIT,S,5,ENT,1.12605,0.00000
24,-1,1791168329532,DEAL,FILL,9022,BUY_LIMIT,S,5,EXT,1.12515,0.00000
24,-1,1791168330571,CB_DONE,PLACE,9024,BUY_LIMIT,S,4,EXT,1.12447,0.00000
24,-1,1791168331858,ENGINE,REMOVE,9023,SELL_LIMIT,S,6,ENT,1.12675,0.00000
24,-1,1791168332087,ENGINE,PLACE,9025,SELL_LIMIT,S,5,ENT,1.12605,0.00000
24,-1,1791169964835,DEAL,PLACE,9026,SELL_LIMIT,L,4,EXT,1.12588,0.00000
24,-1,1791169966122,DEAL,PLACE,9027,BUY_LIMIT,L,5,ENT,1.12428,0.00000
24,-1,1791169967409,DEAL,REMOVE,9020,SELL_LIMIT,L,3,EXT,1.12667,0.00000
24,-1,1791169967452,DEAL,FILL,9021,BUY_LIMIT,L,4,ENT,1.12499,0.00000
24,-1,1791171732227,DEAL,FILL,9024,BUY_LIMIT,S,4,EXT,1.12447,0.00000
24,-1,1791171734276,CB_DONE,PLACE,9028,BUY_LIMIT,S,3,EXT,1.12375,0.00000
24,-1,1791171735563,ENGINE,REMOVE,9025,SELL_LIMIT,S,5,ENT,1.12605,0.00000
24,-1,1791171735796,ENGINE,PLACE,9029,SELL_LIMIT,S,4,ENT,1.12533,0.00000
24,-1,1791172060138,DEAL,PLACE,9030,SELL_LIMIT,L,5,EXT,1.12518,0.00000
24,-1,1791172061425,DEAL,PLACE,9031,BUY_LIMIT,L,6,ENT,1.12358,0.00000
24,-1,1791172062712,DEAL,REMOVE,9026,SELL_LIMIT,L,4,EXT,1.12588,0.00000
24,-1,1791172062755,DEAL,FILL,9027,BUY_LIMIT,L,5,ENT,1.12428,0.00000
24,-1,1791173419751,DEAL,FILL,9028,BUY_LIMIT,S,3,EXT,1.12375,0.00000
24,-1,1791173420597,CB_DONE,PLACE,9032,BUY_LIMIT,S,2,EXT,1.12305,0.00000
24,-1,1791173424312,ENGINE,REMOVE,9029,SELL_LIMIT,S,4,ENT,1.12533,0.00000
24,-1,1791173426924,ENGINE,PLACE,9033,SELL_LIMIT,S,3,ENT,1.12463,0.00000
24,-1,1791173859571,DEAL,PLACE,9034,SELL_LIMIT,L,6,EXT,1.12447,0.00000
24,-1,1791173860858,DEAL,PLACE,9035,BUY_LIMIT,L,7,ENT,1.12287,0.00000
24,-1,1791173862145,DEAL,REMOVE,9030,SELL_LIMIT,L,5,EXT,1.12518,0.00000
24,-1,1791173862188,DEAL,FILL,9031,BUY_LIMIT,L,6,ENT,1.12358,0.00000
24,-1,1791175579138,DEAL,FILL,9032,BUY_LIMIT,S,2,EXT,1.12305,0.00000
24,-1,1791175585501,ENGINE,REMOVE,9033,SELL_LIMIT,S,3,ENT,1.12463,0.00000
24,-1,1791175592331,ENGINE,PLACE,9036,SELL_LIMIT,S,2,ENT,1.12363,0.00000
24,-1,1791176830047,DEAL,PLACE,9037,SELL_LIMIT,L,7,EXT,1.12377,0.00000
24,-1,1791176831334,DEAL,REMOVE,9034,SELL_LIMIT,L,6,EXT,1.12447,0.00000
24,-1,1791176831377,DEAL,FILL,9035,BUY_LIMIT,L,7,ENT,1.12287,0.00000
24,-1,1791177439237,LATTICE,MODIFY,1983447920,SELL_LIMIT,L,0,EXT,1.12315,1.12878
24,-1,1791177440525,LATTICE,PLACE,9038,SELL_LIMIT,L,1,EXT,1.12807,0.00000
24,-1,1791177441812,LATTICE,REMOVE,9037,SELL_LIMIT,L,7,EXT,1.12377,0.00000
24,-1,1791177453971,DEAL,FILL,1983413435,BUY_LIMIT,S,1,EXT,1.12206,0.00000
24,-1,1791177454715,ENGINE,PLACE,9039,SELL_LIMIT,S,0,ENT,1.12270,0.00000
24,-1,1791177456002,ENGINE,REMOVE,9036,SELL_LIMIT,S,2,ENT,1.12363,0.00000
24,-1,1791177554638,ENGINE,MODIFY,9039,SELL_LIMIT,S,0,ENT,1.12227,1.12270
24,-1,1791177556640,LATTICE,MODIFY,9038,SELL_LIMIT,L,1,EXT,1.12245,1.12807
24,-1,1791177557928,LATTICE,PLACE,9040,SELL_LIMIT,L,2,EXT,1.12737,0.00000
24,-1,1791177559215,LATTICE,REMOVE,1983447920,SELL_LIMIT,L,0,EXT,1.12315,0.00000
24,-1,1791177618049,ENGINE,MODIFY,9039,SELL_LIMIT,S,0,ENT,1.12186,1.12227
24,-1,1791178570996,LATTICE,MODIFY,9040,SELL_LIMIT,L,2,EXT,1.12175,1.12737
24,-1,1791178572284,LATTICE,PLACE,9041,SELL_LIMIT,L,3,EXT,1.12667,0.00000
24,-1,1791178573571,LATTICE,REMOVE,9038,SELL_LIMIT,L,1,EXT,1.12245,0.00000
24,-1,1791178580255,ENGINE,MODIFY,9039,SELL_LIMIT,S,0,ENT,1.12146,1.12186
24,-1,1791179005079,ENGINE,MODIFY,9039,SELL_LIMIT,S,0,ENT,1.12105,1.12146
24,-1,1791179347916,LATTICE,MODIFY,9041,SELL_LIMIT,L,3,EXT,1.12105,1.12667
24,-1,1791179349204,LATTICE,PLACE,9042,SELL_LIMIT,L,4,EXT,1.12588,0.00000
24,-1,1791179350491,LATTICE,REMOVE,9040,SELL_LIMIT,L,2,EXT,1.12175,0.00000
24,-1,1791179350534,ENGINE,MODIFY,9039,SELL_LIMIT,S,0,ENT,1.12021,1.12105
24,-1,1791179353154,LATTICE,MODIFY,9042,SELL_LIMIT,L,4,EXT,1.12027,1.12588
24,-1,1791179354442,LATTICE,PLACE,9043,SELL_LIMIT,L,5,EXT,1.12518,0.00000
24,-1,1791179355729,LATTICE,REMOVE,9041,SELL_LIMIT,L,3,EXT,1.12105,0.00000
24,-1,1791179375721,ENGINE,MODIFY,9039,SELL_LIMIT,S,0,ENT,1.11945,1.12021
24,-1,1791179378538,LATTICE,MODIFY,9043,SELL_LIMIT,L,5,EXT,1.11957,1.12518
24,-1,1791179379826,LATTICE,PLACE,9044,SELL_LIMIT,L,6,EXT,1.12447,0.00000
24,-1,1791179381113,LATTICE,REMOVE,9042,SELL_LIMIT,L,4,EXT,1.12027,0.00000
24,-1,1791179453027,DEAL,PLACE,9045,BUY_LIMIT,S,0,EXT,1.11860,0.00000
24,-1,1791179454314,DEAL,PLACE,9046,SELL_LIMIT,S,1,ENT,1.12020,0.00000
24,-1,1791179455601,DEAL,FILL,9039,SELL_LIMIT,S,0,ENT,1.11945,0.00000
24,-1,1791179683457,DEAL,FILL,9045,BUY_LIMIT,S,0,EXT,1.11860,0.00000
24,-1,1791179684600,ENGINE,PLACE,9047,SELL_LIMIT,S,0,ENT,1.11923,0.00000
24,-1,1791179685887,ENGINE,REMOVE,9046,SELL_LIMIT,S,1,ENT,1.12020,0.00000
24,-1,1791179704503,ENGINE,MODIFY,9047,SELL_LIMIT,S,0,ENT,1.11874,1.11923
24,-1,1791179705914,LATTICE,MODIFY,9044,SELL_LIMIT,L,6,EXT,1.11887,1.12447
24,-1,1791179707202,LATTICE,PLACE,9048,SELL_LIMIT,L,7,EXT,1.12377,0.00000
24,-1,1791179708489,LATTICE,REMOVE,9043,SELL_LIMIT,L,5,EXT,1.11957,0.00000
24,-1,1791179731069,ENGINE,MODIFY,9047,SELL_LIMIT,S,0,ENT,1.11833,1.11874
24,-1,1791179801105,LATTICE,MODIFY,9048,SELL_LIMIT,L,7,EXT,1.11817,1.12377
24,-1,1791179802393,LATTICE,PLACE,9049,SELL_LIMIT,L,0,EXT,1.12315,0.00000
24,-1,1791179803680,LATTICE,REMOVE,9044,SELL_LIMIT,L,6,EXT,1.11887,0.00000
24,-1,1791179835334,ENGINE,MODIFY,9047,SELL_LIMIT,S,0,ENT,1.11787,1.11833
24,-1,1791179847009,ENGINE,MODIFY,9047,SELL_LIMIT,S,0,ENT,1.11737,1.11787
24,-1,1791179889575,DEAL,PLACE,9050,BUY_LIMIT,S,0,EXT,1.11659,0.00000
24,-1,1791179890862,DEAL,PLACE,9051,SELL_LIMIT,S,1,ENT,1.11819,0.00000
24,-1,1791179892149,DEAL,FILL,9047,SELL_LIMIT,S,0,ENT,1.11737,0.00000
24,-1,1791180137856,DEAL,FILL,9048,SELL_LIMIT,L,7,EXT,1.11817,0.00000
24,-1,1791180137856,DEAL,PLACE,9052,BUY_LIMIT,S,1,EXT,1.11727,0.00000
24,-1,1791180139143,DEAL,PLACE,9053,SELL_LIMIT,S,2,ENT,1.11887,0.00000
24,-1,1791180140430,DEAL,FILL,9051,SELL_LIMIT,S,1,ENT,1.11819,0.00000
24,-1,1791180140724,CB_DONE,PLACE,9054,SELL_LIMIT,L,6,EXT,1.11887,0.00000
24,-1,1791180142011,ENGINE,PLACE,9055,BUY_LIMIT,L,7,ENT,1.11727,0.00000
24,-1,1791180371889,DEAL,FILL,9052,BUY_LIMIT,S,1,EXT,1.11727,0.00000
24,-1,1791180371889,DEAL,PLACE,9056,SELL_LIMIT,L,7,EXT,1.11818,0.00000
24,-1,1791180373176,DEAL,REMOVE,9054,SELL_LIMIT,L,6,EXT,1.11887,0.00000
24,-1,1791180373219,DEAL,FILL,9055,BUY_LIMIT,L,7,ENT,1.11727,0.00000
24,-1,1791180375238,ENGINE,REMOVE,9053,SELL_LIMIT,S,2,ENT,1.11887,0.00000
24,-1,1791180376240,ENGINE,PLACE,9057,SELL_LIMIT,S,1,ENT,1.11819,0.00000
24,-1,1791180413252,LATTICE,MODIFY,9056,SELL_LIMIT,L,7,EXT,1.11748,1.11818
24,-1,1791180414540,DEAL,FILL,9050,BUY_LIMIT,S,0,EXT,1.11659,0.00000
24,-1,1791180414859,ENGINE,PLACE,9058,SELL_LIMIT,S,0,ENT,1.11724,0.00000
24,-1,1791180416146,ENGINE,REMOVE,9057,SELL_LIMIT,S,1,ENT,1.11819,0.00000
24,-1,1791180436425,ENGINE,MODIFY,9058,SELL_LIMIT,S,0,ENT,1.11684,1.11724
24,-1,1791180555220,DEAL,PLACE,9059,BUY_LIMIT,S,0,EXT,1.11598,0.00000
24,-1,1791180556507,DEAL,PLACE,9060,SELL_LIMIT,S,1,ENT,1.11758,0.00000
24,-1,1791180557794,DEAL,FILL,9058,SELL_LIMIT,S,0,ENT,1.11684,0.00000
24,-1,1791180681720,DEAL,FILL,9056,SELL_LIMIT,L,7,EXT,1.11748,0.00000
24,-1,1791180683369,CB_DONE,PLACE,9061,SELL_LIMIT,L,6,EXT,1.11887,0.00000
24,-1,1791180684687,ENGINE,PLACE,9062,BUY_LIMIT,L,7,ENT,1.11727,0.00000
24,-1,1791180701030,DEAL,PLACE,9063,BUY_LIMIT,S,1,EXT,1.11670,0.00000
24,-1,1791180702317,DEAL,PLACE,9064,SELL_LIMIT,S,2,ENT,1.11830,0.00000
24,-1,1791180703604,DEAL,FILL,9060,SELL_LIMIT,S,1,ENT,1.11758,0.00000
24,-1,1791181214375,DEAL,PLACE,9065,BUY_LIMIT,S,2,EXT,1.11740,0.00000
24,-1,1791181215662,DEAL,PLACE,9066,SELL_LIMIT,S,3,ENT,1.11900,0.00000
24,-1,1791181216949,DEAL,REMOVE,9063,BUY_LIMIT,S,1,EXT,1.11670,0.00000
24,-1,1791181216992,DEAL,FILL,9064,SELL_LIMIT,S,2,ENT,1.11830,0.00000
24,-1,1791182566979,DEAL,FILL,9065,BUY_LIMIT,S,2,EXT,1.11740,0.00000
24,-1,1791182569820,CB_DONE,PLACE,9067,BUY_LIMIT,S,1,EXT,1.11670,0.00000
24,-1,1791182571107,ENGINE,REMOVE,9066,SELL_LIMIT,S,3,ENT,1.11900,0.00000
24,-1,1791182576139,ENGINE,PLACE,9068,SELL_LIMIT,S,2,ENT,1.11830,0.00000
24,-1,1791182611972,DEAL,PLACE,9069,SELL_LIMIT,L,7,EXT,1.11813,0.00000
24,-1,1791182613259,DEAL,REMOVE,9061,SELL_LIMIT,L,6,EXT,1.11887,0.00000
24,-1,1791182613302,DEAL,FILL,9062,BUY_LIMIT,L,7,ENT,1.11727,0.00000
24,-1,1791183170472,DEAL,FILL,9067,BUY_LIMIT,S,1,EXT,1.11670,0.00000
24,-1,1791183171235,ENGINE,REMOVE,9068,SELL_LIMIT,S,2,ENT,1.11830,0.00000
24,-1,1791183171833,ENGINE,PLACE,9070,SELL_LIMIT,S,1,ENT,1.11758,0.00000
24,-1,1791183609473,LATTICE,MODIFY,9069,SELL_LIMIT,L,7,EXT,1.11743,1.11813
24,-1,1791186061163,DEAL,FILL,9069,SELL_LIMIT,L,7,EXT,1.11743,0.00000
24,-1,1791186061798,CB_DONE,PLACE,9071,SELL_LIMIT,L,6,EXT,1.11887,0.00000
24,-1,1791186063085,ENGINE,PLACE,9072,BUY_LIMIT,L,7,ENT,1.11727,0.00000
24,-1,1791186100240,DEAL,PLACE,9073,BUY_LIMIT,S,1,EXT,1.11669,0.00000
24,-1,1791186101527,DEAL,PLACE,9074,SELL_LIMIT,S,2,ENT,1.11829,0.00000
24,-1,1791186102814,DEAL,FILL,9070,SELL_LIMIT,S,1,ENT,1.11758,0.00000
24,-1,1791187204685,DEAL,PLACE,9075,BUY_LIMIT,S,2,EXT,1.11740,0.00000
24,-1,1791187205972,DEAL,PLACE,9076,SELL_LIMIT,S,3,ENT,1.11900,0.00000
24,-1,1791187207259,DEAL,REMOVE,9073,BUY_LIMIT,S,1,EXT,1.11669,0.00000
24,-1,1791187207302,DEAL,FILL,9074,SELL_LIMIT,S,2,ENT,1.11829,0.00000
24,-1,1791188718325,DEAL,FILL,9071,SELL_LIMIT,L,6,EXT,1.11887,0.00000
24,-1,1791188718963,CB_DONE,PLACE,9077,SELL_LIMIT,L,5,EXT,1.11957,0.00000
24,-1,1791188720250,ENGINE,REMOVE,9072,BUY_LIMIT,L,7,ENT,1.11727,0.00000
24,-1,1791188720671,ENGINE,PLACE,9078,BUY_LIMIT,L,6,ENT,1.11797,0.00000
24,-1,1791189989753,DEAL,PLACE,9079,BUY_LIMIT,S,3,EXT,1.11815,0.00000
24,-1,1791189991040,DEAL,PLACE,9080,SELL_LIMIT,S,4,ENT,1.11975,0.00000
24,-1,1791189992327,DEAL,REMOVE,9075,BUY_LIMIT,S,2,EXT,1.11740,0.00000
24,-1,1791189992370,DEAL,FILL,9076,SELL_LIMIT,S,3,ENT,1.11900,0.00000
24,-1,1791191170829,DEAL,FILL,9077,SELL_LIMIT,L,5,EXT,1.11957,0.00000
24,-1,1791191171464,CB_DONE,PLACE,9081,SELL_LIMIT,L,4,EXT,1.12027,0.00000
24,-1,1791191172751,ENGINE,REMOVE,9078,BUY_LIMIT,L,6,ENT,1.11797,0.00000
24,-1,1791191172798,ENGINE,PLACE,9082,BUY_LIMIT,L,5,ENT,1.11867,0.00000
24,-1,1791191557665,DEAL,PLACE,9083,BUY_LIMIT,S,4,EXT,1.11884,0.00000
24,-1,1791191558952,DEAL,PLACE,9084,SELL_LIMIT,S,5,ENT,1.12044,0.00000
24,-1,1791191560239,DEAL,REMOVE,9079,BUY_LIMIT,S,3,EXT,1.11815,0.00000
24,-1,1791191560282,DEAL,FILL,9080,SELL_LIMIT,S,4,ENT,1.11975,0.00000
24,-1,1791192462106,DEAL,FILL,9083,BUY_LIMIT,S,4,EXT,1.11884,0.00000
24,-1,1791192462534,CB_DONE,PLACE,9085,BUY_LIMIT,S,3,EXT,1.11815,0.00000
24,-1,1791192466056,ENGINE,REMOVE,9084,SELL_LIMIT,S,5,ENT,1.12044,0.00000
24,-1,1791192466454,ENGINE,PLACE,9086,SELL_LIMIT,S,4,ENT,1.11975,0.00000
24,-1,1791192507486,DEAL,PLACE,9087,SELL_LIMIT,L,5,EXT,1.11957,0.00000
24,-1,1791192508773,DEAL,PLACE,9088,BUY_LIMIT,L,6,ENT,1.11797,0.00000
24,-1,1791192510060,DEAL,REMOVE,9081,SELL_LIMIT,L,4,EXT,1.12027,0.00000
24,-1,1791192510103,DEAL,FILL,9082,BUY_LIMIT,L,5,ENT,1.11867,0.00000
24,-1,1791192829441,DEAL,FILL,9085,BUY_LIMIT,S,3,EXT,1.11815,0.00000
24,-1,1791192831287,CB_DONE,PLACE,9089,BUY_LIMIT,S,2,EXT,1.11740,0.00000
24,-1,1791192832574,ENGINE,REMOVE,9086,SELL_LIMIT,S,4,ENT,1.11975,0.00000
24,-1,1791192832800,ENGINE,PLACE,9090,SELL_LIMIT,S,3,ENT,1.11900,0.00000
24,-1,1791192835077,DEAL,PLACE,9091,SELL_LIMIT,L,6,EXT,1.11884,0.00000
24,-1,1791192836364,DEAL,PLACE,9092,BUY_LIMIT,L,7,ENT,1.11724,0.00000
24,-1,1791192837651,DEAL,REMOVE,9087,SELL_LIMIT,L,5,EXT,1.11957,0.00000
24,-1,1791192837694,DEAL,FILL,9088,BUY_LIMIT,L,6,ENT,1.11797,0.00000
24,-1,1791192916128,DEAL,FILL,9089,BUY_LIMIT,S,2,EXT,1.11740,0.00000
24,-1,1791192916576,CB_DONE,PLACE,9093,BUY_LIMIT,S,1,EXT,1.11669,0.00000
24,-1,1791192917863,ENGINE,REMOVE,9090,SELL_LIMIT,S,3,ENT,1.11900,0.00000
24,-1,1791192918666,ENGINE,PLACE,9094,SELL_LIMIT,S,2,ENT,1.11829,0.00000
24,-1,1791192937669,DEAL,PLACE,9095,SELL_LIMIT,L,7,EXT,1.11811,0.00000
24,-1,1791192938956,DEAL,REMOVE,9091,SELL_LIMIT,L,6,EXT,1.11884,0.00000
24,-1,1791192938999,DEAL,FILL,9092,BUY_LIMIT,L,7,ENT,1.11724,0.00000
24,-1,1791193372380,DEAL,FILL,9095,SELL_LIMIT,L,7,EXT,1.11811,0.00000
24,-1,1791193372821,CB_DONE,PLACE,9096,SELL_LIMIT,L,6,EXT,1.11884,0.00000
24,-1,1791193374108,ENGINE,PLACE,9097,BUY_LIMIT,L,7,ENT,1.11724,0.00000
24,-1,1791193384637,DEAL,PLACE,9098,BUY_LIMIT,S,2,EXT,1.11744,0.00000
24,-1,1791193385924,DEAL,PLACE,9099,SELL_LIMIT,S,3,ENT,1.11904,0.00000
24,-1,1791193387211,DEAL,REMOVE,9093,BUY_LIMIT,S,1,EXT,1.11669,0.00000
24,-1,1791193387254,DEAL,FILL,9094,SELL_LIMIT,S,2,ENT,1.11829,0.00000
24,-1,1791194102041,DEAL,FILL,9096,SELL_LIMIT,L,6,EXT,1.11884,0.00000
24,-1,1791194102478,CB_DONE,PLACE,9100,SELL_LIMIT,L,5,EXT,1.11957,0.00000
24,-1,1791194103765,ENGINE,REMOVE,9097,BUY_LIMIT,L,7,ENT,1.11724,0.00000
24,-1,1791194104401,ENGINE,PLACE,9101,BUY_LIMIT,L,6,ENT,1.11797,0.00000
24,-1,1791194131867,DEAL,PLACE,9102,BUY_LIMIT,S,3,EXT,1.11821,0.00000
24,-1,1791194133154,DEAL,PLACE,9103,SELL_LIMIT,S,4,ENT,1.11981,0.00000
24,-1,1791194134441,DEAL,REMOVE,9098,BUY_LIMIT,S,2,EXT,1.11744,0.00000
24,-1,1791194134484,DEAL,FILL,9099,SELL_LIMIT,S,3,ENT,1.11904,0.00000
24,-1,1791196345846,DEAL,FILL,9100,SELL_LIMIT,L,5,EXT,1.11957,0.00000
24,-1,1791196346276,CB_DONE,PLACE,9104,SELL_LIMIT,L,4,EXT,1.12027,0.00000
24,-1,1791196347563,ENGINE,REMOVE,9101,BUY_LIMIT,L,6,ENT,1.11797,0.00000
24,-1,1791196347796,ENGINE,PLACE,9105,BUY_LIMIT,L,5,ENT,1.11867,0.00000
24,-1,1791196495774,DEAL,PLACE,9106,BUY_LIMIT,S,4,EXT,1.11891,0.00000
24,-1,1791196497061,DEAL,PLACE,9107,SELL_LIMIT,S,5,ENT,1.12051,0.00000
24,-1,1791196498348,DEAL,REMOVE,9102,BUY_LIMIT,S,3,EXT,1.11821,0.00000
24,-1,1791196498391,DEAL,FILL,9103,SELL_LIMIT,S,4,ENT,1.11981,0.00000
24,-1,1791196871182,DEAL,FILL,9104,SELL_LIMIT,L,4,EXT,1.12027,0.00000
24,-1,1791196872221,CB_DONE,PLACE,9108,SELL_LIMIT,L,3,EXT,1.12105,0.00000
24,-1,1791196873508,ENGINE,REMOVE,9105,BUY_LIMIT,L,5,ENT,1.11867,0.00000
24,-1,1791196873941,ENGINE,PLACE,9109,BUY_LIMIT,L,4,ENT,1.11937,0.00000
24,-1,1791196943419,DEAL,PLACE,9110,BUY_LIMIT,S,5,EXT,1.11962,0.00000
24,-1,1791196944706,DEAL,PLACE,9111,SELL_LIMIT,S,6,ENT,1.12122,0.00000
24,-1,1791196945993,DEAL,REMOVE,9106,BUY_LIMIT,S,4,EXT,1.11891,0.00000
24,-1,1791196946036,DEAL,FILL,9107,SELL_LIMIT,S,5,ENT,1.12051,0.00000
24,-1,1791198485803,DEAL,FILL,9110,BUY_LIMIT,S,5,EXT,1.11962,0.00000
24,-1,1791198487442,CB_DONE,PLACE,9112,BUY_LIMIT,S,4,EXT,1.11891,0.00000
24,-1,1791198488729,ENGINE,REMOVE,9111,SELL_LIMIT,S,6,ENT,1.12122,0.00000
24,-1,1791198489162,ENGINE,PLACE,9113,SELL_LIMIT,S,5,ENT,1.12051,0.00000
24,-1,1791198885951,DEAL,PLACE,9114,BUY_LIMIT,S,5,EXT,1.11964,0.00000
24,-1,1791198887238,DEAL,PLACE,9115,SELL_LIMIT,S,6,ENT,1.12124,0.00000
24,-1,1791198888525,DEAL,REMOVE,9112,BUY_LIMIT,S,4,EXT,1.11891,0.00000
24,-1,1791198888568,DEAL,FILL,9113,SELL_LIMIT,S,5,ENT,1.12051,0.00000
24,-1,1791200784945,DEAL,FILL,9108,SELL_LIMIT,L,3,EXT,1.12105,0.00000
24,-1,1791200785780,CB_DONE,PLACE,9116,SELL_LIMIT,L,2,EXT,1.12175,0.00000
24,-1,1791200787067,ENGINE,REMOVE,9109,BUY_LIMIT,L,4,ENT,1.11937,0.00000
24,-1,1791200788695,ENGINE,PLACE,9117,BUY_LIMIT,L,3,ENT,1.12007,0.00000
24,-1,1791200830813,DEAL,PLACE,9118,BUY_LIMIT,S,6,EXT,1.12034,0.00000
24,-1,1791200832100,DEAL,PLACE,9119,SELL_LIMIT,S,7,ENT,1.12194,0.00000
24,-1,1791200833387,DEAL,REMOVE,9114,BUY_LIMIT,S,5,EXT,1.11964,0.00000
24,-1,1791200833430,DEAL,FILL,9115,SELL_LIMIT,S,6,ENT,1.12124,0.00000
24,-1,1791202298927,DEAL,FILL,9116,SELL_LIMIT,L,2,EXT,1.12175,0.00000
24,-1,1791202299361,CB_DONE,PLACE,9120,SELL_LIMIT,L,1,EXT,1.12245,0.00000
24,-1,1791202300648,ENGINE,REMOVE,9117,BUY_LIMIT,L,3,ENT,1.12007,0.00000
24,-1,1791202300872,ENGINE,PLACE,9121,BUY_LIMIT,L,2,ENT,1.12077,0.00000
24,-1,1791203167011,DEAL,PLACE,9122,BUY_LIMIT,S,7,EXT,1.12104,0.00000
24,-1,1791203168298,DEAL,REMOVE,9118,BUY_LIMIT,S,6,EXT,1.12034,0.00000
24,-1,1791203168341,DEAL,FILL,9119,SELL_LIMIT,S,7,ENT,1.12194,0.00000
24,-1,1791204233002,DEAL,FILL,9122,BUY_LIMIT,S,7,EXT,1.12104,0.00000
24,-1,1791204235442,CB_DONE,PLACE,9123,BUY_LIMIT,S,6,EXT,1.12034,0.00000
24,-1,1791204237165,ENGINE,PLACE,9124,SELL_LIMIT,S,7,ENT,1.12194,0.00000
24,-1,1791204287735,DEAL,PLACE,9125,SELL_LIMIT,L,2,EXT,1.12167,0.00000
24,-1,1791204289022,DEAL,PLACE,9126,BUY_LIMIT,L,3,ENT,1.12007,0.00000
24,-1,1791204290309,DEAL,REMOVE,9120,SELL_LIMIT,L,1,EXT,1.12245,0.00000
24,-1,1791204290352,DEAL,FILL,9121,BUY_LIMIT,L,2,ENT,1.12077,0.00000
24,-1,1791206139676,DEAL,FILL,9123,BUY_LIMIT,S,6,EXT,1.12034,0.00000
24,-1,1791206140520,CB_DONE,PLACE,9127,BUY_LIMIT,S,5,EXT,1.11964,0.00000
24,-1,1791206142629,ENGINE,REMOVE,9124,SELL_LIMIT,S,7,ENT,1.12194,0.00000
24,-1,1791206142840,ENGINE,PLACE,9128,SELL_LIMIT,S,6,ENT,1.12124,0.00000
24,-1,1791208444523,DEAL,PLACE,9129,SELL_LIMIT,L,3,EXT,1.12097,0.00000
24,-1,1791208445810,DEAL,PLACE,9130,BUY_LIMIT,L,4,ENT,1.11937,0.00000
24,-1,1791208447097,DEAL,REMOVE,9125,SELL_LIMIT,L,2,EXT,1.12167,0.00000
24,-1,1791208447140,DEAL,FILL,9126,BUY_LIMIT,L,3,ENT,1.12007,0.00000
24,-1,1791209672139,DEAL,FILL,9127,BUY_LIMIT,S,5,EXT,1.11964,0.00000
24,-1,1791209672775,CB_DONE,PLACE,9131,BUY_LIMIT,S,4,EXT,1.11891,0.00000
24,-1,1791209674062,ENGINE,REMOVE,9128,SELL_LIMIT,S,6,ENT,1.12124,0.00000
24,-1,1791209675888,ENGINE,PLACE,9132,SELL_LIMIT,S,5,ENT,1.12051,0.00000
24,-1,1791210436388,DEAL,PLACE,9133,BUY_LIMIT,S,5,EXT,1.11960,0.00000
24,-1,1791210437675,DEAL,PLACE,9134,SELL_LIMIT,S,6,ENT,1.12120,0.00000
24,-1,1791210438962,DEAL,REMOVE,9131,BUY_LIMIT,S,4,EXT,1.11891,0.00000
24,-1,1791210439005,DEAL,FILL,9132,SELL_LIMIT,S,5,ENT,1.12051,0.00000
24,-1,1791210512120,DEAL,FILL,9129,SELL_LIMIT,L,3,EXT,1.12097,0.00000
24,-1,1791210512565,CB_DONE,PLACE,9135,SELL_LIMIT,L,2,EXT,1.12167,0.00000
24,-1,1791210513852,ENGINE,REMOVE,9130,BUY_LIMIT,L,4,ENT,1.11937,0.00000
24,-1,1791210514079,ENGINE,PLACE,9136,BUY_LIMIT,L,3,ENT,1.12007,0.00000
24,-1,1791210522181,DEAL,PLACE,9137,BUY_LIMIT,S,6,EXT,1.12033,0.00000
24,-1,1791210523468,DEAL,PLACE,9138,SELL_LIMIT,S,7,ENT,1.12193,0.00000
24,-1,1791210524755,DEAL,REMOVE,9133,BUY_LIMIT,S,5,EXT,1.11960,0.00000
24,-1,1791210524798,DEAL,FILL,9134,SELL_LIMIT,S,6,ENT,1.12120,0.00000
24,-1,1791210606457,DEAL,FILL,9135,SELL_LIMIT,L,2,EXT,1.12167,0.00000
24,-1,1791210606893,CB_DONE,PLACE,9139,SELL_LIMIT,L,1,EXT,1.12245,0.00000
24,-1,1791210608180,ENGINE,REMOVE,9136,BUY_LIMIT,L,3,ENT,1.12007,0.00000
24,-1,1791210608410,ENGINE,PLACE,9140,BUY_LIMIT,L,2,ENT,1.12077,0.00000
24,-1,1791210983578,DEAL,PLACE,9141,SELL_LIMIT,L,2,EXT,1.12167,0.00000
24,-1,1791210984865,DEAL,PLACE,9142,BUY_LIMIT,L,3,ENT,1.12007,0.00000
24,-1,1791210986152,DEAL,REMOVE,9139,SELL_LIMIT,L,1,EXT,1.12245,0.00000
24,-1,1791210986195,DEAL,FILL,9140,BUY_LIMIT,L,2,ENT,1.12077,0.00000
24,-1,1791211370381,DEAL,FILL,9137,BUY_LIMIT,S,6,EXT,1.12033,0.00000
24,-1,1791211370814,CB_DONE,PLACE,9143,BUY_LIMIT,S,5,EXT,1.11960,0.00000
24,-1,1791211372101,ENGINE,REMOVE,9138,SELL_LIMIT,S,7,ENT,1.12193,0.00000
24,-1,1791211373942,ENGINE,PLACE,9144,SELL_LIMIT,S,6,ENT,1.12120,0.00000
24,-1,1791213743890,DEAL,PLACE,9145,SELL_LIMIT,L,3,EXT,1.12095,0.00000
24,-1,1791213745177,DEAL,PLACE,9146,BUY_LIMIT,L,4,ENT,1.11935,0.00000
24,-1,1791213746464,DEAL,REMOVE,9141,SELL_LIMIT,L,2,EXT,1.12167,0.00000
24,-1,1791213746507,DEAL,FILL,9142,BUY_LIMIT,L,3,ENT,1.12007,0.00000
24,-1,1791214187660,DEAL,FILL,9145,SELL_LIMIT,L,3,EXT,1.12095,0.00000
24,-1,1791214188298,CB_DONE,PLACE,9147,SELL_LIMIT,L,2,EXT,1.12167,0.00000
24,-1,1791214189585,ENGINE,REMOVE,9146,BUY_LIMIT,L,4,ENT,1.11935,0.00000
24,-1,1791214189820,ENGINE,PLACE,9148,BUY_LIMIT,L,3,ENT,1.12007,0.00000
24,-1,1791214254814,DEAL,PLACE,9149,BUY_LIMIT,S,6,EXT,1.12030,0.00000
24,-1,1791214256101,DEAL,PLACE,9150,SELL_LIMIT,S,7,ENT,1.12190,0.00000
24,-1,1791214257388,DEAL,REMOVE,9143,BUY_LIMIT,S,5,EXT,1.11960,0.00000
24,-1,1791214257431,DEAL,FILL,9144,SELL_LIMIT,S,6,ENT,1.12120,0.00000
24,-1,1791216648298,DEAL,FILL,9149,BUY_LIMIT,S,6,EXT,1.12030,0.00000
24,-1,1791216650134,CB_DONE,PLACE,9151,BUY_LIMIT,S,5,EXT,1.11960,0.00000
24,-1,1791216652071,ENGINE,REMOVE,9150,SELL_LIMIT,S,7,ENT,1.12190,0.00000
24,-1,1791216652481,ENGINE,PLACE,9152,SELL_LIMIT,S,6,ENT,1.12120,0.00000
24,-1,1791217747497,DEAL,PLACE,9153,SELL_LIMIT,L,3,EXT,1.12097,0.00000
24,-1,1791217748784,DEAL,PLACE,9154,BUY_LIMIT,L,4,ENT,1.11937,0.00000
24,-1,1791217750071,DEAL,REMOVE,9147,SELL_LIMIT,L,2,EXT,1.12167,0.00000
24,-1,1791217750114,DEAL,FILL,9148,BUY_LIMIT,L,3,ENT,1.12007,0.00000
24,-1,1791218065905,DEAL,FILL,9151,BUY_LIMIT,S,5,EXT,1.11960,0.00000
24,-1,1791218067340,CB_DONE,PLACE,9155,BUY_LIMIT,S,4,EXT,1.11891,0.00000
24,-1,1791218068627,ENGINE,REMOVE,9152,SELL_LIMIT,S,6,ENT,1.12120,0.00000
24,-1,1791218072269,ENGINE,PLACE,9156,SELL_LIMIT,S,5,ENT,1.12051,0.00000
24,-1,1791218176811,DEAL,PLACE,9157,SELL_LIMIT,L,4,EXT,1.12022,0.00000
24,-1,1791218178098,DEAL,PLACE,9158,BUY_LIMIT,L,5,ENT,1.11862,0.00000
24,-1,1791218179385,DEAL,REMOVE,9153,SELL_LIMIT,L,3,EXT,1.12097,0.00000
24,-1,1791218179428,DEAL,FILL,9154,BUY_LIMIT,L,4,ENT,1.11937,0.00000
24,-1,1791218757718,DEAL,FILL,9155,BUY_LIMIT,S,4,EXT,1.11891,0.00000
24,-1,1791218758152,CB_DONE,PLACE,9159,BUY_LIMIT,S,3,EXT,1.11821,0.00000
24,-1,1791218759439,ENGINE,REMOVE,9156,SELL_LIMIT,S,5,ENT,1.12051,0.00000
24,-1,1791218759664,ENGINE,PLACE,9160,SELL_LIMIT,S,4,ENT,1.11981,0.00000
24,-1,1791222077557,DEAL,PLACE,9161,BUY_LIMIT,S,4,EXT,1.11891,0.00000
24,-1,1791222078844,DEAL,PLACE,9162,SELL_LIMIT,S,5,ENT,1.12051,0.00000
24,-1,1791222080131,DEAL,REMOVE,9159,BUY_LIMIT,S,3,EXT,1.11821,0.00000
24,-1,1791222080174,DEAL,FILL,9160,SELL_LIMIT,S,4,ENT,1.11981,0.00000
24,-1,1791222440480,DEAL,FILL,9157,SELL_LIMIT,L,4,EXT,1.12022,0.00000
24,-1,1791222440914,CB_DONE,PLACE,9163,SELL_LIMIT,L,3,EXT,1.12097,0.00000
24,-1,1791222442201,ENGINE,REMOVE,9158,BUY_LIMIT,L,5,ENT,1.11862,0.00000
24,-1,1791222442428,ENGINE,PLACE,9164,BUY_LIMIT,L,4,ENT,1.11937,0.00000
24,-1,1791222733837,DEAL,PLACE,9165,BUY_LIMIT,S,5,EXT,1.11962,0.00000
24,-1,1791222735124,DEAL,PLACE,9166,SELL_LIMIT,S,6,ENT,1.12122,0.00000
24,-1,1791222736411,DEAL,REMOVE,9161,BUY_LIMIT,S,4,EXT,1.11891,0.00000
24,-1,1791222736454,DEAL,FILL,9162,SELL_LIMIT,S,5,ENT,1.12051,0.00000
24,-1,1791223236869,DEAL,FILL,9163,SELL_LIMIT,L,3,EXT,1.12097,0.00000
24,-1,1791223237301,CB_DONE,PLACE,9167,SELL_LIMIT,L,2,EXT,1.12167,0.00000
24,-1,1791223238588,ENGINE,REMOVE,9164,BUY_LIMIT,L,4,ENT,1.11937,0.00000
24,-1,1791223238813,ENGINE,PLACE,9168,BUY_LIMIT,L,3,ENT,1.12007,0.00000
24,-1,1791223498412,DEAL,PLACE,9169,BUY_LIMIT,S,6,EXT,1.12031,0.00000
24,-1,1791223499699,DEAL,PLACE,9170,SELL_LIMIT,S,7,ENT,1.12191,0.00000
24,-1,1791223500986,DEAL,REMOVE,9165,BUY_LIMIT,S,5,EXT,1.11962,0.00000
24,-1,1791223501029,DEAL,FILL,9166,SELL_LIMIT,S,6,ENT,1.12122,0.00000
24,-1,1791228320990,DEAL,FILL,9169,BUY_LIMIT,S,6,EXT,1.12031,0.00000
24,-1,1791228324446,CB_DONE,PLACE,9171,BUY_LIMIT,S,5,EXT,1.11962,0.00000
24,-1,1791228325733,ENGINE,REMOVE,9170,SELL_LIMIT,S,7,ENT,1.12191,0.00000
24,-1,1791228326158,ENGINE,PLACE,9172,SELL_LIMIT,S,6,ENT,1.12122,0.00000
24,-1,1791230703568,DEAL,PLACE,9173,SELL_LIMIT,L,3,EXT,1.12095,0.00000
24,-1,1791230704855,DEAL,PLACE,9174,BUY_LIMIT,L,4,ENT,1.11935,0.00000
24,-1,1791230706142,DEAL,REMOVE,9167,SELL_LIMIT,L,2,EXT,1.12167,0.00000
24,-1,1791230706185,DEAL,FILL,9168,BUY_LIMIT,L,3,ENT,1.12007,0.00000
24,-1,1791233855721,DEAL,FILL,9173,SELL_LIMIT,L,3,EXT,1.12095,0.00000
24,-1,1791233856360,CB_DONE,PLACE,9175,SELL_LIMIT,L,2,EXT,1.12167,0.00000
24,-1,1791233857647,ENGINE,REMOVE,9174,BUY_LIMIT,L,4,ENT,1.11935,0.00000
24,-1,1791233858089,ENGINE,PLACE,9176,BUY_LIMIT,L,3,ENT,1.12007,0.00000
24,-1,1791234021680,DEAL,PLACE,9177,BUY_LIMIT,S,6,EXT,1.12033,0.00000
24,-1,1791234022967,DEAL,PLACE,9178,SELL_LIMIT,S,7,ENT,1.12193,0.00000
24,-1,1791234024254,DEAL,REMOVE,9171,BUY_LIMIT,S,5,EXT,1.11962,0.00000
24,-1,1791234024297,DEAL,FILL,9172,SELL_LIMIT,S,6,ENT,1.12122,0.00000
24,-1,1791237903404,DEAL,FILL,9175,SELL_LIMIT,L,2,EXT,1.12167,0.00000
24,-1,1791237904042,CB_DONE,PLACE,9179,SELL_LIMIT,L,1,EXT,1.12245,0.00000
24,-1,1791237905329,ENGINE,REMOVE,9176,BUY_LIMIT,L,3,ENT,1.12007,0.00000
24,-1,1791237906588,ENGINE,PLACE,9180,BUY_LIMIT,L,2,ENT,1.12077,0.00000
24,-1,1791239150451,DEAL,PLACE,9181,BUY_LIMIT,S,7,EXT,1.12104,0.00000
24,-1,1791239151738,DEAL,REMOVE,9177,BUY_LIMIT,S,6,EXT,1.12033,0.00000
24,-1,1791239151781,DEAL,FILL,9178,SELL_LIMIT,S,7,ENT,1.12193,0.00000
24,-1,1791244200001,TIMER,MODIFY,9049,SELL_LIMIT,L,0,EXT,1.12323,1.12315
24,-1,1791244201289,TIMER,MODIFY,9179,SELL_LIMIT,L,1,EXT,1.12253,1.12245
24,-1,1791244202577,DEAL,FILL,9179,SELL_LIMIT,L,1,EXT,1.12253,0.00000
24,-1,1791244203156,ENGINE,REMOVE,9180,BUY_LIMIT,L,2,ENT,1.12077,0.00000
24,-1,1791244208965,ENGINE,PLACE,9182,BUY_LIMIT,L,1,ENT,1.12147,0.00000
24,-1,1791244260001,TIMER,MODIFY,9059,BUY_LIMIT,S,0,EXT,1.11599,1.11598
24,-1,1791244440001,TIMER,MODIFY,9181,BUY_LIMIT,S,7,EXT,1.12105,1.12104
25,-1,1791250681000,SEED,PLACE,1985644509,SELL_LIMIT,L,0,EXT,1.12323,0.00000
25,-1,1791250681000,SEED,PLACE,1988240489,BUY_LIMIT,L,1,ENT,1.12147,0.00000
25,-1,1791250681000,SEED,PLACE,1985694703,BUY_LIMIT,S,0,EXT,1.11599,0.00000
25,-1,1791250681000,SEED,PLACE,1988152487,BUY_LIMIT,S,7,EXT,1.12105,0.00000
26,-1,1791250964000,SEED,PLACE,1985644509,SELL_LIMIT,L,0,EXT,1.12323,0.00000
26,-1,1791250964000,SEED,PLACE,1988240489,BUY_LIMIT,L,1,ENT,1.12147,0.00000
26,-1,1791250964000,SEED,PLACE,1985694703,BUY_LIMIT,S,0,EXT,1.11599,0.00000
26,-1,1791250964000,SEED,PLACE,1988152487,BUY_LIMIT,S,7,EXT,1.12105,0.00000
26,-1,1791255840834,DEAL,PLACE,9000,SELL_LIMIT,L,1,EXT,1.12237,0.00000
26,-1,1791255842121,DEAL,PLACE,9001,BUY_LIMIT,L,2,ENT,1.12077,0.00000
26,-1,1791255843408,DEAL,FILL,1988240489,BUY_LIMIT,L,1,ENT,1.12147,0.00000
26,-1,1791259209647,DEAL,FILL,9000,SELL_LIMIT,L,1,EXT,1.12237,0.00000
26,-1,1791259212611,ENGINE,REMOVE,9001,BUY_LIMIT,L,2,ENT,1.12077,0.00000
26,-1,1791259216045,ENGINE,PLACE,9002,BUY_LIMIT,L,1,ENT,1.12147,0.00000
26,-1,1791259224075,LATTICE,MODIFY,1985694703,BUY_LIMIT,S,0,EXT,1.12175,1.11599
26,-1,1791259225363,LATTICE,PLACE,9003,BUY_LIMIT,S,1,EXT,1.11670,0.00000
26,-1,1791259226650,LATTICE,REMOVE,1988152487,BUY_LIMIT,S,7,EXT,1.12105,0.00000
26,-1,1791262509493,DEAL,FILL,1985694703,BUY_LIMIT,S,0,EXT,1.12175,0.00000
26,-1,1791262510733,CB_DONE,PLACE,9004,BUY_LIMIT,S,7,EXT,1.12105,0.00000
26,-1,1791262512020,ENGINE,PLACE,9005,SELL_LIMIT,S,8,ENT,1.12264,0.00000
26,-1,1791263686798,DEAL,PLACE,9006,SELL_LIMIT,L,1,EXT,1.12235,0.00000
26,-1,1791263688085,DEAL,PLACE,9007,BUY_LIMIT,L,2,ENT,1.12075,0.00000
26,-1,1791263689372,DEAL,FILL,9002,BUY_LIMIT,L,1,ENT,1.12147,0.00000
27,-1,1791267621138,SEED,PLACE,1985644509,SELL_LIMIT,L,0,EXT,1.12343,0.00000
27,-1,1791267621138,SEED,PLACE,1988692243,SELL_LIMIT,L,1,EXT,1.12255,0.00000
27,-1,1791267621138,SEED,PLACE,1988692255,BUY_LIMIT,L,2,ENT,1.12075,0.00000
27,-1,1791267621138,SEED,PLACE,1988537635,BUY_LIMIT,S,1,EXT,1.11650,0.00000
27,-1,1791267621138,SEED,PLACE,1988657869,BUY_LIMIT,S,7,EXT,1.12085,0.00000
27,-1,1791267621138,SEED,PLACE,1988657886,SELL_LIMIT,S,8,ENT,1.12264,0.00000
27,-1,1791277527895,DEAL,FILL,1988657869,BUY_LIMIT,S,7,EXT,1.12085,0.00000
27,-1,1791277528329,CB_DONE,PLACE,9000,BUY_LIMIT,S,6,EXT,1.12014,0.00000
27,-1,1791277529616,ENGINE,REMOVE,1988657886,SELL_LIMIT,S,8,ENT,1.12264,0.00000
27,-1,1791277533251,ENGINE,PLACE,9001,SELL_LIMIT,S,7,ENT,1.12193,0.00000
27,-1,1791277597115,DEAL,PLACE,9002,SELL_LIMIT,L,2,EXT,1.12179,0.00000
27,-1,1791277598402,DEAL,PLACE,9003,BUY_LIMIT,L,3,ENT,1.11999,0.00000
27,-1,1791277599689,DEAL,REMOVE,1988692243,SELL_LIMIT,L,1,EXT,1.12255,0.00000
27,-1,1791277599732,DEAL,FILL,1988692255,BUY_LIMIT,L,2,ENT,1.12075,0.00000
27,-1,1791281716249,DEAL,FILL,9002,SELL_LIMIT,L,2,EXT,1.12179,0.00000
27,-1,1791281717288,CB_DONE,PLACE,9004,SELL_LIMIT,L,1,EXT,1.12255,0.00000
27,-1,1791281718575,ENGINE,REMOVE,9003,BUY_LIMIT,L,3,ENT,1.11999,0.00000
27,-1,1791281718805,ENGINE,PLACE,9005,BUY_LIMIT,L,2,ENT,1.12075,0.00000
27,-1,1791281738412,DEAL,PLACE,9006,BUY_LIMIT,S,7,EXT,1.12087,0.00000
27,-1,1791281739699,DEAL,PLACE,9007,SELL_LIMIT,S,8,ENT,1.12267,0.00000
27,-1,1791281740986,DEAL,REMOVE,9000,BUY_LIMIT,S,6,EXT,1.12014,0.00000
27,-1,1791281741029,DEAL,FILL,9001,SELL_LIMIT,S,7,ENT,1.12193,0.00000
27,-1,1791283174835,DEAL,FILL,9004,SELL_LIMIT,L,1,EXT,1.12255,0.00000
27,-1,1791283176376,ENGINE,REMOVE,9005,BUY_LIMIT,L,2,ENT,1.12075,0.00000
27,-1,1791283176576,ENGINE,PLACE,9008,BUY_LIMIT,L,1,ENT,1.12147,0.00000
27,-1,1791283202547,DEAL,PLACE,9009,BUY_LIMIT,S,8,EXT,1.12158,0.00000
27,-1,1791283203834,DEAL,REMOVE,9006,BUY_LIMIT,S,7,EXT,1.12087,0.00000
27,-1,1791283203877,DEAL,FILL,9007,SELL_LIMIT,S,8,ENT,1.12267,0.00000
27,-1,1791284001644,LATTICE,MODIFY,1988537635,BUY_LIMIT,S,1,EXT,1.12229,1.11650
27,-1,1791284002932,LATTICE,PLACE,9010,BUY_LIMIT,S,2,EXT,1.11725,0.00000
27,-1,1791284004219,LATTICE,REMOVE,9009,BUY_LIMIT,S,8,EXT,1.12158,0.00000
27,-1,1791284004262,DEAL,FILL,1985644509,SELL_LIMIT,L,0,EXT,1.12343,0.00000
27,-1,1791284005085,ENGINE,PLACE,9011,BUY_LIMIT,L,0,ENT,1.12349,0.00000
27,-1,1791284006372,ENGINE,REMOVE,9008,BUY_LIMIT,L,1,ENT,1.12147,0.00000
27,-1,1791284101159,DEAL,PLACE,9012,SELL_LIMIT,L,0,EXT,1.12461,0.00000
27,-1,1791284102446,DEAL,PLACE,9013,BUY_LIMIT,L,1,ENT,1.12281,0.00000
27,-1,1791284103733,DEAL,FILL,9011,BUY_LIMIT,L,0,ENT,1.12349,0.00000
27,-1,1791284298852,LATTICE,MODIFY,9010,BUY_LIMIT,S,2,EXT,1.12299,1.11725
27,-1,1791284300140,LATTICE,PLACE,9014,BUY_LIMIT,S,3,EXT,1.11802,0.00000
27,-1,1791284301427,LATTICE,REMOVE,1988537635,BUY_LIMIT,S,1,EXT,1.12229,0.00000
27,-1,1791284872166,DEAL,FILL,9010,BUY_LIMIT,S,2,EXT,1.12299,0.00000
27,-1,1791284872579,CB_DONE,PLACE,9015,BUY_LIMIT,S,1,EXT,1.12229,0.00000
27,-1,1791284873866,ENGINE,PLACE,9016,SELL_LIMIT,S,9,ENT,1.12408,0.00000
27,-1,1791285375188,DEAL,PLACE,9017,SELL_LIMIT,L,1,EXT,1.12391,0.00000
27,-1,1791285376475,DEAL,PLACE,9018,BUY_LIMIT,L,2,ENT,1.12211,0.00000
27,-1,1791285377762,DEAL,FILL,9013,BUY_LIMIT,L,1,ENT,1.12281,0.00000
27,-1,1791286628245,DEAL,FILL,9017,SELL_LIMIT,L,1,EXT,1.12391,0.00000
27,-1,1791286628991,ENGINE,REMOVE,9018,BUY_LIMIT,L,2,ENT,1.12211,0.00000
27,-1,1791286629397,ENGINE,PLACE,9019,BUY_LIMIT,L,1,ENT,1.12281,0.00000
27,-1,1791286636887,DEAL,PLACE,9020,BUY_LIMIT,S,9,EXT,1.12299,0.00000
27,-1,1791286638174,DEAL,REMOVE,9015,BUY_LIMIT,S,1,EXT,1.12229,0.00000
27,-1,1791286638217,DEAL,FILL,9016,SELL_LIMIT,S,9,ENT,1.12408,0.00000
27,-1,1791286987918,DEAL,FILL,9012,SELL_LIMIT,L,0,EXT,1.12461,0.00000
27,-1,1791286989063,ENGINE,PLACE,9021,BUY_LIMIT,L,0,ENT,1.12444,0.00000
27,-1,1791286990350,ENGINE,REMOVE,9019,BUY_LIMIT,L,1,ENT,1.12281,0.00000
27,-1,1791287030794,DEAL,PLACE,9022,SELL_LIMIT,L,0,EXT,1.12552,0.00000
27,-1,1791287032081,DEAL,PLACE,9023,BUY_LIMIT,L,1,ENT,1.12372,0.00000
27,-1,1791287033368,DEAL,FILL,9021,BUY_LIMIT,L,0,ENT,1.12444,0.00000
27,-1,1791288819159,DEAL,PLACE,9024,SELL_LIMIT,L,1,EXT,1.12479,0.00000
27,-1,1791288820446,DEAL,PLACE,9025,BUY_LIMIT,L,2,ENT,1.12299,0.00000
27,-1,1791288821733,DEAL,FILL,9023,BUY_LIMIT,L,1,ENT,1.12372,0.00000
27,-1,1791291111619,LATTICE,MODIFY,9014,BUY_LIMIT,S,3,EXT,1.12370,1.11802
27,-1,1791291112907,LATTICE,PLACE,9026,BUY_LIMIT,S,4,EXT,1.11872,0.00000
27,-1,1791291114194,LATTICE,REMOVE,9020,BUY_LIMIT,S,9,EXT,1.12299,0.00000
27,-1,1791291114237,DEAL,FILL,9024,SELL_LIMIT,L,1,EXT,1.12479,0.00000
27,-1,1791291114632,ENGINE,REMOVE,9025,BUY_LIMIT,L,2,ENT,1.12299,0.00000
27,-1,1791291114833,ENGINE,PLACE,9027,BUY_LIMIT,L,1,ENT,1.12372,0.00000
27,-1,1791296302672,LATTICE,MODIFY,9026,BUY_LIMIT,S,4,EXT,1.12440,1.11872
27,-1,1791296303960,LATTICE,PLACE,9028,BUY_LIMIT,S,5,EXT,1.11943,0.00000
27,-1,1791296305247,LATTICE,REMOVE,9014,BUY_LIMIT,S,3,EXT,1.12370,0.00000
27,-1,1791296305290,DEAL,FILL,9022,SELL_LIMIT,L,0,EXT,1.12552,0.00000
27,-1,1791296305892,ENGINE,PLACE,9029,BUY_LIMIT,L,0,ENT,1.12529,0.00000
27,-1,1791296307179,ENGINE,REMOVE,9027,BUY_LIMIT,L,1,ENT,1.12372,0.00000
27,-1,1791296496245,ENGINE,MODIFY,9029,BUY_LIMIT,L,0,ENT,1.12554,1.12529
27,-1,1791296545335,ENGINE,MODIFY,9029,BUY_LIMIT,L,0,ENT,1.12577,1.12554
27,-1,1791296617616,DEAL,PLACE,9030,SELL_LIMIT,L,0,EXT,1.12687,0.00000
27,-1,1791296618903,DEAL,PLACE,9031,BUY_LIMIT,L,1,ENT,1.12507,0.00000
27,-1,1791296620190,DEAL,FILL,9029,BUY_LIMIT,L,0,ENT,1.12577,0.00000
27,-1,1791296736878,LATTICE,MODIFY,9028,BUY_LIMIT,S,5,EXT,1.12510,1.11943
27,-1,1791296738166,LATTICE,PLACE,9032,BUY_LIMIT,S,6,EXT,1.12014,0.00000
27,-1,1791296739453,LATTICE,REMOVE,9026,BUY_LIMIT,S,4,EXT,1.12440,0.00000
27,-1,1791297750266,DEAL,FILL,9030,SELL_LIMIT,L,0,EXT,1.12687,0.00000
27,-1,1791297750808,LATTICE,MODIFY,9032,BUY_LIMIT,S,6,EXT,1.12580,1.12014
27,-1,1791297752096,LATTICE,PLACE,9033,BUY_LIMIT,S,7,EXT,1.12087,0.00000
27,-1,1791297753383,LATTICE,REMOVE,9028,BUY_LIMIT,S,5,EXT,1.12510,0.00000
27,-1,1791297753426,ENGINE,PLACE,9034,BUY_LIMIT,L,0,ENT,1.12669,0.00000
27,-1,1791297754713,ENGINE,REMOVE,9031,BUY_LIMIT,L,1,ENT,1.12507,0.00000
27,-1,1791297915836,DEAL,PLACE,9035,SELL_LIMIT,L,0,EXT,1.12778,0.00000
27,-1,1791297917123,DEAL,PLACE,9036,BUY_LIMIT,L,1,ENT,1.12598,0.00000
27,-1,1791297918410,DEAL,FILL,9034,BUY_LIMIT,L,0,ENT,1.12669,0.00000
27,-1,1791299076701,LATTICE,MODIFY,9033,BUY_LIMIT,S,7,EXT,1.12649,1.12087
27,-1,1791299077989,LATTICE,PLACE,9037,BUY_LIMIT,S,8,EXT,1.12158,0.00000
27,-1,1791299079276,LATTICE,REMOVE,9032,BUY_LIMIT,S,6,EXT,1.12580,0.00000
27,-1,1791300473149,DEAL,FILL,9033,BUY_LIMIT,S,7,EXT,1.12649,0.00000
27,-1,1791300473970,CB_DONE,PLACE,9038,BUY_LIMIT,S,6,EXT,1.12580,0.00000
27,-1,1791300475257,ENGINE,PLACE,9039,SELL_LIMIT,S,10,ENT,1.12759,0.00000
27,-1,1791301616787,DEAL,PLACE,9040,SELL_LIMIT,L,1,EXT,1.12708,0.00000
27,-1,1791301618074,DEAL,PLACE,9041,BUY_LIMIT,L,2,ENT,1.12528,0.00000
27,-1,1791301619361,DEAL,FILL,9036,BUY_LIMIT,L,1,ENT,1.12598,0.00000
27,-1,1791301781287,DEAL,FILL,9038,BUY_LIMIT,S,6,EXT,1.12580,0.00000
27,-1,1791301781732,CB_DONE,PLACE,9042,BUY_LIMIT,S,5,EXT,1.12510,0.00000
27,-1,1791301783019,ENGINE,MODIFY,9039,SELL_LIMIT,S,10,ENT,1.12689,1.12759
27,-1,1791303980495,DEAL,PLACE,9043,SELL_LIMIT,L,2,EXT,1.12641,0.00000
27,-1,1791303981782,DEAL,PLACE,9044,BUY_LIMIT,L,3,ENT,1.12461,0.00000
27,-1,1791303983069,DEAL,REMOVE,9040,SELL_LIMIT,L,1,EXT,1.12708,0.00000
27,-1,1791303983112,DEAL,FILL,9041,BUY_LIMIT,L,2,ENT,1.12528,0.00000
27,-1,1791304715195,DEAL,FILL,9042,BUY_LIMIT,S,5,EXT,1.12510,0.00000
27,-1,1791304715638,CB_DONE,PLACE,9045,BUY_LIMIT,S,4,EXT,1.12440,0.00000
27,-1,1791304716925,ENGINE,MODIFY,9039,SELL_LIMIT,S,10,ENT,1.12619,1.12689
27,-1,1791308459950,DEAL,PLACE,9046,SELL_LIMIT,L,3,EXT,1.12571,0.00000
27,-1,1791308461237,DEAL,PLACE,9047,BUY_LIMIT,L,4,ENT,1.12391,0.00000
27,-1,1791308462524,DEAL,REMOVE,9043,SELL_LIMIT,L,2,EXT,1.12641,0.00000
27,-1,1791308462567,DEAL,FILL,9044,BUY_LIMIT,L,3,ENT,1.12461,0.00000
27,-1,1791309239015,DEAL,FILL,9046,SELL_LIMIT,L,3,EXT,1.12571,0.00000
27,-1,1791309239458,CB_DONE,PLACE,9048,SELL_LIMIT,L,2,EXT,1.12641,0.00000
27,-1,1791309240745,ENGINE,REMOVE,9047,BUY_LIMIT,L,4,ENT,1.12391,0.00000
27,-1,1791309240959,ENGINE,PLACE,9049,BUY_LIMIT,L,3,ENT,1.12461,0.00000
27,-1,1791310520656,DEAL,PLACE,9050,BUY_LIMIT,S,10,EXT,1.12510,0.00000
27,-1,1791310521943,DEAL,PLACE,9051,SELL_LIMIT,S,11,ENT,1.12690,0.00000
27,-1,1791310523230,DEAL,FILL,9039,SELL_LIMIT,S,10,ENT,1.12619,0.00000
27,-1,1791310523230,DEAL,REMOVE,9045,BUY_LIMIT,S,4,EXT,1.12440,0.00000
27,-1,1791310769425,DEAL,FILL,9048,SELL_LIMIT,L,2,EXT,1.12641,0.00000
27,-1,1791310769861,CB_DONE,PLACE,9052,SELL_LIMIT,L,1,EXT,1.12708,0.00000
27,-1,1791310771148,ENGINE,REMOVE,9049,BUY_LIMIT,L,3,ENT,1.12461,0.00000
27,-1,1791310775189,ENGINE,PLACE,9053,BUY_LIMIT,L,2,ENT,1.12528,0.00000
27,-1,1791311848090,DEAL,PLACE,9054,BUY_LIMIT,S,11,EXT,1.12580,0.00000
27,-1,1791311849377,DEAL,PLACE,9055,SELL_LIMIT,S,12,ENT,1.12760,0.00000
27,-1,1791311850664,DEAL,REMOVE,9050,BUY_LIMIT,S,10,EXT,1.12510,0.00000
27,-1,1791311850707,DEAL,FILL,9051,SELL_LIMIT,S,11,ENT,1.12690,0.00000
27,-1,1791313873521,DEAL,FILL,9054,BUY_LIMIT,S,11,EXT,1.12580,0.00000
27,-1,1791313874164,CB_DONE,PLACE,9056,BUY_LIMIT,S,10,EXT,1.12510,0.00000
27,-1,1791313875680,ENGINE,REMOVE,9055,SELL_LIMIT,S,12,ENT,1.12760,0.00000
27,-1,1791313876492,ENGINE,PLACE,9057,SELL_LIMIT,S,11,ENT,1.12690,0.00000
27,-1,1791330621138,TIMER,MODIFY,9035,SELL_LIMIT,L,0,EXT,1.12802,1.12778
27,-1,1791330622426,TIMER,MODIFY,9052,SELL_LIMIT,L,1,EXT,1.12732,1.12708
27,-1,1791330741138,TIMER,MODIFY,9037,BUY_LIMIT,S,8,EXT,1.12162,1.12158
27,-1,1791330801138,TIMER,MODIFY,9056,BUY_LIMIT,S,10,EXT,1.12514,1.12510
27,-1,1791331201154,ENGINE,MODIFY,9053,BUY_LIMIT,L,2,ENT,1.12495,1.12528
27,-1,1791331203139,ENGINE,MODIFY,9053,BUY_LIMIT,L,2,ENT,1.12528,1.12495
27,-1,1791341073242,DEAL,PLACE,9058,SELL_LIMIT,L,2,EXT,1.12638,0.00000
27,-1,1791341074529,DEAL,PLACE,9059,BUY_LIMIT,L,3,ENT,1.12458,0.00000
27,-1,1791341075816,DEAL,REMOVE,9052,SELL_LIMIT,L,1,EXT,1.12732,0.00000
27,-1,1791341075859,DEAL,FILL,9053,BUY_LIMIT,L,2,ENT,1.12528,0.00000
27,-1,1791342014933,DEAL,FILL,9056,BUY_LIMIT,S,10,EXT,1.12514,0.00000
27,-1,1791342015565,CB_DONE,PLACE,9060,BUY_LIMIT,S,4,EXT,1.12444,0.00000
27,-1,1791342017485,ENGINE,REMOVE,9057,SELL_LIMIT,S,11,ENT,1.12690,0.00000
27,-1,1791342017685,ENGINE,PLACE,9061,SELL_LIMIT,S,10,ENT,1.12619,0.00000
27,-1,1791346051035,DEAL,PLACE,9062,SELL_LIMIT,L,3,EXT,1.12568,0.00000
27,-1,1791346052322,DEAL,PLACE,9063,BUY_LIMIT,L,4,ENT,1.12388,0.00000
27,-1,1791346053609,DEAL,REMOVE,9058,SELL_LIMIT,L,2,EXT,1.12638,0.00000
27,-1,1791346053652,DEAL,FILL,9059,BUY_LIMIT,L,3,ENT,1.12458,0.00000
27,-1,1791346860740,DEAL,FILL,9060,BUY_LIMIT,S,4,EXT,1.12444,0.00000
27,-1,1791346871026,CB_DONE,PLACE,9064,BUY_LIMIT,S,3,EXT,1.12374,0.00000
27,-1,1791346872313,ENGINE,MODIFY,9061,SELL_LIMIT,S,10,ENT,1.12549,1.12619
28,-1,1791349058001,SEED,PLACE,1990054431,SELL_LIMIT,L,0,EXT,1.12806,0.00000
28,-1,1791349058001,SEED,PLACE,1991683424,SELL_LIMIT,L,4,EXT,1.12501,0.00000
28,-1,1791349058001,SEED,PLACE,1991683429,BUY_LIMIT,L,5,ENT,1.12321,0.00000
28,-1,1791349058001,SEED,PLACE,1991611093,BUY_LIMIT,S,3,EXT,1.12374,0.00000
28,-1,1791349058001,SEED,PLACE,1990106683,BUY_LIMIT,S,8,EXT,1.12162,0.00000
28,-1,1791349058001,SEED,PLACE,1991454511,SELL_LIMIT,S,10,ENT,1.12549,0.00000
29,-1,1791349296000,SEED,PLACE,1990054431,SELL_LIMIT,L,0,EXT,1.12806,0.00000
29,-1,1791349296000,SEED,PLACE,1991683424,SELL_LIMIT,L,4,EXT,1.12501,0.00000
29,-1,1791349296000,SEED,PLACE,1991683429,BUY_LIMIT,L,5,ENT,1.12321,0.00000
29,-1,1791349296000,SEED,PLACE,1991611093,BUY_LIMIT,S,3,EXT,1.12374,0.00000
29,-1,1791349296000,SEED,PLACE,1990106683,BUY_LIMIT,S,8,EXT,1.12162,0.00000
29,-1,1791349296000,SEED,PLACE,1991454511,SELL_LIMIT,S,10,ENT,1.12549,0.00000
29,-1,1791349411648,DEAL,FILL,1991611093,BUY_LIMIT,S,3,EXT,1.12374,0.00000
29,-1,1791349412087,CB_DONE,PLACE,9000,BUY_LIMIT,S,9,EXT,1.12303,0.00000
29,-1,1791349413374,ENGINE,MODIFY,1991454511,SELL_LIMIT,S,10,ENT,1.12479,1.12549
29,-1,1791357875916,DEAL,PLACE,9001,SELL_LIMIT,L,5,EXT,1.12429,0.00000
29,-1,1791357877203,DEAL,PLACE,9002,BUY_LIMIT,L,6,ENT,1.12249,0.00000
29,-1,1791357878490,DEAL,REMOVE,1991683424,SELL_LIMIT,L,4,EXT,1.12501,0.00000
29,-1,1791357878533,DEAL,FILL,1991683429,BUY_LIMIT,L,5,ENT,1.12321,0.00000
29,-1,1791358037244,DEAL,FILL,9000,BUY_LIMIT,S,9,EXT,1.12303,0.00000
29,-1,1791358041087,CB_DONE,PLACE,9003,BUY_LIMIT,S,1,EXT,1.12233,0.00000
29,-1,1791358042374,ENGINE,REMOVE,1991454511,SELL_LIMIT,S,10,ENT,1.12479,0.00000
29,-1,1791358042615,ENGINE,PLACE,9004,SELL_LIMIT,S,9,ENT,1.12408,0.00000
29,-1,1791363736687,DEAL,PLACE,9005,SELL_LIMIT,L,6,EXT,1.12360,0.00000
29,-1,1791363737974,DEAL,PLACE,9006,BUY_LIMIT,L,7,ENT,1.12180,0.00000
29,-1,1791363739261,DEAL,REMOVE,9001,SELL_LIMIT,L,5,EXT,1.12429,0.00000
29,-1,1791363739304,DEAL,FILL,9002,BUY_LIMIT,L,6,ENT,1.12249,0.00000
29,-1,1791364740442,DEAL,FILL,9003,BUY_LIMIT,S,1,EXT,1.12233,0.00000
29,-1,1791364741991,ENGINE,MODIFY,9004,SELL_LIMIT,S,9,ENT,1.12338,1.12408
29,-1,1791368195661,DEAL,PLACE,9007,SELL_LIMIT,L,7,EXT,1.12288,0.00000
29,-1,1791368196948,DEAL,REMOVE,9005,SELL_LIMIT,L,6,EXT,1.12360,0.00000
29,-1,1791368196991,DEAL,FILL,9006,BUY_LIMIT,L,7,ENT,1.12180,0.00000
29,-1,1791368229851,DEAL,FILL,1990106683,BUY_LIMIT,S,8,EXT,1.12162,0.00000
29,-1,1791368232002,ENGINE,PLACE,9008,SELL_LIMIT,S,0,ENT,1.12177,0.00000
29,-1,1791368233289,ENGINE,REMOVE,9004,SELL_LIMIT,S,9,ENT,1.12338,0.00000
29,-1,1791368502083,ENGINE,MODIFY,9008,SELL_LIMIT,S,0,ENT,1.12157,1.12177
29,-1,1791368659056,DEAL,PLACE,9009,BUY_LIMIT,S,0,EXT,1.12050,0.00000
29,-1,1791368660343,DEAL,PLACE,9010,SELL_LIMIT,S,1,ENT,1.12230,0.00000
29,-1,1791368661630,DEAL,FILL,9008,SELL_LIMIT,S,0,ENT,1.12157,0.00000
29,-1,1791369620626,DEAL,FILL,9009,BUY_LIMIT,S,0,EXT,1.12050,0.00000
29,-1,1791369622157,LATTICE,MODIFY,1990054431,SELL_LIMIT,L,0,EXT,1.12242,1.12806
29,-1,1791369623445,LATTICE,PLACE,9011,SELL_LIMIT,L,1,EXT,1.12735,0.00000
29,-1,1791369624732,LATTICE,REMOVE,9007,SELL_LIMIT,L,7,EXT,1.12288,0.00000
29,-1,1791369624775,ENGINE,PLACE,9012,SELL_LIMIT,S,0,ENT,1.12067,0.00000
29,-1,1791369626062,ENGINE,REMOVE,9010,SELL_LIMIT,S,1,ENT,1.12230,0.00000
29,-1,1791369736529,DEAL,PLACE,9013,BUY_LIMIT,S,0,EXT,1.11958,0.00000
29,-1,1791369737816,DEAL,PLACE,9014,SELL_LIMIT,S,1,ENT,1.12138,0.00000
29,-1,1791369739103,DEAL,FILL,9012,SELL_LIMIT,S,0,ENT,1.12067,0.00000
29,-1,1791370392374,DEAL,FILL,9013,BUY_LIMIT,S,0,EXT,1.11958,0.00000
29,-1,1791370393118,LATTICE,PLACE,9015,SELL_LIMIT,L,2,EXT,1.12078,0.00000
29,-1,1791370394405,LATTICE,PLACE,9016,SELL_LIMIT,L,3,EXT,1.12570,0.00000
29,-1,1791370395692,LATTICE,REMOVE,1990054431,SELL_LIMIT,L,0,EXT,1.12242,0.00000
29,-1,1791370395735,LATTICE,REMOVE,9011,SELL_LIMIT,L,1,EXT,1.12735,0.00000
29,-1,1791370395778,ENGINE,PLACE,9017,SELL_LIMIT,S,0,ENT,1.11968,0.00000
29,-1,1791370397065,ENGINE,REMOVE,9014,SELL_LIMIT,S,1,ENT,1.12138,0.00000
29,-1,1791370406806,ENGINE,MODIFY,9017,SELL_LIMIT,S,0,ENT,1.11943,1.11968
29,-1,1791370456517,ENGINE,MODIFY,9017,SELL_LIMIT,S,0,ENT,1.11921,1.11943
29,-1,1791370458132,LATTICE,MODIFY,9016,SELL_LIMIT,L,3,EXT,1.12008,1.12570
29,-1,1791370459420,LATTICE,PLACE,9018,SELL_LIMIT,L,4,EXT,1.12501,0.00000
29,-1,1791370460707,LATTICE,REMOVE,9015,SELL_LIMIT,L,2,EXT,1.12078,0.00000
29,-1,1791370465634,DEAL,PLACE,9019,BUY_LIMIT,S,0,EXT,1.11809,0.00000
29,-1,1791370466921,DEAL,PLACE,9020,SELL_LIMIT,S,1,ENT,1.11989,0.00000
29,-1,1791370468208,DEAL,FILL,9017,SELL_LIMIT,S,0,ENT,1.11921,0.00000
29,-1,1791371841794,DEAL,FILL,9019,BUY_LIMIT,S,0,EXT,1.11809,0.00000
29,-1,1791371842325,LATTICE,MODIFY,9018,SELL_LIMIT,L,4,EXT,1.11938,1.12501
29,-1,1791371843613,LATTICE,PLACE,9021,SELL_LIMIT,L,5,EXT,1.12429,0.00000
29,-1,1791371844900,LATTICE,REMOVE,9016,SELL_LIMIT,L,3,EXT,1.12008,0.00000
29,-1,1791371844943,ENGINE,PLACE,9022,SELL_LIMIT,S,0,ENT,1.11826,0.00000
29,-1,1791371846230,ENGINE,REMOVE,9020,SELL_LIMIT,S,1,ENT,1.11989,0.00000
29,-1,1791371860663,DEAL,PLACE,9023,BUY_LIMIT,S,0,EXT,1.11716,0.00000
29,-1,1791371861950,DEAL,PLACE,9024,SELL_LIMIT,S,1,ENT,1.11896,0.00000
29,-1,1791371863237,DEAL,FILL,9022,SELL_LIMIT,S,0,ENT,1.11826,0.00000
29,-1,1791371960597,DEAL,PLACE,9025,BUY_LIMIT,S,1,EXT,1.11785,0.00000
29,-1,1791371961884,DEAL,PLACE,9026,SELL_LIMIT,S,2,ENT,1.11965,0.00000
29,-1,1791371963171,DEAL,FILL,9024,SELL_LIMIT,S,1,ENT,1.11896,0.00000
29,-1,1791372123682,DEAL,FILL,9018,SELL_LIMIT,L,4,EXT,1.11938,0.00000
29,-1,1791372125919,CB_DONE,PLACE,9027,SELL_LIMIT,L,3,EXT,1.12008,0.00000
29,-1,1791372127206,ENGINE,PLACE,9028,BUY_LIMIT,L,8,ENT,1.11828,0.00000
29,-1,1791372196453,DEAL,PLACE,9029,BUY_LIMIT,S,2,EXT,1.11855,0.00000
29,-1,1791372197740,DEAL,PLACE,9030,SELL_LIMIT,S,3,ENT,1.12035,0.00000
29,-1,1791372199027,DEAL,REMOVE,9025,BUY_LIMIT,S,1,EXT,1.11785,0.00000
29,-1,1791372199070,DEAL,FILL,9026,SELL_LIMIT,S,2,ENT,1.11965,0.00000
29,-1,1791374149358,DEAL,FILL,9027,SELL_LIMIT,L,3,EXT,1.12008,0.00000
29,-1,1791374149995,CB_DONE,PLACE,9031,SELL_LIMIT,L,2,EXT,1.12078,0.00000
29,-1,1791374151282,ENGINE,MODIFY,9028,BUY_LIMIT,L,8,ENT,1.11898,1.11828
29,-1,1791374552979,DEAL,PLACE,9032,BUY_LIMIT,S,3,EXT,1.11924,0.00000
29,-1,1791374554266,DEAL,PLACE,9033,SELL_LIMIT,S,4,ENT,1.12104,0.00000
29,-1,1791374555553,DEAL,REMOVE,9029,BUY_LIMIT,S,2,EXT,1.11855,0.00000
29,-1,1791374555596,DEAL,FILL,9030,SELL_LIMIT,S,3,ENT,1.12035,0.00000
29,-1,1791375511341,DEAL,FILL,9032,BUY_LIMIT,S,3,EXT,1.11924,0.00000
29,-1,1791375512174,CB_DONE,PLACE,9034,BUY_LIMIT,S,2,EXT,1.11855,0.00000
29,-1,1791375513461,ENGINE,REMOVE,9033,SELL_LIMIT,S,4,ENT,1.12104,0.00000
29,-1,1791375513694,ENGINE,PLACE,9035,SELL_LIMIT,S,3,ENT,1.12035,0.00000
29,-1,1791376227970,DEAL,PLACE,9036,SELL_LIMIT,L,8,EXT,1.12008,0.00000
29,-1,1791376229257,DEAL,PLACE,9037,BUY_LIMIT,L,9,ENT,1.11828,0.00000
29,-1,1791376230544,DEAL,FILL,9028,BUY_LIMIT,L,8,ENT,1.11898,0.00000
29,-1,1791376230544,DEAL,REMOVE,9031,SELL_LIMIT,L,2,EXT,1.12078,0.00000
29,-1,1791383253309,DEAL,FILL,9034,BUY_LIMIT,S,2,EXT,1.11855,0.00000
29,-1,1791383253744,CB_DONE,PLACE,9038,BUY_LIMIT,S,1,EXT,1.11785,0.00000
29,-1,1791383255031,ENGINE,REMOVE,9035,SELL_LIMIT,S,3,ENT,1.12035,0.00000
29,-1,1791383255261,ENGINE,PLACE,9039,SELL_LIMIT,S,2,ENT,1.11965,0.00000
29,-1,1791383300737,DEAL,PLACE,9040,SELL_LIMIT,L,9,EXT,1.11938,0.00000
29,-1,1791383302024,DEAL,REMOVE,9036,SELL_LIMIT,L,8,EXT,1.12008,0.00000
29,-1,1791383302067,DEAL,FILL,9037,BUY_LIMIT,L,9,ENT,1.11828,0.00000
29,-1,1791384019517,DEAL,FILL,9038,BUY_LIMIT,S,1,EXT,1.11785,0.00000
29,-1,1791384020866,ENGINE,REMOVE,9039,SELL_LIMIT,S,2,ENT,1.11965,0.00000
29,-1,1791384022676,ENGINE,PLACE,9041,SELL_LIMIT,S,1,ENT,1.11896,0.00000
29,-1,1791386385306,DEAL,FILL,9023,BUY_LIMIT,S,0,EXT,1.11716,0.00000
29,-1,1791386386255,LATTICE,MODIFY,9021,SELL_LIMIT,L,5,EXT,1.11868,1.12429
29,-1,1791386387543,LATTICE,PLACE,9042,SELL_LIMIT,L,6,EXT,1.12360,0.00000
29,-1,1791386388830,LATTICE,REMOVE,9040,SELL_LIMIT,L,9,EXT,1.11938,0.00000
29,-1,1791386388873,ENGINE,PLACE,9043,SELL_LIMIT,S,0,ENT,1.11737,0.00000
29,-1,1791386390160,ENGINE,REMOVE,9041,SELL_LIMIT,S,1,ENT,1.11896,0.00000
29,-1,1791386594085,ENGINE,MODIFY,9043,SELL_LIMIT,S,0,ENT,1.11717,1.11737
29,-1,1791386596694,LATTICE,MODIFY,9042,SELL_LIMIT,L,6,EXT,1.11798,1.12360
29,-1,1791386597982,LATTICE,PLACE,9044,SELL_LIMIT,L,7,EXT,1.12288,0.00000
29,-1,1791386599269,LATTICE,REMOVE,9021,SELL_LIMIT,L,5,EXT,1.11868,0.00000
29,-1,1791386599312,ENGINE,MODIFY,9043,SELL_LIMIT,S,0,ENT,1.11695,1.11717
29,-1,1791386691565,ENGINE,MODIFY,9043,SELL_LIMIT,S,0,ENT,1.11673,1.11695
29,-1,1791386704483,DEAL,PLACE,9045,BUY_LIMIT,S,0,EXT,1.11564,0.00000
29,-1,1791386705770,DEAL,PLACE,9046,SELL_LIMIT,S,1,ENT,1.11744,0.00000
29,-1,1791386707057,DEAL,FILL,9043,SELL_LIMIT,S,0,ENT,1.11673,0.00000
29,-1,1791387363552,DEAL,PLACE,9047,BUY_LIMIT,S,1,EXT,1.11634,0.00000
29,-1,1791387364839,DEAL,PLACE,9048,SELL_LIMIT,S,2,ENT,1.11814,0.00000
29,-1,1791387366126,DEAL,FILL,9046,SELL_LIMIT,S,1,ENT,1.11744,0.00000
29,-1,1791388904001,DEAL,FILL,9042,SELL_LIMIT,L,6,EXT,1.11798,0.00000
29,-1,1791388905251,CB_DONE,PLACE,9049,SELL_LIMIT,L,5,EXT,1.11868,0.00000
29,-1,1791388910169,ENGINE,PLACE,9050,BUY_LIMIT,L,10,ENT,1.11688,0.00000
29,-1,1791389666560,DEAL,PLACE,9051,BUY_LIMIT,S,2,EXT,1.11704,0.00000
29,-1,1791389667847,DEAL,PLACE,9052,SELL_LIMIT,S,3,ENT,1.11884,0.00000
29,-1,1791389669134,DEAL,REMOVE,9047,BUY_LIMIT,S,1,EXT,1.11634,0.00000
29,-1,1791389669177,DEAL,FILL,9048,SELL_LIMIT,S,2,ENT,1.11814,0.00000
29,-1,1791392397551,DEAL,FILL,9049,SELL_LIMIT,L,5,EXT,1.11868,0.00000
29,-1,1791392398393,CB_DONE,PLACE,9053,SELL_LIMIT,L,9,EXT,1.11938,0.00000
29,-1,1791392399680,ENGINE,MODIFY,9050,BUY_LIMIT,L,10,ENT,1.11758,1.11688
29,-1,1791392466633,DEAL,PLACE,9054,BUY_LIMIT,S,3,EXT,1.11774,0.00000
29,-1,1791392467920,DEAL,PLACE,9055,SELL_LIMIT,S,4,ENT,1.11954,0.00000
29,-1,1791392469207,DEAL,REMOVE,9051,BUY_LIMIT,S,2,EXT,1.11704,0.00000
29,-1,1791392469250,DEAL,FILL,9052,SELL_LIMIT,S,3,ENT,1.11884,0.00000
29,-1,1791393247315,DEAL,FILL,9054,BUY_LIMIT,S,3,EXT,1.11774,0.00000
29,-1,1791393248350,CB_DONE,PLACE,9056,BUY_LIMIT,S,2,EXT,1.11704,0.00000
29,-1,1791393249637,ENGINE,REMOVE,9055,SELL_LIMIT,S,4,ENT,1.11954,0.00000
29,-1,1791393250266,ENGINE,PLACE,9057,SELL_LIMIT,S,3,ENT,1.11884,0.00000
29,-1,1791394391173,DEAL,PLACE,9058,BUY_LIMIT,S,3,EXT,1.11774,0.00000
29,-1,1791394392460,DEAL,PLACE,9059,SELL_LIMIT,S,4,ENT,1.11954,0.00000
29,-1,1791394393747,DEAL,REMOVE,9056,BUY_LIMIT,S,2,EXT,1.11704,0.00000
29,-1,1791394393790,DEAL,FILL,9057,SELL_LIMIT,S,3,ENT,1.11884,0.00000
29,-1,1791395854579,DEAL,FILL,9053,SELL_LIMIT,L,9,EXT,1.11938,0.00000
29,-1,1791395855411,CB_DONE,PLACE,9060,SELL_LIMIT,L,8,EXT,1.12008,0.00000
29,-1,1791395856698,ENGINE,REMOVE,9050,BUY_LIMIT,L,10,ENT,1.11758,0.00000
29,-1,1791395857525,ENGINE,PLACE,9061,BUY_LIMIT,L,9,ENT,1.11828,0.00000
29,-1,1791396100727,DEAL,PLACE,9062,BUY_LIMIT,S,4,EXT,1.11844,0.00000
29,-1,1791396102014,DEAL,PLACE,9063,SELL_LIMIT,S,5,ENT,1.12024,0.00000
29,-1,1791396103301,DEAL,REMOVE,9058,BUY_LIMIT,S,3,EXT,1.11774,0.00000
29,-1,1791396103344,DEAL,FILL,9059,SELL_LIMIT,S,4,ENT,1.11954,0.00000
29,-1,1791396824287,DEAL,FILL,9060,SELL_LIMIT,L,8,EXT,1.12008,0.00000
29,-1,1791396824926,CB_DONE,PLACE,9064,SELL_LIMIT,L,2,EXT,1.12078,0.00000
29,-1,1791396826213,ENGINE,REMOVE,9061,BUY_LIMIT,L,9,ENT,1.11828,0.00000
29,-1,1791396826430,ENGINE,PLACE,9065,BUY_LIMIT,L,8,ENT,1.11898,0.00000
29,-1,1791396827717,DEAL,PLACE,9066,BUY_LIMIT,S,5,EXT,1.11913,0.00000
29,-1,1791396829004,DEAL,REMOVE,9062,BUY_LIMIT,S,4,EXT,1.11844,0.00000
29,-1,1791396829047,DEAL,FILL,9063,SELL_LIMIT,S,5,ENT,1.12024,0.00000
29,-1,1791396829047,ENGINE,PLACE,9067,SELL_LIMIT,S,6,ENT,1.12093,0.00000
29,-1,1791397064649,DEAL,FILL,9066,BUY_LIMIT,S,5,EXT,1.11913,0.00000
29,-1,1791397065093,CB_DONE,PLACE,9068,BUY_LIMIT,S,4,EXT,1.11844,0.00000
29,-1,1791397066380,ENGINE,REMOVE,9067,SELL_LIMIT,S,6,ENT,1.12093,0.00000
29,-1,1791397066600,ENGINE,PLACE,9069,SELL_LIMIT,S,5,ENT,1.12024,0.00000
29,-1,1791397081722,DEAL,PLACE,9070,SELL_LIMIT,L,8,EXT,1.12010,0.00000
29,-1,1791397083009,DEAL,PLACE,9071,BUY_LIMIT,L,9,ENT,1.11830,0.00000
29,-1,1791397084296,DEAL,REMOVE,9064,SELL_LIMIT,L,2,EXT,1.12078,0.00000
29,-1,1791397084339,DEAL,FILL,9065,BUY_LIMIT,L,8,ENT,1.11898,0.00000
29,-1,1791398971110,DEAL,FILL,9068,BUY_LIMIT,S,4,EXT,1.11844,0.00000
29,-1,1791398975375,CB_DONE,PLACE,9072,BUY_LIMIT,S,3,EXT,1.11774,0.00000
29,-1,1791398976662,ENGINE,REMOVE,9069,SELL_LIMIT,S,5,ENT,1.12024,0.00000
29,-1,1791398978298,ENGINE,PLACE,9073,SELL_LIMIT,S,4,ENT,1.11954,0.00000
29,-1,1791398996638,DEAL,PLACE,9074,SELL_LIMIT,L,9,EXT,1.11939,0.00000
29,-1,1791398997925,DEAL,PLACE,9075,BUY_LIMIT,L,10,ENT,1.11759,0.00000
29,-1,1791398999212,DEAL,REMOVE,9070,SELL_LIMIT,L,8,EXT,1.12010,0.00000
29,-1,1791398999255,DEAL,FILL,9071,BUY_LIMIT,L,9,ENT,1.11830,0.00000
29,-1,1791400066424,DEAL,FILL,9074,SELL_LIMIT,L,9,EXT,1.11939,0.00000
29,-1,1791400067059,CB_DONE,PLACE,9076,SELL_LIMIT,L,8,EXT,1.12010,0.00000
29,-1,1791400068346,ENGINE,REMOVE,9075,BUY_LIMIT,L,10,ENT,1.11759,0.00000
29,-1,1791400068767,ENGINE,PLACE,9077,BUY_LIMIT,L,9,ENT,1.11830,0.00000
29,-1,1791400644989,DEAL,PLACE,9078,BUY_LIMIT,S,4,EXT,1.11846,0.00000
29,-1,1791400646276,DEAL,PLACE,9079,SELL_LIMIT,S,5,ENT,1.12026,0.00000
29,-1,1791400647563,DEAL,REMOVE,9072,BUY_LIMIT,S,3,EXT,1.11774,0.00000
29,-1,1791400647606,DEAL,FILL,9073,SELL_LIMIT,S,4,ENT,1.11954,0.00000
29,-1,1791406805308,DEAL,FILL,9076,SELL_LIMIT,L,8,EXT,1.12010,0.00000
29,-1,1791406806149,CB_DONE,PLACE,9080,SELL_LIMIT,L,2,EXT,1.12078,0.00000
29,-1,1791406807436,ENGINE,REMOVE,9077,BUY_LIMIT,L,9,ENT,1.11830,0.00000
29,-1,1791406808062,ENGINE,PLACE,9081,BUY_LIMIT,L,8,ENT,1.11898,0.00000
29,-1,1791407133748,DEAL,PLACE,9082,BUY_LIMIT,S,5,EXT,1.11916,0.00000
29,-1,1791407135035,DEAL,PLACE,9083,SELL_LIMIT,S,6,ENT,1.12096,0.00000
29,-1,1791407136322,DEAL,REMOVE,9078,BUY_LIMIT,S,4,EXT,1.11846,0.00000
29,-1,1791407136365,DEAL,FILL,9079,SELL_LIMIT,S,5,ENT,1.12026,0.00000
29,-1,1791417096000,TIMER,MODIFY,9044,SELL_LIMIT,L,7,EXT,1.12296,1.12288
29,-1,1791417097288,TIMER,MODIFY,9080,SELL_LIMIT,L,2,EXT,1.12086,1.12078
29,-1,1791417156000,TIMER,MODIFY,9045,BUY_LIMIT,S,0,EXT,1.11565,1.11564
29,-1,1791417276000,TIMER,MODIFY,9082,BUY_LIMIT,S,5,EXT,1.11917,1.11916
29,-1,1791435510877,DEAL,FILL,9080,SELL_LIMIT,L,2,EXT,1.12086,0.00000
29,-1,1791435511919,CB_DONE,PLACE,9084,SELL_LIMIT,L,1,EXT,1.12164,0.00000
29,-1,1791435514827,ENGINE,MODIFY,9081,BUY_LIMIT,L,8,ENT,1.11968,1.11898
29,-1,1791435989800,DEAL,PLACE,9085,BUY_LIMIT,S,6,EXT,1.11986,0.00000
29,-1,1791435991087,DEAL,PLACE,9086,SELL_LIMIT,S,7,ENT,1.12166,0.00000
29,-1,1791435992374,DEAL,REMOVE,9082,BUY_LIMIT,S,5,EXT,1.11917,0.00000
29,-1,1791435992417,DEAL,FILL,9083,SELL_LIMIT,S,6,ENT,1.12096,0.00000
29,-1,1791440080479,DEAL,FILL,9085,BUY_LIMIT,S,6,EXT,1.11986,0.00000
29,-1,1791440083928,CB_DONE,PLACE,9087,BUY_LIMIT,S,5,EXT,1.11917,0.00000
29,-1,1791440085215,ENGINE,REMOVE,9086,SELL_LIMIT,S,7,ENT,1.12166,0.00000
29,-1,1791440086852,ENGINE,PLACE,9088,SELL_LIMIT,S,6,ENT,1.12096,0.00000
29,-1,1791449489550,DEAL,PLACE,9089,SELL_LIMIT,L,8,EXT,1.12074,0.00000
29,-1,1791449490837,DEAL,PLACE,9090,BUY_LIMIT,L,9,ENT,1.11894,0.00000
29,-1,1791449492124,DEAL,FILL,9081,BUY_LIMIT,L,8,ENT,1.11968,0.00000
29,-1,1791449492124,DEAL,REMOVE,9084,SELL_LIMIT,L,1,EXT,1.12164,0.00000
29,-1,1791450146455,DEAL,FILL,9087,BUY_LIMIT,S,5,EXT,1.11917,0.00000
29,-1,1791450147092,CB_DONE,PLACE,9091,BUY_LIMIT,S,4,EXT,1.11847,0.00000
29,-1,1791450148379,ENGINE,REMOVE,9088,SELL_LIMIT,S,6,ENT,1.12096,0.00000
29,-1,1791450150609,ENGINE,PLACE,9092,SELL_LIMIT,S,5,ENT,1.12026,0.00000
29,-1,1791451442947,DEAL,PLACE,9093,BUY_LIMIT,S,5,EXT,1.11919,0.00000
29,-1,1791451444234,DEAL,PLACE,9094,SELL_LIMIT,S,6,ENT,1.12099,0.00000
29,-1,1791451445521,DEAL,REMOVE,9091,BUY_LIMIT,S,4,EXT,1.11847,0.00000
29,-1,1791451445564,DEAL,FILL,9092,SELL_LIMIT,S,5,ENT,1.12026,0.00000
29,-1,1791453585670,DEAL,FILL,9093,BUY_LIMIT,S,5,EXT,1.11919,0.00000
29,-1,1791453586507,CB_DONE,PLACE,9095,BUY_LIMIT,S,4,EXT,1.11847,0.00000
29,-1,1791453587821,ENGINE,REMOVE,9094,SELL_LIMIT,S,6,ENT,1.12099,0.00000
29,-1,1791453590490,ENGINE,PLACE,9096,SELL_LIMIT,S,5,ENT,1.12026,0.00000
29,-1,1791453623061,DEAL,PLACE,9097,SELL_LIMIT,L,9,EXT,1.12001,0.00000
29,-1,1791453624348,DEAL,PLACE,9098,BUY_LIMIT,L,10,ENT,1.11821,0.00000
29,-1,1791453625635,DEAL,REMOVE,9089,SELL_LIMIT,L,8,EXT,1.12074,0.00000
29,-1,1791453625678,DEAL,FILL,9090,BUY_LIMIT,L,9,ENT,1.11894,0.00000
29,-1,1791453723568,DEAL,FILL,9095,BUY_LIMIT,S,4,EXT,1.11847,0.00000
29,-1,1791453728816,CB_DONE,PLACE,9099,BUY_LIMIT,S,3,EXT,1.11775,0.00000
29,-1,1791453730103,ENGINE,REMOVE,9096,SELL_LIMIT,S,5,ENT,1.12026,0.00000
29,-1,1791453730534,ENGINE,PLACE,9100,SELL_LIMIT,S,4,ENT,1.11954,0.00000
29,-1,1791454005195,DEAL,PLACE,9101,SELL_LIMIT,L,10,EXT,1.11932,0.00000
29,-1,1791454006482,DEAL,PLACE,9102,BUY_LIMIT,L,11,ENT,1.11752,0.00000
29,-1,1791454007769,DEAL,REMOVE,9097,SELL_LIMIT,L,9,EXT,1.12001,0.00000
29,-1,1791454007812,DEAL,FILL,9098,BUY_LIMIT,L,10,ENT,1.11821,0.00000
29,-1,1791454435072,DEAL,FILL,9101,SELL_LIMIT,L,10,EXT,1.11932,0.00000
29,-1,1791454435501,CB_DONE,PLACE,9103,SELL_LIMIT,L,9,EXT,1.12001,0.00000
29,-1,1791454436788,ENGINE,REMOVE,9102,BUY_LIMIT,L,11,ENT,1.11752,0.00000
29,-1,1791454437610,ENGINE,PLACE,9104,BUY_LIMIT,L,10,ENT,1.11821,0.00000
29,-1,1791454616387,DEAL,PLACE,9105,BUY_LIMIT,S,4,EXT,1.11844,0.00000
29,-1,1791454617674,DEAL,PLACE,9106,SELL_LIMIT,S,5,ENT,1.12024,0.00000
29,-1,1791454618961,DEAL,REMOVE,9099,BUY_LIMIT,S,3,EXT,1.11775,0.00000
29,-1,1791454619004,DEAL,FILL,9100,SELL_LIMIT,S,4,ENT,1.11954,0.00000
29,-1,1791458314704,DEAL,FILL,9103,SELL_LIMIT,L,9,EXT,1.12001,0.00000
29,-1,1791458316959,CB_DONE,PLACE,9107,SELL_LIMIT,L,8,EXT,1.12074,0.00000
29,-1,1791458318674,ENGINE,REMOVE,9104,BUY_LIMIT,L,10,ENT,1.11821,0.00000
29,-1,1791458318865,ENGINE,PLACE,9108,BUY_LIMIT,L,9,ENT,1.11894,0.00000
29,-1,1791459263658,DEAL,PLACE,9109,SELL_LIMIT,L,9,EXT,1.12002,0.00000
29,-1,1791459264945,DEAL,PLACE,9110,BUY_LIMIT,L,10,ENT,1.11822,0.00000
29,-1,1791459266232,DEAL,REMOVE,9107,SELL_LIMIT,L,8,EXT,1.12074,0.00000
29,-1,1791459266275,DEAL,FILL,9108,BUY_LIMIT,L,9,ENT,1.11894,0.00000
29,-1,1791461513107,DEAL,FILL,9105,BUY_LIMIT,S,4,EXT,1.11844,0.00000
29,-1,1791461513536,CB_DONE,PLACE,9111,BUY_LIMIT,S,3,EXT,1.11775,0.00000
29,-1,1791461514823,ENGINE,REMOVE,9106,SELL_LIMIT,S,5,ENT,1.12024,0.00000
29,-1,1791461516675,ENGINE,PLACE,9112,SELL_LIMIT,S,4,ENT,1.11954,0.00000
29,-1,1791461582468,DEAL,PLACE,9113,SELL_LIMIT,L,10,EXT,1.11932,0.00000
29,-1,1791461583755,DEAL,PLACE,9114,BUY_LIMIT,L,11,ENT,1.11752,0.00000
29,-1,1791461585042,DEAL,REMOVE,9109,SELL_LIMIT,L,9,EXT,1.12002,0.00000
29,-1,1791461585085,DEAL,FILL,9110,BUY_LIMIT,L,10,ENT,1.11822,0.00000
29,-1,1791466444079,DEAL,FILL,9111,BUY_LIMIT,S,3,EXT,1.11775,0.00000
29,-1,1791466445123,CB_DONE,PLACE,9115,BUY_LIMIT,S,2,EXT,1.11705,0.00000
29,-1,1791466446410,ENGINE,REMOVE,9112,SELL_LIMIT,S,4,ENT,1.11954,0.00000
29,-1,1791466448231,ENGINE,PLACE,9116,SELL_LIMIT,S,3,ENT,1.11884,0.00000
29,-1,1791468417513,DEAL,PLACE,9117,SELL_LIMIT,L,11,EXT,1.11861,0.00000
29,-1,1791468418800,DEAL,PLACE,9118,BUY_LIMIT,L,12,ENT,1.11681,0.00000
29,-1,1791468420087,DEAL,REMOVE,9113,SELL_LIMIT,L,10,EXT,1.11932,0.00000
29,-1,1791468420130,DEAL,FILL,9114,BUY_LIMIT,L,11,ENT,1.11752,0.00000
29,-1,1791471999972,DEAL,FILL,9117,SELL_LIMIT,L,11,EXT,1.11861,0.00000
29,-1,1791472000403,CB_DONE,PLACE,9119,SELL_LIMIT,L,10,EXT,1.11932,0.00000
29,-1,1791472001690,ENGINE,REMOVE,9118,BUY_LIMIT,L,12,ENT,1.11681,0.00000
29,-1,1791472001919,ENGINE,PLACE,9120,BUY_LIMIT,L,11,ENT,1.11752,0.00000
29,-1,1791472623068,DEAL,PLACE,9121,BUY_LIMIT,S,3,EXT,1.11778,0.00000
29,-1,1791472624355,DEAL,PLACE,9122,SELL_LIMIT,S,4,ENT,1.11958,0.00000
29,-1,1791472625642,DEAL,REMOVE,9115,BUY_LIMIT,S,2,EXT,1.11705,0.00000
29,-1,1791472625685,DEAL,FILL,9116,SELL_LIMIT,S,3,ENT,1.11884,0.00000
29,-1,1791473106242,DEAL,FILL,9119,SELL_LIMIT,L,10,EXT,1.11932,0.00000
29,-1,1791473106674,CB_DONE,PLACE,9123,SELL_LIMIT,L,9,EXT,1.12002,0.00000
29,-1,1791473108594,ENGINE,REMOVE,9120,BUY_LIMIT,L,11,ENT,1.11752,0.00000
29,-1,1791473108808,ENGINE,PLACE,9124,BUY_LIMIT,L,10,ENT,1.11822,0.00000
29,-1,1791473166192,DEAL,PLACE,9125,BUY_LIMIT,S,4,EXT,1.11848,0.00000
29,-1,1791473167479,DEAL,PLACE,9126,SELL_LIMIT,S,5,ENT,1.12028,0.00000
29,-1,1791473168766,DEAL,REMOVE,9121,BUY_LIMIT,S,3,EXT,1.11778,0.00000
29,-1,1791473168809,DEAL,FILL,9122,SELL_LIMIT,S,4,ENT,1.11958,0.00000
29,-1,1791474337557,DEAL,FILL,9125,BUY_LIMIT,S,4,EXT,1.11848,0.00000
29,-1,1791474337995,CB_DONE,PLACE,9127,BUY_LIMIT,S,3,EXT,1.11778,0.00000
29,-1,1791474339282,ENGINE,REMOVE,9126,SELL_LIMIT,S,5,ENT,1.12028,0.00000
29,-1,1791474339492,ENGINE,PLACE,9128,SELL_LIMIT,S,4,ENT,1.11958,0.00000
29,-1,1791474981338,DEAL,PLACE,9129,SELL_LIMIT,L,10,EXT,1.11932,0.00000
29,-1,1791474982625,DEAL,PLACE,9130,BUY_LIMIT,L,11,ENT,1.11752,0.00000
29,-1,1791474983912,DEAL,REMOVE,9123,SELL_LIMIT,L,9,EXT,1.12002,0.00000
29,-1,1791474983955,DEAL,FILL,9124,BUY_LIMIT,L,10,ENT,1.11822,0.00000
29,-1,1791475690737,DEAL,FILL,9129,SELL_LIMIT,L,10,EXT,1.11932,0.00000
29,-1,1791475691163,CB_DONE,PLACE,9131,SELL_LIMIT,L,9,EXT,1.12002,0.00000
29,-1,1791475692450,ENGINE,REMOVE,9130,BUY_LIMIT,L,11,ENT,1.11752,0.00000
29,-1,1791475692692,ENGINE,PLACE,9132,BUY_LIMIT,L,10,ENT,1.11822,0.00000
29,-1,1791477123435,DEAL,PLACE,9133,BUY_LIMIT,S,4,EXT,1.11848,0.00000
29,-1,1791477124722,DEAL,PLACE,9134,SELL_LIMIT,S,5,ENT,1.12028,0.00000
29,-1,1791477126009,DEAL,REMOVE,9127,BUY_LIMIT,S,3,EXT,1.11778,0.00000
29,-1,1791477126052,DEAL,FILL,9128,SELL_LIMIT,S,4,ENT,1.11958,0.00000
29,-1,1791478285577,DEAL,FILL,9131,SELL_LIMIT,L,9,EXT,1.12002,0.00000
29,-1,1791478286219,CB_DONE,PLACE,9135,SELL_LIMIT,L,8,EXT,1.12074,0.00000
29,-1,1791478287506,ENGINE,REMOVE,9132,BUY_LIMIT,L,10,ENT,1.11822,0.00000
29,-1,1791478287927,ENGINE,PLACE,9136,BUY_LIMIT,L,9,ENT,1.11894,0.00000
29,-1,1791479899274,DEAL,PLACE,9137,BUY_LIMIT,S,5,EXT,1.11918,0.00000
29,-1,1791479900561,DEAL,PLACE,9138,SELL_LIMIT,S,6,ENT,1.12098,0.00000
29,-1,1791479901848,DEAL,REMOVE,9133,BUY_LIMIT,S,4,EXT,1.11848,0.00000
29,-1,1791479901891,DEAL,FILL,9134,SELL_LIMIT,S,5,ENT,1.12028,0.00000
29,-1,1791480267983,DEAL,FILL,9135,SELL_LIMIT,L,8,EXT,1.12074,0.00000
29,-1,1791480268414,CB_DONE,PLACE,9139,SELL_LIMIT,L,1,EXT,1.12164,0.00000
29,-1,1791480269701,ENGINE,REMOVE,9136,BUY_LIMIT,L,9,ENT,1.11894,0.00000
29,-1,1791480272138,ENGINE,PLACE,9140,BUY_LIMIT,L,8,ENT,1.11968,0.00000
29,-1,1791480318655,DEAL,PLACE,9141,BUY_LIMIT,S,6,EXT,1.11992,0.00000
29,-1,1791480319942,DEAL,PLACE,9142,SELL_LIMIT,S,7,ENT,1.12172,0.00000
29,-1,1791480321229,DEAL,REMOVE,9137,BUY_LIMIT,S,5,EXT,1.11918,0.00000
29,-1,1791480321272,DEAL,FILL,9138,SELL_LIMIT,S,6,ENT,1.12098,0.00000
29,-1,1791480542254,DEAL,FILL,9139,SELL_LIMIT,L,1,EXT,1.12164,0.00000
29,-1,1791480543504,CB_DONE,PLACE,9143,SELL_LIMIT,L,0,EXT,1.12234,0.00000
29,-1,1791480544791,ENGINE,MODIFY,9140,BUY_LIMIT,L,8,ENT,1.12038,1.11968
29,-1,1791480634055,DEAL,PLACE,9144,BUY_LIMIT,S,7,EXT,1.12060,0.00000
29,-1,1791480635342,DEAL,REMOVE,9141,BUY_LIMIT,S,6,EXT,1.11992,0.00000
29,-1,1791480635385,DEAL,FILL,9142,SELL_LIMIT,S,7,ENT,1.12172,0.00000
29,-1,1791480867678,DEAL,FILL,9143,SELL_LIMIT,L,0,EXT,1.12234,0.00000
29,-1,1791480869221,ENGINE,MODIFY,9140,BUY_LIMIT,L,8,ENT,1.12108,1.12038
29,-1,1791481993111,DEAL,PLACE,9145,SELL_LIMIT,L,8,EXT,1.12218,0.00000
29,-1,1791481994398,DEAL,PLACE,9146,BUY_LIMIT,L,9,ENT,1.12038,0.00000
29,-1,1791481995685,DEAL,FILL,9140,BUY_LIMIT,L,8,ENT,1.12108,0.00000
29,-1,1791482565564,DEAL,FILL,9144,BUY_LIMIT,S,7,EXT,1.12060,0.00000
29,-1,1791482566203,CB_DONE,PLACE,9147,BUY_LIMIT,S,6,EXT,1.11992,0.00000
29,-1,1791482567490,ENGINE,PLACE,9148,SELL_LIMIT,S,7,ENT,1.12172,0.00000
29,-1,1791483302391,DEAL,PLACE,9149,SELL_LIMIT,L,9,EXT,1.12145,0.00000
29,-1,1791483303678,DEAL,PLACE,9150,BUY_LIMIT,L,10,ENT,1.11965,0.00000
29,-1,1791483304965,DEAL,REMOVE,9145,SELL_LIMIT,L,8,EXT,1.12218,0.00000
29,-1,1791483305008,DEAL,FILL,9146,BUY_LIMIT,L,9,ENT,1.12038,0.00000
29,-1,1791483548359,DEAL,FILL,9147,BUY_LIMIT,S,6,EXT,1.11992,0.00000
29,-1,1791483548795,CB_DONE,PLACE,9151,BUY_LIMIT,S,5,EXT,1.11918,0.00000
29,-1,1791483550082,ENGINE,REMOVE,9148,SELL_LIMIT,S,7,ENT,1.12172,0.00000
29,-1,1791483550305,ENGINE,PLACE,9152,SELL_LIMIT,S,6,ENT,1.12098,0.00000
29,-1,1791484665526,DEAL,PLACE,9153,SELL_LIMIT,L,10,EXT,1.12075,0.00000
29,-1,1791484666813,DEAL,PLACE,9154,BUY_LIMIT,L,11,ENT,1.11895,0.00000
29,-1,1791484668100,DEAL,REMOVE,9149,SELL_LIMIT,L,9,EXT,1.12145,0.00000
29,-1,1791484668143,DEAL,FILL,9150,BUY_LIMIT,L,10,ENT,1.11965,0.00000
29,-1,1791485328705,DEAL,FILL,9151,BUY_LIMIT,S,5,EXT,1.11918,0.00000
29,-1,1791485329139,CB_DONE,PLACE,9155,BUY_LIMIT,S,4,EXT,1.11848,0.00000
29,-1,1791485330426,ENGINE,REMOVE,9152,SELL_LIMIT,S,6,ENT,1.12098,0.00000
29,-1,1791485330653,ENGINE,PLACE,9156,SELL_LIMIT,S,5,ENT,1.12028,0.00000
29,-1,1791485643821,DEAL,PLACE,9157,SELL_LIMIT,L,11,EXT,1.12007,0.00000
29,-1,1791485645108,DEAL,PLACE,9158,BUY_LIMIT,L,12,ENT,1.11827,0.00000
29,-1,1791485646395,DEAL,REMOVE,9153,SELL_LIMIT,L,10,EXT,1.12075,0.00000
29,-1,1791485646438,DEAL,FILL,9154,BUY_LIMIT,L,11,ENT,1.11895,0.00000
29,-1,1791486523322,DEAL,FILL,9155,BUY_LIMIT,S,4,EXT,1.11848,0.00000
29,-1,1791486523760,CB_DONE,PLACE,9159,BUY_LIMIT,S,3,EXT,1.11778,0.00000
29,-1,1791486525047,ENGINE,REMOVE,9156,SELL_LIMIT,S,5,ENT,1.12028,0.00000
29,-1,1791486525278,ENGINE,PLACE,9160,SELL_LIMIT,S,4,ENT,1.11958,0.00000
29,-1,1791487037237,DEAL,PLACE,9161,BUY_LIMIT,S,4,EXT,1.11859,0.00000
29,-1,1791487038524,DEAL,PLACE,9162,SELL_LIMIT,S,5,ENT,1.12039,0.00000
29,-1,1791487039811,DEAL,REMOVE,9159,BUY_LIMIT,S,3,EXT,1.11778,0.00000
29,-1,1791487039854,DEAL,FILL,9160,SELL_LIMIT,S,4,ENT,1.11958,0.00000
29,-1,1791487051910,DEAL,FILL,9157,SELL_LIMIT,L,11,EXT,1.12007,0.00000
29,-1,1791487052345,CB_DONE,PLACE,9163,SELL_LIMIT,L,10,EXT,1.12075,0.00000
29,-1,1791487053632,ENGINE,REMOVE,9158,BUY_LIMIT,L,12,ENT,1.11827,0.00000
29,-1,1791487053855,ENGINE,PLACE,9164,BUY_LIMIT,L,11,ENT,1.11895,0.00000
29,-1,1791487821912,DEAL,PLACE,9165,SELL_LIMIT,L,11,EXT,1.12005,0.00000
29,-1,1791487823199,DEAL,PLACE,9166,BUY_LIMIT,L,12,ENT,1.11825,0.00000
29,-1,1791487824486,DEAL,REMOVE,9163,SELL_LIMIT,L,10,EXT,1.12075,0.00000
29,-1,1791487824529,DEAL,FILL,9164,BUY_LIMIT,L,11,ENT,1.11895,0.00000
29,-1,1791488231474,DEAL,FILL,9161,BUY_LIMIT,S,4,EXT,1.11859,0.00000
29,-1,1791488231910,CB_DONE,PLACE,9167,BUY_LIMIT,S,3,EXT,1.11778,0.00000
29,-1,1791488233197,ENGINE,REMOVE,9162,SELL_LIMIT,S,5,ENT,1.12039,0.00000
29,-1,1791488233635,ENGINE,PLACE,9168,SELL_LIMIT,S,4,ENT,1.11958,0.00000
29,-1,1791489003866,DEAL,PLACE,9169,BUY_LIMIT,S,4,EXT,1.11849,0.00000
29,-1,1791489005153,DEAL,PLACE,9170,SELL_LIMIT,S,5,ENT,1.12029,0.00000
29,-1,1791489006440,DEAL,REMOVE,9167,BUY_LIMIT,S,3,EXT,1.11778,0.00000
29,-1,1791489006483,DEAL,FILL,9168,SELL_LIMIT,S,4,ENT,1.11958,0.00000
29,-1,1791489728519,DEAL,FILL,9165,SELL_LIMIT,L,11,EXT,1.12005,0.00000
29,-1,1791489728957,CB_DONE,PLACE,9171,SELL_LIMIT,L,10,EXT,1.12075,0.00000
29,-1,1791489730244,ENGINE,REMOVE,9166,BUY_LIMIT,L,12,ENT,1.11825,0.00000
29,-1,1791489730468,ENGINE,PLACE,9172,BUY_LIMIT,L,11,ENT,1.11895,0.00000
29,-1,1791490083849,DEAL,PLACE,9173,BUY_LIMIT,S,5,EXT,1.11921,0.00000
29,-1,1791490085136,DEAL,PLACE,9174,SELL_LIMIT,S,6,ENT,1.12101,0.00000
29,-1,1791490086423,DEAL,REMOVE,9169,BUY_LIMIT,S,4,EXT,1.11849,0.00000
29,-1,1791490086466,DEAL,FILL,9170,SELL_LIMIT,S,5,ENT,1.12029,0.00000
29,-1,1791490415551,DEAL,FILL,9171,SELL_LIMIT,L,10,EXT,1.12075,0.00000
29,-1,1791490416799,CB_DONE,PLACE,9175,SELL_LIMIT,L,9,EXT,1.12145,0.00000
29,-1,1791490418086,ENGINE,REMOVE,9172,BUY_LIMIT,L,11,ENT,1.11895,0.00000
29,-1,1791490419309,ENGINE,PLACE,9176,BUY_LIMIT,L,10,ENT,1.11965,0.00000
29,-1,1791490562471,DEAL,PLACE,9177,BUY_LIMIT,S,6,EXT,1.11997,0.00000
29,-1,1791490563758,DEAL,PLACE,9178,SELL_LIMIT,S,7,ENT,1.12177,0.00000
29,-1,1791490565045,DEAL,REMOVE,9173,BUY_LIMIT,S,5,EXT,1.11921,0.00000
29,-1,1791490565088,DEAL,FILL,9174,SELL_LIMIT,S,6,ENT,1.12101,0.00000
29,-1,1791490674590,DEAL,FILL,9175,SELL_LIMIT,L,9,EXT,1.12145,0.00000
29,-1,1791490675223,CB_DONE,PLACE,9179,SELL_LIMIT,L,8,EXT,1.12218,0.00000
29,-1,1791490676510,ENGINE,REMOVE,9176,BUY_LIMIT,L,10,ENT,1.11965,0.00000
29,-1,1791490677335,ENGINE,PLACE,9180,BUY_LIMIT,L,9,ENT,1.12038,0.00000
29,-1,1791490695480,DEAL,PLACE,9181,BUY_LIMIT,S,7,EXT,1.12067,0.00000
29,-1,1791490696767,DEAL,REMOVE,9177,BUY_LIMIT,S,6,EXT,1.11997,0.00000
29,-1,1791490696810,DEAL,FILL,9178,SELL_LIMIT,S,7,ENT,1.12177,0.00000
29,-1,1791493624622,DEAL,FILL,9181,BUY_LIMIT,S,7,EXT,1.12067,0.00000
29,-1,1791493625271,CB_DONE,PLACE,9182,BUY_LIMIT,S,6,EXT,1.11997,0.00000
29,-1,1791493626558,ENGINE,PLACE,9183,SELL_LIMIT,S,7,ENT,1.12177,0.00000
29,-1,1791493781809,DEAL,PLACE,9184,SELL_LIMIT,L,9,EXT,1.12147,0.00000
29,-1,1791493783096,DEAL,PLACE,9185,BUY_LIMIT,L,10,ENT,1.11967,0.00000
29,-1,1791493784383,DEAL,REMOVE,9179,SELL_LIMIT,L,8,EXT,1.12218,0.00000
29,-1,1791493784426,DEAL,FILL,9180,BUY_LIMIT,L,9,ENT,1.12038,0.00000
29,-1,1791500561191,DEAL,FILL,9184,SELL_LIMIT,L,9,EXT,1.12147,0.00000
29,-1,1791500562640,CB_DONE,PLACE,9186,SELL_LIMIT,L,8,EXT,1.12218,0.00000
29,-1,1791500565764,ENGINE,REMOVE,9185,BUY_LIMIT,L,10,ENT,1.11967,0.00000
29,-1,1791500567558,ENGINE,PLACE,9187,BUY_LIMIT,L,9,ENT,1.12038,0.00000
29,-1,1791503436000,TIMER,MODIFY,9044,SELL_LIMIT,L,7,EXT,1.12320,1.12296
29,-1,1791503437288,TIMER,MODIFY,9186,SELL_LIMIT,L,8,EXT,1.12226,1.12218
29,-1,1791503496000,TIMER,MODIFY,9045,BUY_LIMIT,S,0,EXT,1.11569,1.11565
29,-1,1791503676000,TIMER,MODIFY,9182,BUY_LIMIT,S,6,EXT,1.11998,1.11997
29,-1,1791504584797,ENGINE,MODIFY,9183,SELL_LIMIT,S,7,ENT,1.12199,1.12177
29,-1,1791504586085,ENGINE,MODIFY,9187,BUY_LIMIT,L,9,ENT,1.11998,1.12038
29,-1,1791504600023,ENGINE,MODIFY,9183,SELL_LIMIT,S,7,ENT,1.12177,1.12199
29,-1,1791504601311,ENGINE,MODIFY,9187,BUY_LIMIT,L,9,ENT,1.12038,1.11998
29,-1,1791504900466,ENGINE,MODIFY,9187,BUY_LIMIT,L,9,ENT,1.11998,1.12038
29,-1,1791504960008,ENGINE,MODIFY,9187,BUY_LIMIT,L,9,ENT,1.12038,1.11998
