seg_id,sync_idx,time_ms,kind,code,json
10,-1,1790839277477,ea_event,,{"type":"fill_log","seq":0,"ea_time_ms":95922890,"magic":22260201,"deal_ticket":800000001,"order_ticket":1977312356,"position_id":900000001,"entry_type":"IN","deal_type":"SELL","side":"S","layer_index":0,"role":"EXT","deal_price":1.13206,"order_price_open":null,"slippage_pips":null,"volume":0.00,"profit":0.00,"swap":0.00,"commission":0.00,"deal_time_broker":"2026-10-01 07:21:17","deal_time_broker_msc":1790839277000,"halted_at_receipt":false,"quarantined_at_receipt":false}
10,-1,1790839279727,ea_event,,{"type":"fill_log","seq":1,"ea_time_ms":95922890,"magic":22260201,"deal_ticket":800000002,"order_ticket":700000002,"position_id":1977220646,"entry_type":"OUT_BY","deal_type":"SELL","side":null,"layer_index":null,"role":null,"deal_price":1.13206,"order_price_open":null,"slippage_pips":null,"volume":0.00,"profit":1.00,"swap":0.04,"commission":0.00,"deal_time_broker":"2026-10-01 07:21:19","deal_time_broker_msc":1790839279000,"halted_at_receipt":false,"quarantined_at_receipt":false}
10,-1,1790839279727,ea_event,,{"type":"fill_log","seq":2,"ea_time_ms":95922890,"magic":22260201,"deal_ticket":800000003,"order_ticket":700000002,"position_id":900000001,"entry_type":"OUT_BY","deal_type":"SELL","side":null,"layer_index":null,"role":null,"deal_price":1.13306,"order_price_open":null,"slippage_pips":null,"volume":0.00,"profit":0.00,"swap":0.00,"commission":0.00,"deal_time_broker":"2026-10-01 07:21:19","deal_time_broker_msc":1790839279000,"halted_at_receipt":false,"quarantined_at_receipt":false}
10,-1,1790839279727,scalp,SCALP_CLOSED,{"close_time":"2026-10-01T07:21:19Z","instrument":"EURUSD","direction":"SHORT","entry_price":1.13306,"exit_price":1.13206,"layer_depth":0,"stack_depth":1,"gross_pnl":1.04,"instance_id":"GRIND_EURUSD_OPTC","ejected":false,"rolled":false,"broker_utc_offset_s":10800,"account_login":53077984}
10,-1,1790841684319,ea_event,,{"type":"fill_log","seq":3,"ea_time_ms":95922921,"magic":22260201,"deal_ticket":800000004,"order_ticket":1977728168,"position_id":900000002,"entry_type":"IN","deal_type":"BUY","side":"L","layer_index":7,"role":"ENT","deal_price":1.13174,"order_price_open":null,"slippage_pips":null,"volume":0.00,"profit":0.00,"swap":0.00,"commission":0.00,"deal_time_broker":"2026-10-01 08:01:24","deal_time_broker_msc":1790841684000,"halted_at_receipt":false,"quarantined_at_receipt":false}
10,-1,1790847652134,ea_event,ROLL_ACCEPTED,{"type":"ea_event","seq":4,"ea_time_ms":95922984,"magic":null,"level":"INFO","code":"ROLL_ACCEPTED","reason":null,"ticket":1975880673,"detail":{"ticket":1975880673,"side":"L","layer_index":0,"entry":1.13670,"level":1.13104,"target":1.13212,"accrued":0.00008,"clamped":false,"cost":0.00466,"cost_pips":46.6,"rolled":1,"was_ejected":false,"source":"auto","reroll":false,"from_level":0.00000}}
11,-1,1790850226385,ea_event,ROLL_ACCEPTED,{"type":"ea_event","seq":0,"ea_time_ms":95923062,"magic":null,"level":"INFO","code":"ROLL_ACCEPTED","reason":null,"ticket":1975959171,"detail":{"ticket":1975959171,"side":"L","layer_index":1,"entry":1.13600,"level":1.13044,"target":1.13152,"accrued":0.00008,"clamped":false,"cost":0.00456,"cost_pips":45.6,"rolled":2,"was_ejected":false,"source":"auto","reroll":false,"from_level":0.00000}}
11,-1,1790850771328,ea_event,,{"type":"fill_log","seq":1,"ea_time_ms":95923078,"magic":22260201,"deal_ticket":800000001,"order_ticket":1978014571,"position_id":900000001,"entry_type":"IN","deal_type":"SELL","side":"S","layer_index":0,"role":"ENT","deal_price":1.13064,"order_price_open":null,"slippage_pips":null,"volume":0.00,"profit":0.00,"swap":0.00,"commission":0.00,"deal_time_broker":"2026-10-01 10:32:51","deal_time_broker_msc":1790850771000,"halted_at_receipt":false,"quarantined_at_receipt":false}
11,-1,1790852585540,ea_event,ROLL_ACCEPTED,{"type":"ea_event","seq":2,"ea_time_ms":95923156,"magic":null,"level":"INFO","code":"ROLL_ACCEPTED","reason":null,"ticket":1976074198,"detail":{"ticket":1976074198,"side":"L","layer_index":2,"entry":1.13530,"level":1.12984,"target":1.13092,"accrued":0.00008,"clamped":false,"cost":0.00446,"cost_pips":44.6,"rolled":3,"was_ejected":false,"source":"auto","reroll":false,"from_level":0.00000}}
11,-1,1790853131469,ea_event,,{"type":"fill_log","seq":3,"ea_time_ms":95923171,"magic":22260201,"deal_ticket":800000002,"order_ticket":9001,"position_id":900000002,"entry_type":"IN","deal_type":"SELL","side":"S","layer_index":0,"role":"EXT","deal_price":1.12963,"order_price_open":null,"slippage_pips":null,"volume":0.00,"profit":0.00,"swap":0.00,"commission":0.00,"deal_time_broker":"2026-10-01 11:12:11","deal_time_broker_msc":1790853131000,"halted_at_receipt":false,"quarantined_at_receipt":false}
11,-1,1790853132506,ea_event,,{"type":"fill_log","seq":4,"ea_time_ms":95923171,"magic":22260201,"deal_ticket":800000003,"order_ticket":700000003,"position_id":900000001,"entry_type":"OUT_BY","deal_type":"SELL","side":null,"layer_index":null,"role":null,"deal_price":1.12963,"order_price_open":null,"slippage_pips":null,"volume":0.00,"profit":1.01,"swap":0.00,"commission":0.00,"deal_time_broker":"2026-10-01 11:12:12","deal_time_broker_msc":1790853132000,"halted_at_receipt":false,"quarantined_at_receipt":false}
11,-1,1790853132506,ea_event,,{"type":"fill_log","seq":5,"ea_time_ms":95923171,"magic":22260201,"deal_ticket":800000004,"order_ticket":700000003,"position_id":900000002,"entry_type":"OUT_BY","deal_type":"SELL","side":null,"layer_index":null,"role":null,"deal_price":1.13064,"order_price_open":null,"slippage_pips":null,"volume":0.00,"profit":0.00,"swap":0.00,"commission":0.00,"deal_time_broker":"2026-10-01 11:12:12","deal_time_broker_msc":1790853132000,"halted_at_receipt":false,"quarantined_at_receipt":false}
11,-1,1790853132506,scalp,SCALP_CLOSED,{"close_time":"2026-10-01T11:12:12Z","instrument":"EURUSD","direction":"SHORT","entry_price":1.13064,"exit_price":1.12963,"layer_depth":0,"stack_depth":1,"gross_pnl":1.01,"instance_id":"GRIND_EURUSD_OPTC","ejected":false,"rolled":false,"broker_utc_offset_s":10800,"account_login":53077984}
11,-1,1790853145897,ea_event,ROLL_ACCEPTED,{"type":"ea_event","seq":6,"ea_time_ms":95923171,"magic":null,"level":"INFO","code":"ROLL_ACCEPTED","reason":null,"ticket":1976558640,"detail":{"ticket":1976558640,"side":"L","layer_index":3,"entry":1.13460,"level":1.12924,"target":1.13032,"accrued":0.00008,"clamped":false,"cost":0.00436,"cost_pips":43.6,"rolled":4,"was_ejected":false,"source":"auto","reroll":false,"from_level":0.00000}}
11,-1,1790853977775,ea_event,,{"type":"fill_log","seq":7,"ea_time_ms":95923203,"magic":22260201,"deal_ticket":800000005,"order_ticket":9004,"position_id":900000003,"entry_type":"IN","deal_type":"SELL","side":"S","layer_index":0,"role":"ENT","deal_price":1.13025,"order_price_open":null,"slippage_pips":null,"volume":0.00,"profit":0.00,"swap":0.00,"commission":0.00,"deal_time_broker":"2026-10-01 11:26:17","deal_time_broker_msc":1790853977000,"halted_at_receipt":false,"quarantined_at_receipt":false}
11,-1,1790853983814,ea_event,,{"type":"fill_log","seq":8,"ea_time_ms":95923203,"magic":22260201,"deal_ticket":800000006,"order_ticket":9003,"position_id":900000004,"entry_type":"IN","deal_type":"BUY","side":"L","layer_index":3,"role":"EXT","deal_price":1.13032,"order_price_open":null,"slippage_pips":null,"volume":0.00,"profit":0.00,"swap":0.00,"commission":0.00,"deal_time_broker":"2026-10-01 11:26:23","deal_time_broker_msc":1790853983000,"halted_at_receipt":false,"quarantined_at_receipt":false}
11,-1,1790853984248,ea_event,,{"type":"fill_log","seq":9,"ea_time_ms":95923203,"magic":22260201,"deal_ticket":800000007,"order_ticket":700000007,"position_id":1976558640,"entry_type":"OUT_BY","deal_type":"SELL","side":null,"layer_index":null,"role":null,"deal_price":1.13032,"order_price_open":null,"slippage_pips":null,"volume":0.00,"profit":-4.28,"swap":-0.25,"commission":0.00,"deal_time_broker":"2026-10-01 11:26:24","deal_time_broker_msc":1790853984000,"halted_at_receipt":false,"quarantined_at_receipt":false}
11,-1,1790853984248,ea_event,ROLL_FILLED,{"type":"ea_event","seq":10,"ea_time_ms":95923203,"magic":null,"level":"INFO","code":"ROLL_FILLED","reason":null,"ticket":1976558640,"detail":{"ticket":1976558640,"level":1.12924}}
11,-1,1790853984248,ea_event,,{"type":"fill_log","seq":11,"ea_time_ms":95923203,"magic":22260201,"deal_ticket":800000008,"order_ticket":700000007,"position_id":900000004,"entry_type":"OUT_BY","deal_type":"SELL","side":null,"layer_index":null,"role":null,"deal_price":1.13460,"order_price_open":null,"slippage_pips":null,"volume":0.00,"profit":0.00,"swap":0.00,"commission":0.00,"deal_time_broker":"2026-10-01 11:26:24","deal_time_broker_msc":1790853984000,"halted_at_receipt":false,"quarantined_at_receipt":false}
11,-1,1790853984248,scalp,SCALP_CLOSED,{"close_time":"2026-10-01T11:26:24Z","instrument":"EURUSD","direction":"LONG","entry_price":1.13460,"exit_price":1.13032,"layer_depth":3,"stack_depth":8,"gross_pnl":-4.53,"instance_id":"GRIND_EURUSD_OPTC","ejected":false,"rolled":true,"broker_utc_offset_s":10800,"account_login":53077984}
11,-1,1790854742124,ea_event,,{"type":"fill_log","seq":12,"ea_time_ms":95923234,"magic":22260201,"deal_ticket":800000009,"order_ticket":9006,"position_id":900000005,"entry_type":"IN","deal_type":"SELL","side":"S","layer_index":0,"role":"EXT","deal_price":1.12922,"order_price_open":null,"slippage_pips":null,"volume":0.00,"profit":0.00,"swap":0.00,"commission":0.00,"deal_time_broker":"2026-10-01 11:39:02","deal_time_broker_msc":1790854742000,"halted_at_receipt":false,"quarantined_at_receipt":false}
11,-1,1790854742124,ea_event,,{"type":"fill_log","seq":13,"ea_time_ms":95923234,"magic":22260201,"deal_ticket":800000010,"order_ticket":9009,"position_id":900000006,"entry_type":"IN","deal_type":"BUY","side":"L","layer_index":8,"role":"ENT","deal_price":1.12922,"order_price_open":null,"slippage_pips":null,"volume":0.00,"profit":0.00,"swap":0.00,"commission":0.00,"deal_time_broker":"2026-10-01 11:39:02","deal_time_broker_msc":1790854742000,"halted_at_receipt":false,"quarantined_at_receipt":false}
11,-1,1790854743748,ea_event,,{"type":"fill_log","seq":14,"ea_time_ms":95923234,"magic":22260201,"deal_ticket":800000011,"order_ticket":700000011,"position_id":900000003,"entry_type":"OUT_BY","deal_type":"SELL","side":null,"layer_index":null,"role":null,"deal_price":1.12922,"order_price_open":null,"slippage_pips":null,"volume":0.00,"profit":1.03,"swap":0.00,"commission":0.00,"deal_time_broker":"2026-10-01 11:39:03","deal_time_broker_msc":1790854743000,"halted_at_receipt":false,"quarantined_at_receipt":false}
11,-1,1790854743748,ea_event,,{"type":"fill_log","seq":15,"ea_time_ms":95923234,"magic":22260201,"deal_ticket":800000012,"order_ticket":700000011,"position_id":900000005,"entry_type":"OUT_BY","deal_type":"SELL","side":null,"layer_index":null,"role":null,"deal_price":1.13025,"order_price_open":null,"slippage_pips":null,"volume":0.00,"profit":0.00,"swap":0.00,"commission":0.00,"deal_time_broker":"2026-10-01 11:39:03","deal_time_broker_msc":1790854743000,"halted_at_receipt":false,"quarantined_at_receipt":false}
11,-1,1790854743748,scalp,SCALP_CLOSED,{"close_time":"2026-10-01T11:39:03Z","instrument":"EURUSD","direction":"SHORT","entry_price":1.13025,"exit_price":1.12922,"layer_depth":0,"stack_depth":1,"gross_pnl":1.03,"instance_id":"GRIND_EURUSD_OPTC","ejected":false,"rolled":false,"broker_utc_offset_s":10800,"account_login":53077984}
11,-1,1790857056635,ea_event,,{"type":"fill_log","seq":16,"ea_time_ms":95923296,"magic":22260201,"deal_ticket":800000013,"order_ticket":9011,"position_id":900000007,"entry_type":"IN","deal_type":"SELL","side":"S","layer_index":0,"role":"ENT","deal_price":1.12993,"order_price_open":null,"slippage_pips":null,"volume":0.00,"profit":0.00,"swap":0.00,"commission":0.00,"deal_time_broker":"2026-10-01 12:17:36","deal_time_broker_msc":1790857056000,"halted_at_receipt":false,"quarantined_at_receipt":false}
11,-1,1790858429466,ea_event,,{"type":"fill_log","seq":17,"ea_time_ms":95923343,"magic":22260201,"deal_ticket":800000014,"order_ticket":9012,"position_id":900000008,"entry_type":"IN","deal_type":"SELL","side":"S","layer_index":0,"role":"EXT","deal_price":1.12893,"order_price_open":null,"slippage_pips":null,"volume":0.00,"profit":0.00,"swap":0.00,"commission":0.00,"deal_time_broker":"2026-10-01 12:40:29","deal_time_broker_msc":1790858429000,"halted_at_receipt":false,"quarantined_at_receipt":false}
11,-1,1790858429899,ea_event,,{"type":"fill_log","seq":18,"ea_time_ms":95923343,"magic":22260201,"deal_ticket":800000015,"order_ticket":700000015,"position_id":900000007,"entry_type":"OUT_BY","deal_type":"SELL","side":null,"layer_index":null,"role":null,"deal_price":1.12893,"order_price_open":null,"slippage_pips":null,"volume":0.00,"profit":1.00,"swap":0.00,"commission":0.00,"deal_time_broker":"2026-10-01 12:40:29","deal_time_broker_msc":1790858429000,"halted_at_receipt":false,"quarantined_at_receipt":false}
11,-1,1790858429899,ea_event,,{"type":"fill_log","seq":19,"ea_time_ms":95923343,"magic":22260201,"deal_ticket":800000016,"order_ticket":700000015,"position_id":900000008,"entry_type":"OUT_BY","deal_type":"SELL","side":null,"layer_index":null,"role":null,"deal_price":1.12993,"order_price_open":null,"slippage_pips":null,"volume":0.00,"profit":0.00,"swap":0.00,"commission":0.00,"deal_time_broker":"2026-10-01 12:40:29","deal_time_broker_msc":1790858429000,"halted_at_receipt":false,"quarantined_at_receipt":false}
11,-1,1790858429899,scalp,SCALP_CLOSED,{"close_time":"2026-10-01T12:40:29Z","instrument":"EURUSD","direction":"SHORT","entry_price":1.12993,"exit_price":1.12893,"layer_depth":0,"stack_depth":1,"gross_pnl":1.00,"instance_id":"GRIND_EURUSD_OPTC","ejected":false,"rolled":false,"broker_utc_offset_s":10800,"account_login":53077984}
11,-1,1790859011261,ea_event,ROLL_ACCEPTED,{"type":"ea_event","seq":20,"ea_time_ms":95923359,"magic":null,"level":"INFO","code":"ROLL_ACCEPTED","reason":null,"ticket":1976761826,"detail":{"ticket":1976761826,"side":"L","layer_index":4,"entry":1.13389,"level":1.12862,"target":1.12970,"accrued":0.00008,"clamped":false,"cost":0.00427,"cost_pips":42.7,"rolled":4,"was_ejected":false,"source":"auto","reroll":false,"from_level":0.00000}}
11,-1,1790859311636,ea_event,ROLL_ACCEPTED,{"type":"ea_event","seq":21,"ea_time_ms":95923359,"magic":null,"level":"INFO","code":"ROLL_ACCEPTED","reason":null,"ticket":1976795819,"detail":{"ticket":1976795819,"side":"L","layer_index":5,"entry":1.13319,"level":1.12802,"target":1.12910,"accrued":0.00008,"clamped":false,"cost":0.00417,"cost_pips":41.7,"rolled":5,"was_ejected":false,"source":"auto","reroll":false,"from_level":0.00000}}
11,-1,1790859565921,ea_event,ROLL_ACCEPTED,{"type":"ea_event","seq":22,"ea_time_ms":95923375,"magic":null,"level":"INFO","code":"ROLL_ACCEPTED","reason":null,"ticket":1977659141,"detail":{"ticket":1977659141,"side":"L","layer_index":6,"entry":1.13249,"level":1.12742,"target":1.12842,"accrued":0.00000,"clamped":false,"cost":0.00407,"cost_pips":40.7,"rolled":6,"was_ejected":false,"source":"auto","reroll":false,"from_level":0.00000}}
11,-1,1790859610146,ea_event,ROLL_ACCEPTED,{"type":"ea_event","seq":23,"ea_time_ms":95923375,"magic":null,"level":"INFO","code":"ROLL_ACCEPTED","reason":null,"ticket":1977728168,"detail":{"ticket":1977728168,"side":"L","layer_index":7,"entry":1.13174,"level":1.12682,"target":1.12782,"accrued":0.00000,"clamped":false,"cost":0.00392,"cost_pips":39.2,"rolled":7,"was_ejected":false,"source":"auto","reroll":false,"from_level":0.00000}}
11,-1,1790860094258,ea_event,,{"type":"fill_log","seq":24,"ea_time_ms":95923390,"magic":22260201,"deal_ticket":800000017,"order_ticket":9014,"position_id":900000009,"entry_type":"IN","deal_type":"SELL","side":"S","layer_index":0,"role":"ENT","deal_price":1.12749,"order_price_open":null,"slippage_pips":null,"volume":0.00,"profit":0.00,"swap":0.00,"commission":0.00,"deal_time_broker":"2026-10-01 13:08:14","deal_time_broker_msc":1790860094000,"halted_at_receipt":false,"quarantined_at_receipt":false}
11,-1,1790860504419,ea_event,,{"type":"fill_log","seq":25,"ea_time_ms":95923406,"magic":22260201,"deal_ticket":800000018,"order_ticket":9017,"position_id":900000010,"entry_type":"IN","deal_type":"BUY","side":"L","layer_index":7,"role":"EXT","deal_price":1.12782,"order_price_open":null,"slippage_pips":null,"volume":0.00,"profit":0.00,"swap":0.00,"commission":0.00,"deal_time_broker":"2026-10-01 13:15:04","deal_time_broker_msc":1790860504000,"halted_at_receipt":false,"quarantined_at_receipt":false}
11,-1,1790860504857,ea_event,,{"type":"fill_log","seq":26,"ea_time_ms":95923406,"magic":22260201,"deal_ticket":800000019,"order_ticket":700000019,"position_id":1977728168,"entry_type":"OUT_BY","deal_type":"SELL","side":null,"layer_index":null,"role":null,"deal_price":1.12782,"order_price_open":null,"slippage_pips":null,"volume":0.00,"profit":-3.92,"swap":0.00,"commission":0.00,"deal_time_broker":"2026-10-01 13:15:04","deal_time_broker_msc":1790860504000,"halted_at_receipt":false,"quarantined_at_receipt":false}
11,-1,1790860504857,ea_event,ROLL_FILLED,{"type":"ea_event","seq":27,"ea_time_ms":95923406,"magic":null,"level":"INFO","code":"ROLL_FILLED","reason":null,"ticket":1977728168,"detail":{"ticket":1977728168,"level":1.12682}}
11,-1,1790860504857,ea_event,,{"type":"fill_log","seq":28,"ea_time_ms":95923406,"magic":22260201,"deal_ticket":800000020,"order_ticket":700000019,"position_id":900000010,"entry_type":"OUT_BY","deal_type":"SELL","side":null,"layer_index":null,"role":null,"deal_price":1.13174,"order_price_open":null,"slippage_pips":null,"volume":0.00,"profit":0.00,"swap":0.00,"commission":0.00,"deal_time_broker":"2026-10-01 13:15:04","deal_time_broker_msc":1790860504000,"halted_at_receipt":false,"quarantined_at_receipt":false}
11,-1,1790860504857,scalp,SCALP_CLOSED,{"close_time":"2026-10-01T13:15:04Z","instrument":"EURUSD","direction":"LONG","entry_price":1.13174,"exit_price":1.12782,"layer_depth":7,"stack_depth":8,"gross_pnl":-3.92,"instance_id":"GRIND_EURUSD_OPTC","ejected":false,"rolled":true,"broker_utc_offset_s":10800,"account_login":53077984}
11,-1,1790860721134,ea_event,,{"type":"fill_log","seq":29,"ea_time_ms":95923421,"magic":22260201,"deal_ticket":800000021,"order_ticket":9020,"position_id":900000011,"entry_type":"IN","deal_type":"SELL","side":"S","layer_index":1,"role":"ENT","deal_price":1.12809,"order_price_open":null,"slippage_pips":null,"volume":0.00,"profit":0.00,"swap":0.00,"commission":0.00,"deal_time_broker":"2026-10-01 13:18:41","deal_time_broker_msc":1790860721000,"halted_at_receipt":false,"quarantined_at_receipt":false}
11,-1,1790861069031,ea_event,,{"type":"fill_log","seq":30,"ea_time_ms":95923437,"magic":22260201,"deal_ticket":800000022,"order_ticket":9021,"position_id":900000012,"entry_type":"IN","deal_type":"BUY","side":"L","layer_index":6,"role":"EXT","deal_price":1.12843,"order_price_open":null,"slippage_pips":null,"volume":0.00,"profit":0.00,"swap":0.00,"commission":0.00,"deal_time_broker":"2026-10-01 13:24:29","deal_time_broker_msc":1790861069000,"halted_at_receipt":false,"quarantined_at_receipt":false}
11,-1,1790861070072,ea_event,,{"type":"fill_log","seq":31,"ea_time_ms":95923437,"magic":22260201,"deal_ticket":800000023,"order_ticket":700000023,"position_id":1977659141,"entry_type":"OUT_BY","deal_type":"SELL","side":null,"layer_index":null,"role":null,"deal_price":1.12843,"order_price_open":null,"slippage_pips":null,"volume":0.00,"profit":-4.06,"swap":0.00,"commission":0.00,"deal_time_broker":"2026-10-01 13:24:30","deal_time_broker_msc":1790861070000,"halted_at_receipt":false,"quarantined_at_receipt":false}
11,-1,1790861070072,ea_event,ROLL_FILLED,{"type":"ea_event","seq":32,"ea_time_ms":95923437,"magic":null,"level":"INFO","code":"ROLL_FILLED","reason":null,"ticket":1977659141,"detail":{"ticket":1977659141,"level":1.12742}}
11,-1,1790861070072,ea_event,,{"type":"fill_log","seq":33,"ea_time_ms":95923437,"magic":22260201,"deal_ticket":800000024,"order_ticket":700000023,"position_id":900000012,"entry_type":"OUT_BY","deal_type":"SELL","side":null,"layer_index":null,"role":null,"deal_price":1.13249,"order_price_open":null,"slippage_pips":null,"volume":0.00,"profit":0.00,"swap":0.00,"commission":0.00,"deal_time_broker":"2026-10-01 13:24:30","deal_time_broker_msc":1790861070000,"halted_at_receipt":false,"quarantined_at_receipt":false}
11,-1,1790861070072,scalp,SCALP_CLOSED,{"close_time":"2026-10-01T13:24:30Z","instrument":"EURUSD","direction":"LONG","entry_price":1.13249,"exit_price":1.12843,"layer_depth":6,"stack_depth":7,"gross_pnl":-4.06,"instance_id":"GRIND_EURUSD_OPTC","ejected":false,"rolled":true,"broker_utc_offset_s":10800,"account_login":53077984}
11,-1,1790861235570,ea_event,,{"type":"fill_log","seq":34,"ea_time_ms":95923437,"magic":22260201,"deal_ticket":800000025,"order_ticket":9024,"position_id":900000013,"entry_type":"IN","deal_type":"SELL","side":"S","layer_index":2,"role":"ENT","deal_price":1.12870,"order_price_open":null,"slippage_pips":null,"volume":0.00,"profit":0.00,"swap":0.00,"commission":0.00,"deal_time_broker":"2026-10-01 13:27:15","deal_time_broker_msc":1790861235000,"halted_at_receipt":false,"quarantined_at_receipt":false}
11,-1,1790861462347,ea_event,,{"type":"fill_log","seq":35,"ea_time_ms":95923453,"magic":22260201,"deal_ticket":800000026,"order_ticket":9025,"position_id":900000014,"entry_type":"IN","deal_type":"BUY","side":"L","layer_index":5,"role":"EXT","deal_price":1.12912,"order_price_open":null,"slippage_pips":null,"volume":0.00,"profit":0.00,"swap":0.00,"commission":0.00,"deal_time_broker":"2026-10-01 13:31:02","deal_time_broker_msc":1790861462000,"halted_at_receipt":false,"quarantined_at_receipt":false}
11,-1,1790861463811,ea_event,,{"type":"fill_log","seq":36,"ea_time_ms":95923453,"magic":22260201,"deal_ticket":800000027,"order_ticket":700000027,"position_id":1976795819,"entry_type":"OUT_BY","deal_type":"SELL","side":null,"layer_index":null,"role":null,"deal_price":1.12912,"order_price_open":null,"slippage_pips":null,"volume":0.00,"profit":-4.07,"swap":-0.25,"commission":0.00,"deal_time_broker":"2026-10-01 13:31:03","deal_time_broker_msc":1790861463000,"halted_at_receipt":false,"quarantined_at_receipt":false}
11,-1,1790861463811,ea_event,ROLL_FILLED,{"type":"ea_event","seq":37,"ea_time_ms":95923453,"magic":null,"level":"INFO","code":"ROLL_FILLED","reason":null,"ticket":1976795819,"detail":{"ticket":1976795819,"level":1.12802}}
11,-1,1790861463811,ea_event,,{"type":"fill_log","seq":38,"ea_time_ms":95923453,"magic":22260201,"deal_ticket":800000028,"order_ticket":700000027,"position_id":900000014,"entry_type":"OUT_BY","deal_type":"SELL","side":null,"layer_index":null,"role":null,"deal_price":1.13319,"order_price_open":null,"slippage_pips":null,"volume":0.00,"profit":0.00,"swap":0.00,"commission":0.00,"deal_time_broker":"2026-10-01 13:31:03","deal_time_broker_msc":1790861463000,"halted_at_receipt":false,"quarantined_at_receipt":false}
11,-1,1790861463811,scalp,SCALP_CLOSED,{"close_time":"2026-10-01T13:31:03Z","instrument":"EURUSD","direction":"LONG","entry_price":1.13319,"exit_price":1.12912,"layer_depth":5,"stack_depth":6,"gross_pnl":-4.32,"instance_id":"GRIND_EURUSD_OPTC","ejected":false,"rolled":true,"broker_utc_offset_s":10800,"account_login":53077984}
11,-1,1790861696767,ea_event,,{"type":"fill_log","seq":39,"ea_time_ms":95923453,"magic":22260201,"deal_ticket":800000029,"order_ticket":9027,"position_id":900000015,"entry_type":"IN","deal_type":"SELL","side":"S","layer_index":3,"role":"ENT","deal_price":1.12930,"order_price_open":null,"slippage_pips":null,"volume":0.00,"profit":0.00,"swap":0.00,"commission":0.00,"deal_time_broker":"2026-10-01 13:34:56","deal_time_broker_msc":1790861696000,"halted_at_receipt":false,"quarantined_at_receipt":false}
11,-1,1790862848743,ea_event,,{"type":"fill_log","seq":40,"ea_time_ms":95923500,"magic":22260201,"deal_ticket":800000030,"order_ticket":9028,"position_id":900000016,"entry_type":"IN","deal_type":"BUY","side":"L","layer_index":4,"role":"EXT","deal_price":1.12970,"order_price_open":null,"slippage_pips":null,"volume":0.00,"profit":0.00,"swap":0.00,"commission":0.00,"deal_time_broker":"2026-10-01 13:54:08","deal_time_broker_msc":1790862848000,"halted_at_receipt":false,"quarantined_at_receipt":false}
11,-1,1790862849185,ea_event,,{"type":"fill_log","seq":41,"ea_time_ms":95923500,"magic":22260201,"deal_ticket":800000031,"order_ticket":700000031,"position_id":1976761826,"entry_type":"OUT_BY","deal_type":"SELL","side":null,"layer_index":null,"role":null,"deal_price":1.12970,"order_price_open":null,"slippage_pips":null,"volume":0.00,"profit":-4.19,"swap":-0.25,"commission":0.00,"deal_time_broker":"2026-10-01 13:54:09","deal_time_broker_msc":1790862849000,"halted_at_receipt":false,"quarantined_at_receipt":false}
11,-1,1790862849185,ea_event,ROLL_FILLED,{"type":"ea_event","seq":42,"ea_time_ms":95923500,"magic":null,"level":"INFO","code":"ROLL_FILLED","reason":null,"ticket":1976761826,"detail":{"ticket":1976761826,"level":1.12862}}
11,-1,1790862849185,ea_event,,{"type":"fill_log","seq":43,"ea_time_ms":95923500,"magic":22260201,"deal_ticket":800000032,"order_ticket":700000031,"position_id":900000016,"entry_type":"OUT_BY","deal_type":"SELL","side":null,"layer_index":null,"role":null,"deal_price":1.13389,"order_price_open":null,"slippage_pips":null,"volume":0.00,"profit":0.00,"swap":0.00,"commission":0.00,"deal_time_broker":"2026-10-01 13:54:09","deal_time_broker_msc":1790862849000,"halted_at_receipt":false,"quarantined_at_receipt":false}
11,-1,1790862849185,scalp,SCALP_CLOSED,{"close_time":"2026-10-01T13:54:09Z","instrument":"EURUSD","direction":"LONG","entry_price":1.13389,"exit_price":1.12970,"layer_depth":4,"stack_depth":5,"gross_pnl":-4.44,"instance_id":"GRIND_EURUSD_OPTC","ejected":false,"rolled":true,"broker_utc_offset_s":10800,"account_login":53077984}
11,-1,1790864161677,ea_event,,{"type":"fill_log","seq":44,"ea_time_ms":95923562,"magic":22260201,"deal_ticket":800000033,"order_ticket":9022,"position_id":900000017,"entry_type":"IN","deal_type":"BUY","side":"L","layer_index":9,"role":"ENT","deal_price":1.12862,"order_price_open":null,"slippage_pips":null,"volume":0.00,"profit":0.00,"swap":0.00,"commission":0.00,"deal_time_broker":"2026-10-01 14:16:01","deal_time_broker_msc":1790864161000,"halted_at_receipt":false,"quarantined_at_receipt":false}
11,-1,1790864643340,ea_event,,{"type":"fill_log","seq":45,"ea_time_ms":95923578,"magic":22260201,"deal_ticket":800000034,"order_ticket":9029,"position_id":900000018,"entry_type":"IN","deal_type":"SELL","side":"S","layer_index":3,"role":"EXT","deal_price":1.12828,"order_price_open":null,"slippage_pips":null,"volume":0.00,"profit":0.00,"swap":0.00,"commission":0.00,"deal_time_broker":"2026-10-01 14:24:03","deal_time_broker_msc":1790864643000,"halted_at_receipt":false,"quarantined_at_receipt":false}
11,-1,1790864643778,ea_event,,{"type":"fill_log","seq":46,"ea_time_ms":95923578,"magic":22260201,"deal_ticket":800000035,"order_ticket":700000035,"position_id":900000015,"entry_type":"OUT_BY","deal_type":"SELL","side":null,"layer_index":null,"role":null,"deal_price":1.12828,"order_price_open":null,"slippage_pips":null,"volume":0.00,"profit":1.02,"swap":0.00,"commission":0.00,"deal_time_broker":"2026-10-01 14:24:03","deal_time_broker_msc":1790864643000,"halted_at_receipt":false,"quarantined_at_receipt":false}
11,-1,1790864643778,ea_event,,{"type":"fill_log","seq":47,"ea_time_ms":95923578,"magic":22260201,"deal_ticket":800000036,"order_ticket":700000035,"position_id":900000018,"entry_type":"OUT_BY","deal_type":"SELL","side":null,"layer_index":null,"role":null,"deal_price":1.12930,"order_price_open":null,"slippage_pips":null,"volume":0.00,"profit":0.00,"swap":0.00,"commission":0.00,"deal_time_broker":"2026-10-01 14:24:03","deal_time_broker_msc":1790864643000,"halted_at_receipt":false,"quarantined_at_receipt":false}
11,-1,1790864643778,scalp,SCALP_CLOSED,{"close_time":"2026-10-01T14:24:03Z","instrument":"EURUSD","direction":"SHORT","entry_price":1.12930,"exit_price":1.12828,"layer_depth":3,"stack_depth":4,"gross_pnl":1.02,"instance_id":"GRIND_EURUSD_OPTC","ejected":false,"rolled":false,"broker_utc_offset_s":10800,"account_login":53077984}
11,-1,1790865577653,ea_event,,{"type":"fill_log","seq":48,"ea_time_ms":95923609,"magic":22260201,"deal_ticket":800000037,"order_ticket":9035,"position_id":900000019,"entry_type":"IN","deal_type":"SELL","side":"S","layer_index":3,"role":"ENT","deal_price":1.12932,"order_price_open":null,"slippage_pips":null,"volume":0.00,"profit":0.00,"swap":0.00,"commission":0.00,"deal_time_broker":"2026-10-01 14:39:37","deal_time_broker_msc":1790865577000,"halted_at_receipt":false,"quarantined_at_receipt":false}
11,-1,1790865760045,ea_event,,{"type":"fill_log","seq":49,"ea_time_ms":95923609,"magic":22260201,"deal_ticket":800000038,"order_ticket":9032,"position_id":900000020,"entry_type":"IN","deal_type":"BUY","side":"L","layer_index":9,"role":"EXT","deal_price":1.12963,"order_price_open":null,"slippage_pips":null,"volume":0.00,"profit":0.00,"swap":0.00,"commission":0.00,"deal_time_broker":"2026-10-01 14:42:40","deal_time_broker_msc":1790865760000,"halted_at_receipt":false,"quarantined_at_receipt":false}
11,-1,1790865760482,ea_event,,{"type":"fill_log","seq":50,"ea_time_ms":95923609,"magic":22260201,"deal_ticket":800000039,"order_ticket":700000039,"position_id":900000017,"entry_type":"OUT_BY","deal_type":"SELL","side":null,"layer_index":null,"role":null,"deal_price":1.12963,"order_price_open":null,"slippage_pips":null,"volume":0.00,"profit":1.01,"swap":0.00,"commission":0.00,"deal_time_broker":"2026-10-01 14:42:40","deal_time_broker_msc":1790865760000,"halted_at_receipt":false,"quarantined_at_receipt":false}
11,-1,1790865760482,ea_event,,{"type":"fill_log","seq":51,"ea_time_ms":95923609,"magic":22260201,"deal_ticket":800000040,"order_ticket":700000039,"position_id":900000020,"entry_type":"OUT_BY","deal_type":"SELL","side":null,"layer_index":null,"role":null,"deal_price":1.12862,"order_price_open":null,"slippage_pips":null,"volume":0.00,"profit":0.00,"swap":0.00,"commission":0.00,"deal_time_broker":"2026-10-01 14:42:40","deal_time_broker_msc":1790865760000,"halted_at_receipt":false,"quarantined_at_receipt":false}
11,-1,1790865760482,scalp,SCALP_CLOSED,{"close_time":"2026-10-01T14:42:40Z","instrument":"EURUSD","direction":"LONG","entry_price":1.12862,"exit_price":1.12963,"layer_depth":9,"stack_depth":5,"gross_pnl":1.01,"instance_id":"GRIND_EURUSD_OPTC","ejected":false,"rolled":false,"broker_utc_offset_s":10800,"account_login":53077984}
11,-1,1790865914307,ea_event,,{"type":"fill_log","seq":52,"ea_time_ms":95923609,"magic":22260201,"deal_ticket":800000041,"order_ticket":9037,"position_id":900000021,"entry_type":"IN","deal_type":"SELL","side":"S","layer_index":4,"role":"ENT","deal_price":1.12992,"order_price_open":null,"slippage_pips":null,"volume":0.00,"profit":0.00,"swap":0.00,"commission":0.00,"deal_time_broker":"2026-10-01 14:45:14","deal_time_broker_msc":1790865914000,"halted_at_receipt":false,"quarantined_at_receipt":false}
11,-1,1790866087806,ea_event,,{"type":"fill_log","seq":53,"ea_time_ms":95923625,"magic":22260201,"deal_ticket":800000042,"order_ticket":9038,"position_id":900000022,"entry_type":"IN","deal_type":"BUY","side":"L","layer_index":8,"role":"EXT","deal_price":1.13022,"order_price_open":null,"slippage_pips":null,"volume":0.00,"profit":0.00,"swap":0.00,"commission":0.00,"deal_time_broker":"2026-10-01 14:48:07","deal_time_broker_msc":1790866087000,"halted_at_receipt":false,"quarantined_at_receipt":false}
11,-1,1790866088246,ea_event,,{"type":"fill_log","seq":54,"ea_time_ms":95923625,"magic":22260201,"deal_ticket":800000043,"order_ticket":700000043,"position_id":900000006,"entry_type":"OUT_BY","deal_type":"SELL","side":null,"layer_index":null,"role":null,"deal_price":1.13022,"order_price_open":null,"slippage_pips":null,"volume":0.00,"profit":1.00,"swap":0.00,"commission":0.00,"deal_time_broker":"2026-10-01 14:48:08","deal_time_broker_msc":1790866088000,"halted_at_receipt":false,"quarantined_at_receipt":false}
11,-1,1790866088246,ea_event,,{"type":"fill_log","seq":55,"ea_time_ms":95923625,"magic":22260201,"deal_ticket":800000044,"order_ticket":700000043,"position_id":900000022,"entry_type":"OUT_BY","deal_type":"SELL","side":null,"layer_index":null,"role":null,"deal_price":1.12922,"order_price_open":null,"slippage_pips":null,"volume":0.00,"profit":0.00,"swap":0.00,"commission":0.00,"deal_time_broker":"2026-10-01 14:48:08","deal_time_broker_msc":1790866088000,"halted_at_receipt":false,"quarantined_at_receipt":false}
11,-1,1790866088246,scalp,SCALP_CLOSED,{"close_time":"2026-10-01T14:48:08Z","instrument":"EURUSD","direction":"LONG","entry_price":1.12922,"exit_price":1.13022,"layer_depth":8,"stack_depth":4,"gross_pnl":1.00,"instance_id":"GRIND_EURUSD_OPTC","ejected":false,"rolled":false,"broker_utc_offset_s":10800,"account_login":53077984}
11,-1,1790866348658,ea_event,,{"type":"fill_log","seq":56,"ea_time_ms":95923640,"magic":22260201,"deal_ticket":800000045,"order_ticket":9041,"position_id":900000023,"entry_type":"IN","deal_type":"SELL","side":"S","layer_index":5,"role":"ENT","deal_price":1.13053,"order_price_open":null,"slippage_pips":null,"volume":0.00,"profit":0.00,"swap":0.00,"commission":0.00,"deal_time_broker":"2026-10-01 14:52:28","deal_time_broker_msc":1790866348000,"halted_at_receipt":false,"quarantined_at_receipt":false}
11,-1,1790866503795,ea_event,,{"type":"fill_log","seq":57,"ea_time_ms":95923640,"magic":22260201,"deal_ticket":800000046,"order_ticket":9042,"position_id":900000024,"entry_type":"IN","deal_type":"BUY","side":"L","layer_index":2,"role":"EXT","deal_price":1.13094,"order_price_open":null,"slippage_pips":null,"volume":0.00,"profit":0.00,"swap":0.00,"commission":0.00,"deal_time_broker":"2026-10-01 14:55:03","deal_time_broker_msc":1790866503000,"halted_at_receipt":false,"quarantined_at_receipt":false}
11,-1,1790866504229,ea_event,,{"type":"fill_log","seq":58,"ea_time_ms":95923640,"magic":22260201,"deal_ticket":800000047,"order_ticket":700000047,"position_id":1976074198,"entry_type":"OUT_BY","deal_type":"SELL","side":null,"layer_index":null,"role":null,"deal_price":1.13094,"order_price_open":null,"slippage_pips":null,"volume":0.00,"profit":-4.36,"swap":-0.25,"commission":0.00,"deal_time_broker":"2026-10-01 14:55:04","deal_time_broker_msc":1790866504000,"halted_at_receipt":false,"quarantined_at_receipt":false}
11,-1,1790866504229,ea_event,ROLL_FILLED,{"type":"ea_event","seq":59,"ea_time_ms":95923640,"magic":null,"level":"INFO","code":"ROLL_FILLED","reason":null,"ticket":1976074198,"detail":{"ticket":1976074198,"level":1.12984}}
11,-1,1790866504229,ea_event,,{"type":"fill_log","seq":60,"ea_time_ms":95923640,"magic":22260201,"deal_ticket":800000048,"order_ticket":700000047,"position_id":900000024,"entry_type":"OUT_BY","deal_type":"SELL","side":null,"layer_index":null,"role":null,"deal_price":1.13530,"order_price_open":null,"slippage_pips":null,"volume":0.00,"profit":0.00,"swap":0.00,"commission":0.00,"deal_time_broker":"2026-10-01 14:55:04","deal_time_broker_msc":1790866504000,"halted_at_receipt":false,"quarantined_at_receipt":false}
11,-1,1790866504229,scalp,SCALP_CLOSED,{"close_time":"2026-10-01T14:55:04Z","instrument":"EURUSD","direction":"LONG","entry_price":1.13530,"exit_price":1.13094,"layer_depth":2,"stack_depth":3,"gross_pnl":-4.61,"instance_id":"GRIND_EURUSD_OPTC","ejected":false,"rolled":true,"broker_utc_offset_s":10800,"account_login":53077984}
11,-1,1790866621289,ea_event,,{"type":"fill_log","seq":61,"ea_time_ms":95923656,"magic":22260201,"deal_ticket":800000049,"order_ticket":9045,"position_id":900000025,"entry_type":"IN","deal_type":"SELL","side":"S","layer_index":6,"role":"ENT","deal_price":1.13114,"order_price_open":null,"slippage_pips":null,"volume":0.00,"profit":0.00,"swap":0.00,"commission":0.00,"deal_time_broker":"2026-10-01 14:57:01","deal_time_broker_msc":1790866621000,"halted_at_receipt":false,"quarantined_at_receipt":false}
11,-1,1790867255257,ea_event,,{"type":"fill_log","seq":62,"ea_time_ms":95923671,"magic":22260201,"deal_ticket":800000050,"order_ticket":9048,"position_id":900000026,"entry_type":"IN","deal_type":"SELL","side":"S","layer_index":6,"role":"EXT","deal_price":1.13014,"order_price_open":null,"slippage_pips":null,"volume":0.00,"profit":0.00,"swap":0.00,"commission":0.00,"deal_time_broker":"2026-10-01 15:07:35","deal_time_broker_msc":1790867255000,"halted_at_receipt":false,"quarantined_at_receipt":false}
11,-1,1790867255692,ea_event,,{"type":"fill_log","seq":63,"ea_time_ms":95923671,"magic":22260201,"deal_ticket":800000051,"order_ticket":700000051,"position_id":900000025,"entry_type":"OUT_BY","deal_type":"SELL","side":null,"layer_index":null,"role":null,"deal_price":1.13014,"order_price_open":null,"slippage_pips":null,"volume":0.00,"profit":1.00,"swap":0.00,"commission":0.00,"deal_time_broker":"2026-10-01 15:07:35","deal_time_broker_msc":1790867255000,"halted_at_receipt":false,"quarantined_at_receipt":false}
11,-1,1790867255692,ea_event,,{"type":"fill_log","seq":64,"ea_time_ms":95923671,"magic":22260201,"deal_ticket":800000052,"order_ticket":700000051,"position_id":900000026,"entry_type":"OUT_BY","deal_type":"SELL","side":null,"layer_index":null,"role":null,"deal_price":1.13114,"order_price_open":null,"slippage_pips":null,"volume":0.00,"profit":0.00,"swap":0.00,"commission":0.00,"deal_time_broker":"2026-10-01 15:07:35","deal_time_broker_msc":1790867255000,"halted_at_receipt":false,"quarantined_at_receipt":false}
11,-1,1790867255692,scalp,SCALP_CLOSED,{"close_time":"2026-10-01T15:07:35Z","instrument":"EURUSD","direction":"SHORT","entry_price":1.13114,"exit_price":1.13014,"layer_depth":6,"stack_depth":7,"gross_pnl":1.00,"instance_id":"GRIND_EURUSD_OPTC","ejected":false,"rolled":false,"broker_utc_offset_s":10800,"account_login":53077984}
11,-1,1790867401248,ea_event,,{"type":"fill_log","seq":65,"ea_time_ms":95923687,"magic":22260201,"deal_ticket":800000053,"order_ticket":9047,"position_id":900000027,"entry_type":"IN","deal_type":"BUY","side":"L","layer_index":2,"role":"ENT","deal_price":1.12984,"order_price_open":null,"slippage_pips":null,"volume":0.00,"profit":0.00,"swap":0.00,"commission":0.00,"deal_time_broker":"2026-10-01 15:10:01","deal_time_broker_msc":1790867401000,"halted_at_receipt":false,"quarantined_at_receipt":false}
11,-1,1790868172719,ea_event,,{"type":"fill_log","seq":66,"ea_time_ms":95923703,"magic":22260201,"deal_ticket":800000054,"order_ticket":9050,"position_id":900000028,"entry_type":"IN","deal_type":"SELL","side":"S","layer_index":5,"role":"EXT","deal_price":1.12953,"order_price_open":null,"slippage_pips":null,"volume":0.00,"profit":0.00,"swap":0.00,"commission":0.00,"deal_time_broker":"2026-10-01 15:22:52","deal_time_broker_msc":1790868172000,"halted_at_receipt":false,"quarantined_at_receipt":false}
11,-1,1790868173555,ea_event,,{"type":"fill_log","seq":67,"ea_time_ms":95923703,"magic":22260201,"deal_ticket":800000055,"order_ticket":700000055,"position_id":900000023,"entry_type":"OUT_BY","deal_type":"SELL","side":null,"layer_index":null,"role":null,"deal_price":1.12953,"order_price_open":null,"slippage_pips":null,"volume":0.00,"profit":1.00,"swap":0.00,"commission":0.00,"deal_time_broker":"2026-10-01 15:22:53","deal_time_broker_msc":1790868173000,"halted_at_receipt":false,"quarantined_at_receipt":false}
11,-1,1790868173555,ea_event,,{"type":"fill_log","seq":68,"ea_time_ms":95923703,"magic":22260201,"deal_ticket":800000056,"order_ticket":700000055,"position_id":900000028,"entry_type":"OUT_BY","deal_type":"SELL","side":null,"layer_index":null,"role":null,"deal_price":1.13053,"order_price_open":null,"slippage_pips":null,"volume":0.00,"profit":0.00,"swap":0.00,"commission":0.00,"deal_time_broker":"2026-10-01 15:22:53","deal_time_broker_msc":1790868173000,"halted_at_receipt":false,"quarantined_at_receipt":false}
11,-1,1790868173555,scalp,SCALP_CLOSED,{"close_time":"2026-10-01T15:22:53Z","instrument":"EURUSD","direction":"SHORT","entry_price":1.13053,"exit_price":1.12953,"layer_depth":5,"stack_depth":6,"gross_pnl":1.00,"instance_id":"GRIND_EURUSD_OPTC","ejected":false,"rolled":false,"broker_utc_offset_s":10800,"account_login":53077984}
11,-1,1790868364695,ea_event,,{"type":"fill_log","seq":69,"ea_time_ms":95923703,"magic":22260201,"deal_ticket":800000057,"order_ticket":9053,"position_id":900000029,"entry_type":"IN","deal_type":"BUY","side":"L","layer_index":3,"role":"ENT","deal_price":1.12922,"order_price_open":null,"slippage_pips":null,"volume":0.00,"profit":0.00,"swap":0.00,"commission":0.00,"deal_time_broker":"2026-10-01 15:26:04","deal_time_broker_msc":1790868364000,"halted_at_receipt":false,"quarantined_at_receipt":false}
11,-1,1790869493038,ea_event,,{"type":"fill_log","seq":70,"ea_time_ms":95923750,"magic":22260201,"deal_ticket":800000058,"order_ticket":9054,"position_id":900000030,"entry_type":"IN","deal_type":"SELL","side":"S","layer_index":4,"role":"EXT","deal_price":1.12893,"order_price_open":null,"slippage_pips":null,"volume":0.00,"profit":0.00,"swap":0.00,"commission":0.00,"deal_time_broker":"2026-10-01 15:44:53","deal_time_broker_msc":1790869493000,"halted_at_receipt":false,"quarantined_at_receipt":false}
11,-1,1790869493870,ea_event,,{"type":"fill_log","seq":71,"ea_time_ms":95923750,"magic":22260201,"deal_ticket":800000059,"order_ticket":700000059,"position_id":900000021,"entry_type":"OUT_BY","deal_type":"SELL","side":null,"layer_index":null,"role":null,"deal_price":1.12893,"order_price_open":null,"slippage_pips":null,"volume":0.00,"profit":0.99,"swap":0.00,"commission":0.00,"deal_time_broker":"2026-10-01 15:44:53","deal_time_broker_msc":1790869493000,"halted_at_receipt":false,"quarantined_at_receipt":false}
11,-1,1790869493870,ea_event,,{"type":"fill_log","seq":72,"ea_time_ms":95923750,"magic":22260201,"deal_ticket":800000060,"order_ticket":700000059,"position_id":900000030,"entry_type":"OUT_BY","deal_type":"SELL","side":null,"layer_index":null,"role":null,"deal_price":1.12992,"order_price_open":null,"slippage_pips":null,"volume":0.00,"profit":0.00,"swap":0.00,"commission":0.00,"deal_time_broker":"2026-10-01 15:44:53","deal_time_broker_msc":1790869493000,"halted_at_receipt":false,"quarantined_at_receipt":false}
11,-1,1790869493870,scalp,SCALP_CLOSED,{"close_time":"2026-10-01T15:44:53Z","instrument":"EURUSD","direction":"SHORT","entry_price":1.12992,"exit_price":1.12893,"layer_depth":4,"stack_depth":5,"gross_pnl":0.99,"instance_id":"GRIND_EURUSD_OPTC","ejected":false,"rolled":false,"broker_utc_offset_s":10800,"account_login":53077984}
11,-1,1790869746554,ea_event,,{"type":"fill_log","seq":73,"ea_time_ms":95923765,"magic":22260201,"deal_ticket":800000061,"order_ticket":9057,"position_id":900000031,"entry_type":"IN","deal_type":"BUY","side":"L","layer_index":4,"role":"ENT","deal_price":1.12862,"order_price_open":null,"slippage_pips":null,"volume":0.00,"profit":0.00,"swap":0.00,"commission":0.00,"deal_time_broker":"2026-10-01 15:49:06","deal_time_broker_msc":1790869746000,"halted_at_receipt":false,"quarantined_at_receipt":false}
11,-1,1790871427366,ea_event,,{"type":"fill_log","seq":74,"ea_time_ms":95923812,"magic":22260201,"deal_ticket":800000062,"order_ticket":9058,"position_id":900000032,"entry_type":"IN","deal_type":"SELL","side":"S","layer_index":3,"role":"EXT","deal_price":1.12832,"order_price_open":null,"slippage_pips":null,"volume":0.00,"profit":0.00,"swap":0.00,"commission":0.00,"deal_time_broker":"2026-10-01 16:17:07","deal_time_broker_msc":1790871427000,"halted_at_receipt":false,"quarantined_at_receipt":false}
11,-1,1790871428409,ea_event,,{"type":"fill_log","seq":75,"ea_time_ms":95923812,"magic":22260201,"deal_ticket":800000063,"order_ticket":700000063,"position_id":900000019,"entry_type":"OUT_BY","deal_type":"SELL","side":null,"layer_index":null,"role":null,"deal_price":1.12832,"order_price_open":null,"slippage_pips":null,"volume":0.00,"profit":1.00,"swap":0.00,"commission":0.00,"deal_time_broker":"2026-10-01 16:17:08","deal_time_broker_msc":1790871428000,"halted_at_receipt":false,"quarantined_at_receipt":false}
11,-1,1790871428409,ea_event,,{"type":"fill_log","seq":76,"ea_time_ms":95923812,"magic":22260201,"deal_ticket":800000064,"order_ticket":700000063,"position_id":900000032,"entry_type":"OUT_BY","deal_type":"SELL","side":null,"layer_index":null,"role":null,"deal_price":1.12932,"order_price_open":null,"slippage_pips":null,"volume":0.00,"profit":0.00,"swap":0.00,"commission":0.00,"deal_time_broker":"2026-10-01 16:17:08","deal_time_broker_msc":1790871428000,"halted_at_receipt":false,"quarantined_at_receipt":false}
11,-1,1790871428409,scalp,SCALP_CLOSED,{"close_time":"2026-10-01T16:17:08Z","instrument":"EURUSD","direction":"SHORT","entry_price":1.12932,"exit_price":1.12832,"layer_depth":3,"stack_depth":4,"gross_pnl":1.00,"instance_id":"GRIND_EURUSD_OPTC","ejected":false,"rolled":false,"broker_utc_offset_s":10800,"account_login":53077984}
11,-1,1790873328696,ea_event,,{"type":"fill_log","seq":77,"ea_time_ms":95923875,"magic":22260201,"deal_ticket":800000065,"order_ticket":9063,"position_id":900000033,"entry_type":"IN","deal_type":"SELL","side":"S","layer_index":3,"role":"ENT","deal_price":1.12931,"order_price_open":null,"slippage_pips":null,"volume":0.00,"profit":0.00,"swap":0.00,"commission":0.00,"deal_time_broker":"2026-10-01 16:48:48","deal_time_broker_msc":1790873328000,"halted_at_receipt":false,"quarantined_at_receipt":false}
11,-1,1790873703275,ea_event,,{"type":"fill_log","seq":78,"ea_time_ms":95923890,"magic":22260201,"deal_ticket":800000066,"order_ticket":9060,"position_id":900000034,"entry_type":"IN","deal_type":"BUY","side":"L","layer_index":4,"role":"EXT","deal_price":1.12961,"order_price_open":null,"slippage_pips":null,"volume":0.00,"profit":0.00,"swap":0.00,"commission":0.00,"deal_time_broker":"2026-10-01 16:55:03","deal_time_broker_msc":1790873703000,"halted_at_receipt":false,"quarantined_at_receipt":false}
11,-1,1790873704118,ea_event,,{"type":"fill_log","seq":79,"ea_time_ms":95923890,"magic":22260201,"deal_ticket":800000067,"order_ticket":700000067,"position_id":900000031,"entry_type":"OUT_BY","deal_type":"SELL","side":null,"layer_index":null,"role":null,"deal_price":1.12961,"order_price_open":null,"slippage_pips":null,"volume":0.00,"profit":0.99,"swap":0.00,"commission":0.00,"deal_time_broker":"2026-10-01 16:55:04","deal_time_broker_msc":1790873704000,"halted_at_receipt":false,"quarantined_at_receipt":false}
11,-1,1790873704118,ea_event,,{"type":"fill_log","seq":80,"ea_time_ms":95923890,"magic":22260201,"deal_ticket":800000068,"order_ticket":700000067,"position_id":900000034,"entry_type":"OUT_BY","deal_type":"SELL","side":null,"layer_index":null,"role":null,"deal_price":1.12862,"order_price_open":null,"slippage_pips":null,"volume":0.00,"profit":0.00,"swap":0.00,"commission":0.00,"deal_time_broker":"2026-10-01 16:55:04","deal_time_broker_msc":1790873704000,"halted_at_receipt":false,"quarantined_at_receipt":false}
11,-1,1790873704118,scalp,SCALP_CLOSED,{"close_time":"2026-10-01T16:55:04Z","instrument":"EURUSD","direction":"LONG","entry_price":1.12862,"exit_price":1.12961,"layer_depth":4,"stack_depth":5,"gross_pnl":0.99,"instance_id":"GRIND_EURUSD_OPTC","ejected":false,"rolled":false,"broker_utc_offset_s":10800,"account_login":53077984}
11,-1,1790874311522,ea_event,,{"type":"fill_log","seq":81,"ea_time_ms":95923921,"magic":22260201,"deal_ticket":800000069,"order_ticket":9067,"position_id":900000035,"entry_type":"IN","deal_type":"BUY","side":"L","layer_index":4,"role":"ENT","deal_price":1.12863,"order_price_open":null,"slippage_pips":null,"volume":0.00,"profit":0.00,"swap":0.00,"commission":0.00,"deal_time_broker":"2026-10-01 17:05:11","deal_time_broker_msc":1790874311000,"halted_at_receipt":false,"quarantined_at_receipt":false}
11,-1,1790875847181,ea_event,,{"type":"fill_log","seq":82,"ea_time_ms":95924015,"magic":22260201,"deal_ticket":800000070,"order_ticket":9064,"position_id":900000036,"entry_type":"IN","deal_type":"SELL","side":"S","layer_index":3,"role":"EXT","deal_price":1.12831,"order_price_open":null,"slippage_pips":null,"volume":0.00,"profit":0.00,"swap":0.00,"commission":0.00,"deal_time_broker":"2026-10-01 17:30:47","deal_time_broker_msc":1790875847000,"halted_at_receipt":false,"quarantined_at_receipt":false}
11,-1,1790875847615,ea_event,,{"type":"fill_log","seq":83,"ea_time_ms":95924015,"magic":22260201,"deal_ticket":800000071,"order_ticket":700000071,"position_id":900000033,"entry_type":"OUT_BY","deal_type":"SELL","side":null,"layer_index":null,"role":null,"deal_price":1.12831,"order_price_open":null,"slippage_pips":null,"volume":0.00,"profit":1.00,"swap":0.00,"commission":0.00,"deal_time_broker":"2026-10-01 17:30:47","deal_time_broker_msc":1790875847000,"halted_at_receipt":false,"quarantined_at_receipt":false}
11,-1,1790875847615,ea_event,,{"type":"fill_log","seq":84,"ea_time_ms":95924015,"magic":22260201,"deal_ticket":800000072,"order_ticket":700000071,"position_id":900000036,"entry_type":"OUT_BY","deal_type":"SELL","side":null,"layer_index":null,"role":null,"deal_price":1.12931,"order_price_open":null,"slippage_pips":null,"volume":0.00,"profit":0.00,"swap":0.00,"commission":0.00,"deal_time_broker":"2026-10-01 17:30:47","deal_time_broker_msc":1790875847000,"halted_at_receipt":false,"quarantined_at_receipt":false}
11,-1,1790875847615,scalp,SCALP_CLOSED,{"close_time":"2026-10-01T17:30:47Z","instrument":"EURUSD","direction":"SHORT","entry_price":1.12931,"exit_price":1.12831,"layer_depth":3,"stack_depth":4,"gross_pnl":1.00,"instance_id":"GRIND_EURUSD_OPTC","ejected":false,"rolled":false,"broker_utc_offset_s":10800,"account_login":53077984}
11,-1,1790876512257,ea_event,,{"type":"fill_log","seq":85,"ea_time_ms":95924046,"magic":22260201,"deal_ticket":800000073,"order_ticket":9069,"position_id":900000037,"entry_type":"IN","deal_type":"BUY","side":"L","layer_index":5,"role":"ENT","deal_price":1.12803,"order_price_open":null,"slippage_pips":null,"volume":0.00,"profit":0.00,"swap":0.00,"commission":0.00,"deal_time_broker":"2026-10-01 17:41:52","deal_time_broker_msc":1790876512000,"halted_at_receipt":false,"quarantined_at_receipt":false}
11,-1,1790876595465,ea_event,,{"type":"fill_log","seq":86,"ea_time_ms":95924046,"magic":22260201,"deal_ticket":800000074,"order_ticket":9070,"position_id":900000038,"entry_type":"IN","deal_type":"SELL","side":"S","layer_index":2,"role":"EXT","deal_price":1.12769,"order_price_open":null,"slippage_pips":null,"volume":0.00,"profit":0.00,"swap":0.00,"commission":0.00,"deal_time_broker":"2026-10-01 17:43:15","deal_time_broker_msc":1790876595000,"halted_at_receipt":false,"quarantined_at_receipt":false}
11,-1,1790876595901,ea_event,,{"type":"fill_log","seq":87,"ea_time_ms":95924046,"magic":22260201,"deal_ticket":800000075,"order_ticket":700000075,"position_id":900000013,"entry_type":"OUT_BY","deal_type":"SELL","side":null,"layer_index":null,"role":null,"deal_price":1.12769,"order_price_open":null,"slippage_pips":null,"volume":0.00,"profit":1.01,"swap":0.00,"commission":0.00,"deal_time_broker":"2026-10-01 17:43:15","deal_time_broker_msc":1790876595000,"halted_at_receipt":false,"quarantined_at_receipt":false}
11,-1,1790876595901,ea_event,,{"type":"fill_log","seq":88,"ea_time_ms":95924046,"magic":22260201,"deal_ticket":800000076,"order_ticket":700000075,"position_id":900000038,"entry_type":"OUT_BY","deal_type":"SELL","side":null,"layer_index":null,"role":null,"deal_price":1.12870,"order_price_open":null,"slippage_pips":null,"volume":0.00,"profit":0.00,"swap":0.00,"commission":0.00,"deal_time_broker":"2026-10-01 17:43:15","deal_time_broker_msc":1790876595000,"halted_at_receipt":false,"quarantined_at_receipt":false}
11,-1,1790876595901,scalp,SCALP_CLOSED,{"close_time":"2026-10-01T17:43:15Z","instrument":"EURUSD","direction":"SHORT","entry_price":1.12870,"exit_price":1.12769,"layer_depth":2,"stack_depth":3,"gross_pnl":1.01,"instance_id":"GRIND_EURUSD_OPTC","ejected":false,"rolled":false,"broker_utc_offset_s":10800,"account_login":53077984}
11,-1,1790876625626,ea_event,,{"type":"fill_log","seq":89,"ea_time_ms":95924046,"magic":22260201,"deal_ticket":800000077,"order_ticket":9073,"position_id":900000039,"entry_type":"IN","deal_type":"BUY","side":"L","layer_index":6,"role":"ENT","deal_price":1.12743,"order_price_open":null,"slippage_pips":null,"volume":0.00,"profit":0.00,"swap":0.00,"commission":0.00,"deal_time_broker":"2026-10-01 17:43:45","deal_time_broker_msc":1790876625000,"halted_at_receipt":false,"quarantined_at_receipt":false}
11,-1,1790876786391,ea_event,,{"type":"fill_log","seq":90,"ea_time_ms":95924062,"magic":22260201,"deal_ticket":800000078,"order_ticket":9074,"position_id":900000040,"entry_type":"IN","deal_type":"SELL","side":"S","layer_index":1,"role":"EXT","deal_price":1.12708,"order_price_open":null,"slippage_pips":null,"volume":0.00,"profit":0.00,"swap":0.00,"commission":0.00,"deal_time_broker":"2026-10-01 17:46:26","deal_time_broker_msc":1790876786000,"halted_at_receipt":false,"quarantined_at_receipt":false}
11,-1,1790876787023,ea_event,,{"type":"fill_log","seq":91,"ea_time_ms":95924062,"magic":22260201,"deal_ticket":800000079,"order_ticket":700000079,"position_id":900000011,"entry_type":"OUT_BY","deal_type":"SELL","side":null,"layer_index":null,"role":null,"deal_price":1.12708,"order_price_open":null,"slippage_pips":null,"volume":0.00,"profit":1.01,"swap":0.00,"commission":0.00,"deal_time_broker":"2026-10-01 17:46:27","deal_time_broker_msc":1790876787000,"halted_at_receipt":false,"quarantined_at_receipt":false}
11,-1,1790876787023,ea_event,,{"type":"fill_log","seq":92,"ea_time_ms":95924062,"magic":22260201,"deal_ticket":800000080,"order_ticket":700000079,"position_id":900000040,"entry_type":"OUT_BY","deal_type":"SELL","side":null,"layer_index":null,"role":null,"deal_price":1.12809,"order_price_open":null,"slippage_pips":null,"volume":0.00,"profit":0.00,"swap":0.00,"commission":0.00,"deal_time_broker":"2026-10-01 17:46:27","deal_time_broker_msc":1790876787000,"halted_at_receipt":false,"quarantined_at_receipt":false}
11,-1,1790876787023,scalp,SCALP_CLOSED,{"close_time":"2026-10-01T17:46:27Z","instrument":"EURUSD","direction":"SHORT","entry_price":1.12809,"exit_price":1.12708,"layer_depth":1,"stack_depth":2,"gross_pnl":1.01,"instance_id":"GRIND_EURUSD_OPTC","ejected":false,"rolled":false,"broker_utc_offset_s":10800,"account_login":53077984}
11,-1,1790876806100,ea_event,,{"type":"fill_log","seq":93,"ea_time_ms":95924062,"magic":22260201,"deal_ticket":800000081,"order_ticket":9077,"position_id":900000041,"entry_type":"IN","deal_type":"BUY","side":"L","layer_index":7,"role":"ENT","deal_price":1.12683,"order_price_open":null,"slippage_pips":null,"volume":0.00,"profit":0.00,"swap":0.00,"commission":0.00,"deal_time_broker":"2026-10-01 17:46:46","deal_time_broker_msc":1790876806000,"halted_at_receipt":false,"quarantined_at_receipt":false}
11,-1,1790877042278,ea_event,,{"type":"fill_log","seq":94,"ea_time_ms":95924078,"magic":22260201,"deal_ticket":800000082,"order_ticket":9019,"position_id":900000042,"entry_type":"IN","deal_type":"SELL","side":"S","layer_index":0,"role":"EXT","deal_price":1.12648,"order_price_open":null,"slippage_pips":null,"volume":0.00,"profit":0.00,"swap":0.00,"commission":0.00,"deal_time_broker":"2026-10-01 17:50:42","deal_time_broker_msc":1790877042000,"halted_at_receipt":false,"quarantined_at_receipt":false}
11,-1,1790877043118,ea_event,,{"type":"fill_log","seq":95,"ea_time_ms":95924078,"magic":22260201,"deal_ticket":800000083,"order_ticket":700000083,"position_id":900000009,"entry_type":"OUT_BY","deal_type":"SELL","side":null,"layer_index":null,"role":null,"deal_price":1.12648,"order_price_open":null,"slippage_pips":null,"volume":0.00,"profit":1.01,"swap":0.00,"commission":0.00,"deal_time_broker":"2026-10-01 17:50:43","deal_time_broker_msc":1790877043000,"halted_at_receipt":false,"quarantined_at_receipt":false}
11,-1,1790877043118,ea_event,,{"type":"fill_log","seq":96,"ea_time_ms":95924078,"magic":22260201,"deal_ticket":800000084,"order_ticket":700000083,"position_id":900000042,"entry_type":"OUT_BY","deal_type":"SELL","side":null,"layer_index":null,"role":null,"deal_price":1.12749,"order_price_open":null,"slippage_pips":null,"volume":0.00,"profit":0.00,"swap":0.00,"commission":0.00,"deal_time_broker":"2026-10-01 17:50:43","deal_time_broker_msc":1790877043000,"halted_at_receipt":false,"quarantined_at_receipt":false}
11,-1,1790877043118,scalp,SCALP_CLOSED,{"close_time":"2026-10-01T17:50:43Z","instrument":"EURUSD","direction":"SHORT","entry_price":1.12749,"exit_price":1.12648,"layer_depth":0,"stack_depth":1,"gross_pnl":1.01,"instance_id":"GRIND_EURUSD_OPTC","ejected":false,"rolled":false,"broker_utc_offset_s":10800,"account_login":53077984}
11,-1,1790877132806,ea_event,ROLL_ACCEPTED,{"type":"ea_event","seq":97,"ea_time_ms":95924078,"magic":null,"level":"INFO","code":"ROLL_ACCEPTED","reason":null,"ticket":900000027,"detail":{"ticket":900000027,"side":"L","layer_index":2,"entry":1.12984,"level":1.12623,"target":1.12723,"accrued":0.00000,"clamped":false,"cost":0.00261,"cost_pips":26.1,"rolled":3,"was_ejected":false,"source":"auto","reroll":false,"from_level":0.00000}}
11,-1,1790877934543,ea_event,ROLL_ACCEPTED,{"type":"ea_event","seq":98,"ea_time_ms":95924125,"magic":null,"level":"INFO","code":"ROLL_ACCEPTED","reason":null,"ticket":900000029,"detail":{"ticket":900000029,"side":"L","layer_index":3,"entry":1.12922,"level":1.12563,"target":1.12663,"accrued":0.00000,"clamped":false,"cost":0.00259,"cost_pips":25.9,"rolled":4,"was_ejected":false,"source":"auto","reroll":false,"from_level":0.00000}}
11,-1,1790879405342,ea_event,ROLL_ACCEPTED,{"type":"ea_event","seq":99,"ea_time_ms":95924203,"magic":null,"level":"INFO","code":"ROLL_ACCEPTED","reason":null,"ticket":900000035,"detail":{"ticket":900000035,"side":"L","layer_index":4,"entry":1.12863,"level":1.12503,"target":1.12603,"accrued":0.00000,"clamped":false,"cost":0.00260,"cost_pips":26.0,"rolled":5,"was_ejected":false,"source":"auto","reroll":false,"from_level":0.00000}}
11,-1,1790879436257,ea_event,ROLL_ACCEPTED,{"type":"ea_event","seq":100,"ea_time_ms":95924203,"magic":null,"level":"INFO","code":"ROLL_ACCEPTED","reason":null,"ticket":900000037,"detail":{"ticket":900000037,"side":"L","layer_index":5,"entry":1.12803,"level":1.12443,"target":1.12543,"accrued":0.00000,"clamped":false,"cost":0.00260,"cost_pips":26.0,"rolled":6,"was_ejected":false,"source":"auto","reroll":false,"from_level":0.00000}}
11,-1,1790879492719,ea_event,ROLL_ACCEPTED,{"type":"ea_event","seq":101,"ea_time_ms":95924218,"magic":null,"level":"INFO","code":"ROLL_ACCEPTED","reason":null,"ticket":900000039,"detail":{"ticket":900000039,"side":"L","layer_index":6,"entry":1.12743,"level":1.12383,"target":1.12483,"accrued":0.00000,"clamped":false,"cost":0.00260,"cost_pips":26.0,"rolled":7,"was_ejected":false,"source":"auto","reroll":false,"from_level":0.00000}}
11,-1,1790879661027,ea_event,ROLL_ACCEPTED,{"type":"ea_event","seq":102,"ea_time_ms":95924218,"magic":null,"level":"INFO","code":"ROLL_ACCEPTED","reason":null,"ticket":900000041,"detail":{"ticket":900000041,"side":"L","layer_index":7,"entry":1.12683,"level":1.12323,"target":1.12423,"accrued":0.00000,"clamped":false,"cost":0.00260,"cost_pips":26.0,"rolled":8,"was_ejected":false,"source":"auto","reroll":false,"from_level":0.00000}}
11,-1,1790879856298,ea_event,,{"type":"fill_log","seq":103,"ea_time_ms":95924234,"magic":22260201,"deal_ticket":800000085,"order_ticket":9085,"position_id":900000043,"entry_type":"IN","deal_type":"BUY","side":"L","layer_index":7,"role":"EXT","deal_price":1.12424,"order_price_open":null,"slippage_pips":null,"volume":0.00,"profit":0.00,"swap":0.00,"commission":0.00,"deal_time_broker":"2026-10-01 18:37:36","deal_time_broker_msc":1790879856000,"halted_at_receipt":false,"quarantined_at_receipt":false}
11,-1,1790879856731,ea_event,,{"type":"fill_log","seq":104,"ea_time_ms":95924234,"magic":22260201,"deal_ticket":800000086,"order_ticket":700000086,"position_id":900000041,"entry_type":"OUT_BY","deal_type":"SELL","side":null,"layer_index":null,"role":null,"deal_price":1.12424,"order_price_open":null,"slippage_pips":null,"volume":0.00,"profit":-2.59,"swap":0.00,"commission":0.00,"deal_time_broker":"2026-10-01 18:37:36","deal_time_broker_msc":1790879856000,"halted_at_receipt":false,"quarantined_at_receipt":false}
11,-1,1790879856731,ea_event,ROLL_FILLED,{"type":"ea_event","seq":105,"ea_time_ms":95924234,"magic":null,"level":"INFO","code":"ROLL_FILLED","reason":null,"ticket":900000041,"detail":{"ticket":900000041,"level":1.12323}}
11,-1,1790879856731,ea_event,,{"type":"fill_log","seq":106,"ea_time_ms":95924234,"magic":22260201,"deal_ticket":800000087,"order_ticket":700000086,"position_id":900000043,"entry_type":"OUT_BY","deal_type":"SELL","side":null,"layer_index":null,"role":null,"deal_price":1.12683,"order_price_open":null,"slippage_pips":null,"volume":0.00,"profit":0.00,"swap":0.00,"commission":0.00,"deal_time_broker":"2026-10-01 18:37:36","deal_time_broker_msc":1790879856000,"halted_at_receipt":false,"quarantined_at_receipt":false}
11,-1,1790879856731,scalp,SCALP_CLOSED,{"close_time":"2026-10-01T18:37:36Z","instrument":"EURUSD","direction":"LONG","entry_price":1.12683,"exit_price":1.12424,"layer_depth":7,"stack_depth":8,"gross_pnl":-2.59,"instance_id":"GRIND_EURUSD_OPTC","ejected":false,"rolled":true,"broker_utc_offset_s":10800,"account_login":53077984}
11,-1,1790898609001,ea_event,CARRY_SNAPSHOT,{"type":"ea_event","seq":107,"ea_time_ms":95924843,"magic":null,"level":"INFO","code":"CARRY_SNAPSHOT","reason":"EURUSD","ticket":null,"detail":{"symbol":"EURUSD","swap_mode":1,"swap_long":-7.9900,"swap_short":1.3100,"multiplier":1,"day_of_week":4,"rollover3days":3,"digits":5,"point":0.00001000,"tick_value":1.00000000,"tick_size":0.00001000,"stops_level":0,"freeze_level":0,"long_pips":-0.799,"short_pips":0.131,"eligible_long":7,"eligible_short":0,"trade_mode_full":true,"mult_today":1,"mult_tomorrow":1,"accrued_swap_long":0.00,"accrued_swap_short":0.00}}
11,-1,1790898609001,ea_event,CARRY_EXIT_SHIFT,{"type":"ea_event","seq":108,"ea_time_ms":95924843,"magic":null,"level":"INFO","code":"CARRY_EXIT_SHIFT","reason":"EURUSD","ticket":null,"detail":{"position_ticket":1975880673,"side":"long","layer_index":0,"accrued_ledger_pips":-2.500,"pending_pips":-0.799,"accrued_pips_total":-3.299,"old_price":1.13212,"new_price":1.13237,"clamped":false,"sign_guard_skipped":false,"retcode":10009,"points_native_pips":-0.799}}
11,-1,1790898789001,ea_event,CARRY_EXIT_SHIFT,{"type":"ea_event","seq":109,"ea_time_ms":95924843,"magic":null,"level":"INFO","code":"CARRY_EXIT_SHIFT","reason":"EURUSD","ticket":null,"detail":{"position_ticket":900000039,"side":"long","layer_index":6,"accrued_ledger_pips":0.000,"pending_pips":-0.799,"accrued_pips_total":-0.799,"old_price":1.12483,"new_price":1.12491,"clamped":false,"sign_guard_skipped":false,"retcode":10009,"points_native_pips":-0.799}}
11,-1,1790898789001,ea_event,CARRY_PASS_SUMMARY,{"type":"ea_event","seq":110,"ea_time_ms":95924843,"magic":null,"level":"INFO","code":"CARRY_PASS_SUMMARY","reason":"EURUSD","ticket":null,"detail":{"eligible":7,"shifted":2,"clamped":0,"skipped":0,"failed":0,"incomplete":false}}
12,-1,1790909138795,ea_event,,{"type":"fill_log","seq":0,"ea_time_ms":95924921,"magic":22260201,"deal_ticket":800000001,"order_ticket":9000,"position_id":900000001,"entry_type":"IN","deal_type":"SELL","side":"S","layer_index":0,"role":"ENT","deal_price":1.12458,"order_price_open":null,"slippage_pips":null,"volume":0.00,"profit":0.00,"swap":0.00,"commission":0.00,"deal_time_broker":"2026-10-02 02:45:38","deal_time_broker_msc":1790909138000,"halted_at_receipt":false,"quarantined_at_receipt":false}
12,-1,1790910024415,ea_event,,{"type":"fill_log","seq":1,"ea_time_ms":95924921,"magic":22260201,"deal_ticket":800000002,"order_ticket":1980106131,"position_id":900000002,"entry_type":"IN","deal_type":"BUY","side":"L","layer_index":6,"role":"EXT","deal_price":1.12494,"order_price_open":null,"slippage_pips":null,"volume":0.00,"profit":0.00,"swap":0.00,"commission":0.00,"deal_time_broker":"2026-10-02 03:00:24","deal_time_broker_msc":1790910024000,"halted_at_receipt":false,"quarantined_at_receipt":false}
12,-1,1790910024859,ea_event,,{"type":"fill_log","seq":2,"ea_time_ms":95924921,"magic":22260201,"deal_ticket":800000003,"order_ticket":700000003,"position_id":1979865377,"entry_type":"OUT_BY","deal_type":"SELL","side":null,"layer_index":null,"role":null,"deal_price":1.12494,"order_price_open":null,"slippage_pips":null,"volume":0.00,"profit":-2.49,"swap":-0.08,"commission":0.00,"deal_time_broker":"2026-10-02 03:00:24","deal_time_broker_msc":1790910024000,"halted_at_receipt":false,"quarantined_at_receipt":false}
12,-1,1790910024859,ea_event,ROLL_FILLED,{"type":"ea_event","seq":3,"ea_time_ms":95924921,"magic":null,"level":"INFO","code":"ROLL_FILLED","reason":null,"ticket":1979865377,"detail":{"ticket":1979865377,"level":1.12383}}
12,-1,1790910024859,ea_event,,{"type":"fill_log","seq":4,"ea_time_ms":95924921,"magic":22260201,"deal_ticket":800000004,"order_ticket":700000003,"position_id":900000002,"entry_type":"OUT_BY","deal_type":"SELL","side":null,"layer_index":null,"role":null,"deal_price":1.12743,"order_price_open":null,"slippage_pips":null,"volume":0.00,"profit":0.00,"swap":0.00,"commission":0.00,"deal_time_broker":"2026-10-02 03:00:24","deal_time_broker_msc":1790910024000,"halted_at_receipt":false,"quarantined_at_receipt":false}
12,-1,1790910024859,scalp,SCALP_CLOSED,{"close_time":"2026-10-02T03:00:24Z","instrument":"EURUSD","direction":"LONG","entry_price":1.12743,"exit_price":1.12494,"layer_depth":6,"stack_depth":7,"gross_pnl":-2.57,"instance_id":"GRIND_EURUSD_OPTC","ejected":false,"rolled":true,"broker_utc_offset_s":10800,"account_login":53077984}
12,-1,1790911803698,ea_event,,{"type":"fill_log","seq":5,"ea_time_ms":95924968,"magic":22260201,"deal_ticket":800000005,"order_ticket":9005,"position_id":900000003,"entry_type":"IN","deal_type":"BUY","side":"L","layer_index":6,"role":"ENT","deal_price":1.12384,"order_price_open":null,"slippage_pips":null,"volume":0.00,"profit":0.00,"swap":0.00,"commission":0.00,"deal_time_broker":"2026-10-02 03:30:03","deal_time_broker_msc":1790911803000,"halted_at_receipt":false,"quarantined_at_receipt":false}
12,-1,1790912323373,ea_event,,{"type":"fill_log","seq":6,"ea_time_ms":95924968,"magic":22260201,"deal_ticket":800000006,"order_ticket":9002,"position_id":900000004,"entry_type":"IN","deal_type":"SELL","side":"S","layer_index":0,"role":"EXT","deal_price":1.12358,"order_price_open":null,"slippage_pips":null,"volume":0.00,"profit":0.00,"swap":0.00,"commission":0.00,"deal_time_broker":"2026-10-02 03:38:43","deal_time_broker_msc":1790912323000,"halted_at_receipt":false,"quarantined_at_receipt":false}
12,-1,1790912324207,ea_event,,{"type":"fill_log","seq":7,"ea_time_ms":95924968,"magic":22260201,"deal_ticket":800000007,"order_ticket":700000007,"position_id":900000001,"entry_type":"OUT_BY","deal_type":"SELL","side":null,"layer_index":null,"role":null,"deal_price":1.12358,"order_price_open":null,"slippage_pips":null,"volume":0.00,"profit":1.00,"swap":0.00,"commission":0.00,"deal_time_broker":"2026-10-02 03:38:44","deal_time_broker_msc":1790912324000,"halted_at_receipt":false,"quarantined_at_receipt":false}
12,-1,1790912324207,ea_event,,{"type":"fill_log","seq":8,"ea_time_ms":95924968,"magic":22260201,"deal_ticket":800000008,"order_ticket":700000007,"position_id":900000004,"entry_type":"OUT_BY","deal_type":"SELL","side":null,"layer_index":null,"role":null,"deal_price":1.12458,"order_price_open":null,"slippage_pips":null,"volume":0.00,"profit":0.00,"swap":0.00,"commission":0.00,"deal_time_broker":"2026-10-02 03:38:44","deal_time_broker_msc":1790912324000,"halted_at_receipt":false,"quarantined_at_receipt":false}
12,-1,1790912324207,scalp,SCALP_CLOSED,{"close_time":"2026-10-02T03:38:44Z","instrument":"EURUSD","direction":"SHORT","entry_price":1.12458,"exit_price":1.12358,"layer_depth":0,"stack_depth":1,"gross_pnl":1.00,"instance_id":"GRIND_EURUSD_OPTC","ejected":false,"rolled":false,"broker_utc_offset_s":10800,"account_login":53077984}
12,-1,1790915683586,ea_event,,{"type":"fill_log","seq":9,"ea_time_ms":95925031,"magic":22260201,"deal_ticket":800000009,"order_ticket":9007,"position_id":900000005,"entry_type":"IN","deal_type":"BUY","side":"L","layer_index":7,"role":"ENT","deal_price":1.12323,"order_price_open":null,"slippage_pips":null,"volume":0.00,"profit":0.00,"swap":0.00,"commission":0.00,"deal_time_broker":"2026-10-02 04:34:43","deal_time_broker_msc":1790915683000,"halted_at_receipt":false,"quarantined_at_receipt":false}
12,-1,1790917641851,ea_event,,{"type":"fill_log","seq":10,"ea_time_ms":95925062,"magic":22260201,"deal_ticket":800000010,"order_ticket":9009,"position_id":900000006,"entry_type":"IN","deal_type":"BUY","side":"L","layer_index":7,"role":"EXT","deal_price":1.12422,"order_price_open":null,"slippage_pips":null,"volume":0.00,"profit":0.00,"swap":0.00,"commission":0.00,"deal_time_broker":"2026-10-02 05:07:21","deal_time_broker_msc":1790917641000,"halted_at_receipt":false,"quarantined_at_receipt":false}
12,-1,1790917644688,ea_event,,{"type":"fill_log","seq":11,"ea_time_ms":95925062,"magic":22260201,"deal_ticket":800000011,"order_ticket":700000011,"position_id":900000005,"entry_type":"OUT_BY","deal_type":"SELL","side":null,"layer_index":null,"role":null,"deal_price":1.12422,"order_price_open":null,"slippage_pips":null,"volume":0.00,"profit":0.99,"swap":0.00,"commission":0.00,"deal_time_broker":"2026-10-02 05:07:24","deal_time_broker_msc":1790917644000,"halted_at_receipt":false,"quarantined_at_receipt":false}
12,-1,1790917644688,ea_event,,{"type":"fill_log","seq":12,"ea_time_ms":95925062,"magic":22260201,"deal_ticket":800000012,"order_ticket":700000011,"position_id":900000006,"entry_type":"OUT_BY","deal_type":"SELL","side":null,"layer_index":null,"role":null,"deal_price":1.12323,"order_price_open":null,"slippage_pips":null,"volume":0.00,"profit":0.00,"swap":0.00,"commission":0.00,"deal_time_broker":"2026-10-02 05:07:24","deal_time_broker_msc":1790917644000,"halted_at_receipt":false,"quarantined_at_receipt":false}
12,-1,1790917644688,scalp,SCALP_CLOSED,{"close_time":"2026-10-02T05:07:24Z","instrument":"EURUSD","direction":"LONG","entry_price":1.12323,"exit_price":1.12422,"layer_depth":7,"stack_depth":8,"gross_pnl":0.99,"instance_id":"GRIND_EURUSD_OPTC","ejected":false,"rolled":false,"broker_utc_offset_s":10800,"account_login":53077984}
12,-1,1790919098654,ea_event,,{"type":"fill_log","seq":13,"ea_time_ms":95925093,"magic":22260201,"deal_ticket":800000013,"order_ticket":9008,"position_id":900000007,"entry_type":"IN","deal_type":"SELL","side":"S","layer_index":0,"role":"ENT","deal_price":1.12426,"order_price_open":null,"slippage_pips":null,"volume":0.00,"profit":0.00,"swap":0.00,"commission":0.00,"deal_time_broker":"2026-10-02 05:31:38","deal_time_broker_msc":1790919098000,"halted_at_receipt":false,"quarantined_at_receipt":false}
13,-1,1790921933362,ea_event,,{"type":"fill_log","seq":0,"ea_time_ms":95925140,"magic":22260201,"deal_ticket":800000001,"order_ticket":1981329208,"position_id":900000001,"entry_type":"IN","deal_type":"BUY","side":"L","layer_index":6,"role":"EXT","deal_price":1.12483,"order_price_open":null,"slippage_pips":null,"volume":0.00,"profit":0.00,"swap":0.00,"commission":0.00,"deal_time_broker":"2026-10-02 06:18:53","deal_time_broker_msc":1790921933000,"halted_at_receipt":false,"quarantined_at_receipt":false}
13,-1,1790921938816,ea_event,,{"type":"fill_log","seq":1,"ea_time_ms":95925140,"magic":22260201,"deal_ticket":800000002,"order_ticket":700000002,"position_id":1981009389,"entry_type":"OUT_BY","deal_type":"SELL","side":null,"layer_index":null,"role":null,"deal_price":1.12483,"order_price_open":null,"slippage_pips":null,"volume":0.00,"profit":0.99,"swap":0.00,"commission":0.00,"deal_time_broker":"2026-10-02 06:18:58","deal_time_broker_msc":1790921938000,"halted_at_receipt":false,"quarantined_at_receipt":false}
13,-1,1790921938816,ea_event,,{"type":"fill_log","seq":2,"ea_time_ms":95925140,"magic":22260201,"deal_ticket":800000003,"order_ticket":700000002,"position_id":900000001,"entry_type":"OUT_BY","deal_type":"SELL","side":null,"layer_index":null,"role":null,"deal_price":1.12384,"order_price_open":null,"slippage_pips":null,"volume":0.00,"profit":0.00,"swap":0.00,"commission":0.00,"deal_time_broker":"2026-10-02 06:18:58","deal_time_broker_msc":1790921938000,"halted_at_receipt":false,"quarantined_at_receipt":false}
13,-1,1790921938816,scalp,SCALP_CLOSED,{"close_time":"2026-10-02T06:18:58Z","instrument":"EURUSD","direction":"LONG","entry_price":1.12384,"exit_price":1.12483,"layer_depth":6,"stack_depth":7,"gross_pnl":0.99,"instance_id":"GRIND_EURUSD_OPTC","ejected":false,"rolled":false,"broker_utc_offset_s":10800,"account_login":53077984}
13,-1,1790922322327,ea_event,,{"type":"fill_log","seq":3,"ea_time_ms":95925140,"magic":22260201,"deal_ticket":800000004,"order_ticket":1981380746,"position_id":900000002,"entry_type":"IN","deal_type":"SELL","side":"S","layer_index":1,"role":"ENT","deal_price":1.12489,"order_price_open":null,"slippage_pips":null,"volume":0.00,"profit":0.00,"swap":0.00,"commission":0.00,"deal_time_broker":"2026-10-02 06:25:22","deal_time_broker_msc":1790922322000,"halted_at_receipt":false,"quarantined_at_receipt":false}
13,-1,1790926328331,ea_event,,{"type":"fill_log","seq":4,"ea_time_ms":95925187,"magic":22260201,"deal_ticket":800000005,"order_ticket":9003,"position_id":900000003,"entry_type":"IN","deal_type":"SELL","side":"S","layer_index":2,"role":"ENT","deal_price":1.12550,"order_price_open":null,"slippage_pips":null,"volume":0.00,"profit":0.00,"swap":0.00,"commission":0.00,"deal_time_broker":"2026-10-02 07:32:08","deal_time_broker_msc":1790926328000,"halted_at_receipt":false,"quarantined_at_receipt":false}
13,-1,1790926337573,ea_event,,{"type":"fill_log","seq":5,"ea_time_ms":95925187,"magic":22260201,"deal_ticket":800000006,"order_ticket":9000,"position_id":900000004,"entry_type":"IN","deal_type":"BUY","side":"L","layer_index":5,"role":"EXT","deal_price":1.12552,"order_price_open":null,"slippage_pips":null,"volume":0.00,"profit":0.00,"swap":0.00,"commission":0.00,"deal_time_broker":"2026-10-02 07:32:17","deal_time_broker_msc":1790926337000,"halted_at_receipt":false,"quarantined_at_receipt":false}
13,-1,1790926338615,ea_event,,{"type":"fill_log","seq":6,"ea_time_ms":95925187,"magic":22260201,"deal_ticket":800000007,"order_ticket":700000007,"position_id":1979688111,"entry_type":"OUT_BY","deal_type":"SELL","side":null,"layer_index":null,"role":null,"deal_price":1.12552,"order_price_open":null,"slippage_pips":null,"volume":0.00,"profit":-2.51,"swap":-0.08,"commission":0.00,"deal_time_broker":"2026-10-02 07:32:18","deal_time_broker_msc":1790926338000,"halted_at_receipt":false,"quarantined_at_receipt":false}
13,-1,1790926338615,ea_event,ROLL_FILLED,{"type":"ea_event","seq":7,"ea_time_ms":95925187,"magic":null,"level":"INFO","code":"ROLL_FILLED","reason":null,"ticket":1979688111,"detail":{"ticket":1979688111,"level":1.12443}}
13,-1,1790926338615,ea_event,,{"type":"fill_log","seq":8,"ea_time_ms":95925187,"magic":22260201,"deal_ticket":800000008,"order_ticket":700000007,"position_id":900000004,"entry_type":"OUT_BY","deal_type":"SELL","side":null,"layer_index":null,"role":null,"deal_price":1.12803,"order_price_open":null,"slippage_pips":null,"volume":0.00,"profit":0.00,"swap":0.00,"commission":0.00,"deal_time_broker":"2026-10-02 07:32:18","deal_time_broker_msc":1790926338000,"halted_at_receipt":false,"quarantined_at_receipt":false}
13,-1,1790926338615,scalp,SCALP_CLOSED,{"close_time":"2026-10-02T07:32:18Z","instrument":"EURUSD","direction":"LONG","entry_price":1.12803,"exit_price":1.12552,"layer_depth":5,"stack_depth":6,"gross_pnl":-2.59,"instance_id":"GRIND_EURUSD_OPTC","ejected":false,"rolled":true,"broker_utc_offset_s":10800,"account_login":53077984}
13,-1,1790934965610,ea_event,,{"type":"fill_log","seq":9,"ea_time_ms":95925375,"magic":22260201,"deal_ticket":800000009,"order_ticket":9005,"position_id":900000005,"entry_type":"IN","deal_type":"SELL","side":"S","layer_index":3,"role":"ENT","deal_price":1.12610,"order_price_open":null,"slippage_pips":null,"volume":0.00,"profit":0.00,"swap":0.00,"commission":0.00,"deal_time_broker":"2026-10-02 09:56:05","deal_time_broker_msc":1790934965000,"halted_at_receipt":false,"quarantined_at_receipt":false}
13,-1,1790934969035,ea_event,,{"type":"fill_log","seq":10,"ea_time_ms":95925375,"magic":22260201,"deal_ticket":800000010,"order_ticket":9006,"position_id":900000006,"entry_type":"IN","deal_type":"BUY","side":"L","layer_index":4,"role":"EXT","deal_price":1.12614,"order_price_open":null,"slippage_pips":null,"volume":0.00,"profit":0.00,"swap":0.00,"commission":0.00,"deal_time_broker":"2026-10-02 09:56:09","deal_time_broker_msc":1790934969000,"halted_at_receipt":false,"quarantined_at_receipt":false}
13,-1,1790934969477,ea_event,,{"type":"fill_log","seq":11,"ea_time_ms":95925375,"magic":22260201,"deal_ticket":800000011,"order_ticket":700000011,"position_id":1979634190,"entry_type":"OUT_BY","deal_type":"SELL","side":null,"layer_index":null,"role":null,"deal_price":1.12614,"order_price_open":null,"slippage_pips":null,"volume":0.00,"profit":-2.49,"swap":-0.08,"commission":0.00,"deal_time_broker":"2026-10-02 09:56:09","deal_time_broker_msc":1790934969000,"halted_at_receipt":false,"quarantined_at_receipt":false}
13,-1,1790934969477,ea_event,ROLL_FILLED,{"type":"ea_event","seq":12,"ea_time_ms":95925375,"magic":null,"level":"INFO","code":"ROLL_FILLED","reason":null,"ticket":1979634190,"detail":{"ticket":1979634190,"level":1.12503}}
13,-1,1790934969477,ea_event,,{"type":"fill_log","seq":13,"ea_time_ms":95925375,"magic":22260201,"deal_ticket":800000012,"order_ticket":700000011,"position_id":900000006,"entry_type":"OUT_BY","deal_type":"SELL","side":null,"layer_index":null,"role":null,"deal_price":1.12863,"order_price_open":null,"slippage_pips":null,"volume":0.00,"profit":0.00,"swap":0.00,"commission":0.00,"deal_time_broker":"2026-10-02 09:56:09","deal_time_broker_msc":1790934969000,"halted_at_receipt":false,"quarantined_at_receipt":false}
13,-1,1790934969477,scalp,SCALP_CLOSED,{"close_time":"2026-10-02T09:56:09Z","instrument":"EURUSD","direction":"LONG","entry_price":1.12863,"exit_price":1.12614,"layer_depth":4,"stack_depth":5,"gross_pnl":-2.57,"instance_id":"GRIND_EURUSD_OPTC","ejected":false,"rolled":true,"broker_utc_offset_s":10800,"account_login":53077984}
13,-1,1790939277422,ea_event,,{"type":"fill_log","seq":14,"ea_time_ms":95925531,"magic":22260201,"deal_ticket":800000013,"order_ticket":9009,"position_id":900000007,"entry_type":"IN","deal_type":"SELL","side":"S","layer_index":4,"role":"ENT","deal_price":1.12671,"order_price_open":null,"slippage_pips":null,"volume":0.00,"profit":0.00,"swap":0.00,"commission":0.00,"deal_time_broker":"2026-10-02 11:07:57","deal_time_broker_msc":1790939277000,"halted_at_receipt":false,"quarantined_at_receipt":false}
13,-1,1790939280039,ea_event,,{"type":"fill_log","seq":15,"ea_time_ms":95925531,"magic":22260201,"deal_ticket":800000014,"order_ticket":9010,"position_id":900000008,"entry_type":"IN","deal_type":"BUY","side":"L","layer_index":3,"role":"EXT","deal_price":1.12671,"order_price_open":null,"slippage_pips":null,"volume":0.00,"profit":0.00,"swap":0.00,"commission":0.00,"deal_time_broker":"2026-10-02 11:07:57","deal_time_broker_msc":1790939277000,"halted_at_receipt":false,"quarantined_at_receipt":false}
13,-1,1790939280333,ea_event,,{"type":"fill_log","seq":16,"ea_time_ms":95925531,"magic":22260201,"deal_ticket":800000015,"order_ticket":700000015,"position_id":1979299035,"entry_type":"OUT_BY","deal_type":"SELL","side":null,"layer_index":null,"role":null,"deal_price":1.12671,"order_price_open":null,"slippage_pips":null,"volume":0.00,"profit":-2.51,"swap":-0.08,"commission":0.00,"deal_time_broker":"2026-10-02 11:08:00","deal_time_broker_msc":1790939280000,"halted_at_receipt":false,"quarantined_at_receipt":false}
13,-1,1790939280333,ea_event,ROLL_FILLED,{"type":"ea_event","seq":17,"ea_time_ms":95925531,"magic":null,"level":"INFO","code":"ROLL_FILLED","reason":null,"ticket":1979299035,"detail":{"ticket":1979299035,"level":1.12563}}
13,-1,1790939280333,ea_event,,{"type":"fill_log","seq":18,"ea_time_ms":95925531,"magic":22260201,"deal_ticket":800000016,"order_ticket":700000015,"position_id":900000008,"entry_type":"OUT_BY","deal_type":"SELL","side":null,"layer_index":null,"role":null,"deal_price":1.12922,"order_price_open":null,"slippage_pips":null,"volume":0.00,"profit":0.00,"swap":0.00,"commission":0.00,"deal_time_broker":"2026-10-02 11:08:00","deal_time_broker_msc":1790939280000,"halted_at_receipt":false,"quarantined_at_receipt":false}
13,-1,1790939280333,scalp,SCALP_CLOSED,{"close_time":"2026-10-02T11:08:00Z","instrument":"EURUSD","direction":"LONG","entry_price":1.12922,"exit_price":1.12671,"layer_depth":3,"stack_depth":4,"gross_pnl":-2.59,"instance_id":"GRIND_EURUSD_OPTC","ejected":false,"rolled":true,"broker_utc_offset_s":10800,"account_login":53077984}
13,-1,1790939895778,ea_event,,{"type":"fill_log","seq":19,"ea_time_ms":95925562,"magic":22260201,"deal_ticket":800000017,"order_ticket":9012,"position_id":900000009,"entry_type":"IN","deal_type":"SELL","side":"S","layer_index":4,"role":"EXT","deal_price":1.12569,"order_price_open":null,"slippage_pips":null,"volume":0.00,"profit":0.00,"swap":0.00,"commission":0.00,"deal_time_broker":"2026-10-02 11:18:15","deal_time_broker_msc":1790939895000,"halted_at_receipt":false,"quarantined_at_receipt":false}
13,-1,1790939896615,ea_event,,{"type":"fill_log","seq":20,"ea_time_ms":95925562,"magic":22260201,"deal_ticket":800000018,"order_ticket":700000018,"position_id":900000007,"entry_type":"OUT_BY","deal_type":"SELL","side":null,"layer_index":null,"role":null,"deal_price":1.12569,"order_price_open":null,"slippage_pips":null,"volume":0.00,"profit":1.02,"swap":0.00,"commission":0.00,"deal_time_broker":"2026-10-02 11:18:16","deal_time_broker_msc":1790939896000,"halted_at_receipt":false,"quarantined_at_receipt":false}
13,-1,1790939896615,ea_event,,{"type":"fill_log","seq":21,"ea_time_ms":95925562,"magic":22260201,"deal_ticket":800000019,"order_ticket":700000018,"position_id":900000009,"entry_type":"OUT_BY","deal_type":"SELL","side":null,"layer_index":null,"role":null,"deal_price":1.12671,"order_price_open":null,"slippage_pips":null,"volume":0.00,"profit":0.00,"swap":0.00,"commission":0.00,"deal_time_broker":"2026-10-02 11:18:16","deal_time_broker_msc":1790939896000,"halted_at_receipt":false,"quarantined_at_receipt":false}
13,-1,1790939896615,scalp,SCALP_CLOSED,{"close_time":"2026-10-02T11:18:16Z","instrument":"EURUSD","direction":"SHORT","entry_price":1.12671,"exit_price":1.12569,"layer_depth":4,"stack_depth":5,"gross_pnl":1.02,"instance_id":"GRIND_EURUSD_OPTC","ejected":false,"rolled":false,"broker_utc_offset_s":10800,"account_login":53077984}
13,-1,1790939916667,ea_event,,{"type":"fill_log","seq":22,"ea_time_ms":95925562,"magic":22260201,"deal_ticket":800000020,"order_ticket":9015,"position_id":900000010,"entry_type":"IN","deal_type":"BUY","side":"L","layer_index":3,"role":"ENT","deal_price":1.12563,"order_price_open":null,"slippage_pips":null,"volume":0.00,"profit":0.00,"swap":0.00,"commission":0.00,"deal_time_broker":"2026-10-02 11:18:36","deal_time_broker_msc":1790939916000,"halted_at_receipt":false,"quarantined_at_receipt":false}
13,-1,1790941163658,ea_event,,{"type":"fill_log","seq":23,"ea_time_ms":95925593,"magic":22260201,"deal_ticket":800000021,"order_ticket":9016,"position_id":900000011,"entry_type":"IN","deal_type":"SELL","side":"S","layer_index":3,"role":"EXT","deal_price":1.12509,"order_price_open":null,"slippage_pips":null,"volume":0.00,"profit":0.00,"swap":0.00,"commission":0.00,"deal_time_broker":"2026-10-02 11:39:23","deal_time_broker_msc":1790941163000,"halted_at_receipt":false,"quarantined_at_receipt":false}
13,-1,1790941164091,ea_event,,{"type":"fill_log","seq":24,"ea_time_ms":95925593,"magic":22260201,"deal_ticket":800000022,"order_ticket":700000022,"position_id":900000005,"entry_type":"OUT_BY","deal_type":"SELL","side":null,"layer_index":null,"role":null,"deal_price":1.12509,"order_price_open":null,"slippage_pips":null,"volume":0.00,"profit":1.01,"swap":0.00,"commission":0.00,"deal_time_broker":"2026-10-02 11:39:24","deal_time_broker_msc":1790941164000,"halted_at_receipt":false,"quarantined_at_receipt":false}
13,-1,1790941164091,ea_event,,{"type":"fill_log","seq":25,"ea_time_ms":95925593,"magic":22260201,"deal_ticket":800000023,"order_ticket":700000022,"position_id":900000011,"entry_type":"OUT_BY","deal_type":"SELL","side":null,"layer_index":null,"role":null,"deal_price":1.12610,"order_price_open":null,"slippage_pips":null,"volume":0.00,"profit":0.00,"swap":0.00,"commission":0.00,"deal_time_broker":"2026-10-02 11:39:24","deal_time_broker_msc":1790941164000,"halted_at_receipt":false,"quarantined_at_receipt":false}
13,-1,1790941164091,scalp,SCALP_CLOSED,{"close_time":"2026-10-02T11:39:24Z","instrument":"EURUSD","direction":"SHORT","entry_price":1.12610,"exit_price":1.12509,"layer_depth":3,"stack_depth":4,"gross_pnl":1.01,"instance_id":"GRIND_EURUSD_OPTC","ejected":false,"rolled":false,"broker_utc_offset_s":10800,"account_login":53077984}
13,-1,1790941410710,ea_event,,{"type":"fill_log","seq":26,"ea_time_ms":95925609,"magic":22260201,"deal_ticket":800000024,"order_ticket":9019,"position_id":900000012,"entry_type":"IN","deal_type":"BUY","side":"L","layer_index":4,"role":"ENT","deal_price":1.12504,"order_price_open":null,"slippage_pips":null,"volume":0.00,"profit":0.00,"swap":0.00,"commission":0.00,"deal_time_broker":"2026-10-02 11:43:30","deal_time_broker_msc":1790941410000,"halted_at_receipt":false,"quarantined_at_receipt":false}
13,-1,1790946640433,ea_event,,{"type":"fill_log","seq":27,"ea_time_ms":95925750,"magic":22260201,"deal_ticket":800000025,"order_ticket":9020,"position_id":900000013,"entry_type":"IN","deal_type":"SELL","side":"S","layer_index":2,"role":"EXT","deal_price":1.12451,"order_price_open":null,"slippage_pips":null,"volume":0.00,"profit":0.00,"swap":0.00,"commission":0.00,"deal_time_broker":"2026-10-02 13:10:40","deal_time_broker_msc":1790946640000,"halted_at_receipt":false,"quarantined_at_receipt":false}
13,-1,1790946642082,ea_event,,{"type":"fill_log","seq":28,"ea_time_ms":95925750,"magic":22260201,"deal_ticket":800000026,"order_ticket":700000026,"position_id":900000003,"entry_type":"OUT_BY","deal_type":"SELL","side":null,"layer_index":null,"role":null,"deal_price":1.12451,"order_price_open":null,"slippage_pips":null,"volume":0.00,"profit":0.99,"swap":0.00,"commission":0.00,"deal_time_broker":"2026-10-02 13:10:42","deal_time_broker_msc":1790946642000,"halted_at_receipt":false,"quarantined_at_receipt":false}
13,-1,1790946642082,ea_event,,{"type":"fill_log","seq":29,"ea_time_ms":95925750,"magic":22260201,"deal_ticket":800000027,"order_ticket":700000026,"position_id":900000013,"entry_type":"OUT_BY","deal_type":"SELL","side":null,"layer_index":null,"role":null,"deal_price":1.12550,"order_price_open":null,"slippage_pips":null,"volume":0.00,"profit":0.00,"swap":0.00,"commission":0.00,"deal_time_broker":"2026-10-02 13:10:42","deal_time_broker_msc":1790946642000,"halted_at_receipt":false,"quarantined_at_receipt":false}
13,-1,1790946642082,scalp,SCALP_CLOSED,{"close_time":"2026-10-02T13:10:42Z","instrument":"EURUSD","direction":"SHORT","entry_price":1.12550,"exit_price":1.12451,"layer_depth":2,"stack_depth":3,"gross_pnl":0.99,"instance_id":"GRIND_EURUSD_OPTC","ejected":false,"rolled":false,"broker_utc_offset_s":10800,"account_login":53077984}
13,-1,1790946662579,ea_event,,{"type":"fill_log","seq":30,"ea_time_ms":95925750,"magic":22260201,"deal_ticket":800000028,"order_ticket":9023,"position_id":900000014,"entry_type":"IN","deal_type":"BUY","side":"L","layer_index":5,"role":"ENT","deal_price":1.12444,"order_price_open":null,"slippage_pips":null,"volume":0.00,"profit":0.00,"swap":0.00,"commission":0.00,"deal_time_broker":"2026-10-02 13:11:02","deal_time_broker_msc":1790946662000,"halted_at_receipt":false,"quarantined_at_receipt":false}
13,-1,1790946929193,ea_event,,{"type":"fill_log","seq":31,"ea_time_ms":95925765,"magic":22260201,"deal_ticket":800000029,"order_ticket":9024,"position_id":900000015,"entry_type":"IN","deal_type":"SELL","side":"S","layer_index":1,"role":"EXT","deal_price":1.12388,"order_price_open":null,"slippage_pips":null,"volume":0.00,"profit":0.00,"swap":0.00,"commission":0.00,"deal_time_broker":"2026-10-02 13:15:29","deal_time_broker_msc":1790946929000,"halted_at_receipt":false,"quarantined_at_receipt":false}
13,-1,1790946930028,ea_event,,{"type":"fill_log","seq":32,"ea_time_ms":95925765,"magic":22260201,"deal_ticket":800000030,"order_ticket":700000030,"position_id":900000002,"entry_type":"OUT_BY","deal_type":"SELL","side":null,"layer_index":null,"role":null,"deal_price":1.12388,"order_price_open":null,"slippage_pips":null,"volume":0.00,"profit":1.01,"swap":0.00,"commission":0.00,"deal_time_broker":"2026-10-02 13:15:30","deal_time_broker_msc":1790946930000,"halted_at_receipt":false,"quarantined_at_receipt":false}
13,-1,1790946930028,ea_event,,{"type":"fill_log","seq":33,"ea_time_ms":95925765,"magic":22260201,"deal_ticket":800000031,"order_ticket":700000030,"position_id":900000015,"entry_type":"OUT_BY","deal_type":"SELL","side":null,"layer_index":null,"role":null,"deal_price":1.12489,"order_price_open":null,"slippage_pips":null,"volume":0.00,"profit":0.00,"swap":0.00,"commission":0.00,"deal_time_broker":"2026-10-02 13:15:30","deal_time_broker_msc":1790946930000,"halted_at_receipt":false,"quarantined_at_receipt":false}
13,-1,1790946930028,scalp,SCALP_CLOSED,{"close_time":"2026-10-02T13:15:30Z","instrument":"EURUSD","direction":"SHORT","entry_price":1.12489,"exit_price":1.12388,"layer_depth":1,"stack_depth":2,"gross_pnl":1.01,"instance_id":"GRIND_EURUSD_OPTC","ejected":false,"rolled":false,"broker_utc_offset_s":10800,"account_login":53077984}
13,-1,1790946933213,ea_event,,{"type":"fill_log","seq":34,"ea_time_ms":95925765,"magic":22260201,"deal_ticket":800000032,"order_ticket":9027,"position_id":900000016,"entry_type":"IN","deal_type":"BUY","side":"L","layer_index":6,"role":"ENT","deal_price":1.12384,"order_price_open":null,"slippage_pips":null,"volume":0.00,"profit":0.00,"swap":0.00,"commission":0.00,"deal_time_broker":"2026-10-02 13:15:33","deal_time_broker_msc":1790946933000,"halted_at_receipt":false,"quarantined_at_receipt":false}
13,-1,1790947243631,ea_event,,{"type":"fill_log","seq":35,"ea_time_ms":95925781,"magic":22260201,"deal_ticket":800000033,"order_ticket":1981380736,"position_id":900000017,"entry_type":"IN","deal_type":"SELL","side":"S","layer_index":0,"role":"EXT","deal_price":1.12323,"order_price_open":null,"slippage_pips":null,"volume":0.00,"profit":0.00,"swap":0.00,"commission":0.00,"deal_time_broker":"2026-10-02 13:20:43","deal_time_broker_msc":1790947243000,"halted_at_receipt":false,"quarantined_at_receipt":false}
13,-1,1790947244057,ea_event,,{"type":"fill_log","seq":36,"ea_time_ms":95925781,"magic":22260201,"deal_ticket":800000034,"order_ticket":9030,"position_id":900000018,"entry_type":"IN","deal_type":"BUY","side":"L","layer_index":7,"role":"ENT","deal_price":1.12322,"order_price_open":null,"slippage_pips":null,"volume":0.00,"profit":0.00,"swap":0.00,"commission":0.00,"deal_time_broker":"2026-10-02 13:20:43","deal_time_broker_msc":1790947243000,"halted_at_receipt":false,"quarantined_at_receipt":false}
13,-1,1790947245387,ea_event,,{"type":"fill_log","seq":37,"ea_time_ms":95925781,"magic":22260201,"deal_ticket":800000035,"order_ticket":700000035,"position_id":1981098955,"entry_type":"OUT_BY","deal_type":"SELL","side":null,"layer_index":null,"role":null,"deal_price":1.12323,"order_price_open":null,"slippage_pips":null,"volume":0.00,"profit":1.03,"swap":0.00,"commission":0.00,"deal_time_broker":"2026-10-02 13:20:45","deal_time_broker_msc":1790947245000,"halted_at_receipt":false,"quarantined_at_receipt":false}
13,-1,1790947245387,ea_event,,{"type":"fill_log","seq":38,"ea_time_ms":95925781,"magic":22260201,"deal_ticket":800000036,"order_ticket":700000035,"position_id":900000017,"entry_type":"OUT_BY","deal_type":"SELL","side":null,"layer_index":null,"role":null,"deal_price":1.12426,"order_price_open":null,"slippage_pips":null,"volume":0.00,"profit":0.00,"swap":0.00,"commission":0.00,"deal_time_broker":"2026-10-02 13:20:45","deal_time_broker_msc":1790947245000,"halted_at_receipt":false,"quarantined_at_receipt":false}
13,-1,1790947245387,scalp,SCALP_CLOSED,{"close_time":"2026-10-02T13:20:45Z","instrument":"EURUSD","direction":"SHORT","entry_price":1.12426,"exit_price":1.12323,"layer_depth":0,"stack_depth":1,"gross_pnl":1.03,"instance_id":"GRIND_EURUSD_OPTC","ejected":false,"rolled":false,"broker_utc_offset_s":10800,"account_login":53077984}
13,-1,1790947837720,ea_event,,{"type":"fill_log","seq":39,"ea_time_ms":95925812,"magic":22260201,"deal_ticket":800000037,"order_ticket":9032,"position_id":900000019,"entry_type":"IN","deal_type":"SELL","side":"S","layer_index":0,"role":"ENT","deal_price":1.12393,"order_price_open":null,"slippage_pips":null,"volume":0.00,"profit":0.00,"swap":0.00,"commission":0.00,"deal_time_broker":"2026-10-02 13:30:37","deal_time_broker_msc":1790947837000,"halted_at_receipt":false,"quarantined_at_receipt":false}
13,-1,1790949807606,ea_event,,{"type":"fill_log","seq":40,"ea_time_ms":95925875,"magic":22260201,"deal_ticket":800000038,"order_ticket":9033,"position_id":900000020,"entry_type":"IN","deal_type":"SELL","side":"S","layer_index":0,"role":"EXT","deal_price":1.12294,"order_price_open":null,"slippage_pips":null,"volume":0.00,"profit":0.00,"swap":0.00,"commission":0.00,"deal_time_broker":"2026-10-02 14:03:27","deal_time_broker_msc":1790949807000,"halted_at_receipt":false,"quarantined_at_receipt":false}
13,-1,1790949808040,ea_event,,{"type":"fill_log","seq":41,"ea_time_ms":95925875,"magic":22260201,"deal_ticket":800000039,"order_ticket":700000039,"position_id":900000019,"entry_type":"OUT_BY","deal_type":"SELL","side":null,"layer_index":null,"role":null,"deal_price":1.12294,"order_price_open":null,"slippage_pips":null,"volume":0.00,"profit":0.99,"swap":0.00,"commission":0.00,"deal_time_broker":"2026-10-02 14:03:28","deal_time_broker_msc":1790949808000,"halted_at_receipt":false,"quarantined_at_receipt":false}
13,-1,1790949808040,ea_event,,{"type":"fill_log","seq":42,"ea_time_ms":95925875,"magic":22260201,"deal_ticket":800000040,"order_ticket":700000039,"position_id":900000020,"entry_type":"OUT_BY","deal_type":"SELL","side":null,"layer_index":null,"role":null,"deal_price":1.12393,"order_price_open":null,"slippage_pips":null,"volume":0.00,"profit":0.00,"swap":0.00,"commission":0.00,"deal_time_broker":"2026-10-02 14:03:28","deal_time_broker_msc":1790949808000,"halted_at_receipt":false,"quarantined_at_receipt":false}
13,-1,1790949808040,scalp,SCALP_CLOSED,{"close_time":"2026-10-02T14:03:28Z","instrument":"EURUSD","direction":"SHORT","entry_price":1.12393,"exit_price":1.12294,"layer_depth":0,"stack_depth":1,"gross_pnl":0.99,"instance_id":"GRIND_EURUSD_OPTC","ejected":false,"rolled":false,"broker_utc_offset_s":10800,"account_login":53077984}
13,-1,1790950632657,ea_event,,{"type":"fill_log","seq":43,"ea_time_ms":95925906,"magic":22260201,"deal_ticket":800000041,"order_ticket":9035,"position_id":900000021,"entry_type":"IN","deal_type":"SELL","side":"S","layer_index":0,"role":"ENT","deal_price":1.12364,"order_price_open":null,"slippage_pips":null,"volume":0.00,"profit":0.00,"swap":0.00,"commission":0.00,"deal_time_broker":"2026-10-02 14:17:12","deal_time_broker_msc":1790950632000,"halted_at_receipt":false,"quarantined_at_receipt":false}
13,-1,1790952261997,ea_event,,{"type":"fill_log","seq":44,"ea_time_ms":95925968,"magic":22260201,"deal_ticket":800000042,"order_ticket":9031,"position_id":900000022,"entry_type":"IN","deal_type":"BUY","side":"L","layer_index":7,"role":"EXT","deal_price":1.12422,"order_price_open":null,"slippage_pips":null,"volume":0.00,"profit":0.00,"swap":0.00,"commission":0.00,"deal_time_broker":"2026-10-02 14:44:21","deal_time_broker_msc":1790952261000,"halted_at_receipt":false,"quarantined_at_receipt":false}
13,-1,1790952262436,ea_event,,{"type":"fill_log","seq":45,"ea_time_ms":95925968,"magic":22260201,"deal_ticket":800000043,"order_ticket":9037,"position_id":900000023,"entry_type":"IN","deal_type":"SELL","side":"S","layer_index":1,"role":"ENT","deal_price":1.12425,"order_price_open":null,"slippage_pips":null,"volume":0.00,"profit":0.00,"swap":0.00,"commission":0.00,"deal_time_broker":"2026-10-02 14:44:22","deal_time_broker_msc":1790952262000,"halted_at_receipt":false,"quarantined_at_receipt":false}
13,-1,1790952265010,ea_event,,{"type":"fill_log","seq":46,"ea_time_ms":95925968,"magic":22260201,"deal_ticket":800000044,"order_ticket":700000044,"position_id":900000018,"entry_type":"OUT_BY","deal_type":"SELL","side":null,"layer_index":null,"role":null,"deal_price":1.12422,"order_price_open":null,"slippage_pips":null,"volume":0.00,"profit":1.00,"swap":0.00,"commission":0.00,"deal_time_broker":"2026-10-02 14:44:25","deal_time_broker_msc":1790952265000,"halted_at_receipt":false,"quarantined_at_receipt":false}
13,-1,1790952265010,ea_event,,{"type":"fill_log","seq":47,"ea_time_ms":95925968,"magic":22260201,"deal_ticket":800000045,"order_ticket":700000044,"position_id":900000022,"entry_type":"OUT_BY","deal_type":"SELL","side":null,"layer_index":null,"role":null,"deal_price":1.12322,"order_price_open":null,"slippage_pips":null,"volume":0.00,"profit":0.00,"swap":0.00,"commission":0.00,"deal_time_broker":"2026-10-02 14:44:25","deal_time_broker_msc":1790952265000,"halted_at_receipt":false,"quarantined_at_receipt":false}
13,-1,1790952265010,scalp,SCALP_CLOSED,{"close_time":"2026-10-02T14:44:25Z","instrument":"EURUSD","direction":"LONG","entry_price":1.12322,"exit_price":1.12422,"layer_depth":7,"stack_depth":8,"gross_pnl":1.00,"instance_id":"GRIND_EURUSD_OPTC","ejected":false,"rolled":false,"broker_utc_offset_s":10800,"account_login":53077984}
13,-1,1790952789838,ea_event,,{"type":"fill_log","seq":48,"ea_time_ms":95925984,"magic":22260201,"deal_ticket":800000046,"order_ticket":9038,"position_id":900000024,"entry_type":"IN","deal_type":"SELL","side":"S","layer_index":1,"role":"EXT","deal_price":1.12322,"order_price_open":null,"slippage_pips":null,"volume":0.00,"profit":0.00,"swap":0.00,"commission":0.00,"deal_time_broker":"2026-10-02 14:53:09","deal_time_broker_msc":1790952789000,"halted_at_receipt":false,"quarantined_at_receipt":false}
13,-1,1790952789838,ea_event,,{"type":"fill_log","seq":49,"ea_time_ms":95925984,"magic":22260201,"deal_ticket":800000047,"order_ticket":9041,"position_id":900000025,"entry_type":"IN","deal_type":"BUY","side":"L","layer_index":7,"role":"ENT","deal_price":1.12322,"order_price_open":null,"slippage_pips":null,"volume":0.00,"profit":0.00,"swap":0.00,"commission":0.00,"deal_time_broker":"2026-10-02 14:53:09","deal_time_broker_msc":1790952789000,"halted_at_receipt":false,"quarantined_at_receipt":false}
13,-1,1790952791462,ea_event,,{"type":"fill_log","seq":50,"ea_time_ms":95925984,"magic":22260201,"deal_ticket":800000048,"order_ticket":700000048,"position_id":900000023,"entry_type":"OUT_BY","deal_type":"SELL","side":null,"layer_index":null,"role":null,"deal_price":1.12322,"order_price_open":null,"slippage_pips":null,"volume":0.00,"profit":1.03,"swap":0.00,"commission":0.00,"deal_time_broker":"2026-10-02 14:53:11","deal_time_broker_msc":1790952791000,"halted_at_receipt":false,"quarantined_at_receipt":false}
13,-1,1790952791462,ea_event,,{"type":"fill_log","seq":51,"ea_time_ms":95925984,"magic":22260201,"deal_ticket":800000049,"order_ticket":700000048,"position_id":900000024,"entry_type":"OUT_BY","deal_type":"SELL","side":null,"layer_index":null,"role":null,"deal_price":1.12425,"order_price_open":null,"slippage_pips":null,"volume":0.00,"profit":0.00,"swap":0.00,"commission":0.00,"deal_time_broker":"2026-10-02 14:53:11","deal_time_broker_msc":1790952791000,"halted_at_receipt":false,"quarantined_at_receipt":false}
13,-1,1790952791462,scalp,SCALP_CLOSED,{"close_time":"2026-10-02T14:53:11Z","instrument":"EURUSD","direction":"SHORT","entry_price":1.12425,"exit_price":1.12322,"layer_depth":1,"stack_depth":2,"gross_pnl":1.03,"instance_id":"GRIND_EURUSD_OPTC","ejected":false,"rolled":false,"broker_utc_offset_s":10800,"account_login":53077984}
13,-1,1790953562626,ea_event,,{"type":"fill_log","seq":52,"ea_time_ms":95926015,"magic":22260201,"deal_ticket":800000050,"order_ticket":9036,"position_id":900000026,"entry_type":"IN","deal_type":"SELL","side":"S","layer_index":0,"role":"EXT","deal_price":1.12263,"order_price_open":null,"slippage_pips":null,"volume":0.00,"profit":0.00,"swap":0.00,"commission":0.00,"deal_time_broker":"2026-10-02 15:06:02","deal_time_broker_msc":1790953562000,"halted_at_receipt":false,"quarantined_at_receipt":false}
13,-1,1790953563369,ea_event,ROLL_ACCEPTED,{"type":"ea_event","seq":53,"ea_time_ms":95926015,"magic":null,"level":"INFO","code":"ROLL_ACCEPTED","reason":null,"ticket":900000010,"detail":{"ticket":900000010,"side":"L","layer_index":3,"entry":1.12563,"level":1.12262,"target":1.12362,"accrued":0.00000,"clamped":false,"cost":0.00201,"cost_pips":20.1,"rolled":4,"was_ejected":false,"source":"auto","reroll":false,"from_level":0.00000}}
13,-1,1790953564993,ea_event,,{"type":"fill_log","seq":54,"ea_time_ms":95926015,"magic":22260201,"deal_ticket":800000051,"order_ticket":700000051,"position_id":900000021,"entry_type":"OUT_BY","deal_type":"SELL","side":null,"layer_index":null,"role":null,"deal_price":1.12263,"order_price_open":null,"slippage_pips":null,"volume":0.00,"profit":1.01,"swap":0.00,"commission":0.00,"deal_time_broker":"2026-10-02 15:06:04","deal_time_broker_msc":1790953564000,"halted_at_receipt":false,"quarantined_at_receipt":false}
13,-1,1790953564993,ea_event,,{"type":"fill_log","seq":55,"ea_time_ms":95926015,"magic":22260201,"deal_ticket":800000052,"order_ticket":700000051,"position_id":900000026,"entry_type":"OUT_BY","deal_type":"SELL","side":null,"layer_index":null,"role":null,"deal_price":1.12364,"order_price_open":null,"slippage_pips":null,"volume":0.00,"profit":0.00,"swap":0.00,"commission":0.00,"deal_time_broker":"2026-10-02 15:06:04","deal_time_broker_msc":1790953564000,"halted_at_receipt":false,"quarantined_at_receipt":false}
13,-1,1790953564993,scalp,SCALP_CLOSED,{"close_time":"2026-10-02T15:06:04Z","instrument":"EURUSD","direction":"SHORT","entry_price":1.12364,"exit_price":1.12263,"layer_depth":0,"stack_depth":1,"gross_pnl":1.01,"instance_id":"GRIND_EURUSD_OPTC","ejected":false,"rolled":false,"broker_utc_offset_s":10800,"account_login":53077984}
13,-1,1790954757351,ea_event,,{"type":"fill_log","seq":56,"ea_time_ms":95926078,"magic":22260201,"deal_ticket":800000053,"order_ticket":9045,"position_id":900000027,"entry_type":"IN","deal_type":"SELL","side":"S","layer_index":0,"role":"ENT","deal_price":1.12289,"order_price_open":null,"slippage_pips":null,"volume":0.00,"profit":0.00,"swap":0.00,"commission":0.00,"deal_time_broker":"2026-10-02 15:25:57","deal_time_broker_msc":1790954757000,"halted_at_receipt":false,"quarantined_at_receipt":false}
13,-1,1790955003349,ea_event,,{"type":"fill_log","seq":57,"ea_time_ms":95926078,"magic":22260201,"deal_ticket":800000054,"order_ticket":9044,"position_id":900000028,"entry_type":"IN","deal_type":"BUY","side":"L","layer_index":3,"role":"EXT","deal_price":1.12573,"order_price_open":null,"slippage_pips":null,"volume":0.00,"profit":0.00,"swap":0.00,"commission":0.00,"deal_time_broker":"2026-10-02 15:30:02","deal_time_broker_msc":1790955002000,"halted_at_receipt":false,"quarantined_at_receipt":false}
13,-1,1790955003349,ea_event,,{"type":"fill_log","seq":58,"ea_time_ms":95926078,"magic":22260201,"deal_ticket":800000055,"order_ticket":9047,"position_id":900000029,"entry_type":"IN","deal_type":"SELL","side":"S","layer_index":1,"role":"ENT","deal_price":1.12573,"order_price_open":null,"slippage_pips":null,"volume":0.00,"profit":0.00,"swap":0.00,"commission":0.00,"deal_time_broker":"2026-10-02 15:30:02","deal_time_broker_msc":1790955002000,"halted_at_receipt":false,"quarantined_at_receipt":false}
13,-1,1790955006217,ea_event,,{"type":"fill_log","seq":59,"ea_time_ms":95926078,"magic":22260201,"deal_ticket":800000056,"order_ticket":700000056,"position_id":900000010,"entry_type":"OUT_BY","deal_type":"SELL","side":null,"layer_index":null,"role":null,"deal_price":1.12573,"order_price_open":null,"slippage_pips":null,"volume":0.00,"profit":0.10,"swap":0.00,"commission":0.00,"deal_time_broker":"2026-10-02 15:30:06","deal_time_broker_msc":1790955006000,"halted_at_receipt":false,"quarantined_at_receipt":false}
13,-1,1790955006217,ea_event,ROLL_FILLED,{"type":"ea_event","seq":60,"ea_time_ms":95926078,"magic":null,"level":"INFO","code":"ROLL_FILLED","reason":null,"ticket":900000010,"detail":{"ticket":900000010,"level":1.12262}}
13,-1,1790955006217,ea_event,,{"type":"fill_log","seq":61,"ea_time_ms":95926078,"magic":22260201,"deal_ticket":800000057,"order_ticket":700000056,"position_id":900000028,"entry_type":"OUT_BY","deal_type":"SELL","side":null,"layer_index":null,"role":null,"deal_price":1.12563,"order_price_open":null,"slippage_pips":null,"volume":0.00,"profit":0.00,"swap":0.00,"commission":0.00,"deal_time_broker":"2026-10-02 15:30:06","deal_time_broker_msc":1790955006000,"halted_at_receipt":false,"quarantined_at_receipt":false}
13,-1,1790955006217,scalp,SCALP_CLOSED,{"close_time":"2026-10-02T15:30:06Z","instrument":"EURUSD","direction":"LONG","entry_price":1.12563,"exit_price":1.12573,"layer_depth":3,"stack_depth":8,"gross_pnl":0.10,"instance_id":"GRIND_EURUSD_OPTC","ejected":false,"rolled":true,"broker_utc_offset_s":10800,"account_login":53077984}
13,-1,1790955010946,ea_event,,{"type":"fill_log","seq":62,"ea_time_ms":95926078,"magic":22260201,"deal_ticket":800000058,"order_ticket":9048,"position_id":900000030,"entry_type":"IN","deal_type":"SELL","side":"S","layer_index":1,"role":"EXT","deal_price":1.12469,"order_price_open":null,"slippage_pips":null,"volume":0.00,"profit":0.00,"swap":0.00,"commission":0.00,"deal_time_broker":"2026-10-02 15:30:10","deal_time_broker_msc":1790955010000,"halted_at_receipt":false,"quarantined_at_receipt":false}
13,-1,1790955011582,ea_event,,{"type":"fill_log","seq":63,"ea_time_ms":95926078,"magic":22260201,"deal_ticket":800000059,"order_ticket":700000059,"position_id":900000029,"entry_type":"OUT_BY","deal_type":"SELL","side":null,"layer_index":null,"role":null,"deal_price":1.12469,"order_price_open":null,"slippage_pips":null,"volume":0.00,"profit":1.04,"swap":0.00,"commission":0.00,"deal_time_broker":"2026-10-02 15:30:11","deal_time_broker_msc":1790955011000,"halted_at_receipt":false,"quarantined_at_receipt":false}
13,-1,1790955011582,ea_event,,{"type":"fill_log","seq":64,"ea_time_ms":95926078,"magic":22260201,"deal_ticket":800000060,"order_ticket":700000059,"position_id":900000030,"entry_type":"OUT_BY","deal_type":"SELL","side":null,"layer_index":null,"role":null,"deal_price":1.12573,"order_price_open":null,"slippage_pips":null,"volume":0.00,"profit":0.00,"swap":0.00,"commission":0.00,"deal_time_broker":"2026-10-02 15:30:11","deal_time_broker_msc":1790955011000,"halted_at_receipt":false,"quarantined_at_receipt":false}
13,-1,1790955011582,scalp,SCALP_CLOSED,{"close_time":"2026-10-02T15:30:11Z","instrument":"EURUSD","direction":"SHORT","entry_price":1.12573,"exit_price":1.12469,"layer_depth":1,"stack_depth":2,"gross_pnl":1.04,"instance_id":"GRIND_EURUSD_OPTC","ejected":false,"rolled":false,"broker_utc_offset_s":10800,"account_login":53077984}
13,-1,1790955019572,ea_event,,{"type":"fill_log","seq":65,"ea_time_ms":95926078,"magic":22260201,"deal_ticket":800000061,"order_ticket":9052,"position_id":900000031,"entry_type":"IN","deal_type":"SELL","side":"S","layer_index":1,"role":"ENT","deal_price":1.12451,"order_price_open":null,"slippage_pips":null,"volume":0.00,"profit":0.00,"swap":0.00,"commission":0.00,"deal_time_broker":"2026-10-02 15:30:19","deal_time_broker_msc":1790955019000,"halted_at_receipt":false,"quarantined_at_receipt":false}
13,-1,1790955073758,ea_event,,{"type":"fill_log","seq":66,"ea_time_ms":95926093,"magic":22260201,"deal_ticket":800000062,"order_ticket":9054,"position_id":900000032,"entry_type":"IN","deal_type":"SELL","side":"S","layer_index":2,"role":"ENT","deal_price":1.12515,"order_price_open":null,"slippage_pips":null,"volume":0.00,"profit":0.00,"swap":0.00,"commission":0.00,"deal_time_broker":"2026-10-02 15:31:13","deal_time_broker_msc":1790955073000,"halted_at_receipt":false,"quarantined_at_receipt":false}
13,-1,1790955222532,ea_event,,{"type":"fill_log","seq":67,"ea_time_ms":95926109,"magic":22260201,"deal_ticket":800000063,"order_ticket":9055,"position_id":900000033,"entry_type":"IN","deal_type":"SELL","side":"S","layer_index":2,"role":"EXT","deal_price":1.12415,"order_price_open":null,"slippage_pips":null,"volume":0.00,"profit":0.00,"swap":0.00,"commission":0.00,"deal_time_broker":"2026-10-02 15:33:42","deal_time_broker_msc":1790955222000,"halted_at_receipt":false,"quarantined_at_receipt":false}
13,-1,1790955222966,ea_event,,{"type":"fill_log","seq":68,"ea_time_ms":95926109,"magic":22260201,"deal_ticket":800000064,"order_ticket":700000064,"position_id":900000032,"entry_type":"OUT_BY","deal_type":"SELL","side":null,"layer_index":null,"role":null,"deal_price":1.12415,"order_price_open":null,"slippage_pips":null,"volume":0.00,"profit":1.00,"swap":0.00,"commission":0.00,"deal_time_broker":"2026-10-02 15:33:42","deal_time_broker_msc":1790955222000,"halted_at_receipt":false,"quarantined_at_receipt":false}
13,-1,1790955222966,ea_event,,{"type":"fill_log","seq":69,"ea_time_ms":95926109,"magic":22260201,"deal_ticket":800000065,"order_ticket":700000064,"position_id":900000033,"entry_type":"OUT_BY","deal_type":"SELL","side":null,"layer_index":null,"role":null,"deal_price":1.12515,"order_price_open":null,"slippage_pips":null,"volume":0.00,"profit":0.00,"swap":0.00,"commission":0.00,"deal_time_broker":"2026-10-02 15:33:42","deal_time_broker_msc":1790955222000,"halted_at_receipt":false,"quarantined_at_receipt":false}
13,-1,1790955222966,scalp,SCALP_CLOSED,{"close_time":"2026-10-02T15:33:42Z","instrument":"EURUSD","direction":"SHORT","entry_price":1.12515,"exit_price":1.12415,"layer_depth":2,"stack_depth":3,"gross_pnl":1.00,"instance_id":"GRIND_EURUSD_OPTC","ejected":false,"rolled":false,"broker_utc_offset_s":10800,"account_login":53077984}
13,-1,1790955580127,ea_event,,{"type":"fill_log","seq":70,"ea_time_ms":95926140,"magic":22260201,"deal_ticket":800000066,"order_ticket":9058,"position_id":900000034,"entry_type":"IN","deal_type":"SELL","side":"S","layer_index":2,"role":"ENT","deal_price":1.12512,"order_price_open":null,"slippage_pips":null,"volume":0.00,"profit":0.00,"swap":0.00,"commission":0.00,"deal_time_broker":"2026-10-02 15:39:40","deal_time_broker_msc":1790955580000,"halted_at_receipt":false,"quarantined_at_receipt":false}
13,-1,1790955710151,ea_event,,{"type":"fill_log","seq":71,"ea_time_ms":95926140,"magic":22260201,"deal_ticket":800000067,"order_ticket":9059,"position_id":900000035,"entry_type":"IN","deal_type":"SELL","side":"S","layer_index":2,"role":"EXT","deal_price":1.12408,"order_price_open":null,"slippage_pips":null,"volume":0.00,"profit":0.00,"swap":0.00,"commission":0.00,"deal_time_broker":"2026-10-02 15:41:50","deal_time_broker_msc":1790955710000,"halted_at_receipt":false,"quarantined_at_receipt":false}
13,-1,1790955710593,ea_event,,{"type":"fill_log","seq":72,"ea_time_ms":95926140,"magic":22260201,"deal_ticket":800000068,"order_ticket":700000068,"position_id":900000034,"entry_type":"OUT_BY","deal_type":"SELL","side":null,"layer_index":null,"role":null,"deal_price":1.12408,"order_price_open":null,"slippage_pips":null,"volume":0.00,"profit":1.04,"swap":0.00,"commission":0.00,"deal_time_broker":"2026-10-02 15:41:50","deal_time_broker_msc":1790955710000,"halted_at_receipt":false,"quarantined_at_receipt":false}
13,-1,1790955710593,ea_event,,{"type":"fill_log","seq":73,"ea_time_ms":95926140,"magic":22260201,"deal_ticket":800000069,"order_ticket":700000068,"position_id":900000035,"entry_type":"OUT_BY","deal_type":"SELL","side":null,"layer_index":null,"role":null,"deal_price":1.12512,"order_price_open":null,"slippage_pips":null,"volume":0.00,"profit":0.00,"swap":0.00,"commission":0.00,"deal_time_broker":"2026-10-02 15:41:50","deal_time_broker_msc":1790955710000,"halted_at_receipt":false,"quarantined_at_receipt":false}
13,-1,1790955710593,scalp,SCALP_CLOSED,{"close_time":"2026-10-02T15:41:50Z","instrument":"EURUSD","direction":"SHORT","entry_price":1.12512,"exit_price":1.12408,"layer_depth":2,"stack_depth":3,"gross_pnl":1.04,"instance_id":"GRIND_EURUSD_OPTC","ejected":false,"rolled":false,"broker_utc_offset_s":10800,"account_login":53077984}
13,-1,1790956226931,ea_event,,{"type":"fill_log","seq":74,"ea_time_ms":95926187,"magic":22260201,"deal_ticket":800000070,"order_ticket":9062,"position_id":900000036,"entry_type":"IN","deal_type":"SELL","side":"S","layer_index":2,"role":"ENT","deal_price":1.12513,"order_price_open":null,"slippage_pips":null,"volume":0.00,"profit":0.00,"swap":0.00,"commission":0.00,"deal_time_broker":"2026-10-02 15:50:26","deal_time_broker_msc":1790956226000,"halted_at_receipt":false,"quarantined_at_receipt":false}
13,-1,1790956484547,ea_event,,{"type":"fill_log","seq":75,"ea_time_ms":95926203,"magic":22260201,"deal_ticket":800000071,"order_ticket":9064,"position_id":900000037,"entry_type":"IN","deal_type":"SELL","side":"S","layer_index":3,"role":"ENT","deal_price":1.12574,"order_price_open":null,"slippage_pips":null,"volume":0.00,"profit":0.00,"swap":0.00,"commission":0.00,"deal_time_broker":"2026-10-02 15:54:44","deal_time_broker_msc":1790956484000,"halted_at_receipt":false,"quarantined_at_receipt":false}
13,-1,1790956547652,ea_event,,{"type":"fill_log","seq":76,"ea_time_ms":95926203,"magic":22260201,"deal_ticket":800000072,"order_ticket":9050,"position_id":900000038,"entry_type":"IN","deal_type":"BUY","side":"L","layer_index":7,"role":"EXT","deal_price":1.12605,"order_price_open":null,"slippage_pips":null,"volume":0.00,"profit":0.00,"swap":0.00,"commission":0.00,"deal_time_broker":"2026-10-02 15:55:47","deal_time_broker_msc":1790956547000,"halted_at_receipt":false,"quarantined_at_receipt":false}
13,-1,1790956548090,ea_event,,{"type":"fill_log","seq":77,"ea_time_ms":95926203,"magic":22260201,"deal_ticket":800000073,"order_ticket":700000073,"position_id":900000025,"entry_type":"OUT_BY","deal_type":"SELL","side":null,"layer_index":null,"role":null,"deal_price":1.12605,"order_price_open":null,"slippage_pips":null,"volume":0.00,"profit":2.83,"swap":0.00,"commission":0.00,"deal_time_broker":"2026-10-02 15:55:48","deal_time_broker_msc":1790956548000,"halted_at_receipt":false,"quarantined_at_receipt":false}
13,-1,1790956548090,ea_event,,{"type":"fill_log","seq":78,"ea_time_ms":95926203,"magic":22260201,"deal_ticket":800000074,"order_ticket":700000073,"position_id":900000038,"entry_type":"OUT_BY","deal_type":"SELL","side":null,"layer_index":null,"role":null,"deal_price":1.12322,"order_price_open":null,"slippage_pips":null,"volume":0.00,"profit":0.00,"swap":0.00,"commission":0.00,"deal_time_broker":"2026-10-02 15:55:48","deal_time_broker_msc":1790956548000,"halted_at_receipt":false,"quarantined_at_receipt":false}
13,-1,1790956548090,scalp,SCALP_CLOSED,{"close_time":"2026-10-02T15:55:48Z","instrument":"EURUSD","direction":"LONG","entry_price":1.12322,"exit_price":1.12605,"layer_depth":7,"stack_depth":7,"gross_pnl":2.83,"instance_id":"GRIND_EURUSD_OPTC","ejected":false,"rolled":false,"broker_utc_offset_s":10800,"account_login":53077984}
13,-1,1790956549669,ea_event,,{"type":"fill_log","seq":79,"ea_time_ms":95926203,"magic":22260201,"deal_ticket":800000075,"order_ticket":9067,"position_id":900000039,"entry_type":"IN","deal_type":"BUY","side":"L","layer_index":6,"role":"EXT","deal_price":1.12604,"order_price_open":null,"slippage_pips":null,"volume":0.00,"profit":0.00,"swap":0.00,"commission":0.00,"deal_time_broker":"2026-10-02 15:55:49","deal_time_broker_msc":1790956549000,"halted_at_receipt":false,"quarantined_at_receipt":false}
13,-1,1790956551396,ea_event,,{"type":"fill_log","seq":80,"ea_time_ms":95926203,"magic":22260201,"deal_ticket":800000076,"order_ticket":700000076,"position_id":900000016,"entry_type":"OUT_BY","deal_type":"SELL","side":null,"layer_index":null,"role":null,"deal_price":1.12604,"order_price_open":null,"slippage_pips":null,"volume":0.00,"profit":2.20,"swap":0.00,"commission":0.00,"deal_time_broker":"2026-10-02 15:55:51","deal_time_broker_msc":1790956551000,"halted_at_receipt":false,"quarantined_at_receipt":false}
13,-1,1790956551396,ea_event,,{"type":"fill_log","seq":81,"ea_time_ms":95926203,"magic":22260201,"deal_ticket":800000077,"order_ticket":700000076,"position_id":900000039,"entry_type":"OUT_BY","deal_type":"SELL","side":null,"layer_index":null,"role":null,"deal_price":1.12384,"order_price_open":null,"slippage_pips":null,"volume":0.00,"profit":0.00,"swap":0.00,"commission":0.00,"deal_time_broker":"2026-10-02 15:55:51","deal_time_broker_msc":1790956551000,"halted_at_receipt":false,"quarantined_at_receipt":false}
13,-1,1790956551396,scalp,SCALP_CLOSED,{"close_time":"2026-10-02T15:55:51Z","instrument":"EURUSD","direction":"LONG","entry_price":1.12384,"exit_price":1.12604,"layer_depth":6,"stack_depth":6,"gross_pnl":2.20,"instance_id":"GRIND_EURUSD_OPTC","ejected":false,"rolled":false,"broker_utc_offset_s":10800,"account_login":53077984}
13,-1,1790956578386,ea_event,,{"type":"fill_log","seq":82,"ea_time_ms":95926218,"magic":22260201,"deal_ticket":800000078,"order_ticket":9069,"position_id":900000040,"entry_type":"IN","deal_type":"BUY","side":"L","layer_index":5,"role":"EXT","deal_price":1.12610,"order_price_open":null,"slippage_pips":null,"volume":0.00,"profit":0.00,"swap":0.00,"commission":0.00,"deal_time_broker":"2026-10-02 15:56:18","deal_time_broker_msc":1790956578000,"halted_at_receipt":false,"quarantined_at_receipt":false}
13,-1,1790956579027,ea_event,,{"type":"fill_log","seq":83,"ea_time_ms":95926218,"magic":22260201,"deal_ticket":800000079,"order_ticket":700000079,"position_id":900000014,"entry_type":"OUT_BY","deal_type":"SELL","side":null,"layer_index":null,"role":null,"deal_price":1.12610,"order_price_open":null,"slippage_pips":null,"volume":0.00,"profit":1.66,"swap":0.00,"commission":0.00,"deal_time_broker":"2026-10-02 15:56:19","deal_time_broker_msc":1790956579000,"halted_at_receipt":false,"quarantined_at_receipt":false}
13,-1,1790956579027,ea_event,,{"type":"fill_log","seq":84,"ea_time_ms":95926218,"magic":22260201,"deal_ticket":800000080,"order_ticket":700000079,"position_id":900000040,"entry_type":"OUT_BY","deal_type":"SELL","side":null,"layer_index":null,"role":null,"deal_price":1.12444,"order_price_open":null,"slippage_pips":null,"volume":0.00,"profit":0.00,"swap":0.00,"commission":0.00,"deal_time_broker":"2026-10-02 15:56:19","deal_time_broker_msc":1790956579000,"halted_at_receipt":false,"quarantined_at_receipt":false}
13,-1,1790956579027,scalp,SCALP_CLOSED,{"close_time":"2026-10-02T15:56:19Z","instrument":"EURUSD","direction":"LONG","entry_price":1.12444,"exit_price":1.12610,"layer_depth":5,"stack_depth":5,"gross_pnl":1.66,"instance_id":"GRIND_EURUSD_OPTC","ejected":false,"rolled":false,"broker_utc_offset_s":10800,"account_login":53077984}
13,-1,1790956698955,ea_event,,{"type":"fill_log","seq":85,"ea_time_ms":95926218,"magic":22260201,"deal_ticket":800000081,"order_ticket":9071,"position_id":900000041,"entry_type":"IN","deal_type":"BUY","side":"L","layer_index":4,"role":"EXT","deal_price":1.12612,"order_price_open":null,"slippage_pips":null,"volume":0.00,"profit":0.00,"swap":0.00,"commission":0.00,"deal_time_broker":"2026-10-02 15:58:18","deal_time_broker_msc":1790956698000,"halted_at_receipt":false,"quarantined_at_receipt":false}
13,-1,1790956699792,ea_event,,{"type":"fill_log","seq":86,"ea_time_ms":95926218,"magic":22260201,"deal_ticket":800000082,"order_ticket":700000082,"position_id":900000012,"entry_type":"OUT_BY","deal_type":"SELL","side":null,"layer_index":null,"role":null,"deal_price":1.12612,"order_price_open":null,"slippage_pips":null,"volume":0.00,"profit":1.08,"swap":0.00,"commission":0.00,"deal_time_broker":"2026-10-02 15:58:19","deal_time_broker_msc":1790956699000,"halted_at_receipt":false,"quarantined_at_receipt":false}
13,-1,1790956699792,ea_event,,{"type":"fill_log","seq":87,"ea_time_ms":95926218,"magic":22260201,"deal_ticket":800000083,"order_ticket":700000082,"position_id":900000041,"entry_type":"OUT_BY","deal_type":"SELL","side":null,"layer_index":null,"role":null,"deal_price":1.12504,"order_price_open":null,"slippage_pips":null,"volume":0.00,"profit":0.00,"swap":0.00,"commission":0.00,"deal_time_broker":"2026-10-02 15:58:19","deal_time_broker_msc":1790956699000,"halted_at_receipt":false,"quarantined_at_receipt":false}
13,-1,1790956699792,scalp,SCALP_CLOSED,{"close_time":"2026-10-02T15:58:19Z","instrument":"EURUSD","direction":"LONG","entry_price":1.12504,"exit_price":1.12612,"layer_depth":4,"stack_depth":4,"gross_pnl":1.08,"instance_id":"GRIND_EURUSD_OPTC","ejected":false,"rolled":false,"broker_utc_offset_s":10800,"account_login":53077984}
13,-1,1790956743993,ea_event,,{"type":"fill_log","seq":88,"ea_time_ms":95926218,"magic":22260201,"deal_ticket":800000084,"order_ticket":9066,"position_id":900000042,"entry_type":"IN","deal_type":"SELL","side":"S","layer_index":4,"role":"ENT","deal_price":1.12638,"order_price_open":null,"slippage_pips":null,"volume":0.00,"profit":0.00,"swap":0.00,"commission":0.00,"deal_time_broker":"2026-10-02 15:59:03","deal_time_broker_msc":1790956743000,"halted_at_receipt":false,"quarantined_at_receipt":false}
13,-1,1790957145047,ea_event,,{"type":"fill_log","seq":89,"ea_time_ms":95926250,"magic":22260201,"deal_ticket":800000085,"order_ticket":9074,"position_id":900000043,"entry_type":"IN","deal_type":"BUY","side":"L","layer_index":3,"role":"ENT","deal_price":1.12560,"order_price_open":null,"slippage_pips":null,"volume":0.00,"profit":0.00,"swap":0.00,"commission":0.00,"deal_time_broker":"2026-10-02 16:05:45","deal_time_broker_msc":1790957145000,"halted_at_receipt":false,"quarantined_at_receipt":false}
13,-1,1790957234904,ea_event,,{"type":"fill_log","seq":90,"ea_time_ms":95926265,"magic":22260201,"deal_ticket":800000086,"order_ticket":9075,"position_id":900000044,"entry_type":"IN","deal_type":"SELL","side":"S","layer_index":4,"role":"EXT","deal_price":1.12538,"order_price_open":null,"slippage_pips":null,"volume":0.00,"profit":0.00,"swap":0.00,"commission":0.00,"deal_time_broker":"2026-10-02 16:07:14","deal_time_broker_msc":1790957234000,"halted_at_receipt":false,"quarantined_at_receipt":false}
13,-1,1790957235340,ea_event,,{"type":"fill_log","seq":91,"ea_time_ms":95926265,"magic":22260201,"deal_ticket":800000087,"order_ticket":700000087,"position_id":900000042,"entry_type":"OUT_BY","deal_type":"SELL","side":null,"layer_index":null,"role":null,"deal_price":1.12538,"order_price_open":null,"slippage_pips":null,"volume":0.00,"profit":1.00,"swap":0.00,"commission":0.00,"deal_time_broker":"2026-10-02 16:07:15","deal_time_broker_msc":1790957235000,"halted_at_receipt":false,"quarantined_at_receipt":false}
13,-1,1790957235340,ea_event,,{"type":"fill_log","seq":92,"ea_time_ms":95926265,"magic":22260201,"deal_ticket":800000088,"order_ticket":700000087,"position_id":900000044,"entry_type":"OUT_BY","deal_type":"SELL","side":null,"layer_index":null,"role":null,"deal_price":1.12638,"order_price_open":null,"slippage_pips":null,"volume":0.00,"profit":0.00,"swap":0.00,"commission":0.00,"deal_time_broker":"2026-10-02 16:07:15","deal_time_broker_msc":1790957235000,"halted_at_receipt":false,"quarantined_at_receipt":false}
13,-1,1790957235340,scalp,SCALP_CLOSED,{"close_time":"2026-10-02T16:07:15Z","instrument":"EURUSD","direction":"SHORT","entry_price":1.12638,"exit_price":1.12538,"layer_depth":4,"stack_depth":5,"gross_pnl":1.00,"instance_id":"GRIND_EURUSD_OPTC","ejected":false,"rolled":false,"broker_utc_offset_s":10800,"account_login":53077984}
13,-1,1790957405684,ea_event,,{"type":"fill_log","seq":93,"ea_time_ms":95926265,"magic":22260201,"deal_ticket":800000089,"order_ticket":9078,"position_id":900000045,"entry_type":"IN","deal_type":"BUY","side":"L","layer_index":4,"role":"ENT","deal_price":1.12498,"order_price_open":null,"slippage_pips":null,"volume":0.00,"profit":0.00,"swap":0.00,"commission":0.00,"deal_time_broker":"2026-10-02 16:10:05","deal_time_broker_msc":1790957405000,"halted_at_receipt":false,"quarantined_at_receipt":false}
13,-1,1790957669484,ea_event,,{"type":"fill_log","seq":94,"ea_time_ms":95926281,"magic":22260201,"deal_ticket":800000090,"order_ticket":9079,"position_id":900000046,"entry_type":"IN","deal_type":"SELL","side":"S","layer_index":3,"role":"EXT","deal_price":1.12474,"order_price_open":null,"slippage_pips":null,"volume":0.00,"profit":0.00,"swap":0.00,"commission":0.00,"deal_time_broker":"2026-10-02 16:14:29","deal_time_broker_msc":1790957669000,"halted_at_receipt":false,"quarantined_at_receipt":false}
13,-1,1790957670727,ea_event,,{"type":"fill_log","seq":95,"ea_time_ms":95926281,"magic":22260201,"deal_ticket":800000091,"order_ticket":700000091,"position_id":900000037,"entry_type":"OUT_BY","deal_type":"SELL","side":null,"layer_index":null,"role":null,"deal_price":1.12474,"order_price_open":null,"slippage_pips":null,"volume":0.00,"profit":1.00,"swap":0.00,"commission":0.00,"deal_time_broker":"2026-10-02 16:14:30","deal_time_broker_msc":1790957670000,"halted_at_receipt":false,"quarantined_at_receipt":false}
13,-1,1790957670727,ea_event,,{"type":"fill_log","seq":96,"ea_time_ms":95926281,"magic":22260201,"deal_ticket":800000092,"order_ticket":700000091,"position_id":900000046,"entry_type":"OUT_BY","deal_type":"SELL","side":null,"layer_index":null,"role":null,"deal_price":1.12574,"order_price_open":null,"slippage_pips":null,"volume":0.00,"profit":0.00,"swap":0.00,"commission":0.00,"deal_time_broker":"2026-10-02 16:14:30","deal_time_broker_msc":1790957670000,"halted_at_receipt":false,"quarantined_at_receipt":false}
13,-1,1790957670727,scalp,SCALP_CLOSED,{"close_time":"2026-10-02T16:14:30Z","instrument":"EURUSD","direction":"SHORT","entry_price":1.12574,"exit_price":1.12474,"layer_depth":3,"stack_depth":4,"gross_pnl":1.00,"instance_id":"GRIND_EURUSD_OPTC","ejected":false,"rolled":false,"broker_utc_offset_s":10800,"account_login":53077984}
13,-1,1790958129095,ea_event,,{"type":"fill_log","seq":97,"ea_time_ms":95926312,"magic":22260201,"deal_ticket":800000093,"order_ticket":9082,"position_id":900000047,"entry_type":"IN","deal_type":"BUY","side":"L","layer_index":5,"role":"ENT","deal_price":1.12437,"order_price_open":null,"slippage_pips":null,"volume":0.00,"profit":0.00,"swap":0.00,"commission":0.00,"deal_time_broker":"2026-10-02 16:22:09","deal_time_broker_msc":1790958129000,"halted_at_receipt":false,"quarantined_at_receipt":false}
13,-1,1790958563007,ea_event,,{"type":"fill_log","seq":98,"ea_time_ms":95926328,"magic":22260201,"deal_ticket":800000094,"order_ticket":9085,"position_id":900000048,"entry_type":"IN","deal_type":"BUY","side":"L","layer_index":5,"role":"EXT","deal_price":1.12537,"order_price_open":null,"slippage_pips":null,"volume":0.00,"profit":0.00,"swap":0.00,"commission":0.00,"deal_time_broker":"2026-10-02 16:29:23","deal_time_broker_msc":1790958563000,"halted_at_receipt":false,"quarantined_at_receipt":false}
13,-1,1790958563653,ea_event,,{"type":"fill_log","seq":99,"ea_time_ms":95926328,"magic":22260201,"deal_ticket":800000095,"order_ticket":700000095,"position_id":900000047,"entry_type":"OUT_BY","deal_type":"SELL","side":null,"layer_index":null,"role":null,"deal_price":1.12537,"order_price_open":null,"slippage_pips":null,"volume":0.00,"profit":1.00,"swap":0.00,"commission":0.00,"deal_time_broker":"2026-10-02 16:29:23","deal_time_broker_msc":1790958563000,"halted_at_receipt":false,"quarantined_at_receipt":false}
13,-1,1790958563653,ea_event,,{"type":"fill_log","seq":100,"ea_time_ms":95926328,"magic":22260201,"deal_ticket":800000096,"order_ticket":700000095,"position_id":900000048,"entry_type":"OUT_BY","deal_type":"SELL","side":null,"layer_index":null,"role":null,"deal_price":1.12437,"order_price_open":null,"slippage_pips":null,"volume":0.00,"profit":0.00,"swap":0.00,"commission":0.00,"deal_time_broker":"2026-10-02 16:29:23","deal_time_broker_msc":1790958563000,"halted_at_receipt":false,"quarantined_at_receipt":false}
13,-1,1790958563653,scalp,SCALP_CLOSED,{"close_time":"2026-10-02T16:29:23Z","instrument":"EURUSD","direction":"LONG","entry_price":1.12437,"exit_price":1.12537,"layer_depth":5,"stack_depth":6,"gross_pnl":1.00,"instance_id":"GRIND_EURUSD_OPTC","ejected":false,"rolled":false,"broker_utc_offset_s":10800,"account_login":53077984}
13,-1,1790959589190,ea_event,,{"type":"fill_log","seq":101,"ea_time_ms":95926390,"magic":22260201,"deal_ticket":800000097,"order_ticket":9084,"position_id":900000049,"entry_type":"IN","deal_type":"SELL","side":"S","layer_index":3,"role":"ENT","deal_price":1.12576,"order_price_open":null,"slippage_pips":null,"volume":0.00,"profit":0.00,"swap":0.00,"commission":0.00,"deal_time_broker":"2026-10-02 16:46:29","deal_time_broker_msc":1790959589000,"halted_at_receipt":false,"quarantined_at_receipt":false}
13,-1,1790959636407,ea_event,,{"type":"fill_log","seq":102,"ea_time_ms":95926390,"magic":22260201,"deal_ticket":800000098,"order_ticket":9087,"position_id":900000050,"entry_type":"IN","deal_type":"BUY","side":"L","layer_index":4,"role":"EXT","deal_price":1.12599,"order_price_open":null,"slippage_pips":null,"volume":0.00,"profit":0.00,"swap":0.00,"commission":0.00,"deal_time_broker":"2026-10-02 16:47:16","deal_time_broker_msc":1790959636000,"halted_at_receipt":false,"quarantined_at_receipt":false}
13,-1,1790959636844,ea_event,,{"type":"fill_log","seq":103,"ea_time_ms":95926390,"magic":22260201,"deal_ticket":800000099,"order_ticket":700000099,"position_id":900000045,"entry_type":"OUT_BY","deal_type":"SELL","side":null,"layer_index":null,"role":null,"deal_price":1.12599,"order_price_open":null,"slippage_pips":null,"volume":0.00,"profit":1.01,"swap":0.00,"commission":0.00,"deal_time_broker":"2026-10-02 16:47:16","deal_time_broker_msc":1790959636000,"halted_at_receipt":false,"quarantined_at_receipt":false}
13,-1,1790959636844,ea_event,,{"type":"fill_log","seq":104,"ea_time_ms":95926390,"magic":22260201,"deal_ticket":800000100,"order_ticket":700000099,"position_id":900000050,"entry_type":"OUT_BY","deal_type":"SELL","side":null,"layer_index":null,"role":null,"deal_price":1.12498,"order_price_open":null,"slippage_pips":null,"volume":0.00,"profit":0.00,"swap":0.00,"commission":0.00,"deal_time_broker":"2026-10-02 16:47:16","deal_time_broker_msc":1790959636000,"halted_at_receipt":false,"quarantined_at_receipt":false}
13,-1,1790959636844,scalp,SCALP_CLOSED,{"close_time":"2026-10-02T16:47:16Z","instrument":"EURUSD","direction":"LONG","entry_price":1.12498,"exit_price":1.12599,"layer_depth":4,"stack_depth":5,"gross_pnl":1.01,"instance_id":"GRIND_EURUSD_OPTC","ejected":false,"rolled":false,"broker_utc_offset_s":10800,"account_login":53077984}
13,-1,1790959764992,ea_event,,{"type":"fill_log","seq":105,"ea_time_ms":95926406,"magic":22260201,"deal_ticket":800000101,"order_ticket":9090,"position_id":900000051,"entry_type":"IN","deal_type":"SELL","side":"S","layer_index":4,"role":"ENT","deal_price":1.12639,"order_price_open":null,"slippage_pips":null,"volume":0.00,"profit":0.00,"swap":0.00,"commission":0.00,"deal_time_broker":"2026-10-02 16:49:24","deal_time_broker_msc":1790959764000,"halted_at_receipt":false,"quarantined_at_receipt":false}
13,-1,1790959779255,ea_event,,{"type":"fill_log","seq":106,"ea_time_ms":95926406,"magic":22260201,"deal_ticket":800000102,"order_ticket":9091,"position_id":900000052,"entry_type":"IN","deal_type":"BUY","side":"L","layer_index":3,"role":"EXT","deal_price":1.12658,"order_price_open":null,"slippage_pips":null,"volume":0.00,"profit":0.00,"swap":0.00,"commission":0.00,"deal_time_broker":"2026-10-02 16:49:39","deal_time_broker_msc":1790959779000,"halted_at_receipt":false,"quarantined_at_receipt":false}
13,-1,1790959780291,ea_event,,{"type":"fill_log","seq":107,"ea_time_ms":95926406,"magic":22260201,"deal_ticket":800000103,"order_ticket":700000103,"position_id":900000043,"entry_type":"OUT_BY","deal_type":"SELL","side":null,"layer_index":null,"role":null,"deal_price":1.12658,"order_price_open":null,"slippage_pips":null,"volume":0.00,"profit":0.98,"swap":0.00,"commission":0.00,"deal_time_broker":"2026-10-02 16:49:40","deal_time_broker_msc":1790959780000,"halted_at_receipt":false,"quarantined_at_receipt":false}
13,-1,1790959780291,ea_event,,{"type":"fill_log","seq":108,"ea_time_ms":95926406,"magic":22260201,"deal_ticket":800000104,"order_ticket":700000103,"position_id":900000052,"entry_type":"OUT_BY","deal_type":"SELL","side":null,"layer_index":null,"role":null,"deal_price":1.12560,"order_price_open":null,"slippage_pips":null,"volume":0.00,"profit":0.00,"swap":0.00,"commission":0.00,"deal_time_broker":"2026-10-02 16:49:40","deal_time_broker_msc":1790959780000,"halted_at_receipt":false,"quarantined_at_receipt":false}
13,-1,1790959780291,scalp,SCALP_CLOSED,{"close_time":"2026-10-02T16:49:40Z","instrument":"EURUSD","direction":"LONG","entry_price":1.12560,"exit_price":1.12658,"layer_depth":3,"stack_depth":4,"gross_pnl":0.98,"instance_id":"GRIND_EURUSD_OPTC","ejected":false,"rolled":false,"broker_utc_offset_s":10800,"account_login":53077984}
13,-1,1790960263446,ea_event,,{"type":"fill_log","seq":109,"ea_time_ms":95926437,"magic":22260201,"deal_ticket":800000105,"order_ticket":9094,"position_id":900000053,"entry_type":"IN","deal_type":"SELL","side":"S","layer_index":5,"role":"ENT","deal_price":1.12717,"order_price_open":null,"slippage_pips":null,"volume":0.00,"profit":0.00,"swap":0.00,"commission":0.00,"deal_time_broker":"2026-10-02 16:57:43","deal_time_broker_msc":1790960263000,"halted_at_receipt":false,"quarantined_at_receipt":false}
13,-1,1790960281700,ea_event,,{"type":"fill_log","seq":110,"ea_time_ms":95926437,"magic":22260201,"deal_ticket":800000106,"order_ticket":9095,"position_id":900000054,"entry_type":"IN","deal_type":"BUY","side":"L","layer_index":2,"role":"EXT","deal_price":1.12734,"order_price_open":null,"slippage_pips":null,"volume":0.00,"profit":0.00,"swap":0.00,"commission":0.00,"deal_time_broker":"2026-10-02 16:58:01","deal_time_broker_msc":1790960281000,"halted_at_receipt":false,"quarantined_at_receipt":false}
13,-1,1790960282133,ea_event,,{"type":"fill_log","seq":111,"ea_time_ms":95926437,"magic":22260201,"deal_ticket":800000107,"order_ticket":700000107,"position_id":1979255056,"entry_type":"OUT_BY","deal_type":"SELL","side":null,"layer_index":null,"role":null,"deal_price":1.12734,"order_price_open":null,"slippage_pips":null,"volume":0.00,"profit":-2.50,"swap":-0.08,"commission":0.00,"deal_time_broker":"2026-10-02 16:58:02","deal_time_broker_msc":1790960282000,"halted_at_receipt":false,"quarantined_at_receipt":false}
13,-1,1790960282133,ea_event,ROLL_FILLED,{"type":"ea_event","seq":112,"ea_time_ms":95926437,"magic":null,"level":"INFO","code":"ROLL_FILLED","reason":null,"ticket":1979255056,"detail":{"ticket":1979255056,"level":1.12623}}
13,-1,1790960282133,ea_event,,{"type":"fill_log","seq":113,"ea_time_ms":95926437,"magic":22260201,"deal_ticket":800000108,"order_ticket":700000107,"position_id":900000054,"entry_type":"OUT_BY","deal_type":"SELL","side":null,"layer_index":null,"role":null,"deal_price":1.12984,"order_price_open":null,"slippage_pips":null,"volume":0.00,"profit":0.00,"swap":0.00,"commission":0.00,"deal_time_broker":"2026-10-02 16:58:02","deal_time_broker_msc":1790960282000,"halted_at_receipt":false,"quarantined_at_receipt":false}
13,-1,1790960282133,scalp,SCALP_CLOSED,{"close_time":"2026-10-02T16:58:02Z","instrument":"EURUSD","direction":"LONG","entry_price":1.12984,"exit_price":1.12734,"layer_depth":2,"stack_depth":3,"gross_pnl":-2.58,"instance_id":"GRIND_EURUSD_OPTC","ejected":false,"rolled":true,"broker_utc_offset_s":10800,"account_login":53077984}
13,-1,1790960285511,ea_event,,{"type":"fill_log","seq":114,"ea_time_ms":95926437,"magic":22260201,"deal_ticket":800000109,"order_ticket":9100,"position_id":900000055,"entry_type":"IN","deal_type":"BUY","side":"L","layer_index":2,"role":"ENT","deal_price":1.12734,"order_price_open":null,"slippage_pips":null,"volume":0.00,"profit":0.00,"swap":0.00,"commission":0.00,"deal_time_broker":"2026-10-02 16:58:05","deal_time_broker_msc":1790960285000,"halted_at_receipt":false,"quarantined_at_receipt":false}
13,-1,1790960642441,ea_event,,{"type":"fill_log","seq":115,"ea_time_ms":95926453,"magic":22260201,"deal_ticket":800000110,"order_ticket":9098,"position_id":900000056,"entry_type":"IN","deal_type":"SELL","side":"S","layer_index":6,"role":"ENT","deal_price":1.12777,"order_price_open":null,"slippage_pips":null,"volume":0.00,"profit":0.00,"swap":0.00,"commission":0.00,"deal_time_broker":"2026-10-02 17:04:02","deal_time_broker_msc":1790960642000,"halted_at_receipt":false,"quarantined_at_receipt":false}
13,-1,1790960840746,ea_event,,{"type":"fill_log","seq":116,"ea_time_ms":95926468,"magic":22260201,"deal_ticket":800000111,"order_ticket":9101,"position_id":900000057,"entry_type":"IN","deal_type":"BUY","side":"L","layer_index":2,"role":"EXT","deal_price":1.12833,"order_price_open":null,"slippage_pips":null,"volume":0.00,"profit":0.00,"swap":0.00,"commission":0.00,"deal_time_broker":"2026-10-02 17:07:20","deal_time_broker_msc":1790960840000,"halted_at_receipt":false,"quarantined_at_receipt":false}
13,-1,1790960841583,ea_event,,{"type":"fill_log","seq":117,"ea_time_ms":95926468,"magic":22260201,"deal_ticket":800000112,"order_ticket":700000112,"position_id":900000055,"entry_type":"OUT_BY","deal_type":"SELL","side":null,"layer_index":null,"role":null,"deal_price":1.12833,"order_price_open":null,"slippage_pips":null,"volume":0.00,"profit":0.99,"swap":0.00,"commission":0.00,"deal_time_broker":"2026-10-02 17:07:21","deal_time_broker_msc":1790960841000,"halted_at_receipt":false,"quarantined_at_receipt":false}
13,-1,1790960841583,ea_event,,{"type":"fill_log","seq":118,"ea_time_ms":95926468,"magic":22260201,"deal_ticket":800000113,"order_ticket":700000112,"position_id":900000057,"entry_type":"OUT_BY","deal_type":"SELL","side":null,"layer_index":null,"role":null,"deal_price":1.12734,"order_price_open":null,"slippage_pips":null,"volume":0.00,"profit":0.00,"swap":0.00,"commission":0.00,"deal_time_broker":"2026-10-02 17:07:21","deal_time_broker_msc":1790960841000,"halted_at_receipt":false,"quarantined_at_receipt":false}
13,-1,1790960841583,scalp,SCALP_CLOSED,{"close_time":"2026-10-02T17:07:21Z","instrument":"EURUSD","direction":"LONG","entry_price":1.12734,"exit_price":1.12833,"layer_depth":2,"stack_depth":3,"gross_pnl":0.99,"instance_id":"GRIND_EURUSD_OPTC","ejected":false,"rolled":false,"broker_utc_offset_s":10800,"account_login":53077984}
13,-1,1790960845361,ea_event,,{"type":"fill_log","seq":119,"ea_time_ms":95926468,"magic":22260201,"deal_ticket":800000114,"order_ticket":9106,"position_id":900000058,"entry_type":"IN","deal_type":"BUY","side":"L","layer_index":2,"role":"ENT","deal_price":1.12829,"order_price_open":null,"slippage_pips":null,"volume":0.00,"profit":0.00,"swap":0.00,"commission":0.00,"deal_time_broker":"2026-10-02 17:07:25","deal_time_broker_msc":1790960845000,"halted_at_receipt":false,"quarantined_at_receipt":false}
13,-1,1790960849183,ea_event,,{"type":"fill_log","seq":120,"ea_time_ms":95926468,"magic":22260201,"deal_ticket":800000115,"order_ticket":9104,"position_id":900000059,"entry_type":"IN","deal_type":"SELL","side":"S","layer_index":7,"role":"ENT","deal_price":1.12839,"order_price_open":null,"slippage_pips":null,"volume":0.00,"profit":0.00,"swap":0.00,"commission":0.00,"deal_time_broker":"2026-10-02 17:07:29","deal_time_broker_msc":1790960849000,"halted_at_receipt":false,"quarantined_at_receipt":false}
13,-1,1790961107166,ea_event,,{"type":"fill_log","seq":121,"ea_time_ms":95926500,"magic":22260201,"deal_ticket":800000116,"order_ticket":9108,"position_id":900000060,"entry_type":"IN","deal_type":"BUY","side":"L","layer_index":3,"role":"ENT","deal_price":1.12768,"order_price_open":null,"slippage_pips":null,"volume":0.00,"profit":0.00,"swap":0.00,"commission":0.00,"deal_time_broker":"2026-10-02 17:11:47","deal_time_broker_msc":1790961107000,"halted_at_receipt":false,"quarantined_at_receipt":false}
14,-1,1790964242756,ea_event,,{"type":"fill_log","seq":0,"ea_time_ms":95927093,"magic":22260201,"deal_ticket":800000001,"order_ticket":1983447980,"position_id":900000001,"entry_type":"IN","deal_type":"BUY","side":"L","layer_index":4,"role":"ENT","deal_price":1.12717,"order_price_open":null,"slippage_pips":null,"volume":0.00,"profit":0.00,"swap":0.00,"commission":0.00,"deal_time_broker":"2026-10-02 18:04:02","deal_time_broker_msc":1790964242000,"halted_at_receipt":false,"quarantined_at_receipt":false}
14,-1,1790964275522,ea_event,,{"type":"fill_log","seq":1,"ea_time_ms":95927093,"magic":22260201,"deal_ticket":800000002,"order_ticket":1983407004,"position_id":900000002,"entry_type":"IN","deal_type":"SELL","side":"S","layer_index":7,"role":"EXT","deal_price":1.12696,"order_price_open":null,"slippage_pips":null,"volume":0.00,"profit":0.00,"swap":0.00,"commission":0.00,"deal_time_broker":"2026-10-02 18:04:35","deal_time_broker_msc":1790964275000,"halted_at_receipt":false,"quarantined_at_receipt":false}
14,-1,1790964276157,ea_event,,{"type":"fill_log","seq":2,"ea_time_ms":95927093,"magic":22260201,"deal_ticket":800000003,"order_ticket":700000003,"position_id":1983359935,"entry_type":"OUT_BY","deal_type":"SELL","side":null,"layer_index":null,"role":null,"deal_price":1.12696,"order_price_open":null,"slippage_pips":null,"volume":0.00,"profit":1.00,"swap":0.00,"commission":0.00,"deal_time_broker":"2026-10-02 18:04:36","deal_time_broker_msc":1790964276000,"halted_at_receipt":false,"quarantined_at_receipt":false}
14,-1,1790964276157,ea_event,,{"type":"fill_log","seq":3,"ea_time_ms":95927093,"magic":22260201,"deal_ticket":800000004,"order_ticket":700000003,"position_id":900000002,"entry_type":"OUT_BY","deal_type":"SELL","side":null,"layer_index":null,"role":null,"deal_price":1.12796,"order_price_open":null,"slippage_pips":null,"volume":0.00,"profit":0.00,"swap":0.00,"commission":0.00,"deal_time_broker":"2026-10-02 18:04:36","deal_time_broker_msc":1790964276000,"halted_at_receipt":false,"quarantined_at_receipt":false}
14,-1,1790964276157,scalp,SCALP_CLOSED,{"close_time":"2026-10-02T18:04:36Z","instrument":"EURUSD","direction":"SHORT","entry_price":1.12796,"exit_price":1.12696,"layer_depth":7,"stack_depth":8,"gross_pnl":1.00,"instance_id":"GRIND_EURUSD_OPTC","ejected":false,"rolled":false,"broker_utc_offset_s":10800,"account_login":53077984}
14,-1,1790964466870,ea_event,,{"type":"fill_log","seq":4,"ea_time_ms":95927109,"magic":22260201,"deal_ticket":800000005,"order_ticket":9001,"position_id":900000003,"entry_type":"IN","deal_type":"BUY","side":"L","layer_index":5,"role":"ENT","deal_price":1.12657,"order_price_open":null,"slippage_pips":null,"volume":0.00,"profit":0.00,"swap":0.00,"commission":0.00,"deal_time_broker":"2026-10-02 18:07:46","deal_time_broker_msc":1790964466000,"halted_at_receipt":false,"quarantined_at_receipt":false}
14,-1,1790965144883,ea_event,,{"type":"fill_log","seq":5,"ea_time_ms":95927140,"magic":22260201,"deal_ticket":800000006,"order_ticket":9002,"position_id":900000004,"entry_type":"IN","deal_type":"SELL","side":"S","layer_index":6,"role":"EXT","deal_price":1.12627,"order_price_open":null,"slippage_pips":null,"volume":0.00,"profit":0.00,"swap":0.00,"commission":0.00,"deal_time_broker":"2026-10-02 18:19:04","deal_time_broker_msc":1790965144000,"halted_at_receipt":false,"quarantined_at_receipt":false}
14,-1,1790965145320,ea_event,,{"type":"fill_log","seq":6,"ea_time_ms":95927140,"magic":22260201,"deal_ticket":800000007,"order_ticket":700000007,"position_id":1983313959,"entry_type":"OUT_BY","deal_type":"SELL","side":null,"layer_index":null,"role":null,"deal_price":1.12627,"order_price_open":null,"slippage_pips":null,"volume":0.00,"profit":1.01,"swap":0.00,"commission":0.00,"deal_time_broker":"2026-10-02 18:19:05","deal_time_broker_msc":1790965145000,"halted_at_receipt":false,"quarantined_at_receipt":false}
14,-1,1790965145320,ea_event,,{"type":"fill_log","seq":7,"ea_time_ms":95927140,"magic":22260201,"deal_ticket":800000008,"order_ticket":700000007,"position_id":900000004,"entry_type":"OUT_BY","deal_type":"SELL","side":null,"layer_index":null,"role":null,"deal_price":1.12728,"order_price_open":null,"slippage_pips":null,"volume":0.00,"profit":0.00,"swap":0.00,"commission":0.00,"deal_time_broker":"2026-10-02 18:19:05","deal_time_broker_msc":1790965145000,"halted_at_receipt":false,"quarantined_at_receipt":false}
14,-1,1790965145320,scalp,SCALP_CLOSED,{"close_time":"2026-10-02T18:19:05Z","instrument":"EURUSD","direction":"SHORT","entry_price":1.12728,"exit_price":1.12627,"layer_depth":6,"stack_depth":7,"gross_pnl":1.01,"instance_id":"GRIND_EURUSD_OPTC","ejected":false,"rolled":false,"broker_utc_offset_s":10800,"account_login":53077984}
14,-1,1790965403171,ea_event,,{"type":"fill_log","seq":8,"ea_time_ms":95927140,"magic":22260201,"deal_ticket":800000009,"order_ticket":9005,"position_id":900000005,"entry_type":"IN","deal_type":"BUY","side":"L","layer_index":6,"role":"ENT","deal_price":1.12597,"order_price_open":null,"slippage_pips":null,"volume":0.00,"profit":0.00,"swap":0.00,"commission":0.00,"deal_time_broker":"2026-10-02 18:23:23","deal_time_broker_msc":1790965403000,"halted_at_receipt":false,"quarantined_at_receipt":false}
14,-1,1790965481300,ea_event,,{"type":"fill_log","seq":9,"ea_time_ms":95927140,"magic":22260201,"deal_ticket":800000010,"order_ticket":9006,"position_id":900000006,"entry_type":"IN","deal_type":"SELL","side":"S","layer_index":5,"role":"EXT","deal_price":1.12567,"order_price_open":null,"slippage_pips":null,"volume":0.00,"profit":0.00,"swap":0.00,"commission":0.00,"deal_time_broker":"2026-10-02 18:24:41","deal_time_broker_msc":1790965481000,"halted_at_receipt":false,"quarantined_at_receipt":false}
14,-1,1790965481733,ea_event,,{"type":"fill_log","seq":10,"ea_time_ms":95927140,"magic":22260201,"deal_ticket":800000011,"order_ticket":700000011,"position_id":1983299166,"entry_type":"OUT_BY","deal_type":"SELL","side":null,"layer_index":null,"role":null,"deal_price":1.12567,"order_price_open":null,"slippage_pips":null,"volume":0.00,"profit":1.00,"swap":0.00,"commission":0.00,"deal_time_broker":"2026-10-02 18:24:41","deal_time_broker_msc":1790965481000,"halted_at_receipt":false,"quarantined_at_receipt":false}
14,-1,1790965481733,ea_event,,{"type":"fill_log","seq":11,"ea_time_ms":95927140,"magic":22260201,"deal_ticket":800000012,"order_ticket":700000011,"position_id":900000006,"entry_type":"OUT_BY","deal_type":"SELL","side":null,"layer_index":null,"role":null,"deal_price":1.12667,"order_price_open":null,"slippage_pips":null,"volume":0.00,"profit":0.00,"swap":0.00,"commission":0.00,"deal_time_broker":"2026-10-02 18:24:41","deal_time_broker_msc":1790965481000,"halted_at_receipt":false,"quarantined_at_receipt":false}
14,-1,1790965481733,scalp,SCALP_CLOSED,{"close_time":"2026-10-02T18:24:41Z","instrument":"EURUSD","direction":"SHORT","entry_price":1.12667,"exit_price":1.12567,"layer_depth":5,"stack_depth":6,"gross_pnl":1.00,"instance_id":"GRIND_EURUSD_OPTC","ejected":false,"rolled":false,"broker_utc_offset_s":10800,"account_login":53077984}
14,-1,1790968314215,ea_event,,{"type":"fill_log","seq":12,"ea_time_ms":95927250,"magic":22260201,"deal_ticket":800000013,"order_ticket":9009,"position_id":900000007,"entry_type":"IN","deal_type":"BUY","side":"L","layer_index":7,"role":"ENT","deal_price":1.12537,"order_price_open":null,"slippage_pips":null,"volume":0.00,"profit":0.00,"swap":0.00,"commission":0.00,"deal_time_broker":"2026-10-02 19:11:54","deal_time_broker_msc":1790968314000,"halted_at_receipt":false,"quarantined_at_receipt":false}
14,-1,1790969155183,ea_event,,{"type":"fill_log","seq":13,"ea_time_ms":95927281,"magic":22260201,"deal_ticket":800000014,"order_ticket":9010,"position_id":900000008,"entry_type":"IN","deal_type":"SELL","side":"S","layer_index":4,"role":"EXT","deal_price":1.12506,"order_price_open":null,"slippage_pips":null,"volume":0.00,"profit":0.00,"swap":0.00,"commission":0.00,"deal_time_broker":"2026-10-02 19:25:55","deal_time_broker_msc":1790969155000,"halted_at_receipt":false,"quarantined_at_receipt":false}
14,-1,1790969155819,ea_event,,{"type":"fill_log","seq":14,"ea_time_ms":95927281,"magic":22260201,"deal_ticket":800000015,"order_ticket":700000015,"position_id":1983273548,"entry_type":"OUT_BY","deal_type":"SELL","side":null,"layer_index":null,"role":null,"deal_price":1.12506,"order_price_open":null,"slippage_pips":null,"volume":0.00,"profit":1.00,"swap":0.00,"commission":0.00,"deal_time_broker":"2026-10-02 19:25:55","deal_time_broker_msc":1790969155000,"halted_at_receipt":false,"quarantined_at_receipt":false}
14,-1,1790969155819,ea_event,,{"type":"fill_log","seq":15,"ea_time_ms":95927281,"magic":22260201,"deal_ticket":800000016,"order_ticket":700000015,"position_id":900000008,"entry_type":"OUT_BY","deal_type":"SELL","side":null,"layer_index":null,"role":null,"deal_price":1.12606,"order_price_open":null,"slippage_pips":null,"volume":0.00,"profit":0.00,"swap":0.00,"commission":0.00,"deal_time_broker":"2026-10-02 19:25:55","deal_time_broker_msc":1790969155000,"halted_at_receipt":false,"quarantined_at_receipt":false}
14,-1,1790969155819,scalp,SCALP_CLOSED,{"close_time":"2026-10-02T19:25:55Z","instrument":"EURUSD","direction":"SHORT","entry_price":1.12606,"exit_price":1.12506,"layer_depth":4,"stack_depth":5,"gross_pnl":1.00,"instance_id":"GRIND_EURUSD_OPTC","ejected":false,"rolled":false,"broker_utc_offset_s":10800,"account_login":53077984}
14,-1,1790970510820,ea_event,,{"type":"fill_log","seq":16,"ea_time_ms":95927328,"magic":22260201,"deal_ticket":800000017,"order_ticket":9014,"position_id":900000009,"entry_type":"IN","deal_type":"SELL","side":"S","layer_index":4,"role":"ENT","deal_price":1.12609,"order_price_open":null,"slippage_pips":null,"volume":0.00,"profit":0.00,"swap":0.00,"commission":0.00,"deal_time_broker":"2026-10-02 19:48:30","deal_time_broker_msc":1790970510000,"halted_at_receipt":false,"quarantined_at_receipt":false}
14,-1,1790976201287,ea_event,,{"type":"fill_log","seq":17,"ea_time_ms":95927453,"magic":22260201,"deal_ticket":800000018,"order_ticket":9015,"position_id":900000010,"entry_type":"IN","deal_type":"SELL","side":"S","layer_index":4,"role":"EXT","deal_price":1.12509,"order_price_open":null,"slippage_pips":null,"volume":0.00,"profit":0.00,"swap":0.00,"commission":0.00,"deal_time_broker":"2026-10-02 21:23:21","deal_time_broker_msc":1790976201000,"halted_at_receipt":false,"quarantined_at_receipt":false}
14,-1,1790976202728,ea_event,,{"type":"fill_log","seq":18,"ea_time_ms":95927453,"magic":22260201,"deal_ticket":800000019,"order_ticket":700000019,"position_id":900000009,"entry_type":"OUT_BY","deal_type":"SELL","side":null,"layer_index":null,"role":null,"deal_price":1.12509,"order_price_open":null,"slippage_pips":null,"volume":0.00,"profit":1.00,"swap":0.00,"commission":0.00,"deal_time_broker":"2026-10-02 21:23:22","deal_time_broker_msc":1790976202000,"halted_at_receipt":false,"quarantined_at_receipt":false}
14,-1,1790976202728,ea_event,,{"type":"fill_log","seq":19,"ea_time_ms":95927453,"magic":22260201,"deal_ticket":800000020,"order_ticket":700000019,"position_id":900000010,"entry_type":"OUT_BY","deal_type":"SELL","side":null,"layer_index":null,"role":null,"deal_price":1.12609,"order_price_open":null,"slippage_pips":null,"volume":0.00,"profit":0.00,"swap":0.00,"commission":0.00,"deal_time_broker":"2026-10-02 21:23:22","deal_time_broker_msc":1790976202000,"halted_at_receipt":false,"quarantined_at_receipt":false}
14,-1,1790976202728,scalp,SCALP_CLOSED,{"close_time":"2026-10-02T21:23:22Z","instrument":"EURUSD","direction":"SHORT","entry_price":1.12609,"exit_price":1.12509,"layer_depth":4,"stack_depth":5,"gross_pnl":1.00,"instance_id":"GRIND_EURUSD_OPTC","ejected":false,"rolled":false,"broker_utc_offset_s":10800,"account_login":53077984}
14,-1,1790985010001,ea_event,CARRY_SNAPSHOT,{"type":"ea_event","seq":20,"ea_time_ms":95927609,"magic":null,"level":"INFO","code":"CARRY_SNAPSHOT","reason":"EURUSD","ticket":null,"detail":{"symbol":"EURUSD","swap_mode":1,"swap_long":-7.9900,"swap_short":1.3100,"multiplier":1,"day_of_week":5,"rollover3days":3,"digits":5,"point":0.00001000,"tick_value":1.00000000,"tick_size":0.00001000,"stops_level":0,"freeze_level":0,"long_pips":-0.799,"short_pips":0.131,"eligible_long":8,"eligible_short":4,"trade_mode_full":true,"mult_today":1,"mult_tomorrow":0,"accrued_swap_long":0.00,"accrued_swap_short":0.00}}
14,-1,1790985010001,ea_event,CARRY_EXIT_SHIFT,{"type":"ea_event","seq":21,"ea_time_ms":95927609,"magic":null,"level":"INFO","code":"CARRY_EXIT_SHIFT","reason":"EURUSD","ticket":null,"detail":{"position_ticket":1975880673,"side":"long","layer_index":0,"accrued_ledger_pips":-3.300,"pending_pips":0.000,"accrued_pips_total":-3.300,"old_price":1.13237,"new_price":1.13237,"clamped":false,"sign_guard_skipped":false,"retcode":10009,"points_native_pips":-1.598}}
14,-1,1790985190001,ea_event,CARRY_EXIT_SHIFT,{"type":"ea_event","seq":22,"ea_time_ms":95927609,"magic":null,"level":"INFO","code":"CARRY_EXIT_SHIFT","reason":"EURUSD","ticket":null,"detail":{"position_ticket":900000007,"side":"long","layer_index":7,"accrued_ledger_pips":0.000,"pending_pips":0.000,"accrued_pips_total":0.000,"old_price":1.12637,"new_price":1.12637,"clamped":false,"sign_guard_skipped":false,"retcode":10009,"points_native_pips":-0.799}}
14,-1,1790985250001,ea_event,CARRY_EXIT_SHIFT,{"type":"ea_event","seq":23,"ea_time_ms":95927609,"magic":null,"level":"INFO","code":"CARRY_EXIT_SHIFT","reason":"EURUSD","ticket":null,"detail":{"position_ticket":1982703072,"side":"short","layer_index":0,"accrued_ledger_pips":0.000,"pending_pips":0.000,"accrued_pips_total":0.000,"old_price":1.12187,"new_price":1.12187,"clamped":false,"sign_guard_skipped":false,"retcode":10009,"points_native_pips":0.131}}
14,-1,1790985310001,ea_event,CARRY_EXIT_SHIFT,{"type":"ea_event","seq":24,"ea_time_ms":95927609,"magic":null,"level":"INFO","code":"CARRY_EXIT_SHIFT","reason":"EURUSD","ticket":null,"detail":{"position_ticket":1983146288,"side":"short","layer_index":3,"accrued_ledger_pips":0.000,"pending_pips":0.000,"accrued_pips_total":0.000,"old_price":1.12443,"new_price":1.12443,"clamped":false,"sign_guard_skipped":false,"retcode":10009,"points_native_pips":0.131}}
14,-1,1790985310001,ea_event,CARRY_PASS_SUMMARY,{"type":"ea_event","seq":25,"ea_time_ms":95927609,"magic":null,"level":"INFO","code":"CARRY_PASS_SUMMARY","reason":"EURUSD","ticket":null,"detail":{"eligible":12,"shifted":4,"clamped":0,"skipped":0,"failed":0,"incomplete":false}}
14,-1,1791071410001,ea_event,CARRY_SNAPSHOT,{"type":"ea_event","seq":26,"ea_time_ms":95927671,"magic":null,"level":"INFO","code":"CARRY_SNAPSHOT","reason":"EURUSD","ticket":null,"detail":{"symbol":"EURUSD","swap_mode":1,"swap_long":-7.9900,"swap_short":1.3100,"multiplier":0,"day_of_week":6,"rollover3days":3,"digits":5,"point":0.00001000,"tick_value":1.00000000,"tick_size":0.00001000,"stops_level":0,"freeze_level":0,"long_pips":0.000,"short_pips":0.000,"eligible_long":8,"eligible_short":4,"trade_mode_full":true,"mult_today":0,"mult_tomorrow":0,"accrued_swap_long":0.00,"accrued_swap_short":0.00}}
14,-1,1791072010001,ea_event,CARRY_PASS_INCOMPLETE,{"type":"ea_event","seq":27,"ea_time_ms":95927671,"magic":null,"level":"INFO","code":"CARRY_PASS_INCOMPLETE","reason":"EURUSD","ticket":null,"detail":{"eligible":12,"shifted":0,"clamped":0,"skipped":0,"failed":0,"incomplete":true}}
14,-1,1791158410001,ea_event,CARRY_PASS_INCOMPLETE,{"type":"ea_event","seq":28,"ea_time_ms":95927718,"magic":null,"level":"INFO","code":"CARRY_PASS_INCOMPLETE","reason":"EURUSD","ticket":null,"detail":{"eligible":12,"shifted":0,"clamped":0,"skipped":0,"failed":0,"incomplete":true}}
14,-1,1791164991985,ea_event,,{"type":"fill_log","seq":29,"ea_time_ms":95927765,"magic":22260201,"deal_ticket":800000021,"order_ticket":9018,"position_id":900000011,"entry_type":"IN","deal_type":"SELL","side":"S","layer_index":4,"role":"ENT","deal_price":1.12605,"order_price_open":null,"slippage_pips":null,"volume":0.00,"profit":0.00,"swap":0.00,"commission":0.00,"deal_time_broker":"2026-10-05 01:49:51","deal_time_broker_msc":1791164991000,"halted_at_receipt":false,"quarantined_at_receipt":false}
14,-1,1791169937617,ea_event,,{"type":"fill_log","seq":30,"ea_time_ms":95927843,"magic":22260201,"deal_ticket":800000022,"order_ticket":9019,"position_id":900000012,"entry_type":"IN","deal_type":"SELL","side":"S","layer_index":4,"role":"EXT","deal_price":1.12505,"order_price_open":null,"slippage_pips":null,"volume":0.00,"profit":0.00,"swap":0.00,"commission":0.00,"deal_time_broker":"2026-10-05 03:12:17","deal_time_broker_msc":1791169937000,"halted_at_receipt":false,"quarantined_at_receipt":false}
14,-1,1791169938249,ea_event,,{"type":"fill_log","seq":31,"ea_time_ms":95927843,"magic":22260201,"deal_ticket":800000023,"order_ticket":700000023,"position_id":900000011,"entry_type":"OUT_BY","deal_type":"SELL","side":null,"layer_index":null,"role":null,"deal_price":1.12505,"order_price_open":null,"slippage_pips":null,"volume":0.00,"profit":1.00,"swap":0.00,"commission":0.00,"deal_time_broker":"2026-10-05 03:12:18","deal_time_broker_msc":1791169938000,"halted_at_receipt":false,"quarantined_at_receipt":false}
14,-1,1791169938249,ea_event,,{"type":"fill_log","seq":32,"ea_time_ms":95927843,"magic":22260201,"deal_ticket":800000024,"order_ticket":700000023,"position_id":900000012,"entry_type":"OUT_BY","deal_type":"SELL","side":null,"layer_index":null,"role":null,"deal_price":1.12605,"order_price_open":null,"slippage_pips":null,"volume":0.00,"profit":0.00,"swap":0.00,"commission":0.00,"deal_time_broker":"2026-10-05 03:12:18","deal_time_broker_msc":1791169938000,"halted_at_receipt":false,"quarantined_at_receipt":false}
14,-1,1791169938249,scalp,SCALP_CLOSED,{"close_time":"2026-10-05T03:12:18Z","instrument":"EURUSD","direction":"SHORT","entry_price":1.12605,"exit_price":1.12505,"layer_depth":4,"stack_depth":5,"gross_pnl":1.00,"instance_id":"GRIND_EURUSD_OPTC","ejected":false,"rolled":false,"broker_utc_offset_s":10800,"account_login":53077984}
14,-1,1791170222977,ea_event,ROLL_ACCEPTED,{"type":"ea_event","seq":33,"ea_time_ms":95927843,"magic":null,"level":"INFO","code":"ROLL_ACCEPTED","reason":null,"ticket":1983434019,"detail":{"ticket":1983434019,"side":"L","layer_index":2,"entry":1.12835,"level":1.12477,"target":1.12577,"accrued":0.00000,"clamped":false,"cost":0.00258,"cost_pips":25.8,"rolled":3,"was_ejected":false,"source":"auto","reroll":false,"from_level":0.00000}}
14,-1,1791171948702,ea_event,,{"type":"fill_log","seq":34,"ea_time_ms":95927890,"magic":22260201,"deal_ticket":800000025,"order_ticket":9021,"position_id":900000013,"entry_type":"IN","deal_type":"SELL","side":"S","layer_index":3,"role":"EXT","deal_price":1.12441,"order_price_open":null,"slippage_pips":null,"volume":0.00,"profit":0.00,"swap":0.00,"commission":0.00,"deal_time_broker":"2026-10-05 03:45:48","deal_time_broker_msc":1791171948000,"halted_at_receipt":false,"quarantined_at_receipt":false}
14,-1,1791171949132,ea_event,,{"type":"fill_log","seq":35,"ea_time_ms":95927890,"magic":22260201,"deal_ticket":800000026,"order_ticket":700000026,"position_id":1983146288,"entry_type":"OUT_BY","deal_type":"SELL","side":null,"layer_index":null,"role":null,"deal_price":1.12441,"order_price_open":null,"slippage_pips":null,"volume":0.00,"profit":1.02,"swap":0.02,"commission":0.00,"deal_time_broker":"2026-10-05 03:45:49","deal_time_broker_msc":1791171949000,"halted_at_receipt":false,"quarantined_at_receipt":false}
14,-1,1791171949132,ea_event,,{"type":"fill_log","seq":36,"ea_time_ms":95927890,"magic":22260201,"deal_ticket":800000027,"order_ticket":700000026,"position_id":900000013,"entry_type":"OUT_BY","deal_type":"SELL","side":null,"layer_index":null,"role":null,"deal_price":1.12543,"order_price_open":null,"slippage_pips":null,"volume":0.00,"profit":0.00,"swap":0.00,"commission":0.00,"deal_time_broker":"2026-10-05 03:45:49","deal_time_broker_msc":1791171949000,"halted_at_receipt":false,"quarantined_at_receipt":false}
14,-1,1791171949132,scalp,SCALP_CLOSED,{"close_time":"2026-10-05T03:45:49Z","instrument":"EURUSD","direction":"SHORT","entry_price":1.12543,"exit_price":1.12441,"layer_depth":3,"stack_depth":4,"gross_pnl":1.04,"instance_id":"GRIND_EURUSD_OPTC","ejected":false,"rolled":false,"broker_utc_offset_s":10800,"account_login":53077984}
14,-1,1791172615723,ea_event,ROLL_ACCEPTED,{"type":"ea_event","seq":37,"ea_time_ms":95927906,"magic":null,"level":"INFO","code":"ROLL_ACCEPTED","reason":null,"ticket":1983434147,"detail":{"ticket":1983434147,"side":"L","layer_index":3,"entry":1.12774,"level":1.12417,"target":1.12517,"accrued":0.00000,"clamped":false,"cost":0.00257,"cost_pips":25.7,"rolled":4,"was_ejected":false,"source":"auto","reroll":false,"from_level":0.00000}}
14,-1,1791173365104,ea_event,,{"type":"fill_log","seq":38,"ea_time_ms":95927921,"magic":22260201,"deal_ticket":800000028,"order_ticket":9024,"position_id":900000014,"entry_type":"IN","deal_type":"SELL","side":"S","layer_index":2,"role":"EXT","deal_price":1.12383,"order_price_open":null,"slippage_pips":null,"volume":0.00,"profit":0.00,"swap":0.00,"commission":0.00,"deal_time_broker":"2026-10-05 04:09:25","deal_time_broker_msc":1791173365000,"halted_at_receipt":false,"quarantined_at_receipt":false}
14,-1,1791173365535,ea_event,,{"type":"fill_log","seq":39,"ea_time_ms":95927921,"magic":22260201,"deal_ticket":800000029,"order_ticket":700000029,"position_id":1982924166,"entry_type":"OUT_BY","deal_type":"SELL","side":null,"layer_index":null,"role":null,"deal_price":1.12383,"order_price_open":null,"slippage_pips":null,"volume":0.00,"profit":1.00,"swap":0.02,"commission":0.00,"deal_time_broker":"2026-10-05 04:09:25","deal_time_broker_msc":1791173365000,"halted_at_receipt":false,"quarantined_at_receipt":false}
14,-1,1791173365535,ea_event,,{"type":"fill_log","seq":40,"ea_time_ms":95927921,"magic":22260201,"deal_ticket":800000030,"order_ticket":700000029,"position_id":900000014,"entry_type":"OUT_BY","deal_type":"SELL","side":null,"layer_index":null,"role":null,"deal_price":1.12483,"order_price_open":null,"slippage_pips":null,"volume":0.00,"profit":0.00,"swap":0.00,"commission":0.00,"deal_time_broker":"2026-10-05 04:09:25","deal_time_broker_msc":1791173365000,"halted_at_receipt":false,"quarantined_at_receipt":false}
14,-1,1791173365535,scalp,SCALP_CLOSED,{"close_time":"2026-10-05T04:09:25Z","instrument":"EURUSD","direction":"SHORT","entry_price":1.12483,"exit_price":1.12383,"layer_depth":2,"stack_depth":3,"gross_pnl":1.02,"instance_id":"GRIND_EURUSD_OPTC","ejected":false,"rolled":false,"broker_utc_offset_s":10800,"account_login":53077984}
14,-1,1791173859508,ea_event,ROLL_ACCEPTED,{"type":"ea_event","seq":41,"ea_time_ms":95927937,"magic":null,"level":"INFO","code":"ROLL_ACCEPTED","reason":null,"ticket":900000001,"detail":{"ticket":900000001,"side":"L","layer_index":4,"entry":1.12717,"level":1.12357,"target":1.12457,"accrued":0.00000,"clamped":false,"cost":0.00260,"cost_pips":26.0,"rolled":5,"was_ejected":false,"source":"auto","reroll":false,"from_level":0.00000}}
14,-1,1791175564460,ea_event,,{"type":"fill_log","seq":42,"ea_time_ms":95927968,"magic":22260201,"deal_ticket":800000031,"order_ticket":9027,"position_id":900000015,"entry_type":"IN","deal_type":"SELL","side":"S","layer_index":1,"role":"EXT","deal_price":1.12312,"order_price_open":null,"slippage_pips":null,"volume":0.00,"profit":0.00,"swap":0.00,"commission":0.00,"deal_time_broker":"2026-10-05 04:46:04","deal_time_broker_msc":1791175564000,"halted_at_receipt":false,"quarantined_at_receipt":false}
14,-1,1791175566893,ea_event,,{"type":"fill_log","seq":43,"ea_time_ms":95927968,"magic":22260201,"deal_ticket":800000032,"order_ticket":700000032,"position_id":1982823951,"entry_type":"OUT_BY","deal_type":"SELL","side":null,"layer_index":null,"role":null,"deal_price":1.12312,"order_price_open":null,"slippage_pips":null,"volume":0.00,"profit":1.07,"swap":0.02,"commission":0.00,"deal_time_broker":"2026-10-05 04:46:06","deal_time_broker_msc":1791175566000,"halted_at_receipt":false,"quarantined_at_receipt":false}
14,-1,1791175566893,ea_event,,{"type":"fill_log","seq":44,"ea_time_ms":95927968,"magic":22260201,"deal_ticket":800000033,"order_ticket":700000032,"position_id":900000015,"entry_type":"OUT_BY","deal_type":"SELL","side":null,"layer_index":null,"role":null,"deal_price":1.12419,"order_price_open":null,"slippage_pips":null,"volume":0.00,"profit":0.00,"swap":0.00,"commission":0.00,"deal_time_broker":"2026-10-05 04:46:06","deal_time_broker_msc":1791175566000,"halted_at_receipt":false,"quarantined_at_receipt":false}
14,-1,1791175566893,scalp,SCALP_CLOSED,{"close_time":"2026-10-05T04:46:06Z","instrument":"EURUSD","direction":"SHORT","entry_price":1.12419,"exit_price":1.12312,"layer_depth":1,"stack_depth":2,"gross_pnl":1.09,"instance_id":"GRIND_EURUSD_OPTC","ejected":false,"rolled":false,"broker_utc_offset_s":10800,"account_login":53077984}
14,-1,1791176122009,ea_event,ROLL_ACCEPTED,{"type":"ea_event","seq":45,"ea_time_ms":95927984,"magic":null,"level":"INFO","code":"ROLL_ACCEPTED","reason":null,"ticket":900000003,"detail":{"ticket":900000003,"side":"L","layer_index":5,"entry":1.12657,"level":1.12297,"target":1.12397,"accrued":0.00000,"clamped":false,"cost":0.00260,"cost_pips":26.0,"rolled":6,"was_ejected":false,"source":"auto","reroll":false,"from_level":0.00000}}
14,-1,1791177152285,ea_event,ROLL_ACCEPTED,{"type":"ea_event","seq":46,"ea_time_ms":95928000,"magic":null,"level":"INFO","code":"ROLL_ACCEPTED","reason":null,"ticket":900000005,"detail":{"ticket":900000005,"side":"L","layer_index":6,"entry":1.12597,"level":1.12237,"target":1.12337,"accrued":0.00000,"clamped":false,"cost":0.00260,"cost_pips":26.0,"rolled":7,"was_ejected":false,"source":"auto","reroll":false,"from_level":0.00000}}
14,-1,1791177541623,ea_event,,{"type":"fill_log","seq":47,"ea_time_ms":95928015,"magic":22260201,"deal_ticket":800000034,"order_ticket":1982763985,"position_id":900000016,"entry_type":"IN","deal_type":"SELL","side":"S","layer_index":0,"role":"EXT","deal_price":1.12187,"order_price_open":null,"slippage_pips":null,"volume":0.00,"profit":0.00,"swap":0.00,"commission":0.00,"deal_time_broker":"2026-10-05 05:19:01","deal_time_broker_msc":1791177541000,"halted_at_receipt":false,"quarantined_at_receipt":false}
14,-1,1791177542056,ea_event,,{"type":"fill_log","seq":48,"ea_time_ms":95928015,"magic":22260201,"deal_ticket":800000035,"order_ticket":700000035,"position_id":1982703072,"entry_type":"OUT_BY","deal_type":"SELL","side":null,"layer_index":null,"role":null,"deal_price":1.12187,"order_price_open":null,"slippage_pips":null,"volume":0.00,"profit":1.00,"swap":0.02,"commission":0.00,"deal_time_broker":"2026-10-05 05:19:02","deal_time_broker_msc":1791177542000,"halted_at_receipt":false,"quarantined_at_receipt":false}
14,-1,1791177542056,ea_event,,{"type":"fill_log","seq":49,"ea_time_ms":95928015,"magic":22260201,"deal_ticket":800000036,"order_ticket":700000035,"position_id":900000016,"entry_type":"OUT_BY","deal_type":"SELL","side":null,"layer_index":null,"role":null,"deal_price":1.12287,"order_price_open":null,"slippage_pips":null,"volume":0.00,"profit":0.00,"swap":0.00,"commission":0.00,"deal_time_broker":"2026-10-05 05:19:02","deal_time_broker_msc":1791177542000,"halted_at_receipt":false,"quarantined_at_receipt":false}
14,-1,1791177542056,scalp,SCALP_CLOSED,{"close_time":"2026-10-05T05:19:02Z","instrument":"EURUSD","direction":"SHORT","entry_price":1.12287,"exit_price":1.12187,"layer_depth":0,"stack_depth":1,"gross_pnl":1.02,"instance_id":"GRIND_EURUSD_OPTC","ejected":false,"rolled":false,"broker_utc_offset_s":10800,"account_login":53077984}
14,-1,1791177544580,ea_event,ROLL_ACCEPTED,{"type":"ea_event","seq":50,"ea_time_ms":95928015,"magic":null,"level":"INFO","code":"ROLL_ACCEPTED","reason":null,"ticket":900000007,"detail":{"ticket":900000007,"side":"L","layer_index":7,"entry":1.12537,"level":1.12177,"target":1.12277,"accrued":0.00000,"clamped":false,"cost":0.00260,"cost_pips":26.0,"rolled":8,"was_ejected":false,"source":"auto","reroll":false,"from_level":0.00000}}
14,-1,1791179003065,ea_event,ROLL_STRANDED,{"type":"ea_event","seq":51,"ea_time_ms":95928062,"magic":null,"level":"WARN","code":"ROLL_STRANDED","reason":"L","ticket":null,"detail":{"side":"L","depth":8,"rolled":8,"lowest_effective":1.12177,"market":1.12045,"steps":2}}
14,-1,1791179453027,ea_event,,{"type":"fill_log","seq":52,"ea_time_ms":95928078,"magic":22260201,"deal_ticket":800000037,"order_ticket":9033,"position_id":900000017,"entry_type":"IN","deal_type":"SELL","side":"S","layer_index":0,"role":"ENT","deal_price":1.11950,"order_price_open":null,"slippage_pips":null,"volume":0.00,"profit":0.00,"swap":0.00,"commission":0.00,"deal_time_broker":"2026-10-05 05:50:53","deal_time_broker_msc":1791179453000,"halted_at_receipt":false,"quarantined_at_receipt":false}
14,-1,1791179685063,ea_event,,{"type":"fill_log","seq":53,"ea_time_ms":95928093,"magic":22260201,"deal_ticket":800000038,"order_ticket":9035,"position_id":900000018,"entry_type":"IN","deal_type":"SELL","side":"S","layer_index":0,"role":"EXT","deal_price":1.11851,"order_price_open":null,"slippage_pips":null,"volume":0.00,"profit":0.00,"swap":0.00,"commission":0.00,"deal_time_broker":"2026-10-05 05:54:45","deal_time_broker_msc":1791179685000,"halted_at_receipt":false,"quarantined_at_receipt":false}
14,-1,1791179685494,ea_event,,{"type":"fill_log","seq":54,"ea_time_ms":95928093,"magic":22260201,"deal_ticket":800000039,"order_ticket":700000039,"position_id":900000017,"entry_type":"OUT_BY","deal_type":"SELL","side":null,"layer_index":null,"role":null,"deal_price":1.11851,"order_price_open":null,"slippage_pips":null,"volume":0.00,"profit":0.99,"swap":0.00,"commission":0.00,"deal_time_broker":"2026-10-05 05:54:45","deal_time_broker_msc":1791179685000,"halted_at_receipt":false,"quarantined_at_receipt":false}
14,-1,1791179685494,ea_event,,{"type":"fill_log","seq":55,"ea_time_ms":95928093,"magic":22260201,"deal_ticket":800000040,"order_ticket":700000039,"position_id":900000018,"entry_type":"OUT_BY","deal_type":"SELL","side":null,"layer_index":null,"role":null,"deal_price":1.11950,"order_price_open":null,"slippage_pips":null,"volume":0.00,"profit":0.00,"swap":0.00,"commission":0.00,"deal_time_broker":"2026-10-05 05:54:45","deal_time_broker_msc":1791179685000,"halted_at_receipt":false,"quarantined_at_receipt":false}
14,-1,1791179685494,scalp,SCALP_CLOSED,{"close_time":"2026-10-05T05:54:45Z","instrument":"EURUSD","direction":"SHORT","entry_price":1.11950,"exit_price":1.11851,"layer_depth":0,"stack_depth":1,"gross_pnl":0.99,"instance_id":"GRIND_EURUSD_OPTC","ejected":false,"rolled":false,"broker_utc_offset_s":10800,"account_login":53077984}
14,-1,1791179889575,ea_event,,{"type":"fill_log","seq":56,"ea_time_ms":95928109,"magic":22260201,"deal_ticket":800000041,"order_ticket":9037,"position_id":900000019,"entry_type":"IN","deal_type":"SELL","side":"S","layer_index":0,"role":"ENT","deal_price":1.11749,"order_price_open":null,"slippage_pips":null,"volume":0.00,"profit":0.00,"swap":0.00,"commission":0.00,"deal_time_broker":"2026-10-05 05:58:09","deal_time_broker_msc":1791179889000,"halted_at_receipt":false,"quarantined_at_receipt":false}
14,-1,1791180112684,ea_event,,{"type":"fill_log","seq":57,"ea_time_ms":95928125,"magic":22260201,"deal_ticket":800000042,"order_ticket":9039,"position_id":900000020,"entry_type":"IN","deal_type":"SELL","side":"S","layer_index":1,"role":"ENT","deal_price":1.11809,"order_price_open":null,"slippage_pips":null,"volume":0.00,"profit":0.00,"swap":0.00,"commission":0.00,"deal_time_broker":"2026-10-05 06:01:52","deal_time_broker_msc":1791180112000,"halted_at_receipt":false,"quarantined_at_receipt":false}
14,-1,1791180380115,ea_event,,{"type":"fill_log","seq":58,"ea_time_ms":95928140,"magic":22260201,"deal_ticket":800000043,"order_ticket":9040,"position_id":900000021,"entry_type":"IN","deal_type":"SELL","side":"S","layer_index":1,"role":"EXT","deal_price":1.11705,"order_price_open":null,"slippage_pips":null,"volume":0.00,"profit":0.00,"swap":0.00,"commission":0.00,"deal_time_broker":"2026-10-05 06:06:20","deal_time_broker_msc":1791180380000,"halted_at_receipt":false,"quarantined_at_receipt":false}
14,-1,1791180380549,ea_event,,{"type":"fill_log","seq":59,"ea_time_ms":95928140,"magic":22260201,"deal_ticket":800000044,"order_ticket":700000044,"position_id":900000020,"entry_type":"OUT_BY","deal_type":"SELL","side":null,"layer_index":null,"role":null,"deal_price":1.11705,"order_price_open":null,"slippage_pips":null,"volume":0.00,"profit":1.04,"swap":0.00,"commission":0.00,"deal_time_broker":"2026-10-05 06:06:20","deal_time_broker_msc":1791180380000,"halted_at_receipt":false,"quarantined_at_receipt":false}
14,-1,1791180380549,ea_event,,{"type":"fill_log","seq":60,"ea_time_ms":95928140,"magic":22260201,"deal_ticket":800000045,"order_ticket":700000044,"position_id":900000021,"entry_type":"OUT_BY","deal_type":"SELL","side":null,"layer_index":null,"role":null,"deal_price":1.11809,"order_price_open":null,"slippage_pips":null,"volume":0.00,"profit":0.00,"swap":0.00,"commission":0.00,"deal_time_broker":"2026-10-05 06:06:20","deal_time_broker_msc":1791180380000,"halted_at_receipt":false,"quarantined_at_receipt":false}
14,-1,1791180380549,scalp,SCALP_CLOSED,{"close_time":"2026-10-05T06:06:20Z","instrument":"EURUSD","direction":"SHORT","entry_price":1.11809,"exit_price":1.11705,"layer_depth":1,"stack_depth":2,"gross_pnl":1.04,"instance_id":"GRIND_EURUSD_OPTC","ejected":false,"rolled":false,"broker_utc_offset_s":10800,"account_login":53077984}
14,-1,1791180431446,ea_event,,{"type":"fill_log","seq":61,"ea_time_ms":95928140,"magic":22260201,"deal_ticket":800000046,"order_ticket":9038,"position_id":900000022,"entry_type":"IN","deal_type":"SELL","side":"S","layer_index":0,"role":"EXT","deal_price":1.11642,"order_price_open":null,"slippage_pips":null,"volume":0.00,"profit":0.00,"swap":0.00,"commission":0.00,"deal_time_broker":"2026-10-05 06:07:11","deal_time_broker_msc":1791180431000,"halted_at_receipt":false,"quarantined_at_receipt":false}
14,-1,1791180431881,ea_event,,{"type":"fill_log","seq":62,"ea_time_ms":95928140,"magic":22260201,"deal_ticket":800000047,"order_ticket":700000047,"position_id":900000019,"entry_type":"OUT_BY","deal_type":"SELL","side":null,"layer_index":null,"role":null,"deal_price":1.11642,"order_price_open":null,"slippage_pips":null,"volume":0.00,"profit":1.07,"swap":0.00,"commission":0.00,"deal_time_broker":"2026-10-05 06:07:11","deal_time_broker_msc":1791180431000,"halted_at_receipt":false,"quarantined_at_receipt":false}
14,-1,1791180431881,ea_event,,{"type":"fill_log","seq":63,"ea_time_ms":95928140,"magic":22260201,"deal_ticket":800000048,"order_ticket":700000047,"position_id":900000022,"entry_type":"OUT_BY","deal_type":"SELL","side":null,"layer_index":null,"role":null,"deal_price":1.11749,"order_price_open":null,"slippage_pips":null,"volume":0.00,"profit":0.00,"swap":0.00,"commission":0.00,"deal_time_broker":"2026-10-05 06:07:11","deal_time_broker_msc":1791180431000,"halted_at_receipt":false,"quarantined_at_receipt":false}
14,-1,1791180431881,scalp,SCALP_CLOSED,{"close_time":"2026-10-05T06:07:11Z","instrument":"EURUSD","direction":"SHORT","entry_price":1.11749,"exit_price":1.11642,"layer_depth":0,"stack_depth":1,"gross_pnl":1.07,"instance_id":"GRIND_EURUSD_OPTC","ejected":false,"rolled":false,"broker_utc_offset_s":10800,"account_login":53077984}
14,-1,1791180566871,ea_event,,{"type":"fill_log","seq":64,"ea_time_ms":95928140,"magic":22260201,"deal_ticket":800000049,"order_ticket":9043,"position_id":900000023,"entry_type":"IN","deal_type":"SELL","side":"S","layer_index":0,"role":"ENT","deal_price":1.11713,"order_price_open":null,"slippage_pips":null,"volume":0.00,"profit":0.00,"swap":0.00,"commission":0.00,"deal_time_broker":"2026-10-05 06:09:26","deal_time_broker_msc":1791180566000,"halted_at_receipt":false,"quarantined_at_receipt":false}
14,-1,1791180720921,ea_event,,{"type":"fill_log","seq":65,"ea_time_ms":95928156,"magic":22260201,"deal_ticket":800000050,"order_ticket":9045,"position_id":900000024,"entry_type":"IN","deal_type":"SELL","side":"S","layer_index":1,"role":"ENT","deal_price":1.11772,"order_price_open":null,"slippage_pips":null,"volume":0.00,"profit":0.00,"swap":0.00,"commission":0.00,"deal_time_broker":"2026-10-05 06:12:00","deal_time_broker_msc":1791180720000,"halted_at_receipt":false,"quarantined_at_receipt":false}
14,-1,1791181220401,ea_event,,{"type":"fill_log","seq":66,"ea_time_ms":95928171,"magic":22260201,"deal_ticket":800000051,"order_ticket":9047,"position_id":900000025,"entry_type":"IN","deal_type":"SELL","side":"S","layer_index":2,"role":"ENT","deal_price":1.11835,"order_price_open":null,"slippage_pips":null,"volume":0.00,"profit":0.00,"swap":0.00,"commission":0.00,"deal_time_broker":"2026-10-05 06:20:20","deal_time_broker_msc":1791181220000,"halted_at_receipt":false,"quarantined_at_receipt":false}
14,-1,1791182583867,ea_event,,{"type":"fill_log","seq":67,"ea_time_ms":95928218,"magic":22260201,"deal_ticket":800000052,"order_ticket":9048,"position_id":900000026,"entry_type":"IN","deal_type":"SELL","side":"S","layer_index":2,"role":"EXT","deal_price":1.11733,"order_price_open":null,"slippage_pips":null,"volume":0.00,"profit":0.00,"swap":0.00,"commission":0.00,"deal_time_broker":"2026-10-05 06:43:03","deal_time_broker_msc":1791182583000,"halted_at_receipt":false,"quarantined_at_receipt":false}
14,-1,1791182584877,ea_event,,{"type":"fill_log","seq":68,"ea_time_ms":95928218,"magic":22260201,"deal_ticket":800000053,"order_ticket":700000053,"position_id":900000025,"entry_type":"OUT_BY","deal_type":"SELL","side":null,"layer_index":null,"role":null,"deal_price":1.11733,"order_price_open":null,"slippage_pips":null,"volume":0.00,"profit":1.02,"swap":0.00,"commission":0.00,"deal_time_broker":"2026-10-05 06:43:04","deal_time_broker_msc":1791182584000,"halted_at_receipt":false,"quarantined_at_receipt":false}
14,-1,1791182584877,ea_event,,{"type":"fill_log","seq":69,"ea_time_ms":95928218,"magic":22260201,"deal_ticket":800000054,"order_ticket":700000053,"position_id":900000026,"entry_type":"OUT_BY","deal_type":"SELL","side":null,"layer_index":null,"role":null,"deal_price":1.11835,"order_price_open":null,"slippage_pips":null,"volume":0.00,"profit":0.00,"swap":0.00,"commission":0.00,"deal_time_broker":"2026-10-05 06:43:04","deal_time_broker_msc":1791182584000,"halted_at_receipt":false,"quarantined_at_receipt":false}
14,-1,1791182584877,scalp,SCALP_CLOSED,{"close_time":"2026-10-05T06:43:04Z","instrument":"EURUSD","direction":"SHORT","entry_price":1.11835,"exit_price":1.11733,"layer_depth":2,"stack_depth":3,"gross_pnl":1.02,"instance_id":"GRIND_EURUSD_OPTC","ejected":false,"rolled":false,"broker_utc_offset_s":10800,"account_login":53077984}
14,-1,1791183170472,ea_event,,{"type":"fill_log","seq":70,"ea_time_ms":95928234,"magic":22260201,"deal_ticket":800000055,"order_ticket":9050,"position_id":900000027,"entry_type":"IN","deal_type":"SELL","side":"S","layer_index":1,"role":"EXT","deal_price":1.11668,"order_price_open":null,"slippage_pips":null,"volume":0.00,"profit":0.00,"swap":0.00,"commission":0.00,"deal_time_broker":"2026-10-05 06:52:50","deal_time_broker_msc":1791183170000,"halted_at_receipt":false,"quarantined_at_receipt":false}
14,-1,1791183171106,ea_event,,{"type":"fill_log","seq":71,"ea_time_ms":95928234,"magic":22260201,"deal_ticket":800000056,"order_ticket":700000056,"position_id":900000024,"entry_type":"OUT_BY","deal_type":"SELL","side":null,"layer_index":null,"role":null,"deal_price":1.11668,"order_price_open":null,"slippage_pips":null,"volume":0.00,"profit":1.04,"swap":0.00,"commission":0.00,"deal_time_broker":"2026-10-05 06:52:51","deal_time_broker_msc":1791183171000,"halted_at_receipt":false,"quarantined_at_receipt":false}
14,-1,1791183171106,ea_event,,{"type":"fill_log","seq":72,"ea_time_ms":95928234,"magic":22260201,"deal_ticket":800000057,"order_ticket":700000056,"position_id":900000027,"entry_type":"OUT_BY","deal_type":"SELL","side":null,"layer_index":null,"role":null,"deal_price":1.11772,"order_price_open":null,"slippage_pips":null,"volume":0.00,"profit":0.00,"swap":0.00,"commission":0.00,"deal_time_broker":"2026-10-05 06:52:51","deal_time_broker_msc":1791183171000,"halted_at_receipt":false,"quarantined_at_receipt":false}
14,-1,1791183171106,scalp,SCALP_CLOSED,{"close_time":"2026-10-05T06:52:51Z","instrument":"EURUSD","direction":"SHORT","entry_price":1.11772,"exit_price":1.11668,"layer_depth":1,"stack_depth":2,"gross_pnl":1.04,"instance_id":"GRIND_EURUSD_OPTC","ejected":false,"rolled":false,"broker_utc_offset_s":10800,"account_login":53077984}
14,-1,1791183921945,ea_event,,{"type":"fill_log","seq":73,"ea_time_ms":95928265,"magic":22260201,"deal_ticket":800000058,"order_ticket":9044,"position_id":900000028,"entry_type":"IN","deal_type":"SELL","side":"S","layer_index":0,"role":"EXT","deal_price":1.11613,"order_price_open":null,"slippage_pips":null,"volume":0.00,"profit":0.00,"swap":0.00,"commission":0.00,"deal_time_broker":"2026-10-05 07:05:21","deal_time_broker_msc":1791183921000,"halted_at_receipt":false,"quarantined_at_receipt":false}
14,-1,1791183923982,ea_event,,{"type":"fill_log","seq":74,"ea_time_ms":95928265,"magic":22260201,"deal_ticket":800000059,"order_ticket":700000059,"position_id":900000023,"entry_type":"OUT_BY","deal_type":"SELL","side":null,"layer_index":null,"role":null,"deal_price":1.11613,"order_price_open":null,"slippage_pips":null,"volume":0.00,"profit":1.00,"swap":0.00,"commission":0.00,"deal_time_broker":"2026-10-05 07:05:23","deal_time_broker_msc":1791183923000,"halted_at_receipt":false,"quarantined_at_receipt":false}
14,-1,1791183923982,ea_event,,{"type":"fill_log","seq":75,"ea_time_ms":95928265,"magic":22260201,"deal_ticket":800000060,"order_ticket":700000059,"position_id":900000028,"entry_type":"OUT_BY","deal_type":"SELL","side":null,"layer_index":null,"role":null,"deal_price":1.11713,"order_price_open":null,"slippage_pips":null,"volume":0.00,"profit":0.00,"swap":0.00,"commission":0.00,"deal_time_broker":"2026-10-05 07:05:23","deal_time_broker_msc":1791183923000,"halted_at_receipt":false,"quarantined_at_receipt":false}
14,-1,1791183923982,scalp,SCALP_CLOSED,{"close_time":"2026-10-05T07:05:23Z","instrument":"EURUSD","direction":"SHORT","entry_price":1.11713,"exit_price":1.11613,"layer_depth":0,"stack_depth":1,"gross_pnl":1.00,"instance_id":"GRIND_EURUSD_OPTC","ejected":false,"rolled":false,"broker_utc_offset_s":10800,"account_login":53077984}
14,-1,1791183998991,ea_event,,{"type":"fill_log","seq":76,"ea_time_ms":95928265,"magic":22260201,"deal_ticket":800000061,"order_ticket":9053,"position_id":900000029,"entry_type":"IN","deal_type":"SELL","side":"S","layer_index":0,"role":"ENT","deal_price":1.11684,"order_price_open":null,"slippage_pips":null,"volume":0.00,"profit":0.00,"swap":0.00,"commission":0.00,"deal_time_broker":"2026-10-05 07:06:38","deal_time_broker_msc":1791183998000,"halted_at_receipt":false,"quarantined_at_receipt":false}
14,-1,1791186061765,ea_event,,{"type":"fill_log","seq":77,"ea_time_ms":95928328,"magic":22260201,"deal_ticket":800000062,"order_ticket":9055,"position_id":900000030,"entry_type":"IN","deal_type":"SELL","side":"S","layer_index":1,"role":"ENT","deal_price":1.11744,"order_price_open":null,"slippage_pips":null,"volume":0.00,"profit":0.00,"swap":0.00,"commission":0.00,"deal_time_broker":"2026-10-05 07:41:01","deal_time_broker_msc":1791186061000,"halted_at_receipt":false,"quarantined_at_receipt":false}
14,-1,1791187050589,ea_event,,{"type":"fill_log","seq":78,"ea_time_ms":95928359,"magic":22260201,"deal_ticket":800000063,"order_ticket":9057,"position_id":900000031,"entry_type":"IN","deal_type":"SELL","side":"S","layer_index":2,"role":"ENT","deal_price":1.11804,"order_price_open":null,"slippage_pips":null,"volume":0.00,"profit":0.00,"swap":0.00,"commission":0.00,"deal_time_broker":"2026-10-05 07:57:30","deal_time_broker_msc":1791187050000,"halted_at_receipt":false,"quarantined_at_receipt":false}
14,-1,1791188540406,ea_event,,{"type":"fill_log","seq":79,"ea_time_ms":95928406,"magic":22260201,"deal_ticket":800000064,"order_ticket":9059,"position_id":900000032,"entry_type":"IN","deal_type":"SELL","side":"S","layer_index":3,"role":"ENT","deal_price":1.11863,"order_price_open":null,"slippage_pips":null,"volume":0.00,"profit":0.00,"swap":0.00,"commission":0.00,"deal_time_broker":"2026-10-05 08:22:20","deal_time_broker_msc":1791188540000,"halted_at_receipt":false,"quarantined_at_receipt":false}
14,-1,1791190701072,ea_event,,{"type":"fill_log","seq":80,"ea_time_ms":95928468,"magic":22260201,"deal_ticket":800000065,"order_ticket":9061,"position_id":900000033,"entry_type":"IN","deal_type":"SELL","side":"S","layer_index":4,"role":"ENT","deal_price":1.11923,"order_price_open":null,"slippage_pips":null,"volume":0.00,"profit":0.00,"swap":0.00,"commission":0.00,"deal_time_broker":"2026-10-05 08:58:21","deal_time_broker_msc":1791190701000,"halted_at_receipt":false,"quarantined_at_receipt":false}
14,-1,1791191942804,ea_event,,{"type":"fill_log","seq":81,"ea_time_ms":95928515,"magic":22260201,"deal_ticket":800000066,"order_ticket":9063,"position_id":900000034,"entry_type":"IN","deal_type":"SELL","side":"S","layer_index":5,"role":"ENT","deal_price":1.11983,"order_price_open":null,"slippage_pips":null,"volume":0.00,"profit":0.00,"swap":0.00,"commission":0.00,"deal_time_broker":"2026-10-05 09:19:02","deal_time_broker_msc":1791191942000,"halted_at_receipt":false,"quarantined_at_receipt":false}
14,-1,1791192462106,ea_event,,{"type":"fill_log","seq":82,"ea_time_ms":95928546,"magic":22260201,"deal_ticket":800000067,"order_ticket":9064,"position_id":900000035,"entry_type":"IN","deal_type":"SELL","side":"S","layer_index":5,"role":"EXT","deal_price":1.11883,"order_price_open":null,"slippage_pips":null,"volume":0.00,"profit":0.00,"swap":0.00,"commission":0.00,"deal_time_broker":"2026-10-05 09:27:42","deal_time_broker_msc":1791192462000,"halted_at_receipt":false,"quarantined_at_receipt":false}
14,-1,1791192462534,ea_event,,{"type":"fill_log","seq":83,"ea_time_ms":95928546,"magic":22260201,"deal_ticket":800000068,"order_ticket":700000068,"position_id":900000034,"entry_type":"OUT_BY","deal_type":"SELL","side":null,"layer_index":null,"role":null,"deal_price":1.11883,"order_price_open":null,"slippage_pips":null,"volume":0.00,"profit":1.00,"swap":0.00,"commission":0.00,"deal_time_broker":"2026-10-05 09:27:42","deal_time_broker_msc":1791192462000,"halted_at_receipt":false,"quarantined_at_receipt":false}
14,-1,1791192462534,ea_event,,{"type":"fill_log","seq":84,"ea_time_ms":95928546,"magic":22260201,"deal_ticket":800000069,"order_ticket":700000068,"position_id":900000035,"entry_type":"OUT_BY","deal_type":"SELL","side":null,"layer_index":null,"role":null,"deal_price":1.11983,"order_price_open":null,"slippage_pips":null,"volume":0.00,"profit":0.00,"swap":0.00,"commission":0.00,"deal_time_broker":"2026-10-05 09:27:42","deal_time_broker_msc":1791192462000,"halted_at_receipt":false,"quarantined_at_receipt":false}
14,-1,1791192462534,scalp,SCALP_CLOSED,{"close_time":"2026-10-05T09:27:42Z","instrument":"EURUSD","direction":"SHORT","entry_price":1.11983,"exit_price":1.11883,"layer_depth":5,"stack_depth":6,"gross_pnl":1.00,"instance_id":"GRIND_EURUSD_OPTC","ejected":false,"rolled":false,"broker_utc_offset_s":10800,"account_login":53077984}
14,-1,1791192772367,ea_event,,{"type":"fill_log","seq":85,"ea_time_ms":95928562,"magic":22260201,"deal_ticket":800000070,"order_ticket":9066,"position_id":900000036,"entry_type":"IN","deal_type":"SELL","side":"S","layer_index":4,"role":"EXT","deal_price":1.11823,"order_price_open":null,"slippage_pips":null,"volume":0.00,"profit":0.00,"swap":0.00,"commission":0.00,"deal_time_broker":"2026-10-05 09:32:52","deal_time_broker_msc":1791192772000,"halted_at_receipt":false,"quarantined_at_receipt":false}
14,-1,1791192774216,ea_event,,{"type":"fill_log","seq":86,"ea_time_ms":95928562,"magic":22260201,"deal_ticket":800000071,"order_ticket":700000071,"position_id":900000033,"entry_type":"OUT_BY","deal_type":"SELL","side":null,"layer_index":null,"role":null,"deal_price":1.11823,"order_price_open":null,"slippage_pips":null,"volume":0.00,"profit":1.00,"swap":0.00,"commission":0.00,"deal_time_broker":"2026-10-05 09:32:54","deal_time_broker_msc":1791192774000,"halted_at_receipt":false,"quarantined_at_receipt":false}
14,-1,1791192774216,ea_event,,{"type":"fill_log","seq":87,"ea_time_ms":95928562,"magic":22260201,"deal_ticket":800000072,"order_ticket":700000071,"position_id":900000036,"entry_type":"OUT_BY","deal_type":"SELL","side":null,"layer_index":null,"role":null,"deal_price":1.11923,"order_price_open":null,"slippage_pips":null,"volume":0.00,"profit":0.00,"swap":0.00,"commission":0.00,"deal_time_broker":"2026-10-05 09:32:54","deal_time_broker_msc":1791192774000,"halted_at_receipt":false,"quarantined_at_receipt":false}
14,-1,1791192774216,scalp,SCALP_CLOSED,{"close_time":"2026-10-05T09:32:54Z","instrument":"EURUSD","direction":"SHORT","entry_price":1.11923,"exit_price":1.11823,"layer_depth":4,"stack_depth":5,"gross_pnl":1.00,"instance_id":"GRIND_EURUSD_OPTC","ejected":false,"rolled":false,"broker_utc_offset_s":10800,"account_login":53077984}
14,-1,1791192863820,ea_event,,{"type":"fill_log","seq":88,"ea_time_ms":95928562,"magic":22260201,"deal_ticket":800000073,"order_ticket":9068,"position_id":900000037,"entry_type":"IN","deal_type":"SELL","side":"S","layer_index":3,"role":"EXT","deal_price":1.11763,"order_price_open":null,"slippage_pips":null,"volume":0.00,"profit":0.00,"swap":0.00,"commission":0.00,"deal_time_broker":"2026-10-05 09:34:23","deal_time_broker_msc":1791192863000,"halted_at_receipt":false,"quarantined_at_receipt":false}
14,-1,1791192866268,ea_event,,{"type":"fill_log","seq":89,"ea_time_ms":95928562,"magic":22260201,"deal_ticket":800000074,"order_ticket":700000074,"position_id":900000032,"entry_type":"OUT_BY","deal_type":"SELL","side":null,"layer_index":null,"role":null,"deal_price":1.11763,"order_price_open":null,"slippage_pips":null,"volume":0.00,"profit":1.00,"swap":0.00,"commission":0.00,"deal_time_broker":"2026-10-05 09:34:26","deal_time_broker_msc":1791192866000,"halted_at_receipt":false,"quarantined_at_receipt":false}
14,-1,1791192866268,ea_event,,{"type":"fill_log","seq":90,"ea_time_ms":95928562,"magic":22260201,"deal_ticket":800000075,"order_ticket":700000074,"position_id":900000037,"entry_type":"OUT_BY","deal_type":"SELL","side":null,"layer_index":null,"role":null,"deal_price":1.11863,"order_price_open":null,"slippage_pips":null,"volume":0.00,"profit":0.00,"swap":0.00,"commission":0.00,"deal_time_broker":"2026-10-05 09:34:26","deal_time_broker_msc":1791192866000,"halted_at_receipt":false,"quarantined_at_receipt":false}
14,-1,1791192866268,scalp,SCALP_CLOSED,{"close_time":"2026-10-05T09:34:26Z","instrument":"EURUSD","direction":"SHORT","entry_price":1.11863,"exit_price":1.11763,"layer_depth":3,"stack_depth":4,"gross_pnl":1.00,"instance_id":"GRIND_EURUSD_OPTC","ejected":false,"rolled":false,"broker_utc_offset_s":10800,"account_login":53077984}
14,-1,1791192953161,ea_event,,{"type":"fill_log","seq":91,"ea_time_ms":95928578,"magic":22260201,"deal_ticket":800000076,"order_ticket":9070,"position_id":900000038,"entry_type":"IN","deal_type":"SELL","side":"S","layer_index":2,"role":"EXT","deal_price":1.11704,"order_price_open":null,"slippage_pips":null,"volume":0.00,"profit":0.00,"swap":0.00,"commission":0.00,"deal_time_broker":"2026-10-05 09:35:53","deal_time_broker_msc":1791192953000,"halted_at_receipt":false,"quarantined_at_receipt":false}
14,-1,1791192953789,ea_event,,{"type":"fill_log","seq":92,"ea_time_ms":95928578,"magic":22260201,"deal_ticket":800000077,"order_ticket":700000077,"position_id":900000031,"entry_type":"OUT_BY","deal_type":"SELL","side":null,"layer_index":null,"role":null,"deal_price":1.11704,"order_price_open":null,"slippage_pips":null,"volume":0.00,"profit":1.00,"swap":0.00,"commission":0.00,"deal_time_broker":"2026-10-05 09:35:53","deal_time_broker_msc":1791192953000,"halted_at_receipt":false,"quarantined_at_receipt":false}
14,-1,1791192953789,ea_event,,{"type":"fill_log","seq":93,"ea_time_ms":95928578,"magic":22260201,"deal_ticket":800000078,"order_ticket":700000077,"position_id":900000038,"entry_type":"OUT_BY","deal_type":"SELL","side":null,"layer_index":null,"role":null,"deal_price":1.11804,"order_price_open":null,"slippage_pips":null,"volume":0.00,"profit":0.00,"swap":0.00,"commission":0.00,"deal_time_broker":"2026-10-05 09:35:53","deal_time_broker_msc":1791192953000,"halted_at_receipt":false,"quarantined_at_receipt":false}
14,-1,1791192953789,scalp,SCALP_CLOSED,{"close_time":"2026-10-05T09:35:53Z","instrument":"EURUSD","direction":"SHORT","entry_price":1.11804,"exit_price":1.11704,"layer_depth":2,"stack_depth":3,"gross_pnl":1.00,"instance_id":"GRIND_EURUSD_OPTC","ejected":false,"rolled":false,"broker_utc_offset_s":10800,"account_login":53077984}
14,-1,1791193372380,ea_event,,{"type":"fill_log","seq":94,"ea_time_ms":95928609,"magic":22260201,"deal_ticket":800000079,"order_ticket":9073,"position_id":900000039,"entry_type":"IN","deal_type":"SELL","side":"S","layer_index":2,"role":"ENT","deal_price":1.11813,"order_price_open":null,"slippage_pips":null,"volume":0.00,"profit":0.00,"swap":0.00,"commission":0.00,"deal_time_broker":"2026-10-05 09:42:52","deal_time_broker_msc":1791193372000,"halted_at_receipt":false,"quarantined_at_receipt":false}
14,-1,1791194095012,ea_event,,{"type":"fill_log","seq":95,"ea_time_ms":95928640,"magic":22260201,"deal_ticket":800000080,"order_ticket":9075,"position_id":900000040,"entry_type":"IN","deal_type":"SELL","side":"S","layer_index":3,"role":"ENT","deal_price":1.11873,"order_price_open":null,"slippage_pips":null,"volume":0.00,"profit":0.00,"swap":0.00,"commission":0.00,"deal_time_broker":"2026-10-05 09:54:55","deal_time_broker_msc":1791194095000,"halted_at_receipt":false,"quarantined_at_receipt":false}
14,-1,1791194797350,ea_event,,{"type":"fill_log","seq":96,"ea_time_ms":95928703,"magic":22260201,"deal_ticket":800000081,"order_ticket":9077,"position_id":900000041,"entry_type":"IN","deal_type":"SELL","side":"S","layer_index":4,"role":"ENT","deal_price":1.11933,"order_price_open":null,"slippage_pips":null,"volume":0.00,"profit":0.00,"swap":0.00,"commission":0.00,"deal_time_broker":"2026-10-05 10:06:37","deal_time_broker_msc":1791194797000,"halted_at_receipt":false,"quarantined_at_receipt":false}
14,-1,1791196552579,ea_event,,{"type":"fill_log","seq":97,"ea_time_ms":95928812,"magic":22260201,"deal_ticket":800000082,"order_ticket":9079,"position_id":900000042,"entry_type":"IN","deal_type":"SELL","side":"S","layer_index":5,"role":"ENT","deal_price":1.11994,"order_price_open":null,"slippage_pips":null,"volume":0.00,"profit":0.00,"swap":0.00,"commission":0.00,"deal_time_broker":"2026-10-05 10:35:52","deal_time_broker_msc":1791196552000,"halted_at_receipt":false,"quarantined_at_receipt":false}
14,-1,1791196944626,ea_event,,{"type":"fill_log","seq":98,"ea_time_ms":95928843,"magic":22260201,"deal_ticket":800000083,"order_ticket":9081,"position_id":900000043,"entry_type":"IN","deal_type":"SELL","side":"S","layer_index":6,"role":"ENT","deal_price":1.12054,"order_price_open":null,"slippage_pips":null,"volume":0.00,"profit":0.00,"swap":0.00,"commission":0.00,"deal_time_broker":"2026-10-05 10:42:24","deal_time_broker_msc":1791196944000,"halted_at_receipt":false,"quarantined_at_receipt":false}
14,-1,1791198503749,ea_event,,{"type":"fill_log","seq":99,"ea_time_ms":95928921,"magic":22260201,"deal_ticket":800000084,"order_ticket":9082,"position_id":900000044,"entry_type":"IN","deal_type":"SELL","side":"S","layer_index":6,"role":"EXT","deal_price":1.11954,"order_price_open":null,"slippage_pips":null,"volume":0.00,"profit":0.00,"swap":0.00,"commission":0.00,"deal_time_broker":"2026-10-05 11:08:23","deal_time_broker_msc":1791198503000,"halted_at_receipt":false,"quarantined_at_receipt":false}
14,-1,1791198504196,ea_event,,{"type":"fill_log","seq":100,"ea_time_ms":95928921,"magic":22260201,"deal_ticket":800000085,"order_ticket":700000085,"position_id":900000043,"entry_type":"OUT_BY","deal_type":"SELL","side":null,"layer_index":null,"role":null,"deal_price":1.11954,"order_price_open":null,"slippage_pips":null,"volume":0.00,"profit":1.00,"swap":0.00,"commission":0.00,"deal_time_broker":"2026-10-05 11:08:24","deal_time_broker_msc":1791198504000,"halted_at_receipt":false,"quarantined_at_receipt":false}
14,-1,1791198504196,ea_event,,{"type":"fill_log","seq":101,"ea_time_ms":95928921,"magic":22260201,"deal_ticket":800000086,"order_ticket":700000085,"position_id":900000044,"entry_type":"OUT_BY","deal_type":"SELL","side":null,"layer_index":null,"role":null,"deal_price":1.12054,"order_price_open":null,"slippage_pips":null,"volume":0.00,"profit":0.00,"swap":0.00,"commission":0.00,"deal_time_broker":"2026-10-05 11:08:24","deal_time_broker_msc":1791198504000,"halted_at_receipt":false,"quarantined_at_receipt":false}
14,-1,1791198504196,scalp,SCALP_CLOSED,{"close_time":"2026-10-05T11:08:24Z","instrument":"EURUSD","direction":"SHORT","entry_price":1.12054,"exit_price":1.11954,"layer_depth":6,"stack_depth":7,"gross_pnl":1.00,"instance_id":"GRIND_EURUSD_OPTC","ejected":false,"rolled":false,"broker_utc_offset_s":10800,"account_login":53077984}
14,-1,1791198885951,ea_event,,{"type":"fill_log","seq":102,"ea_time_ms":95928953,"magic":22260201,"deal_ticket":800000087,"order_ticket":9085,"position_id":900000045,"entry_type":"IN","deal_type":"SELL","side":"S","layer_index":6,"role":"ENT","deal_price":1.12054,"order_price_open":null,"slippage_pips":null,"volume":0.00,"profit":0.00,"swap":0.00,"commission":0.00,"deal_time_broker":"2026-10-05 11:14:45","deal_time_broker_msc":1791198885000,"halted_at_receipt":false,"quarantined_at_receipt":false}
14,-1,1791200829773,ea_event,,{"type":"fill_log","seq":103,"ea_time_ms":95929046,"magic":22260201,"deal_ticket":800000088,"order_ticket":9087,"position_id":900000046,"entry_type":"IN","deal_type":"SELL","side":"S","layer_index":7,"role":"ENT","deal_price":1.12118,"order_price_open":null,"slippage_pips":null,"volume":0.00,"profit":0.00,"swap":0.00,"commission":0.00,"deal_time_broker":"2026-10-05 11:47:09","deal_time_broker_msc":1791200829000,"halted_at_receipt":false,"quarantined_at_receipt":false}
14,-1,1791202441908,ea_event,ROLL_ACCEPTED,{"type":"ea_event","seq":104,"ea_time_ms":95929109,"magic":null,"level":"INFO","code":"ROLL_ACCEPTED","reason":null,"ticket":900000029,"detail":{"ticket":900000029,"side":"S","layer_index":0,"entry":1.11684,"level":1.12178,"target":1.12078,"accrued":0.00000,"clamped":false,"cost":0.00394,"cost_pips":39.4,"rolled":1,"was_ejected":false,"source":"auto","reroll":false,"from_level":0.00000}}
14,-1,1791204284516,ea_event,,{"type":"fill_log","seq":105,"ea_time_ms":95929187,"magic":22260201,"deal_ticket":800000089,"order_ticket":9054,"position_id":900000047,"entry_type":"IN","deal_type":"SELL","side":"S","layer_index":0,"role":"EXT","deal_price":1.12078,"order_price_open":null,"slippage_pips":null,"volume":0.00,"profit":0.00,"swap":0.00,"commission":0.00,"deal_time_broker":"2026-10-05 12:44:44","deal_time_broker_msc":1791204284000,"halted_at_receipt":false,"quarantined_at_receipt":false}
14,-1,1791204284947,ea_event,,{"type":"fill_log","seq":106,"ea_time_ms":95929187,"magic":22260201,"deal_ticket":800000090,"order_ticket":700000090,"position_id":900000029,"entry_type":"OUT_BY","deal_type":"SELL","side":null,"layer_index":null,"role":null,"deal_price":1.12078,"order_price_open":null,"slippage_pips":null,"volume":0.00,"profit":-3.94,"swap":0.00,"commission":0.00,"deal_time_broker":"2026-10-05 12:44:44","deal_time_broker_msc":1791204284000,"halted_at_receipt":false,"quarantined_at_receipt":false}
14,-1,1791204284947,ea_event,ROLL_FILLED,{"type":"ea_event","seq":107,"ea_time_ms":95929187,"magic":null,"level":"INFO","code":"ROLL_FILLED","reason":null,"ticket":900000029,"detail":{"ticket":900000029,"level":1.12178}}
14,-1,1791204284947,ea_event,,{"type":"fill_log","seq":108,"ea_time_ms":95929187,"magic":22260201,"deal_ticket":800000091,"order_ticket":700000090,"position_id":900000047,"entry_type":"OUT_BY","deal_type":"SELL","side":null,"layer_index":null,"role":null,"deal_price":1.11684,"order_price_open":null,"slippage_pips":null,"volume":0.00,"profit":0.00,"swap":0.00,"commission":0.00,"deal_time_broker":"2026-10-05 12:44:44","deal_time_broker_msc":1791204284000,"halted_at_receipt":false,"quarantined_at_receipt":false}
14,-1,1791204284947,scalp,SCALP_CLOSED,{"close_time":"2026-10-05T12:44:44Z","instrument":"EURUSD","direction":"SHORT","entry_price":1.11684,"exit_price":1.12078,"layer_depth":0,"stack_depth":8,"gross_pnl":-3.94,"instance_id":"GRIND_EURUSD_OPTC","ejected":false,"rolled":true,"broker_utc_offset_s":10800,"account_login":53077984}
14,-1,1791206371579,ea_event,,{"type":"fill_log","seq":109,"ea_time_ms":95929265,"magic":22260201,"deal_ticket":800000092,"order_ticket":9090,"position_id":900000048,"entry_type":"IN","deal_type":"SELL","side":"S","layer_index":7,"role":"EXT","deal_price":1.12018,"order_price_open":null,"slippage_pips":null,"volume":0.00,"profit":0.00,"swap":0.00,"commission":0.00,"deal_time_broker":"2026-10-05 13:19:31","deal_time_broker_msc":1791206371000,"halted_at_receipt":false,"quarantined_at_receipt":false}
14,-1,1791206373628,ea_event,,{"type":"fill_log","seq":110,"ea_time_ms":95929265,"magic":22260201,"deal_ticket":800000093,"order_ticket":700000093,"position_id":900000046,"entry_type":"OUT_BY","deal_type":"SELL","side":null,"layer_index":null,"role":null,"deal_price":1.12018,"order_price_open":null,"slippage_pips":null,"volume":0.00,"profit":1.00,"swap":0.00,"commission":0.00,"deal_time_broker":"2026-10-05 13:19:33","deal_time_broker_msc":1791206373000,"halted_at_receipt":false,"quarantined_at_receipt":false}
14,-1,1791206373628,ea_event,,{"type":"fill_log","seq":111,"ea_time_ms":95929265,"magic":22260201,"deal_ticket":800000094,"order_ticket":700000093,"position_id":900000048,"entry_type":"OUT_BY","deal_type":"SELL","side":null,"layer_index":null,"role":null,"deal_price":1.12118,"order_price_open":null,"slippage_pips":null,"volume":0.00,"profit":0.00,"swap":0.00,"commission":0.00,"deal_time_broker":"2026-10-05 13:19:33","deal_time_broker_msc":1791206373000,"halted_at_receipt":false,"quarantined_at_receipt":false}
14,-1,1791206373628,scalp,SCALP_CLOSED,{"close_time":"2026-10-05T13:19:33Z","instrument":"EURUSD","direction":"SHORT","entry_price":1.12118,"exit_price":1.12018,"layer_depth":7,"stack_depth":7,"gross_pnl":1.00,"instance_id":"GRIND_EURUSD_OPTC","ejected":false,"rolled":false,"broker_utc_offset_s":10800,"account_login":53077984}
14,-1,1791210519566,ea_event,,{"type":"fill_log","seq":112,"ea_time_ms":95929437,"magic":22260201,"deal_ticket":800000095,"order_ticket":9093,"position_id":900000049,"entry_type":"IN","deal_type":"SELL","side":"S","layer_index":7,"role":"ENT","deal_price":1.12115,"order_price_open":null,"slippage_pips":null,"volume":0.00,"profit":0.00,"swap":0.00,"commission":0.00,"deal_time_broker":"2026-10-05 14:28:39","deal_time_broker_msc":1791210519000,"halted_at_receipt":false,"quarantined_at_receipt":false}
14,-1,1791213194322,ea_event,,{"type":"fill_log","seq":113,"ea_time_ms":95929593,"magic":22260201,"deal_ticket":800000096,"order_ticket":9094,"position_id":900000050,"entry_type":"IN","deal_type":"SELL","side":"S","layer_index":7,"role":"EXT","deal_price":1.12015,"order_price_open":null,"slippage_pips":null,"volume":0.00,"profit":0.00,"swap":0.00,"commission":0.00,"deal_time_broker":"2026-10-05 15:13:14","deal_time_broker_msc":1791213194000,"halted_at_receipt":false,"quarantined_at_receipt":false}
14,-1,1791213194761,ea_event,,{"type":"fill_log","seq":114,"ea_time_ms":95929593,"magic":22260201,"deal_ticket":800000097,"order_ticket":700000097,"position_id":900000049,"entry_type":"OUT_BY","deal_type":"SELL","side":null,"layer_index":null,"role":null,"deal_price":1.12015,"order_price_open":null,"slippage_pips":null,"volume":0.00,"profit":1.00,"swap":0.00,"commission":0.00,"deal_time_broker":"2026-10-05 15:13:14","deal_time_broker_msc":1791213194000,"halted_at_receipt":false,"quarantined_at_receipt":false}
14,-1,1791213194761,ea_event,,{"type":"fill_log","seq":115,"ea_time_ms":95929593,"magic":22260201,"deal_ticket":800000098,"order_ticket":700000097,"position_id":900000050,"entry_type":"OUT_BY","deal_type":"SELL","side":null,"layer_index":null,"role":null,"deal_price":1.12115,"order_price_open":null,"slippage_pips":null,"volume":0.00,"profit":0.00,"swap":0.00,"commission":0.00,"deal_time_broker":"2026-10-05 15:13:14","deal_time_broker_msc":1791213194000,"halted_at_receipt":false,"quarantined_at_receipt":false}
14,-1,1791213194761,scalp,SCALP_CLOSED,{"close_time":"2026-10-05T15:13:14Z","instrument":"EURUSD","direction":"SHORT","entry_price":1.12115,"exit_price":1.12015,"layer_depth":7,"stack_depth":7,"gross_pnl":1.00,"instance_id":"GRIND_EURUSD_OPTC","ejected":false,"rolled":false,"broker_utc_offset_s":10800,"account_login":53077984}
14,-1,1791214248365,ea_event,,{"type":"fill_log","seq":116,"ea_time_ms":95929656,"magic":22260201,"deal_ticket":800000099,"order_ticket":9097,"position_id":900000051,"entry_type":"IN","deal_type":"SELL","side":"S","layer_index":7,"role":"ENT","deal_price":1.12114,"order_price_open":null,"slippage_pips":null,"volume":0.00,"profit":0.00,"swap":0.00,"commission":0.00,"deal_time_broker":"2026-10-05 15:30:48","deal_time_broker_msc":1791214248000,"halted_at_receipt":false,"quarantined_at_receipt":false}
14,-1,1791217700063,ea_event,,{"type":"fill_log","seq":117,"ea_time_ms":95929828,"magic":22260201,"deal_ticket":800000100,"order_ticket":9098,"position_id":900000052,"entry_type":"IN","deal_type":"SELL","side":"S","layer_index":7,"role":"EXT","deal_price":1.12014,"order_price_open":null,"slippage_pips":null,"volume":0.00,"profit":0.00,"swap":0.00,"commission":0.00,"deal_time_broker":"2026-10-05 16:28:20","deal_time_broker_msc":1791217700000,"halted_at_receipt":false,"quarantined_at_receipt":false}
14,-1,1791217701503,ea_event,,{"type":"fill_log","seq":118,"ea_time_ms":95929828,"magic":22260201,"deal_ticket":800000101,"order_ticket":700000101,"position_id":900000051,"entry_type":"OUT_BY","deal_type":"SELL","side":null,"layer_index":null,"role":null,"deal_price":1.12014,"order_price_open":null,"slippage_pips":null,"volume":0.00,"profit":1.00,"swap":0.00,"commission":0.00,"deal_time_broker":"2026-10-05 16:28:21","deal_time_broker_msc":1791217701000,"halted_at_receipt":false,"quarantined_at_receipt":false}
14,-1,1791217701503,ea_event,,{"type":"fill_log","seq":119,"ea_time_ms":95929828,"magic":22260201,"deal_ticket":800000102,"order_ticket":700000101,"position_id":900000052,"entry_type":"OUT_BY","deal_type":"SELL","side":null,"layer_index":null,"role":null,"deal_price":1.12114,"order_price_open":null,"slippage_pips":null,"volume":0.00,"profit":0.00,"swap":0.00,"commission":0.00,"deal_time_broker":"2026-10-05 16:28:21","deal_time_broker_msc":1791217701000,"halted_at_receipt":false,"quarantined_at_receipt":false}
14,-1,1791217701503,scalp,SCALP_CLOSED,{"close_time":"2026-10-05T16:28:21Z","instrument":"EURUSD","direction":"SHORT","entry_price":1.12114,"exit_price":1.12014,"layer_depth":7,"stack_depth":7,"gross_pnl":1.00,"instance_id":"GRIND_EURUSD_OPTC","ejected":false,"rolled":false,"broker_utc_offset_s":10800,"account_login":53077984}
14,-1,1791218162147,ea_event,,{"type":"fill_log","seq":120,"ea_time_ms":95929859,"magic":22260201,"deal_ticket":800000103,"order_ticket":9100,"position_id":900000053,"entry_type":"IN","deal_type":"SELL","side":"S","layer_index":6,"role":"EXT","deal_price":1.11952,"order_price_open":null,"slippage_pips":null,"volume":0.00,"profit":0.00,"swap":0.00,"commission":0.00,"deal_time_broker":"2026-10-05 16:36:02","deal_time_broker_msc":1791218162000,"halted_at_receipt":false,"quarantined_at_receipt":false}
14,-1,1791218163383,ea_event,,{"type":"fill_log","seq":121,"ea_time_ms":95929859,"magic":22260201,"deal_ticket":800000104,"order_ticket":700000104,"position_id":900000045,"entry_type":"OUT_BY","deal_type":"SELL","side":null,"layer_index":null,"role":null,"deal_price":1.11952,"order_price_open":null,"slippage_pips":null,"volume":0.00,"profit":1.02,"swap":0.00,"commission":0.00,"deal_time_broker":"2026-10-05 16:36:03","deal_time_broker_msc":1791218163000,"halted_at_receipt":false,"quarantined_at_receipt":false}
14,-1,1791218163383,ea_event,,{"type":"fill_log","seq":122,"ea_time_ms":95929859,"magic":22260201,"deal_ticket":800000105,"order_ticket":700000104,"position_id":900000053,"entry_type":"OUT_BY","deal_type":"SELL","side":null,"layer_index":null,"role":null,"deal_price":1.12054,"order_price_open":null,"slippage_pips":null,"volume":0.00,"profit":0.00,"swap":0.00,"commission":0.00,"deal_time_broker":"2026-10-05 16:36:03","deal_time_broker_msc":1791218163000,"halted_at_receipt":false,"quarantined_at_receipt":false}
14,-1,1791218163383,scalp,SCALP_CLOSED,{"close_time":"2026-10-05T16:36:03Z","instrument":"EURUSD","direction":"SHORT","entry_price":1.12054,"exit_price":1.11952,"layer_depth":6,"stack_depth":6,"gross_pnl":1.02,"instance_id":"GRIND_EURUSD_OPTC","ejected":false,"rolled":false,"broker_utc_offset_s":10800,"account_login":53077984}
14,-1,1791218749479,ea_event,,{"type":"fill_log","seq":123,"ea_time_ms":95929890,"magic":22260201,"deal_ticket":800000106,"order_ticket":9102,"position_id":900000054,"entry_type":"IN","deal_type":"SELL","side":"S","layer_index":5,"role":"EXT","deal_price":1.11895,"order_price_open":null,"slippage_pips":null,"volume":0.00,"profit":0.00,"swap":0.00,"commission":0.00,"deal_time_broker":"2026-10-05 16:45:49","deal_time_broker_msc":1791218749000,"halted_at_receipt":false,"quarantined_at_receipt":false}
14,-1,1791218749909,ea_event,,{"type":"fill_log","seq":124,"ea_time_ms":95929890,"magic":22260201,"deal_ticket":800000107,"order_ticket":700000107,"position_id":900000042,"entry_type":"OUT_BY","deal_type":"SELL","side":null,"layer_index":null,"role":null,"deal_price":1.11895,"order_price_open":null,"slippage_pips":null,"volume":0.00,"profit":0.99,"swap":0.00,"commission":0.00,"deal_time_broker":"2026-10-05 16:45:49","deal_time_broker_msc":1791218749000,"halted_at_receipt":false,"quarantined_at_receipt":false}
14,-1,1791218749909,ea_event,,{"type":"fill_log","seq":125,"ea_time_ms":95929890,"magic":22260201,"deal_ticket":800000108,"order_ticket":700000107,"position_id":900000054,"entry_type":"OUT_BY","deal_type":"SELL","side":null,"layer_index":null,"role":null,"deal_price":1.11994,"order_price_open":null,"slippage_pips":null,"volume":0.00,"profit":0.00,"swap":0.00,"commission":0.00,"deal_time_broker":"2026-10-05 16:45:49","deal_time_broker_msc":1791218749000,"halted_at_receipt":false,"quarantined_at_receipt":false}
14,-1,1791218749909,scalp,SCALP_CLOSED,{"close_time":"2026-10-05T16:45:49Z","instrument":"EURUSD","direction":"SHORT","entry_price":1.11994,"exit_price":1.11895,"layer_depth":5,"stack_depth":5,"gross_pnl":0.99,"instance_id":"GRIND_EURUSD_OPTC","ejected":false,"rolled":false,"broker_utc_offset_s":10800,"account_login":53077984}
14,-1,1791222083982,ea_event,,{"type":"fill_log","seq":126,"ea_time_ms":95930125,"magic":22260201,"deal_ticket":800000109,"order_ticket":9105,"position_id":900000055,"entry_type":"IN","deal_type":"SELL","side":"S","layer_index":5,"role":"ENT","deal_price":1.11996,"order_price_open":null,"slippage_pips":null,"volume":0.00,"profit":0.00,"swap":0.00,"commission":0.00,"deal_time_broker":"2026-10-05 17:41:23","deal_time_broker_msc":1791222083000,"halted_at_receipt":false,"quarantined_at_receipt":false}
14,-1,1791222792289,ea_event,,{"type":"fill_log","seq":127,"ea_time_ms":95930171,"magic":22260201,"deal_ticket":800000110,"order_ticket":9107,"position_id":900000056,"entry_type":"IN","deal_type":"SELL","side":"S","layer_index":6,"role":"ENT","deal_price":1.12056,"order_price_open":null,"slippage_pips":null,"volume":0.00,"profit":0.00,"swap":0.00,"commission":0.00,"deal_time_broker":"2026-10-05 17:53:12","deal_time_broker_msc":1791222792000,"halted_at_receipt":false,"quarantined_at_receipt":false}
14,-1,1791223450394,ea_event,,{"type":"fill_log","seq":128,"ea_time_ms":95930218,"magic":22260201,"deal_ticket":800000111,"order_ticket":9109,"position_id":900000057,"entry_type":"IN","deal_type":"SELL","side":"S","layer_index":7,"role":"ENT","deal_price":1.12116,"order_price_open":null,"slippage_pips":null,"volume":0.00,"profit":0.00,"swap":0.00,"commission":0.00,"deal_time_broker":"2026-10-05 18:04:10","deal_time_broker_msc":1791223450000,"halted_at_receipt":false,"quarantined_at_receipt":false}
14,-1,1791228362434,ea_event,,{"type":"fill_log","seq":129,"ea_time_ms":95930468,"magic":22260201,"deal_ticket":800000112,"order_ticket":9110,"position_id":900000058,"entry_type":"IN","deal_type":"SELL","side":"S","layer_index":7,"role":"EXT","deal_price":1.12013,"order_price_open":null,"slippage_pips":null,"volume":0.00,"profit":0.00,"swap":0.00,"commission":0.00,"deal_time_broker":"2026-10-05 19:26:02","deal_time_broker_msc":1791228362000,"halted_at_receipt":false,"quarantined_at_receipt":false}
14,-1,1791228363272,ea_event,,{"type":"fill_log","seq":130,"ea_time_ms":95930468,"magic":22260201,"deal_ticket":800000113,"order_ticket":700000113,"position_id":900000057,"entry_type":"OUT_BY","deal_type":"SELL","side":null,"layer_index":null,"role":null,"deal_price":1.12013,"order_price_open":null,"slippage_pips":null,"volume":0.00,"profit":1.03,"swap":0.00,"commission":0.00,"deal_time_broker":"2026-10-05 19:26:03","deal_time_broker_msc":1791228363000,"halted_at_receipt":false,"quarantined_at_receipt":false}
14,-1,1791228363272,ea_event,,{"type":"fill_log","seq":131,"ea_time_ms":95930468,"magic":22260201,"deal_ticket":800000114,"order_ticket":700000113,"position_id":900000058,"entry_type":"OUT_BY","deal_type":"SELL","side":null,"layer_index":null,"role":null,"deal_price":1.12116,"order_price_open":null,"slippage_pips":null,"volume":0.00,"profit":0.00,"swap":0.00,"commission":0.00,"deal_time_broker":"2026-10-05 19:26:03","deal_time_broker_msc":1791228363000,"halted_at_receipt":false,"quarantined_at_receipt":false}
14,-1,1791228363272,scalp,SCALP_CLOSED,{"close_time":"2026-10-05T19:26:03Z","instrument":"EURUSD","direction":"SHORT","entry_price":1.12116,"exit_price":1.12013,"layer_depth":7,"stack_depth":7,"gross_pnl":1.03,"instance_id":"GRIND_EURUSD_OPTC","ejected":false,"rolled":false,"broker_utc_offset_s":10800,"account_login":53077984}
14,-1,1791234007211,ea_event,,{"type":"fill_log","seq":132,"ea_time_ms":95930640,"magic":22260201,"deal_ticket":800000115,"order_ticket":9113,"position_id":900000059,"entry_type":"IN","deal_type":"SELL","side":"S","layer_index":7,"role":"ENT","deal_price":1.12114,"order_price_open":null,"slippage_pips":null,"volume":0.00,"profit":0.00,"swap":0.00,"commission":0.00,"deal_time_broker":"2026-10-05 21:00:07","deal_time_broker_msc":1791234007000,"halted_at_receipt":false,"quarantined_at_receipt":false}
14,-1,1791238744209,ea_event,,{"type":"fill_log","seq":133,"ea_time_ms":95930765,"magic":22260201,"deal_ticket":800000116,"order_ticket":9115,"position_id":900000060,"entry_type":"IN","deal_type":"SELL","side":"S","layer_index":8,"role":"ENT","deal_price":1.12173,"order_price_open":null,"slippage_pips":null,"volume":0.00,"profit":0.00,"swap":0.00,"commission":0.00,"deal_time_broker":"2026-10-05 22:19:04","deal_time_broker_msc":1791238744000,"halted_at_receipt":false,"quarantined_at_receipt":false}
14,-1,1791244201125,ea_event,ROLL_ACCEPTED,{"type":"ea_event","seq":134,"ea_time_ms":95930859,"magic":null,"level":"INFO","code":"ROLL_ACCEPTED","reason":null,"ticket":900000030,"detail":{"ticket":900000030,"side":"S","layer_index":1,"entry":1.11744,"level":1.12233,"target":1.12133,"accrued":0.00000,"clamped":false,"cost":0.00389,"cost_pips":38.9,"rolled":1,"was_ejected":false,"source":"auto","reroll":false,"from_level":0.00000}}
14,-1,1791244210001,ea_event,CARRY_EXIT_SHIFT,{"type":"ea_event","seq":135,"ea_time_ms":95930859,"magic":null,"level":"INFO","code":"CARRY_EXIT_SHIFT","reason":"EURUSD","ticket":null,"detail":{"position_ticket":1975880673,"side":"long","layer_index":0,"accrued_ledger_pips":-4.100,"pending_pips":-0.799,"accrued_pips_total":-4.899,"old_price":1.13237,"new_price":1.13253,"clamped":false,"sign_guard_skipped":false,"retcode":10009,"points_native_pips":-3.995}}
14,-1,1791244390001,ea_event,CARRY_EXIT_SHIFT,{"type":"ea_event","seq":136,"ea_time_ms":95930859,"magic":null,"level":"INFO","code":"CARRY_EXIT_SHIFT","reason":"EURUSD","ticket":null,"detail":{"position_ticket":900000007,"side":"long","layer_index":7,"accrued_ledger_pips":-0.800,"pending_pips":-0.799,"accrued_pips_total":-1.599,"old_price":1.12277,"new_price":1.12293,"clamped":false,"sign_guard_skipped":false,"retcode":10009,"points_native_pips":-2.397}}
14,-1,1791244450001,ea_event,CARRY_EXIT_SHIFT,{"type":"ea_event","seq":137,"ea_time_ms":95930859,"magic":null,"level":"INFO","code":"CARRY_EXIT_SHIFT","reason":"EURUSD","ticket":null,"detail":{"position_ticket":900000030,"side":"short","layer_index":1,"accrued_ledger_pips":0.000,"pending_pips":0.131,"accrued_pips_total":0.131,"old_price":1.12133,"new_price":1.12134,"clamped":false,"sign_guard_skipped":false,"retcode":10009,"points_native_pips":0.131}}
14,-1,1791244450001,ea_event,CARRY_EXIT_SHIFT,{"type":"ea_event","seq":138,"ea_time_ms":95930859,"magic":null,"level":"INFO","code":"CARRY_EXIT_SHIFT","reason":"EURUSD","ticket":null,"detail":{"position_ticket":900000039,"side":"short","layer_index":2,"accrued_ledger_pips":0.000,"pending_pips":0.131,"accrued_pips_total":0.131,"old_price":1.11713,"new_price":1.11714,"clamped":false,"sign_guard_skipped":false,"retcode":10009,"points_native_pips":0.131}}
14,-1,1791244630001,ea_event,CARRY_PASS_SUMMARY,{"type":"ea_event","seq":139,"ea_time_ms":95930859,"magic":null,"level":"INFO","code":"CARRY_PASS_SUMMARY","reason":"EURUSD","ticket":null,"detail":{"eligible":16,"shifted":4,"clamped":0,"skipped":0,"failed":0,"incomplete":false}}
16,-1,1791252111247,ea_event,ROLL_ACCEPTED,{"type":"ea_event","seq":0,"ea_time_ms":96003671,"magic":null,"level":"INFO","code":"ROLL_ACCEPTED","reason":null,"ticket":1975880673,"detail":{"ticket":1975880673,"side":"L","layer_index":0,"entry":1.13670,"level":1.12117,"target":1.12266,"accrued":0.00049,"clamped":false,"cost":0.01453,"cost_pips":145.3,"rolled":8,"was_ejected":false,"source":"reroll","reroll":true,"from_level":1.13104}}
16,-1,1791252120092,ea_event,ROLL_ACCEPTED,{"type":"ea_event","seq":1,"ea_time_ms":96003671,"magic":null,"level":"INFO","code":"ROLL_ACCEPTED","reason":null,"ticket":1975959171,"detail":{"ticket":1975959171,"side":"L","layer_index":1,"entry":1.13600,"level":1.12057,"target":1.12206,"accrued":0.00049,"clamped":false,"cost":0.01443,"cost_pips":144.3,"rolled":8,"was_ejected":false,"source":"reroll","reroll":true,"from_level":1.13044}}
16,-1,1791252123728,ea_event,ROLL_ACCEPTED,{"type":"ea_event","seq":2,"ea_time_ms":96003671,"magic":null,"level":"INFO","code":"ROLL_ACCEPTED","reason":null,"ticket":1983434019,"detail":{"ticket":1983434019,"side":"L","layer_index":2,"entry":1.12835,"level":1.11997,"target":1.12201,"accrued":0.00016,"clamped":true,"cost":0.00738,"cost_pips":73.8,"rolled":8,"was_ejected":false,"source":"reroll","reroll":true,"from_level":1.12477}}
16,-1,1791252133761,ea_event,ROLL_ACCEPTED,{"type":"ea_event","seq":3,"ea_time_ms":96003671,"magic":null,"level":"INFO","code":"ROLL_ACCEPTED","reason":null,"ticket":1983434147,"detail":{"ticket":1983434147,"side":"L","layer_index":3,"entry":1.12774,"level":1.11937,"target":1.12202,"accrued":0.00016,"clamped":true,"cost":0.00737,"cost_pips":73.7,"rolled":8,"was_ejected":false,"source":"reroll","reroll":true,"from_level":1.12417}}
16,-1,1791252136379,ea_event,ROLL_ACCEPTED,{"type":"ea_event","seq":4,"ea_time_ms":96003671,"magic":null,"level":"INFO","code":"ROLL_ACCEPTED","reason":null,"ticket":1983447980,"detail":{"ticket":1983447980,"side":"L","layer_index":4,"entry":1.12717,"level":1.11877,"target":1.12202,"accrued":0.00016,"clamped":true,"cost":0.00740,"cost_pips":74.0,"rolled":8,"was_ejected":false,"source":"reroll","reroll":true,"from_level":1.12357}}
16,-1,1791252139007,ea_event,ROLL_ACCEPTED,{"type":"ea_event","seq":5,"ea_time_ms":96003671,"magic":null,"level":"INFO","code":"ROLL_ACCEPTED","reason":null,"ticket":1983680771,"detail":{"ticket":1983680771,"side":"L","layer_index":5,"entry":1.12657,"level":1.11817,"target":1.12195,"accrued":0.00016,"clamped":true,"cost":0.00740,"cost_pips":74.0,"rolled":8,"was_ejected":false,"source":"reroll","reroll":true,"from_level":1.12297}}
16,-1,1791252142207,ea_event,ROLL_ACCEPTED,{"type":"ea_event","seq":6,"ea_time_ms":96003671,"magic":null,"level":"INFO","code":"ROLL_ACCEPTED","reason":null,"ticket":1983699077,"detail":{"ticket":1983699077,"side":"L","layer_index":6,"entry":1.12597,"level":1.11757,"target":1.12196,"accrued":0.00016,"clamped":true,"cost":0.00740,"cost_pips":74.0,"rolled":8,"was_ejected":false,"source":"reroll","reroll":true,"from_level":1.12237}}
16,-1,1791252146620,ea_event,ROLL_ACCEPTED,{"type":"ea_event","seq":7,"ea_time_ms":96003671,"magic":null,"level":"INFO","code":"ROLL_ACCEPTED","reason":null,"ticket":1983760582,"detail":{"ticket":1983760582,"side":"L","layer_index":7,"entry":1.12537,"level":1.11697,"target":1.12192,"accrued":0.00016,"clamped":true,"cost":0.00740,"cost_pips":74.0,"rolled":8,"was_ejected":false,"source":"reroll","reroll":true,"from_level":1.12177}}
16,-1,1791252152648,ea_event,ROLL_ACCEPTED,{"type":"ea_event","seq":8,"ea_time_ms":96003671,"magic":null,"level":"INFO","code":"ROLL_ACCEPTED","reason":null,"ticket":1975880673,"detail":{"ticket":1975880673,"side":"L","layer_index":0,"entry":1.13670,"level":1.11637,"target":1.12193,"accrued":0.00049,"clamped":true,"cost":0.01933,"cost_pips":193.3,"rolled":8,"was_ejected":false,"source":"reroll","reroll":true,"from_level":1.12117}}
16,-1,1791252930647,ea_event,,{"type":"fill_log","seq":9,"ea_time_ms":96003687,"magic":22260201,"deal_ticket":800000001,"order_ticket":9007,"position_id":900000001,"entry_type":"IN","deal_type":"BUY","side":"L","layer_index":0,"role":"EXT","deal_price":1.12193,"order_price_open":null,"slippage_pips":null,"volume":0.00,"profit":0.00,"swap":0.00,"commission":0.00,"deal_time_broker":"2026-10-06 02:15:30","deal_time_broker_msc":1791252930000,"halted_at_receipt":false,"quarantined_at_receipt":false}
16,-1,1791252931076,ea_event,,{"type":"fill_log","seq":10,"ea_time_ms":96003687,"magic":22260201,"deal_ticket":800000002,"order_ticket":700000002,"position_id":1975880673,"entry_type":"OUT_BY","deal_type":"SELL","side":null,"layer_index":null,"role":null,"deal_price":1.12193,"order_price_open":null,"slippage_pips":null,"volume":0.00,"profit":-14.77,"swap":-0.49,"commission":0.00,"deal_time_broker":"2026-10-06 02:15:31","deal_time_broker_msc":1791252931000,"halted_at_receipt":false,"quarantined_at_receipt":false}
16,-1,1791252931076,ea_event,ROLL_FILLED,{"type":"ea_event","seq":11,"ea_time_ms":96003687,"magic":null,"level":"INFO","code":"ROLL_FILLED","reason":null,"ticket":1975880673,"detail":{"ticket":1975880673,"level":1.11637}}
16,-1,1791252931076,ea_event,,{"type":"fill_log","seq":12,"ea_time_ms":96003687,"magic":22260201,"deal_ticket":800000003,"order_ticket":700000002,"position_id":900000001,"entry_type":"OUT_BY","deal_type":"SELL","side":null,"layer_index":null,"role":null,"deal_price":1.13670,"order_price_open":null,"slippage_pips":null,"volume":0.00,"profit":0.00,"swap":0.00,"commission":0.00,"deal_time_broker":"2026-10-06 02:15:31","deal_time_broker_msc":1791252931000,"halted_at_receipt":false,"quarantined_at_receipt":false}
16,-1,1791252931076,scalp,SCALP_CLOSED,{"close_time":"2026-10-06T02:15:31Z","instrument":"EURUSD","direction":"LONG","entry_price":1.13670,"exit_price":1.12193,"layer_depth":0,"stack_depth":8,"gross_pnl":-15.26,"instance_id":"GRIND_EURUSD_OPTC","ejected":false,"rolled":true,"broker_utc_offset_s":10800,"account_login":53077984}
16,-1,1791253040726,ea_event,,{"type":"fill_log","seq":13,"ea_time_ms":96003687,"magic":22260201,"deal_ticket":800000004,"order_ticket":9009,"position_id":900000002,"entry_type":"IN","deal_type":"BUY","side":"L","layer_index":7,"role":"EXT","deal_price":1.12196,"order_price_open":null,"slippage_pips":null,"volume":0.00,"profit":0.00,"swap":0.00,"commission":0.00,"deal_time_broker":"2026-10-06 02:17:20","deal_time_broker_msc":1791253040000,"halted_at_receipt":false,"quarantined_at_receipt":false}
16,-1,1791253041558,ea_event,,{"type":"fill_log","seq":14,"ea_time_ms":96003687,"magic":22260201,"deal_ticket":800000005,"order_ticket":700000005,"position_id":1983760582,"entry_type":"OUT_BY","deal_type":"SELL","side":null,"layer_index":null,"role":null,"deal_price":1.12196,"order_price_open":null,"slippage_pips":null,"volume":0.00,"profit":-3.41,"swap":-0.16,"commission":0.00,"deal_time_broker":"2026-10-06 02:17:21","deal_time_broker_msc":1791253041000,"halted_at_receipt":false,"quarantined_at_receipt":false}
16,-1,1791253041558,ea_event,ROLL_FILLED,{"type":"ea_event","seq":15,"ea_time_ms":96003687,"magic":null,"level":"INFO","code":"ROLL_FILLED","reason":null,"ticket":1983760582,"detail":{"ticket":1983760582,"level":1.11697}}
16,-1,1791253041558,ea_event,,{"type":"fill_log","seq":16,"ea_time_ms":96003687,"magic":22260201,"deal_ticket":800000006,"order_ticket":700000005,"position_id":900000002,"entry_type":"OUT_BY","deal_type":"SELL","side":null,"layer_index":null,"role":null,"deal_price":1.12537,"order_price_open":null,"slippage_pips":null,"volume":0.00,"profit":0.00,"swap":0.00,"commission":0.00,"deal_time_broker":"2026-10-06 02:17:21","deal_time_broker_msc":1791253041000,"halted_at_receipt":false,"quarantined_at_receipt":false}
16,-1,1791253041558,scalp,SCALP_CLOSED,{"close_time":"2026-10-06T02:17:21Z","instrument":"EURUSD","direction":"LONG","entry_price":1.12537,"exit_price":1.12196,"layer_depth":7,"stack_depth":7,"gross_pnl":-3.57,"instance_id":"GRIND_EURUSD_OPTC","ejected":false,"rolled":true,"broker_utc_offset_s":10800,"account_login":53077984}
16,-1,1791253073321,ea_event,,{"type":"fill_log","seq":17,"ea_time_ms":96003687,"magic":22260201,"deal_ticket":800000007,"order_ticket":9011,"position_id":900000003,"entry_type":"IN","deal_type":"BUY","side":"L","layer_index":6,"role":"EXT","deal_price":1.12196,"order_price_open":null,"slippage_pips":null,"volume":0.00,"profit":0.00,"swap":0.00,"commission":0.00,"deal_time_broker":"2026-10-06 02:17:53","deal_time_broker_msc":1791253073000,"halted_at_receipt":false,"quarantined_at_receipt":false}
16,-1,1791253077373,ea_event,,{"type":"fill_log","seq":18,"ea_time_ms":96003687,"magic":22260201,"deal_ticket":800000008,"order_ticket":700000008,"position_id":1983699077,"entry_type":"OUT_BY","deal_type":"SELL","side":null,"layer_index":null,"role":null,"deal_price":1.12196,"order_price_open":null,"slippage_pips":null,"volume":0.00,"profit":-4.01,"swap":-0.16,"commission":0.00,"deal_time_broker":"2026-10-06 02:17:57","deal_time_broker_msc":1791253077000,"halted_at_receipt":false,"quarantined_at_receipt":false}
16,-1,1791253077373,ea_event,ROLL_FILLED,{"type":"ea_event","seq":19,"ea_time_ms":96003687,"magic":null,"level":"INFO","code":"ROLL_FILLED","reason":null,"ticket":1983699077,"detail":{"ticket":1983699077,"level":1.11757}}
16,-1,1791253077373,ea_event,,{"type":"fill_log","seq":20,"ea_time_ms":96003687,"magic":22260201,"deal_ticket":800000009,"order_ticket":700000008,"position_id":900000003,"entry_type":"OUT_BY","deal_type":"SELL","side":null,"layer_index":null,"role":null,"deal_price":1.12597,"order_price_open":null,"slippage_pips":null,"volume":0.00,"profit":0.00,"swap":0.00,"commission":0.00,"deal_time_broker":"2026-10-06 02:17:57","deal_time_broker_msc":1791253077000,"halted_at_receipt":false,"quarantined_at_receipt":false}
16,-1,1791253077373,scalp,SCALP_CLOSED,{"close_time":"2026-10-06T02:17:57Z","instrument":"EURUSD","direction":"LONG","entry_price":1.12597,"exit_price":1.12196,"layer_depth":6,"stack_depth":6,"gross_pnl":-4.17,"instance_id":"GRIND_EURUSD_OPTC","ejected":false,"rolled":true,"broker_utc_offset_s":10800,"account_login":53077984}
16,-1,1791253097271,ea_event,,{"type":"fill_log","seq":21,"ea_time_ms":96003687,"magic":22260201,"deal_ticket":800000010,"order_ticket":9013,"position_id":900000004,"entry_type":"IN","deal_type":"BUY","side":"L","layer_index":5,"role":"EXT","deal_price":1.12199,"order_price_open":null,"slippage_pips":null,"volume":0.00,"profit":0.00,"swap":0.00,"commission":0.00,"deal_time_broker":"2026-10-06 02:18:17","deal_time_broker_msc":1791253097000,"halted_at_receipt":false,"quarantined_at_receipt":false}
16,-1,1791253099505,ea_event,,{"type":"fill_log","seq":22,"ea_time_ms":96003687,"magic":22260201,"deal_ticket":800000011,"order_ticket":700000011,"position_id":1983680771,"entry_type":"OUT_BY","deal_type":"SELL","side":null,"layer_index":null,"role":null,"deal_price":1.12199,"order_price_open":null,"slippage_pips":null,"volume":0.00,"profit":-4.58,"swap":-0.16,"commission":0.00,"deal_time_broker":"2026-10-06 02:18:19","deal_time_broker_msc":1791253099000,"halted_at_receipt":false,"quarantined_at_receipt":false}
16,-1,1791253099505,ea_event,ROLL_FILLED,{"type":"ea_event","seq":23,"ea_time_ms":96003687,"magic":null,"level":"INFO","code":"ROLL_FILLED","reason":null,"ticket":1983680771,"detail":{"ticket":1983680771,"level":1.11817}}
16,-1,1791253099505,ea_event,,{"type":"fill_log","seq":24,"ea_time_ms":96003687,"magic":22260201,"deal_ticket":800000012,"order_ticket":700000011,"position_id":900000004,"entry_type":"OUT_BY","deal_type":"SELL","side":null,"layer_index":null,"role":null,"deal_price":1.12657,"order_price_open":null,"slippage_pips":null,"volume":0.00,"profit":0.00,"swap":0.00,"commission":0.00,"deal_time_broker":"2026-10-06 02:18:19","deal_time_broker_msc":1791253099000,"halted_at_receipt":false,"quarantined_at_receipt":false}
16,-1,1791253099505,scalp,SCALP_CLOSED,{"close_time":"2026-10-06T02:18:19Z","instrument":"EURUSD","direction":"LONG","entry_price":1.12657,"exit_price":1.12199,"layer_depth":5,"stack_depth":5,"gross_pnl":-4.74,"instance_id":"GRIND_EURUSD_OPTC","ejected":false,"rolled":true,"broker_utc_offset_s":10800,"account_login":53077984}
16,-1,1791253111329,ea_event,,{"type":"fill_log","seq":25,"ea_time_ms":96003687,"magic":22260201,"deal_ticket":800000013,"order_ticket":9015,"position_id":900000005,"entry_type":"IN","deal_type":"BUY","side":"L","layer_index":4,"role":"EXT","deal_price":1.12201,"order_price_open":null,"slippage_pips":null,"volume":0.00,"profit":0.00,"swap":0.00,"commission":0.00,"deal_time_broker":"2026-10-06 02:18:31","deal_time_broker_msc":1791253111000,"halted_at_receipt":false,"quarantined_at_receipt":false}
16,-1,1791253112164,ea_event,,{"type":"fill_log","seq":26,"ea_time_ms":96003687,"magic":22260201,"deal_ticket":800000014,"order_ticket":700000014,"position_id":1983447980,"entry_type":"OUT_BY","deal_type":"SELL","side":null,"layer_index":null,"role":null,"deal_price":1.12201,"order_price_open":null,"slippage_pips":null,"volume":0.00,"profit":-5.16,"swap":-0.16,"commission":0.00,"deal_time_broker":"2026-10-06 02:18:32","deal_time_broker_msc":1791253112000,"halted_at_receipt":false,"quarantined_at_receipt":false}
16,-1,1791253112164,ea_event,ROLL_FILLED,{"type":"ea_event","seq":27,"ea_time_ms":96003687,"magic":null,"level":"INFO","code":"ROLL_FILLED","reason":null,"ticket":1983447980,"detail":{"ticket":1983447980,"level":1.11877}}
16,-1,1791253112164,ea_event,,{"type":"fill_log","seq":28,"ea_time_ms":96003687,"magic":22260201,"deal_ticket":800000015,"order_ticket":700000014,"position_id":900000005,"entry_type":"OUT_BY","deal_type":"SELL","side":null,"layer_index":null,"role":null,"deal_price":1.12717,"order_price_open":null,"slippage_pips":null,"volume":0.00,"profit":0.00,"swap":0.00,"commission":0.00,"deal_time_broker":"2026-10-06 02:18:32","deal_time_broker_msc":1791253112000,"halted_at_receipt":false,"quarantined_at_receipt":false}
16,-1,1791253112164,scalp,SCALP_CLOSED,{"close_time":"2026-10-06T02:18:32Z","instrument":"EURUSD","direction":"LONG","entry_price":1.12717,"exit_price":1.12201,"layer_depth":4,"stack_depth":4,"gross_pnl":-5.32,"instance_id":"GRIND_EURUSD_OPTC","ejected":false,"rolled":true,"broker_utc_offset_s":10800,"account_login":53077984}
16,-1,1791253432920,ea_event,,{"type":"fill_log","seq":29,"ea_time_ms":96003687,"magic":22260201,"deal_ticket":800000016,"order_ticket":9017,"position_id":900000006,"entry_type":"IN","deal_type":"BUY","side":"L","layer_index":3,"role":"EXT","deal_price":1.12204,"order_price_open":null,"slippage_pips":null,"volume":0.00,"profit":0.00,"swap":0.00,"commission":0.00,"deal_time_broker":"2026-10-06 02:23:52","deal_time_broker_msc":1791253432000,"halted_at_receipt":false,"quarantined_at_receipt":false}
16,-1,1791253434364,ea_event,,{"type":"fill_log","seq":30,"ea_time_ms":96003687,"magic":22260201,"deal_ticket":800000017,"order_ticket":700000017,"position_id":1983434147,"entry_type":"OUT_BY","deal_type":"SELL","side":null,"layer_index":null,"role":null,"deal_price":1.12204,"order_price_open":null,"slippage_pips":null,"volume":0.00,"profit":-5.70,"swap":-0.16,"commission":0.00,"deal_time_broker":"2026-10-06 02:23:54","deal_time_broker_msc":1791253434000,"halted_at_receipt":false,"quarantined_at_receipt":false}
16,-1,1791253434364,ea_event,ROLL_FILLED,{"type":"ea_event","seq":31,"ea_time_ms":96003687,"magic":null,"level":"INFO","code":"ROLL_FILLED","reason":null,"ticket":1983434147,"detail":{"ticket":1983434147,"level":1.11937}}
16,-1,1791253434364,ea_event,,{"type":"fill_log","seq":32,"ea_time_ms":96003687,"magic":22260201,"deal_ticket":800000018,"order_ticket":700000017,"position_id":900000006,"entry_type":"OUT_BY","deal_type":"SELL","side":null,"layer_index":null,"role":null,"deal_price":1.12774,"order_price_open":null,"slippage_pips":null,"volume":0.00,"profit":0.00,"swap":0.00,"commission":0.00,"deal_time_broker":"2026-10-06 02:23:54","deal_time_broker_msc":1791253434000,"halted_at_receipt":false,"quarantined_at_receipt":false}
16,-1,1791253434364,scalp,SCALP_CLOSED,{"close_time":"2026-10-06T02:23:54Z","instrument":"EURUSD","direction":"LONG","entry_price":1.12774,"exit_price":1.12204,"layer_depth":3,"stack_depth":3,"gross_pnl":-5.86,"instance_id":"GRIND_EURUSD_OPTC","ejected":false,"rolled":true,"broker_utc_offset_s":10800,"account_login":53077984}
16,-1,1791253469913,ea_event,,{"type":"fill_log","seq":33,"ea_time_ms":96003687,"magic":22260201,"deal_ticket":800000019,"order_ticket":9008,"position_id":900000007,"entry_type":"IN","deal_type":"BUY","side":"L","layer_index":1,"role":"EXT","deal_price":1.12206,"order_price_open":null,"slippage_pips":null,"volume":0.00,"profit":0.00,"swap":0.00,"commission":0.00,"deal_time_broker":"2026-10-06 02:24:29","deal_time_broker_msc":1791253469000,"halted_at_receipt":false,"quarantined_at_receipt":false}
16,-1,1791253469913,ea_event,,{"type":"fill_log","seq":34,"ea_time_ms":96003687,"magic":22260201,"deal_ticket":800000020,"order_ticket":9019,"position_id":900000008,"entry_type":"IN","deal_type":"BUY","side":"L","layer_index":2,"role":"EXT","deal_price":1.12206,"order_price_open":null,"slippage_pips":null,"volume":0.00,"profit":0.00,"swap":0.00,"commission":0.00,"deal_time_broker":"2026-10-06 02:24:29","deal_time_broker_msc":1791253469000,"halted_at_receipt":false,"quarantined_at_receipt":false}
16,-1,1791253471605,ea_event,,{"type":"fill_log","seq":35,"ea_time_ms":96003687,"magic":22260201,"deal_ticket":800000021,"order_ticket":700000021,"position_id":1975959171,"entry_type":"OUT_BY","deal_type":"SELL","side":null,"layer_index":null,"role":null,"deal_price":1.12206,"order_price_open":null,"slippage_pips":null,"volume":0.00,"profit":-13.94,"swap":-0.49,"commission":0.00,"deal_time_broker":"2026-10-06 02:24:31","deal_time_broker_msc":1791253471000,"halted_at_receipt":false,"quarantined_at_receipt":false}
16,-1,1791253471605,ea_event,ROLL_FILLED,{"type":"ea_event","seq":36,"ea_time_ms":96003687,"magic":null,"level":"INFO","code":"ROLL_FILLED","reason":null,"ticket":1975959171,"detail":{"ticket":1975959171,"level":1.12057}}
16,-1,1791253471605,ea_event,,{"type":"fill_log","seq":37,"ea_time_ms":96003687,"magic":22260201,"deal_ticket":800000022,"order_ticket":700000021,"position_id":900000007,"entry_type":"OUT_BY","deal_type":"SELL","side":null,"layer_index":null,"role":null,"deal_price":1.13600,"order_price_open":null,"slippage_pips":null,"volume":0.00,"profit":0.00,"swap":0.00,"commission":0.00,"deal_time_broker":"2026-10-06 02:24:31","deal_time_broker_msc":1791253471000,"halted_at_receipt":false,"quarantined_at_receipt":false}
16,-1,1791253471605,scalp,SCALP_CLOSED,{"close_time":"2026-10-06T02:24:31Z","instrument":"EURUSD","direction":"LONG","entry_price":1.13600,"exit_price":1.12206,"layer_depth":1,"stack_depth":2,"gross_pnl":-14.43,"instance_id":"GRIND_EURUSD_OPTC","ejected":false,"rolled":true,"broker_utc_offset_s":10800,"account_login":53077984}
16,-1,1791253471605,ea_event,,{"type":"fill_log","seq":38,"ea_time_ms":96003687,"magic":22260201,"deal_ticket":800000023,"order_ticket":700000023,"position_id":1983434019,"entry_type":"OUT_BY","deal_type":"SELL","side":null,"layer_index":null,"role":null,"deal_price":1.12206,"order_price_open":null,"slippage_pips":null,"volume":0.00,"profit":-6.29,"swap":-0.16,"commission":0.00,"deal_time_broker":"2026-10-06 02:24:31","deal_time_broker_msc":1791253471000,"halted_at_receipt":false,"quarantined_at_receipt":false}
16,-1,1791253471605,ea_event,ROLL_FILLED,{"type":"ea_event","seq":39,"ea_time_ms":96003687,"magic":null,"level":"INFO","code":"ROLL_FILLED","reason":null,"ticket":1983434019,"detail":{"ticket":1983434019,"level":1.11997}}
16,-1,1791253471605,ea_event,,{"type":"fill_log","seq":40,"ea_time_ms":96003687,"magic":22260201,"deal_ticket":800000024,"order_ticket":700000023,"position_id":900000008,"entry_type":"OUT_BY","deal_type":"SELL","side":null,"layer_index":null,"role":null,"deal_price":1.12835,"order_price_open":null,"slippage_pips":null,"volume":0.00,"profit":0.00,"swap":0.00,"commission":0.00,"deal_time_broker":"2026-10-06 02:24:31","deal_time_broker_msc":1791253471000,"halted_at_receipt":false,"quarantined_at_receipt":false}
16,-1,1791253471605,scalp,SCALP_CLOSED,{"close_time":"2026-10-06T02:24:31Z","instrument":"EURUSD","direction":"LONG","entry_price":1.12835,"exit_price":1.12206,"layer_depth":2,"stack_depth":1,"gross_pnl":-6.45,"instance_id":"GRIND_EURUSD_OPTC","ejected":false,"rolled":true,"broker_utc_offset_s":10800,"account_login":53077984}
16,-1,1791260841919,ea_event,ROLL_ACCEPTED,{"type":"ea_event","seq":41,"ea_time_ms":96003781,"magic":null,"level":"INFO","code":"ROLL_ACCEPTED","reason":null,"ticket":1986169985,"detail":{"ticket":1986169985,"side":"S","layer_index":2,"entry":1.11813,"level":1.12293,"target":1.12194,"accrued":0.00001,"clamped":false,"cost":0.00380,"cost_pips":38.0,"rolled":2,"was_ejected":false,"source":"auto","reroll":false,"from_level":0.00000}}
16,-1,1791262328035,ea_event,,{"type":"fill_log","seq":42,"ea_time_ms":96003796,"magic":22260201,"deal_ticket":800000025,"order_ticket":9021,"position_id":900000009,"entry_type":"IN","deal_type":"BUY","side":"L","layer_index":0,"role":"ENT","deal_price":1.12221,"order_price_open":null,"slippage_pips":null,"volume":0.00,"profit":0.00,"swap":0.00,"commission":0.00,"deal_time_broker":"2026-10-06 04:52:08","deal_time_broker_msc":1791262328000,"halted_at_receipt":false,"quarantined_at_receipt":false}
16,-1,1791262495799,ea_event,,{"type":"fill_log","seq":43,"ea_time_ms":96003796,"magic":22260201,"deal_ticket":800000026,"order_ticket":1988240215,"position_id":900000010,"entry_type":"IN","deal_type":"SELL","side":"S","layer_index":2,"role":"EXT","deal_price":1.12189,"order_price_open":null,"slippage_pips":null,"volume":0.00,"profit":0.00,"swap":0.00,"commission":0.00,"deal_time_broker":"2026-10-06 04:54:55","deal_time_broker_msc":1791262495000,"halted_at_receipt":false,"quarantined_at_receipt":false}
16,-1,1791262497243,ea_event,,{"type":"fill_log","seq":44,"ea_time_ms":96003796,"magic":22260201,"deal_ticket":800000027,"order_ticket":700000027,"position_id":1986169985,"entry_type":"OUT_BY","deal_type":"SELL","side":null,"layer_index":null,"role":null,"deal_price":1.12189,"order_price_open":null,"slippage_pips":null,"volume":0.00,"profit":-3.76,"swap":0.01,"commission":0.00,"deal_time_broker":"2026-10-06 04:54:57","deal_time_broker_msc":1791262497000,"halted_at_receipt":false,"quarantined_at_receipt":false}
16,-1,1791262497243,ea_event,ROLL_FILLED,{"type":"ea_event","seq":45,"ea_time_ms":96003796,"magic":null,"level":"INFO","code":"ROLL_FILLED","reason":null,"ticket":1986169985,"detail":{"ticket":1986169985,"level":1.12293}}
16,-1,1791262497243,ea_event,,{"type":"fill_log","seq":46,"ea_time_ms":96003796,"magic":22260201,"deal_ticket":800000028,"order_ticket":700000027,"position_id":900000010,"entry_type":"OUT_BY","deal_type":"SELL","side":null,"layer_index":null,"role":null,"deal_price":1.11813,"order_price_open":null,"slippage_pips":null,"volume":0.00,"profit":0.00,"swap":0.00,"commission":0.00,"deal_time_broker":"2026-10-06 04:54:57","deal_time_broker_msc":1791262497000,"halted_at_receipt":false,"quarantined_at_receipt":false}
16,-1,1791262497243,scalp,SCALP_CLOSED,{"close_time":"2026-10-06T04:54:57Z","instrument":"EURUSD","direction":"SHORT","entry_price":1.11813,"exit_price":1.12189,"layer_depth":2,"stack_depth":8,"gross_pnl":-3.75,"instance_id":"GRIND_EURUSD_OPTC","ejected":false,"rolled":true,"broker_utc_offset_s":10800,"account_login":53077984}
16,-1,1791263398858,ea_event,,{"type":"fill_log","seq":47,"ea_time_ms":96003812,"magic":22260201,"deal_ticket":800000029,"order_ticket":9024,"position_id":900000011,"entry_type":"IN","deal_type":"BUY","side":"L","layer_index":1,"role":"ENT","deal_price":1.12161,"order_price_open":null,"slippage_pips":null,"volume":0.00,"profit":0.00,"swap":0.00,"commission":0.00,"deal_time_broker":"2026-10-06 05:09:58","deal_time_broker_msc":1791263398000,"halted_at_receipt":false,"quarantined_at_receipt":false}
16,-1,1791264898509,ea_event,,{"type":"fill_log","seq":48,"ea_time_ms":96003843,"magic":22260201,"deal_ticket":800000030,"order_ticket":9025,"position_id":900000012,"entry_type":"IN","deal_type":"SELL","side":"S","layer_index":1,"role":"EXT","deal_price":1.12135,"order_price_open":null,"slippage_pips":null,"volume":0.00,"profit":0.00,"swap":0.00,"commission":0.00,"deal_time_broker":"2026-10-06 05:34:58","deal_time_broker_msc":1791264898000,"halted_at_receipt":false,"quarantined_at_receipt":false}
16,-1,1791264898943,ea_event,,{"type":"fill_log","seq":49,"ea_time_ms":96003843,"magic":22260201,"deal_ticket":800000031,"order_ticket":700000031,"position_id":1985808617,"entry_type":"OUT_BY","deal_type":"SELL","side":null,"layer_index":null,"role":null,"deal_price":1.12135,"order_price_open":null,"slippage_pips":null,"volume":0.00,"profit":-3.91,"swap":0.01,"commission":0.00,"deal_time_broker":"2026-10-06 05:34:58","deal_time_broker_msc":1791264898000,"halted_at_receipt":false,"quarantined_at_receipt":false}
16,-1,1791264898943,ea_event,ROLL_FILLED,{"type":"ea_event","seq":50,"ea_time_ms":96003843,"magic":null,"level":"INFO","code":"ROLL_FILLED","reason":null,"ticket":1985808617,"detail":{"ticket":1985808617,"level":1.12233}}
16,-1,1791264898943,ea_event,,{"type":"fill_log","seq":51,"ea_time_ms":96003843,"magic":22260201,"deal_ticket":800000032,"order_ticket":700000031,"position_id":900000012,"entry_type":"OUT_BY","deal_type":"SELL","side":null,"layer_index":null,"role":null,"deal_price":1.11744,"order_price_open":null,"slippage_pips":null,"volume":0.00,"profit":0.00,"swap":0.00,"commission":0.00,"deal_time_broker":"2026-10-06 05:34:58","deal_time_broker_msc":1791264898000,"halted_at_receipt":false,"quarantined_at_receipt":false}
16,-1,1791264898943,scalp,SCALP_CLOSED,{"close_time":"2026-10-06T05:34:58Z","instrument":"EURUSD","direction":"SHORT","entry_price":1.11744,"exit_price":1.12135,"layer_depth":1,"stack_depth":7,"gross_pnl":-3.90,"instance_id":"GRIND_EURUSD_OPTC","ejected":false,"rolled":true,"broker_utc_offset_s":10800,"account_login":53077984}
17,-1,1791268984344,ea_event,,{"type":"fill_log","seq":0,"ea_time_ms":96003906,"magic":22260201,"deal_ticket":800000001,"order_ticket":1988656572,"position_id":900000001,"entry_type":"IN","deal_type":"SELL","side":"S","layer_index":9,"role":"ENT","deal_price":1.12232,"order_price_open":null,"slippage_pips":null,"volume":0.00,"profit":0.00,"swap":0.00,"commission":0.00,"deal_time_broker":"2026-10-06 06:43:04","deal_time_broker_msc":1791268984000,"halted_at_receipt":false,"quarantined_at_receipt":false}
17,-1,1791276619906,ea_event,,{"type":"fill_log","seq":1,"ea_time_ms":96003984,"magic":22260201,"deal_ticket":800000002,"order_ticket":9000,"position_id":900000002,"entry_type":"IN","deal_type":"SELL","side":"S","layer_index":9,"role":"EXT","deal_price":1.12127,"order_price_open":null,"slippage_pips":null,"volume":0.00,"profit":0.00,"swap":0.00,"commission":0.00,"deal_time_broker":"2026-10-06 08:50:19","deal_time_broker_msc":1791276619000,"halted_at_receipt":false,"quarantined_at_receipt":false}
17,-1,1791276620553,ea_event,,{"type":"fill_log","seq":2,"ea_time_ms":96003984,"magic":22260201,"deal_ticket":800000003,"order_ticket":700000003,"position_id":900000001,"entry_type":"OUT_BY","deal_type":"SELL","side":null,"layer_index":null,"role":null,"deal_price":1.12127,"order_price_open":null,"slippage_pips":null,"volume":0.00,"profit":1.05,"swap":0.00,"commission":0.00,"deal_time_broker":"2026-10-06 08:50:20","deal_time_broker_msc":1791276620000,"halted_at_receipt":false,"quarantined_at_receipt":false}
17,-1,1791276620553,ea_event,,{"type":"fill_log","seq":3,"ea_time_ms":96003984,"magic":22260201,"deal_ticket":800000004,"order_ticket":700000003,"position_id":900000002,"entry_type":"OUT_BY","deal_type":"SELL","side":null,"layer_index":null,"role":null,"deal_price":1.12232,"order_price_open":null,"slippage_pips":null,"volume":0.00,"profit":0.00,"swap":0.00,"commission":0.00,"deal_time_broker":"2026-10-06 08:50:20","deal_time_broker_msc":1791276620000,"halted_at_receipt":false,"quarantined_at_receipt":false}
17,-1,1791276620553,scalp,SCALP_CLOSED,{"close_time":"2026-10-06T08:50:20Z","instrument":"EURUSD","direction":"SHORT","entry_price":1.12232,"exit_price":1.12127,"layer_depth":9,"stack_depth":7,"gross_pnl":1.05,"instance_id":"GRIND_EURUSD_OPTC","ejected":false,"rolled":false,"broker_utc_offset_s":10800,"account_login":53077984}
17,-1,1791277520857,ea_event,,{"type":"fill_log","seq":4,"ea_time_ms":96004000,"magic":22260201,"deal_ticket":800000005,"order_ticket":1988684397,"position_id":900000003,"entry_type":"IN","deal_type":"BUY","side":"L","layer_index":2,"role":"ENT","deal_price":1.12096,"order_price_open":null,"slippage_pips":null,"volume":0.00,"profit":0.00,"swap":0.00,"commission":0.00,"deal_time_broker":"2026-10-06 09:05:20","deal_time_broker_msc":1791277520000,"halted_at_receipt":false,"quarantined_at_receipt":false}
17,-1,1791277597316,ea_event,,{"type":"fill_log","seq":5,"ea_time_ms":96004000,"magic":22260201,"deal_ticket":800000006,"order_ticket":9002,"position_id":900000004,"entry_type":"IN","deal_type":"SELL","side":"S","layer_index":8,"role":"EXT","deal_price":1.12069,"order_price_open":null,"slippage_pips":null,"volume":0.00,"profit":0.00,"swap":0.00,"commission":0.00,"deal_time_broker":"2026-10-06 09:06:37","deal_time_broker_msc":1791277597000,"halted_at_receipt":false,"quarantined_at_receipt":false}
17,-1,1791277597949,ea_event,,{"type":"fill_log","seq":6,"ea_time_ms":96004000,"magic":22260201,"deal_ticket":800000007,"order_ticket":700000007,"position_id":1988011961,"entry_type":"OUT_BY","deal_type":"SELL","side":null,"layer_index":null,"role":null,"deal_price":1.12069,"order_price_open":null,"slippage_pips":null,"volume":0.00,"profit":1.04,"swap":0.01,"commission":0.00,"deal_time_broker":"2026-10-06 09:06:37","deal_time_broker_msc":1791277597000,"halted_at_receipt":false,"quarantined_at_receipt":false}
17,-1,1791277597949,ea_event,,{"type":"fill_log","seq":7,"ea_time_ms":96004000,"magic":22260201,"deal_ticket":800000008,"order_ticket":700000007,"position_id":900000004,"entry_type":"OUT_BY","deal_type":"SELL","side":null,"layer_index":null,"role":null,"deal_price":1.12173,"order_price_open":null,"slippage_pips":null,"volume":0.00,"profit":0.00,"swap":0.00,"commission":0.00,"deal_time_broker":"2026-10-06 09:06:37","deal_time_broker_msc":1791277597000,"halted_at_receipt":false,"quarantined_at_receipt":false}
17,-1,1791277597949,scalp,SCALP_CLOSED,{"close_time":"2026-10-06T09:06:37Z","instrument":"EURUSD","direction":"SHORT","entry_price":1.12173,"exit_price":1.12069,"layer_depth":8,"stack_depth":6,"gross_pnl":1.05,"instance_id":"GRIND_EURUSD_OPTC","ejected":false,"rolled":false,"broker_utc_offset_s":10800,"account_login":53077984}
17,-1,1791277874222,ea_event,,{"type":"fill_log","seq":8,"ea_time_ms":96004000,"magic":22260201,"deal_ticket":800000009,"order_ticket":9005,"position_id":900000005,"entry_type":"IN","deal_type":"BUY","side":"L","layer_index":3,"role":"ENT","deal_price":1.12036,"order_price_open":null,"slippage_pips":null,"volume":0.00,"profit":0.00,"swap":0.00,"commission":0.00,"deal_time_broker":"2026-10-06 09:11:14","deal_time_broker_msc":1791277874000,"halted_at_receipt":false,"quarantined_at_receipt":false}
17,-1,1791281054775,ea_event,,{"type":"fill_log","seq":9,"ea_time_ms":96004078,"magic":22260201,"deal_ticket":800000010,"order_ticket":9008,"position_id":900000006,"entry_type":"IN","deal_type":"BUY","side":"L","layer_index":3,"role":"EXT","deal_price":1.12135,"order_price_open":null,"slippage_pips":null,"volume":0.00,"profit":0.00,"swap":0.00,"commission":0.00,"deal_time_broker":"2026-10-06 10:04:14","deal_time_broker_msc":1791281054000,"halted_at_receipt":false,"quarantined_at_receipt":false}
17,-1,1791281056418,ea_event,,{"type":"fill_log","seq":10,"ea_time_ms":96004078,"magic":22260201,"deal_ticket":800000011,"order_ticket":700000011,"position_id":900000005,"entry_type":"OUT_BY","deal_type":"SELL","side":null,"layer_index":null,"role":null,"deal_price":1.12135,"order_price_open":null,"slippage_pips":null,"volume":0.00,"profit":0.99,"swap":0.00,"commission":0.00,"deal_time_broker":"2026-10-06 10:04:16","deal_time_broker_msc":1791281056000,"halted_at_receipt":false,"quarantined_at_receipt":false}
17,-1,1791281056418,ea_event,,{"type":"fill_log","seq":11,"ea_time_ms":96004078,"magic":22260201,"deal_ticket":800000012,"order_ticket":700000011,"position_id":900000006,"entry_type":"OUT_BY","deal_type":"SELL","side":null,"layer_index":null,"role":null,"deal_price":1.12036,"order_price_open":null,"slippage_pips":null,"volume":0.00,"profit":0.00,"swap":0.00,"commission":0.00,"deal_time_broker":"2026-10-06 10:04:16","deal_time_broker_msc":1791281056000,"halted_at_receipt":false,"quarantined_at_receipt":false}
17,-1,1791281056418,scalp,SCALP_CLOSED,{"close_time":"2026-10-06T10:04:16Z","instrument":"EURUSD","direction":"LONG","entry_price":1.12036,"exit_price":1.12135,"layer_depth":3,"stack_depth":4,"gross_pnl":0.99,"instance_id":"GRIND_EURUSD_OPTC","ejected":false,"rolled":false,"broker_utc_offset_s":10800,"account_login":53077984}
17,-1,1791281281870,ea_event,,{"type":"fill_log","seq":12,"ea_time_ms":96004093,"magic":22260201,"deal_ticket":800000013,"order_ticket":9011,"position_id":900000007,"entry_type":"IN","deal_type":"BUY","side":"L","layer_index":3,"role":"ENT","deal_price":1.12035,"order_price_open":null,"slippage_pips":null,"volume":0.00,"profit":0.00,"swap":0.00,"commission":0.00,"deal_time_broker":"2026-10-06 10:08:01","deal_time_broker_msc":1791281281000,"halted_at_receipt":false,"quarantined_at_receipt":false}
17,-1,1791281695094,ea_event,,{"type":"fill_log","seq":13,"ea_time_ms":96004093,"magic":22260201,"deal_ticket":800000014,"order_ticket":9012,"position_id":900000008,"entry_type":"IN","deal_type":"BUY","side":"L","layer_index":3,"role":"EXT","deal_price":1.12141,"order_price_open":null,"slippage_pips":null,"volume":0.00,"profit":0.00,"swap":0.00,"commission":0.00,"deal_time_broker":"2026-10-06 10:14:55","deal_time_broker_msc":1791281695000,"halted_at_receipt":false,"quarantined_at_receipt":false}
17,-1,1791281695535,ea_event,,{"type":"fill_log","seq":14,"ea_time_ms":96004093,"magic":22260201,"deal_ticket":800000015,"order_ticket":700000015,"position_id":900000007,"entry_type":"OUT_BY","deal_type":"SELL","side":null,"layer_index":null,"role":null,"deal_price":1.12141,"order_price_open":null,"slippage_pips":null,"volume":0.00,"profit":1.06,"swap":0.00,"commission":0.00,"deal_time_broker":"2026-10-06 10:14:55","deal_time_broker_msc":1791281695000,"halted_at_receipt":false,"quarantined_at_receipt":false}
17,-1,1791281695535,ea_event,,{"type":"fill_log","seq":15,"ea_time_ms":96004093,"magic":22260201,"deal_ticket":800000016,"order_ticket":700000015,"position_id":900000008,"entry_type":"OUT_BY","deal_type":"SELL","side":null,"layer_index":null,"role":null,"deal_price":1.12035,"order_price_open":null,"slippage_pips":null,"volume":0.00,"profit":0.00,"swap":0.00,"commission":0.00,"deal_time_broker":"2026-10-06 10:14:55","deal_time_broker_msc":1791281695000,"halted_at_receipt":false,"quarantined_at_receipt":false}
17,-1,1791281695535,scalp,SCALP_CLOSED,{"close_time":"2026-10-06T10:14:55Z","instrument":"EURUSD","direction":"LONG","entry_price":1.12035,"exit_price":1.12141,"layer_depth":3,"stack_depth":4,"gross_pnl":1.06,"instance_id":"GRIND_EURUSD_OPTC","ejected":false,"rolled":false,"broker_utc_offset_s":10800,"account_login":53077984}
17,-1,1791281709382,ea_event,,{"type":"fill_log","seq":16,"ea_time_ms":96004109,"magic":22260201,"deal_ticket":800000017,"order_ticket":9007,"position_id":900000009,"entry_type":"IN","deal_type":"SELL","side":"S","layer_index":8,"role":"ENT","deal_price":1.12175,"order_price_open":null,"slippage_pips":null,"volume":0.00,"profit":0.00,"swap":0.00,"commission":0.00,"deal_time_broker":"2026-10-06 10:15:09","deal_time_broker_msc":1791281709000,"halted_at_receipt":false,"quarantined_at_receipt":false}
17,-1,1791281738412,ea_event,,{"type":"fill_log","seq":17,"ea_time_ms":96004109,"magic":22260201,"deal_ticket":800000018,"order_ticket":9014,"position_id":900000010,"entry_type":"IN","deal_type":"BUY","side":"L","layer_index":2,"role":"EXT","deal_price":1.12197,"order_price_open":null,"slippage_pips":null,"volume":0.00,"profit":0.00,"swap":0.00,"commission":0.00,"deal_time_broker":"2026-10-06 10:15:38","deal_time_broker_msc":1791281738000,"halted_at_receipt":false,"quarantined_at_receipt":false}
17,-1,1791281739250,ea_event,,{"type":"fill_log","seq":18,"ea_time_ms":96004109,"magic":22260201,"deal_ticket":800000019,"order_ticket":700000019,"position_id":900000003,"entry_type":"OUT_BY","deal_type":"SELL","side":null,"layer_index":null,"role":null,"deal_price":1.12197,"order_price_open":null,"slippage_pips":null,"volume":0.00,"profit":1.01,"swap":0.00,"commission":0.00,"deal_time_broker":"2026-10-06 10:15:39","deal_time_broker_msc":1791281739000,"halted_at_receipt":false,"quarantined_at_receipt":false}
17,-1,1791281739250,ea_event,,{"type":"fill_log","seq":19,"ea_time_ms":96004109,"magic":22260201,"deal_ticket":800000020,"order_ticket":700000019,"position_id":900000010,"entry_type":"OUT_BY","deal_type":"SELL","side":null,"layer_index":null,"role":null,"deal_price":1.12096,"order_price_open":null,"slippage_pips":null,"volume":0.00,"profit":0.00,"swap":0.00,"commission":0.00,"deal_time_broker":"2026-10-06 10:15:39","deal_time_broker_msc":1791281739000,"halted_at_receipt":false,"quarantined_at_receipt":false}
17,-1,1791281739250,scalp,SCALP_CLOSED,{"close_time":"2026-10-06T10:15:39Z","instrument":"EURUSD","direction":"LONG","entry_price":1.12096,"exit_price":1.12197,"layer_depth":2,"stack_depth":3,"gross_pnl":1.01,"instance_id":"GRIND_EURUSD_OPTC","ejected":false,"rolled":false,"broker_utc_offset_s":10800,"account_login":53077984}
17,-1,1791282864262,ea_event,,{"type":"fill_log","seq":20,"ea_time_ms":96004140,"magic":22260201,"deal_ticket":800000021,"order_ticket":9017,"position_id":900000011,"entry_type":"IN","deal_type":"SELL","side":"S","layer_index":9,"role":"ENT","deal_price":1.12239,"order_price_open":null,"slippage_pips":null,"volume":0.00,"profit":0.00,"swap":0.00,"commission":0.00,"deal_time_broker":"2026-10-06 10:34:24","deal_time_broker_msc":1791282864000,"halted_at_receipt":false,"quarantined_at_receipt":false}
17,-1,1791283190081,ea_event,,{"type":"fill_log","seq":21,"ea_time_ms":96004156,"magic":22260201,"deal_ticket":800000022,"order_ticket":9018,"position_id":900000012,"entry_type":"IN","deal_type":"BUY","side":"L","layer_index":1,"role":"EXT","deal_price":1.12260,"order_price_open":null,"slippage_pips":null,"volume":0.00,"profit":0.00,"swap":0.00,"commission":0.00,"deal_time_broker":"2026-10-06 10:39:50","deal_time_broker_msc":1791283190000,"halted_at_receipt":false,"quarantined_at_receipt":false}
17,-1,1791283190533,ea_event,,{"type":"fill_log","seq":22,"ea_time_ms":96004156,"magic":22260201,"deal_ticket":800000023,"order_ticket":700000023,"position_id":1988651297,"entry_type":"OUT_BY","deal_type":"SELL","side":null,"layer_index":null,"role":null,"deal_price":1.12260,"order_price_open":null,"slippage_pips":null,"volume":0.00,"profit":0.99,"swap":0.00,"commission":0.00,"deal_time_broker":"2026-10-06 10:39:50","deal_time_broker_msc":1791283190000,"halted_at_receipt":false,"quarantined_at_receipt":false}
17,-1,1791283190533,ea_event,,{"type":"fill_log","seq":23,"ea_time_ms":96004156,"magic":22260201,"deal_ticket":800000024,"order_ticket":700000023,"position_id":900000012,"entry_type":"OUT_BY","deal_type":"SELL","side":null,"layer_index":null,"role":null,"deal_price":1.12161,"order_price_open":null,"slippage_pips":null,"volume":0.00,"profit":0.00,"swap":0.00,"commission":0.00,"deal_time_broker":"2026-10-06 10:39:50","deal_time_broker_msc":1791283190000,"halted_at_receipt":false,"quarantined_at_receipt":false}
17,-1,1791283190533,scalp,SCALP_CLOSED,{"close_time":"2026-10-06T10:39:50Z","instrument":"EURUSD","direction":"LONG","entry_price":1.12161,"exit_price":1.12260,"layer_depth":1,"stack_depth":2,"gross_pnl":0.99,"instance_id":"GRIND_EURUSD_OPTC","ejected":false,"rolled":false,"broker_utc_offset_s":10800,"account_login":53077984}
17,-1,1791283223265,ea_event,,{"type":"fill_log","seq":24,"ea_time_ms":96004156,"magic":22260201,"deal_ticket":800000025,"order_ticket":9021,"position_id":900000013,"entry_type":"IN","deal_type":"SELL","side":"S","layer_index":10,"role":"ENT","deal_price":1.12308,"order_price_open":null,"slippage_pips":null,"volume":0.00,"profit":0.00,"swap":0.00,"commission":0.00,"deal_time_broker":"2026-10-06 10:40:23","deal_time_broker_msc":1791283223000,"halted_at_receipt":false,"quarantined_at_receipt":false}
17,-1,1791283864937,ea_event,,{"type":"fill_log","seq":25,"ea_time_ms":96004171,"magic":22260201,"deal_ticket":800000026,"order_ticket":1988651286,"position_id":900000014,"entry_type":"IN","deal_type":"BUY","side":"L","layer_index":0,"role":"EXT","deal_price":1.12321,"order_price_open":null,"slippage_pips":null,"volume":0.00,"profit":0.00,"swap":0.00,"commission":0.00,"deal_time_broker":"2026-10-06 10:51:04","deal_time_broker_msc":1791283864000,"halted_at_receipt":false,"quarantined_at_receipt":false}
17,-1,1791283866995,ea_event,,{"type":"fill_log","seq":26,"ea_time_ms":96004171,"magic":22260201,"deal_ticket":800000027,"order_ticket":700000027,"position_id":1988536463,"entry_type":"OUT_BY","deal_type":"SELL","side":null,"layer_index":null,"role":null,"deal_price":1.12321,"order_price_open":null,"slippage_pips":null,"volume":0.00,"profit":1.00,"swap":0.00,"commission":0.00,"deal_time_broker":"2026-10-06 10:51:06","deal_time_broker_msc":1791283866000,"halted_at_receipt":false,"quarantined_at_receipt":false}
17,-1,1791283866995,ea_event,,{"type":"fill_log","seq":27,"ea_time_ms":96004171,"magic":22260201,"deal_ticket":800000028,"order_ticket":700000027,"position_id":900000014,"entry_type":"OUT_BY","deal_type":"SELL","side":null,"layer_index":null,"role":null,"deal_price":1.12221,"order_price_open":null,"slippage_pips":null,"volume":0.00,"profit":0.00,"swap":0.00,"commission":0.00,"deal_time_broker":"2026-10-06 10:51:06","deal_time_broker_msc":1791283866000,"halted_at_receipt":false,"quarantined_at_receipt":false}
17,-1,1791283866995,scalp,SCALP_CLOSED,{"close_time":"2026-10-06T10:51:06Z","instrument":"EURUSD","direction":"LONG","entry_price":1.12221,"exit_price":1.12321,"layer_depth":0,"stack_depth":1,"gross_pnl":1.00,"instance_id":"GRIND_EURUSD_OPTC","ejected":false,"rolled":false,"broker_utc_offset_s":10800,"account_login":53077984}
17,-1,1791284005085,ea_event,ROLL_ACCEPTED,{"type":"ea_event","seq":28,"ea_time_ms":96004171,"magic":null,"level":"INFO","code":"ROLL_ACCEPTED","reason":null,"ticket":1986183935,"detail":{"ticket":1986183935,"side":"S","layer_index":3,"entry":1.11873,"level":1.12368,"target":1.12269,"accrued":0.00001,"clamped":false,"cost":0.00395,"cost_pips":39.5,"rolled":1,"was_ejected":false,"source":"auto","reroll":false,"from_level":0.00000}}
17,-1,1791284073226,ea_event,,{"type":"fill_log","seq":29,"ea_time_ms":96004171,"magic":22260201,"deal_ticket":800000029,"order_ticket":9024,"position_id":900000015,"entry_type":"IN","deal_type":"BUY","side":"L","layer_index":0,"role":"ENT","deal_price":1.12351,"order_price_open":null,"slippage_pips":null,"volume":0.00,"profit":0.00,"swap":0.00,"commission":0.00,"deal_time_broker":"2026-10-06 10:54:33","deal_time_broker_msc":1791284073000,"halted_at_receipt":false,"quarantined_at_receipt":false}
17,-1,1791284302281,ea_event,ROLL_ACCEPTED,{"type":"ea_event","seq":30,"ea_time_ms":96004187,"magic":null,"level":"INFO","code":"ROLL_ACCEPTED","reason":null,"ticket":1986209324,"detail":{"ticket":1986209324,"side":"S","layer_index":4,"entry":1.11933,"level":1.12428,"target":1.12329,"accrued":0.00001,"clamped":false,"cost":0.00395,"cost_pips":39.5,"rolled":2,"was_ejected":false,"source":"auto","reroll":false,"from_level":0.00000}}
17,-1,1791284821313,ea_event,,{"type":"fill_log","seq":31,"ea_time_ms":96004203,"magic":22260201,"deal_ticket":800000030,"order_ticket":9025,"position_id":900000016,"entry_type":"IN","deal_type":"SELL","side":"S","layer_index":4,"role":"EXT","deal_price":1.12327,"order_price_open":null,"slippage_pips":null,"volume":0.00,"profit":0.00,"swap":0.00,"commission":0.00,"deal_time_broker":"2026-10-06 11:07:01","deal_time_broker_msc":1791284821000,"halted_at_receipt":false,"quarantined_at_receipt":false}
17,-1,1791284821749,ea_event,,{"type":"fill_log","seq":32,"ea_time_ms":96004203,"magic":22260201,"deal_ticket":800000031,"order_ticket":700000031,"position_id":1986209324,"entry_type":"OUT_BY","deal_type":"SELL","side":null,"layer_index":null,"role":null,"deal_price":1.12327,"order_price_open":null,"slippage_pips":null,"volume":0.00,"profit":-3.94,"swap":0.01,"commission":0.00,"deal_time_broker":"2026-10-06 11:07:01","deal_time_broker_msc":1791284821000,"halted_at_receipt":false,"quarantined_at_receipt":false}
17,-1,1791284821749,ea_event,ROLL_FILLED,{"type":"ea_event","seq":33,"ea_time_ms":96004203,"magic":null,"level":"INFO","code":"ROLL_FILLED","reason":null,"ticket":1986209324,"detail":{"ticket":1986209324,"level":1.12428}}
17,-1,1791284821749,ea_event,,{"type":"fill_log","seq":34,"ea_time_ms":96004203,"magic":22260201,"deal_ticket":800000032,"order_ticket":700000031,"position_id":900000016,"entry_type":"OUT_BY","deal_type":"SELL","side":null,"layer_index":null,"role":null,"deal_price":1.11933,"order_price_open":null,"slippage_pips":null,"volume":0.00,"profit":0.00,"swap":0.00,"commission":0.00,"deal_time_broker":"2026-10-06 11:07:01","deal_time_broker_msc":1791284821000,"halted_at_receipt":false,"quarantined_at_receipt":false}
17,-1,1791284821749,scalp,SCALP_CLOSED,{"close_time":"2026-10-06T11:07:01Z","instrument":"EURUSD","direction":"SHORT","entry_price":1.11933,"exit_price":1.12327,"layer_depth":4,"stack_depth":8,"gross_pnl":-3.93,"instance_id":"GRIND_EURUSD_OPTC","ejected":false,"rolled":true,"broker_utc_offset_s":10800,"account_login":53077984}
17,-1,1791284902270,ea_event,,{"type":"fill_log","seq":35,"ea_time_ms":96004203,"magic":22260201,"deal_ticket":800000033,"order_ticket":9027,"position_id":900000017,"entry_type":"IN","deal_type":"BUY","side":"L","layer_index":1,"role":"ENT","deal_price":1.12291,"order_price_open":null,"slippage_pips":null,"volume":0.00,"profit":0.00,"swap":0.00,"commission":0.00,"deal_time_broker":"2026-10-06 11:08:22","deal_time_broker_msc":1791284902000,"halted_at_receipt":false,"quarantined_at_receipt":false}
17,-1,1791285377810,ea_event,,{"type":"fill_log","seq":36,"ea_time_ms":96004234,"magic":22260201,"deal_ticket":800000034,"order_ticket":9029,"position_id":900000018,"entry_type":"IN","deal_type":"SELL","side":"S","layer_index":3,"role":"EXT","deal_price":1.12265,"order_price_open":null,"slippage_pips":null,"volume":0.00,"profit":0.00,"swap":0.00,"commission":0.00,"deal_time_broker":"2026-10-06 11:16:17","deal_time_broker_msc":1791285377000,"halted_at_receipt":false,"quarantined_at_receipt":false}
17,-1,1791285378244,ea_event,,{"type":"fill_log","seq":37,"ea_time_ms":96004234,"magic":22260201,"deal_ticket":800000035,"order_ticket":700000035,"position_id":1986183935,"entry_type":"OUT_BY","deal_type":"SELL","side":null,"layer_index":null,"role":null,"deal_price":1.12265,"order_price_open":null,"slippage_pips":null,"volume":0.00,"profit":-3.92,"swap":0.01,"commission":0.00,"deal_time_broker":"2026-10-06 11:16:18","deal_time_broker_msc":1791285378000,"halted_at_receipt":false,"quarantined_at_receipt":false}
17,-1,1791285378244,ea_event,ROLL_FILLED,{"type":"ea_event","seq":38,"ea_time_ms":96004234,"magic":null,"level":"INFO","code":"ROLL_FILLED","reason":null,"ticket":1986183935,"detail":{"ticket":1986183935,"level":1.12368}}
17,-1,1791285378244,ea_event,,{"type":"fill_log","seq":39,"ea_time_ms":96004234,"magic":22260201,"deal_ticket":800000036,"order_ticket":700000035,"position_id":900000018,"entry_type":"OUT_BY","deal_type":"SELL","side":null,"layer_index":null,"role":null,"deal_price":1.11873,"order_price_open":null,"slippage_pips":null,"volume":0.00,"profit":0.00,"swap":0.00,"commission":0.00,"deal_time_broker":"2026-10-06 11:16:18","deal_time_broker_msc":1791285378000,"halted_at_receipt":false,"quarantined_at_receipt":false}
17,-1,1791285378244,scalp,SCALP_CLOSED,{"close_time":"2026-10-06T11:16:18Z","instrument":"EURUSD","direction":"SHORT","entry_price":1.11873,"exit_price":1.12265,"layer_depth":3,"stack_depth":7,"gross_pnl":-3.91,"instance_id":"GRIND_EURUSD_OPTC","ejected":false,"rolled":true,"broker_utc_offset_s":10800,"account_login":53077984}
17,-1,1791286570274,ea_event,,{"type":"fill_log","seq":40,"ea_time_ms":96004265,"magic":22260201,"deal_ticket":800000037,"order_ticket":9030,"position_id":900000019,"entry_type":"IN","deal_type":"SELL","side":"S","layer_index":11,"role":"ENT","deal_price":1.12368,"order_price_open":null,"slippage_pips":null,"volume":0.00,"profit":0.00,"swap":0.00,"commission":0.00,"deal_time_broker":"2026-10-06 11:36:10","deal_time_broker_msc":1791286570000,"halted_at_receipt":false,"quarantined_at_receipt":false}
17,-1,1791286628245,ea_event,,{"type":"fill_log","seq":41,"ea_time_ms":96004265,"magic":22260201,"deal_ticket":800000038,"order_ticket":9031,"position_id":900000020,"entry_type":"IN","deal_type":"BUY","side":"L","layer_index":1,"role":"EXT","deal_price":1.12392,"order_price_open":null,"slippage_pips":null,"volume":0.00,"profit":0.00,"swap":0.00,"commission":0.00,"deal_time_broker":"2026-10-06 11:37:08","deal_time_broker_msc":1791286628000,"halted_at_receipt":false,"quarantined_at_receipt":false}
17,-1,1791286628682,ea_event,,{"type":"fill_log","seq":42,"ea_time_ms":96004265,"magic":22260201,"deal_ticket":800000039,"order_ticket":700000039,"position_id":900000017,"entry_type":"OUT_BY","deal_type":"SELL","side":null,"layer_index":null,"role":null,"deal_price":1.12392,"order_price_open":null,"slippage_pips":null,"volume":0.00,"profit":1.01,"swap":0.00,"commission":0.00,"deal_time_broker":"2026-10-06 11:37:08","deal_time_broker_msc":1791286628000,"halted_at_receipt":false,"quarantined_at_receipt":false}
17,-1,1791286628682,ea_event,,{"type":"fill_log","seq":43,"ea_time_ms":96004265,"magic":22260201,"deal_ticket":800000040,"order_ticket":700000039,"position_id":900000020,"entry_type":"OUT_BY","deal_type":"SELL","side":null,"layer_index":null,"role":null,"deal_price":1.12291,"order_price_open":null,"slippage_pips":null,"volume":0.00,"profit":0.00,"swap":0.00,"commission":0.00,"deal_time_broker":"2026-10-06 11:37:08","deal_time_broker_msc":1791286628000,"halted_at_receipt":false,"quarantined_at_receipt":false}
17,-1,1791286628682,scalp,SCALP_CLOSED,{"close_time":"2026-10-06T11:37:08Z","instrument":"EURUSD","direction":"LONG","entry_price":1.12291,"exit_price":1.12392,"layer_depth":1,"stack_depth":2,"gross_pnl":1.01,"instance_id":"GRIND_EURUSD_OPTC","ejected":false,"rolled":false,"broker_utc_offset_s":10800,"account_login":53077984}
17,-1,1791286862946,ea_event,,{"type":"fill_log","seq":44,"ea_time_ms":96004265,"magic":22260201,"deal_ticket":800000041,"order_ticket":9035,"position_id":900000021,"entry_type":"IN","deal_type":"SELL","side":"S","layer_index":12,"role":"ENT","deal_price":1.12428,"order_price_open":null,"slippage_pips":null,"volume":0.00,"profit":0.00,"swap":0.00,"commission":0.00,"deal_time_broker":"2026-10-06 11:41:02","deal_time_broker_msc":1791286862000,"halted_at_receipt":false,"quarantined_at_receipt":false}
17,-1,1791286878212,ea_event,,{"type":"fill_log","seq":45,"ea_time_ms":96004265,"magic":22260201,"deal_ticket":800000042,"order_ticket":9026,"position_id":900000022,"entry_type":"IN","deal_type":"BUY","side":"L","layer_index":0,"role":"EXT","deal_price":1.12458,"order_price_open":null,"slippage_pips":null,"volume":0.00,"profit":0.00,"swap":0.00,"commission":0.00,"deal_time_broker":"2026-10-06 11:41:18","deal_time_broker_msc":1791286878000,"halted_at_receipt":false,"quarantined_at_receipt":false}
17,-1,1791286878650,ea_event,,{"type":"fill_log","seq":46,"ea_time_ms":96004265,"magic":22260201,"deal_ticket":800000043,"order_ticket":700000043,"position_id":900000015,"entry_type":"OUT_BY","deal_type":"SELL","side":null,"layer_index":null,"role":null,"deal_price":1.12458,"order_price_open":null,"slippage_pips":null,"volume":0.00,"profit":1.07,"swap":0.00,"commission":0.00,"deal_time_broker":"2026-10-06 11:41:18","deal_time_broker_msc":1791286878000,"halted_at_receipt":false,"quarantined_at_receipt":false}
17,-1,1791286878650,ea_event,,{"type":"fill_log","seq":47,"ea_time_ms":96004265,"magic":22260201,"deal_ticket":800000044,"order_ticket":700000043,"position_id":900000022,"entry_type":"OUT_BY","deal_type":"SELL","side":null,"layer_index":null,"role":null,"deal_price":1.12351,"order_price_open":null,"slippage_pips":null,"volume":0.00,"profit":0.00,"swap":0.00,"commission":0.00,"deal_time_broker":"2026-10-06 11:41:18","deal_time_broker_msc":1791286878000,"halted_at_receipt":false,"quarantined_at_receipt":false}
17,-1,1791286878650,scalp,SCALP_CLOSED,{"close_time":"2026-10-06T11:41:18Z","instrument":"EURUSD","direction":"LONG","entry_price":1.12351,"exit_price":1.12458,"layer_depth":0,"stack_depth":1,"gross_pnl":1.07,"instance_id":"GRIND_EURUSD_OPTC","ejected":false,"rolled":false,"broker_utc_offset_s":10800,"account_login":53077984}
17,-1,1791286908645,ea_event,,{"type":"fill_log","seq":48,"ea_time_ms":96004265,"magic":22260201,"deal_ticket":800000045,"order_ticket":9038,"position_id":900000023,"entry_type":"IN","deal_type":"BUY","side":"L","layer_index":0,"role":"ENT","deal_price":1.12435,"order_price_open":null,"slippage_pips":null,"volume":0.00,"profit":0.00,"swap":0.00,"commission":0.00,"deal_time_broker":"2026-10-06 11:41:48","deal_time_broker_msc":1791286908000,"halted_at_receipt":false,"quarantined_at_receipt":false}
17,-1,1791288797283,ea_event,,{"type":"fill_log","seq":49,"ea_time_ms":96004312,"magic":22260201,"deal_ticket":800000046,"order_ticket":9040,"position_id":900000024,"entry_type":"IN","deal_type":"BUY","side":"L","layer_index":1,"role":"ENT","deal_price":1.12374,"order_price_open":null,"slippage_pips":null,"volume":0.00,"profit":0.00,"swap":0.00,"commission":0.00,"deal_time_broker":"2026-10-06 12:13:17","deal_time_broker_msc":1791288797000,"halted_at_receipt":false,"quarantined_at_receipt":false}
17,-1,1791291111880,ea_event,,{"type":"fill_log","seq":50,"ea_time_ms":96004359,"magic":22260201,"deal_ticket":800000047,"order_ticket":9041,"position_id":900000025,"entry_type":"IN","deal_type":"BUY","side":"L","layer_index":1,"role":"EXT","deal_price":1.12478,"order_price_open":null,"slippage_pips":null,"volume":0.00,"profit":0.00,"swap":0.00,"commission":0.00,"deal_time_broker":"2026-10-06 12:51:51","deal_time_broker_msc":1791291111000,"halted_at_receipt":false,"quarantined_at_receipt":false}
17,-1,1791291112312,ea_event,,{"type":"fill_log","seq":51,"ea_time_ms":96004359,"magic":22260201,"deal_ticket":800000048,"order_ticket":700000048,"position_id":900000024,"entry_type":"OUT_BY","deal_type":"SELL","side":null,"layer_index":null,"role":null,"deal_price":1.12478,"order_price_open":null,"slippage_pips":null,"volume":0.00,"profit":1.04,"swap":0.00,"commission":0.00,"deal_time_broker":"2026-10-06 12:51:52","deal_time_broker_msc":1791291112000,"halted_at_receipt":false,"quarantined_at_receipt":false}
17,-1,1791291112312,ea_event,,{"type":"fill_log","seq":52,"ea_time_ms":96004359,"magic":22260201,"deal_ticket":800000049,"order_ticket":700000048,"position_id":900000025,"entry_type":"OUT_BY","deal_type":"SELL","side":null,"layer_index":null,"role":null,"deal_price":1.12374,"order_price_open":null,"slippage_pips":null,"volume":0.00,"profit":0.00,"swap":0.00,"commission":0.00,"deal_time_broker":"2026-10-06 12:51:52","deal_time_broker_msc":1791291112000,"halted_at_receipt":false,"quarantined_at_receipt":false}
17,-1,1791291112312,scalp,SCALP_CLOSED,{"close_time":"2026-10-06T12:51:52Z","instrument":"EURUSD","direction":"LONG","entry_price":1.12374,"exit_price":1.12478,"layer_depth":1,"stack_depth":2,"gross_pnl":1.04,"instance_id":"GRIND_EURUSD_OPTC","ejected":false,"rolled":false,"broker_utc_offset_s":10800,"account_login":53077984}
17,-1,1791295981127,ea_event,ROLL_ACCEPTED,{"type":"ea_event","seq":53,"ea_time_ms":96004468,"magic":null,"level":"INFO","code":"ROLL_ACCEPTED","reason":null,"ticket":1987309445,"detail":{"ticket":1987309445,"side":"S","layer_index":5,"entry":1.11996,"level":1.12488,"target":1.12389,"accrued":0.00001,"clamped":false,"cost":0.00392,"cost_pips":39.2,"rolled":1,"was_ejected":false,"source":"auto","reroll":false,"from_level":0.00000}}
17,-1,1791296132708,ea_event,,{"type":"fill_log","seq":54,"ea_time_ms":96004468,"magic":22260201,"deal_ticket":800000050,"order_ticket":9039,"position_id":900000026,"entry_type":"IN","deal_type":"BUY","side":"L","layer_index":0,"role":"EXT","deal_price":1.12537,"order_price_open":null,"slippage_pips":null,"volume":0.00,"profit":0.00,"swap":0.00,"commission":0.00,"deal_time_broker":"2026-10-06 14:15:32","deal_time_broker_msc":1791296132000,"halted_at_receipt":false,"quarantined_at_receipt":false}
17,-1,1791296133143,ea_event,,{"type":"fill_log","seq":55,"ea_time_ms":96004468,"magic":22260201,"deal_ticket":800000051,"order_ticket":700000051,"position_id":900000023,"entry_type":"OUT_BY","deal_type":"SELL","side":null,"layer_index":null,"role":null,"deal_price":1.12537,"order_price_open":null,"slippage_pips":null,"volume":0.00,"profit":1.02,"swap":0.00,"commission":0.00,"deal_time_broker":"2026-10-06 14:15:33","deal_time_broker_msc":1791296133000,"halted_at_receipt":false,"quarantined_at_receipt":false}
17,-1,1791296133143,ea_event,,{"type":"fill_log","seq":56,"ea_time_ms":96004468,"magic":22260201,"deal_ticket":800000052,"order_ticket":700000051,"position_id":900000026,"entry_type":"OUT_BY","deal_type":"SELL","side":null,"layer_index":null,"role":null,"deal_price":1.12435,"order_price_open":null,"slippage_pips":null,"volume":0.00,"profit":0.00,"swap":0.00,"commission":0.00,"deal_time_broker":"2026-10-06 14:15:33","deal_time_broker_msc":1791296133000,"halted_at_receipt":false,"quarantined_at_receipt":false}
17,-1,1791296133143,scalp,SCALP_CLOSED,{"close_time":"2026-10-06T14:15:33Z","instrument":"EURUSD","direction":"LONG","entry_price":1.12435,"exit_price":1.12537,"layer_depth":0,"stack_depth":1,"gross_pnl":1.02,"instance_id":"GRIND_EURUSD_OPTC","ejected":false,"rolled":false,"broker_utc_offset_s":10800,"account_login":53077984}
17,-1,1791296302069,ea_event,ROLL_ACCEPTED,{"type":"ea_event","seq":57,"ea_time_ms":96004468,"magic":null,"level":"INFO","code":"ROLL_ACCEPTED","reason":null,"ticket":1987529553,"detail":{"ticket":1987529553,"side":"S","layer_index":6,"entry":1.12056,"level":1.12548,"target":1.12449,"accrued":0.00001,"clamped":false,"cost":0.00392,"cost_pips":39.2,"rolled":2,"was_ejected":false,"source":"auto","reroll":false,"from_level":0.00000}}
17,-1,1791296733664,ea_event,ROLL_ACCEPTED,{"type":"ea_event","seq":58,"ea_time_ms":96004484,"magic":null,"level":"INFO","code":"ROLL_ACCEPTED","reason":null,"ticket":1987827917,"detail":{"ticket":1987827917,"side":"S","layer_index":7,"entry":1.12114,"level":1.12608,"target":1.12509,"accrued":0.00001,"clamped":false,"cost":0.00394,"cost_pips":39.4,"rolled":3,"was_ejected":false,"source":"auto","reroll":false,"from_level":0.00000}}
17,-1,1791296790873,ea_event,,{"type":"fill_log","seq":59,"ea_time_ms":96004484,"magic":22260201,"deal_ticket":800000053,"order_ticket":9045,"position_id":900000027,"entry_type":"IN","deal_type":"BUY","side":"L","layer_index":0,"role":"ENT","deal_price":1.12634,"order_price_open":null,"slippage_pips":null,"volume":0.00,"profit":0.00,"swap":0.00,"commission":0.00,"deal_time_broker":"2026-10-06 14:26:30","deal_time_broker_msc":1791296790000,"halted_at_receipt":false,"quarantined_at_receipt":false}
17,-1,1791296859386,ea_event,ROLL_ACCEPTED,{"type":"ea_event","seq":60,"ea_time_ms":96004500,"magic":null,"level":"INFO","code":"ROLL_ACCEPTED","reason":null,"ticket":900000009,"detail":{"ticket":900000009,"side":"S","layer_index":8,"entry":1.12175,"level":1.12668,"target":1.12568,"accrued":0.00000,"clamped":false,"cost":0.00393,"cost_pips":39.3,"rolled":4,"was_ejected":false,"source":"auto","reroll":false,"from_level":0.00000}}
17,-1,1791298984556,ea_event,ROLL_ACCEPTED,{"type":"ea_event","seq":61,"ea_time_ms":96004593,"magic":null,"level":"INFO","code":"ROLL_ACCEPTED","reason":null,"ticket":900000011,"detail":{"ticket":900000011,"side":"S","layer_index":9,"entry":1.12239,"level":1.12728,"target":1.12628,"accrued":0.00000,"clamped":false,"cost":0.00389,"cost_pips":38.9,"rolled":5,"was_ejected":false,"source":"auto","reroll":false,"from_level":0.00000}}
17,-1,1791298987174,ea_event,,{"type":"fill_log","seq":62,"ea_time_ms":96004593,"magic":22260201,"deal_ticket":800000054,"order_ticket":9048,"position_id":900000028,"entry_type":"IN","deal_type":"BUY","side":"L","layer_index":0,"role":"EXT","deal_price":1.12734,"order_price_open":null,"slippage_pips":null,"volume":0.00,"profit":0.00,"swap":0.00,"commission":0.00,"deal_time_broker":"2026-10-06 15:03:04","deal_time_broker_msc":1791298984000,"halted_at_receipt":false,"quarantined_at_receipt":false}
17,-1,1791298987468,ea_event,,{"type":"fill_log","seq":63,"ea_time_ms":96004593,"magic":22260201,"deal_ticket":800000055,"order_ticket":700000055,"position_id":900000027,"entry_type":"OUT_BY","deal_type":"SELL","side":null,"layer_index":null,"role":null,"deal_price":1.12734,"order_price_open":null,"slippage_pips":null,"volume":0.00,"profit":1.00,"swap":0.00,"commission":0.00,"deal_time_broker":"2026-10-06 15:03:07","deal_time_broker_msc":1791298987000,"halted_at_receipt":false,"quarantined_at_receipt":false}
17,-1,1791298987468,ea_event,,{"type":"fill_log","seq":64,"ea_time_ms":96004593,"magic":22260201,"deal_ticket":800000056,"order_ticket":700000055,"position_id":900000028,"entry_type":"OUT_BY","deal_type":"SELL","side":null,"layer_index":null,"role":null,"deal_price":1.12634,"order_price_open":null,"slippage_pips":null,"volume":0.00,"profit":0.00,"swap":0.00,"commission":0.00,"deal_time_broker":"2026-10-06 15:03:07","deal_time_broker_msc":1791298987000,"halted_at_receipt":false,"quarantined_at_receipt":false}
17,-1,1791298987468,scalp,SCALP_CLOSED,{"close_time":"2026-10-06T15:03:07Z","instrument":"EURUSD","direction":"LONG","entry_price":1.12634,"exit_price":1.12734,"layer_depth":0,"stack_depth":1,"gross_pnl":1.00,"instance_id":"GRIND_EURUSD_OPTC","ejected":false,"rolled":false,"broker_utc_offset_s":10800,"account_login":53077984}
17,-1,1791299116584,ea_event,,{"type":"fill_log","seq":65,"ea_time_ms":96004593,"magic":22260201,"deal_ticket":800000057,"order_ticket":9052,"position_id":900000029,"entry_type":"IN","deal_type":"BUY","side":"L","layer_index":0,"role":"ENT","deal_price":1.12739,"order_price_open":null,"slippage_pips":null,"volume":0.00,"profit":0.00,"swap":0.00,"commission":0.00,"deal_time_broker":"2026-10-06 15:05:16","deal_time_broker_msc":1791299116000,"halted_at_receipt":false,"quarantined_at_receipt":false}
17,-1,1791299189819,ea_event,,{"type":"fill_log","seq":66,"ea_time_ms":96004609,"magic":22260201,"deal_ticket":800000058,"order_ticket":9054,"position_id":900000030,"entry_type":"IN","deal_type":"BUY","side":"L","layer_index":1,"role":"ENT","deal_price":1.12676,"order_price_open":null,"slippage_pips":null,"volume":0.00,"profit":0.00,"swap":0.00,"commission":0.00,"deal_time_broker":"2026-10-06 15:06:29","deal_time_broker_msc":1791299189000,"halted_at_receipt":false,"quarantined_at_receipt":false}
17,-1,1791300556569,ea_event,,{"type":"fill_log","seq":67,"ea_time_ms":96004671,"magic":22260201,"deal_ticket":800000059,"order_ticket":9050,"position_id":900000031,"entry_type":"IN","deal_type":"SELL","side":"S","layer_index":9,"role":"EXT","deal_price":1.12628,"order_price_open":null,"slippage_pips":null,"volume":0.00,"profit":0.00,"swap":0.00,"commission":0.00,"deal_time_broker":"2026-10-06 15:29:16","deal_time_broker_msc":1791300556000,"halted_at_receipt":false,"quarantined_at_receipt":false}
17,-1,1791300557009,ea_event,,{"type":"fill_log","seq":68,"ea_time_ms":96004671,"magic":22260201,"deal_ticket":800000060,"order_ticket":700000060,"position_id":900000011,"entry_type":"OUT_BY","deal_type":"SELL","side":null,"layer_index":null,"role":null,"deal_price":1.12628,"order_price_open":null,"slippage_pips":null,"volume":0.00,"profit":-3.89,"swap":0.00,"commission":0.00,"deal_time_broker":"2026-10-06 15:29:17","deal_time_broker_msc":1791300557000,"halted_at_receipt":false,"quarantined_at_receipt":false}
17,-1,1791300557009,ea_event,ROLL_FILLED,{"type":"ea_event","seq":69,"ea_time_ms":96004671,"magic":null,"level":"INFO","code":"ROLL_FILLED","reason":null,"ticket":900000011,"detail":{"ticket":900000011,"level":1.12728}}
17,-1,1791300557009,ea_event,,{"type":"fill_log","seq":70,"ea_time_ms":96004671,"magic":22260201,"deal_ticket":800000061,"order_ticket":700000060,"position_id":900000031,"entry_type":"OUT_BY","deal_type":"SELL","side":null,"layer_index":null,"role":null,"deal_price":1.12239,"order_price_open":null,"slippage_pips":null,"volume":0.00,"profit":0.00,"swap":0.00,"commission":0.00,"deal_time_broker":"2026-10-06 15:29:17","deal_time_broker_msc":1791300557000,"halted_at_receipt":false,"quarantined_at_receipt":false}
17,-1,1791300557009,scalp,SCALP_CLOSED,{"close_time":"2026-10-06T15:29:17Z","instrument":"EURUSD","direction":"SHORT","entry_price":1.12239,"exit_price":1.12628,"layer_depth":9,"stack_depth":8,"gross_pnl":-3.89,"instance_id":"GRIND_EURUSD_OPTC","ejected":false,"rolled":true,"broker_utc_offset_s":10800,"account_login":53077984}
17,-1,1791301324236,ea_event,,{"type":"fill_log","seq":71,"ea_time_ms":96004687,"magic":22260201,"deal_ticket":800000062,"order_ticket":9056,"position_id":900000032,"entry_type":"IN","deal_type":"BUY","side":"L","layer_index":2,"role":"ENT","deal_price":1.12613,"order_price_open":null,"slippage_pips":null,"volume":0.00,"profit":0.00,"swap":0.00,"commission":0.00,"deal_time_broker":"2026-10-06 15:42:04","deal_time_broker_msc":1791301324000,"halted_at_receipt":false,"quarantined_at_receipt":false}
17,-1,1791301992539,ea_event,,{"type":"fill_log","seq":72,"ea_time_ms":96004718,"magic":22260201,"deal_ticket":800000063,"order_ticket":9057,"position_id":900000033,"entry_type":"IN","deal_type":"SELL","side":"S","layer_index":8,"role":"EXT","deal_price":1.12570,"order_price_open":null,"slippage_pips":null,"volume":0.00,"profit":0.00,"swap":0.00,"commission":0.00,"deal_time_broker":"2026-10-06 15:53:12","deal_time_broker_msc":1791301992000,"halted_at_receipt":false,"quarantined_at_receipt":false}
17,-1,1791301992974,ea_event,,{"type":"fill_log","seq":73,"ea_time_ms":96004718,"magic":22260201,"deal_ticket":800000064,"order_ticket":700000064,"position_id":900000009,"entry_type":"OUT_BY","deal_type":"SELL","side":null,"layer_index":null,"role":null,"deal_price":1.12570,"order_price_open":null,"slippage_pips":null,"volume":0.00,"profit":-3.95,"swap":0.00,"commission":0.00,"deal_time_broker":"2026-10-06 15:53:12","deal_time_broker_msc":1791301992000,"halted_at_receipt":false,"quarantined_at_receipt":false}
17,-1,1791301992974,ea_event,ROLL_FILLED,{"type":"ea_event","seq":74,"ea_time_ms":96004718,"magic":null,"level":"INFO","code":"ROLL_FILLED","reason":null,"ticket":900000009,"detail":{"ticket":900000009,"level":1.12668}}
17,-1,1791301992974,ea_event,,{"type":"fill_log","seq":75,"ea_time_ms":96004718,"magic":22260201,"deal_ticket":800000065,"order_ticket":700000064,"position_id":900000033,"entry_type":"OUT_BY","deal_type":"SELL","side":null,"layer_index":null,"role":null,"deal_price":1.12175,"order_price_open":null,"slippage_pips":null,"volume":0.00,"profit":0.00,"swap":0.00,"commission":0.00,"deal_time_broker":"2026-10-06 15:53:12","deal_time_broker_msc":1791301992000,"halted_at_receipt":false,"quarantined_at_receipt":false}
17,-1,1791301992974,scalp,SCALP_CLOSED,{"close_time":"2026-10-06T15:53:12Z","instrument":"EURUSD","direction":"SHORT","entry_price":1.12175,"exit_price":1.12570,"layer_depth":8,"stack_depth":7,"gross_pnl":-3.95,"instance_id":"GRIND_EURUSD_OPTC","ejected":false,"rolled":true,"broker_utc_offset_s":10800,"account_login":53077984}
17,-1,1791303809149,ea_event,,{"type":"fill_log","seq":76,"ea_time_ms":96004781,"magic":22260201,"deal_ticket":800000066,"order_ticket":9060,"position_id":900000034,"entry_type":"IN","deal_type":"BUY","side":"L","layer_index":3,"role":"ENT","deal_price":1.12553,"order_price_open":null,"slippage_pips":null,"volume":0.00,"profit":0.00,"swap":0.00,"commission":0.00,"deal_time_broker":"2026-10-06 16:23:29","deal_time_broker_msc":1791303809000,"halted_at_receipt":false,"quarantined_at_receipt":false}
17,-1,1791304717412,ea_event,,{"type":"fill_log","seq":77,"ea_time_ms":96004812,"magic":22260201,"deal_ticket":800000067,"order_ticket":9061,"position_id":900000035,"entry_type":"IN","deal_type":"SELL","side":"S","layer_index":7,"role":"EXT","deal_price":1.12511,"order_price_open":null,"slippage_pips":null,"volume":0.00,"profit":0.00,"swap":0.00,"commission":0.00,"deal_time_broker":"2026-10-06 16:38:37","deal_time_broker_msc":1791304717000,"halted_at_receipt":false,"quarantined_at_receipt":false}
17,-1,1791304718251,ea_event,,{"type":"fill_log","seq":78,"ea_time_ms":96004812,"magic":22260201,"deal_ticket":800000068,"order_ticket":700000068,"position_id":1987827917,"entry_type":"OUT_BY","deal_type":"SELL","side":null,"layer_index":null,"role":null,"deal_price":1.12511,"order_price_open":null,"slippage_pips":null,"volume":0.00,"profit":-3.97,"swap":0.01,"commission":0.00,"deal_time_broker":"2026-10-06 16:38:38","deal_time_broker_msc":1791304718000,"halted_at_receipt":false,"quarantined_at_receipt":false}
17,-1,1791304718251,ea_event,ROLL_FILLED,{"type":"ea_event","seq":79,"ea_time_ms":96004812,"magic":null,"level":"INFO","code":"ROLL_FILLED","reason":null,"ticket":1987827917,"detail":{"ticket":1987827917,"level":1.12608}}
17,-1,1791304718251,ea_event,,{"type":"fill_log","seq":80,"ea_time_ms":96004812,"magic":22260201,"deal_ticket":800000069,"order_ticket":700000068,"position_id":900000035,"entry_type":"OUT_BY","deal_type":"SELL","side":null,"layer_index":null,"role":null,"deal_price":1.12114,"order_price_open":null,"slippage_pips":null,"volume":0.00,"profit":0.00,"swap":0.00,"commission":0.00,"deal_time_broker":"2026-10-06 16:38:38","deal_time_broker_msc":1791304718000,"halted_at_receipt":false,"quarantined_at_receipt":false}
17,-1,1791304718251,scalp,SCALP_CLOSED,{"close_time":"2026-10-06T16:38:38Z","instrument":"EURUSD","direction":"SHORT","entry_price":1.12114,"exit_price":1.12511,"layer_depth":7,"stack_depth":6,"gross_pnl":-3.96,"instance_id":"GRIND_EURUSD_OPTC","ejected":false,"rolled":true,"broker_utc_offset_s":10800,"account_login":53077984}
17,-1,1791304768428,ea_event,,{"type":"fill_log","seq":81,"ea_time_ms":96004812,"magic":22260201,"deal_ticket":800000070,"order_ticket":9063,"position_id":900000036,"entry_type":"IN","deal_type":"BUY","side":"L","layer_index":4,"role":"ENT","deal_price":1.12494,"order_price_open":null,"slippage_pips":null,"volume":0.00,"profit":0.00,"swap":0.00,"commission":0.00,"deal_time_broker":"2026-10-06 16:39:28","deal_time_broker_msc":1791304768000,"halted_at_receipt":false,"quarantined_at_receipt":false}
17,-1,1791308545429,ea_event,,{"type":"fill_log","seq":82,"ea_time_ms":96004937,"magic":22260201,"deal_ticket":800000071,"order_ticket":9064,"position_id":900000037,"entry_type":"IN","deal_type":"SELL","side":"S","layer_index":6,"role":"EXT","deal_price":1.12448,"order_price_open":null,"slippage_pips":null,"volume":0.00,"profit":0.00,"swap":0.00,"commission":0.00,"deal_time_broker":"2026-10-06 17:42:25","deal_time_broker_msc":1791308545000,"halted_at_receipt":false,"quarantined_at_receipt":false}
17,-1,1791308546074,ea_event,,{"type":"fill_log","seq":83,"ea_time_ms":96004937,"magic":22260201,"deal_ticket":800000072,"order_ticket":700000072,"position_id":1987529553,"entry_type":"OUT_BY","deal_type":"SELL","side":null,"layer_index":null,"role":null,"deal_price":1.12448,"order_price_open":null,"slippage_pips":null,"volume":0.00,"profit":-3.92,"swap":0.01,"commission":0.00,"deal_time_broker":"2026-10-06 17:42:26","deal_time_broker_msc":1791308546000,"halted_at_receipt":false,"quarantined_at_receipt":false}
17,-1,1791308546074,ea_event,ROLL_FILLED,{"type":"ea_event","seq":84,"ea_time_ms":96004937,"magic":null,"level":"INFO","code":"ROLL_FILLED","reason":null,"ticket":1987529553,"detail":{"ticket":1987529553,"level":1.12548}}
17,-1,1791308546074,ea_event,,{"type":"fill_log","seq":85,"ea_time_ms":96004937,"magic":22260201,"deal_ticket":800000073,"order_ticket":700000072,"position_id":900000037,"entry_type":"OUT_BY","deal_type":"SELL","side":null,"layer_index":null,"role":null,"deal_price":1.12056,"order_price_open":null,"slippage_pips":null,"volume":0.00,"profit":0.00,"swap":0.00,"commission":0.00,"deal_time_broker":"2026-10-06 17:42:26","deal_time_broker_msc":1791308546000,"halted_at_receipt":false,"quarantined_at_receipt":false}
17,-1,1791308546074,scalp,SCALP_CLOSED,{"close_time":"2026-10-06T17:42:26Z","instrument":"EURUSD","direction":"SHORT","entry_price":1.12056,"exit_price":1.12448,"layer_depth":6,"stack_depth":5,"gross_pnl":-3.91,"instance_id":"GRIND_EURUSD_OPTC","ejected":false,"rolled":true,"broker_utc_offset_s":10800,"account_login":53077984}
17,-1,1791309133549,ea_event,,{"type":"fill_log","seq":86,"ea_time_ms":96004953,"magic":22260201,"deal_ticket":800000074,"order_ticket":9058,"position_id":900000038,"entry_type":"IN","deal_type":"SELL","side":"S","layer_index":13,"role":"ENT","deal_price":1.12549,"order_price_open":null,"slippage_pips":null,"volume":0.00,"profit":0.00,"swap":0.00,"commission":0.00,"deal_time_broker":"2026-10-06 17:52:13","deal_time_broker_msc":1791309133000,"halted_at_receipt":false,"quarantined_at_receipt":false}
17,-1,1791310001526,ea_event,,{"type":"fill_log","seq":87,"ea_time_ms":96004984,"magic":22260201,"deal_ticket":800000075,"order_ticket":9065,"position_id":900000039,"entry_type":"IN","deal_type":"BUY","side":"L","layer_index":4,"role":"EXT","deal_price":1.12596,"order_price_open":null,"slippage_pips":null,"volume":0.00,"profit":0.00,"swap":0.00,"commission":0.00,"deal_time_broker":"2026-10-06 18:06:41","deal_time_broker_msc":1791310001000,"halted_at_receipt":false,"quarantined_at_receipt":false}
17,-1,1791310005381,ea_event,,{"type":"fill_log","seq":88,"ea_time_ms":96004984,"magic":22260201,"deal_ticket":800000076,"order_ticket":700000076,"position_id":900000036,"entry_type":"OUT_BY","deal_type":"SELL","side":null,"layer_index":null,"role":null,"deal_price":1.12596,"order_price_open":null,"slippage_pips":null,"volume":0.00,"profit":1.02,"swap":0.00,"commission":0.00,"deal_time_broker":"2026-10-06 18:06:45","deal_time_broker_msc":1791310005000,"halted_at_receipt":false,"quarantined_at_receipt":false}
17,-1,1791310005381,ea_event,,{"type":"fill_log","seq":89,"ea_time_ms":96004984,"magic":22260201,"deal_ticket":800000077,"order_ticket":700000076,"position_id":900000039,"entry_type":"OUT_BY","deal_type":"SELL","side":null,"layer_index":null,"role":null,"deal_price":1.12494,"order_price_open":null,"slippage_pips":null,"volume":0.00,"profit":0.00,"swap":0.00,"commission":0.00,"deal_time_broker":"2026-10-06 18:06:45","deal_time_broker_msc":1791310005000,"halted_at_receipt":false,"quarantined_at_receipt":false}
17,-1,1791310005381,scalp,SCALP_CLOSED,{"close_time":"2026-10-06T18:06:45Z","instrument":"EURUSD","direction":"LONG","entry_price":1.12494,"exit_price":1.12596,"layer_depth":4,"stack_depth":5,"gross_pnl":1.02,"instance_id":"GRIND_EURUSD_OPTC","ejected":false,"rolled":false,"broker_utc_offset_s":10800,"account_login":53077984}
17,-1,1791310464422,ea_event,,{"type":"fill_log","seq":90,"ea_time_ms":96005000,"magic":22260201,"deal_ticket":800000078,"order_ticket":9069,"position_id":900000040,"entry_type":"IN","deal_type":"SELL","side":"S","layer_index":14,"role":"ENT","deal_price":1.12609,"order_price_open":null,"slippage_pips":null,"volume":0.00,"profit":0.00,"swap":0.00,"commission":0.00,"deal_time_broker":"2026-10-06 18:14:24","deal_time_broker_msc":1791310464000,"halted_at_receipt":false,"quarantined_at_receipt":false}
17,-1,1791311102255,ea_event,,{"type":"fill_log","seq":91,"ea_time_ms":96005031,"magic":22260201,"deal_ticket":800000079,"order_ticket":9070,"position_id":900000041,"entry_type":"IN","deal_type":"BUY","side":"L","layer_index":3,"role":"EXT","deal_price":1.12658,"order_price_open":null,"slippage_pips":null,"volume":0.00,"profit":0.00,"swap":0.00,"commission":0.00,"deal_time_broker":"2026-10-06 18:25:02","deal_time_broker_msc":1791311102000,"halted_at_receipt":false,"quarantined_at_receipt":false}
17,-1,1791311104098,ea_event,,{"type":"fill_log","seq":92,"ea_time_ms":96005031,"magic":22260201,"deal_ticket":800000080,"order_ticket":700000080,"position_id":900000034,"entry_type":"OUT_BY","deal_type":"SELL","side":null,"layer_index":null,"role":null,"deal_price":1.12658,"order_price_open":null,"slippage_pips":null,"volume":0.00,"profit":1.05,"swap":0.00,"commission":0.00,"deal_time_broker":"2026-10-06 18:25:04","deal_time_broker_msc":1791311104000,"halted_at_receipt":false,"quarantined_at_receipt":false}
17,-1,1791311104098,ea_event,,{"type":"fill_log","seq":93,"ea_time_ms":96005031,"magic":22260201,"deal_ticket":800000081,"order_ticket":700000080,"position_id":900000041,"entry_type":"OUT_BY","deal_type":"SELL","side":null,"layer_index":null,"role":null,"deal_price":1.12553,"order_price_open":null,"slippage_pips":null,"volume":0.00,"profit":0.00,"swap":0.00,"commission":0.00,"deal_time_broker":"2026-10-06 18:25:04","deal_time_broker_msc":1791311104000,"halted_at_receipt":false,"quarantined_at_receipt":false}
17,-1,1791311104098,scalp,SCALP_CLOSED,{"close_time":"2026-10-06T18:25:04Z","instrument":"EURUSD","direction":"LONG","entry_price":1.12553,"exit_price":1.12658,"layer_depth":3,"stack_depth":4,"gross_pnl":1.05,"instance_id":"GRIND_EURUSD_OPTC","ejected":false,"rolled":false,"broker_utc_offset_s":10800,"account_login":53077984}
17,-1,1791311611409,ea_event,,{"type":"fill_log","seq":94,"ea_time_ms":96005031,"magic":22260201,"deal_ticket":800000082,"order_ticket":9073,"position_id":900000042,"entry_type":"IN","deal_type":"SELL","side":"S","layer_index":15,"role":"ENT","deal_price":1.12668,"order_price_open":null,"slippage_pips":null,"volume":0.00,"profit":0.00,"swap":0.00,"commission":0.00,"deal_time_broker":"2026-10-06 18:33:31","deal_time_broker_msc":1791311611000,"halted_at_receipt":false,"quarantined_at_receipt":false}
17,-1,1791313904266,ea_event,,{"type":"fill_log","seq":95,"ea_time_ms":96005093,"magic":22260201,"deal_ticket":800000083,"order_ticket":9076,"position_id":900000043,"entry_type":"IN","deal_type":"SELL","side":"S","layer_index":15,"role":"EXT","deal_price":1.12568,"order_price_open":null,"slippage_pips":null,"volume":0.00,"profit":0.00,"swap":0.00,"commission":0.00,"deal_time_broker":"2026-10-06 19:11:44","deal_time_broker_msc":1791313904000,"halted_at_receipt":false,"quarantined_at_receipt":false}
17,-1,1791313905501,ea_event,,{"type":"fill_log","seq":96,"ea_time_ms":96005093,"magic":22260201,"deal_ticket":800000084,"order_ticket":700000084,"position_id":900000042,"entry_type":"OUT_BY","deal_type":"SELL","side":null,"layer_index":null,"role":null,"deal_price":1.12568,"order_price_open":null,"slippage_pips":null,"volume":0.00,"profit":1.00,"swap":0.00,"commission":0.00,"deal_time_broker":"2026-10-06 19:11:45","deal_time_broker_msc":1791313905000,"halted_at_receipt":false,"quarantined_at_receipt":false}
17,-1,1791313905501,ea_event,,{"type":"fill_log","seq":97,"ea_time_ms":96005093,"magic":22260201,"deal_ticket":800000085,"order_ticket":700000084,"position_id":900000043,"entry_type":"OUT_BY","deal_type":"SELL","side":null,"layer_index":null,"role":null,"deal_price":1.12668,"order_price_open":null,"slippage_pips":null,"volume":0.00,"profit":0.00,"swap":0.00,"commission":0.00,"deal_time_broker":"2026-10-06 19:11:45","deal_time_broker_msc":1791313905000,"halted_at_receipt":false,"quarantined_at_receipt":false}
17,-1,1791313905501,scalp,SCALP_CLOSED,{"close_time":"2026-10-06T19:11:45Z","instrument":"EURUSD","direction":"SHORT","entry_price":1.12668,"exit_price":1.12568,"layer_depth":15,"stack_depth":7,"gross_pnl":1.00,"instance_id":"GRIND_EURUSD_OPTC","ejected":false,"rolled":false,"broker_utc_offset_s":10800,"account_login":53077984}
17,-1,1791315464176,ea_event,,{"type":"fill_log","seq":98,"ea_time_ms":96005125,"magic":22260201,"deal_ticket":800000086,"order_ticket":9075,"position_id":900000044,"entry_type":"IN","deal_type":"BUY","side":"L","layer_index":3,"role":"ENT","deal_price":1.12552,"order_price_open":null,"slippage_pips":null,"volume":0.00,"profit":0.00,"swap":0.00,"commission":0.00,"deal_time_broker":"2026-10-06 19:37:44","deal_time_broker_msc":1791315464000,"halted_at_receipt":false,"quarantined_at_receipt":false}
17,-1,1791320972955,ea_event,,{"type":"fill_log","seq":99,"ea_time_ms":96005218,"magic":22260201,"deal_ticket":800000087,"order_ticket":9080,"position_id":900000045,"entry_type":"IN","deal_type":"BUY","side":"L","layer_index":3,"role":"EXT","deal_price":1.12652,"order_price_open":null,"slippage_pips":null,"volume":0.00,"profit":0.00,"swap":0.00,"commission":0.00,"deal_time_broker":"2026-10-06 21:09:32","deal_time_broker_msc":1791320972000,"halted_at_receipt":false,"quarantined_at_receipt":false}
17,-1,1791320978222,ea_event,,{"type":"fill_log","seq":100,"ea_time_ms":96005218,"magic":22260201,"deal_ticket":800000088,"order_ticket":700000088,"position_id":900000044,"entry_type":"OUT_BY","deal_type":"SELL","side":null,"layer_index":null,"role":null,"deal_price":1.12652,"order_price_open":null,"slippage_pips":null,"volume":0.00,"profit":1.00,"swap":0.00,"commission":0.00,"deal_time_broker":"2026-10-06 21:09:38","deal_time_broker_msc":1791320978000,"halted_at_receipt":false,"quarantined_at_receipt":false}
17,-1,1791320978222,ea_event,,{"type":"fill_log","seq":101,"ea_time_ms":96005218,"magic":22260201,"deal_ticket":800000089,"order_ticket":700000088,"position_id":900000045,"entry_type":"OUT_BY","deal_type":"SELL","side":null,"layer_index":null,"role":null,"deal_price":1.12552,"order_price_open":null,"slippage_pips":null,"volume":0.00,"profit":0.00,"swap":0.00,"commission":0.00,"deal_time_broker":"2026-10-06 21:09:38","deal_time_broker_msc":1791320978000,"halted_at_receipt":false,"quarantined_at_receipt":false}
17,-1,1791320978222,scalp,SCALP_CLOSED,{"close_time":"2026-10-06T21:09:38Z","instrument":"EURUSD","direction":"LONG","entry_price":1.12552,"exit_price":1.12652,"layer_depth":3,"stack_depth":4,"gross_pnl":1.00,"instance_id":"GRIND_EURUSD_OPTC","ejected":false,"rolled":false,"broker_utc_offset_s":10800,"account_login":53077984}
17,-1,1791330612000,ea_event,CARRY_SNAPSHOT,{"type":"ea_event","seq":102,"ea_time_ms":96005343,"magic":null,"level":"INFO","code":"CARRY_SNAPSHOT","reason":"EURUSD","ticket":null,"detail":{"symbol":"EURUSD","swap_mode":1,"swap_long":-7.9900,"swap_short":1.3100,"multiplier":1,"day_of_week":2,"rollover3days":3,"digits":5,"point":0.00001000,"tick_value":1.00000000,"tick_size":0.00001000,"stops_level":0,"freeze_level":0,"long_pips":-0.799,"short_pips":0.131,"eligible_long":3,"eligible_short":6,"trade_mode_full":true,"mult_today":1,"mult_tomorrow":3,"accrued_swap_long":0.00,"accrued_swap_short":0.00}}
17,-1,1791330612000,ea_event,CARRY_EXIT_SHIFT,{"type":"ea_event","seq":103,"ea_time_ms":96005343,"magic":null,"level":"INFO","code":"CARRY_EXIT_SHIFT","reason":"EURUSD","ticket":null,"detail":{"position_ticket":900000029,"side":"long","layer_index":0,"accrued_ledger_pips":0.000,"pending_pips":-2.397,"accrued_pips_total":-2.397,"old_price":1.12839,"new_price":1.12863,"clamped":false,"sign_guard_skipped":false,"retcode":10009,"points_native_pips":-0.799}}
17,-1,1791330672000,ea_event,CARRY_EXIT_SHIFT,{"type":"ea_event","seq":104,"ea_time_ms":96005343,"magic":null,"level":"INFO","code":"CARRY_EXIT_SHIFT","reason":"EURUSD","ticket":null,"detail":{"position_ticket":900000032,"side":"long","layer_index":2,"accrued_ledger_pips":0.000,"pending_pips":-2.397,"accrued_pips_total":-2.397,"old_price":1.12713,"new_price":1.12737,"clamped":false,"sign_guard_skipped":false,"retcode":10009,"points_native_pips":-0.799}}
17,-1,1791330732000,ea_event,CARRY_EXIT_SHIFT,{"type":"ea_event","seq":105,"ea_time_ms":96005343,"magic":null,"level":"INFO","code":"CARRY_EXIT_SHIFT","reason":"EURUSD","ticket":null,"detail":{"position_ticket":900000013,"side":"short","layer_index":10,"accrued_ledger_pips":0.000,"pending_pips":0.393,"accrued_pips_total":0.393,"old_price":1.12208,"new_price":1.12212,"clamped":false,"sign_guard_skipped":false,"retcode":10009,"points_native_pips":0.131}}
17,-1,1791330852000,ea_event,CARRY_EXIT_SHIFT,{"type":"ea_event","seq":106,"ea_time_ms":96005343,"magic":null,"level":"INFO","code":"CARRY_EXIT_SHIFT","reason":"EURUSD","ticket":null,"detail":{"position_ticket":900000040,"side":"short","layer_index":14,"accrued_ledger_pips":0.000,"pending_pips":0.393,"accrued_pips_total":0.393,"old_price":1.12509,"new_price":1.12513,"clamped":false,"sign_guard_skipped":false,"retcode":10009,"points_native_pips":0.131}}
17,-1,1791330852000,ea_event,CARRY_PASS_SUMMARY,{"type":"ea_event","seq":107,"ea_time_ms":96005343,"magic":null,"level":"INFO","code":"CARRY_PASS_SUMMARY","reason":"EURUSD","ticket":null,"detail":{"eligible":9,"shifted":4,"clamped":0,"skipped":0,"failed":0,"incomplete":false}}
17,-1,1791340094571,ea_event,,{"type":"fill_log","seq":108,"ea_time_ms":96005406,"magic":22260201,"deal_ticket":800000090,"order_ticket":9083,"position_id":900000046,"entry_type":"IN","deal_type":"BUY","side":"L","layer_index":3,"role":"ENT","deal_price":1.12554,"order_price_open":null,"slippage_pips":null,"volume":0.00,"profit":0.00,"swap":0.00,"commission":0.00,"deal_time_broker":"2026-10-07 02:28:14","deal_time_broker_msc":1791340094000,"halted_at_receipt":false,"quarantined_at_receipt":false}
17,-1,1791342022775,ea_event,,{"type":"fill_log","seq":109,"ea_time_ms":96005421,"magic":22260201,"deal_ticket":800000091,"order_ticket":9078,"position_id":900000047,"entry_type":"IN","deal_type":"SELL","side":"S","layer_index":14,"role":"EXT","deal_price":1.12514,"order_price_open":null,"slippage_pips":null,"volume":0.00,"profit":0.00,"swap":0.00,"commission":0.00,"deal_time_broker":"2026-10-07 03:00:22","deal_time_broker_msc":1791342022000,"halted_at_receipt":false,"quarantined_at_receipt":false}
17,-1,1791342025222,ea_event,,{"type":"fill_log","seq":110,"ea_time_ms":96005421,"magic":22260201,"deal_ticket":800000092,"order_ticket":700000092,"position_id":900000040,"entry_type":"OUT_BY","deal_type":"SELL","side":null,"layer_index":null,"role":null,"deal_price":1.12514,"order_price_open":null,"slippage_pips":null,"volume":0.00,"profit":0.95,"swap":0.01,"commission":0.00,"deal_time_broker":"2026-10-07 03:00:25","deal_time_broker_msc":1791342025000,"halted_at_receipt":false,"quarantined_at_receipt":false}
17,-1,1791342025222,ea_event,,{"type":"fill_log","seq":111,"ea_time_ms":96005421,"magic":22260201,"deal_ticket":800000093,"order_ticket":700000092,"position_id":900000047,"entry_type":"OUT_BY","deal_type":"SELL","side":null,"layer_index":null,"role":null,"deal_price":1.12609,"order_price_open":null,"slippage_pips":null,"volume":0.00,"profit":0.00,"swap":0.00,"commission":0.00,"deal_time_broker":"2026-10-07 03:00:25","deal_time_broker_msc":1791342025000,"halted_at_receipt":false,"quarantined_at_receipt":false}
17,-1,1791342025222,scalp,SCALP_CLOSED,{"close_time":"2026-10-07T03:00:25Z","instrument":"EURUSD","direction":"SHORT","entry_price":1.12609,"exit_price":1.12514,"layer_depth":14,"stack_depth":6,"gross_pnl":0.96,"instance_id":"GRIND_EURUSD_OPTC","ejected":false,"rolled":false,"broker_utc_offset_s":10800,"account_login":53077984}
17,-1,1791343878421,ea_event,,{"type":"fill_log","seq":112,"ea_time_ms":96005453,"magic":22260201,"deal_ticket":800000094,"order_ticket":9085,"position_id":900000048,"entry_type":"IN","deal_type":"BUY","side":"L","layer_index":4,"role":"ENT","deal_price":1.12495,"order_price_open":null,"slippage_pips":null,"volume":0.00,"profit":0.00,"swap":0.00,"commission":0.00,"deal_time_broker":"2026-10-07 03:31:18","deal_time_broker_msc":1791343878000,"halted_at_receipt":false,"quarantined_at_receipt":false}
17,-1,1791346075148,ea_event,,{"type":"fill_log","seq":113,"ea_time_ms":96005500,"magic":22260201,"deal_ticket":800000095,"order_ticket":9086,"position_id":900000049,"entry_type":"IN","deal_type":"SELL","side":"S","layer_index":13,"role":"EXT","deal_price":1.12454,"order_price_open":null,"slippage_pips":null,"volume":0.00,"profit":0.00,"swap":0.00,"commission":0.00,"deal_time_broker":"2026-10-07 04:07:55","deal_time_broker_msc":1791346075000,"halted_at_receipt":false,"quarantined_at_receipt":false}
17,-1,1791346080399,ea_event,,{"type":"fill_log","seq":114,"ea_time_ms":96005500,"magic":22260201,"deal_ticket":800000096,"order_ticket":700000096,"position_id":900000038,"entry_type":"OUT_BY","deal_type":"SELL","side":null,"layer_index":null,"role":null,"deal_price":1.12454,"order_price_open":null,"slippage_pips":null,"volume":0.00,"profit":0.95,"swap":0.01,"commission":0.00,"deal_time_broker":"2026-10-07 04:08:00","deal_time_broker_msc":1791346080000,"halted_at_receipt":false,"quarantined_at_receipt":false}
17,-1,1791346080399,ea_event,,{"type":"fill_log","seq":115,"ea_time_ms":96005500,"magic":22260201,"deal_ticket":800000097,"order_ticket":700000096,"position_id":900000049,"entry_type":"OUT_BY","deal_type":"SELL","side":null,"layer_index":null,"role":null,"deal_price":1.12549,"order_price_open":null,"slippage_pips":null,"volume":0.00,"profit":0.00,"swap":0.00,"commission":0.00,"deal_time_broker":"2026-10-07 04:08:00","deal_time_broker_msc":1791346080000,"halted_at_receipt":false,"quarantined_at_receipt":false}
17,-1,1791346080399,scalp,SCALP_CLOSED,{"close_time":"2026-10-07T04:08:00Z","instrument":"EURUSD","direction":"SHORT","entry_price":1.12549,"exit_price":1.12454,"layer_depth":13,"stack_depth":5,"gross_pnl":0.96,"instance_id":"GRIND_EURUSD_OPTC","ejected":false,"rolled":false,"broker_utc_offset_s":10800,"account_login":53077984}
17,-1,1791346888885,ea_event,,{"type":"fill_log","seq":116,"ea_time_ms":96005515,"magic":22260201,"deal_ticket":800000098,"order_ticket":9089,"position_id":900000050,"entry_type":"IN","deal_type":"BUY","side":"L","layer_index":5,"role":"ENT","deal_price":1.12435,"order_price_open":null,"slippage_pips":null,"volume":0.00,"profit":0.00,"swap":0.00,"commission":0.00,"deal_time_broker":"2026-10-07 04:21:28","deal_time_broker_msc":1791346888000,"halted_at_receipt":false,"quarantined_at_receipt":false}
17,-1,1791348872223,ea_event,,{"type":"fill_log","seq":117,"ea_time_ms":96005546,"magic":22260201,"deal_ticket":800000099,"order_ticket":9090,"position_id":900000051,"entry_type":"IN","deal_type":"SELL","side":"S","layer_index":5,"role":"EXT","deal_price":1.12391,"order_price_open":null,"slippage_pips":null,"volume":0.00,"profit":0.00,"swap":0.00,"commission":0.00,"deal_time_broker":"2026-10-07 04:54:32","deal_time_broker_msc":1791348872000,"halted_at_receipt":false,"quarantined_at_receipt":false}
17,-1,1791348873062,ea_event,,{"type":"fill_log","seq":118,"ea_time_ms":96005546,"magic":22260201,"deal_ticket":800000100,"order_ticket":700000100,"position_id":1987309445,"entry_type":"OUT_BY","deal_type":"SELL","side":null,"layer_index":null,"role":null,"deal_price":1.12391,"order_price_open":null,"slippage_pips":null,"volume":0.00,"profit":-3.95,"swap":0.02,"commission":0.00,"deal_time_broker":"2026-10-07 04:54:33","deal_time_broker_msc":1791348873000,"halted_at_receipt":false,"quarantined_at_receipt":false}
17,-1,1791348873062,ea_event,ROLL_FILLED,{"type":"ea_event","seq":119,"ea_time_ms":96005546,"magic":null,"level":"INFO","code":"ROLL_FILLED","reason":null,"ticket":1987309445,"detail":{"ticket":1987309445,"level":1.12488}}
17,-1,1791348873062,ea_event,,{"type":"fill_log","seq":120,"ea_time_ms":96005546,"magic":22260201,"deal_ticket":800000101,"order_ticket":700000100,"position_id":900000051,"entry_type":"OUT_BY","deal_type":"SELL","side":null,"layer_index":null,"role":null,"deal_price":1.11996,"order_price_open":null,"slippage_pips":null,"volume":0.00,"profit":0.00,"swap":0.00,"commission":0.00,"deal_time_broker":"2026-10-07 04:54:33","deal_time_broker_msc":1791348873000,"halted_at_receipt":false,"quarantined_at_receipt":false}
17,-1,1791348873062,scalp,SCALP_CLOSED,{"close_time":"2026-10-07T04:54:33Z","instrument":"EURUSD","direction":"SHORT","entry_price":1.11996,"exit_price":1.12391,"layer_depth":5,"stack_depth":4,"gross_pnl":-3.93,"instance_id":"GRIND_EURUSD_OPTC","ejected":false,"rolled":true,"broker_utc_offset_s":10800,"account_login":53077984}
17,-1,1791349411648,ea_event,,{"type":"fill_log","seq":121,"ea_time_ms":96005546,"magic":22260201,"deal_ticket":800000102,"order_ticket":9093,"position_id":900000052,"entry_type":"IN","deal_type":"BUY","side":"L","layer_index":6,"role":"ENT","deal_price":1.12374,"order_price_open":null,"slippage_pips":null,"volume":0.00,"profit":0.00,"swap":0.00,"commission":0.00,"deal_time_broker":"2026-10-07 05:03:31","deal_time_broker_msc":1791349411000,"halted_at_receipt":false,"quarantined_at_receipt":false}
19,-1,1791357550557,ea_event,,{"type":"fill_log","seq":0,"ea_time_ms":96005656,"magic":22260201,"deal_ticket":800000001,"order_ticket":1991677746,"position_id":900000001,"entry_type":"IN","deal_type":"SELL","side":"S","layer_index":12,"role":"EXT","deal_price":1.12332,"order_price_open":null,"slippage_pips":null,"volume":0.00,"profit":0.00,"swap":0.00,"commission":0.00,"deal_time_broker":"2026-10-07 07:19:10","deal_time_broker_msc":1791357550000,"halted_at_receipt":false,"quarantined_at_receipt":false}
19,-1,1791357556402,ea_event,,{"type":"fill_log","seq":1,"ea_time_ms":96005656,"magic":22260201,"deal_ticket":800000002,"order_ticket":700000002,"position_id":1989599443,"entry_type":"OUT_BY","deal_type":"SELL","side":null,"layer_index":null,"role":null,"deal_price":1.12332,"order_price_open":null,"slippage_pips":null,"volume":0.00,"profit":0.96,"swap":0.01,"commission":0.00,"deal_time_broker":"2026-10-07 07:19:16","deal_time_broker_msc":1791357556000,"halted_at_receipt":false,"quarantined_at_receipt":false}
19,-1,1791357556402,ea_event,,{"type":"fill_log","seq":2,"ea_time_ms":96005656,"magic":22260201,"deal_ticket":800000003,"order_ticket":700000002,"position_id":900000001,"entry_type":"OUT_BY","deal_type":"SELL","side":null,"layer_index":null,"role":null,"deal_price":1.12428,"order_price_open":null,"slippage_pips":null,"volume":0.00,"profit":0.00,"swap":0.00,"commission":0.00,"deal_time_broker":"2026-10-07 07:19:16","deal_time_broker_msc":1791357556000,"halted_at_receipt":false,"quarantined_at_receipt":false}
19,-1,1791357556402,scalp,SCALP_CLOSED,{"close_time":"2026-10-07T07:19:16Z","instrument":"EURUSD","direction":"SHORT","entry_price":1.12428,"exit_price":1.12332,"layer_depth":12,"stack_depth":3,"gross_pnl":0.97,"instance_id":"GRIND_EURUSD_OPTC","ejected":false,"rolled":false,"broker_utc_offset_s":10800,"account_login":53077984}
19,-1,1791358027408,ea_event,,{"type":"fill_log","seq":3,"ea_time_ms":96005656,"magic":22260201,"deal_ticket":800000004,"order_ticket":1991706517,"position_id":900000002,"entry_type":"IN","deal_type":"BUY","side":"L","layer_index":7,"role":"ENT","deal_price":1.12307,"order_price_open":null,"slippage_pips":null,"volume":0.00,"profit":0.00,"swap":0.00,"commission":0.00,"deal_time_broker":"2026-10-07 07:27:07","deal_time_broker_msc":1791358027000,"halted_at_receipt":false,"quarantined_at_receipt":false}
19,-1,1791363708937,ea_event,,{"type":"fill_log","seq":4,"ea_time_ms":96005718,"magic":22260201,"deal_ticket":800000005,"order_ticket":9000,"position_id":900000003,"entry_type":"IN","deal_type":"SELL","side":"S","layer_index":11,"role":"EXT","deal_price":1.12267,"order_price_open":null,"slippage_pips":null,"volume":0.00,"profit":0.00,"swap":0.00,"commission":0.00,"deal_time_broker":"2026-10-07 09:01:48","deal_time_broker_msc":1791363708000,"halted_at_receipt":false,"quarantined_at_receipt":false}
19,-1,1791363709574,ea_event,,{"type":"fill_log","seq":5,"ea_time_ms":96005718,"magic":22260201,"deal_ticket":800000006,"order_ticket":700000006,"position_id":1989521715,"entry_type":"OUT_BY","deal_type":"SELL","side":null,"layer_index":null,"role":null,"deal_price":1.12267,"order_price_open":null,"slippage_pips":null,"volume":0.00,"profit":1.01,"swap":0.01,"commission":0.00,"deal_time_broker":"2026-10-07 09:01:49","deal_time_broker_msc":1791363709000,"halted_at_receipt":false,"quarantined_at_receipt":false}
19,-1,1791363709574,ea_event,,{"type":"fill_log","seq":6,"ea_time_ms":96005718,"magic":22260201,"deal_ticket":800000007,"order_ticket":700000006,"position_id":900000003,"entry_type":"OUT_BY","deal_type":"SELL","side":null,"layer_index":null,"role":null,"deal_price":1.12368,"order_price_open":null,"slippage_pips":null,"volume":0.00,"profit":0.00,"swap":0.00,"commission":0.00,"deal_time_broker":"2026-10-07 09:01:49","deal_time_broker_msc":1791363709000,"halted_at_receipt":false,"quarantined_at_receipt":false}
19,-1,1791363709574,scalp,SCALP_CLOSED,{"close_time":"2026-10-07T09:01:49Z","instrument":"EURUSD","direction":"SHORT","entry_price":1.12368,"exit_price":1.12267,"layer_depth":11,"stack_depth":2,"gross_pnl":1.02,"instance_id":"GRIND_EURUSD_OPTC","ejected":false,"rolled":false,"broker_utc_offset_s":10800,"account_login":53077984}
19,-1,1791363738027,ea_event,ROLL_DEFERRED,{"type":"ea_event","seq":7,"ea_time_ms":96005718,"magic":null,"level":"INFO","code":"ROLL_DEFERRED","reason":"L","ticket":null,"detail":{"side":"L","depth":8,"opposite_depth":1,"gate":0,"level":1.12247,"market":1.12246}}
19,-1,1791368126097,ea_event,,{"type":"fill_log","seq":8,"ea_time_ms":96005796,"magic":22260201,"deal_ticket":800000008,"order_ticket":1990101682,"position_id":900000004,"entry_type":"IN","deal_type":"SELL","side":"S","layer_index":10,"role":"EXT","deal_price":1.12213,"order_price_open":null,"slippage_pips":null,"volume":0.00,"profit":0.00,"swap":0.00,"commission":0.00,"deal_time_broker":"2026-10-07 10:15:26","deal_time_broker_msc":1791368126000,"halted_at_receipt":false,"quarantined_at_receipt":false}
19,-1,1791368126718,ea_event,,{"type":"fill_log","seq":9,"ea_time_ms":96005796,"magic":22260201,"deal_ticket":800000009,"order_ticket":700000009,"position_id":1989438379,"entry_type":"OUT_BY","deal_type":"SELL","side":null,"layer_index":null,"role":null,"deal_price":1.12213,"order_price_open":null,"slippage_pips":null,"volume":0.00,"profit":0.95,"swap":0.01,"commission":0.00,"deal_time_broker":"2026-10-07 10:15:26","deal_time_broker_msc":1791368126000,"halted_at_receipt":false,"quarantined_at_receipt":false}
19,-1,1791368126718,ea_event,,{"type":"fill_log","seq":10,"ea_time_ms":96005796,"magic":22260201,"deal_ticket":800000010,"order_ticket":700000009,"position_id":900000004,"entry_type":"OUT_BY","deal_type":"SELL","side":null,"layer_index":null,"role":null,"deal_price":1.12308,"order_price_open":null,"slippage_pips":null,"volume":0.00,"profit":0.00,"swap":0.00,"commission":0.00,"deal_time_broker":"2026-10-07 10:15:26","deal_time_broker_msc":1791368126000,"halted_at_receipt":false,"quarantined_at_receipt":false}
19,-1,1791368126718,scalp,SCALP_CLOSED,{"close_time":"2026-10-07T10:15:26Z","instrument":"EURUSD","direction":"SHORT","entry_price":1.12308,"exit_price":1.12213,"layer_depth":10,"stack_depth":1,"gross_pnl":0.96,"instance_id":"GRIND_EURUSD_OPTC","ejected":false,"rolled":false,"broker_utc_offset_s":10800,"account_login":53077984}
19,-1,1791368127834,ea_event,ROLL_ACCEPTED,{"type":"ea_event","seq":11,"ea_time_ms":96005796,"magic":null,"level":"INFO","code":"ROLL_ACCEPTED","reason":null,"ticket":1990101837,"detail":{"ticket":1990101837,"side":"L","layer_index":0,"entry":1.12733,"level":1.12247,"target":1.12371,"accrued":0.00024,"clamped":false,"cost":0.00386,"cost_pips":38.6,"rolled":1,"was_ejected":false,"source":"auto","reroll":false,"from_level":0.00000}}
19,-1,1791368150353,ea_event,ROLL_ACCEPTED,{"type":"ea_event","seq":12,"ea_time_ms":96005796,"magic":null,"level":"INFO","code":"ROLL_ACCEPTED","reason":null,"ticket":1990109088,"detail":{"ticket":1990109088,"side":"L","layer_index":1,"entry":1.12671,"level":1.12187,"target":1.12311,"accrued":0.00024,"clamped":false,"cost":0.00384,"cost_pips":38.4,"rolled":2,"was_ejected":false,"source":"auto","reroll":false,"from_level":0.00000}}
19,-1,1791368416510,ea_event,,{"type":"fill_log","seq":13,"ea_time_ms":96005796,"magic":22260201,"deal_ticket":800000011,"order_ticket":9005,"position_id":900000005,"entry_type":"IN","deal_type":"SELL","side":"S","layer_index":0,"role":"ENT","deal_price":1.12176,"order_price_open":null,"slippage_pips":null,"volume":0.00,"profit":0.00,"swap":0.00,"commission":0.00,"deal_time_broker":"2026-10-07 10:20:16","deal_time_broker_msc":1791368416000,"halted_at_receipt":false,"quarantined_at_receipt":false}
19,-1,1791368516544,ea_event,ROLL_DEFERRED,{"type":"ea_event","seq":14,"ea_time_ms":96005812,"magic":null,"level":"INFO","code":"ROLL_DEFERRED","reason":"L","ticket":null,"detail":{"side":"L","depth":8,"opposite_depth":1,"gate":0,"level":1.12127,"market":1.12127}}
19,-1,1791369300704,ea_event,,{"type":"fill_log","seq":15,"ea_time_ms":96005828,"magic":22260201,"deal_ticket":800000012,"order_ticket":9007,"position_id":900000006,"entry_type":"IN","deal_type":"SELL","side":"S","layer_index":0,"role":"EXT","deal_price":1.12077,"order_price_open":null,"slippage_pips":null,"volume":0.00,"profit":0.00,"swap":0.00,"commission":0.00,"deal_time_broker":"2026-10-07 10:35:00","deal_time_broker_msc":1791369300000,"halted_at_receipt":false,"quarantined_at_receipt":false}
19,-1,1791369301334,ea_event,,{"type":"fill_log","seq":16,"ea_time_ms":96005828,"magic":22260201,"deal_ticket":800000013,"order_ticket":700000013,"position_id":900000005,"entry_type":"OUT_BY","deal_type":"SELL","side":null,"layer_index":null,"role":null,"deal_price":1.12077,"order_price_open":null,"slippage_pips":null,"volume":0.00,"profit":0.99,"swap":0.00,"commission":0.00,"deal_time_broker":"2026-10-07 10:35:01","deal_time_broker_msc":1791369301000,"halted_at_receipt":false,"quarantined_at_receipt":false}
19,-1,1791369301334,ea_event,,{"type":"fill_log","seq":17,"ea_time_ms":96005828,"magic":22260201,"deal_ticket":800000014,"order_ticket":700000013,"position_id":900000006,"entry_type":"OUT_BY","deal_type":"SELL","side":null,"layer_index":null,"role":null,"deal_price":1.12176,"order_price_open":null,"slippage_pips":null,"volume":0.00,"profit":0.00,"swap":0.00,"commission":0.00,"deal_time_broker":"2026-10-07 10:35:01","deal_time_broker_msc":1791369301000,"halted_at_receipt":false,"quarantined_at_receipt":false}
19,-1,1791369301334,scalp,SCALP_CLOSED,{"close_time":"2026-10-07T10:35:01Z","instrument":"EURUSD","direction":"SHORT","entry_price":1.12176,"exit_price":1.12077,"layer_depth":0,"stack_depth":1,"gross_pnl":0.99,"instance_id":"GRIND_EURUSD_OPTC","ejected":false,"rolled":false,"broker_utc_offset_s":10800,"account_login":53077984}
19,-1,1791369301643,ea_event,ROLL_ACCEPTED,{"type":"ea_event","seq":18,"ea_time_ms":96005828,"magic":null,"level":"INFO","code":"ROLL_ACCEPTED","reason":null,"ticket":1990112560,"detail":{"ticket":1990112560,"side":"L","layer_index":2,"entry":1.12611,"level":1.12127,"target":1.12251,"accrued":0.00024,"clamped":false,"cost":0.00384,"cost_pips":38.4,"rolled":3,"was_ejected":false,"source":"auto","reroll":false,"from_level":0.00000}}
19,-1,1791369378026,ea_event,ROLL_ACCEPTED,{"type":"ea_event","seq":19,"ea_time_ms":96005828,"magic":null,"level":"INFO","code":"ROLL_ACCEPTED","reason":null,"ticket":1991069591,"detail":{"ticket":1991069591,"side":"L","layer_index":3,"entry":1.12550,"level":1.12067,"target":1.12167,"accrued":0.00000,"clamped":false,"cost":0.00383,"cost_pips":38.3,"rolled":4,"was_ejected":false,"source":"auto","reroll":false,"from_level":0.00000}}
19,-1,1791369717447,ea_event,,{"type":"fill_log","seq":20,"ea_time_ms":96005843,"magic":22260201,"deal_ticket":800000015,"order_ticket":9010,"position_id":900000007,"entry_type":"IN","deal_type":"SELL","side":"S","layer_index":0,"role":"ENT","deal_price":1.12064,"order_price_open":null,"slippage_pips":null,"volume":0.00,"profit":0.00,"swap":0.00,"commission":0.00,"deal_time_broker":"2026-10-07 10:41:57","deal_time_broker_msc":1791369717000,"halted_at_receipt":false,"quarantined_at_receipt":false}
19,-1,1791370345059,ea_event,ROLL_DEFERRED,{"type":"ea_event","seq":21,"ea_time_ms":96005875,"magic":null,"level":"INFO","code":"ROLL_DEFERRED","reason":"L","ticket":null,"detail":{"side":"L","depth":8,"opposite_depth":1,"gate":0,"level":1.12007,"market":1.12004}}
19,-1,1791370392172,ea_event,,{"type":"fill_log","seq":22,"ea_time_ms":96005875,"magic":22260201,"deal_ticket":800000016,"order_ticket":9012,"position_id":900000008,"entry_type":"IN","deal_type":"SELL","side":"S","layer_index":0,"role":"EXT","deal_price":1.11958,"order_price_open":null,"slippage_pips":null,"volume":0.00,"profit":0.00,"swap":0.00,"commission":0.00,"deal_time_broker":"2026-10-07 10:53:12","deal_time_broker_msc":1791370392000,"halted_at_receipt":false,"quarantined_at_receipt":false}
19,-1,1791370393010,ea_event,,{"type":"fill_log","seq":23,"ea_time_ms":96005875,"magic":22260201,"deal_ticket":800000017,"order_ticket":700000017,"position_id":900000007,"entry_type":"OUT_BY","deal_type":"SELL","side":null,"layer_index":null,"role":null,"deal_price":1.11958,"order_price_open":null,"slippage_pips":null,"volume":0.00,"profit":1.06,"swap":0.00,"commission":0.00,"deal_time_broker":"2026-10-07 10:53:13","deal_time_broker_msc":1791370393000,"halted_at_receipt":false,"quarantined_at_receipt":false}
19,-1,1791370393010,ea_event,,{"type":"fill_log","seq":24,"ea_time_ms":96005875,"magic":22260201,"deal_ticket":800000018,"order_ticket":700000017,"position_id":900000008,"entry_type":"OUT_BY","deal_type":"SELL","side":null,"layer_index":null,"role":null,"deal_price":1.12064,"order_price_open":null,"slippage_pips":null,"volume":0.00,"profit":0.00,"swap":0.00,"commission":0.00,"deal_time_broker":"2026-10-07 10:53:13","deal_time_broker_msc":1791370393000,"halted_at_receipt":false,"quarantined_at_receipt":false}
19,-1,1791370393010,scalp,SCALP_CLOSED,{"close_time":"2026-10-07T10:53:13Z","instrument":"EURUSD","direction":"SHORT","entry_price":1.12064,"exit_price":1.11958,"layer_depth":0,"stack_depth":1,"gross_pnl":1.06,"instance_id":"GRIND_EURUSD_OPTC","ejected":false,"rolled":false,"broker_utc_offset_s":10800,"account_login":53077984}
19,-1,1791370393118,ea_event,ROLL_ACCEPTED,{"type":"ea_event","seq":25,"ea_time_ms":96005875,"magic":null,"level":"INFO","code":"ROLL_ACCEPTED","reason":null,"ticket":1991419957,"detail":{"ticket":1991419957,"side":"L","layer_index":4,"entry":1.12489,"level":1.12007,"target":1.12107,"accrued":0.00000,"clamped":false,"cost":0.00382,"cost_pips":38.2,"rolled":5,"was_ejected":false,"source":"auto","reroll":false,"from_level":0.00000}}
19,-1,1791370397142,ea_event,ROLL_ACCEPTED,{"type":"ea_event","seq":26,"ea_time_ms":96005875,"magic":null,"level":"INFO","code":"ROLL_ACCEPTED","reason":null,"ticket":1991561135,"detail":{"ticket":1991561135,"side":"L","layer_index":5,"entry":1.12427,"level":1.11947,"target":1.12047,"accrued":0.00000,"clamped":false,"cost":0.00380,"cost_pips":38.0,"rolled":6,"was_ejected":false,"source":"auto","reroll":false,"from_level":0.00000}}
19,-1,1791370465634,ea_event,,{"type":"fill_log","seq":27,"ea_time_ms":96005875,"magic":22260201,"deal_ticket":800000019,"order_ticket":9015,"position_id":900000009,"entry_type":"IN","deal_type":"SELL","side":"S","layer_index":0,"role":"ENT","deal_price":1.11919,"order_price_open":null,"slippage_pips":null,"volume":0.00,"profit":0.00,"swap":0.00,"commission":0.00,"deal_time_broker":"2026-10-07 10:54:25","deal_time_broker_msc":1791370465000,"halted_at_receipt":false,"quarantined_at_receipt":false}
19,-1,1791370518481,ea_event,ROLL_DEFERRED,{"type":"ea_event","seq":28,"ea_time_ms":96005875,"magic":null,"level":"INFO","code":"ROLL_DEFERRED","reason":"L","ticket":null,"detail":{"side":"L","depth":8,"opposite_depth":1,"gate":0,"level":1.11887,"market":1.11885}}
19,-1,1791370628393,ea_event,,{"type":"fill_log","seq":29,"ea_time_ms":96005890,"magic":22260201,"deal_ticket":800000020,"order_ticket":9017,"position_id":900000010,"entry_type":"IN","deal_type":"SELL","side":"S","layer_index":0,"role":"EXT","deal_price":1.11819,"order_price_open":null,"slippage_pips":null,"volume":0.00,"profit":0.00,"swap":0.00,"commission":0.00,"deal_time_broker":"2026-10-07 10:57:08","deal_time_broker_msc":1791370628000,"halted_at_receipt":false,"quarantined_at_receipt":false}
19,-1,1791370628830,ea_event,,{"type":"fill_log","seq":30,"ea_time_ms":96005890,"magic":22260201,"deal_ticket":800000021,"order_ticket":700000021,"position_id":900000009,"entry_type":"OUT_BY","deal_type":"SELL","side":null,"layer_index":null,"role":null,"deal_price":1.11819,"order_price_open":null,"slippage_pips":null,"volume":0.00,"profit":1.00,"swap":0.00,"commission":0.00,"deal_time_broker":"2026-10-07 10:57:08","deal_time_broker_msc":1791370628000,"halted_at_receipt":false,"quarantined_at_receipt":false}
19,-1,1791370628830,ea_event,,{"type":"fill_log","seq":31,"ea_time_ms":96005890,"magic":22260201,"deal_ticket":800000022,"order_ticket":700000021,"position_id":900000010,"entry_type":"OUT_BY","deal_type":"SELL","side":null,"layer_index":null,"role":null,"deal_price":1.11919,"order_price_open":null,"slippage_pips":null,"volume":0.00,"profit":0.00,"swap":0.00,"commission":0.00,"deal_time_broker":"2026-10-07 10:57:08","deal_time_broker_msc":1791370628000,"halted_at_receipt":false,"quarantined_at_receipt":false}
19,-1,1791370628830,scalp,SCALP_CLOSED,{"close_time":"2026-10-07T10:57:08Z","instrument":"EURUSD","direction":"SHORT","entry_price":1.11919,"exit_price":1.11819,"layer_depth":0,"stack_depth":1,"gross_pnl":1.00,"instance_id":"GRIND_EURUSD_OPTC","ejected":false,"rolled":false,"broker_utc_offset_s":10800,"account_login":53077984}
19,-1,1791370628929,ea_event,ROLL_ACCEPTED,{"type":"ea_event","seq":32,"ea_time_ms":96005890,"magic":null,"level":"INFO","code":"ROLL_ACCEPTED","reason":null,"ticket":1991618499,"detail":{"ticket":1991618499,"side":"L","layer_index":6,"entry":1.12367,"level":1.11887,"target":1.11987,"accrued":0.00000,"clamped":false,"cost":0.00380,"cost_pips":38.0,"rolled":7,"was_ejected":false,"source":"auto","reroll":false,"from_level":0.00000}}
19,-1,1791370628929,ea_event,ROLL_ACCEPTED,{"type":"ea_event","seq":33,"ea_time_ms":96005890,"magic":null,"level":"INFO","code":"ROLL_ACCEPTED","reason":null,"ticket":900000002,"detail":{"ticket":900000002,"side":"L","layer_index":7,"entry":1.12307,"level":1.11827,"target":1.11927,"accrued":0.00000,"clamped":false,"cost":0.00380,"cost_pips":38.0,"rolled":8,"was_ejected":false,"source":"auto","reroll":false,"from_level":0.00000}}
19,-1,1791370642443,ea_event,,{"type":"fill_log","seq":34,"ea_time_ms":96005890,"magic":22260201,"deal_ticket":800000023,"order_ticket":9021,"position_id":900000011,"entry_type":"IN","deal_type":"SELL","side":"S","layer_index":0,"role":"ENT","deal_price":1.11848,"order_price_open":null,"slippage_pips":null,"volume":0.00,"profit":0.00,"swap":0.00,"commission":0.00,"deal_time_broker":"2026-10-07 10:57:22","deal_time_broker_msc":1791370642000,"halted_at_receipt":false,"quarantined_at_receipt":false}
19,-1,1791370752671,ea_event,,{"type":"fill_log","seq":35,"ea_time_ms":96005890,"magic":22260201,"deal_ticket":800000024,"order_ticket":9023,"position_id":900000012,"entry_type":"IN","deal_type":"SELL","side":"S","layer_index":1,"role":"ENT","deal_price":1.11907,"order_price_open":null,"slippage_pips":null,"volume":0.00,"profit":0.00,"swap":0.00,"commission":0.00,"deal_time_broker":"2026-10-07 10:59:12","deal_time_broker_msc":1791370752000,"halted_at_receipt":false,"quarantined_at_receipt":false}
19,-1,1791371031251,ea_event,,{"type":"fill_log","seq":36,"ea_time_ms":96005921,"magic":22260201,"deal_ticket":800000025,"order_ticket":9019,"position_id":900000013,"entry_type":"IN","deal_type":"BUY","side":"L","layer_index":7,"role":"EXT","deal_price":1.11928,"order_price_open":null,"slippage_pips":null,"volume":0.00,"profit":0.00,"swap":0.00,"commission":0.00,"deal_time_broker":"2026-10-07 11:03:51","deal_time_broker_msc":1791371031000,"halted_at_receipt":false,"quarantined_at_receipt":false}
19,-1,1791371032289,ea_event,,{"type":"fill_log","seq":37,"ea_time_ms":96005921,"magic":22260201,"deal_ticket":800000026,"order_ticket":700000026,"position_id":900000002,"entry_type":"OUT_BY","deal_type":"SELL","side":null,"layer_index":null,"role":null,"deal_price":1.11928,"order_price_open":null,"slippage_pips":null,"volume":0.00,"profit":-3.79,"swap":0.00,"commission":0.00,"deal_time_broker":"2026-10-07 11:03:52","deal_time_broker_msc":1791371032000,"halted_at_receipt":false,"quarantined_at_receipt":false}
19,-1,1791371032289,ea_event,ROLL_FILLED,{"type":"ea_event","seq":38,"ea_time_ms":96005921,"magic":null,"level":"INFO","code":"ROLL_FILLED","reason":null,"ticket":900000002,"detail":{"ticket":900000002,"level":1.11827}}
19,-1,1791371032289,ea_event,,{"type":"fill_log","seq":39,"ea_time_ms":96005921,"magic":22260201,"deal_ticket":800000027,"order_ticket":700000026,"position_id":900000013,"entry_type":"OUT_BY","deal_type":"SELL","side":null,"layer_index":null,"role":null,"deal_price":1.12307,"order_price_open":null,"slippage_pips":null,"volume":0.00,"profit":0.00,"swap":0.00,"commission":0.00,"deal_time_broker":"2026-10-07 11:03:52","deal_time_broker_msc":1791371032000,"halted_at_receipt":false,"quarantined_at_receipt":false}
19,-1,1791371032289,scalp,SCALP_CLOSED,{"close_time":"2026-10-07T11:03:52Z","instrument":"EURUSD","direction":"LONG","entry_price":1.12307,"exit_price":1.11928,"layer_depth":7,"stack_depth":8,"gross_pnl":-3.79,"instance_id":"GRIND_EURUSD_OPTC","ejected":false,"rolled":true,"broker_utc_offset_s":10800,"account_login":53077984}
19,-1,1791371734470,ea_event,,{"type":"fill_log","seq":40,"ea_time_ms":96005953,"magic":22260201,"deal_ticket":800000028,"order_ticket":9027,"position_id":900000014,"entry_type":"IN","deal_type":"BUY","side":"L","layer_index":7,"role":"ENT","deal_price":1.11827,"order_price_open":null,"slippage_pips":null,"volume":0.00,"profit":0.00,"swap":0.00,"commission":0.00,"deal_time_broker":"2026-10-07 11:15:34","deal_time_broker_msc":1791371734000,"halted_at_receipt":false,"quarantined_at_receipt":false}
19,-1,1791371841794,ea_event,,{"type":"fill_log","seq":41,"ea_time_ms":96005953,"magic":22260201,"deal_ticket":800000029,"order_ticket":9024,"position_id":900000015,"entry_type":"IN","deal_type":"SELL","side":"S","layer_index":1,"role":"EXT","deal_price":1.11808,"order_price_open":null,"slippage_pips":null,"volume":0.00,"profit":0.00,"swap":0.00,"commission":0.00,"deal_time_broker":"2026-10-07 11:17:21","deal_time_broker_msc":1791371841000,"halted_at_receipt":false,"quarantined_at_receipt":false}
19,-1,1791371842216,ea_event,,{"type":"fill_log","seq":42,"ea_time_ms":96005953,"magic":22260201,"deal_ticket":800000030,"order_ticket":700000030,"position_id":900000012,"entry_type":"OUT_BY","deal_type":"SELL","side":null,"layer_index":null,"role":null,"deal_price":1.11808,"order_price_open":null,"slippage_pips":null,"volume":0.00,"profit":0.99,"swap":0.00,"commission":0.00,"deal_time_broker":"2026-10-07 11:17:22","deal_time_broker_msc":1791371842000,"halted_at_receipt":false,"quarantined_at_receipt":false}
19,-1,1791371842216,ea_event,,{"type":"fill_log","seq":43,"ea_time_ms":96005953,"magic":22260201,"deal_ticket":800000031,"order_ticket":700000030,"position_id":900000015,"entry_type":"OUT_BY","deal_type":"SELL","side":null,"layer_index":null,"role":null,"deal_price":1.11907,"order_price_open":null,"slippage_pips":null,"volume":0.00,"profit":0.00,"swap":0.00,"commission":0.00,"deal_time_broker":"2026-10-07 11:17:22","deal_time_broker_msc":1791371842000,"halted_at_receipt":false,"quarantined_at_receipt":false}
19,-1,1791371842216,scalp,SCALP_CLOSED,{"close_time":"2026-10-07T11:17:22Z","instrument":"EURUSD","direction":"SHORT","entry_price":1.11907,"exit_price":1.11808,"layer_depth":1,"stack_depth":2,"gross_pnl":0.99,"instance_id":"GRIND_EURUSD_OPTC","ejected":false,"rolled":false,"broker_utc_offset_s":10800,"account_login":53077984}
19,-1,1791372040609,ea_event,,{"type":"fill_log","seq":44,"ea_time_ms":96005968,"magic":22260201,"deal_ticket":800000032,"order_ticket":9029,"position_id":900000016,"entry_type":"IN","deal_type":"SELL","side":"S","layer_index":1,"role":"ENT","deal_price":1.11909,"order_price_open":null,"slippage_pips":null,"volume":0.00,"profit":0.00,"swap":0.00,"commission":0.00,"deal_time_broker":"2026-10-07 11:20:40","deal_time_broker_msc":1791372040000,"halted_at_receipt":false,"quarantined_at_receipt":false}
19,-1,1791372098331,ea_event,,{"type":"fill_log","seq":45,"ea_time_ms":96005968,"magic":22260201,"deal_ticket":800000033,"order_ticket":9028,"position_id":900000017,"entry_type":"IN","deal_type":"BUY","side":"L","layer_index":7,"role":"EXT","deal_price":1.11927,"order_price_open":null,"slippage_pips":null,"volume":0.00,"profit":0.00,"swap":0.00,"commission":0.00,"deal_time_broker":"2026-10-07 11:21:38","deal_time_broker_msc":1791372098000,"halted_at_receipt":false,"quarantined_at_receipt":false}
19,-1,1791372098784,ea_event,,{"type":"fill_log","seq":46,"ea_time_ms":96005968,"magic":22260201,"deal_ticket":800000034,"order_ticket":700000034,"position_id":900000014,"entry_type":"OUT_BY","deal_type":"SELL","side":null,"layer_index":null,"role":null,"deal_price":1.11927,"order_price_open":null,"slippage_pips":null,"volume":0.00,"profit":1.00,"swap":0.00,"commission":0.00,"deal_time_broker":"2026-10-07 11:21:38","deal_time_broker_msc":1791372098000,"halted_at_receipt":false,"quarantined_at_receipt":false}
19,-1,1791372098784,ea_event,,{"type":"fill_log","seq":47,"ea_time_ms":96005968,"magic":22260201,"deal_ticket":800000035,"order_ticket":700000034,"position_id":900000017,"entry_type":"OUT_BY","deal_type":"SELL","side":null,"layer_index":null,"role":null,"deal_price":1.11827,"order_price_open":null,"slippage_pips":null,"volume":0.00,"profit":0.00,"swap":0.00,"commission":0.00,"deal_time_broker":"2026-10-07 11:21:38","deal_time_broker_msc":1791372098000,"halted_at_receipt":false,"quarantined_at_receipt":false}
19,-1,1791372098784,scalp,SCALP_CLOSED,{"close_time":"2026-10-07T11:21:38Z","instrument":"EURUSD","direction":"LONG","entry_price":1.11827,"exit_price":1.11927,"layer_depth":7,"stack_depth":8,"gross_pnl":1.00,"instance_id":"GRIND_EURUSD_OPTC","ejected":false,"rolled":false,"broker_utc_offset_s":10800,"account_login":53077984}
19,-1,1791372204106,ea_event,,{"type":"fill_log","seq":48,"ea_time_ms":96005968,"magic":22260201,"deal_ticket":800000036,"order_ticket":9031,"position_id":900000018,"entry_type":"IN","deal_type":"SELL","side":"S","layer_index":2,"role":"ENT","deal_price":1.11972,"order_price_open":null,"slippage_pips":null,"volume":0.00,"profit":0.00,"swap":0.00,"commission":0.00,"deal_time_broker":"2026-10-07 11:23:24","deal_time_broker_msc":1791372204000,"halted_at_receipt":false,"quarantined_at_receipt":false}
19,-1,1791373556208,ea_event,,{"type":"fill_log","seq":49,"ea_time_ms":96006031,"magic":22260201,"deal_ticket":800000037,"order_ticket":9032,"position_id":900000019,"entry_type":"IN","deal_type":"BUY","side":"L","layer_index":6,"role":"EXT","deal_price":1.11987,"order_price_open":null,"slippage_pips":null,"volume":0.00,"profit":0.00,"swap":0.00,"commission":0.00,"deal_time_broker":"2026-10-07 11:45:56","deal_time_broker_msc":1791373556000,"halted_at_receipt":false,"quarantined_at_receipt":false}
19,-1,1791373556643,ea_event,,{"type":"fill_log","seq":50,"ea_time_ms":96006031,"magic":22260201,"deal_ticket":800000038,"order_ticket":700000038,"position_id":1991618499,"entry_type":"OUT_BY","deal_type":"SELL","side":null,"layer_index":null,"role":null,"deal_price":1.11987,"order_price_open":null,"slippage_pips":null,"volume":0.00,"profit":-3.80,"swap":0.00,"commission":0.00,"deal_time_broker":"2026-10-07 11:45:56","deal_time_broker_msc":1791373556000,"halted_at_receipt":false,"quarantined_at_receipt":false}
19,-1,1791373556643,ea_event,ROLL_FILLED,{"type":"ea_event","seq":51,"ea_time_ms":96006031,"magic":null,"level":"INFO","code":"ROLL_FILLED","reason":null,"ticket":1991618499,"detail":{"ticket":1991618499,"level":1.11887}}
19,-1,1791373556643,ea_event,,{"type":"fill_log","seq":52,"ea_time_ms":96006031,"magic":22260201,"deal_ticket":800000039,"order_ticket":700000038,"position_id":900000019,"entry_type":"OUT_BY","deal_type":"SELL","side":null,"layer_index":null,"role":null,"deal_price":1.12367,"order_price_open":null,"slippage_pips":null,"volume":0.00,"profit":0.00,"swap":0.00,"commission":0.00,"deal_time_broker":"2026-10-07 11:45:56","deal_time_broker_msc":1791373556000,"halted_at_receipt":false,"quarantined_at_receipt":false}
19,-1,1791373556643,scalp,SCALP_CLOSED,{"close_time":"2026-10-07T11:45:56Z","instrument":"EURUSD","direction":"LONG","entry_price":1.12367,"exit_price":1.11987,"layer_depth":6,"stack_depth":7,"gross_pnl":-3.80,"instance_id":"GRIND_EURUSD_OPTC","ejected":false,"rolled":true,"broker_utc_offset_s":10800,"account_login":53077984}
19,-1,1791374550766,ea_event,,{"type":"fill_log","seq":53,"ea_time_ms":96006046,"magic":22260201,"deal_ticket":800000040,"order_ticket":9035,"position_id":900000020,"entry_type":"IN","deal_type":"SELL","side":"S","layer_index":3,"role":"ENT","deal_price":1.12032,"order_price_open":null,"slippage_pips":null,"volume":0.00,"profit":0.00,"swap":0.00,"commission":0.00,"deal_time_broker":"2026-10-07 12:02:30","deal_time_broker_msc":1791374550000,"halted_at_receipt":false,"quarantined_at_receipt":false}
19,-1,1791375441231,ea_event,,{"type":"fill_log","seq":54,"ea_time_ms":96006078,"magic":22260201,"deal_ticket":800000041,"order_ticket":9038,"position_id":900000021,"entry_type":"IN","deal_type":"SELL","side":"S","layer_index":3,"role":"EXT","deal_price":1.11931,"order_price_open":null,"slippage_pips":null,"volume":0.00,"profit":0.00,"swap":0.00,"commission":0.00,"deal_time_broker":"2026-10-07 12:17:21","deal_time_broker_msc":1791375441000,"halted_at_receipt":false,"quarantined_at_receipt":false}
19,-1,1791375441662,ea_event,,{"type":"fill_log","seq":55,"ea_time_ms":96006078,"magic":22260201,"deal_ticket":800000042,"order_ticket":700000042,"position_id":900000020,"entry_type":"OUT_BY","deal_type":"SELL","side":null,"layer_index":null,"role":null,"deal_price":1.11931,"order_price_open":null,"slippage_pips":null,"volume":0.00,"profit":1.01,"swap":0.00,"commission":0.00,"deal_time_broker":"2026-10-07 12:17:21","deal_time_broker_msc":1791375441000,"halted_at_receipt":false,"quarantined_at_receipt":false}
19,-1,1791375441662,ea_event,,{"type":"fill_log","seq":56,"ea_time_ms":96006078,"magic":22260201,"deal_ticket":800000043,"order_ticket":700000042,"position_id":900000021,"entry_type":"OUT_BY","deal_type":"SELL","side":null,"layer_index":null,"role":null,"deal_price":1.12032,"order_price_open":null,"slippage_pips":null,"volume":0.00,"profit":0.00,"swap":0.00,"commission":0.00,"deal_time_broker":"2026-10-07 12:17:21","deal_time_broker_msc":1791375441000,"halted_at_receipt":false,"quarantined_at_receipt":false}
19,-1,1791375441662,scalp,SCALP_CLOSED,{"close_time":"2026-10-07T12:17:21Z","instrument":"EURUSD","direction":"SHORT","entry_price":1.12032,"exit_price":1.11931,"layer_depth":3,"stack_depth":4,"gross_pnl":1.01,"instance_id":"GRIND_EURUSD_OPTC","ejected":false,"rolled":false,"broker_utc_offset_s":10800,"account_login":53077984}
19,-1,1791376251074,ea_event,,{"type":"fill_log","seq":57,"ea_time_ms":96006109,"magic":22260201,"deal_ticket":800000044,"order_ticket":9037,"position_id":900000022,"entry_type":"IN","deal_type":"BUY","side":"L","layer_index":6,"role":"ENT","deal_price":1.11887,"order_price_open":null,"slippage_pips":null,"volume":0.00,"profit":0.00,"swap":0.00,"commission":0.00,"deal_time_broker":"2026-10-07 12:30:51","deal_time_broker_msc":1791376251000,"halted_at_receipt":false,"quarantined_at_receipt":false}
19,-1,1791376323438,ea_event,,{"type":"fill_log","seq":58,"ea_time_ms":96006109,"magic":22260201,"deal_ticket":800000045,"order_ticket":9040,"position_id":900000023,"entry_type":"IN","deal_type":"SELL","side":"S","layer_index":2,"role":"EXT","deal_price":1.11871,"order_price_open":null,"slippage_pips":null,"volume":0.00,"profit":0.00,"swap":0.00,"commission":0.00,"deal_time_broker":"2026-10-07 12:32:03","deal_time_broker_msc":1791376323000,"halted_at_receipt":false,"quarantined_at_receipt":false}
19,-1,1791376324486,ea_event,,{"type":"fill_log","seq":59,"ea_time_ms":96006109,"magic":22260201,"deal_ticket":800000046,"order_ticket":700000046,"position_id":900000018,"entry_type":"OUT_BY","deal_type":"SELL","side":null,"layer_index":null,"role":null,"deal_price":1.11871,"order_price_open":null,"slippage_pips":null,"volume":0.00,"profit":1.01,"swap":0.00,"commission":0.00,"deal_time_broker":"2026-10-07 12:32:04","deal_time_broker_msc":1791376324000,"halted_at_receipt":false,"quarantined_at_receipt":false}
19,-1,1791376324486,ea_event,,{"type":"fill_log","seq":60,"ea_time_ms":96006109,"magic":22260201,"deal_ticket":800000047,"order_ticket":700000046,"position_id":900000023,"entry_type":"OUT_BY","deal_type":"SELL","side":null,"layer_index":null,"role":null,"deal_price":1.11972,"order_price_open":null,"slippage_pips":null,"volume":0.00,"profit":0.00,"swap":0.00,"commission":0.00,"deal_time_broker":"2026-10-07 12:32:04","deal_time_broker_msc":1791376324000,"halted_at_receipt":false,"quarantined_at_receipt":false}
19,-1,1791376324486,scalp,SCALP_CLOSED,{"close_time":"2026-10-07T12:32:04Z","instrument":"EURUSD","direction":"SHORT","entry_price":1.11972,"exit_price":1.11871,"layer_depth":2,"stack_depth":3,"gross_pnl":1.01,"instance_id":"GRIND_EURUSD_OPTC","ejected":false,"rolled":false,"broker_utc_offset_s":10800,"account_login":53077984}
19,-1,1791377985442,ea_event,,{"type":"fill_log","seq":61,"ea_time_ms":96006171,"magic":22260201,"deal_ticket":800000048,"order_ticket":9045,"position_id":900000024,"entry_type":"IN","deal_type":"SELL","side":"S","layer_index":2,"role":"ENT","deal_price":1.11969,"order_price_open":null,"slippage_pips":null,"volume":0.00,"profit":0.00,"swap":0.00,"commission":0.00,"deal_time_broker":"2026-10-07 12:59:45","deal_time_broker_msc":1791377985000,"halted_at_receipt":false,"quarantined_at_receipt":false}
19,-1,1791380791245,ea_event,,{"type":"fill_log","seq":62,"ea_time_ms":96006265,"magic":22260201,"deal_ticket":800000049,"order_ticket":9046,"position_id":900000025,"entry_type":"IN","deal_type":"SELL","side":"S","layer_index":2,"role":"EXT","deal_price":1.11867,"order_price_open":null,"slippage_pips":null,"volume":0.00,"profit":0.00,"swap":0.00,"commission":0.00,"deal_time_broker":"2026-10-07 13:46:31","deal_time_broker_msc":1791380791000,"halted_at_receipt":false,"quarantined_at_receipt":false}
19,-1,1791380791683,ea_event,,{"type":"fill_log","seq":63,"ea_time_ms":96006265,"magic":22260201,"deal_ticket":800000050,"order_ticket":700000050,"position_id":900000024,"entry_type":"OUT_BY","deal_type":"SELL","side":null,"layer_index":null,"role":null,"deal_price":1.11867,"order_price_open":null,"slippage_pips":null,"volume":0.00,"profit":1.02,"swap":0.00,"commission":0.00,"deal_time_broker":"2026-10-07 13:46:31","deal_time_broker_msc":1791380791000,"halted_at_receipt":false,"quarantined_at_receipt":false}
19,-1,1791380791683,ea_event,,{"type":"fill_log","seq":64,"ea_time_ms":96006265,"magic":22260201,"deal_ticket":800000051,"order_ticket":700000050,"position_id":900000025,"entry_type":"OUT_BY","deal_type":"SELL","side":null,"layer_index":null,"role":null,"deal_price":1.11969,"order_price_open":null,"slippage_pips":null,"volume":0.00,"profit":0.00,"swap":0.00,"commission":0.00,"deal_time_broker":"2026-10-07 13:46:31","deal_time_broker_msc":1791380791000,"halted_at_receipt":false,"quarantined_at_receipt":false}
19,-1,1791380791683,scalp,SCALP_CLOSED,{"close_time":"2026-10-07T13:46:31Z","instrument":"EURUSD","direction":"SHORT","entry_price":1.11969,"exit_price":1.11867,"layer_depth":2,"stack_depth":3,"gross_pnl":1.02,"instance_id":"GRIND_EURUSD_OPTC","ejected":false,"rolled":false,"broker_utc_offset_s":10800,"account_login":53077984}
19,-1,1791383307765,ea_event,,{"type":"fill_log","seq":65,"ea_time_ms":96006343,"magic":22260201,"deal_ticket":800000052,"order_ticket":9043,"position_id":900000026,"entry_type":"IN","deal_type":"BUY","side":"L","layer_index":7,"role":"ENT","deal_price":1.11823,"order_price_open":null,"slippage_pips":null,"volume":0.00,"profit":0.00,"swap":0.00,"commission":0.00,"deal_time_broker":"2026-10-07 14:28:27","deal_time_broker_msc":1791383307000,"halted_at_receipt":false,"quarantined_at_receipt":false}
19,-1,1791383982951,ea_event,,{"type":"fill_log","seq":66,"ea_time_ms":96006375,"magic":22260201,"deal_ticket":800000053,"order_ticket":9048,"position_id":900000027,"entry_type":"IN","deal_type":"SELL","side":"S","layer_index":1,"role":"EXT","deal_price":1.11806,"order_price_open":null,"slippage_pips":null,"volume":0.00,"profit":0.00,"swap":0.00,"commission":0.00,"deal_time_broker":"2026-10-07 14:39:42","deal_time_broker_msc":1791383982000,"halted_at_receipt":false,"quarantined_at_receipt":false}
19,-1,1791383983375,ea_event,,{"type":"fill_log","seq":67,"ea_time_ms":96006390,"magic":22260201,"deal_ticket":800000054,"order_ticket":700000054,"position_id":900000016,"entry_type":"OUT_BY","deal_type":"SELL","side":null,"layer_index":null,"role":null,"deal_price":1.11806,"order_price_open":null,"slippage_pips":null,"volume":0.00,"profit":1.03,"swap":0.00,"commission":0.00,"deal_time_broker":"2026-10-07 14:39:43","deal_time_broker_msc":1791383983000,"halted_at_receipt":false,"quarantined_at_receipt":false}
19,-1,1791383983375,ea_event,,{"type":"fill_log","seq":68,"ea_time_ms":96006390,"magic":22260201,"deal_ticket":800000055,"order_ticket":700000054,"position_id":900000027,"entry_type":"OUT_BY","deal_type":"SELL","side":null,"layer_index":null,"role":null,"deal_price":1.11909,"order_price_open":null,"slippage_pips":null,"volume":0.00,"profit":0.00,"swap":0.00,"commission":0.00,"deal_time_broker":"2026-10-07 14:39:43","deal_time_broker_msc":1791383983000,"halted_at_receipt":false,"quarantined_at_receipt":false}
19,-1,1791383983375,scalp,SCALP_CLOSED,{"close_time":"2026-10-07T14:39:43Z","instrument":"EURUSD","direction":"SHORT","entry_price":1.11909,"exit_price":1.11806,"layer_depth":1,"stack_depth":2,"gross_pnl":1.03,"instance_id":"GRIND_EURUSD_OPTC","ejected":false,"rolled":false,"broker_utc_offset_s":10800,"account_login":53077984}
19,-1,1791384255233,ea_event,ROLL_DEFERRED,{"type":"ea_event","seq":69,"ea_time_ms":96006390,"magic":null,"level":"INFO","code":"ROLL_DEFERRED","reason":"L","ticket":null,"detail":{"side":"L","depth":8,"opposite_depth":1,"gate":0,"level":1.11763,"market":1.11763}}
19,-1,1791385838469,ea_event,,{"type":"fill_log","seq":70,"ea_time_ms":96006453,"magic":22260201,"deal_ticket":800000056,"order_ticket":9022,"position_id":900000028,"entry_type":"IN","deal_type":"SELL","side":"S","layer_index":0,"role":"EXT","deal_price":1.11747,"order_price_open":null,"slippage_pips":null,"volume":0.00,"profit":0.00,"swap":0.00,"commission":0.00,"deal_time_broker":"2026-10-07 15:10:38","deal_time_broker_msc":1791385838000,"halted_at_receipt":false,"quarantined_at_receipt":false}
19,-1,1791385841122,ea_event,,{"type":"fill_log","seq":71,"ea_time_ms":96006453,"magic":22260201,"deal_ticket":800000057,"order_ticket":700000057,"position_id":900000011,"entry_type":"OUT_BY","deal_type":"SELL","side":null,"layer_index":null,"role":null,"deal_price":1.11747,"order_price_open":null,"slippage_pips":null,"volume":0.00,"profit":1.01,"swap":0.00,"commission":0.00,"deal_time_broker":"2026-10-07 15:10:41","deal_time_broker_msc":1791385841000,"halted_at_receipt":false,"quarantined_at_receipt":false}
19,-1,1791385841122,ea_event,,{"type":"fill_log","seq":72,"ea_time_ms":96006453,"magic":22260201,"deal_ticket":800000058,"order_ticket":700000057,"position_id":900000028,"entry_type":"OUT_BY","deal_type":"SELL","side":null,"layer_index":null,"role":null,"deal_price":1.11848,"order_price_open":null,"slippage_pips":null,"volume":0.00,"profit":0.00,"swap":0.00,"commission":0.00,"deal_time_broker":"2026-10-07 15:10:41","deal_time_broker_msc":1791385841000,"halted_at_receipt":false,"quarantined_at_receipt":false}
19,-1,1791385841122,scalp,SCALP_CLOSED,{"close_time":"2026-10-07T15:10:41Z","instrument":"EURUSD","direction":"SHORT","entry_price":1.11848,"exit_price":1.11747,"layer_depth":0,"stack_depth":1,"gross_pnl":1.01,"instance_id":"GRIND_EURUSD_OPTC","ejected":false,"rolled":false,"broker_utc_offset_s":10800,"account_login":53077984}
19,-1,1791385841839,ea_event,ROLL_ACCEPTED,{"type":"ea_event","seq":73,"ea_time_ms":96006453,"magic":null,"level":"INFO","code":"ROLL_ACCEPTED","reason":null,"ticket":900000022,"detail":{"ticket":900000022,"side":"L","layer_index":6,"entry":1.11887,"level":1.11763,"target":1.11863,"accrued":0.00000,"clamped":false,"cost":0.00024,"cost_pips":2.4,"rolled":7,"was_ejected":false,"source":"auto","reroll":false,"from_level":0.00000}}
19,-1,1791385914110,ea_event,,{"type":"fill_log","seq":74,"ea_time_ms":96006453,"magic":22260201,"deal_ticket":800000059,"order_ticket":9053,"position_id":900000029,"entry_type":"IN","deal_type":"SELL","side":"S","layer_index":0,"role":"ENT","deal_price":1.11763,"order_price_open":null,"slippage_pips":null,"volume":0.00,"profit":0.00,"swap":0.00,"commission":0.00,"deal_time_broker":"2026-10-07 15:11:54","deal_time_broker_msc":1791385914000,"halted_at_receipt":false,"quarantined_at_receipt":false}
19,-1,1791386461434,ea_event,ROLL_DEFERRED,{"type":"ea_event","seq":75,"ea_time_ms":96006484,"magic":null,"level":"INFO","code":"ROLL_DEFERRED","reason":"L","ticket":null,"detail":{"side":"L","depth":8,"opposite_depth":1,"gate":0,"level":1.11703,"market":1.11702}}
19,-1,1791386683597,ea_event,,{"type":"fill_log","seq":76,"ea_time_ms":96006484,"magic":22260201,"deal_ticket":800000060,"order_ticket":9054,"position_id":900000030,"entry_type":"IN","deal_type":"SELL","side":"S","layer_index":0,"role":"EXT","deal_price":1.11663,"order_price_open":null,"slippage_pips":null,"volume":0.00,"profit":0.00,"swap":0.00,"commission":0.00,"deal_time_broker":"2026-10-07 15:24:43","deal_time_broker_msc":1791386683000,"halted_at_receipt":false,"quarantined_at_receipt":false}
19,-1,1791386684426,ea_event,,{"type":"fill_log","seq":77,"ea_time_ms":96006484,"magic":22260201,"deal_ticket":800000061,"order_ticket":700000061,"position_id":900000029,"entry_type":"OUT_BY","deal_type":"SELL","side":null,"layer_index":null,"role":null,"deal_price":1.11663,"order_price_open":null,"slippage_pips":null,"volume":0.00,"profit":1.00,"swap":0.00,"commission":0.00,"deal_time_broker":"2026-10-07 15:24:44","deal_time_broker_msc":1791386684000,"halted_at_receipt":false,"quarantined_at_receipt":false}
19,-1,1791386684426,ea_event,,{"type":"fill_log","seq":78,"ea_time_ms":96006484,"magic":22260201,"deal_ticket":800000062,"order_ticket":700000061,"position_id":900000030,"entry_type":"OUT_BY","deal_type":"SELL","side":null,"layer_index":null,"role":null,"deal_price":1.11763,"order_price_open":null,"slippage_pips":null,"volume":0.00,"profit":0.00,"swap":0.00,"commission":0.00,"deal_time_broker":"2026-10-07 15:24:44","deal_time_broker_msc":1791386684000,"halted_at_receipt":false,"quarantined_at_receipt":false}
19,-1,1791386684426,scalp,SCALP_CLOSED,{"close_time":"2026-10-07T15:24:44Z","instrument":"EURUSD","direction":"SHORT","entry_price":1.11763,"exit_price":1.11663,"layer_depth":0,"stack_depth":1,"gross_pnl":1.00,"instance_id":"GRIND_EURUSD_OPTC","ejected":false,"rolled":false,"broker_utc_offset_s":10800,"account_login":53077984}
19,-1,1791386684525,ea_event,ROLL_ACCEPTED,{"type":"ea_event","seq":79,"ea_time_ms":96006484,"magic":null,"level":"INFO","code":"ROLL_ACCEPTED","reason":null,"ticket":900000026,"detail":{"ticket":900000026,"side":"L","layer_index":7,"entry":1.11823,"level":1.11703,"target":1.11803,"accrued":0.00000,"clamped":false,"cost":0.00020,"cost_pips":2.0,"rolled":8,"was_ejected":false,"source":"auto","reroll":false,"from_level":0.00000}}
19,-1,1791386743870,ea_event,,{"type":"fill_log","seq":80,"ea_time_ms":96006484,"magic":22260201,"deal_ticket":800000063,"order_ticket":9057,"position_id":900000031,"entry_type":"IN","deal_type":"SELL","side":"S","layer_index":0,"role":"ENT","deal_price":1.11685,"order_price_open":null,"slippage_pips":null,"volume":0.00,"profit":0.00,"swap":0.00,"commission":0.00,"deal_time_broker":"2026-10-07 15:25:43","deal_time_broker_msc":1791386743000,"halted_at_receipt":false,"quarantined_at_receipt":false}
19,-1,1791388809559,ea_event,,{"type":"fill_log","seq":81,"ea_time_ms":96006578,"magic":22260201,"deal_ticket":800000064,"order_ticket":9059,"position_id":900000032,"entry_type":"IN","deal_type":"SELL","side":"S","layer_index":1,"role":"ENT","deal_price":1.11746,"order_price_open":null,"slippage_pips":null,"volume":0.00,"profit":0.00,"swap":0.00,"commission":0.00,"deal_time_broker":"2026-10-07 16:00:09","deal_time_broker_msc":1791388809000,"halted_at_receipt":false,"quarantined_at_receipt":false}
19,-1,1791389197874,ea_event,,{"type":"fill_log","seq":82,"ea_time_ms":96006593,"magic":22260201,"deal_ticket":800000065,"order_ticket":9056,"position_id":900000033,"entry_type":"IN","deal_type":"BUY","side":"L","layer_index":7,"role":"EXT","deal_price":1.11803,"order_price_open":null,"slippage_pips":null,"volume":0.00,"profit":0.00,"swap":0.00,"commission":0.00,"deal_time_broker":"2026-10-07 16:06:37","deal_time_broker_msc":1791389197000,"halted_at_receipt":false,"quarantined_at_receipt":false}
19,-1,1791389198310,ea_event,,{"type":"fill_log","seq":83,"ea_time_ms":96006593,"magic":22260201,"deal_ticket":800000066,"order_ticket":700000066,"position_id":900000026,"entry_type":"OUT_BY","deal_type":"SELL","side":null,"layer_index":null,"role":null,"deal_price":1.11803,"order_price_open":null,"slippage_pips":null,"volume":0.00,"profit":-0.20,"swap":0.00,"commission":0.00,"deal_time_broker":"2026-10-07 16:06:38","deal_time_broker_msc":1791389198000,"halted_at_receipt":false,"quarantined_at_receipt":false}
19,-1,1791389198310,ea_event,ROLL_FILLED,{"type":"ea_event","seq":84,"ea_time_ms":96006593,"magic":null,"level":"INFO","code":"ROLL_FILLED","reason":null,"ticket":900000026,"detail":{"ticket":900000026,"level":1.11703}}
19,-1,1791389198310,ea_event,,{"type":"fill_log","seq":85,"ea_time_ms":96006593,"magic":22260201,"deal_ticket":800000067,"order_ticket":700000066,"position_id":900000033,"entry_type":"OUT_BY","deal_type":"SELL","side":null,"layer_index":null,"role":null,"deal_price":1.11823,"order_price_open":null,"slippage_pips":null,"volume":0.00,"profit":0.00,"swap":0.00,"commission":0.00,"deal_time_broker":"2026-10-07 16:06:38","deal_time_broker_msc":1791389198000,"halted_at_receipt":false,"quarantined_at_receipt":false}
19,-1,1791389198310,scalp,SCALP_CLOSED,{"close_time":"2026-10-07T16:06:38Z","instrument":"EURUSD","direction":"LONG","entry_price":1.11823,"exit_price":1.11803,"layer_depth":7,"stack_depth":8,"gross_pnl":-0.20,"instance_id":"GRIND_EURUSD_OPTC","ejected":false,"rolled":true,"broker_utc_offset_s":10800,"account_login":53077984}
19,-1,1791389660144,ea_event,,{"type":"fill_log","seq":86,"ea_time_ms":96006609,"magic":22260201,"deal_ticket":800000068,"order_ticket":9061,"position_id":900000034,"entry_type":"IN","deal_type":"SELL","side":"S","layer_index":2,"role":"ENT","deal_price":1.11807,"order_price_open":null,"slippage_pips":null,"volume":0.00,"profit":0.00,"swap":0.00,"commission":0.00,"deal_time_broker":"2026-10-07 16:14:20","deal_time_broker_msc":1791389660000,"halted_at_receipt":false,"quarantined_at_receipt":false}
19,-1,1791392064786,ea_event,,{"type":"fill_log","seq":87,"ea_time_ms":96006718,"magic":22260201,"deal_ticket":800000069,"order_ticket":9062,"position_id":900000035,"entry_type":"IN","deal_type":"BUY","side":"L","layer_index":6,"role":"EXT","deal_price":1.11861,"order_price_open":null,"slippage_pips":null,"volume":0.00,"profit":0.00,"swap":0.00,"commission":0.00,"deal_time_broker":"2026-10-07 16:54:24","deal_time_broker_msc":1791392064000,"halted_at_receipt":false,"quarantined_at_receipt":false}
19,-1,1791392065221,ea_event,,{"type":"fill_log","seq":88,"ea_time_ms":96006718,"magic":22260201,"deal_ticket":800000070,"order_ticket":700000070,"position_id":900000022,"entry_type":"OUT_BY","deal_type":"SELL","side":null,"layer_index":null,"role":null,"deal_price":1.11861,"order_price_open":null,"slippage_pips":null,"volume":0.00,"profit":-0.26,"swap":0.00,"commission":0.00,"deal_time_broker":"2026-10-07 16:54:25","deal_time_broker_msc":1791392065000,"halted_at_receipt":false,"quarantined_at_receipt":false}
19,-1,1791392065221,ea_event,ROLL_FILLED,{"type":"ea_event","seq":89,"ea_time_ms":96006718,"magic":null,"level":"INFO","code":"ROLL_FILLED","reason":null,"ticket":900000022,"detail":{"ticket":900000022,"level":1.11763}}
19,-1,1791392065221,ea_event,,{"type":"fill_log","seq":90,"ea_time_ms":96006718,"magic":22260201,"deal_ticket":800000071,"order_ticket":700000070,"position_id":900000035,"entry_type":"OUT_BY","deal_type":"SELL","side":null,"layer_index":null,"role":null,"deal_price":1.11887,"order_price_open":null,"slippage_pips":null,"volume":0.00,"profit":0.00,"swap":0.00,"commission":0.00,"deal_time_broker":"2026-10-07 16:54:25","deal_time_broker_msc":1791392065000,"halted_at_receipt":false,"quarantined_at_receipt":false}
19,-1,1791392065221,scalp,SCALP_CLOSED,{"close_time":"2026-10-07T16:54:25Z","instrument":"EURUSD","direction":"LONG","entry_price":1.11887,"exit_price":1.11861,"layer_depth":6,"stack_depth":7,"gross_pnl":-0.26,"instance_id":"GRIND_EURUSD_OPTC","ejected":false,"rolled":true,"broker_utc_offset_s":10800,"account_login":53077984}
19,-1,1791392071407,ea_event,,{"type":"fill_log","seq":91,"ea_time_ms":96006718,"magic":22260201,"deal_ticket":800000072,"order_ticket":9067,"position_id":900000036,"entry_type":"IN","deal_type":"BUY","side":"L","layer_index":6,"role":"ENT","deal_price":1.11854,"order_price_open":null,"slippage_pips":null,"volume":0.00,"profit":0.00,"swap":0.00,"commission":0.00,"deal_time_broker":"2026-10-07 16:54:31","deal_time_broker_msc":1791392071000,"halted_at_receipt":false,"quarantined_at_receipt":false}
19,-1,1791392394940,ea_event,,{"type":"fill_log","seq":92,"ea_time_ms":96006734,"magic":22260201,"deal_ticket":800000073,"order_ticket":9065,"position_id":900000037,"entry_type":"IN","deal_type":"SELL","side":"S","layer_index":3,"role":"ENT","deal_price":1.11866,"order_price_open":null,"slippage_pips":null,"volume":0.00,"profit":0.00,"swap":0.00,"commission":0.00,"deal_time_broker":"2026-10-07 16:59:54","deal_time_broker_msc":1791392394000,"halted_at_receipt":false,"quarantined_at_receipt":false}
19,-1,1791392779414,ea_event,,{"type":"fill_log","seq":93,"ea_time_ms":96006765,"magic":22260201,"deal_ticket":800000074,"order_ticket":9069,"position_id":900000038,"entry_type":"IN","deal_type":"BUY","side":"L","layer_index":7,"role":"ENT","deal_price":1.11789,"order_price_open":null,"slippage_pips":null,"volume":0.00,"profit":0.00,"swap":0.00,"commission":0.00,"deal_time_broker":"2026-10-07 17:06:19","deal_time_broker_msc":1791392779000,"halted_at_receipt":false,"quarantined_at_receipt":false}
19,-1,1791393362785,ea_event,,{"type":"fill_log","seq":94,"ea_time_ms":96006781,"magic":22260201,"deal_ticket":800000075,"order_ticket":9070,"position_id":900000039,"entry_type":"IN","deal_type":"SELL","side":"S","layer_index":3,"role":"EXT","deal_price":1.11766,"order_price_open":null,"slippage_pips":null,"volume":0.00,"profit":0.00,"swap":0.00,"commission":0.00,"deal_time_broker":"2026-10-07 17:16:02","deal_time_broker_msc":1791393362000,"halted_at_receipt":false,"quarantined_at_receipt":false}
19,-1,1791393363826,ea_event,,{"type":"fill_log","seq":95,"ea_time_ms":96006796,"magic":22260201,"deal_ticket":800000076,"order_ticket":700000076,"position_id":900000037,"entry_type":"OUT_BY","deal_type":"SELL","side":null,"layer_index":null,"role":null,"deal_price":1.11766,"order_price_open":null,"slippage_pips":null,"volume":0.00,"profit":1.00,"swap":0.00,"commission":0.00,"deal_time_broker":"2026-10-07 17:16:03","deal_time_broker_msc":1791393363000,"halted_at_receipt":false,"quarantined_at_receipt":false}
19,-1,1791393363826,ea_event,,{"type":"fill_log","seq":96,"ea_time_ms":96006796,"magic":22260201,"deal_ticket":800000077,"order_ticket":700000076,"position_id":900000039,"entry_type":"OUT_BY","deal_type":"SELL","side":null,"layer_index":null,"role":null,"deal_price":1.11866,"order_price_open":null,"slippage_pips":null,"volume":0.00,"profit":0.00,"swap":0.00,"commission":0.00,"deal_time_broker":"2026-10-07 17:16:03","deal_time_broker_msc":1791393363000,"halted_at_receipt":false,"quarantined_at_receipt":false}
19,-1,1791393363826,scalp,SCALP_CLOSED,{"close_time":"2026-10-07T17:16:03Z","instrument":"EURUSD","direction":"SHORT","entry_price":1.11866,"exit_price":1.11766,"layer_depth":3,"stack_depth":4,"gross_pnl":1.00,"instance_id":"GRIND_EURUSD_OPTC","ejected":false,"rolled":false,"broker_utc_offset_s":10800,"account_login":53077984}
19,-1,1791393897887,ea_event,,{"type":"fill_log","seq":97,"ea_time_ms":96006812,"magic":22260201,"deal_ticket":800000078,"order_ticket":9074,"position_id":900000040,"entry_type":"IN","deal_type":"SELL","side":"S","layer_index":3,"role":"ENT","deal_price":1.11866,"order_price_open":null,"slippage_pips":null,"volume":0.00,"profit":0.00,"swap":0.00,"commission":0.00,"deal_time_broker":"2026-10-07 17:24:57","deal_time_broker_msc":1791393897000,"halted_at_receipt":false,"quarantined_at_receipt":false}
19,-1,1791394771627,ea_event,,{"type":"fill_log","seq":98,"ea_time_ms":96006843,"magic":22260201,"deal_ticket":800000079,"order_ticket":9072,"position_id":900000041,"entry_type":"IN","deal_type":"BUY","side":"L","layer_index":7,"role":"EXT","deal_price":1.11889,"order_price_open":null,"slippage_pips":null,"volume":0.00,"profit":0.00,"swap":0.00,"commission":0.00,"deal_time_broker":"2026-10-07 17:39:31","deal_time_broker_msc":1791394771000,"halted_at_receipt":false,"quarantined_at_receipt":false}
19,-1,1791394772677,ea_event,,{"type":"fill_log","seq":99,"ea_time_ms":96006843,"magic":22260201,"deal_ticket":800000080,"order_ticket":700000080,"position_id":900000038,"entry_type":"OUT_BY","deal_type":"SELL","side":null,"layer_index":null,"role":null,"deal_price":1.11889,"order_price_open":null,"slippage_pips":null,"volume":0.00,"profit":1.00,"swap":0.00,"commission":0.00,"deal_time_broker":"2026-10-07 17:39:32","deal_time_broker_msc":1791394772000,"halted_at_receipt":false,"quarantined_at_receipt":false}
19,-1,1791394772677,ea_event,,{"type":"fill_log","seq":100,"ea_time_ms":96006843,"magic":22260201,"deal_ticket":800000081,"order_ticket":700000080,"position_id":900000041,"entry_type":"OUT_BY","deal_type":"SELL","side":null,"layer_index":null,"role":null,"deal_price":1.11789,"order_price_open":null,"slippage_pips":null,"volume":0.00,"profit":0.00,"swap":0.00,"commission":0.00,"deal_time_broker":"2026-10-07 17:39:32","deal_time_broker_msc":1791394772000,"halted_at_receipt":false,"quarantined_at_receipt":false}
19,-1,1791394772677,scalp,SCALP_CLOSED,{"close_time":"2026-10-07T17:39:32Z","instrument":"EURUSD","direction":"LONG","entry_price":1.11789,"exit_price":1.11889,"layer_depth":7,"stack_depth":8,"gross_pnl":1.00,"instance_id":"GRIND_EURUSD_OPTC","ejected":false,"rolled":false,"broker_utc_offset_s":10800,"account_login":53077984}
19,-1,1791395432771,ea_event,,{"type":"fill_log","seq":101,"ea_time_ms":96006875,"magic":22260201,"deal_ticket":800000082,"order_ticket":9076,"position_id":900000042,"entry_type":"IN","deal_type":"SELL","side":"S","layer_index":4,"role":"ENT","deal_price":1.11927,"order_price_open":null,"slippage_pips":null,"volume":0.00,"profit":0.00,"swap":0.00,"commission":0.00,"deal_time_broker":"2026-10-07 17:50:32","deal_time_broker_msc":1791395432000,"halted_at_receipt":false,"quarantined_at_receipt":false}
19,-1,1791396100727,ea_event,,{"type":"fill_log","seq":102,"ea_time_ms":96006906,"magic":22260201,"deal_ticket":800000083,"order_ticket":9077,"position_id":900000043,"entry_type":"IN","deal_type":"BUY","side":"L","layer_index":6,"role":"EXT","deal_price":1.11954,"order_price_open":null,"slippage_pips":null,"volume":0.00,"profit":0.00,"swap":0.00,"commission":0.00,"deal_time_broker":"2026-10-07 18:01:40","deal_time_broker_msc":1791396100000,"halted_at_receipt":false,"quarantined_at_receipt":false}
19,-1,1791396101161,ea_event,,{"type":"fill_log","seq":103,"ea_time_ms":96006906,"magic":22260201,"deal_ticket":800000084,"order_ticket":700000084,"position_id":900000036,"entry_type":"OUT_BY","deal_type":"SELL","side":null,"layer_index":null,"role":null,"deal_price":1.11954,"order_price_open":null,"slippage_pips":null,"volume":0.00,"profit":1.00,"swap":0.00,"commission":0.00,"deal_time_broker":"2026-10-07 18:01:41","deal_time_broker_msc":1791396101000,"halted_at_receipt":false,"quarantined_at_receipt":false}
19,-1,1791396101161,ea_event,,{"type":"fill_log","seq":104,"ea_time_ms":96006906,"magic":22260201,"deal_ticket":800000085,"order_ticket":700000084,"position_id":900000043,"entry_type":"OUT_BY","deal_type":"SELL","side":null,"layer_index":null,"role":null,"deal_price":1.11854,"order_price_open":null,"slippage_pips":null,"volume":0.00,"profit":0.00,"swap":0.00,"commission":0.00,"deal_time_broker":"2026-10-07 18:01:41","deal_time_broker_msc":1791396101000,"halted_at_receipt":false,"quarantined_at_receipt":false}
19,-1,1791396101161,scalp,SCALP_CLOSED,{"close_time":"2026-10-07T18:01:41Z","instrument":"EURUSD","direction":"LONG","entry_price":1.11854,"exit_price":1.11954,"layer_depth":6,"stack_depth":7,"gross_pnl":1.00,"instance_id":"GRIND_EURUSD_OPTC","ejected":false,"rolled":false,"broker_utc_offset_s":10800,"account_login":53077984}
19,-1,1791396798781,ea_event,,{"type":"fill_log","seq":105,"ea_time_ms":96006937,"magic":22260201,"deal_ticket":800000086,"order_ticket":9080,"position_id":900000044,"entry_type":"IN","deal_type":"SELL","side":"S","layer_index":5,"role":"ENT","deal_price":1.11995,"order_price_open":null,"slippage_pips":null,"volume":0.00,"profit":0.00,"swap":0.00,"commission":0.00,"deal_time_broker":"2026-10-07 18:13:18","deal_time_broker_msc":1791396798000,"halted_at_receipt":false,"quarantined_at_receipt":false}
19,-1,1791397082133,ea_event,,{"type":"fill_log","seq":106,"ea_time_ms":96006953,"magic":22260201,"deal_ticket":800000087,"order_ticket":9083,"position_id":900000045,"entry_type":"IN","deal_type":"SELL","side":"S","layer_index":5,"role":"EXT","deal_price":1.11895,"order_price_open":null,"slippage_pips":null,"volume":0.00,"profit":0.00,"swap":0.00,"commission":0.00,"deal_time_broker":"2026-10-07 18:18:02","deal_time_broker_msc":1791397082000,"halted_at_receipt":false,"quarantined_at_receipt":false}
19,-1,1791397082560,ea_event,,{"type":"fill_log","seq":107,"ea_time_ms":96006953,"magic":22260201,"deal_ticket":800000088,"order_ticket":700000088,"position_id":900000044,"entry_type":"OUT_BY","deal_type":"SELL","side":null,"layer_index":null,"role":null,"deal_price":1.11895,"order_price_open":null,"slippage_pips":null,"volume":0.00,"profit":1.00,"swap":0.00,"commission":0.00,"deal_time_broker":"2026-10-07 18:18:02","deal_time_broker_msc":1791397082000,"halted_at_receipt":false,"quarantined_at_receipt":false}
19,-1,1791397082560,ea_event,,{"type":"fill_log","seq":108,"ea_time_ms":96006953,"magic":22260201,"deal_ticket":800000089,"order_ticket":700000088,"position_id":900000045,"entry_type":"OUT_BY","deal_type":"SELL","side":null,"layer_index":null,"role":null,"deal_price":1.11995,"order_price_open":null,"slippage_pips":null,"volume":0.00,"profit":0.00,"swap":0.00,"commission":0.00,"deal_time_broker":"2026-10-07 18:18:02","deal_time_broker_msc":1791397082000,"halted_at_receipt":false,"quarantined_at_receipt":false}
19,-1,1791397082560,scalp,SCALP_CLOSED,{"close_time":"2026-10-07T18:18:02Z","instrument":"EURUSD","direction":"SHORT","entry_price":1.11995,"exit_price":1.11895,"layer_depth":5,"stack_depth":6,"gross_pnl":1.00,"instance_id":"GRIND_EURUSD_OPTC","ejected":false,"rolled":false,"broker_utc_offset_s":10800,"account_login":53077984}
19,-1,1791397231590,ea_event,,{"type":"fill_log","seq":109,"ea_time_ms":96006968,"magic":22260201,"deal_ticket":800000090,"order_ticket":9082,"position_id":900000046,"entry_type":"IN","deal_type":"BUY","side":"L","layer_index":6,"role":"ENT","deal_price":1.11887,"order_price_open":null,"slippage_pips":null,"volume":0.00,"profit":0.00,"swap":0.00,"commission":0.00,"deal_time_broker":"2026-10-07 18:20:31","deal_time_broker_msc":1791397231000,"halted_at_receipt":false,"quarantined_at_receipt":false}
19,-1,1791399186781,ea_event,,{"type":"fill_log","seq":110,"ea_time_ms":96007046,"magic":22260201,"deal_ticket":800000091,"order_ticket":9085,"position_id":900000047,"entry_type":"IN","deal_type":"SELL","side":"S","layer_index":4,"role":"EXT","deal_price":1.11827,"order_price_open":null,"slippage_pips":null,"volume":0.00,"profit":0.00,"swap":0.00,"commission":0.00,"deal_time_broker":"2026-10-07 18:53:06","deal_time_broker_msc":1791399186000,"halted_at_receipt":false,"quarantined_at_receipt":false}
19,-1,1791399186781,ea_event,,{"type":"fill_log","seq":111,"ea_time_ms":96007046,"magic":22260201,"deal_ticket":800000092,"order_ticket":9088,"position_id":900000048,"entry_type":"IN","deal_type":"BUY","side":"L","layer_index":7,"role":"ENT","deal_price":1.11827,"order_price_open":null,"slippage_pips":null,"volume":0.00,"profit":0.00,"swap":0.00,"commission":0.00,"deal_time_broker":"2026-10-07 18:53:06","deal_time_broker_msc":1791399186000,"halted_at_receipt":false,"quarantined_at_receipt":false}
19,-1,1791399188405,ea_event,,{"type":"fill_log","seq":112,"ea_time_ms":96007046,"magic":22260201,"deal_ticket":800000093,"order_ticket":700000093,"position_id":900000042,"entry_type":"OUT_BY","deal_type":"SELL","side":null,"layer_index":null,"role":null,"deal_price":1.11827,"order_price_open":null,"slippage_pips":null,"volume":0.00,"profit":1.00,"swap":0.00,"commission":0.00,"deal_time_broker":"2026-10-07 18:53:08","deal_time_broker_msc":1791399188000,"halted_at_receipt":false,"quarantined_at_receipt":false}
19,-1,1791399188405,ea_event,,{"type":"fill_log","seq":113,"ea_time_ms":96007046,"magic":22260201,"deal_ticket":800000094,"order_ticket":700000093,"position_id":900000047,"entry_type":"OUT_BY","deal_type":"SELL","side":null,"layer_index":null,"role":null,"deal_price":1.11927,"order_price_open":null,"slippage_pips":null,"volume":0.00,"profit":0.00,"swap":0.00,"commission":0.00,"deal_time_broker":"2026-10-07 18:53:08","deal_time_broker_msc":1791399188000,"halted_at_receipt":false,"quarantined_at_receipt":false}
19,-1,1791399188405,scalp,SCALP_CLOSED,{"close_time":"2026-10-07T18:53:08Z","instrument":"EURUSD","direction":"SHORT","entry_price":1.11927,"exit_price":1.11827,"layer_depth":4,"stack_depth":5,"gross_pnl":1.00,"instance_id":"GRIND_EURUSD_OPTC","ejected":false,"rolled":false,"broker_utc_offset_s":10800,"account_login":53077984}
19,-1,1791400048143,ea_event,,{"type":"fill_log","seq":114,"ea_time_ms":96007078,"magic":22260201,"deal_ticket":800000095,"order_ticket":9089,"position_id":900000049,"entry_type":"IN","deal_type":"BUY","side":"L","layer_index":7,"role":"EXT","deal_price":1.11928,"order_price_open":null,"slippage_pips":null,"volume":0.00,"profit":0.00,"swap":0.00,"commission":0.00,"deal_time_broker":"2026-10-07 19:07:28","deal_time_broker_msc":1791400048000,"halted_at_receipt":false,"quarantined_at_receipt":false}
19,-1,1791400048143,ea_event,,{"type":"fill_log","seq":115,"ea_time_ms":96007078,"magic":22260201,"deal_ticket":800000096,"order_ticket":9091,"position_id":900000050,"entry_type":"IN","deal_type":"SELL","side":"S","layer_index":4,"role":"ENT","deal_price":1.11928,"order_price_open":null,"slippage_pips":null,"volume":0.00,"profit":0.00,"swap":0.00,"commission":0.00,"deal_time_broker":"2026-10-07 19:07:28","deal_time_broker_msc":1791400048000,"halted_at_receipt":false,"quarantined_at_receipt":false}
19,-1,1791400051054,ea_event,,{"type":"fill_log","seq":116,"ea_time_ms":96007078,"magic":22260201,"deal_ticket":800000097,"order_ticket":700000097,"position_id":900000048,"entry_type":"OUT_BY","deal_type":"SELL","side":null,"layer_index":null,"role":null,"deal_price":1.11928,"order_price_open":null,"slippage_pips":null,"volume":0.00,"profit":1.01,"swap":0.00,"commission":0.00,"deal_time_broker":"2026-10-07 19:07:31","deal_time_broker_msc":1791400051000,"halted_at_receipt":false,"quarantined_at_receipt":false}
19,-1,1791400051054,ea_event,,{"type":"fill_log","seq":117,"ea_time_ms":96007078,"magic":22260201,"deal_ticket":800000098,"order_ticket":700000097,"position_id":900000049,"entry_type":"OUT_BY","deal_type":"SELL","side":null,"layer_index":null,"role":null,"deal_price":1.11827,"order_price_open":null,"slippage_pips":null,"volume":0.00,"profit":0.00,"swap":0.00,"commission":0.00,"deal_time_broker":"2026-10-07 19:07:31","deal_time_broker_msc":1791400051000,"halted_at_receipt":false,"quarantined_at_receipt":false}
19,-1,1791400051054,scalp,SCALP_CLOSED,{"close_time":"2026-10-07T19:07:31Z","instrument":"EURUSD","direction":"LONG","entry_price":1.11827,"exit_price":1.11928,"layer_depth":7,"stack_depth":8,"gross_pnl":1.01,"instance_id":"GRIND_EURUSD_OPTC","ejected":false,"rolled":false,"broker_utc_offset_s":10800,"account_login":53077984}
19,-1,1791403833218,ea_event,,{"type":"fill_log","seq":118,"ea_time_ms":96007218,"magic":22260201,"deal_ticket":800000099,"order_ticket":9094,"position_id":900000051,"entry_type":"IN","deal_type":"BUY","side":"L","layer_index":6,"role":"EXT","deal_price":1.11987,"order_price_open":null,"slippage_pips":null,"volume":0.00,"profit":0.00,"swap":0.00,"commission":0.00,"deal_time_broker":"2026-10-07 20:10:33","deal_time_broker_msc":1791403833000,"halted_at_receipt":false,"quarantined_at_receipt":false}
19,-1,1791403836064,ea_event,,{"type":"fill_log","seq":119,"ea_time_ms":96007218,"magic":22260201,"deal_ticket":800000100,"order_ticket":700000100,"position_id":900000046,"entry_type":"OUT_BY","deal_type":"SELL","side":null,"layer_index":null,"role":null,"deal_price":1.11987,"order_price_open":null,"slippage_pips":null,"volume":0.00,"profit":1.00,"swap":0.00,"commission":0.00,"deal_time_broker":"2026-10-07 20:10:36","deal_time_broker_msc":1791403836000,"halted_at_receipt":false,"quarantined_at_receipt":false}
19,-1,1791403836064,ea_event,,{"type":"fill_log","seq":120,"ea_time_ms":96007218,"magic":22260201,"deal_ticket":800000101,"order_ticket":700000100,"position_id":900000051,"entry_type":"OUT_BY","deal_type":"SELL","side":null,"layer_index":null,"role":null,"deal_price":1.11887,"order_price_open":null,"slippage_pips":null,"volume":0.00,"profit":0.00,"swap":0.00,"commission":0.00,"deal_time_broker":"2026-10-07 20:10:36","deal_time_broker_msc":1791403836000,"halted_at_receipt":false,"quarantined_at_receipt":false}
19,-1,1791403836064,scalp,SCALP_CLOSED,{"close_time":"2026-10-07T20:10:36Z","instrument":"EURUSD","direction":"LONG","entry_price":1.11887,"exit_price":1.11987,"layer_depth":6,"stack_depth":7,"gross_pnl":1.00,"instance_id":"GRIND_EURUSD_OPTC","ejected":false,"rolled":false,"broker_utc_offset_s":10800,"account_login":53077984}
19,-1,1791403877456,ea_event,,{"type":"fill_log","seq":121,"ea_time_ms":96007218,"magic":22260201,"deal_ticket":800000102,"order_ticket":9093,"position_id":900000052,"entry_type":"IN","deal_type":"SELL","side":"S","layer_index":5,"role":"ENT","deal_price":1.11988,"order_price_open":null,"slippage_pips":null,"volume":0.00,"profit":0.00,"swap":0.00,"commission":0.00,"deal_time_broker":"2026-10-07 20:11:17","deal_time_broker_msc":1791403877000,"halted_at_receipt":false,"quarantined_at_receipt":false}
19,-1,1791417036002,ea_event,CARRY_SNAPSHOT,{"type":"ea_event","seq":122,"ea_time_ms":96007546,"magic":null,"level":"INFO","code":"CARRY_SNAPSHOT","reason":"EURUSD","ticket":null,"detail":{"symbol":"EURUSD","swap_mode":1,"swap_long":-7.9900,"swap_short":1.3100,"multiplier":3,"day_of_week":3,"rollover3days":3,"digits":5,"point":0.00001000,"tick_value":1.00000000,"tick_size":0.00001000,"stops_level":0,"freeze_level":0,"long_pips":-2.397,"short_pips":0.393,"eligible_long":6,"eligible_short":6,"trade_mode_full":true,"mult_today":3,"mult_tomorrow":1,"accrued_swap_long":0.00,"accrued_swap_short":0.00}}
19,-1,1791417036002,ea_event,CARRY_EXIT_SHIFT,{"type":"ea_event","seq":123,"ea_time_ms":96007546,"magic":null,"level":"INFO","code":"CARRY_EXIT_SHIFT","reason":"EURUSD","ticket":null,"detail":{"position_ticket":1990101837,"side":"long","layer_index":0,"accrued_ledger_pips":-0.800,"pending_pips":-0.799,"accrued_pips_total":-1.599,"old_price":1.12371,"new_price":1.12363,"clamped":false,"sign_guard_skipped":false,"retcode":10009,"points_native_pips":-0.799}}
19,-1,1791417156002,ea_event,CARRY_EXIT_SHIFT,{"type":"ea_event","seq":124,"ea_time_ms":96007546,"magic":null,"level":"INFO","code":"CARRY_EXIT_SHIFT","reason":"EURUSD","ticket":null,"detail":{"position_ticket":1991561135,"side":"long","layer_index":5,"accrued_ledger_pips":0.000,"pending_pips":-0.799,"accrued_pips_total":-0.799,"old_price":1.12047,"new_price":1.12055,"clamped":false,"sign_guard_skipped":false,"retcode":10009,"points_native_pips":-0.799}}
19,-1,1791417216002,ea_event,CARRY_EXIT_SHIFT,{"type":"ea_event","seq":125,"ea_time_ms":96007546,"magic":null,"level":"INFO","code":"CARRY_EXIT_SHIFT","reason":"EURUSD","ticket":null,"detail":{"position_ticket":900000031,"side":"short","layer_index":0,"accrued_ledger_pips":0.000,"pending_pips":0.131,"accrued_pips_total":0.131,"old_price":1.11585,"new_price":1.11586,"clamped":false,"sign_guard_skipped":false,"retcode":10009,"points_native_pips":0.131}}
19,-1,1791417336002,ea_event,CARRY_EXIT_SHIFT,{"type":"ea_event","seq":126,"ea_time_ms":96007546,"magic":null,"level":"INFO","code":"CARRY_EXIT_SHIFT","reason":"EURUSD","ticket":null,"detail":{"position_ticket":900000052,"side":"short","layer_index":5,"accrued_ledger_pips":0.000,"pending_pips":0.131,"accrued_pips_total":0.131,"old_price":1.11888,"new_price":1.11889,"clamped":false,"sign_guard_skipped":false,"retcode":10009,"points_native_pips":0.131}}
19,-1,1791417336002,ea_event,CARRY_PASS_SUMMARY,{"type":"ea_event","seq":127,"ea_time_ms":96007546,"magic":null,"level":"INFO","code":"CARRY_PASS_SUMMARY","reason":"EURUSD","ticket":null,"detail":{"eligible":12,"shifted":4,"clamped":0,"skipped":0,"failed":0,"incomplete":false}}
19,-1,1791434786521,ea_event,,{"type":"fill_log","seq":128,"ea_time_ms":96007812,"magic":22260201,"deal_ticket":800000103,"order_ticket":9099,"position_id":900000053,"entry_type":"IN","deal_type":"SELL","side":"S","layer_index":6,"role":"ENT","deal_price":1.12048,"order_price_open":null,"slippage_pips":null,"volume":0.00,"profit":0.00,"swap":0.00,"commission":0.00,"deal_time_broker":"2026-10-08 04:46:26","deal_time_broker_msc":1791434786000,"halted_at_receipt":false,"quarantined_at_receipt":false}
19,-1,1791434902648,ea_event,,{"type":"fill_log","seq":129,"ea_time_ms":96007828,"magic":22260201,"deal_ticket":800000104,"order_ticket":9096,"position_id":900000054,"entry_type":"IN","deal_type":"BUY","side":"L","layer_index":5,"role":"EXT","deal_price":1.12055,"order_price_open":null,"slippage_pips":null,"volume":0.00,"profit":0.00,"swap":0.00,"commission":0.00,"deal_time_broker":"2026-10-08 04:48:22","deal_time_broker_msc":1791434902000,"halted_at_receipt":false,"quarantined_at_receipt":false}
19,-1,1791434903278,ea_event,,{"type":"fill_log","seq":130,"ea_time_ms":96007828,"magic":22260201,"deal_ticket":800000105,"order_ticket":700000105,"position_id":1991561135,"entry_type":"OUT_BY","deal_type":"SELL","side":null,"layer_index":null,"role":null,"deal_price":1.12055,"order_price_open":null,"slippage_pips":null,"volume":0.00,"profit":-3.72,"swap":-0.24,"commission":0.00,"deal_time_broker":"2026-10-08 04:48:23","deal_time_broker_msc":1791434903000,"halted_at_receipt":false,"quarantined_at_receipt":false}
19,-1,1791434903278,ea_event,ROLL_FILLED,{"type":"ea_event","seq":131,"ea_time_ms":96007828,"magic":null,"level":"INFO","code":"ROLL_FILLED","reason":null,"ticket":1991561135,"detail":{"ticket":1991561135,"level":1.11947}}
19,-1,1791434903278,ea_event,,{"type":"fill_log","seq":132,"ea_time_ms":96007828,"magic":22260201,"deal_ticket":800000106,"order_ticket":700000105,"position_id":900000054,"entry_type":"OUT_BY","deal_type":"SELL","side":null,"layer_index":null,"role":null,"deal_price":1.12427,"order_price_open":null,"slippage_pips":null,"volume":0.00,"profit":0.00,"swap":0.00,"commission":0.00,"deal_time_broker":"2026-10-08 04:48:23","deal_time_broker_msc":1791434903000,"halted_at_receipt":false,"quarantined_at_receipt":false}
19,-1,1791434903278,scalp,SCALP_CLOSED,{"close_time":"2026-10-08T04:48:23Z","instrument":"EURUSD","direction":"LONG","entry_price":1.12427,"exit_price":1.12055,"layer_depth":5,"stack_depth":6,"gross_pnl":-3.96,"instance_id":"GRIND_EURUSD_OPTC","ejected":false,"rolled":true,"broker_utc_offset_s":10800,"account_login":53077984}
19,-1,1791436500942,ea_event,,{"type":"fill_log","seq":133,"ea_time_ms":96007859,"magic":22260201,"deal_ticket":800000107,"order_ticket":9101,"position_id":900000055,"entry_type":"IN","deal_type":"SELL","side":"S","layer_index":7,"role":"ENT","deal_price":1.12109,"order_price_open":null,"slippage_pips":null,"volume":0.00,"profit":0.00,"swap":0.00,"commission":0.00,"deal_time_broker":"2026-10-08 05:15:00","deal_time_broker_msc":1791436500000,"halted_at_receipt":false,"quarantined_at_receipt":false}
19,-1,1791436502951,ea_event,,{"type":"fill_log","seq":134,"ea_time_ms":96007859,"magic":22260201,"deal_ticket":800000108,"order_ticket":9102,"position_id":900000056,"entry_type":"IN","deal_type":"BUY","side":"L","layer_index":4,"role":"EXT","deal_price":1.12116,"order_price_open":null,"slippage_pips":null,"volume":0.00,"profit":0.00,"swap":0.00,"commission":0.00,"deal_time_broker":"2026-10-08 05:15:02","deal_time_broker_msc":1791436502000,"halted_at_receipt":false,"quarantined_at_receipt":false}
19,-1,1791436514646,ea_event,,{"type":"fill_log","seq":135,"ea_time_ms":96007859,"magic":22260201,"deal_ticket":800000109,"order_ticket":700000109,"position_id":1991419957,"entry_type":"OUT_BY","deal_type":"SELL","side":null,"layer_index":null,"role":null,"deal_price":1.12116,"order_price_open":null,"slippage_pips":null,"volume":0.00,"profit":-3.73,"swap":-0.24,"commission":0.00,"deal_time_broker":"2026-10-08 05:15:14","deal_time_broker_msc":1791436514000,"halted_at_receipt":false,"quarantined_at_receipt":false}
19,-1,1791436514646,ea_event,ROLL_FILLED,{"type":"ea_event","seq":136,"ea_time_ms":96007859,"magic":null,"level":"INFO","code":"ROLL_FILLED","reason":null,"ticket":1991419957,"detail":{"ticket":1991419957,"level":1.12007}}
19,-1,1791436514646,ea_event,,{"type":"fill_log","seq":137,"ea_time_ms":96007859,"magic":22260201,"deal_ticket":800000110,"order_ticket":700000109,"position_id":900000056,"entry_type":"OUT_BY","deal_type":"SELL","side":null,"layer_index":null,"role":null,"deal_price":1.12489,"order_price_open":null,"slippage_pips":null,"volume":0.00,"profit":0.00,"swap":0.00,"commission":0.00,"deal_time_broker":"2026-10-08 05:15:14","deal_time_broker_msc":1791436514000,"halted_at_receipt":false,"quarantined_at_receipt":false}
19,-1,1791436514646,scalp,SCALP_CLOSED,{"close_time":"2026-10-08T05:15:14Z","instrument":"EURUSD","direction":"LONG","entry_price":1.12489,"exit_price":1.12116,"layer_depth":4,"stack_depth":5,"gross_pnl":-3.97,"instance_id":"GRIND_EURUSD_OPTC","ejected":false,"rolled":true,"broker_utc_offset_s":10800,"account_login":53077984}
19,-1,1791439279787,ea_event,,{"type":"fill_log","seq":138,"ea_time_ms":96007906,"magic":22260201,"deal_ticket":800000111,"order_ticket":9104,"position_id":900000057,"entry_type":"IN","deal_type":"SELL","side":"S","layer_index":7,"role":"EXT","deal_price":1.12009,"order_price_open":null,"slippage_pips":null,"volume":0.00,"profit":0.00,"swap":0.00,"commission":0.00,"deal_time_broker":"2026-10-08 06:01:19","deal_time_broker_msc":1791439279000,"halted_at_receipt":false,"quarantined_at_receipt":false}
19,-1,1791439281028,ea_event,,{"type":"fill_log","seq":139,"ea_time_ms":96007906,"magic":22260201,"deal_ticket":800000112,"order_ticket":700000112,"position_id":900000055,"entry_type":"OUT_BY","deal_type":"SELL","side":null,"layer_index":null,"role":null,"deal_price":1.12009,"order_price_open":null,"slippage_pips":null,"volume":0.00,"profit":1.00,"swap":0.00,"commission":0.00,"deal_time_broker":"2026-10-08 06:01:21","deal_time_broker_msc":1791439281000,"halted_at_receipt":false,"quarantined_at_receipt":false}
19,-1,1791439281028,ea_event,,{"type":"fill_log","seq":140,"ea_time_ms":96007906,"magic":22260201,"deal_ticket":800000113,"order_ticket":700000112,"position_id":900000057,"entry_type":"OUT_BY","deal_type":"SELL","side":null,"layer_index":null,"role":null,"deal_price":1.12109,"order_price_open":null,"slippage_pips":null,"volume":0.00,"profit":0.00,"swap":0.00,"commission":0.00,"deal_time_broker":"2026-10-08 06:01:21","deal_time_broker_msc":1791439281000,"halted_at_receipt":false,"quarantined_at_receipt":false}
19,-1,1791439281028,scalp,SCALP_CLOSED,{"close_time":"2026-10-08T06:01:21Z","instrument":"EURUSD","direction":"SHORT","entry_price":1.12109,"exit_price":1.12009,"layer_depth":7,"stack_depth":8,"gross_pnl":1.00,"instance_id":"GRIND_EURUSD_OPTC","ejected":false,"rolled":false,"broker_utc_offset_s":10800,"account_login":53077984}
19,-1,1791439307349,ea_event,,{"type":"fill_log","seq":141,"ea_time_ms":96007906,"magic":22260201,"deal_ticket":800000114,"order_ticket":9106,"position_id":900000058,"entry_type":"IN","deal_type":"BUY","side":"L","layer_index":4,"role":"ENT","deal_price":1.12002,"order_price_open":null,"slippage_pips":null,"volume":0.00,"profit":0.00,"swap":0.00,"commission":0.00,"deal_time_broker":"2026-10-08 06:01:47","deal_time_broker_msc":1791439307000,"halted_at_receipt":false,"quarantined_at_receipt":false}
19,-1,1791449592914,ea_event,,{"type":"fill_log","seq":142,"ea_time_ms":96008062,"magic":22260201,"deal_ticket":800000115,"order_ticket":9107,"position_id":900000059,"entry_type":"IN","deal_type":"SELL","side":"S","layer_index":6,"role":"EXT","deal_price":1.11947,"order_price_open":null,"slippage_pips":null,"volume":0.00,"profit":0.00,"swap":0.00,"commission":0.00,"deal_time_broker":"2026-10-08 08:53:12","deal_time_broker_msc":1791449592000,"halted_at_receipt":false,"quarantined_at_receipt":false}
19,-1,1791449593741,ea_event,,{"type":"fill_log","seq":143,"ea_time_ms":96008062,"magic":22260201,"deal_ticket":800000116,"order_ticket":700000116,"position_id":900000053,"entry_type":"OUT_BY","deal_type":"SELL","side":null,"layer_index":null,"role":null,"deal_price":1.11947,"order_price_open":null,"slippage_pips":null,"volume":0.00,"profit":1.01,"swap":0.00,"commission":0.00,"deal_time_broker":"2026-10-08 08:53:13","deal_time_broker_msc":1791449593000,"halted_at_receipt":false,"quarantined_at_receipt":false}
19,-1,1791449593741,ea_event,,{"type":"fill_log","seq":144,"ea_time_ms":96008062,"magic":22260201,"deal_ticket":800000117,"order_ticket":700000116,"position_id":900000059,"entry_type":"OUT_BY","deal_type":"SELL","side":null,"layer_index":null,"role":null,"deal_price":1.12048,"order_price_open":null,"slippage_pips":null,"volume":0.00,"profit":0.00,"swap":0.00,"commission":0.00,"deal_time_broker":"2026-10-08 08:53:13","deal_time_broker_msc":1791449593000,"halted_at_receipt":false,"quarantined_at_receipt":false}
19,-1,1791449593741,scalp,SCALP_CLOSED,{"close_time":"2026-10-08T08:53:13Z","instrument":"EURUSD","direction":"SHORT","entry_price":1.12048,"exit_price":1.11947,"layer_depth":6,"stack_depth":7,"gross_pnl":1.01,"instance_id":"GRIND_EURUSD_OPTC","ejected":false,"rolled":false,"broker_utc_offset_s":10800,"account_login":53077984}
19,-1,1791449618232,ea_event,,{"type":"fill_log","seq":145,"ea_time_ms":96008062,"magic":22260201,"deal_ticket":800000118,"order_ticket":9110,"position_id":900000060,"entry_type":"IN","deal_type":"BUY","side":"L","layer_index":5,"role":"ENT","deal_price":1.11942,"order_price_open":null,"slippage_pips":null,"volume":0.00,"profit":0.00,"swap":0.00,"commission":0.00,"deal_time_broker":"2026-10-08 08:53:38","deal_time_broker_msc":1791449618000,"halted_at_receipt":false,"quarantined_at_receipt":false}
19,-1,1791453626478,ea_event,,{"type":"fill_log","seq":146,"ea_time_ms":96008203,"magic":22260201,"deal_ticket":800000119,"order_ticket":9111,"position_id":900000061,"entry_type":"IN","deal_type":"SELL","side":"S","layer_index":5,"role":"EXT","deal_price":1.11884,"order_price_open":null,"slippage_pips":null,"volume":0.00,"profit":0.00,"swap":0.00,"commission":0.00,"deal_time_broker":"2026-10-08 10:00:26","deal_time_broker_msc":1791453626000,"halted_at_receipt":false,"quarantined_at_receipt":false}
19,-1,1791453626910,ea_event,,{"type":"fill_log","seq":147,"ea_time_ms":96008203,"magic":22260201,"deal_ticket":800000120,"order_ticket":700000120,"position_id":900000052,"entry_type":"OUT_BY","deal_type":"SELL","side":null,"layer_index":null,"role":null,"deal_price":1.11884,"order_price_open":null,"slippage_pips":null,"volume":0.00,"profit":1.04,"swap":0.04,"commission":0.00,"deal_time_broker":"2026-10-08 10:00:26","deal_time_broker_msc":1791453626000,"halted_at_receipt":false,"quarantined_at_receipt":false}
19,-1,1791453626910,ea_event,,{"type":"fill_log","seq":148,"ea_time_ms":96008203,"magic":22260201,"deal_ticket":800000121,"order_ticket":700000120,"position_id":900000061,"entry_type":"OUT_BY","deal_type":"SELL","side":null,"layer_index":null,"role":null,"deal_price":1.11988,"order_price_open":null,"slippage_pips":null,"volume":0.00,"profit":0.00,"swap":0.00,"commission":0.00,"deal_time_broker":"2026-10-08 10:00:26","deal_time_broker_msc":1791453626000,"halted_at_receipt":false,"quarantined_at_receipt":false}
19,-1,1791453626910,scalp,SCALP_CLOSED,{"close_time":"2026-10-08T10:00:26Z","instrument":"EURUSD","direction":"SHORT","entry_price":1.11988,"exit_price":1.11884,"layer_depth":5,"stack_depth":6,"gross_pnl":1.08,"instance_id":"GRIND_EURUSD_OPTC","ejected":false,"rolled":false,"broker_utc_offset_s":10800,"account_login":53077984}
19,-1,1791453630733,ea_event,,{"type":"fill_log","seq":149,"ea_time_ms":96008203,"magic":22260201,"deal_ticket":800000122,"order_ticket":9114,"position_id":900000062,"entry_type":"IN","deal_type":"BUY","side":"L","layer_index":6,"role":"ENT","deal_price":1.11880,"order_price_open":null,"slippage_pips":null,"volume":0.00,"profit":0.00,"swap":0.00,"commission":0.00,"deal_time_broker":"2026-10-08 10:00:30","deal_time_broker_msc":1791453630000,"halted_at_receipt":false,"quarantined_at_receipt":false}
19,-1,1791453997168,ea_event,,{"type":"fill_log","seq":150,"ea_time_ms":96008218,"magic":22260201,"deal_ticket":800000123,"order_ticket":9115,"position_id":900000063,"entry_type":"IN","deal_type":"SELL","side":"S","layer_index":4,"role":"EXT","deal_price":1.11825,"order_price_open":null,"slippage_pips":null,"volume":0.00,"profit":0.00,"swap":0.00,"commission":0.00,"deal_time_broker":"2026-10-08 10:06:37","deal_time_broker_msc":1791453997000,"halted_at_receipt":false,"quarantined_at_receipt":false}
19,-1,1791453997823,ea_event,,{"type":"fill_log","seq":151,"ea_time_ms":96008218,"magic":22260201,"deal_ticket":800000124,"order_ticket":700000124,"position_id":900000050,"entry_type":"OUT_BY","deal_type":"SELL","side":null,"layer_index":null,"role":null,"deal_price":1.11825,"order_price_open":null,"slippage_pips":null,"volume":0.00,"profit":1.03,"swap":0.04,"commission":0.00,"deal_time_broker":"2026-10-08 10:06:37","deal_time_broker_msc":1791453997000,"halted_at_receipt":false,"quarantined_at_receipt":false}
19,-1,1791453997823,ea_event,,{"type":"fill_log","seq":152,"ea_time_ms":96008218,"magic":22260201,"deal_ticket":800000125,"order_ticket":700000124,"position_id":900000063,"entry_type":"OUT_BY","deal_type":"SELL","side":null,"layer_index":null,"role":null,"deal_price":1.11928,"order_price_open":null,"slippage_pips":null,"volume":0.00,"profit":0.00,"swap":0.00,"commission":0.00,"deal_time_broker":"2026-10-08 10:06:37","deal_time_broker_msc":1791453997000,"halted_at_receipt":false,"quarantined_at_receipt":false}
19,-1,1791453997823,scalp,SCALP_CLOSED,{"close_time":"2026-10-08T10:06:37Z","instrument":"EURUSD","direction":"SHORT","entry_price":1.11928,"exit_price":1.11825,"layer_depth":4,"stack_depth":5,"gross_pnl":1.07,"instance_id":"GRIND_EURUSD_OPTC","ejected":false,"rolled":false,"broker_utc_offset_s":10800,"account_login":53077984}
19,-1,1791454429426,ea_event,,{"type":"fill_log","seq":153,"ea_time_ms":96008250,"magic":22260201,"deal_ticket":800000126,"order_ticket":9120,"position_id":900000064,"entry_type":"IN","deal_type":"SELL","side":"S","layer_index":4,"role":"ENT","deal_price":1.11925,"order_price_open":null,"slippage_pips":null,"volume":0.00,"profit":0.00,"swap":0.00,"commission":0.00,"deal_time_broker":"2026-10-08 10:13:49","deal_time_broker_msc":1791454429000,"halted_at_receipt":false,"quarantined_at_receipt":false}
19,-1,1791457569291,ea_event,,{"type":"fill_log","seq":154,"ea_time_ms":96008343,"magic":22260201,"deal_ticket":800000127,"order_ticket":9117,"position_id":900000065,"entry_type":"IN","deal_type":"BUY","side":"L","layer_index":6,"role":"EXT","deal_price":1.11983,"order_price_open":null,"slippage_pips":null,"volume":0.00,"profit":0.00,"swap":0.00,"commission":0.00,"deal_time_broker":"2026-10-08 11:06:09","deal_time_broker_msc":1791457569000,"halted_at_receipt":false,"quarantined_at_receipt":false}
19,-1,1791457569725,ea_event,,{"type":"fill_log","seq":155,"ea_time_ms":96008343,"magic":22260201,"deal_ticket":800000128,"order_ticket":700000128,"position_id":900000062,"entry_type":"OUT_BY","deal_type":"SELL","side":null,"layer_index":null,"role":null,"deal_price":1.11983,"order_price_open":null,"slippage_pips":null,"volume":0.00,"profit":1.03,"swap":0.00,"commission":0.00,"deal_time_broker":"2026-10-08 11:06:09","deal_time_broker_msc":1791457569000,"halted_at_receipt":false,"quarantined_at_receipt":false}
19,-1,1791457569725,ea_event,,{"type":"fill_log","seq":156,"ea_time_ms":96008343,"magic":22260201,"deal_ticket":800000129,"order_ticket":700000128,"position_id":900000065,"entry_type":"OUT_BY","deal_type":"SELL","side":null,"layer_index":null,"role":null,"deal_price":1.11880,"order_price_open":null,"slippage_pips":null,"volume":0.00,"profit":0.00,"swap":0.00,"commission":0.00,"deal_time_broker":"2026-10-08 11:06:09","deal_time_broker_msc":1791457569000,"halted_at_receipt":false,"quarantined_at_receipt":false}
19,-1,1791457569725,scalp,SCALP_CLOSED,{"close_time":"2026-10-08T11:06:09Z","instrument":"EURUSD","direction":"LONG","entry_price":1.11880,"exit_price":1.11983,"layer_depth":6,"stack_depth":7,"gross_pnl":1.03,"instance_id":"GRIND_EURUSD_OPTC","ejected":false,"rolled":false,"broker_utc_offset_s":10800,"account_login":53077984}
19,-1,1791458022112,ea_event,,{"type":"fill_log","seq":157,"ea_time_ms":96008359,"magic":22260201,"deal_ticket":800000130,"order_ticket":9122,"position_id":900000066,"entry_type":"IN","deal_type":"SELL","side":"S","layer_index":5,"role":"ENT","deal_price":1.11986,"order_price_open":null,"slippage_pips":null,"volume":0.00,"profit":0.00,"swap":0.00,"commission":0.00,"deal_time_broker":"2026-10-08 11:13:42","deal_time_broker_msc":1791458022000,"halted_at_receipt":false,"quarantined_at_receipt":false}
19,-1,1791459271909,ea_event,,{"type":"fill_log","seq":158,"ea_time_ms":96008406,"magic":22260201,"deal_ticket":800000131,"order_ticket":9125,"position_id":900000067,"entry_type":"IN","deal_type":"SELL","side":"S","layer_index":5,"role":"EXT","deal_price":1.11886,"order_price_open":null,"slippage_pips":null,"volume":0.00,"profit":0.00,"swap":0.00,"commission":0.00,"deal_time_broker":"2026-10-08 11:34:31","deal_time_broker_msc":1791459271000,"halted_at_receipt":false,"quarantined_at_receipt":false}
19,-1,1791459273353,ea_event,,{"type":"fill_log","seq":159,"ea_time_ms":96008406,"magic":22260201,"deal_ticket":800000132,"order_ticket":700000132,"position_id":900000066,"entry_type":"OUT_BY","deal_type":"SELL","side":null,"layer_index":null,"role":null,"deal_price":1.11886,"order_price_open":null,"slippage_pips":null,"volume":0.00,"profit":1.00,"swap":0.00,"commission":0.00,"deal_time_broker":"2026-10-08 11:34:33","deal_time_broker_msc":1791459273000,"halted_at_receipt":false,"quarantined_at_receipt":false}
19,-1,1791459273353,ea_event,,{"type":"fill_log","seq":160,"ea_time_ms":96008406,"magic":22260201,"deal_ticket":800000133,"order_ticket":700000132,"position_id":900000067,"entry_type":"OUT_BY","deal_type":"SELL","side":null,"layer_index":null,"role":null,"deal_price":1.11986,"order_price_open":null,"slippage_pips":null,"volume":0.00,"profit":0.00,"swap":0.00,"commission":0.00,"deal_time_broker":"2026-10-08 11:34:33","deal_time_broker_msc":1791459273000,"halted_at_receipt":false,"quarantined_at_receipt":false}
19,-1,1791459273353,scalp,SCALP_CLOSED,{"close_time":"2026-10-08T11:34:33Z","instrument":"EURUSD","direction":"SHORT","entry_price":1.11986,"exit_price":1.11886,"layer_depth":5,"stack_depth":6,"gross_pnl":1.00,"instance_id":"GRIND_EURUSD_OPTC","ejected":false,"rolled":false,"broker_utc_offset_s":10800,"account_login":53077984}
19,-1,1791459286991,ea_event,,{"type":"fill_log","seq":161,"ea_time_ms":96008406,"magic":22260201,"deal_ticket":800000134,"order_ticket":9124,"position_id":900000068,"entry_type":"IN","deal_type":"BUY","side":"L","layer_index":6,"role":"ENT","deal_price":1.11880,"order_price_open":null,"slippage_pips":null,"volume":0.00,"profit":0.00,"swap":0.00,"commission":0.00,"deal_time_broker":"2026-10-08 11:34:46","deal_time_broker_msc":1791459286000,"halted_at_receipt":false,"quarantined_at_receipt":false}
19,-1,1791461578850,ea_event,,{"type":"fill_log","seq":162,"ea_time_ms":96008515,"magic":22260201,"deal_ticket":800000135,"order_ticket":9127,"position_id":900000069,"entry_type":"IN","deal_type":"SELL","side":"S","layer_index":4,"role":"EXT","deal_price":1.11824,"order_price_open":null,"slippage_pips":null,"volume":0.00,"profit":0.00,"swap":0.00,"commission":0.00,"deal_time_broker":"2026-10-08 12:12:58","deal_time_broker_msc":1791461578000,"halted_at_receipt":false,"quarantined_at_receipt":false}
19,-1,1791461579281,ea_event,,{"type":"fill_log","seq":163,"ea_time_ms":96008515,"magic":22260201,"deal_ticket":800000136,"order_ticket":700000136,"position_id":900000064,"entry_type":"OUT_BY","deal_type":"SELL","side":null,"layer_index":null,"role":null,"deal_price":1.11824,"order_price_open":null,"slippage_pips":null,"volume":0.00,"profit":1.01,"swap":0.00,"commission":0.00,"deal_time_broker":"2026-10-08 12:12:59","deal_time_broker_msc":1791461579000,"halted_at_receipt":false,"quarantined_at_receipt":false}
19,-1,1791461579281,ea_event,,{"type":"fill_log","seq":164,"ea_time_ms":96008515,"magic":22260201,"deal_ticket":800000137,"order_ticket":700000136,"position_id":900000069,"entry_type":"OUT_BY","deal_type":"SELL","side":null,"layer_index":null,"role":null,"deal_price":1.11925,"order_price_open":null,"slippage_pips":null,"volume":0.00,"profit":0.00,"swap":0.00,"commission":0.00,"deal_time_broker":"2026-10-08 12:12:59","deal_time_broker_msc":1791461579000,"halted_at_receipt":false,"quarantined_at_receipt":false}
19,-1,1791461579281,scalp,SCALP_CLOSED,{"close_time":"2026-10-08T12:12:59Z","instrument":"EURUSD","direction":"SHORT","entry_price":1.11925,"exit_price":1.11824,"layer_depth":4,"stack_depth":5,"gross_pnl":1.01,"instance_id":"GRIND_EURUSD_OPTC","ejected":false,"rolled":false,"broker_utc_offset_s":10800,"account_login":53077984}
19,-1,1791461590704,ea_event,,{"type":"fill_log","seq":165,"ea_time_ms":96008515,"magic":22260201,"deal_ticket":800000138,"order_ticket":9130,"position_id":900000070,"entry_type":"IN","deal_type":"BUY","side":"L","layer_index":7,"role":"ENT","deal_price":1.11820,"order_price_open":null,"slippage_pips":null,"volume":0.00,"profit":0.00,"swap":0.00,"commission":0.00,"deal_time_broker":"2026-10-08 12:13:10","deal_time_broker_msc":1791461590000,"halted_at_receipt":false,"quarantined_at_receipt":false}
19,-1,1791462936236,ea_event,,{"type":"fill_log","seq":166,"ea_time_ms":96008562,"magic":22260201,"deal_ticket":800000139,"order_ticket":9133,"position_id":900000071,"entry_type":"IN","deal_type":"BUY","side":"L","layer_index":7,"role":"EXT","deal_price":1.11920,"order_price_open":null,"slippage_pips":null,"volume":0.00,"profit":0.00,"swap":0.00,"commission":0.00,"deal_time_broker":"2026-10-08 12:35:36","deal_time_broker_msc":1791462936000,"halted_at_receipt":false,"quarantined_at_receipt":false}
19,-1,1791462936682,ea_event,,{"type":"fill_log","seq":167,"ea_time_ms":96008562,"magic":22260201,"deal_ticket":800000140,"order_ticket":700000140,"position_id":900000070,"entry_type":"OUT_BY","deal_type":"SELL","side":null,"layer_index":null,"role":null,"deal_price":1.11920,"order_price_open":null,"slippage_pips":null,"volume":0.00,"profit":1.00,"swap":0.00,"commission":0.00,"deal_time_broker":"2026-10-08 12:35:36","deal_time_broker_msc":1791462936000,"halted_at_receipt":false,"quarantined_at_receipt":false}
19,-1,1791462936682,ea_event,,{"type":"fill_log","seq":168,"ea_time_ms":96008562,"magic":22260201,"deal_ticket":800000141,"order_ticket":700000140,"position_id":900000071,"entry_type":"OUT_BY","deal_type":"SELL","side":null,"layer_index":null,"role":null,"deal_price":1.11820,"order_price_open":null,"slippage_pips":null,"volume":0.00,"profit":0.00,"swap":0.00,"commission":0.00,"deal_time_broker":"2026-10-08 12:35:36","deal_time_broker_msc":1791462936000,"halted_at_receipt":false,"quarantined_at_receipt":false}
19,-1,1791462936682,scalp,SCALP_CLOSED,{"close_time":"2026-10-08T12:35:36Z","instrument":"EURUSD","direction":"LONG","entry_price":1.11820,"exit_price":1.11920,"layer_depth":7,"stack_depth":8,"gross_pnl":1.00,"instance_id":"GRIND_EURUSD_OPTC","ejected":false,"rolled":false,"broker_utc_offset_s":10800,"account_login":53077984}
19,-1,1791464233205,ea_event,,{"type":"fill_log","seq":169,"ea_time_ms":96008593,"magic":22260201,"deal_ticket":800000142,"order_ticket":9135,"position_id":900000072,"entry_type":"IN","deal_type":"BUY","side":"L","layer_index":7,"role":"ENT","deal_price":1.11820,"order_price_open":null,"slippage_pips":null,"volume":0.00,"profit":0.00,"swap":0.00,"commission":0.00,"deal_time_broker":"2026-10-08 12:57:13","deal_time_broker_msc":1791464233000,"halted_at_receipt":false,"quarantined_at_receipt":false}
19,-1,1791466457943,ea_event,,{"type":"fill_log","seq":170,"ea_time_ms":96008656,"magic":22260201,"deal_ticket":800000143,"order_ticket":9131,"position_id":900000073,"entry_type":"IN","deal_type":"SELL","side":"S","layer_index":3,"role":"EXT","deal_price":1.11767,"order_price_open":null,"slippage_pips":null,"volume":0.00,"profit":0.00,"swap":0.00,"commission":0.00,"deal_time_broker":"2026-10-08 13:34:17","deal_time_broker_msc":1791466457000,"halted_at_receipt":false,"quarantined_at_receipt":false}
19,-1,1791466458375,ea_event,,{"type":"fill_log","seq":171,"ea_time_ms":96008656,"magic":22260201,"deal_ticket":800000144,"order_ticket":700000144,"position_id":900000040,"entry_type":"OUT_BY","deal_type":"SELL","side":null,"layer_index":null,"role":null,"deal_price":1.11767,"order_price_open":null,"slippage_pips":null,"volume":0.00,"profit":0.99,"swap":0.04,"commission":0.00,"deal_time_broker":"2026-10-08 13:34:18","deal_time_broker_msc":1791466458000,"halted_at_receipt":false,"quarantined_at_receipt":false}
19,-1,1791466458375,ea_event,,{"type":"fill_log","seq":172,"ea_time_ms":96008656,"magic":22260201,"deal_ticket":800000145,"order_ticket":700000144,"position_id":900000073,"entry_type":"OUT_BY","deal_type":"SELL","side":null,"layer_index":null,"role":null,"deal_price":1.11866,"order_price_open":null,"slippage_pips":null,"volume":0.00,"profit":0.00,"swap":0.00,"commission":0.00,"deal_time_broker":"2026-10-08 13:34:18","deal_time_broker_msc":1791466458000,"halted_at_receipt":false,"quarantined_at_receipt":false}
19,-1,1791466458375,scalp,SCALP_CLOSED,{"close_time":"2026-10-08T13:34:18Z","instrument":"EURUSD","direction":"SHORT","entry_price":1.11866,"exit_price":1.11767,"layer_depth":3,"stack_depth":4,"gross_pnl":1.03,"instance_id":"GRIND_EURUSD_OPTC","ejected":false,"rolled":false,"broker_utc_offset_s":10800,"account_login":53077984}
19,-1,1791466469538,ea_event,ROLL_DEFERRED,{"type":"ea_event","seq":173,"ea_time_ms":96008656,"magic":null,"level":"INFO","code":"ROLL_DEFERRED","reason":"L","ticket":null,"detail":{"side":"L","depth":8,"opposite_depth":3,"gate":0,"level":1.11760,"market":1.11759}}
19,-1,1791472021456,ea_event,,{"type":"fill_log","seq":174,"ea_time_ms":96008796,"magic":22260201,"deal_ticket":800000146,"order_ticket":9138,"position_id":900000074,"entry_type":"IN","deal_type":"SELL","side":"S","layer_index":3,"role":"ENT","deal_price":1.11866,"order_price_open":null,"slippage_pips":null,"volume":0.00,"profit":0.00,"swap":0.00,"commission":0.00,"deal_time_broker":"2026-10-08 15:07:01","deal_time_broker_msc":1791472021000,"halted_at_receipt":false,"quarantined_at_receipt":false}
19,-1,1791472779670,ea_event,,{"type":"fill_log","seq":175,"ea_time_ms":96008828,"magic":22260201,"deal_ticket":800000147,"order_ticket":9136,"position_id":900000075,"entry_type":"IN","deal_type":"BUY","side":"L","layer_index":7,"role":"EXT","deal_price":1.11920,"order_price_open":null,"slippage_pips":null,"volume":0.00,"profit":0.00,"swap":0.00,"commission":0.00,"deal_time_broker":"2026-10-08 15:19:39","deal_time_broker_msc":1791472779000,"halted_at_receipt":false,"quarantined_at_receipt":false}
19,-1,1791472780290,ea_event,,{"type":"fill_log","seq":176,"ea_time_ms":96008828,"magic":22260201,"deal_ticket":800000148,"order_ticket":700000148,"position_id":900000072,"entry_type":"OUT_BY","deal_type":"SELL","side":null,"layer_index":null,"role":null,"deal_price":1.11920,"order_price_open":null,"slippage_pips":null,"volume":0.00,"profit":1.00,"swap":0.00,"commission":0.00,"deal_time_broker":"2026-10-08 15:19:40","deal_time_broker_msc":1791472780000,"halted_at_receipt":false,"quarantined_at_receipt":false}
19,-1,1791472780290,ea_event,,{"type":"fill_log","seq":177,"ea_time_ms":96008828,"magic":22260201,"deal_ticket":800000149,"order_ticket":700000148,"position_id":900000075,"entry_type":"OUT_BY","deal_type":"SELL","side":null,"layer_index":null,"role":null,"deal_price":1.11820,"order_price_open":null,"slippage_pips":null,"volume":0.00,"profit":0.00,"swap":0.00,"commission":0.00,"deal_time_broker":"2026-10-08 15:19:40","deal_time_broker_msc":1791472780000,"halted_at_receipt":false,"quarantined_at_receipt":false}
19,-1,1791472780290,scalp,SCALP_CLOSED,{"close_time":"2026-10-08T15:19:40Z","instrument":"EURUSD","direction":"LONG","entry_price":1.11820,"exit_price":1.11920,"layer_depth":7,"stack_depth":8,"gross_pnl":1.00,"instance_id":"GRIND_EURUSD_OPTC","ejected":false,"rolled":false,"broker_utc_offset_s":10800,"account_login":53077984}
19,-1,1791473093386,ea_event,,{"type":"fill_log","seq":178,"ea_time_ms":96008843,"magic":22260201,"deal_ticket":800000150,"order_ticket":9140,"position_id":900000076,"entry_type":"IN","deal_type":"SELL","side":"S","layer_index":4,"role":"ENT","deal_price":1.11925,"order_price_open":null,"slippage_pips":null,"volume":0.00,"profit":0.00,"swap":0.00,"commission":0.00,"deal_time_broker":"2026-10-08 15:24:53","deal_time_broker_msc":1791473093000,"halted_at_receipt":false,"quarantined_at_receipt":false}
19,-1,1791473346871,ea_event,,{"type":"fill_log","seq":179,"ea_time_ms":96008843,"magic":22260201,"deal_ticket":800000151,"order_ticket":9141,"position_id":900000077,"entry_type":"IN","deal_type":"BUY","side":"L","layer_index":6,"role":"EXT","deal_price":1.11981,"order_price_open":null,"slippage_pips":null,"volume":0.00,"profit":0.00,"swap":0.00,"commission":0.00,"deal_time_broker":"2026-10-08 15:29:06","deal_time_broker_msc":1791473346000,"halted_at_receipt":false,"quarantined_at_receipt":false}
19,-1,1791473347312,ea_event,,{"type":"fill_log","seq":180,"ea_time_ms":96008843,"magic":22260201,"deal_ticket":800000152,"order_ticket":700000152,"position_id":900000068,"entry_type":"OUT_BY","deal_type":"SELL","side":null,"layer_index":null,"role":null,"deal_price":1.11981,"order_price_open":null,"slippage_pips":null,"volume":0.00,"profit":1.01,"swap":0.00,"commission":0.00,"deal_time_broker":"2026-10-08 15:29:07","deal_time_broker_msc":1791473347000,"halted_at_receipt":false,"quarantined_at_receipt":false}
19,-1,1791473347312,ea_event,,{"type":"fill_log","seq":181,"ea_time_ms":96008843,"magic":22260201,"deal_ticket":800000153,"order_ticket":700000152,"position_id":900000077,"entry_type":"OUT_BY","deal_type":"SELL","side":null,"layer_index":null,"role":null,"deal_price":1.11880,"order_price_open":null,"slippage_pips":null,"volume":0.00,"profit":0.00,"swap":0.00,"commission":0.00,"deal_time_broker":"2026-10-08 15:29:07","deal_time_broker_msc":1791473347000,"halted_at_receipt":false,"quarantined_at_receipt":false}
19,-1,1791473347312,scalp,SCALP_CLOSED,{"close_time":"2026-10-08T15:29:07Z","instrument":"EURUSD","direction":"LONG","entry_price":1.11880,"exit_price":1.11981,"layer_depth":6,"stack_depth":7,"gross_pnl":1.01,"instance_id":"GRIND_EURUSD_OPTC","ejected":false,"rolled":false,"broker_utc_offset_s":10800,"account_login":53077984}
19,-1,1791473353708,ea_event,,{"type":"fill_log","seq":182,"ea_time_ms":96008843,"magic":22260201,"deal_ticket":800000154,"order_ticket":9144,"position_id":900000078,"entry_type":"IN","deal_type":"SELL","side":"S","layer_index":5,"role":"ENT","deal_price":1.11983,"order_price_open":null,"slippage_pips":null,"volume":0.00,"profit":0.00,"swap":0.00,"commission":0.00,"deal_time_broker":"2026-10-08 15:29:13","deal_time_broker_msc":1791473353000,"halted_at_receipt":false,"quarantined_at_receipt":false}
19,-1,1791474070880,ea_event,,{"type":"fill_log","seq":183,"ea_time_ms":96008890,"magic":22260201,"deal_ticket":800000155,"order_ticket":9146,"position_id":900000079,"entry_type":"IN","deal_type":"BUY","side":"L","layer_index":6,"role":"ENT","deal_price":1.11880,"order_price_open":null,"slippage_pips":null,"volume":0.00,"profit":0.00,"swap":0.00,"commission":0.00,"deal_time_broker":"2026-10-08 15:41:10","deal_time_broker_msc":1791474070000,"halted_at_receipt":false,"quarantined_at_receipt":false}
19,-1,1791474073497,ea_event,,{"type":"fill_log","seq":184,"ea_time_ms":96008890,"magic":22260201,"deal_ticket":800000156,"order_ticket":9147,"position_id":900000080,"entry_type":"IN","deal_type":"SELL","side":"S","layer_index":5,"role":"EXT","deal_price":1.11880,"order_price_open":null,"slippage_pips":null,"volume":0.00,"profit":0.00,"swap":0.00,"commission":0.00,"deal_time_broker":"2026-10-08 15:41:10","deal_time_broker_msc":1791474070000,"halted_at_receipt":false,"quarantined_at_receipt":false}
19,-1,1791474073791,ea_event,,{"type":"fill_log","seq":185,"ea_time_ms":96008890,"magic":22260201,"deal_ticket":800000157,"order_ticket":700000157,"position_id":900000078,"entry_type":"OUT_BY","deal_type":"SELL","side":null,"layer_index":null,"role":null,"deal_price":1.11880,"order_price_open":null,"slippage_pips":null,"volume":0.00,"profit":1.03,"swap":0.00,"commission":0.00,"deal_time_broker":"2026-10-08 15:41:13","deal_time_broker_msc":1791474073000,"halted_at_receipt":false,"quarantined_at_receipt":false}
19,-1,1791474073791,ea_event,,{"type":"fill_log","seq":186,"ea_time_ms":96008890,"magic":22260201,"deal_ticket":800000158,"order_ticket":700000157,"position_id":900000080,"entry_type":"OUT_BY","deal_type":"SELL","side":null,"layer_index":null,"role":null,"deal_price":1.11983,"order_price_open":null,"slippage_pips":null,"volume":0.00,"profit":0.00,"swap":0.00,"commission":0.00,"deal_time_broker":"2026-10-08 15:41:13","deal_time_broker_msc":1791474073000,"halted_at_receipt":false,"quarantined_at_receipt":false}
19,-1,1791474073791,scalp,SCALP_CLOSED,{"close_time":"2026-10-08T15:41:13Z","instrument":"EURUSD","direction":"SHORT","entry_price":1.11983,"exit_price":1.11880,"layer_depth":5,"stack_depth":6,"gross_pnl":1.03,"instance_id":"GRIND_EURUSD_OPTC","ejected":false,"rolled":false,"broker_utc_offset_s":10800,"account_login":53077984}
19,-1,1791474972314,ea_event,,{"type":"fill_log","seq":187,"ea_time_ms":96008921,"magic":22260201,"deal_ticket":800000159,"order_ticket":9151,"position_id":900000081,"entry_type":"IN","deal_type":"SELL","side":"S","layer_index":4,"role":"EXT","deal_price":1.11826,"order_price_open":null,"slippage_pips":null,"volume":0.00,"profit":0.00,"swap":0.00,"commission":0.00,"deal_time_broker":"2026-10-08 15:56:12","deal_time_broker_msc":1791474972000,"halted_at_receipt":false,"quarantined_at_receipt":false}
19,-1,1791474973349,ea_event,,{"type":"fill_log","seq":188,"ea_time_ms":96008921,"magic":22260201,"deal_ticket":800000160,"order_ticket":700000160,"position_id":900000076,"entry_type":"OUT_BY","deal_type":"SELL","side":null,"layer_index":null,"role":null,"deal_price":1.11826,"order_price_open":null,"slippage_pips":null,"volume":0.00,"profit":0.99,"swap":0.00,"commission":0.00,"deal_time_broker":"2026-10-08 15:56:13","deal_time_broker_msc":1791474973000,"halted_at_receipt":false,"quarantined_at_receipt":false}
19,-1,1791474973349,ea_event,,{"type":"fill_log","seq":189,"ea_time_ms":96008921,"magic":22260201,"deal_ticket":800000161,"order_ticket":700000160,"position_id":900000081,"entry_type":"OUT_BY","deal_type":"SELL","side":null,"layer_index":null,"role":null,"deal_price":1.11925,"order_price_open":null,"slippage_pips":null,"volume":0.00,"profit":0.00,"swap":0.00,"commission":0.00,"deal_time_broker":"2026-10-08 15:56:13","deal_time_broker_msc":1791474973000,"halted_at_receipt":false,"quarantined_at_receipt":false}
19,-1,1791474973349,scalp,SCALP_CLOSED,{"close_time":"2026-10-08T15:56:13Z","instrument":"EURUSD","direction":"SHORT","entry_price":1.11925,"exit_price":1.11826,"layer_depth":4,"stack_depth":5,"gross_pnl":0.99,"instance_id":"GRIND_EURUSD_OPTC","ejected":false,"rolled":false,"broker_utc_offset_s":10800,"account_login":53077984}
19,-1,1791475014916,ea_event,,{"type":"fill_log","seq":190,"ea_time_ms":96008937,"magic":22260201,"deal_ticket":800000162,"order_ticket":9150,"position_id":900000082,"entry_type":"IN","deal_type":"BUY","side":"L","layer_index":7,"role":"ENT","deal_price":1.11819,"order_price_open":null,"slippage_pips":null,"volume":0.00,"profit":0.00,"swap":0.00,"commission":0.00,"deal_time_broker":"2026-10-08 15:56:54","deal_time_broker_msc":1791475014000,"halted_at_receipt":false,"quarantined_at_receipt":false}
19,-1,1791475675875,ea_event,,{"type":"fill_log","seq":191,"ea_time_ms":96008953,"magic":22260201,"deal_ticket":800000163,"order_ticket":9155,"position_id":900000083,"entry_type":"IN","deal_type":"BUY","side":"L","layer_index":7,"role":"EXT","deal_price":1.11919,"order_price_open":null,"slippage_pips":null,"volume":0.00,"profit":0.00,"swap":0.00,"commission":0.00,"deal_time_broker":"2026-10-08 16:07:55","deal_time_broker_msc":1791475675000,"halted_at_receipt":false,"quarantined_at_receipt":false}
19,-1,1791475677320,ea_event,,{"type":"fill_log","seq":192,"ea_time_ms":96008953,"magic":22260201,"deal_ticket":800000164,"order_ticket":700000164,"position_id":900000082,"entry_type":"OUT_BY","deal_type":"SELL","side":null,"layer_index":null,"role":null,"deal_price":1.11919,"order_price_open":null,"slippage_pips":null,"volume":0.00,"profit":1.00,"swap":0.00,"commission":0.00,"deal_time_broker":"2026-10-08 16:07:57","deal_time_broker_msc":1791475677000,"halted_at_receipt":false,"quarantined_at_receipt":false}
19,-1,1791475677320,ea_event,,{"type":"fill_log","seq":193,"ea_time_ms":96008953,"magic":22260201,"deal_ticket":800000165,"order_ticket":700000164,"position_id":900000083,"entry_type":"OUT_BY","deal_type":"SELL","side":null,"layer_index":null,"role":null,"deal_price":1.11819,"order_price_open":null,"slippage_pips":null,"volume":0.00,"profit":0.00,"swap":0.00,"commission":0.00,"deal_time_broker":"2026-10-08 16:07:57","deal_time_broker_msc":1791475677000,"halted_at_receipt":false,"quarantined_at_receipt":false}
19,-1,1791475677320,scalp,SCALP_CLOSED,{"close_time":"2026-10-08T16:07:57Z","instrument":"EURUSD","direction":"LONG","entry_price":1.11819,"exit_price":1.11919,"layer_depth":7,"stack_depth":8,"gross_pnl":1.00,"instance_id":"GRIND_EURUSD_OPTC","ejected":false,"rolled":false,"broker_utc_offset_s":10800,"account_login":53077984}
19,-1,1791475687116,ea_event,,{"type":"fill_log","seq":194,"ea_time_ms":96008953,"magic":22260201,"deal_ticket":800000166,"order_ticket":9154,"position_id":900000084,"entry_type":"IN","deal_type":"SELL","side":"S","layer_index":4,"role":"ENT","deal_price":1.11928,"order_price_open":null,"slippage_pips":null,"volume":0.00,"profit":0.00,"swap":0.00,"commission":0.00,"deal_time_broker":"2026-10-08 16:08:07","deal_time_broker_msc":1791475687000,"halted_at_receipt":false,"quarantined_at_receipt":false}
19,-1,1791478103420,ea_event,,{"type":"fill_log","seq":195,"ea_time_ms":96009062,"magic":22260201,"deal_ticket":800000167,"order_ticket":9156,"position_id":900000085,"entry_type":"IN","deal_type":"BUY","side":"L","layer_index":6,"role":"EXT","deal_price":1.11981,"order_price_open":null,"slippage_pips":null,"volume":0.00,"profit":0.00,"swap":0.00,"commission":0.00,"deal_time_broker":"2026-10-08 16:48:23","deal_time_broker_msc":1791478103000,"halted_at_receipt":false,"quarantined_at_receipt":false}
19,-1,1791478105458,ea_event,,{"type":"fill_log","seq":196,"ea_time_ms":96009062,"magic":22260201,"deal_ticket":800000168,"order_ticket":700000168,"position_id":900000079,"entry_type":"OUT_BY","deal_type":"SELL","side":null,"layer_index":null,"role":null,"deal_price":1.11981,"order_price_open":null,"slippage_pips":null,"volume":0.00,"profit":1.01,"swap":0.00,"commission":0.00,"deal_time_broker":"2026-10-08 16:48:25","deal_time_broker_msc":1791478105000,"halted_at_receipt":false,"quarantined_at_receipt":false}
19,-1,1791478105458,ea_event,,{"type":"fill_log","seq":197,"ea_time_ms":96009062,"magic":22260201,"deal_ticket":800000169,"order_ticket":700000168,"position_id":900000085,"entry_type":"OUT_BY","deal_type":"SELL","side":null,"layer_index":null,"role":null,"deal_price":1.11880,"order_price_open":null,"slippage_pips":null,"volume":0.00,"profit":0.00,"swap":0.00,"commission":0.00,"deal_time_broker":"2026-10-08 16:48:25","deal_time_broker_msc":1791478105000,"halted_at_receipt":false,"quarantined_at_receipt":false}
19,-1,1791478105458,scalp,SCALP_CLOSED,{"close_time":"2026-10-08T16:48:25Z","instrument":"EURUSD","direction":"LONG","entry_price":1.11880,"exit_price":1.11981,"layer_depth":6,"stack_depth":7,"gross_pnl":1.01,"instance_id":"GRIND_EURUSD_OPTC","ejected":false,"rolled":false,"broker_utc_offset_s":10800,"account_login":53077984}
19,-1,1791478106745,ea_event,,{"type":"fill_log","seq":198,"ea_time_ms":96009062,"magic":22260201,"deal_ticket":800000170,"order_ticket":9159,"position_id":900000086,"entry_type":"IN","deal_type":"SELL","side":"S","layer_index":5,"role":"ENT","deal_price":1.11990,"order_price_open":null,"slippage_pips":null,"volume":0.00,"profit":0.00,"swap":0.00,"commission":0.00,"deal_time_broker":"2026-10-08 16:48:26","deal_time_broker_msc":1791478106000,"halted_at_receipt":false,"quarantined_at_receipt":false}
19,-1,1791479949103,ea_event,,{"type":"fill_log","seq":199,"ea_time_ms":96009156,"magic":22260201,"deal_ticket":800000171,"order_ticket":9160,"position_id":900000087,"entry_type":"IN","deal_type":"BUY","side":"L","layer_index":5,"role":"EXT","deal_price":1.12042,"order_price_open":null,"slippage_pips":null,"volume":0.00,"profit":0.00,"swap":0.00,"commission":0.00,"deal_time_broker":"2026-10-08 17:19:09","deal_time_broker_msc":1791479949000,"halted_at_receipt":false,"quarantined_at_receipt":false}
19,-1,1791479950543,ea_event,,{"type":"fill_log","seq":200,"ea_time_ms":96009156,"magic":22260201,"deal_ticket":800000172,"order_ticket":700000172,"position_id":900000060,"entry_type":"OUT_BY","deal_type":"SELL","side":null,"layer_index":null,"role":null,"deal_price":1.12042,"order_price_open":null,"slippage_pips":null,"volume":0.00,"profit":1.00,"swap":0.00,"commission":0.00,"deal_time_broker":"2026-10-08 17:19:10","deal_time_broker_msc":1791479950000,"halted_at_receipt":false,"quarantined_at_receipt":false}
19,-1,1791479950543,ea_event,,{"type":"fill_log","seq":201,"ea_time_ms":96009156,"magic":22260201,"deal_ticket":800000173,"order_ticket":700000172,"position_id":900000087,"entry_type":"OUT_BY","deal_type":"SELL","side":null,"layer_index":null,"role":null,"deal_price":1.11942,"order_price_open":null,"slippage_pips":null,"volume":0.00,"profit":0.00,"swap":0.00,"commission":0.00,"deal_time_broker":"2026-10-08 17:19:10","deal_time_broker_msc":1791479950000,"halted_at_receipt":false,"quarantined_at_receipt":false}
19,-1,1791479950543,scalp,SCALP_CLOSED,{"close_time":"2026-10-08T17:19:10Z","instrument":"EURUSD","direction":"LONG","entry_price":1.11942,"exit_price":1.12042,"layer_depth":5,"stack_depth":6,"gross_pnl":1.00,"instance_id":"GRIND_EURUSD_OPTC","ejected":false,"rolled":false,"broker_utc_offset_s":10800,"account_login":53077984}
19,-1,1791480082459,ea_event,,{"type":"fill_log","seq":202,"ea_time_ms":96009156,"magic":22260201,"deal_ticket":800000174,"order_ticket":9162,"position_id":900000088,"entry_type":"IN","deal_type":"SELL","side":"S","layer_index":6,"role":"ENT","deal_price":1.12051,"order_price_open":null,"slippage_pips":null,"volume":0.00,"profit":0.00,"swap":0.00,"commission":0.00,"deal_time_broker":"2026-10-08 17:21:22","deal_time_broker_msc":1791480082000,"halted_at_receipt":false,"quarantined_at_receipt":false}
19,-1,1791480318655,ea_event,,{"type":"fill_log","seq":203,"ea_time_ms":96009171,"magic":22260201,"deal_ticket":800000175,"order_ticket":9164,"position_id":900000089,"entry_type":"IN","deal_type":"BUY","side":"L","layer_index":4,"role":"EXT","deal_price":1.12102,"order_price_open":null,"slippage_pips":null,"volume":0.00,"profit":0.00,"swap":0.00,"commission":0.00,"deal_time_broker":"2026-10-08 17:25:18","deal_time_broker_msc":1791480318000,"halted_at_receipt":false,"quarantined_at_receipt":false}
19,-1,1791480319088,ea_event,,{"type":"fill_log","seq":204,"ea_time_ms":96009171,"magic":22260201,"deal_ticket":800000176,"order_ticket":700000176,"position_id":900000058,"entry_type":"OUT_BY","deal_type":"SELL","side":null,"layer_index":null,"role":null,"deal_price":1.12102,"order_price_open":null,"slippage_pips":null,"volume":0.00,"profit":1.00,"swap":0.00,"commission":0.00,"deal_time_broker":"2026-10-08 17:25:19","deal_time_broker_msc":1791480319000,"halted_at_receipt":false,"quarantined_at_receipt":false}
19,-1,1791480319088,ea_event,,{"type":"fill_log","seq":205,"ea_time_ms":96009171,"magic":22260201,"deal_ticket":800000177,"order_ticket":700000176,"position_id":900000089,"entry_type":"OUT_BY","deal_type":"SELL","side":null,"layer_index":null,"role":null,"deal_price":1.12002,"order_price_open":null,"slippage_pips":null,"volume":0.00,"profit":0.00,"swap":0.00,"commission":0.00,"deal_time_broker":"2026-10-08 17:25:19","deal_time_broker_msc":1791480319000,"halted_at_receipt":false,"quarantined_at_receipt":false}
19,-1,1791480319088,scalp,SCALP_CLOSED,{"close_time":"2026-10-08T17:25:19Z","instrument":"EURUSD","direction":"LONG","entry_price":1.12002,"exit_price":1.12102,"layer_depth":4,"stack_depth":5,"gross_pnl":1.00,"instance_id":"GRIND_EURUSD_OPTC","ejected":false,"rolled":false,"broker_utc_offset_s":10800,"account_login":53077984}
19,-1,1791480327098,ea_event,,{"type":"fill_log","seq":206,"ea_time_ms":96009171,"magic":22260201,"deal_ticket":800000178,"order_ticket":9167,"position_id":900000090,"entry_type":"IN","deal_type":"SELL","side":"S","layer_index":7,"role":"ENT","deal_price":1.12122,"order_price_open":null,"slippage_pips":null,"volume":0.00,"profit":0.00,"swap":0.00,"commission":0.00,"deal_time_broker":"2026-10-08 17:25:27","deal_time_broker_msc":1791480327000,"halted_at_receipt":false,"quarantined_at_receipt":false}
19,-1,1791480638480,ea_event,,{"type":"fill_log","seq":207,"ea_time_ms":96009187,"magic":22260201,"deal_ticket":800000179,"order_ticket":9168,"position_id":900000091,"entry_type":"IN","deal_type":"BUY","side":"L","layer_index":3,"role":"EXT","deal_price":1.12173,"order_price_open":null,"slippage_pips":null,"volume":0.00,"profit":0.00,"swap":0.00,"commission":0.00,"deal_time_broker":"2026-10-08 17:30:38","deal_time_broker_msc":1791480638000,"halted_at_receipt":false,"quarantined_at_receipt":false}
19,-1,1791480638914,ea_event,,{"type":"fill_log","seq":208,"ea_time_ms":96009187,"magic":22260201,"deal_ticket":800000180,"order_ticket":700000180,"position_id":1991069591,"entry_type":"OUT_BY","deal_type":"SELL","side":null,"layer_index":null,"role":null,"deal_price":1.12173,"order_price_open":null,"slippage_pips":null,"volume":0.00,"profit":-3.77,"swap":-0.24,"commission":0.00,"deal_time_broker":"2026-10-08 17:30:38","deal_time_broker_msc":1791480638000,"halted_at_receipt":false,"quarantined_at_receipt":false}
19,-1,1791480638914,ea_event,ROLL_FILLED,{"type":"ea_event","seq":209,"ea_time_ms":96009187,"magic":null,"level":"INFO","code":"ROLL_FILLED","reason":null,"ticket":1991069591,"detail":{"ticket":1991069591,"level":1.12067}}
19,-1,1791480638914,ea_event,,{"type":"fill_log","seq":210,"ea_time_ms":96009187,"magic":22260201,"deal_ticket":800000181,"order_ticket":700000180,"position_id":900000091,"entry_type":"OUT_BY","deal_type":"SELL","side":null,"layer_index":null,"role":null,"deal_price":1.12550,"order_price_open":null,"slippage_pips":null,"volume":0.00,"profit":0.00,"swap":0.00,"commission":0.00,"deal_time_broker":"2026-10-08 17:30:38","deal_time_broker_msc":1791480638000,"halted_at_receipt":false,"quarantined_at_receipt":false}
19,-1,1791480638914,scalp,SCALP_CLOSED,{"close_time":"2026-10-08T17:30:38Z","instrument":"EURUSD","direction":"LONG","entry_price":1.12550,"exit_price":1.12173,"layer_depth":3,"stack_depth":4,"gross_pnl":-4.01,"instance_id":"GRIND_EURUSD_OPTC","ejected":false,"rolled":true,"broker_utc_offset_s":10800,"account_login":53077984}
19,-1,1791480698356,ea_event,ROLL_DEFERRED,{"type":"ea_event","seq":211,"ea_time_ms":96009187,"magic":null,"level":"INFO","code":"ROLL_DEFERRED","reason":"S","ticket":null,"detail":{"side":"S","depth":8,"opposite_depth":3,"gate":0,"level":1.12182,"market":1.12182}}
19,-1,1791480871697,ea_event,,{"type":"fill_log","seq":212,"ea_time_ms":96009203,"magic":22260201,"deal_ticket":800000182,"order_ticket":9171,"position_id":900000092,"entry_type":"IN","deal_type":"BUY","side":"L","layer_index":2,"role":"EXT","deal_price":1.12243,"order_price_open":null,"slippage_pips":null,"volume":0.00,"profit":0.00,"swap":0.00,"commission":0.00,"deal_time_broker":"2026-10-08 17:34:31","deal_time_broker_msc":1791480871000,"halted_at_receipt":false,"quarantined_at_receipt":false}
19,-1,1791480872736,ea_event,,{"type":"fill_log","seq":213,"ea_time_ms":96009203,"magic":22260201,"deal_ticket":800000183,"order_ticket":700000183,"position_id":1990112560,"entry_type":"OUT_BY","deal_type":"SELL","side":null,"layer_index":null,"role":null,"deal_price":1.12243,"order_price_open":null,"slippage_pips":null,"volume":0.00,"profit":-3.68,"swap":-0.32,"commission":0.00,"deal_time_broker":"2026-10-08 17:34:32","deal_time_broker_msc":1791480872000,"halted_at_receipt":false,"quarantined_at_receipt":false}
19,-1,1791480872736,ea_event,ROLL_FILLED,{"type":"ea_event","seq":214,"ea_time_ms":96009203,"magic":null,"level":"INFO","code":"ROLL_FILLED","reason":null,"ticket":1990112560,"detail":{"ticket":1990112560,"level":1.12127}}
19,-1,1791480872736,ea_event,,{"type":"fill_log","seq":215,"ea_time_ms":96009203,"magic":22260201,"deal_ticket":800000184,"order_ticket":700000183,"position_id":900000092,"entry_type":"OUT_BY","deal_type":"SELL","side":null,"layer_index":null,"role":null,"deal_price":1.12611,"order_price_open":null,"slippage_pips":null,"volume":0.00,"profit":0.00,"swap":0.00,"commission":0.00,"deal_time_broker":"2026-10-08 17:34:32","deal_time_broker_msc":1791480872000,"halted_at_receipt":false,"quarantined_at_receipt":false}
19,-1,1791480872736,scalp,SCALP_CLOSED,{"close_time":"2026-10-08T17:34:32Z","instrument":"EURUSD","direction":"LONG","entry_price":1.12611,"exit_price":1.12243,"layer_depth":2,"stack_depth":3,"gross_pnl":-4.00,"instance_id":"GRIND_EURUSD_OPTC","ejected":false,"rolled":true,"broker_utc_offset_s":10800,"account_login":53077984}
19,-1,1791481590119,ea_event,,{"type":"fill_log","seq":216,"ea_time_ms":96009234,"magic":22260201,"deal_ticket":800000185,"order_ticket":9174,"position_id":900000093,"entry_type":"IN","deal_type":"BUY","side":"L","layer_index":2,"role":"ENT","deal_price":1.12126,"order_price_open":null,"slippage_pips":null,"volume":0.00,"profit":0.00,"swap":0.00,"commission":0.00,"deal_time_broker":"2026-10-08 17:46:30","deal_time_broker_msc":1791481590000,"halted_at_receipt":false,"quarantined_at_receipt":false}
19,-1,1791482525173,ea_event,,{"type":"fill_log","seq":217,"ea_time_ms":96009265,"magic":22260201,"deal_ticket":800000186,"order_ticket":9176,"position_id":900000094,"entry_type":"IN","deal_type":"BUY","side":"L","layer_index":3,"role":"ENT","deal_price":1.12066,"order_price_open":null,"slippage_pips":null,"volume":0.00,"profit":0.00,"swap":0.00,"commission":0.00,"deal_time_broker":"2026-10-08 18:02:05","deal_time_broker_msc":1791482525000,"halted_at_receipt":false,"quarantined_at_receipt":false}
19,-1,1791483487468,ea_event,,{"type":"fill_log","seq":218,"ea_time_ms":96009296,"magic":22260201,"deal_ticket":800000187,"order_ticket":9170,"position_id":900000095,"entry_type":"IN","deal_type":"SELL","side":"S","layer_index":7,"role":"EXT","deal_price":1.12023,"order_price_open":null,"slippage_pips":null,"volume":0.00,"profit":0.00,"swap":0.00,"commission":0.00,"deal_time_broker":"2026-10-08 18:18:07","deal_time_broker_msc":1791483487000,"halted_at_receipt":false,"quarantined_at_receipt":false}
19,-1,1791483488508,ea_event,,{"type":"fill_log","seq":219,"ea_time_ms":96009296,"magic":22260201,"deal_ticket":800000188,"order_ticket":700000188,"position_id":900000090,"entry_type":"OUT_BY","deal_type":"SELL","side":null,"layer_index":null,"role":null,"deal_price":1.12023,"order_price_open":null,"slippage_pips":null,"volume":0.00,"profit":0.99,"swap":0.00,"commission":0.00,"deal_time_broker":"2026-10-08 18:18:08","deal_time_broker_msc":1791483488000,"halted_at_receipt":false,"quarantined_at_receipt":false}
19,-1,1791483488508,ea_event,,{"type":"fill_log","seq":220,"ea_time_ms":96009296,"magic":22260201,"deal_ticket":800000189,"order_ticket":700000188,"position_id":900000095,"entry_type":"OUT_BY","deal_type":"SELL","side":null,"layer_index":null,"role":null,"deal_price":1.12122,"order_price_open":null,"slippage_pips":null,"volume":0.00,"profit":0.00,"swap":0.00,"commission":0.00,"deal_time_broker":"2026-10-08 18:18:08","deal_time_broker_msc":1791483488000,"halted_at_receipt":false,"quarantined_at_receipt":false}
19,-1,1791483488508,scalp,SCALP_CLOSED,{"close_time":"2026-10-08T18:18:08Z","instrument":"EURUSD","direction":"SHORT","entry_price":1.12122,"exit_price":1.12023,"layer_depth":7,"stack_depth":8,"gross_pnl":0.99,"instance_id":"GRIND_EURUSD_OPTC","ejected":false,"rolled":false,"broker_utc_offset_s":10800,"account_login":53077984}
19,-1,1791483533693,ea_event,,{"type":"fill_log","seq":221,"ea_time_ms":96009296,"magic":22260201,"deal_ticket":800000190,"order_ticket":9178,"position_id":900000096,"entry_type":"IN","deal_type":"BUY","side":"L","layer_index":4,"role":"ENT","deal_price":1.12006,"order_price_open":null,"slippage_pips":null,"volume":0.00,"profit":0.00,"swap":0.00,"commission":0.00,"deal_time_broker":"2026-10-08 18:18:53","deal_time_broker_msc":1791483533000,"halted_at_receipt":false,"quarantined_at_receipt":false}
19,-1,1791485200158,ea_event,,{"type":"fill_log","seq":222,"ea_time_ms":96009375,"magic":22260201,"deal_ticket":800000191,"order_ticket":9179,"position_id":900000097,"entry_type":"IN","deal_type":"SELL","side":"S","layer_index":6,"role":"EXT","deal_price":1.11952,"order_price_open":null,"slippage_pips":null,"volume":0.00,"profit":0.00,"swap":0.00,"commission":0.00,"deal_time_broker":"2026-10-08 18:46:40","deal_time_broker_msc":1791485200000,"halted_at_receipt":false,"quarantined_at_receipt":false}
19,-1,1791485200595,ea_event,,{"type":"fill_log","seq":223,"ea_time_ms":96009375,"magic":22260201,"deal_ticket":800000192,"order_ticket":700000192,"position_id":900000088,"entry_type":"OUT_BY","deal_type":"SELL","side":null,"layer_index":null,"role":null,"deal_price":1.11952,"order_price_open":null,"slippage_pips":null,"volume":0.00,"profit":0.99,"swap":0.00,"commission":0.00,"deal_time_broker":"2026-10-08 18:46:40","deal_time_broker_msc":1791485200000,"halted_at_receipt":false,"quarantined_at_receipt":false}
19,-1,1791485200595,ea_event,,{"type":"fill_log","seq":224,"ea_time_ms":96009375,"magic":22260201,"deal_ticket":800000193,"order_ticket":700000192,"position_id":900000097,"entry_type":"OUT_BY","deal_type":"SELL","side":null,"layer_index":null,"role":null,"deal_price":1.12051,"order_price_open":null,"slippage_pips":null,"volume":0.00,"profit":0.00,"swap":0.00,"commission":0.00,"deal_time_broker":"2026-10-08 18:46:40","deal_time_broker_msc":1791485200000,"halted_at_receipt":false,"quarantined_at_receipt":false}
19,-1,1791485200595,scalp,SCALP_CLOSED,{"close_time":"2026-10-08T18:46:40Z","instrument":"EURUSD","direction":"SHORT","entry_price":1.12051,"exit_price":1.11952,"layer_depth":6,"stack_depth":7,"gross_pnl":0.99,"instance_id":"GRIND_EURUSD_OPTC","ejected":false,"rolled":false,"broker_utc_offset_s":10800,"account_login":53077984}
19,-1,1791485262823,ea_event,,{"type":"fill_log","seq":225,"ea_time_ms":96009375,"magic":22260201,"deal_ticket":800000194,"order_ticket":9182,"position_id":900000098,"entry_type":"IN","deal_type":"BUY","side":"L","layer_index":5,"role":"ENT","deal_price":1.11944,"order_price_open":null,"slippage_pips":null,"volume":0.00,"profit":0.00,"swap":0.00,"commission":0.00,"deal_time_broker":"2026-10-08 18:47:42","deal_time_broker_msc":1791485262000,"halted_at_receipt":false,"quarantined_at_receipt":false}
19,-1,1791486097215,ea_event,,{"type":"fill_log","seq":226,"ea_time_ms":96009406,"magic":22260201,"deal_ticket":800000195,"order_ticket":9183,"position_id":900000099,"entry_type":"IN","deal_type":"SELL","side":"S","layer_index":5,"role":"EXT","deal_price":1.11890,"order_price_open":null,"slippage_pips":null,"volume":0.00,"profit":0.00,"swap":0.00,"commission":0.00,"deal_time_broker":"2026-10-08 19:01:37","deal_time_broker_msc":1791486097000,"halted_at_receipt":false,"quarantined_at_receipt":false}
19,-1,1791486098057,ea_event,,{"type":"fill_log","seq":227,"ea_time_ms":96009406,"magic":22260201,"deal_ticket":800000196,"order_ticket":700000196,"position_id":900000086,"entry_type":"OUT_BY","deal_type":"SELL","side":null,"layer_index":null,"role":null,"deal_price":1.11890,"order_price_open":null,"slippage_pips":null,"volume":0.00,"profit":1.00,"swap":0.00,"commission":0.00,"deal_time_broker":"2026-10-08 19:01:38","deal_time_broker_msc":1791486098000,"halted_at_receipt":false,"quarantined_at_receipt":false}
19,-1,1791486098057,ea_event,,{"type":"fill_log","seq":228,"ea_time_ms":96009406,"magic":22260201,"deal_ticket":800000197,"order_ticket":700000196,"position_id":900000099,"entry_type":"OUT_BY","deal_type":"SELL","side":null,"layer_index":null,"role":null,"deal_price":1.11990,"order_price_open":null,"slippage_pips":null,"volume":0.00,"profit":0.00,"swap":0.00,"commission":0.00,"deal_time_broker":"2026-10-08 19:01:38","deal_time_broker_msc":1791486098000,"halted_at_receipt":false,"quarantined_at_receipt":false}
19,-1,1791486098057,scalp,SCALP_CLOSED,{"close_time":"2026-10-08T19:01:38Z","instrument":"EURUSD","direction":"SHORT","entry_price":1.11990,"exit_price":1.11890,"layer_depth":5,"stack_depth":6,"gross_pnl":1.00,"instance_id":"GRIND_EURUSD_OPTC","ejected":false,"rolled":false,"broker_utc_offset_s":10800,"account_login":53077984}
19,-1,1791486185196,ea_event,,{"type":"fill_log","seq":229,"ea_time_ms":96009406,"magic":22260201,"deal_ticket":800000198,"order_ticket":9186,"position_id":900000100,"entry_type":"IN","deal_type":"BUY","side":"L","layer_index":6,"role":"ENT","deal_price":1.11886,"order_price_open":null,"slippage_pips":null,"volume":0.00,"profit":0.00,"swap":0.00,"commission":0.00,"deal_time_broker":"2026-10-08 19:03:05","deal_time_broker_msc":1791486185000,"halted_at_receipt":false,"quarantined_at_receipt":false}
19,-1,1791487048901,ea_event,,{"type":"fill_log","seq":230,"ea_time_ms":96009453,"magic":22260201,"deal_ticket":800000199,"order_ticket":9188,"position_id":900000101,"entry_type":"IN","deal_type":"SELL","side":"S","layer_index":5,"role":"ENT","deal_price":1.11988,"order_price_open":null,"slippage_pips":null,"volume":0.00,"profit":0.00,"swap":0.00,"commission":0.00,"deal_time_broker":"2026-10-08 19:17:28","deal_time_broker_msc":1791487048000,"halted_at_receipt":false,"quarantined_at_receipt":false}
19,-1,1791487051518,ea_event,,{"type":"fill_log","seq":231,"ea_time_ms":96009453,"magic":22260201,"deal_ticket":800000200,"order_ticket":9189,"position_id":900000102,"entry_type":"IN","deal_type":"BUY","side":"L","layer_index":6,"role":"EXT","deal_price":1.11988,"order_price_open":null,"slippage_pips":null,"volume":0.00,"profit":0.00,"swap":0.00,"commission":0.00,"deal_time_broker":"2026-10-08 19:17:28","deal_time_broker_msc":1791487048000,"halted_at_receipt":false,"quarantined_at_receipt":false}
19,-1,1791487051812,ea_event,,{"type":"fill_log","seq":232,"ea_time_ms":96009453,"magic":22260201,"deal_ticket":800000201,"order_ticket":700000201,"position_id":900000100,"entry_type":"OUT_BY","deal_type":"SELL","side":null,"layer_index":null,"role":null,"deal_price":1.11988,"order_price_open":null,"slippage_pips":null,"volume":0.00,"profit":1.02,"swap":0.00,"commission":0.00,"deal_time_broker":"2026-10-08 19:17:31","deal_time_broker_msc":1791487051000,"halted_at_receipt":false,"quarantined_at_receipt":false}
19,-1,1791487051812,ea_event,,{"type":"fill_log","seq":233,"ea_time_ms":96009453,"magic":22260201,"deal_ticket":800000202,"order_ticket":700000201,"position_id":900000102,"entry_type":"OUT_BY","deal_type":"SELL","side":null,"layer_index":null,"role":null,"deal_price":1.11886,"order_price_open":null,"slippage_pips":null,"volume":0.00,"profit":0.00,"swap":0.00,"commission":0.00,"deal_time_broker":"2026-10-08 19:17:31","deal_time_broker_msc":1791487051000,"halted_at_receipt":false,"quarantined_at_receipt":false}
19,-1,1791487051812,scalp,SCALP_CLOSED,{"close_time":"2026-10-08T19:17:31Z","instrument":"EURUSD","direction":"LONG","entry_price":1.11886,"exit_price":1.11988,"layer_depth":6,"stack_depth":7,"gross_pnl":1.02,"instance_id":"GRIND_EURUSD_OPTC","ejected":false,"rolled":false,"broker_utc_offset_s":10800,"account_login":53077984}
19,-1,1791487848440,ea_event,,{"type":"fill_log","seq":234,"ea_time_ms":96009500,"magic":22260201,"deal_ticket":800000203,"order_ticket":9191,"position_id":900000103,"entry_type":"IN","deal_type":"SELL","side":"S","layer_index":5,"role":"EXT","deal_price":1.11888,"order_price_open":null,"slippage_pips":null,"volume":0.00,"profit":0.00,"swap":0.00,"commission":0.00,"deal_time_broker":"2026-10-08 19:30:48","deal_time_broker_msc":1791487848000,"halted_at_receipt":false,"quarantined_at_receipt":false}
19,-1,1791487849264,ea_event,,{"type":"fill_log","seq":235,"ea_time_ms":96009500,"magic":22260201,"deal_ticket":800000204,"order_ticket":700000204,"position_id":900000101,"entry_type":"OUT_BY","deal_type":"SELL","side":null,"layer_index":null,"role":null,"deal_price":1.11888,"order_price_open":null,"slippage_pips":null,"volume":0.00,"profit":1.00,"swap":0.00,"commission":0.00,"deal_time_broker":"2026-10-08 19:30:49","deal_time_broker_msc":1791487849000,"halted_at_receipt":false,"quarantined_at_receipt":false}
19,-1,1791487849264,ea_event,,{"type":"fill_log","seq":236,"ea_time_ms":96009500,"magic":22260201,"deal_ticket":800000205,"order_ticket":700000204,"position_id":900000103,"entry_type":"OUT_BY","deal_type":"SELL","side":null,"layer_index":null,"role":null,"deal_price":1.11988,"order_price_open":null,"slippage_pips":null,"volume":0.00,"profit":0.00,"swap":0.00,"commission":0.00,"deal_time_broker":"2026-10-08 19:30:49","deal_time_broker_msc":1791487849000,"halted_at_receipt":false,"quarantined_at_receipt":false}
19,-1,1791487849264,scalp,SCALP_CLOSED,{"close_time":"2026-10-08T19:30:49Z","instrument":"EURUSD","direction":"SHORT","entry_price":1.11988,"exit_price":1.11888,"layer_depth":5,"stack_depth":6,"gross_pnl":1.00,"instance_id":"GRIND_EURUSD_OPTC","ejected":false,"rolled":false,"broker_utc_offset_s":10800,"account_login":53077984}
19,-1,1791487853268,ea_event,,{"type":"fill_log","seq":237,"ea_time_ms":96009500,"magic":22260201,"deal_ticket":800000206,"order_ticket":9194,"position_id":900000104,"entry_type":"IN","deal_type":"BUY","side":"L","layer_index":6,"role":"ENT","deal_price":1.11880,"order_price_open":null,"slippage_pips":null,"volume":0.00,"profit":0.00,"swap":0.00,"commission":0.00,"deal_time_broker":"2026-10-08 19:30:53","deal_time_broker_msc":1791487853000,"halted_at_receipt":false,"quarantined_at_receipt":false}
19,-1,1791489182195,ea_event,,{"type":"fill_log","seq":238,"ea_time_ms":96009562,"magic":22260201,"deal_ticket":800000207,"order_ticket":9197,"position_id":900000105,"entry_type":"IN","deal_type":"BUY","side":"L","layer_index":6,"role":"EXT","deal_price":1.11981,"order_price_open":null,"slippage_pips":null,"volume":0.00,"profit":0.00,"swap":0.00,"commission":0.00,"deal_time_broker":"2026-10-08 19:53:02","deal_time_broker_msc":1791489182000,"halted_at_receipt":false,"quarantined_at_receipt":false}
19,-1,1791489183227,ea_event,,{"type":"fill_log","seq":239,"ea_time_ms":96009578,"magic":22260201,"deal_ticket":800000208,"order_ticket":700000208,"position_id":900000104,"entry_type":"OUT_BY","deal_type":"SELL","side":null,"layer_index":null,"role":null,"deal_price":1.11981,"order_price_open":null,"slippage_pips":null,"volume":0.00,"profit":1.01,"swap":0.00,"commission":0.00,"deal_time_broker":"2026-10-08 19:53:03","deal_time_broker_msc":1791489183000,"halted_at_receipt":false,"quarantined_at_receipt":false}
19,-1,1791489183227,ea_event,,{"type":"fill_log","seq":240,"ea_time_ms":96009578,"magic":22260201,"deal_ticket":800000209,"order_ticket":700000208,"position_id":900000105,"entry_type":"OUT_BY","deal_type":"SELL","side":null,"layer_index":null,"role":null,"deal_price":1.11880,"order_price_open":null,"slippage_pips":null,"volume":0.00,"profit":0.00,"swap":0.00,"commission":0.00,"deal_time_broker":"2026-10-08 19:53:03","deal_time_broker_msc":1791489183000,"halted_at_receipt":false,"quarantined_at_receipt":false}
19,-1,1791489183227,scalp,SCALP_CLOSED,{"close_time":"2026-10-08T19:53:03Z","instrument":"EURUSD","direction":"LONG","entry_price":1.11880,"exit_price":1.11981,"layer_depth":6,"stack_depth":7,"gross_pnl":1.01,"instance_id":"GRIND_EURUSD_OPTC","ejected":false,"rolled":false,"broker_utc_offset_s":10800,"account_login":53077984}
19,-1,1791489669085,ea_event,,{"type":"fill_log","seq":241,"ea_time_ms":96009593,"magic":22260201,"deal_ticket":800000210,"order_ticket":9196,"position_id":900000106,"entry_type":"IN","deal_type":"SELL","side":"S","layer_index":5,"role":"ENT","deal_price":1.11988,"order_price_open":null,"slippage_pips":null,"volume":0.00,"profit":0.00,"swap":0.00,"commission":0.00,"deal_time_broker":"2026-10-08 20:01:09","deal_time_broker_msc":1791489669000,"halted_at_receipt":false,"quarantined_at_receipt":false}
19,-1,1791490128623,ea_event,,{"type":"fill_log","seq":242,"ea_time_ms":96009625,"magic":22260201,"deal_ticket":800000211,"order_ticket":9199,"position_id":900000107,"entry_type":"IN","deal_type":"BUY","side":"L","layer_index":5,"role":"EXT","deal_price":1.12043,"order_price_open":null,"slippage_pips":null,"volume":0.00,"profit":0.00,"swap":0.00,"commission":0.00,"deal_time_broker":"2026-10-08 20:08:48","deal_time_broker_msc":1791490128000,"halted_at_receipt":false,"quarantined_at_receipt":false}
19,-1,1791490129059,ea_event,,{"type":"fill_log","seq":243,"ea_time_ms":96009625,"magic":22260201,"deal_ticket":800000212,"order_ticket":700000212,"position_id":900000098,"entry_type":"OUT_BY","deal_type":"SELL","side":null,"layer_index":null,"role":null,"deal_price":1.12043,"order_price_open":null,"slippage_pips":null,"volume":0.00,"profit":0.99,"swap":0.00,"commission":0.00,"deal_time_broker":"2026-10-08 20:08:49","deal_time_broker_msc":1791490129000,"halted_at_receipt":false,"quarantined_at_receipt":false}
19,-1,1791490129059,ea_event,,{"type":"fill_log","seq":244,"ea_time_ms":96009625,"magic":22260201,"deal_ticket":800000213,"order_ticket":700000212,"position_id":900000107,"entry_type":"OUT_BY","deal_type":"SELL","side":null,"layer_index":null,"role":null,"deal_price":1.11944,"order_price_open":null,"slippage_pips":null,"volume":0.00,"profit":0.00,"swap":0.00,"commission":0.00,"deal_time_broker":"2026-10-08 20:08:49","deal_time_broker_msc":1791490129000,"halted_at_receipt":false,"quarantined_at_receipt":false}
19,-1,1791490129059,scalp,SCALP_CLOSED,{"close_time":"2026-10-08T20:08:49Z","instrument":"EURUSD","direction":"LONG","entry_price":1.11944,"exit_price":1.12043,"layer_depth":5,"stack_depth":6,"gross_pnl":0.99,"instance_id":"GRIND_EURUSD_OPTC","ejected":false,"rolled":false,"broker_utc_offset_s":10800,"account_login":53077984}
19,-1,1791490344401,ea_event,,{"type":"fill_log","seq":245,"ea_time_ms":96009640,"magic":22260201,"deal_ticket":800000214,"order_ticket":9202,"position_id":900000108,"entry_type":"IN","deal_type":"SELL","side":"S","layer_index":6,"role":"ENT","deal_price":1.12048,"order_price_open":null,"slippage_pips":null,"volume":0.00,"profit":0.00,"swap":0.00,"commission":0.00,"deal_time_broker":"2026-10-08 20:12:24","deal_time_broker_msc":1791490344000,"halted_at_receipt":false,"quarantined_at_receipt":false}
19,-1,1791490562471,ea_event,,{"type":"fill_log","seq":246,"ea_time_ms":96009656,"magic":22260201,"deal_ticket":800000215,"order_ticket":9203,"position_id":900000109,"entry_type":"IN","deal_type":"BUY","side":"L","layer_index":4,"role":"EXT","deal_price":1.12107,"order_price_open":null,"slippage_pips":null,"volume":0.00,"profit":0.00,"swap":0.00,"commission":0.00,"deal_time_broker":"2026-10-08 20:16:02","deal_time_broker_msc":1791490562000,"halted_at_receipt":false,"quarantined_at_receipt":false}
19,-1,1791490563101,ea_event,,{"type":"fill_log","seq":247,"ea_time_ms":96009656,"magic":22260201,"deal_ticket":800000216,"order_ticket":9206,"position_id":900000110,"entry_type":"IN","deal_type":"SELL","side":"S","layer_index":7,"role":"ENT","deal_price":1.12110,"order_price_open":null,"slippage_pips":null,"volume":0.00,"profit":0.00,"swap":0.00,"commission":0.00,"deal_time_broker":"2026-10-08 20:16:03","deal_time_broker_msc":1791490563000,"halted_at_receipt":false,"quarantined_at_receipt":false}
19,-1,1791490564431,ea_event,,{"type":"fill_log","seq":248,"ea_time_ms":96009656,"magic":22260201,"deal_ticket":800000217,"order_ticket":700000217,"position_id":900000096,"entry_type":"OUT_BY","deal_type":"SELL","side":null,"layer_index":null,"role":null,"deal_price":1.12107,"order_price_open":null,"slippage_pips":null,"volume":0.00,"profit":1.01,"swap":0.00,"commission":0.00,"deal_time_broker":"2026-10-08 20:16:04","deal_time_broker_msc":1791490564000,"halted_at_receipt":false,"quarantined_at_receipt":false}
19,-1,1791490564431,ea_event,,{"type":"fill_log","seq":249,"ea_time_ms":96009656,"magic":22260201,"deal_ticket":800000218,"order_ticket":700000217,"position_id":900000109,"entry_type":"OUT_BY","deal_type":"SELL","side":null,"layer_index":null,"role":null,"deal_price":1.12006,"order_price_open":null,"slippage_pips":null,"volume":0.00,"profit":0.00,"swap":0.00,"commission":0.00,"deal_time_broker":"2026-10-08 20:16:04","deal_time_broker_msc":1791490564000,"halted_at_receipt":false,"quarantined_at_receipt":false}
19,-1,1791490564431,scalp,SCALP_CLOSED,{"close_time":"2026-10-08T20:16:04Z","instrument":"EURUSD","direction":"LONG","entry_price":1.12006,"exit_price":1.12107,"layer_depth":4,"stack_depth":5,"gross_pnl":1.01,"instance_id":"GRIND_EURUSD_OPTC","ejected":false,"rolled":false,"broker_utc_offset_s":10800,"account_login":53077984}
19,-1,1791490687244,ea_event,,{"type":"fill_log","seq":250,"ea_time_ms":96009687,"magic":22260201,"deal_ticket":800000219,"order_ticket":9208,"position_id":900000111,"entry_type":"IN","deal_type":"BUY","side":"L","layer_index":3,"role":"EXT","deal_price":1.12167,"order_price_open":null,"slippage_pips":null,"volume":0.00,"profit":0.00,"swap":0.00,"commission":0.00,"deal_time_broker":"2026-10-08 20:18:07","deal_time_broker_msc":1791490687000,"halted_at_receipt":false,"quarantined_at_receipt":false}
19,-1,1791490687879,ea_event,,{"type":"fill_log","seq":251,"ea_time_ms":96009687,"magic":22260201,"deal_ticket":800000220,"order_ticket":700000220,"position_id":900000094,"entry_type":"OUT_BY","deal_type":"SELL","side":null,"layer_index":null,"role":null,"deal_price":1.12167,"order_price_open":null,"slippage_pips":null,"volume":0.00,"profit":1.01,"swap":0.00,"commission":0.00,"deal_time_broker":"2026-10-08 20:18:07","deal_time_broker_msc":1791490687000,"halted_at_receipt":false,"quarantined_at_receipt":false}
19,-1,1791490687879,ea_event,,{"type":"fill_log","seq":252,"ea_time_ms":96009687,"magic":22260201,"deal_ticket":800000221,"order_ticket":700000220,"position_id":900000111,"entry_type":"OUT_BY","deal_type":"SELL","side":null,"layer_index":null,"role":null,"deal_price":1.12066,"order_price_open":null,"slippage_pips":null,"volume":0.00,"profit":0.00,"swap":0.00,"commission":0.00,"deal_time_broker":"2026-10-08 20:18:07","deal_time_broker_msc":1791490687000,"halted_at_receipt":false,"quarantined_at_receipt":false}
19,-1,1791490687879,scalp,SCALP_CLOSED,{"close_time":"2026-10-08T20:18:07Z","instrument":"EURUSD","direction":"LONG","entry_price":1.12066,"exit_price":1.12167,"layer_depth":3,"stack_depth":4,"gross_pnl":1.01,"instance_id":"GRIND_EURUSD_OPTC","ejected":false,"rolled":false,"broker_utc_offset_s":10800,"account_login":53077984}
19,-1,1791490694019,ea_event,ROLL_DEFERRED,{"type":"ea_event","seq":253,"ea_time_ms":96009687,"magic":null,"level":"INFO","code":"ROLL_DEFERRED","reason":"S","ticket":null,"detail":{"side":"S","depth":8,"opposite_depth":3,"gate":0,"level":1.12170,"market":1.12170}}
19,-1,1791493625238,ea_event,,{"type":"fill_log","seq":254,"ea_time_ms":96009828,"magic":22260201,"deal_ticket":800000222,"order_ticket":9211,"position_id":900000112,"entry_type":"IN","deal_type":"BUY","side":"L","layer_index":3,"role":"ENT","deal_price":1.12066,"order_price_open":null,"slippage_pips":null,"volume":0.00,"profit":0.00,"swap":0.00,"commission":0.00,"deal_time_broker":"2026-10-08 21:07:05","deal_time_broker_msc":1791493625000,"halted_at_receipt":false,"quarantined_at_receipt":false}
19,-1,1791500907957,ea_event,,{"type":"fill_log","seq":255,"ea_time_ms":96009937,"magic":22260201,"deal_ticket":800000223,"order_ticket":9212,"position_id":900000113,"entry_type":"IN","deal_type":"BUY","side":"L","layer_index":3,"role":"EXT","deal_price":1.12168,"order_price_open":null,"slippage_pips":null,"volume":0.00,"profit":0.00,"swap":0.00,"commission":0.00,"deal_time_broker":"2026-10-08 23:08:27","deal_time_broker_msc":1791500907000,"halted_at_receipt":false,"quarantined_at_receipt":false}
19,-1,1791500909197,ea_event,,{"type":"fill_log","seq":256,"ea_time_ms":96009937,"magic":22260201,"deal_ticket":800000224,"order_ticket":700000224,"position_id":900000112,"entry_type":"OUT_BY","deal_type":"SELL","side":null,"layer_index":null,"role":null,"deal_price":1.12168,"order_price_open":null,"slippage_pips":null,"volume":0.00,"profit":1.02,"swap":0.00,"commission":0.00,"deal_time_broker":"2026-10-08 23:08:29","deal_time_broker_msc":1791500909000,"halted_at_receipt":false,"quarantined_at_receipt":false}
19,-1,1791500909197,ea_event,,{"type":"fill_log","seq":257,"ea_time_ms":96009937,"magic":22260201,"deal_ticket":800000225,"order_ticket":700000224,"position_id":900000113,"entry_type":"OUT_BY","deal_type":"SELL","side":null,"layer_index":null,"role":null,"deal_price":1.12066,"order_price_open":null,"slippage_pips":null,"volume":0.00,"profit":0.00,"swap":0.00,"commission":0.00,"deal_time_broker":"2026-10-08 23:08:29","deal_time_broker_msc":1791500909000,"halted_at_receipt":false,"quarantined_at_receipt":false}
19,-1,1791500909197,scalp,SCALP_CLOSED,{"close_time":"2026-10-08T23:08:29Z","instrument":"EURUSD","direction":"LONG","entry_price":1.12066,"exit_price":1.12168,"layer_depth":3,"stack_depth":4,"gross_pnl":1.02,"instance_id":"GRIND_EURUSD_OPTC","ejected":false,"rolled":false,"broker_utc_offset_s":10800,"account_login":53077984}
19,-1,1791503436002,ea_event,CARRY_SNAPSHOT,{"type":"ea_event","seq":258,"ea_time_ms":96009968,"magic":null,"level":"INFO","code":"CARRY_SNAPSHOT","reason":"EURUSD","ticket":null,"detail":{"symbol":"EURUSD","swap_mode":1,"swap_long":-7.9900,"swap_short":1.3100,"multiplier":1,"day_of_week":4,"rollover3days":3,"digits":5,"point":0.00001000,"tick_value":1.00000000,"tick_size":0.00001000,"stops_level":0,"freeze_level":0,"long_pips":-0.799,"short_pips":0.131,"eligible_long":3,"eligible_short":8,"trade_mode_full":true,"mult_today":1,"mult_tomorrow":1,"accrued_swap_long":0.00,"accrued_swap_short":0.00}}
19,-1,1791503436002,ea_event,CARRY_EXIT_SHIFT,{"type":"ea_event","seq":259,"ea_time_ms":96009968,"magic":null,"level":"INFO","code":"CARRY_EXIT_SHIFT","reason":"EURUSD","ticket":null,"detail":{"position_ticket":1990101837,"side":"long","layer_index":0,"accrued_ledger_pips":-3.200,"pending_pips":-0.799,"accrued_pips_total":-3.999,"old_price":1.12363,"new_price":1.12387,"clamped":false,"sign_guard_skipped":false,"retcode":10009,"points_native_pips":-1.598}}
19,-1,1791503496002,ea_event,CARRY_EXIT_SHIFT,{"type":"ea_event","seq":260,"ea_time_ms":96009968,"magic":null,"level":"INFO","code":"CARRY_EXIT_SHIFT","reason":"EURUSD","ticket":null,"detail":{"position_ticket":900000093,"side":"long","layer_index":2,"accrued_ledger_pips":0.000,"pending_pips":-0.799,"accrued_pips_total":-0.799,"old_price":1.12226,"new_price":1.12234,"clamped":false,"sign_guard_skipped":false,"retcode":10009,"points_native_pips":-0.799}}
19,-1,1791503496002,ea_event,CARRY_EXIT_SHIFT,{"type":"ea_event","seq":261,"ea_time_ms":96009968,"magic":null,"level":"INFO","code":"CARRY_EXIT_SHIFT","reason":"EURUSD","ticket":null,"detail":{"position_ticket":900000031,"side":"short","layer_index":0,"accrued_ledger_pips":0.400,"pending_pips":0.131,"accrued_pips_total":0.531,"old_price":1.11586,"new_price":1.11590,"clamped":false,"sign_guard_skipped":false,"retcode":10009,"points_native_pips":0.131}}
19,-1,1791503736002,ea_event,CARRY_EXIT_SHIFT,{"type":"ea_event","seq":262,"ea_time_ms":96009968,"magic":null,"level":"INFO","code":"CARRY_EXIT_SHIFT","reason":"EURUSD","ticket":null,"detail":{"position_ticket":900000110,"side":"short","layer_index":7,"accrued_ledger_pips":0.000,"pending_pips":0.131,"accrued_pips_total":0.131,"old_price":1.12010,"new_price":1.12011,"clamped":false,"sign_guard_skipped":false,"retcode":10009,"points_native_pips":0.131}}
19,-1,1791503736002,ea_event,CARRY_PASS_SUMMARY,{"type":"ea_event","seq":263,"ea_time_ms":96009968,"magic":null,"level":"INFO","code":"CARRY_PASS_SUMMARY","reason":"EURUSD","ticket":null,"detail":{"eligible":11,"shifted":4,"clamped":0,"skipped":0,"failed":0,"incomplete":false}}
