seg_id,sync_idx,time_ms,stage,action,ticket,type,side,layer,role,price,old_price
1,-1,1790837932001,SEED,PLACE,1975959125,SELL_LIMIT,L,0,EXT,1.13778,0.00000
1,-1,1790837932001,SEED,PLACE,1977728136,SELL_LIMIT,L,6,EXT,1.13349,0.00000
1,-1,1790837932001,SEED,PLACE,1977728160,BUY_LIMIT,L,7,ENT,1.13179,0.00000
1,-1,1790837932001,SEED,PLACE,1977312355,BUY_LIMIT,S,0,EXT,1.13207,0.00000
1,-1,1790837932001,SEED,PLACE,1977312358,SELL_LIMIT,S,1,ENT,1.13376,0.00000
1,-1,1790839277477,DEAL,FILL,1977312355,BUY_LIMIT,S,0,EXT,1.13207,0.00000
1,0,1790839279433,ENGINE,PLACE,9000,SELL_LIMIT,S,0,ENT,1.13275,0.00000
1,0,1790839280720,ENGINE,REMOVE,1977312358,SELL_LIMIT,S,1,ENT,1.13376,0.00000
1,2,1790841684319,DEAL,PLACE,9001,SELL_LIMIT,L,7,EXT,1.13274,0.00000
1,2,1790841685606,DEAL,REMOVE,1977728136,SELL_LIMIT,L,6,EXT,1.13349,0.00000
1,2,1790841685649,DEAL,FILL,1977728160,BUY_LIMIT,L,7,ENT,1.13179,0.00000
1,3,1790841685265,SYNC,REMOVE,9001,SELL_LIMIT,L,7,EXT,1.13274,0.00000
1,3,1790841685649,ENGINE,PLACE,9002,SELL_LIMIT,L,7,EXT,1.13274,0.00000
1,3,1790847623591,ENGINE,MODIFY,9000,SELL_LIMIT,S,0,ENT,1.13205,1.13275
1,3,1790847652134,LATTICE,MODIFY,1975959125,SELL_LIMIT,L,0,EXT,1.13212,1.13778
1,3,1790847653422,LATTICE,PLACE,9003,SELL_LIMIT,L,1,EXT,1.13708,0.00000
1,3,1790847654709,LATTICE,REMOVE,9002,SELL_LIMIT,L,7,EXT,1.13274,0.00000
1,4,1790850224173,ENGINE,MODIFY,9000,SELL_LIMIT,S,0,ENT,1.13135,1.13205
1,4,1790850665949,LATTICE,MODIFY,9003,SELL_LIMIT,L,1,EXT,1.13142,1.13708
1,4,1790850667237,LATTICE,PLACE,9004,SELL_LIMIT,L,2,EXT,1.13638,0.00000
1,4,1790850668524,LATTICE,REMOVE,1975959125,SELL_LIMIT,L,0,EXT,1.13212,0.00000
1,5,1790850678396,ENGINE,MODIFY,9000,SELL_LIMIT,S,0,ENT,1.13064,1.13135
1,5,1790850771328,DEAL,PLACE,9005,BUY_LIMIT,S,0,EXT,1.12964,0.00000
1,5,1790850772615,DEAL,PLACE,9006,SELL_LIMIT,S,1,ENT,1.13134,0.00000
1,5,1790850773902,DEAL,FILL,9000,SELL_LIMIT,S,0,ENT,1.13064,0.00000
1,6,1790850771470,SYNC,REMOVE,9005,BUY_LIMIT,S,0,EXT,1.12964,0.00000
1,6,1790850773902,ENGINE,PLACE,9007,BUY_LIMIT,S,0,EXT,1.12964,0.00000
1,6,1790853131208,LATTICE,MODIFY,9004,SELL_LIMIT,L,2,EXT,1.13072,1.13638
1,6,1790853132496,LATTICE,PLACE,9008,SELL_LIMIT,L,3,EXT,1.13568,0.00000
1,6,1790853133783,LATTICE,REMOVE,9003,SELL_LIMIT,L,1,EXT,1.13142,0.00000
1,6,1790853133826,DEAL,FILL,9007,BUY_LIMIT,S,0,EXT,1.12964,0.00000
1,10,1790853133826,ENGINE,PLACE,9009,SELL_LIMIT,S,0,ENT,1.13025,0.00000
1,10,1790853135113,ENGINE,REMOVE,9006,SELL_LIMIT,S,1,ENT,1.13134,0.00000
1,10,1790853977775,DEAL,PLACE,9010,BUY_LIMIT,S,0,EXT,1.12925,0.00000
1,10,1790853979062,DEAL,PLACE,9011,SELL_LIMIT,S,1,ENT,1.13095,0.00000
1,10,1790853980349,DEAL,FILL,9009,SELL_LIMIT,S,0,ENT,1.13025,0.00000
1,11,1790853977915,SYNC,REMOVE,9010,BUY_LIMIT,S,0,EXT,1.12925,0.00000
1,11,1790853980349,ENGINE,PLACE,9012,BUY_LIMIT,S,0,EXT,1.12925,0.00000
1,11,1790854742124,DEAL,FILL,9012,BUY_LIMIT,S,0,EXT,1.12925,0.00000
1,12,1790854742265,ENGINE,PLACE,9013,SELL_LIMIT,S,0,ENT,1.12993,0.00000
1,12,1790854743552,ENGINE,REMOVE,9011,SELL_LIMIT,S,1,ENT,1.13095,0.00000
1,14,1790854775420,LATTICE,MODIFY,9008,SELL_LIMIT,L,3,EXT,1.13002,1.13568
1,14,1790854776708,LATTICE,PLACE,9014,SELL_LIMIT,L,4,EXT,1.13497,0.00000
1,14,1790854777995,LATTICE,REMOVE,9004,SELL_LIMIT,L,2,EXT,1.13072,0.00000
1,16,1790857054765,ENGINE,PLACE,9015,BUY_LIMIT,S,0,EXT,1.12892,0.00000
1,16,1790857056052,ENGINE,PLACE,9016,SELL_LIMIT,S,1,ENT,1.13062,0.00000
1,16,1790857057339,ENGINE,REMOVE,9013,SELL_LIMIT,S,0,ENT,1.12993,0.00000
1,16,1790857300920,DEAL,FILL,9008,SELL_LIMIT,L,3,EXT,1.13002,0.00000
1,17,1790857301258,ENGINE,PLACE,9017,SELL_LIMIT,L,2,EXT,1.13072,0.00000
1,17,1790857302545,ENGINE,PLACE,9018,BUY_LIMIT,L,8,ENT,1.12894,0.00000
1,19,1790858429466,DEAL,PLACE,9019,SELL_LIMIT,L,8,EXT,1.12993,0.00000
1,19,1790858430753,DEAL,REMOVE,9017,SELL_LIMIT,L,2,EXT,1.13072,0.00000
1,19,1790858430796,DEAL,FILL,9018,BUY_LIMIT,L,8,ENT,1.12894,0.00000
1,20,1790858429605,SYNC,REMOVE,9019,SELL_LIMIT,L,8,EXT,1.12993,0.00000
1,20,1790858430796,DEAL,FILL,9015,BUY_LIMIT,S,0,EXT,1.12892,0.00000
1,20,1790858431090,ENGINE,PLACE,9020,SELL_LIMIT,L,8,EXT,1.12993,0.00000
1,23,1790858432377,ENGINE,PLACE,9021,SELL_LIMIT,S,0,ENT,1.12962,0.00000
1,23,1790858433664,ENGINE,REMOVE,9016,SELL_LIMIT,S,1,ENT,1.13062,0.00000
1,23,1790859258973,LATTICE,MODIFY,9014,SELL_LIMIT,L,4,EXT,1.12931,1.13497
1,23,1790859260261,LATTICE,PLACE,9022,SELL_LIMIT,L,5,EXT,1.13427,0.00000
1,23,1790859261548,LATTICE,REMOVE,9020,SELL_LIMIT,L,8,EXT,1.12993,0.00000
1,23,1790859261591,ENGINE,MODIFY,9021,SELL_LIMIT,S,0,ENT,1.12891,1.12962
1,24,1790859450886,LATTICE,MODIFY,9022,SELL_LIMIT,L,5,EXT,1.12861,1.13427
1,24,1790859452174,LATTICE,PLACE,9023,SELL_LIMIT,L,6,EXT,1.13349,0.00000
1,24,1790859453461,LATTICE,REMOVE,9014,SELL_LIMIT,L,4,EXT,1.12931,0.00000
1,24,1790859453504,ENGINE,MODIFY,9021,SELL_LIMIT,S,0,ENT,1.12816,1.12891
1,25,1790859610146,LATTICE,MODIFY,9023,SELL_LIMIT,L,6,EXT,1.12783,1.13349
1,25,1790859611434,LATTICE,PLACE,9024,SELL_LIMIT,L,7,EXT,1.13274,0.00000
1,25,1790859612721,LATTICE,REMOVE,9022,SELL_LIMIT,L,5,EXT,1.12861,0.00000
1,26,1790859623047,ENGINE,MODIFY,9021,SELL_LIMIT,S,0,ENT,1.12746,1.12816
1,27,1790860062266,ENGINE,PLACE,9025,BUY_LIMIT,S,0,EXT,1.12643,0.00000
1,27,1790860063553,ENGINE,PLACE,9026,SELL_LIMIT,S,1,ENT,1.12813,0.00000
1,27,1790860064840,ENGINE,REMOVE,9021,SELL_LIMIT,S,0,ENT,1.12746,0.00000
1,27,1790860504824,DEAL,FILL,9023,SELL_LIMIT,L,6,EXT,1.12783,0.00000
1,28,1790860505164,ENGINE,PLACE,9027,SELL_LIMIT,L,5,EXT,1.12861,0.00000
1,28,1790860506451,ENGINE,PLACE,9028,BUY_LIMIT,L,9,ENT,1.12683,0.00000
1,30,1790860724351,DEAL,PLACE,9029,BUY_LIMIT,S,1,EXT,1.12714,0.00000
1,30,1790860725638,DEAL,PLACE,9030,SELL_LIMIT,S,2,ENT,1.12884,0.00000
1,30,1790860726925,DEAL,FILL,9026,SELL_LIMIT,S,1,ENT,1.12813,0.00000
1,31,1790860724492,SYNC,REMOVE,9029,BUY_LIMIT,S,1,EXT,1.12714,0.00000
1,31,1790860726925,ENGINE,PLACE,9031,BUY_LIMIT,S,1,EXT,1.12714,0.00000
1,31,1790861224918,DEAL,FILL,9027,SELL_LIMIT,L,5,EXT,1.12861,0.00000
1,32,1790861225261,ENGINE,MODIFY,9028,BUY_LIMIT,L,9,ENT,1.12753,1.12683
1,32,1790861226549,ENGINE,PLACE,9032,SELL_LIMIT,L,4,EXT,1.12931,0.00000
1,34,1790861365412,DEAL,PLACE,9033,BUY_LIMIT,S,2,EXT,1.12785,0.00000
1,34,1790861366699,DEAL,PLACE,9034,SELL_LIMIT,S,3,ENT,1.12955,0.00000
1,34,1790861367986,DEAL,FILL,9030,SELL_LIMIT,S,2,ENT,1.12884,0.00000
1,34,1790861367986,DEAL,REMOVE,9031,BUY_LIMIT,S,1,EXT,1.12714,0.00000
1,35,1790861366556,SYNC,REMOVE,9033,BUY_LIMIT,S,2,EXT,1.12785,0.00000
1,35,1790861368029,ENGINE,PLACE,9035,BUY_LIMIT,S,2,EXT,1.12785,0.00000
1,35,1790861698981,DEAL,FILL,9032,SELL_LIMIT,L,4,EXT,1.12931,0.00000
1,36,1790861699124,ENGINE,MODIFY,9028,BUY_LIMIT,L,9,ENT,1.12823,1.12753
1,36,1790861700412,ENGINE,PLACE,9036,SELL_LIMIT,L,8,EXT,1.12993,0.00000
1,38,1790862729244,DEAL,PLACE,9037,BUY_LIMIT,S,3,EXT,1.12857,0.00000
1,38,1790862730531,DEAL,PLACE,9038,SELL_LIMIT,S,4,ENT,1.13027,0.00000
1,38,1790862731818,DEAL,FILL,9034,SELL_LIMIT,S,3,ENT,1.12955,0.00000
1,38,1790862731818,DEAL,REMOVE,9035,BUY_LIMIT,S,2,EXT,1.12785,0.00000
1,39,1790862731001,SYNC,REMOVE,9037,BUY_LIMIT,S,3,EXT,1.12857,0.00000
1,39,1790862731861,ENGINE,PLACE,9039,BUY_LIMIT,S,3,EXT,1.12857,0.00000
1,39,1790864165493,DEAL,FILL,9039,BUY_LIMIT,S,3,EXT,1.12857,0.00000
1,40,1790864166635,ENGINE,PLACE,9040,BUY_LIMIT,S,2,EXT,1.12785,0.00000
1,40,1790864167922,ENGINE,REMOVE,9038,SELL_LIMIT,S,4,ENT,1.13027,0.00000
1,42,1790864168247,ENGINE,PLACE,9041,SELL_LIMIT,S,3,ENT,1.12955,0.00000
1,42,1790864730641,DEAL,PLACE,9042,SELL_LIMIT,L,9,EXT,1.12921,0.00000
1,42,1790864731928,DEAL,PLACE,9043,BUY_LIMIT,L,10,ENT,1.12751,0.00000
1,42,1790864733215,DEAL,FILL,9028,BUY_LIMIT,L,9,ENT,1.12823,0.00000
1,42,1790864733215,DEAL,REMOVE,9036,SELL_LIMIT,L,8,EXT,1.12993,0.00000
1,43,1790864731383,SYNC,REMOVE,9042,SELL_LIMIT,L,9,EXT,1.12921,0.00000
1,43,1790864733258,ENGINE,PLACE,9044,SELL_LIMIT,L,9,EXT,1.12921,0.00000
1,43,1790865550516,DEAL,FILL,9044,SELL_LIMIT,L,9,EXT,1.12921,0.00000
1,44,1790865551261,ENGINE,PLACE,9045,SELL_LIMIT,L,8,EXT,1.12993,0.00000
1,44,1790865552548,ENGINE,REMOVE,9043,BUY_LIMIT,L,10,ENT,1.12751,0.00000
1,46,1790865553284,ENGINE,PLACE,9046,BUY_LIMIT,L,9,ENT,1.12823,0.00000
1,46,1790865681996,DEAL,PLACE,9047,BUY_LIMIT,S,3,EXT,1.12855,0.00000
1,46,1790865683283,DEAL,PLACE,9048,SELL_LIMIT,S,4,ENT,1.13025,0.00000
1,46,1790865684570,DEAL,REMOVE,9040,BUY_LIMIT,S,2,EXT,1.12785,0.00000
1,46,1790865684613,DEAL,FILL,9041,SELL_LIMIT,S,3,ENT,1.12955,0.00000
1,47,1790865682338,SYNC,REMOVE,9047,BUY_LIMIT,S,3,EXT,1.12855,0.00000
1,47,1790865684613,ENGINE,PLACE,9049,BUY_LIMIT,S,3,EXT,1.12855,0.00000
1,47,1790865992515,DEAL,FILL,9045,SELL_LIMIT,L,8,EXT,1.12993,0.00000
1,48,1790865992655,ENGINE,PLACE,9050,SELL_LIMIT,L,2,EXT,1.13072,0.00000
1,48,1790865993942,ENGINE,REMOVE,9046,BUY_LIMIT,L,9,ENT,1.12823,0.00000
1,50,1790865994261,ENGINE,PLACE,9051,BUY_LIMIT,L,8,ENT,1.12894,0.00000
1,50,1790866170431,DEAL,PLACE,9052,BUY_LIMIT,S,4,EXT,1.12925,0.00000
1,50,1790866171718,DEAL,PLACE,9053,SELL_LIMIT,S,5,ENT,1.13095,0.00000
1,50,1790866173005,DEAL,FILL,9048,SELL_LIMIT,S,4,ENT,1.13025,0.00000
1,50,1790866173005,DEAL,REMOVE,9049,BUY_LIMIT,S,3,EXT,1.12855,0.00000
1,51,1790866170577,SYNC,REMOVE,9052,BUY_LIMIT,S,4,EXT,1.12925,0.00000
1,51,1790866173048,ENGINE,PLACE,9054,BUY_LIMIT,S,4,EXT,1.12925,0.00000
1,51,1790866497376,DEAL,FILL,9050,SELL_LIMIT,L,2,EXT,1.13072,0.00000
1,52,1790866497517,ENGINE,MODIFY,9051,BUY_LIMIT,L,8,ENT,1.12964,1.12894
1,52,1790866498805,ENGINE,PLACE,9055,SELL_LIMIT,L,1,EXT,1.13142,0.00000
1,54,1790866506009,DEAL,PLACE,9056,BUY_LIMIT,S,5,EXT,1.12995,0.00000
1,54,1790866507296,DEAL,PLACE,9057,SELL_LIMIT,S,6,ENT,1.13165,0.00000
1,54,1790866508583,DEAL,FILL,9053,SELL_LIMIT,S,5,ENT,1.13095,0.00000
1,54,1790866508583,DEAL,REMOVE,9054,BUY_LIMIT,S,4,EXT,1.12925,0.00000
1,55,1790866506351,SYNC,REMOVE,9056,BUY_LIMIT,S,5,EXT,1.12995,0.00000
1,55,1790866508626,ENGINE,PLACE,9058,BUY_LIMIT,S,5,EXT,1.12995,0.00000
1,55,1790867382360,DEAL,FILL,9058,BUY_LIMIT,S,5,EXT,1.12995,0.00000
1,56,1790867383111,ENGINE,PLACE,9059,BUY_LIMIT,S,4,EXT,1.12925,0.00000
1,56,1790867384398,ENGINE,REMOVE,9057,SELL_LIMIT,S,6,ENT,1.13165,0.00000
1,58,1790867385315,ENGINE,PLACE,9060,SELL_LIMIT,S,5,ENT,1.13095,0.00000
1,58,1790867801578,DEAL,PLACE,9061,SELL_LIMIT,L,8,EXT,1.13061,0.00000
1,58,1790867802865,DEAL,PLACE,9062,BUY_LIMIT,L,9,ENT,1.12891,0.00000
1,58,1790867804152,DEAL,FILL,9051,BUY_LIMIT,L,8,ENT,1.12964,0.00000
1,58,1790867804152,DEAL,REMOVE,9055,SELL_LIMIT,L,1,EXT,1.13142,0.00000
1,59,1790867801920,SYNC,REMOVE,9061,SELL_LIMIT,L,8,EXT,1.13061,0.00000
1,59,1790867804195,ENGINE,PLACE,9063,SELL_LIMIT,L,8,EXT,1.13061,0.00000
1,59,1790868364695,DEAL,FILL,9059,BUY_LIMIT,S,4,EXT,1.12925,0.00000
1,60,1790868364838,ENGINE,PLACE,9064,BUY_LIMIT,S,3,EXT,1.12855,0.00000
1,60,1790868366125,ENGINE,REMOVE,9060,SELL_LIMIT,S,5,ENT,1.13095,0.00000
1,62,1790868366641,ENGINE,PLACE,9065,SELL_LIMIT,S,4,ENT,1.13025,0.00000
1,62,1790869671175,DEAL,PLACE,9066,SELL_LIMIT,L,9,EXT,1.12992,0.00000
1,62,1790869672462,DEAL,PLACE,9067,BUY_LIMIT,L,10,ENT,1.12822,0.00000
1,62,1790869673749,DEAL,FILL,9062,BUY_LIMIT,L,9,ENT,1.12891,0.00000
1,62,1790869673749,DEAL,REMOVE,9063,SELL_LIMIT,L,8,EXT,1.13061,0.00000
1,63,1790869672716,SYNC,REMOVE,9066,SELL_LIMIT,L,9,EXT,1.12992,0.00000
1,63,1790869673792,ENGINE,PLACE,9068,SELL_LIMIT,L,9,EXT,1.12992,0.00000
1,63,1790870219389,DEAL,FILL,9064,BUY_LIMIT,S,3,EXT,1.12855,0.00000
1,64,1790870219933,ENGINE,PLACE,9069,BUY_LIMIT,S,2,EXT,1.12785,0.00000
1,64,1790870221220,ENGINE,REMOVE,9065,SELL_LIMIT,S,4,ENT,1.13025,0.00000
1,66,1790870221534,ENGINE,PLACE,9070,SELL_LIMIT,S,3,ENT,1.12955,0.00000
1,66,1790872854612,DEAL,PLACE,9071,SELL_LIMIT,L,10,EXT,1.12922,0.00000
1,66,1790872855899,DEAL,PLACE,9072,BUY_LIMIT,L,11,ENT,1.12752,0.00000
1,66,1790872857186,DEAL,FILL,9067,BUY_LIMIT,L,10,ENT,1.12822,0.00000
1,66,1790872857186,DEAL,REMOVE,9068,SELL_LIMIT,L,9,EXT,1.12992,0.00000
1,67,1790872854958,SYNC,REMOVE,9071,SELL_LIMIT,L,10,EXT,1.12922,0.00000
1,67,1790872857229,ENGINE,PLACE,9073,SELL_LIMIT,L,10,EXT,1.12922,0.00000
1,67,1790873251935,DEAL,FILL,9073,SELL_LIMIT,L,10,EXT,1.12922,0.00000
1,68,1790873252676,ENGINE,PLACE,9074,SELL_LIMIT,L,9,EXT,1.12992,0.00000
1,68,1790873253963,ENGINE,REMOVE,9072,BUY_LIMIT,L,11,ENT,1.12752,0.00000
1,70,1790873254087,ENGINE,PLACE,9075,BUY_LIMIT,L,10,ENT,1.12822,0.00000
1,70,1790873697647,DEAL,PLACE,9076,BUY_LIMIT,S,3,EXT,1.12856,0.00000
1,70,1790873698934,DEAL,PLACE,9077,SELL_LIMIT,S,4,ENT,1.13026,0.00000
1,70,1790873700221,DEAL,REMOVE,9069,BUY_LIMIT,S,2,EXT,1.12785,0.00000
1,70,1790873700264,DEAL,FILL,9070,SELL_LIMIT,S,3,ENT,1.12955,0.00000
1,71,1790873697786,SYNC,REMOVE,9076,BUY_LIMIT,S,3,EXT,1.12856,0.00000
1,71,1790873700264,ENGINE,PLACE,9078,BUY_LIMIT,S,3,EXT,1.12856,0.00000
1,71,1790874324583,DEAL,FILL,9078,BUY_LIMIT,S,3,EXT,1.12856,0.00000
1,72,1790874325326,ENGINE,PLACE,9079,BUY_LIMIT,S,2,EXT,1.12785,0.00000
1,72,1790874326613,ENGINE,REMOVE,9077,SELL_LIMIT,S,4,ENT,1.13026,0.00000
1,74,1790874326729,ENGINE,PLACE,9080,SELL_LIMIT,S,3,ENT,1.12955,0.00000
1,74,1790875895582,DEAL,PLACE,9081,SELL_LIMIT,L,10,EXT,1.12915,0.00000
1,74,1790875896869,DEAL,PLACE,9082,BUY_LIMIT,L,11,ENT,1.12745,0.00000
1,74,1790875898156,DEAL,REMOVE,9074,SELL_LIMIT,L,9,EXT,1.12992,0.00000
1,74,1790875898199,DEAL,FILL,9075,BUY_LIMIT,L,10,ENT,1.12822,0.00000
1,75,1790875898324,SYNC,REMOVE,9081,SELL_LIMIT,L,10,EXT,1.12915,0.00000
1,75,1790875898324,ENGINE,PLACE,9083,SELL_LIMIT,L,10,EXT,1.12915,0.00000
1,75,1790876591850,DEAL,FILL,9079,BUY_LIMIT,S,2,EXT,1.12785,0.00000
1,76,1790876592195,ENGINE,PLACE,9084,BUY_LIMIT,S,1,EXT,1.12714,0.00000
1,76,1790876593482,ENGINE,REMOVE,9080,SELL_LIMIT,S,3,ENT,1.12955,0.00000
1,78,1790876593596,ENGINE,PLACE,9085,SELL_LIMIT,S,2,ENT,1.12884,0.00000
1,78,1790876625426,DEAL,PLACE,9086,SELL_LIMIT,L,11,EXT,1.12842,0.00000
1,78,1790876626713,DEAL,PLACE,9087,BUY_LIMIT,L,12,ENT,1.12672,0.00000
1,78,1790876628000,DEAL,FILL,9082,BUY_LIMIT,L,11,ENT,1.12745,0.00000
1,78,1790876628000,DEAL,REMOVE,9083,SELL_LIMIT,L,10,EXT,1.12915,0.00000
1,79,1790876625566,SYNC,REMOVE,9086,SELL_LIMIT,L,11,EXT,1.12842,0.00000
1,79,1790876628043,ENGINE,PLACE,9088,SELL_LIMIT,L,11,EXT,1.12842,0.00000
1,79,1790876643115,DEAL,FILL,9084,BUY_LIMIT,S,1,EXT,1.12714,0.00000
1,80,1790876643262,ENGINE,REMOVE,9085,SELL_LIMIT,S,2,ENT,1.12884,0.00000
1,80,1790876643459,ENGINE,PLACE,9089,SELL_LIMIT,S,1,ENT,1.12813,0.00000
1,82,1790876816347,DEAL,PLACE,9090,SELL_LIMIT,L,12,EXT,1.12772,0.00000
1,82,1790876817634,DEAL,FILL,9087,BUY_LIMIT,L,12,ENT,1.12672,0.00000
1,82,1790876817634,DEAL,REMOVE,9088,SELL_LIMIT,L,11,EXT,1.12842,0.00000
1,83,1790876816890,SYNC,REMOVE,9090,SELL_LIMIT,L,12,EXT,1.12772,0.00000
1,83,1790876817677,ENGINE,PLACE,9091,SELL_LIMIT,L,12,EXT,1.12772,0.00000
1,83,1790877064770,DEAL,FILL,9025,BUY_LIMIT,S,0,EXT,1.12643,0.00000
1,84,1790877065521,ENGINE,PLACE,9092,SELL_LIMIT,S,0,ENT,1.12714,0.00000
1,84,1790877066808,ENGINE,REMOVE,9089,SELL_LIMIT,S,1,ENT,1.12813,0.00000
1,86,1790877913638,LATTICE,MODIFY,9024,SELL_LIMIT,L,7,EXT,1.12702,1.13274
1,86,1790877914926,LATTICE,PLACE,9093,SELL_LIMIT,L,0,EXT,1.13212,0.00000
1,86,1790877916213,LATTICE,REMOVE,9091,SELL_LIMIT,L,12,EXT,1.12772,0.00000
1,87,1790877928111,ENGINE,MODIFY,9092,SELL_LIMIT,S,0,ENT,1.12644,1.12714
1,88,1790877964489,LATTICE,PLACE,9094,SELL_LIMIT,L,8,EXT,1.12632,0.00000
1,88,1790877965776,LATTICE,REMOVE,9024,SELL_LIMIT,L,7,EXT,1.12702,0.00000
1,88,1790879405342,ENGINE,MODIFY,9092,SELL_LIMIT,S,0,ENT,1.12571,1.12644
1,88,1790879435254,LATTICE,PLACE,9095,SELL_LIMIT,L,9,EXT,1.12562,0.00000
1,88,1790879436541,LATTICE,REMOVE,9094,SELL_LIMIT,L,8,EXT,1.12632,0.00000
1,88,1790879436584,ENGINE,MODIFY,9092,SELL_LIMIT,S,0,ENT,1.12462,1.12571
1,90,1790879438260,LATTICE,PLACE,9096,SELL_LIMIT,L,10,EXT,1.12492,0.00000
1,90,1790879439547,LATTICE,REMOVE,9095,SELL_LIMIT,L,9,EXT,1.12562,0.00000
1,91,1790879661027,LATTICE,PLACE,9097,SELL_LIMIT,L,11,EXT,1.12422,0.00000
1,91,1790879662314,LATTICE,REMOVE,9096,SELL_LIMIT,L,10,EXT,1.12492,0.00000
1,91,1790879662357,ENGINE,MODIFY,9092,SELL_LIMIT,S,0,ENT,1.12389,1.12462
1,91,1790879816092,DEAL,PLACE,9098,BUY_LIMIT,S,0,EXT,1.12293,0.00000
1,91,1790879817379,DEAL,FILL,9092,SELL_LIMIT,S,0,ENT,1.12389,0.00000
1,92,1790879816238,SYNC,REMOVE,9098,BUY_LIMIT,S,0,EXT,1.12293,0.00000
1,92,1790879817379,ENGINE,PLACE,9099,BUY_LIMIT,S,0,EXT,1.12293,0.00000
1,92,1790879856094,DEAL,FILL,9097,SELL_LIMIT,L,11,EXT,1.12422,0.00000
1,93,1790879856236,ENGINE,PLACE,9100,SELL_LIMIT,L,10,EXT,1.12492,0.00000
1,95,1790880685428,DEAL,FILL,9099,BUY_LIMIT,S,0,EXT,1.12293,0.00000
1,98,1790898652001,TIMER,MODIFY,9093,SELL_LIMIT,L,0,EXT,1.13237,1.13212
1,98,1790898772001,TIMER,MODIFY,9100,SELL_LIMIT,L,10,EXT,1.12500,1.12492
2,-1,1790900826000,SEED,PLACE,1979967856,SELL_LIMIT,L,0,EXT,1.13237,0.00000
2,-1,1790900826000,SEED,PLACE,1980106039,SELL_LIMIT,L,10,EXT,1.12500,0.00000
2,-1,1790900843955,ENGINE,PLACE,9000,SELL_LIMIT,S,0,ENT,1.12536,0.00000
2,-1,1790900862116,ENGINE,PLACE,9001,BUY_LIMIT,L,13,ENT,1.12322,0.00000
2,-1,1790902256543,ENGINE,MODIFY,9000,SELL_LIMIT,S,0,ENT,1.12459,1.12536
2,-1,1790909138795,DEAL,PLACE,9002,BUY_LIMIT,S,0,EXT,1.12358,0.00000
2,-1,1790909140082,DEAL,PLACE,9003,SELL_LIMIT,S,1,ENT,1.12528,0.00000
2,-1,1790909141369,DEAL,FILL,9000,SELL_LIMIT,S,0,ENT,1.12459,0.00000
2,0,1790909139131,SYNC,REMOVE,9002,BUY_LIMIT,S,0,EXT,1.12358,0.00000
2,0,1790909141369,ENGINE,PLACE,9004,BUY_LIMIT,S,0,EXT,1.12358,0.00000
2,0,1790912323373,DEAL,FILL,9004,BUY_LIMIT,S,0,EXT,1.12358,0.00000
2,1,1790912323913,ENGINE,PLACE,9005,SELL_LIMIT,S,0,ENT,1.12429,0.00000
2,1,1790912325200,ENGINE,REMOVE,9003,SELL_LIMIT,S,1,ENT,1.12528,0.00000
2,3,1790915684595,DEAL,PLACE,9006,SELL_LIMIT,L,13,EXT,1.12423,0.00000
2,3,1790915685882,DEAL,REMOVE,1980106039,SELL_LIMIT,L,10,EXT,1.12500,0.00000
2,3,1790915685925,DEAL,FILL,9001,BUY_LIMIT,L,13,ENT,1.12322,0.00000
2,4,1790915687155,SYNC,REMOVE,9006,SELL_LIMIT,L,13,EXT,1.12423,0.00000
2,4,1790915687155,ENGINE,PLACE,9007,SELL_LIMIT,L,13,EXT,1.12423,0.00000
2,4,1790917641851,DEAL,FILL,9007,SELL_LIMIT,L,13,EXT,1.12423,0.00000
2,5,1790917644394,ENGINE,PLACE,9008,SELL_LIMIT,L,10,EXT,1.12500,0.00000
2,5,1790917645681,ENGINE,PLACE,9009,BUY_LIMIT,L,13,ENT,1.12322,0.00000
2,8,1790919099207,ENGINE,PLACE,9010,BUY_LIMIT,S,0,EXT,1.12326,0.00000
2,8,1790919100494,ENGINE,PLACE,9011,SELL_LIMIT,S,1,ENT,1.12496,0.00000
2,8,1790919101781,ENGINE,REMOVE,9005,SELL_LIMIT,S,0,ENT,1.12429,0.00000
3,-1,1790920576002,SEED,PLACE,1979967856,SELL_LIMIT,L,0,EXT,1.13237,0.00000
3,-1,1790920576002,SEED,PLACE,1981329207,SELL_LIMIT,L,10,EXT,1.12500,0.00000
3,-1,1790920576002,SEED,PLACE,1981329218,BUY_LIMIT,L,13,ENT,1.12322,0.00000
3,-1,1790920576002,SEED,PLACE,1981380735,BUY_LIMIT,S,0,EXT,1.12326,0.00000
3,-1,1790920576002,SEED,PLACE,1981380745,SELL_LIMIT,S,1,ENT,1.12496,0.00000
3,-1,1790922489265,DEAL,PLACE,9000,BUY_LIMIT,S,1,EXT,1.12398,0.00000
3,-1,1790922490552,DEAL,PLACE,9001,SELL_LIMIT,S,2,ENT,1.12568,0.00000
3,-1,1790922491839,DEAL,FILL,1981380745,SELL_LIMIT,S,1,ENT,1.12496,0.00000
3,0,1790922489399,SYNC,REMOVE,9000,BUY_LIMIT,S,1,EXT,1.12398,0.00000
3,0,1790922491839,ENGINE,PLACE,9002,BUY_LIMIT,S,1,EXT,1.12398,0.00000
3,0,1790922493126,DEAL,FILL,1981329207,SELL_LIMIT,L,10,EXT,1.12500,0.00000
3,3,1790922493126,ENGINE,MODIFY,1981329218,BUY_LIMIT,L,13,ENT,1.12392,1.12322
3,3,1790922494414,ENGINE,PLACE,9003,SELL_LIMIT,L,9,EXT,1.12570,0.00000
3,3,1790932033051,DEAL,PLACE,9004,BUY_LIMIT,S,2,EXT,1.12469,0.00000
3,3,1790932034338,DEAL,PLACE,9005,SELL_LIMIT,S,3,ENT,1.12639,0.00000
3,3,1790932035625,DEAL,FILL,9001,SELL_LIMIT,S,2,ENT,1.12568,0.00000
3,3,1790932035625,DEAL,REMOVE,9002,BUY_LIMIT,S,1,EXT,1.12398,0.00000
3,4,1790932033990,SYNC,REMOVE,9004,BUY_LIMIT,S,2,EXT,1.12469,0.00000
3,4,1790932035668,ENGINE,PLACE,9006,BUY_LIMIT,S,2,EXT,1.12469,0.00000
3,4,1790932304476,DEAL,FILL,9003,SELL_LIMIT,L,9,EXT,1.12570,0.00000
3,5,1790932305029,ENGINE,MODIFY,1981329218,BUY_LIMIT,L,13,ENT,1.12462,1.12392
3,5,1790932306317,ENGINE,PLACE,9007,SELL_LIMIT,L,8,EXT,1.12640,0.00000
3,7,1790936075487,DEAL,PLACE,9008,BUY_LIMIT,S,3,EXT,1.12543,0.00000
3,7,1790936076774,DEAL,PLACE,9009,SELL_LIMIT,S,4,ENT,1.12713,0.00000
3,7,1790936078061,DEAL,FILL,9005,SELL_LIMIT,S,3,ENT,1.12639,0.00000
3,7,1790936078061,DEAL,REMOVE,9006,BUY_LIMIT,S,2,EXT,1.12469,0.00000
3,7,1790936078104,DEAL,FILL,9007,SELL_LIMIT,L,8,EXT,1.12640,0.00000
3,9,1790936075626,SYNC,REMOVE,9008,BUY_LIMIT,S,3,EXT,1.12543,0.00000
3,11,1790936078104,ENGINE,MODIFY,1981329218,BUY_LIMIT,L,13,ENT,1.12532,1.12462
3,11,1790936079392,ENGINE,PLACE,9010,SELL_LIMIT,L,7,EXT,1.12710,0.00000
3,11,1790936080679,ENGINE,PLACE,9011,BUY_LIMIT,S,3,EXT,1.12543,0.00000
3,11,1790940308652,DEAL,FILL,9011,BUY_LIMIT,S,3,EXT,1.12543,0.00000
3,12,1790940310802,ENGINE,PLACE,9012,BUY_LIMIT,S,2,EXT,1.12469,0.00000
3,12,1790940312089,ENGINE,REMOVE,9009,SELL_LIMIT,S,4,ENT,1.12713,0.00000
3,14,1790940312409,ENGINE,PLACE,9013,SELL_LIMIT,S,3,ENT,1.12639,0.00000
3,14,1790940669399,DEAL,PLACE,9014,SELL_LIMIT,L,13,EXT,1.12631,0.00000
3,14,1790940670686,DEAL,PLACE,9015,BUY_LIMIT,L,14,ENT,1.12461,0.00000
3,14,1790940671973,DEAL,FILL,1981329218,BUY_LIMIT,L,13,ENT,1.12532,0.00000
3,14,1790940671973,DEAL,REMOVE,9010,SELL_LIMIT,L,7,EXT,1.12710,0.00000
3,15,1790940669531,SYNC,REMOVE,9014,SELL_LIMIT,L,13,EXT,1.12631,0.00000
3,15,1790940672016,ENGINE,PLACE,9016,SELL_LIMIT,L,13,EXT,1.12631,0.00000
3,15,1790941591639,DEAL,FILL,9012,BUY_LIMIT,S,2,EXT,1.12469,0.00000
3,16,1790941591778,ENGINE,PLACE,9017,BUY_LIMIT,S,1,EXT,1.12398,0.00000
3,16,1790941593065,ENGINE,REMOVE,9013,SELL_LIMIT,S,3,ENT,1.12639,0.00000
3,18,1790941593191,ENGINE,PLACE,9018,SELL_LIMIT,S,2,ENT,1.12568,0.00000
3,18,1790941623225,DEAL,PLACE,9019,SELL_LIMIT,L,14,EXT,1.12561,0.00000
3,18,1790941624512,DEAL,PLACE,9020,BUY_LIMIT,L,15,ENT,1.12391,0.00000
3,18,1790941625799,DEAL,FILL,9015,BUY_LIMIT,L,14,ENT,1.12461,0.00000
3,18,1790941625799,DEAL,REMOVE,9016,SELL_LIMIT,L,13,EXT,1.12631,0.00000
3,19,1790941623765,SYNC,REMOVE,9019,SELL_LIMIT,L,14,EXT,1.12561,0.00000
3,19,1790941625842,ENGINE,PLACE,9021,SELL_LIMIT,L,14,EXT,1.12561,0.00000
3,19,1790946902437,DEAL,FILL,9017,BUY_LIMIT,S,1,EXT,1.12398,0.00000
3,20,1790946902586,ENGINE,REMOVE,9018,SELL_LIMIT,S,2,ENT,1.12568,0.00000
3,22,1790946903582,ENGINE,PLACE,9022,SELL_LIMIT,S,1,ENT,1.12496,0.00000
3,22,1790946929193,DEAL,PLACE,9023,SELL_LIMIT,L,15,EXT,1.12488,0.00000
3,22,1790946930480,DEAL,PLACE,9024,BUY_LIMIT,L,16,ENT,1.12318,0.00000
3,22,1790946931767,DEAL,FILL,9020,BUY_LIMIT,L,15,ENT,1.12391,0.00000
3,22,1790946931767,DEAL,REMOVE,9021,SELL_LIMIT,L,14,EXT,1.12561,0.00000
3,23,1790946929734,SYNC,REMOVE,9023,SELL_LIMIT,L,15,EXT,1.12488,0.00000
3,23,1790946931810,ENGINE,PLACE,9025,SELL_LIMIT,L,15,EXT,1.12488,0.00000
3,23,1790947243631,DEAL,FILL,1981380735,BUY_LIMIT,S,0,EXT,1.12326,0.00000
3,24,1790947243763,ENGINE,PLACE,9026,SELL_LIMIT,S,0,ENT,1.12392,0.00000
3,24,1790947245050,ENGINE,REMOVE,9022,SELL_LIMIT,S,1,ENT,1.12496,0.00000
3,26,1790947245093,DEAL,PLACE,9027,SELL_LIMIT,L,16,EXT,1.12418,0.00000
3,26,1790947246380,DEAL,FILL,9024,BUY_LIMIT,L,16,ENT,1.12318,0.00000
3,26,1790947246380,DEAL,REMOVE,9025,SELL_LIMIT,L,15,EXT,1.12488,0.00000
3,27,1790947244572,SYNC,REMOVE,9027,SELL_LIMIT,L,16,EXT,1.12418,0.00000
3,27,1790947246423,ENGINE,PLACE,9028,SELL_LIMIT,L,16,EXT,1.12418,0.00000
3,28,1790947830232,ENGINE,PLACE,9029,BUY_LIMIT,S,0,EXT,1.12287,0.00000
3,28,1790947831519,ENGINE,PLACE,9030,SELL_LIMIT,S,1,ENT,1.12457,0.00000
3,28,1790947832806,ENGINE,REMOVE,9026,SELL_LIMIT,S,0,ENT,1.12392,0.00000
3,28,1790949812035,DEAL,FILL,9029,BUY_LIMIT,S,0,EXT,1.12287,0.00000
3,29,1790949812577,ENGINE,PLACE,9031,SELL_LIMIT,S,0,ENT,1.12355,0.00000
3,29,1790949813864,ENGINE,REMOVE,9030,SELL_LIMIT,S,1,ENT,1.12457,0.00000
3,31,1790950585967,DEAL,PLACE,9032,BUY_LIMIT,S,0,EXT,1.12257,0.00000
3,31,1790950587254,DEAL,PLACE,9033,SELL_LIMIT,S,1,ENT,1.12427,0.00000
3,31,1790950588541,DEAL,FILL,9031,SELL_LIMIT,S,0,ENT,1.12355,0.00000
3,32,1790950586510,SYNC,REMOVE,9032,BUY_LIMIT,S,0,EXT,1.12257,0.00000
3,32,1790950588541,ENGINE,PLACE,9034,BUY_LIMIT,S,0,EXT,1.12257,0.00000
3,32,1790951760216,DEAL,FILL,9028,SELL_LIMIT,L,16,EXT,1.12418,0.00000
3,33,1790951760355,ENGINE,PLACE,9035,SELL_LIMIT,L,15,EXT,1.12488,0.00000
3,33,1790951761642,ENGINE,PLACE,9036,BUY_LIMIT,L,16,ENT,1.12318,0.00000
3,35,1790952268628,DEAL,PLACE,9037,BUY_LIMIT,S,1,EXT,1.12327,0.00000
3,35,1790952269915,DEAL,PLACE,9038,SELL_LIMIT,S,2,ENT,1.12497,0.00000
3,35,1790952271202,DEAL,FILL,9033,SELL_LIMIT,S,1,ENT,1.12427,0.00000
3,36,1790952268775,SYNC,REMOVE,9037,BUY_LIMIT,S,1,EXT,1.12327,0.00000
3,36,1790952271202,ENGINE,PLACE,9039,BUY_LIMIT,S,1,EXT,1.12327,0.00000
3,36,1790952785414,DEAL,FILL,9039,BUY_LIMIT,S,1,EXT,1.12327,0.00000
3,37,1790952785550,ENGINE,REMOVE,9038,SELL_LIMIT,S,2,ENT,1.12497,0.00000
3,37,1790952785761,ENGINE,PLACE,9040,SELL_LIMIT,S,1,ENT,1.12427,0.00000
3,39,1790952797066,DEAL,PLACE,9041,SELL_LIMIT,L,16,EXT,1.12417,0.00000
3,39,1790952798353,DEAL,REMOVE,9035,SELL_LIMIT,L,15,EXT,1.12488,0.00000
3,39,1790952798396,DEAL,FILL,9036,BUY_LIMIT,L,16,ENT,1.12318,0.00000
3,40,1790952797204,SYNC,REMOVE,9041,SELL_LIMIT,L,16,EXT,1.12417,0.00000
3,40,1790952798396,ENGINE,PLACE,9042,SELL_LIMIT,L,16,EXT,1.12417,0.00000
3,40,1790953608019,DEAL,FILL,9034,BUY_LIMIT,S,0,EXT,1.12257,0.00000
3,41,1790953608149,ENGINE,PLACE,9043,SELL_LIMIT,S,0,ENT,1.12326,0.00000
3,41,1790953609436,ENGINE,REMOVE,9040,SELL_LIMIT,S,1,ENT,1.12427,0.00000
3,44,1790953711458,LATTICE,PLACE,9044,SELL_LIMIT,L,12,EXT,1.12355,0.00000
3,44,1790953712745,LATTICE,REMOVE,9042,SELL_LIMIT,L,16,EXT,1.12417,0.00000
3,44,1790954236546,ENGINE,MODIFY,9043,SELL_LIMIT,S,0,ENT,1.12283,1.12326
3,44,1790954738684,DEAL,PLACE,9045,BUY_LIMIT,S,0,EXT,1.12187,0.00000
3,44,1790954739971,DEAL,PLACE,9046,SELL_LIMIT,S,1,ENT,1.12357,0.00000
3,44,1790954741258,DEAL,FILL,9043,SELL_LIMIT,S,0,ENT,1.12283,0.00000
3,45,1790954739018,SYNC,REMOVE,9045,BUY_LIMIT,S,0,EXT,1.12187,0.00000
3,45,1790954741258,ENGINE,PLACE,9047,BUY_LIMIT,S,0,EXT,1.12187,0.00000
3,45,1790955002061,ENGINE,MODIFY,9046,SELL_LIMIT,S,1,ENT,1.12579,1.12357
3,45,1790955003349,DEAL,FILL,9044,SELL_LIMIT,L,12,EXT,1.12355,0.00000
3,45,1790955003349,DEAL,PLACE,9048,BUY_LIMIT,S,1,EXT,1.12473,0.00000
3,45,1790955004636,DEAL,PLACE,9049,SELL_LIMIT,S,2,ENT,1.12643,0.00000
3,45,1790955005923,DEAL,FILL,9046,SELL_LIMIT,S,1,ENT,1.12357,0.00000
3,45,1790955006217,CB_DONE,PLACE,9050,SELL_LIMIT,L,16,EXT,1.12606,0.00000
3,45,1790955007504,ENGINE,PLACE,9051,BUY_LIMIT,L,17,ENT,1.12247,0.00000
3,47,1790955010685,SYNC,REMOVE,9048,BUY_LIMIT,S,1,EXT,1.12473,0.00000
3,47,1790955010685,ENGINE,MODIFY,9049,SELL_LIMIT,S,2,ENT,1.12582,1.12643
3,47,1790955011973,ENGINE,PLACE,9052,BUY_LIMIT,S,1,EXT,1.12412,0.00000
3,47,1790955016361,DEAL,FILL,9052,BUY_LIMIT,S,1,EXT,1.12412,0.00000
3,47,1790955017705,ENGINE,REMOVE,9049,SELL_LIMIT,S,2,ENT,1.12582,0.00000
3,47,1790955018109,ENGINE,PLACE,9053,SELL_LIMIT,S,1,ENT,1.12418,0.00000
3,47,1790955019974,DEAL,PLACE,9054,BUY_LIMIT,S,1,EXT,1.12348,0.00000
3,47,1790955021261,DEAL,PLACE,9055,SELL_LIMIT,S,2,ENT,1.12518,0.00000
3,47,1790955022548,DEAL,FILL,9053,SELL_LIMIT,S,1,ENT,1.12418,0.00000
3,48,1790955023122,SYNC,REMOVE,9054,BUY_LIMIT,S,1,EXT,1.12348,0.00000
3,48,1790955023122,ENGINE,REMOVE,9055,SELL_LIMIT,S,2,ENT,1.12518,0.00000
3,48,1790955023925,ENGINE,PLACE,9056,SELL_LIMIT,S,1,ENT,1.12458,0.00000
3,52,1790955025530,ENGINE,MODIFY,9056,SELL_LIMIT,S,1,ENT,1.12454,1.12458
3,52,1790955026818,DEAL,PLACE,9057,BUY_LIMIT,S,1,EXT,1.12377,0.00000
3,52,1790955028105,DEAL,PLACE,9058,SELL_LIMIT,S,2,ENT,1.12547,0.00000
3,52,1790955029392,DEAL,FILL,9056,SELL_LIMIT,S,1,ENT,1.12454,0.00000
3,53,1790955027339,SYNC,REMOVE,9050,SELL_LIMIT,L,16,EXT,1.12606,0.00000
3,53,1790955027339,SYNC,REMOVE,9057,BUY_LIMIT,S,1,EXT,1.12377,0.00000
3,55,1790955029392,ENGINE,PLACE,9059,SELL_LIMIT,L,15,EXT,1.12488,0.00000
3,55,1790955030679,ENGINE,REMOVE,9051,BUY_LIMIT,L,17,ENT,1.12247,0.00000
3,55,1790955030722,ENGINE,REMOVE,9058,SELL_LIMIT,S,2,ENT,1.12547,0.00000
3,56,1790955031158,ENGINE,PLACE,9060,BUY_LIMIT,S,1,EXT,1.12364,0.00000
3,56,1790955032445,ENGINE,PLACE,9061,BUY_LIMIT,L,16,ENT,1.12318,0.00000
3,56,1790955033767,ENGINE,PLACE,9062,SELL_LIMIT,S,2,ENT,1.12534,0.00000
3,56,1790955072354,DEAL,FILL,9059,SELL_LIMIT,L,15,EXT,1.12488,0.00000
3,57,1790955072492,ENGINE,PLACE,9063,SELL_LIMIT,L,14,EXT,1.12561,0.00000
3,57,1790955073779,ENGINE,REMOVE,9061,BUY_LIMIT,L,16,ENT,1.12318,0.00000
3,59,1790955073897,ENGINE,PLACE,9064,BUY_LIMIT,L,15,ENT,1.12391,0.00000
3,59,1790955079176,DEAL,PLACE,9065,BUY_LIMIT,S,2,EXT,1.12437,0.00000
3,59,1790955080463,DEAL,PLACE,9066,SELL_LIMIT,S,3,ENT,1.12607,0.00000
3,59,1790955081750,DEAL,REMOVE,9060,BUY_LIMIT,S,1,EXT,1.12364,0.00000
3,59,1790955081793,DEAL,FILL,9062,SELL_LIMIT,S,2,ENT,1.12534,0.00000
3,60,1790955079517,SYNC,REMOVE,9065,BUY_LIMIT,S,2,EXT,1.12437,0.00000
3,60,1790955081793,ENGINE,PLACE,9067,BUY_LIMIT,S,2,EXT,1.12437,0.00000
3,60,1790955148637,DEAL,FILL,9063,SELL_LIMIT,L,14,EXT,1.12561,0.00000
3,61,1790955148776,ENGINE,PLACE,9068,SELL_LIMIT,L,13,EXT,1.12631,0.00000
3,61,1790955150063,ENGINE,REMOVE,9064,BUY_LIMIT,L,15,ENT,1.12391,0.00000
3,63,1790955150382,ENGINE,PLACE,9069,BUY_LIMIT,L,14,ENT,1.12461,0.00000
3,63,1790955212090,DEAL,PLACE,9070,SELL_LIMIT,L,14,EXT,1.12556,0.00000
3,63,1790955213377,DEAL,PLACE,9071,BUY_LIMIT,L,15,ENT,1.12386,0.00000
3,63,1790955214664,DEAL,REMOVE,9068,SELL_LIMIT,L,13,EXT,1.12631,0.00000
3,63,1790955214707,DEAL,FILL,9069,BUY_LIMIT,L,14,ENT,1.12461,0.00000
3,64,1790955212431,SYNC,REMOVE,9070,SELL_LIMIT,L,14,EXT,1.12556,0.00000
3,64,1790955214707,ENGINE,PLACE,9072,SELL_LIMIT,L,14,EXT,1.12556,0.00000
3,64,1790955215994,DEAL,FILL,9067,BUY_LIMIT,S,2,EXT,1.12437,0.00000
3,65,1790955215994,ENGINE,PLACE,9073,BUY_LIMIT,S,1,EXT,1.12364,0.00000
3,65,1790955217281,ENGINE,REMOVE,9066,SELL_LIMIT,S,3,ENT,1.12607,0.00000
3,67,1790955217454,ENGINE,PLACE,9074,SELL_LIMIT,S,2,ENT,1.12534,0.00000
3,67,1790955770242,DEAL,PLACE,9075,SELL_LIMIT,L,15,EXT,1.12484,0.00000
3,67,1790955771529,DEAL,PLACE,9076,BUY_LIMIT,L,16,ENT,1.12314,0.00000
3,67,1790955772816,DEAL,FILL,9071,BUY_LIMIT,L,15,ENT,1.12386,0.00000
3,67,1790955772816,DEAL,REMOVE,9072,SELL_LIMIT,L,14,EXT,1.12556,0.00000
3,68,1790955770982,SYNC,REMOVE,9075,SELL_LIMIT,L,15,EXT,1.12484,0.00000
3,68,1790955772859,ENGINE,PLACE,9077,SELL_LIMIT,L,15,EXT,1.12484,0.00000
3,68,1790956166589,DEAL,FILL,9077,SELL_LIMIT,L,15,EXT,1.12484,0.00000
3,69,1790956166932,ENGINE,PLACE,9078,SELL_LIMIT,L,14,EXT,1.12556,0.00000
3,69,1790956168219,ENGINE,REMOVE,9076,BUY_LIMIT,L,16,ENT,1.12314,0.00000
3,71,1790956168336,ENGINE,PLACE,9079,BUY_LIMIT,L,15,ENT,1.12386,0.00000
3,71,1790956241420,DEAL,PLACE,9080,BUY_LIMIT,S,2,EXT,1.12436,0.00000
3,71,1790956242707,DEAL,PLACE,9081,SELL_LIMIT,S,3,ENT,1.12606,0.00000
3,71,1790956243994,DEAL,REMOVE,9073,BUY_LIMIT,S,1,EXT,1.12364,0.00000
3,71,1790956244037,DEAL,FILL,9074,SELL_LIMIT,S,2,ENT,1.12534,0.00000
3,72,1790956241559,SYNC,REMOVE,9080,BUY_LIMIT,S,2,EXT,1.12436,0.00000
3,72,1790956244037,ENGINE,PLACE,9082,BUY_LIMIT,S,2,EXT,1.12436,0.00000
3,72,1790956456609,DEAL,FILL,9078,SELL_LIMIT,L,14,EXT,1.12556,0.00000
3,73,1790956456753,ENGINE,PLACE,9083,SELL_LIMIT,L,13,EXT,1.12631,0.00000
3,73,1790956458040,ENGINE,REMOVE,9079,BUY_LIMIT,L,15,ENT,1.12386,0.00000
3,75,1790956458161,ENGINE,PLACE,9084,BUY_LIMIT,L,14,ENT,1.12461,0.00000
3,75,1790956547652,DEAL,PLACE,9085,BUY_LIMIT,S,3,EXT,1.12505,0.00000
3,75,1790956548939,DEAL,PLACE,9086,SELL_LIMIT,S,4,ENT,1.12675,0.00000
3,75,1790956550226,DEAL,FILL,9081,SELL_LIMIT,S,3,ENT,1.12606,0.00000
3,75,1790956550226,DEAL,REMOVE,9082,BUY_LIMIT,S,2,EXT,1.12436,0.00000
3,76,1790956547796,SYNC,REMOVE,9085,BUY_LIMIT,S,3,EXT,1.12505,0.00000
3,76,1790956550269,ENGINE,PLACE,9087,BUY_LIMIT,S,3,EXT,1.12505,0.00000
3,76,1790956741785,DEAL,FILL,9083,SELL_LIMIT,L,13,EXT,1.12631,0.00000
3,77,1790956742328,ENGINE,PLACE,9088,SELL_LIMIT,L,7,EXT,1.12710,0.00000
3,77,1790956743615,ENGINE,REMOVE,9084,BUY_LIMIT,L,14,ENT,1.12461,0.00000
3,79,1790956743732,ENGINE,PLACE,9089,BUY_LIMIT,L,8,ENT,1.12532,0.00000
3,79,1790957242326,DEAL,PLACE,9090,SELL_LIMIT,L,8,EXT,1.12633,0.00000
3,79,1790957243613,DEAL,PLACE,9091,BUY_LIMIT,L,9,ENT,1.12463,0.00000
3,79,1790957244900,DEAL,REMOVE,9088,SELL_LIMIT,L,7,EXT,1.12710,0.00000
3,79,1790957244943,DEAL,FILL,9089,BUY_LIMIT,L,8,ENT,1.12532,0.00000
3,80,1790957242672,SYNC,REMOVE,9090,SELL_LIMIT,L,8,EXT,1.12633,0.00000
3,80,1790957244943,ENGINE,PLACE,9092,SELL_LIMIT,L,8,EXT,1.12633,0.00000
3,80,1790957381731,DEAL,FILL,9087,BUY_LIMIT,S,3,EXT,1.12505,0.00000
3,81,1790957383082,ENGINE,PLACE,9093,BUY_LIMIT,S,2,EXT,1.12436,0.00000
3,81,1790957384369,ENGINE,REMOVE,9086,SELL_LIMIT,S,4,ENT,1.12675,0.00000
3,83,1790957384486,ENGINE,PLACE,9094,SELL_LIMIT,S,3,ENT,1.12606,0.00000
3,83,1790957688769,DEAL,PLACE,9095,SELL_LIMIT,L,9,EXT,1.12563,0.00000
3,83,1790957690056,DEAL,PLACE,9096,BUY_LIMIT,L,10,ENT,1.12393,0.00000
3,83,1790957691343,DEAL,FILL,9091,BUY_LIMIT,L,9,ENT,1.12463,0.00000
3,83,1790957691343,DEAL,REMOVE,9092,SELL_LIMIT,L,8,EXT,1.12633,0.00000
3,84,1790957691326,SYNC,REMOVE,9095,SELL_LIMIT,L,9,EXT,1.12563,0.00000
3,84,1790957691386,ENGINE,PLACE,9097,SELL_LIMIT,L,9,EXT,1.12563,0.00000
3,84,1790958129495,DEAL,FILL,9093,BUY_LIMIT,S,2,EXT,1.12436,0.00000
3,85,1790958129835,ENGINE,PLACE,9098,BUY_LIMIT,S,1,EXT,1.12364,0.00000
3,85,1790958131122,ENGINE,REMOVE,9094,SELL_LIMIT,S,3,ENT,1.12606,0.00000
3,87,1790958132646,ENGINE,PLACE,9099,SELL_LIMIT,S,2,ENT,1.12534,0.00000
3,87,1790958562407,DEAL,PLACE,9100,BUY_LIMIT,S,2,EXT,1.12435,0.00000
3,87,1790958563694,DEAL,PLACE,9101,SELL_LIMIT,S,3,ENT,1.12605,0.00000
3,87,1790958564981,DEAL,REMOVE,9098,BUY_LIMIT,S,1,EXT,1.12364,0.00000
3,87,1790958565024,DEAL,FILL,9099,SELL_LIMIT,S,2,ENT,1.12534,0.00000
3,88,1790958562544,SYNC,REMOVE,9100,BUY_LIMIT,S,2,EXT,1.12435,0.00000
3,88,1790958565024,ENGINE,PLACE,9102,BUY_LIMIT,S,2,EXT,1.12435,0.00000
3,88,1790959508844,DEAL,FILL,9097,SELL_LIMIT,L,9,EXT,1.12563,0.00000
3,89,1790959508990,ENGINE,PLACE,9103,SELL_LIMIT,L,8,EXT,1.12633,0.00000
3,89,1790959510277,ENGINE,REMOVE,9096,BUY_LIMIT,L,10,ENT,1.12393,0.00000
3,91,1790959510597,ENGINE,PLACE,9104,BUY_LIMIT,L,9,ENT,1.12463,0.00000
3,91,1790959652690,DEAL,PLACE,9105,BUY_LIMIT,S,3,EXT,1.12506,0.00000
3,91,1790959653977,DEAL,PLACE,9106,SELL_LIMIT,S,4,ENT,1.12676,0.00000
3,91,1790959655264,DEAL,FILL,9101,SELL_LIMIT,S,3,ENT,1.12605,0.00000
3,91,1790959655264,DEAL,REMOVE,9102,BUY_LIMIT,S,2,EXT,1.12435,0.00000
3,92,1790959652831,SYNC,REMOVE,9105,BUY_LIMIT,S,3,EXT,1.12506,0.00000
3,92,1790959655307,ENGINE,PLACE,9107,BUY_LIMIT,S,3,EXT,1.12506,0.00000
3,92,1790959762583,DEAL,FILL,9103,SELL_LIMIT,L,8,EXT,1.12633,0.00000
3,93,1790959764731,ENGINE,PLACE,9108,SELL_LIMIT,L,7,EXT,1.12710,0.00000
3,93,1790959766018,ENGINE,REMOVE,9104,BUY_LIMIT,L,9,ENT,1.12463,0.00000
3,95,1790959766143,ENGINE,PLACE,9109,BUY_LIMIT,L,8,ENT,1.12532,0.00000
3,95,1790959839539,DEAL,PLACE,9110,BUY_LIMIT,S,4,EXT,1.12578,0.00000
3,95,1790959840826,DEAL,PLACE,9111,SELL_LIMIT,S,5,ENT,1.12748,0.00000
3,95,1790959842113,DEAL,FILL,9106,SELL_LIMIT,S,4,ENT,1.12676,0.00000
3,95,1790959842113,DEAL,REMOVE,9107,BUY_LIMIT,S,3,EXT,1.12506,0.00000
3,96,1790959839677,SYNC,REMOVE,9110,BUY_LIMIT,S,4,EXT,1.12578,0.00000
3,96,1790959842156,ENGINE,PLACE,9112,BUY_LIMIT,S,4,EXT,1.12578,0.00000
3,96,1790960263446,DEAL,FILL,9108,SELL_LIMIT,L,7,EXT,1.12710,0.00000
3,96,1790960263881,CB_DONE,PLACE,9113,SELL_LIMIT,L,1,EXT,1.13167,0.00000
3,99,1790960265168,ENGINE,REMOVE,9109,BUY_LIMIT,L,8,ENT,1.12532,0.00000
3,99,1790960265391,ENGINE,PLACE,9114,BUY_LIMIT,L,2,ENT,1.12701,0.00000
3,99,1790960267457,DEAL,PLACE,9115,SELL_LIMIT,L,2,EXT,1.12799,0.00000
3,99,1790960268744,DEAL,PLACE,9116,BUY_LIMIT,L,3,ENT,1.12629,0.00000
3,99,1790960270031,DEAL,REMOVE,9113,SELL_LIMIT,L,1,EXT,1.13167,0.00000
3,99,1790960270074,DEAL,FILL,9114,BUY_LIMIT,L,2,ENT,1.12701,0.00000
3,100,1790960284042,SYNC,REMOVE,9115,SELL_LIMIT,L,2,EXT,1.12799,0.00000
3,100,1790960284042,ENGINE,MODIFY,9116,BUY_LIMIT,L,3,ENT,1.12676,1.12629
3,100,1790960285330,ENGINE,PLACE,9117,SELL_LIMIT,L,2,EXT,1.12846,0.00000
3,100,1790960345537,DEAL,PLACE,9118,BUY_LIMIT,S,5,EXT,1.12651,0.00000
3,100,1790960346824,DEAL,PLACE,9119,SELL_LIMIT,S,6,ENT,1.12821,0.00000
3,100,1790960348111,DEAL,FILL,9111,SELL_LIMIT,S,5,ENT,1.12748,0.00000
3,100,1790960348111,DEAL,REMOVE,9112,BUY_LIMIT,S,4,EXT,1.12578,0.00000
3,101,1790960346277,SYNC,REMOVE,9118,BUY_LIMIT,S,5,EXT,1.12651,0.00000
3,101,1790960348154,ENGINE,PLACE,9120,BUY_LIMIT,S,5,EXT,1.12651,0.00000
3,101,1790960701289,DEAL,PLACE,9121,BUY_LIMIT,S,6,EXT,1.12722,0.00000
3,101,1790960702576,DEAL,PLACE,9122,SELL_LIMIT,S,7,ENT,1.12892,0.00000
3,101,1790960703863,DEAL,FILL,9119,SELL_LIMIT,S,6,ENT,1.12821,0.00000
3,101,1790960703863,DEAL,REMOVE,9120,BUY_LIMIT,S,5,EXT,1.12651,0.00000
3,102,1790960701424,SYNC,REMOVE,9121,BUY_LIMIT,S,6,EXT,1.12722,0.00000
3,102,1790960703906,ENGINE,PLACE,9123,BUY_LIMIT,S,6,EXT,1.12722,0.00000
3,102,1790960947034,DEAL,FILL,9117,SELL_LIMIT,L,2,EXT,1.12846,0.00000
3,103,1790960947972,ENGINE,PLACE,9124,SELL_LIMIT,L,1,EXT,1.13167,0.00000
3,103,1790960949259,ENGINE,REMOVE,9116,BUY_LIMIT,L,3,ENT,1.12676,0.00000
3,105,1790960949581,ENGINE,PLACE,9125,BUY_LIMIT,L,2,ENT,1.12849,0.00000
3,106,1790960951594,ENGINE,PLACE,9126,SELL_LIMIT,L,2,EXT,1.12943,0.00000
3,106,1790960952881,ENGINE,REMOVE,9124,SELL_LIMIT,L,1,EXT,1.13167,0.00000
3,106,1790960952924,ENGINE,REMOVE,9125,BUY_LIMIT,L,2,ENT,1.12849,0.00000
3,106,1790960952967,ENGINE,PLACE,9127,BUY_LIMIT,L,3,ENT,1.12773,0.00000
3,106,1790961106767,DEAL,PLACE,9128,SELL_LIMIT,L,3,EXT,1.12873,0.00000
3,106,1790961108054,DEAL,PLACE,9129,BUY_LIMIT,L,4,ENT,1.12703,0.00000
3,106,1790961109341,DEAL,REMOVE,9126,SELL_LIMIT,L,2,EXT,1.12943,0.00000
3,106,1790961109384,DEAL,FILL,9127,BUY_LIMIT,L,3,ENT,1.12773,0.00000
3,107,1790961106905,SYNC,REMOVE,9128,SELL_LIMIT,L,3,EXT,1.12873,0.00000
3,107,1790961109384,ENGINE,PLACE,9130,SELL_LIMIT,L,3,EXT,1.12873,0.00000
4,-1,1790961652001,SEED,PLACE,1979967856,SELL_LIMIT,L,0,EXT,1.13237,0.00000
4,-1,1790961652001,SEED,PLACE,1983449557,SELL_LIMIT,L,3,EXT,1.12873,0.00000
4,-1,1790961652001,SEED,PLACE,1983449572,BUY_LIMIT,L,4,ENT,1.12703,0.00000
4,-1,1790961652001,SEED,PLACE,1982764022,BUY_LIMIT,S,0,EXT,1.12187,0.00000
4,-1,1790961652001,SEED,PLACE,1983413278,BUY_LIMIT,S,6,EXT,1.12722,0.00000
4,-1,1790961652001,SEED,PLACE,1983413349,SELL_LIMIT,S,7,ENT,1.12892,0.00000
4,-1,1790963698169,DEAL,FILL,1983413278,BUY_LIMIT,S,6,EXT,1.12722,0.00000
4,0,1790963698310,ENGINE,PLACE,9000,BUY_LIMIT,S,5,EXT,1.12651,0.00000
4,0,1790963699597,ENGINE,REMOVE,1983413349,SELL_LIMIT,S,7,ENT,1.12892,0.00000
4,2,1790963700124,ENGINE,PLACE,9001,SELL_LIMIT,S,6,ENT,1.12821,0.00000
4,2,1790964258231,DEAL,PLACE,9002,SELL_LIMIT,L,4,EXT,1.12802,0.00000
4,2,1790964259518,DEAL,PLACE,9003,BUY_LIMIT,L,5,ENT,1.12632,0.00000
4,2,1790964260805,DEAL,REMOVE,1983449557,SELL_LIMIT,L,3,EXT,1.12873,0.00000
4,2,1790964260848,DEAL,FILL,1983449572,BUY_LIMIT,L,4,ENT,1.12703,0.00000
4,3,1790964259787,SYNC,REMOVE,9002,SELL_LIMIT,L,4,EXT,1.12802,0.00000
4,3,1790964260848,ENGINE,PLACE,9004,SELL_LIMIT,L,4,EXT,1.12802,0.00000
4,3,1790964651983,DEAL,FILL,9000,BUY_LIMIT,S,5,EXT,1.12651,0.00000
4,4,1790964652930,ENGINE,PLACE,9005,BUY_LIMIT,S,4,EXT,1.12578,0.00000
4,4,1790964654217,ENGINE,REMOVE,9001,SELL_LIMIT,S,6,ENT,1.12821,0.00000
4,6,1790964654339,ENGINE,PLACE,9006,SELL_LIMIT,S,5,ENT,1.12748,0.00000
4,6,1790964945240,DEAL,PLACE,9007,SELL_LIMIT,L,5,EXT,1.12732,0.00000
4,6,1790964946527,DEAL,PLACE,9008,BUY_LIMIT,L,6,ENT,1.12562,0.00000
4,6,1790964947814,DEAL,FILL,9003,BUY_LIMIT,L,5,ENT,1.12632,0.00000
4,6,1790964947814,DEAL,REMOVE,9004,SELL_LIMIT,L,4,EXT,1.12802,0.00000
4,7,1790964945382,SYNC,REMOVE,9007,SELL_LIMIT,L,5,EXT,1.12732,0.00000
4,7,1790964947857,ENGINE,PLACE,9009,SELL_LIMIT,L,5,EXT,1.12732,0.00000
4,7,1790965471664,DEAL,FILL,9005,BUY_LIMIT,S,4,EXT,1.12578,0.00000
4,8,1790965472811,ENGINE,PLACE,9010,BUY_LIMIT,S,3,EXT,1.12506,0.00000
4,8,1790965474098,ENGINE,REMOVE,9006,SELL_LIMIT,S,5,ENT,1.12748,0.00000
4,10,1790965474618,ENGINE,PLACE,9011,SELL_LIMIT,S,4,ENT,1.12676,0.00000
4,10,1790965492541,DEAL,PLACE,9012,SELL_LIMIT,L,6,EXT,1.12662,0.00000
4,10,1790965493828,DEAL,PLACE,9013,BUY_LIMIT,L,7,ENT,1.12492,0.00000
4,10,1790965495115,DEAL,FILL,9008,BUY_LIMIT,L,6,ENT,1.12562,0.00000
4,10,1790965495115,DEAL,REMOVE,9009,SELL_LIMIT,L,5,EXT,1.12732,0.00000
4,11,1790965493085,SYNC,REMOVE,9012,SELL_LIMIT,L,6,EXT,1.12662,0.00000
4,11,1790965495158,ENGINE,PLACE,9014,SELL_LIMIT,L,6,EXT,1.12662,0.00000
4,11,1790969155183,DEAL,FILL,9010,BUY_LIMIT,S,3,EXT,1.12506,0.00000
4,12,1790969155525,ENGINE,PLACE,9015,BUY_LIMIT,S,2,EXT,1.12435,0.00000
4,12,1790969156812,ENGINE,REMOVE,9011,SELL_LIMIT,S,4,ENT,1.12676,0.00000
4,14,1790969160140,ENGINE,PLACE,9016,SELL_LIMIT,S,3,ENT,1.12605,0.00000
4,14,1790970510820,DEAL,PLACE,9017,BUY_LIMIT,S,3,EXT,1.12509,0.00000
4,14,1790970512107,DEAL,PLACE,9018,SELL_LIMIT,S,4,ENT,1.12679,0.00000
4,14,1790970513394,DEAL,REMOVE,9015,BUY_LIMIT,S,2,EXT,1.12435,0.00000
4,14,1790970513437,DEAL,FILL,9016,SELL_LIMIT,S,3,ENT,1.12605,0.00000
4,15,1790970510963,SYNC,REMOVE,9017,BUY_LIMIT,S,3,EXT,1.12509,0.00000
4,15,1790970513437,ENGINE,PLACE,9019,BUY_LIMIT,S,3,EXT,1.12509,0.00000
4,15,1790976201287,DEAL,FILL,9019,BUY_LIMIT,S,3,EXT,1.12509,0.00000
4,16,1790976202434,ENGINE,PLACE,9020,BUY_LIMIT,S,2,EXT,1.12435,0.00000
4,16,1790976203721,ENGINE,REMOVE,9018,SELL_LIMIT,S,4,ENT,1.12679,0.00000
4,18,1790976204041,ENGINE,PLACE,9021,SELL_LIMIT,S,3,ENT,1.12605,0.00000
4,18,1790978098546,DEAL,PLACE,9022,SELL_LIMIT,L,7,EXT,1.12592,0.00000
4,18,1790978099833,DEAL,FILL,9013,BUY_LIMIT,L,7,ENT,1.12492,0.00000
4,18,1790978099833,DEAL,REMOVE,9014,SELL_LIMIT,L,6,EXT,1.12662,0.00000
4,19,1790978100097,SYNC,REMOVE,9022,SELL_LIMIT,L,7,EXT,1.12592,0.00000
4,19,1790978100097,ENGINE,PLACE,9023,SELL_LIMIT,L,7,EXT,1.12592,0.00000
4,19,1790979887701,DEAL,FILL,9023,SELL_LIMIT,L,7,EXT,1.12592,0.00000
4,20,1790979887848,ENGINE,PLACE,9024,SELL_LIMIT,L,6,EXT,1.12662,0.00000
4,20,1790979889135,ENGINE,PLACE,9025,BUY_LIMIT,L,7,ENT,1.12492,0.00000
4,22,1791071452001,TIMER,MODIFY,1979967856,SELL_LIMIT,L,0,EXT,1.13245,1.13237
4,22,1791071632001,TIMER,MODIFY,1982764022,BUY_LIMIT,S,0,EXT,1.12189,1.12187
4,22,1791071633289,TIMER,MODIFY,9024,SELL_LIMIT,L,6,EXT,1.12670,1.12662
4,22,1791071692001,TIMER,MODIFY,9020,BUY_LIMIT,S,2,EXT,1.12437,1.12435
4,22,1791164991985,DEAL,PLACE,9026,BUY_LIMIT,S,3,EXT,1.12505,0.00000
4,22,1791164993272,DEAL,PLACE,9027,SELL_LIMIT,S,4,ENT,1.12675,0.00000
4,22,1791164994559,DEAL,REMOVE,9020,BUY_LIMIT,S,2,EXT,1.12437,0.00000
4,22,1791164994602,DEAL,FILL,9021,SELL_LIMIT,S,3,ENT,1.12605,0.00000
4,23,1791164992524,SYNC,REMOVE,9026,BUY_LIMIT,S,3,EXT,1.12505,0.00000
4,23,1791164994602,ENGINE,PLACE,9028,BUY_LIMIT,S,3,EXT,1.12505,0.00000
4,23,1791169937617,DEAL,FILL,9028,BUY_LIMIT,S,3,EXT,1.12505,0.00000
4,24,1791169937955,ENGINE,PLACE,9029,BUY_LIMIT,S,2,EXT,1.12437,0.00000
4,24,1791169939242,ENGINE,REMOVE,9027,SELL_LIMIT,S,4,ENT,1.12675,0.00000
4,26,1791169940578,ENGINE,PLACE,9030,SELL_LIMIT,S,3,ENT,1.12605,0.00000
4,26,1791170006874,DEAL,PLACE,9031,SELL_LIMIT,L,7,EXT,1.12592,0.00000
4,26,1791170008161,DEAL,REMOVE,9024,SELL_LIMIT,L,6,EXT,1.12670,0.00000
4,26,1791170008204,DEAL,FILL,9025,BUY_LIMIT,L,7,ENT,1.12492,0.00000
4,27,1791170007213,SYNC,REMOVE,9031,SELL_LIMIT,L,7,EXT,1.12592,0.00000
4,27,1791170008204,ENGINE,PLACE,9032,SELL_LIMIT,L,7,EXT,1.12592,0.00000
4,27,1791171968619,DEAL,FILL,9029,BUY_LIMIT,S,2,EXT,1.12437,0.00000
4,28,1791171970161,ENGINE,PLACE,9033,BUY_LIMIT,S,1,EXT,1.12366,0.00000
4,28,1791171971448,ENGINE,REMOVE,9030,SELL_LIMIT,S,3,ENT,1.12605,0.00000
4,30,1791171972587,ENGINE,PLACE,9034,SELL_LIMIT,S,2,ENT,1.12534,0.00000
4,31,1791172290867,LATTICE,PLACE,9035,SELL_LIMIT,L,2,EXT,1.12530,0.00000
4,31,1791172292154,LATTICE,REMOVE,9032,SELL_LIMIT,L,7,EXT,1.12592,0.00000
4,31,1791173717396,DEAL,FILL,9033,BUY_LIMIT,S,1,EXT,1.12366,0.00000
4,31,1791173717937,ENGINE,REMOVE,9034,SELL_LIMIT,S,2,ENT,1.12534,0.00000
4,31,1791173718140,ENGINE,PLACE,9036,SELL_LIMIT,S,1,ENT,1.12369,0.00000
4,34,1791173719753,ENGINE,MODIFY,9036,SELL_LIMIT,S,1,ENT,1.12364,1.12369
4,35,1791173721763,ENGINE,PLACE,9037,BUY_LIMIT,S,1,EXT,1.12265,0.00000
4,35,1791173723050,ENGINE,REMOVE,9036,SELL_LIMIT,S,1,ENT,1.12364,0.00000
4,35,1791173723093,ENGINE,PLACE,9038,SELL_LIMIT,S,2,ENT,1.12435,0.00000
4,36,1791174084826,LATTICE,PLACE,9039,SELL_LIMIT,L,3,EXT,1.12460,0.00000
4,36,1791174086113,LATTICE,REMOVE,9035,SELL_LIMIT,L,2,EXT,1.12530,0.00000
4,37,1791176898045,LATTICE,PLACE,9040,SELL_LIMIT,L,4,EXT,1.12390,0.00000
4,37,1791176899332,LATTICE,REMOVE,9039,SELL_LIMIT,L,3,EXT,1.12460,0.00000
4,37,1791177146908,DEAL,FILL,9037,BUY_LIMIT,S,1,EXT,1.12265,0.00000
4,38,1791177147046,ENGINE,REMOVE,9038,SELL_LIMIT,S,2,ENT,1.12435,0.00000
4,40,1791177149058,ENGINE,PLACE,9041,SELL_LIMIT,S,1,ENT,1.12357,0.00000
4,41,1791177439237,LATTICE,PLACE,9042,SELL_LIMIT,L,5,EXT,1.12320,0.00000
4,41,1791177440524,LATTICE,REMOVE,9040,SELL_LIMIT,L,4,EXT,1.12390,0.00000
4,41,1791177541623,DEAL,FILL,1982764022,BUY_LIMIT,S,0,EXT,1.12189,0.00000
4,42,1791177541762,ENGINE,PLACE,9043,SELL_LIMIT,S,0,ENT,1.12257,0.00000
4,42,1791177543049,ENGINE,REMOVE,9041,SELL_LIMIT,S,1,ENT,1.12357,0.00000
4,45,1791177556640,ENGINE,MODIFY,9043,SELL_LIMIT,S,0,ENT,1.12215,1.12257
4,45,1791177558250,LATTICE,PLACE,9044,SELL_LIMIT,L,6,EXT,1.12250,0.00000
4,45,1791177559537,LATTICE,REMOVE,9042,SELL_LIMIT,L,5,EXT,1.12320,0.00000
4,45,1791177664399,ENGINE,MODIFY,9043,SELL_LIMIT,S,0,ENT,1.12175,1.12215
4,46,1791178588481,LATTICE,PLACE,9045,SELL_LIMIT,L,7,EXT,1.12172,0.00000
4,46,1791178589768,LATTICE,REMOVE,9044,SELL_LIMIT,L,6,EXT,1.12250,0.00000
4,46,1791178870459,ENGINE,MODIFY,9043,SELL_LIMIT,S,0,ENT,1.12134,1.12175
4,46,1791179172468,ENGINE,MODIFY,9043,SELL_LIMIT,S,0,ENT,1.12094,1.12134
4,46,1791179348711,ENGINE,MODIFY,9043,SELL_LIMIT,S,0,ENT,1.12014,1.12094
4,46,1791179375721,ENGINE,MODIFY,9043,SELL_LIMIT,S,0,ENT,1.11945,1.12014
4,46,1791179453027,DEAL,PLACE,9046,BUY_LIMIT,S,0,EXT,1.11850,0.00000
4,46,1791179454314,DEAL,PLACE,9047,SELL_LIMIT,S,1,ENT,1.12020,0.00000
4,46,1791179455601,DEAL,FILL,9043,SELL_LIMIT,S,0,ENT,1.11945,0.00000
4,47,1791179453172,SYNC,REMOVE,9046,BUY_LIMIT,S,0,EXT,1.11850,0.00000
4,47,1791179455601,ENGINE,PLACE,9048,BUY_LIMIT,S,0,EXT,1.11850,0.00000
4,47,1791179685063,DEAL,FILL,9048,BUY_LIMIT,S,0,EXT,1.11850,0.00000
4,48,1791179685200,ENGINE,PLACE,9049,SELL_LIMIT,S,0,ENT,1.11922,0.00000
4,48,1791179686487,ENGINE,REMOVE,9047,SELL_LIMIT,S,1,ENT,1.12020,0.00000
4,50,1791179704503,ENGINE,MODIFY,9049,SELL_LIMIT,S,0,ENT,1.11874,1.11922
4,50,1791179731069,ENGINE,MODIFY,9049,SELL_LIMIT,S,0,ENT,1.11833,1.11874
4,50,1791179835334,ENGINE,MODIFY,9049,SELL_LIMIT,S,0,ENT,1.11787,1.11833
4,50,1791179847009,ENGINE,MODIFY,9049,SELL_LIMIT,S,0,ENT,1.11737,1.11787
4,50,1791179889575,DEAL,PLACE,9050,BUY_LIMIT,S,0,EXT,1.11649,0.00000
4,50,1791179890862,DEAL,PLACE,9051,SELL_LIMIT,S,1,ENT,1.11819,0.00000
4,50,1791179892149,DEAL,FILL,9049,SELL_LIMIT,S,0,ENT,1.11737,0.00000
4,51,1791179889710,SYNC,REMOVE,9050,BUY_LIMIT,S,0,EXT,1.11649,0.00000
4,51,1791179892149,ENGINE,PLACE,9052,BUY_LIMIT,S,0,EXT,1.11649,0.00000
4,51,1791180137856,DEAL,PLACE,9053,BUY_LIMIT,S,1,EXT,1.11717,0.00000
4,51,1791180139143,DEAL,PLACE,9054,SELL_LIMIT,S,2,ENT,1.11887,0.00000
4,51,1791180140430,DEAL,FILL,9051,SELL_LIMIT,S,1,ENT,1.11819,0.00000
4,52,1791180138807,SYNC,REMOVE,9053,BUY_LIMIT,S,1,EXT,1.11717,0.00000
4,52,1791180140430,ENGINE,PLACE,9055,BUY_LIMIT,S,1,EXT,1.11717,0.00000
4,52,1791180380115,DEAL,FILL,9055,BUY_LIMIT,S,1,EXT,1.11717,0.00000
4,53,1791180380255,ENGINE,REMOVE,9054,SELL_LIMIT,S,2,ENT,1.11887,0.00000
4,53,1791180380455,ENGINE,PLACE,9056,SELL_LIMIT,S,1,ENT,1.11819,0.00000
4,55,1791180431446,DEAL,FILL,9052,BUY_LIMIT,S,0,EXT,1.11649,0.00000
4,56,1791180431587,ENGINE,PLACE,9057,SELL_LIMIT,S,0,ENT,1.11711,0.00000
4,56,1791180432874,ENGINE,REMOVE,9056,SELL_LIMIT,S,1,ENT,1.11819,0.00000
4,58,1791180566871,DEAL,PLACE,9058,BUY_LIMIT,S,0,EXT,1.11613,0.00000
4,58,1791180568158,DEAL,PLACE,9059,SELL_LIMIT,S,1,ENT,1.11783,0.00000
4,58,1791180569445,DEAL,FILL,9057,SELL_LIMIT,S,0,ENT,1.11711,0.00000
4,59,1791180567218,SYNC,REMOVE,9058,BUY_LIMIT,S,0,EXT,1.11613,0.00000
4,59,1791180569445,ENGINE,PLACE,9060,BUY_LIMIT,S,0,EXT,1.11613,0.00000
4,59,1791180730981,DEAL,PLACE,9061,BUY_LIMIT,S,1,EXT,1.11683,0.00000
4,59,1791180732268,DEAL,PLACE,9062,SELL_LIMIT,S,2,ENT,1.11853,0.00000
4,59,1791180733555,DEAL,FILL,9059,SELL_LIMIT,S,1,ENT,1.11783,0.00000
4,60,1791180731118,SYNC,REMOVE,9061,BUY_LIMIT,S,1,EXT,1.11683,0.00000
4,60,1791180733555,ENGINE,PLACE,9063,BUY_LIMIT,S,1,EXT,1.11683,0.00000
4,60,1791181609406,DEAL,PLACE,9064,BUY_LIMIT,S,2,EXT,1.11752,0.00000
4,60,1791181610693,DEAL,PLACE,9065,SELL_LIMIT,S,3,ENT,1.11922,0.00000
4,60,1791181611980,DEAL,FILL,9062,SELL_LIMIT,S,2,ENT,1.11853,0.00000
4,60,1791181611980,DEAL,REMOVE,9063,BUY_LIMIT,S,1,EXT,1.11683,0.00000
4,61,1791181609539,SYNC,REMOVE,9064,BUY_LIMIT,S,2,EXT,1.11752,0.00000
4,61,1791181612023,ENGINE,PLACE,9066,BUY_LIMIT,S,2,EXT,1.11752,0.00000
4,61,1791182366608,DEAL,FILL,9066,BUY_LIMIT,S,2,EXT,1.11752,0.00000
4,62,1791182367151,ENGINE,PLACE,9067,BUY_LIMIT,S,1,EXT,1.11683,0.00000
4,62,1791182368438,ENGINE,REMOVE,9065,SELL_LIMIT,S,3,ENT,1.11922,0.00000
4,64,1791182369963,ENGINE,PLACE,9068,SELL_LIMIT,S,2,ENT,1.11853,0.00000
4,64,1791183130915,DEAL,FILL,9067,BUY_LIMIT,S,1,EXT,1.11683,0.00000
4,65,1791183131064,ENGINE,REMOVE,9068,SELL_LIMIT,S,2,ENT,1.11853,0.00000
4,67,1791183131444,ENGINE,PLACE,9069,SELL_LIMIT,S,1,ENT,1.11783,0.00000
4,67,1791183921945,DEAL,FILL,9060,BUY_LIMIT,S,0,EXT,1.11613,0.00000
4,68,1791183923688,ENGINE,PLACE,9070,SELL_LIMIT,S,0,ENT,1.11683,0.00000
4,68,1791183924975,ENGINE,REMOVE,9069,SELL_LIMIT,S,1,ENT,1.11783,0.00000
4,70,1791183998991,DEAL,PLACE,9071,BUY_LIMIT,S,0,EXT,1.11584,0.00000
4,70,1791184000278,DEAL,PLACE,9072,SELL_LIMIT,S,1,ENT,1.11754,0.00000
4,70,1791184001565,DEAL,FILL,9070,SELL_LIMIT,S,0,ENT,1.11683,0.00000
4,71,1791183999325,SYNC,REMOVE,9071,BUY_LIMIT,S,0,EXT,1.11584,0.00000
4,71,1791184001565,ENGINE,PLACE,9073,BUY_LIMIT,S,0,EXT,1.11584,0.00000
4,71,1791186098834,DEAL,PLACE,9074,BUY_LIMIT,S,1,EXT,1.11655,0.00000
4,71,1791186100121,DEAL,PLACE,9075,SELL_LIMIT,S,2,ENT,1.11825,0.00000
4,71,1791186101408,DEAL,FILL,9072,SELL_LIMIT,S,1,ENT,1.11754,0.00000
4,72,1791186099979,SYNC,REMOVE,9074,BUY_LIMIT,S,1,EXT,1.11655,0.00000
4,72,1791186101408,ENGINE,PLACE,9076,BUY_LIMIT,S,1,EXT,1.11655,0.00000
4,72,1791187188989,DEAL,PLACE,9077,BUY_LIMIT,S,2,EXT,1.11726,0.00000
4,72,1791187190276,DEAL,PLACE,9078,SELL_LIMIT,S,3,ENT,1.11896,0.00000
4,72,1791187191563,DEAL,FILL,9075,SELL_LIMIT,S,2,ENT,1.11825,0.00000
4,72,1791187191563,DEAL,REMOVE,9076,BUY_LIMIT,S,1,EXT,1.11655,0.00000
4,73,1791187189130,SYNC,REMOVE,9077,BUY_LIMIT,S,2,EXT,1.11726,0.00000
4,73,1791187191606,ENGINE,PLACE,9079,BUY_LIMIT,S,2,EXT,1.11726,0.00000
4,73,1791189972052,DEAL,PLACE,9080,BUY_LIMIT,S,3,EXT,1.11796,0.00000
4,73,1791189973339,DEAL,PLACE,9081,SELL_LIMIT,S,4,ENT,1.11966,0.00000
4,73,1791189974626,DEAL,FILL,9078,SELL_LIMIT,S,3,ENT,1.11896,0.00000
4,73,1791189974626,DEAL,REMOVE,9079,BUY_LIMIT,S,2,EXT,1.11726,0.00000
4,74,1791189972588,SYNC,REMOVE,9080,BUY_LIMIT,S,3,EXT,1.11796,0.00000
4,74,1791189974669,ENGINE,PLACE,9082,BUY_LIMIT,S,3,EXT,1.11796,0.00000
4,74,1791191194196,DEAL,PLACE,9083,BUY_LIMIT,S,4,EXT,1.11866,0.00000
4,74,1791191195483,DEAL,PLACE,9084,SELL_LIMIT,S,5,ENT,1.12036,0.00000
4,74,1791191196770,DEAL,FILL,9081,SELL_LIMIT,S,4,ENT,1.11966,0.00000
4,74,1791191196770,DEAL,REMOVE,9082,BUY_LIMIT,S,3,EXT,1.11796,0.00000
4,75,1791191195156,SYNC,REMOVE,9083,BUY_LIMIT,S,4,EXT,1.11866,0.00000
4,75,1791191196813,ENGINE,PLACE,9085,BUY_LIMIT,S,4,EXT,1.11866,0.00000
4,75,1791192511702,DEAL,FILL,9085,BUY_LIMIT,S,4,EXT,1.11866,0.00000
4,76,1791192511841,ENGINE,PLACE,9086,BUY_LIMIT,S,3,EXT,1.11796,0.00000
4,76,1791192513128,ENGINE,REMOVE,9084,SELL_LIMIT,S,5,ENT,1.12036,0.00000
4,78,1791192513251,ENGINE,PLACE,9087,SELL_LIMIT,S,4,ENT,1.11966,0.00000
4,78,1791192835077,DEAL,FILL,9086,BUY_LIMIT,S,3,EXT,1.11796,0.00000
4,79,1791192835823,ENGINE,PLACE,9088,BUY_LIMIT,S,2,EXT,1.11726,0.00000
4,79,1791192837110,ENGINE,REMOVE,9087,SELL_LIMIT,S,4,ENT,1.11966,0.00000
4,81,1791192838077,ENGINE,PLACE,9089,SELL_LIMIT,S,3,ENT,1.11896,0.00000
4,81,1791192923971,DEAL,FILL,9088,BUY_LIMIT,S,2,EXT,1.11726,0.00000
4,82,1791192924514,ENGINE,PLACE,9090,BUY_LIMIT,S,1,EXT,1.11655,0.00000
4,82,1791192925801,ENGINE,REMOVE,9089,SELL_LIMIT,S,3,ENT,1.11896,0.00000
4,84,1791192926539,ENGINE,PLACE,9091,SELL_LIMIT,S,2,ENT,1.11825,0.00000
4,84,1791193378006,DEAL,PLACE,9092,BUY_LIMIT,S,2,EXT,1.11724,0.00000
4,84,1791193379293,DEAL,PLACE,9093,SELL_LIMIT,S,3,ENT,1.11894,0.00000
4,84,1791193380580,DEAL,REMOVE,9090,BUY_LIMIT,S,1,EXT,1.11655,0.00000
4,84,1791193380623,DEAL,FILL,9091,SELL_LIMIT,S,2,ENT,1.11825,0.00000
4,85,1791193378147,SYNC,REMOVE,9092,BUY_LIMIT,S,2,EXT,1.11724,0.00000
4,85,1791193380623,ENGINE,PLACE,9094,BUY_LIMIT,S,2,EXT,1.11724,0.00000
4,85,1791194117752,DEAL,PLACE,9095,BUY_LIMIT,S,3,EXT,1.11794,0.00000
4,85,1791194119039,DEAL,PLACE,9096,SELL_LIMIT,S,4,ENT,1.11964,0.00000
4,85,1791194120326,DEAL,FILL,9093,SELL_LIMIT,S,3,ENT,1.11894,0.00000
4,85,1791194120326,DEAL,REMOVE,9094,BUY_LIMIT,S,2,EXT,1.11724,0.00000
4,86,1791194117889,SYNC,REMOVE,9095,BUY_LIMIT,S,3,EXT,1.11794,0.00000
4,86,1791194120369,ENGINE,PLACE,9097,BUY_LIMIT,S,3,EXT,1.11794,0.00000
4,86,1791196358909,DEAL,PLACE,9098,BUY_LIMIT,S,4,EXT,1.11864,0.00000
4,86,1791196360196,DEAL,PLACE,9099,SELL_LIMIT,S,5,ENT,1.12034,0.00000
4,86,1791196361483,DEAL,FILL,9096,SELL_LIMIT,S,4,ENT,1.11964,0.00000
4,86,1791196361483,DEAL,REMOVE,9097,BUY_LIMIT,S,3,EXT,1.11794,0.00000
4,87,1791196359049,SYNC,REMOVE,9098,BUY_LIMIT,S,4,EXT,1.11864,0.00000
4,87,1791196361526,ENGINE,PLACE,9100,BUY_LIMIT,S,4,EXT,1.11864,0.00000
4,87,1791196874602,DEAL,PLACE,9101,BUY_LIMIT,S,5,EXT,1.11937,0.00000
4,87,1791196875889,DEAL,PLACE,9102,SELL_LIMIT,S,6,ENT,1.12107,0.00000
4,87,1791196877176,DEAL,FILL,9099,SELL_LIMIT,S,5,ENT,1.12034,0.00000
4,87,1791196877176,DEAL,REMOVE,9100,BUY_LIMIT,S,4,EXT,1.11864,0.00000
4,88,1791196874746,SYNC,REMOVE,9101,BUY_LIMIT,S,5,EXT,1.11937,0.00000
4,88,1791196877219,ENGINE,PLACE,9103,BUY_LIMIT,S,5,EXT,1.11937,0.00000
4,88,1791200784945,DEAL,PLACE,9104,BUY_LIMIT,S,6,EXT,1.12007,0.00000
4,88,1791200786232,DEAL,PLACE,9105,SELL_LIMIT,S,7,ENT,1.12177,0.00000
4,88,1791200787519,DEAL,FILL,9102,SELL_LIMIT,S,6,ENT,1.12107,0.00000
4,88,1791200787519,DEAL,REMOVE,9103,BUY_LIMIT,S,5,EXT,1.11937,0.00000
4,89,1791200785486,SYNC,REMOVE,9104,BUY_LIMIT,S,6,EXT,1.12007,0.00000
4,89,1791200787562,ENGINE,PLACE,9106,BUY_LIMIT,S,6,EXT,1.12007,0.00000
4,89,1791202294091,DEAL,FILL,9045,SELL_LIMIT,L,7,EXT,1.12172,0.00000
4,90,1791202294834,ENGINE,PLACE,9107,SELL_LIMIT,L,6,EXT,1.12250,0.00000
4,90,1791202296121,ENGINE,PLACE,9108,BUY_LIMIT,L,7,ENT,1.12072,0.00000
4,92,1791202299531,DEAL,PLACE,9109,BUY_LIMIT,S,7,EXT,1.12074,0.00000
4,92,1791202300818,DEAL,FILL,9105,SELL_LIMIT,S,7,ENT,1.12177,0.00000
4,92,1791202300818,DEAL,REMOVE,9106,BUY_LIMIT,S,6,EXT,1.12007,0.00000
4,93,1791202299667,SYNC,REMOVE,9109,BUY_LIMIT,S,7,EXT,1.12074,0.00000
4,93,1791202300861,ENGINE,PLACE,9110,BUY_LIMIT,S,7,EXT,1.12074,0.00000
4,93,1791204295375,DEAL,FILL,9110,BUY_LIMIT,S,7,EXT,1.12074,0.00000
4,94,1791204296321,ENGINE,PLACE,9111,BUY_LIMIT,S,6,EXT,1.12007,0.00000
4,94,1791204297608,ENGINE,PLACE,9112,SELL_LIMIT,S,7,ENT,1.12177,0.00000
4,96,1791204298930,ENGINE,MODIFY,9108,BUY_LIMIT,L,7,ENT,1.12071,1.12072
4,96,1791204301596,DEAL,PLACE,9113,SELL_LIMIT,L,7,EXT,1.12169,0.00000
4,96,1791204302883,DEAL,REMOVE,9107,SELL_LIMIT,L,6,EXT,1.12250,0.00000
4,96,1791204302926,DEAL,FILL,9108,BUY_LIMIT,L,7,ENT,1.12071,0.00000
4,97,1791204301733,SYNC,REMOVE,9113,SELL_LIMIT,L,7,EXT,1.12169,0.00000
4,97,1791204302926,ENGINE,PLACE,9114,SELL_LIMIT,L,7,EXT,1.12169,0.00000
4,97,1791208444523,DEAL,FILL,9111,BUY_LIMIT,S,6,EXT,1.12007,0.00000
4,98,1791208445886,ENGINE,PLACE,9115,BUY_LIMIT,S,5,EXT,1.11937,0.00000
4,98,1791208447173,ENGINE,REMOVE,9112,SELL_LIMIT,S,7,ENT,1.12177,0.00000
4,100,1791208447496,ENGINE,PLACE,9116,SELL_LIMIT,S,6,ENT,1.12107,0.00000
4,101,1791208481504,LATTICE,MODIFY,9114,SELL_LIMIT,L,7,EXT,1.12099,1.12169
4,101,1791210517759,DEAL,FILL,9114,SELL_LIMIT,L,7,EXT,1.12099,0.00000
4,102,1791210518102,ENGINE,MODIFY,9116,SELL_LIMIT,S,6,ENT,1.12109,1.12107
4,102,1791210519390,ENGINE,PLACE,9117,SELL_LIMIT,L,6,EXT,1.12250,0.00000
4,102,1791210520677,ENGINE,PLACE,9118,BUY_LIMIT,L,7,ENT,1.12072,0.00000
4,102,1791210521964,DEAL,PLACE,9119,BUY_LIMIT,S,6,EXT,1.12008,0.00000
4,102,1791210523251,DEAL,REMOVE,9115,BUY_LIMIT,S,5,EXT,1.11937,0.00000
4,102,1791210523294,DEAL,FILL,9116,SELL_LIMIT,S,6,ENT,1.12107,0.00000
4,105,1791210518501,SYNC,REMOVE,9119,BUY_LIMIT,S,6,EXT,1.12008,0.00000
4,105,1791210523294,ENGINE,PLACE,9120,BUY_LIMIT,S,6,EXT,1.12008,0.00000
4,105,1791210524581,ENGINE,PLACE,9121,SELL_LIMIT,S,7,ENT,1.12178,0.00000
4,105,1791211010921,DEAL,PLACE,9122,SELL_LIMIT,L,7,EXT,1.12171,0.00000
4,105,1791211012208,DEAL,REMOVE,9117,SELL_LIMIT,L,6,EXT,1.12250,0.00000
4,105,1791211012251,DEAL,FILL,9118,BUY_LIMIT,L,7,ENT,1.12072,0.00000
4,106,1791211012865,SYNC,REMOVE,9122,SELL_LIMIT,L,7,EXT,1.12171,0.00000
4,106,1791211012865,ENGINE,PLACE,9123,SELL_LIMIT,L,7,EXT,1.12171,0.00000
4,106,1791213743890,DEAL,FILL,9120,BUY_LIMIT,S,6,EXT,1.12008,0.00000
4,107,1791213744231,ENGINE,PLACE,9124,BUY_LIMIT,S,5,EXT,1.11937,0.00000
4,107,1791213745518,ENGINE,REMOVE,9121,SELL_LIMIT,S,7,ENT,1.12178,0.00000
4,109,1791213745838,ENGINE,PLACE,9125,SELL_LIMIT,S,6,ENT,1.12107,0.00000
4,110,1791213772567,LATTICE,MODIFY,9123,SELL_LIMIT,L,7,EXT,1.12101,1.12171
4,110,1791214197738,DEAL,FILL,9123,SELL_LIMIT,L,7,EXT,1.12101,0.00000
4,111,1791214200095,ENGINE,PLACE,9126,SELL_LIMIT,L,6,EXT,1.12250,0.00000
4,111,1791214201382,ENGINE,PLACE,9127,BUY_LIMIT,L,7,ENT,1.12072,0.00000
4,113,1791214202669,DEAL,PLACE,9128,BUY_LIMIT,S,6,EXT,1.12009,0.00000
4,113,1791214203956,DEAL,REMOVE,9124,BUY_LIMIT,S,5,EXT,1.11937,0.00000
4,113,1791214203999,DEAL,FILL,9125,SELL_LIMIT,S,6,ENT,1.12107,0.00000
4,114,1791214202109,SYNC,REMOVE,9128,BUY_LIMIT,S,6,EXT,1.12009,0.00000
4,114,1791214203999,ENGINE,PLACE,9129,BUY_LIMIT,S,6,EXT,1.12009,0.00000
4,114,1791214205286,ENGINE,PLACE,9130,SELL_LIMIT,S,7,ENT,1.12179,0.00000
4,114,1791214808297,DEAL,PLACE,9131,SELL_LIMIT,L,7,EXT,1.12171,0.00000
4,114,1791214809584,DEAL,REMOVE,9126,SELL_LIMIT,L,6,EXT,1.12250,0.00000
4,114,1791214809627,DEAL,FILL,9127,BUY_LIMIT,L,7,ENT,1.12072,0.00000
4,115,1791214808435,SYNC,REMOVE,9131,SELL_LIMIT,L,7,EXT,1.12171,0.00000
4,115,1791214809627,ENGINE,PLACE,9132,SELL_LIMIT,L,7,EXT,1.12171,0.00000
4,115,1791217701664,DEAL,FILL,9129,BUY_LIMIT,S,6,EXT,1.12009,0.00000
4,116,1791217701809,ENGINE,PLACE,9133,BUY_LIMIT,S,5,EXT,1.11937,0.00000
4,116,1791217703096,ENGINE,REMOVE,9130,SELL_LIMIT,S,7,ENT,1.12179,0.00000
4,118,1791217703615,ENGINE,PLACE,9134,SELL_LIMIT,S,6,ENT,1.12107,0.00000
4,119,1791217864500,LATTICE,MODIFY,9132,SELL_LIMIT,L,7,EXT,1.12101,1.12171
4,119,1791218176811,DEAL,FILL,9133,BUY_LIMIT,S,5,EXT,1.11937,0.00000
4,122,1791218177745,ENGINE,PLACE,9135,BUY_LIMIT,S,4,EXT,1.11864,0.00000
4,122,1791218179032,ENGINE,REMOVE,9134,SELL_LIMIT,S,6,ENT,1.12107,0.00000
4,122,1791218179348,ENGINE,PLACE,9136,SELL_LIMIT,S,5,ENT,1.12034,0.00000
4,122,1791222467788,DEAL,PLACE,9137,BUY_LIMIT,S,5,EXT,1.11936,0.00000
4,122,1791222469075,DEAL,PLACE,9138,SELL_LIMIT,S,6,ENT,1.12106,0.00000
4,122,1791222470362,DEAL,REMOVE,9135,BUY_LIMIT,S,4,EXT,1.11864,0.00000
4,122,1791222470405,DEAL,FILL,9136,SELL_LIMIT,S,5,ENT,1.12034,0.00000
4,123,1791222468128,SYNC,REMOVE,9137,BUY_LIMIT,S,5,EXT,1.11936,0.00000
4,123,1791222470405,ENGINE,PLACE,9139,BUY_LIMIT,S,5,EXT,1.11936,0.00000
4,123,1791223238876,DEAL,FILL,9132,SELL_LIMIT,L,7,EXT,1.12101,0.00000
4,124,1791223239428,ENGINE,PLACE,9140,SELL_LIMIT,L,6,EXT,1.12250,0.00000
4,124,1791223240715,ENGINE,PLACE,9141,BUY_LIMIT,L,7,ENT,1.12072,0.00000
4,126,1791223268813,DEAL,PLACE,9142,BUY_LIMIT,S,6,EXT,1.12006,0.00000
4,126,1791223270100,DEAL,PLACE,9143,SELL_LIMIT,S,7,ENT,1.12176,0.00000
4,126,1791223271387,DEAL,FILL,9138,SELL_LIMIT,S,6,ENT,1.12106,0.00000
4,126,1791223271387,DEAL,REMOVE,9139,BUY_LIMIT,S,5,EXT,1.11936,0.00000
4,127,1791223269957,SYNC,REMOVE,9142,BUY_LIMIT,S,6,EXT,1.12006,0.00000
4,127,1791223271430,ENGINE,PLACE,9144,BUY_LIMIT,S,6,EXT,1.12006,0.00000
4,127,1791227168650,DEAL,PLACE,9145,SELL_LIMIT,L,7,EXT,1.12170,0.00000
4,127,1791227169937,DEAL,REMOVE,9140,SELL_LIMIT,L,6,EXT,1.12250,0.00000
4,127,1791227169980,DEAL,FILL,9141,BUY_LIMIT,L,7,ENT,1.12072,0.00000
4,128,1791227168994,SYNC,REMOVE,9145,SELL_LIMIT,L,7,EXT,1.12170,0.00000
4,128,1791227169980,ENGINE,PLACE,9146,SELL_LIMIT,L,7,EXT,1.12170,0.00000
4,128,1791230703568,DEAL,FILL,9144,BUY_LIMIT,S,6,EXT,1.12006,0.00000
4,129,1791230703707,ENGINE,PLACE,9147,BUY_LIMIT,S,5,EXT,1.11936,0.00000
4,129,1791230704994,ENGINE,REMOVE,9143,SELL_LIMIT,S,7,ENT,1.12176,0.00000
4,131,1791230705114,ENGINE,PLACE,9148,SELL_LIMIT,S,6,ENT,1.12106,0.00000
4,132,1791230724399,LATTICE,MODIFY,9146,SELL_LIMIT,L,7,EXT,1.12100,1.12170
4,132,1791233856935,DEAL,FILL,9146,SELL_LIMIT,L,7,EXT,1.12100,0.00000
4,133,1791233857070,ENGINE,PLACE,9149,SELL_LIMIT,L,6,EXT,1.12250,0.00000
4,133,1791233858357,ENGINE,PLACE,9150,BUY_LIMIT,L,7,ENT,1.12072,0.00000
4,135,1791233997350,DEAL,PLACE,9151,BUY_LIMIT,S,6,EXT,1.12006,0.00000
4,135,1791233998637,DEAL,PLACE,9152,SELL_LIMIT,S,7,ENT,1.12176,0.00000
4,135,1791233999924,DEAL,REMOVE,9147,BUY_LIMIT,S,5,EXT,1.11936,0.00000
4,135,1791233999967,DEAL,FILL,9148,SELL_LIMIT,S,6,ENT,1.12106,0.00000
4,136,1791233999712,SYNC,REMOVE,9151,BUY_LIMIT,S,6,EXT,1.12006,0.00000
4,136,1791233999967,ENGINE,PLACE,9153,BUY_LIMIT,S,6,EXT,1.12006,0.00000
4,136,1791238759074,DEAL,PLACE,9154,BUY_LIMIT,S,7,EXT,1.12077,0.00000
4,136,1791238760361,DEAL,FILL,9152,SELL_LIMIT,S,7,ENT,1.12176,0.00000
4,136,1791238760361,DEAL,REMOVE,9153,BUY_LIMIT,S,6,EXT,1.12006,0.00000
4,137,1791238760625,SYNC,REMOVE,9154,BUY_LIMIT,S,7,EXT,1.12077,0.00000
4,137,1791238760625,ENGINE,PLACE,9155,BUY_LIMIT,S,7,EXT,1.12077,0.00000
4,138,1791244202328,SYNC,REMOVE,9149,SELL_LIMIT,L,6,EXT,1.12250,0.00000
4,138,1791244202328,ENGINE,PLACE,9156,SELL_LIMIT,L,5,EXT,1.12320,0.00000
4,138,1791244203615,ENGINE,REMOVE,9150,BUY_LIMIT,L,7,ENT,1.12072,0.00000
4,141,1791244208965,ENGINE,PLACE,9157,BUY_LIMIT,L,6,ENT,1.12142,0.00000
4,141,1791244210380,LATTICE,MODIFY,9073,BUY_LIMIT,S,0,EXT,1.12147,1.11584
4,141,1791244211668,LATTICE,PLACE,9158,BUY_LIMIT,S,1,EXT,1.11655,0.00000
4,141,1791244212955,LATTICE,REMOVE,9155,BUY_LIMIT,S,7,EXT,1.12077,0.00000
4,141,1791244252001,TIMER,MODIFY,1979967856,SELL_LIMIT,L,0,EXT,1.13253,1.13245
4,141,1791244372001,TIMER,MODIFY,9156,SELL_LIMIT,L,5,EXT,1.12328,1.12320
4,141,1791244432001,TIMER,MODIFY,9073,BUY_LIMIT,S,0,EXT,1.12148,1.12147
4,141,1791244433289,TIMER,MODIFY,9158,BUY_LIMIT,S,1,EXT,1.11656,1.11655
5,-1,1791252994001,SEED,PLACE,1979967856,SELL_LIMIT,L,0,EXT,1.13253,0.00000
5,-1,1791252994001,SEED,PLACE,1988240417,SELL_LIMIT,L,5,EXT,1.12328,0.00000
5,-1,1791252994001,SEED,PLACE,1988240492,BUY_LIMIT,L,6,ENT,1.12142,0.00000
5,-1,1791252994001,SEED,PLACE,1985808612,BUY_LIMIT,S,0,EXT,1.12148,0.00000
5,-1,1791252994001,SEED,PLACE,1988240941,BUY_LIMIT,S,1,EXT,1.11656,0.00000
6,-1,1791253193000,SEED,PLACE,1979967856,SELL_LIMIT,L,0,EXT,1.13253,0.00000
6,-1,1791253193000,SEED,PLACE,1988240417,SELL_LIMIT,L,5,EXT,1.12328,0.00000
6,-1,1791253193000,SEED,PLACE,1988240492,BUY_LIMIT,L,6,ENT,1.12142,0.00000
6,-1,1791253193000,SEED,PLACE,1985808612,BUY_LIMIT,S,0,EXT,1.12148,0.00000
6,-1,1791253193000,SEED,PLACE,1988240941,BUY_LIMIT,S,1,EXT,1.11656,0.00000
6,-1,1791255837811,DEAL,FILL,1985808612,BUY_LIMIT,S,0,EXT,1.12148,0.00000
6,0,1791255838759,ENGINE,PLACE,9000,BUY_LIMIT,S,7,EXT,1.12078,0.00000
6,0,1791255840046,ENGINE,PLACE,9001,SELL_LIMIT,S,8,ENT,1.12247,0.00000
6,2,1791255959116,DEAL,PLACE,9002,SELL_LIMIT,L,6,EXT,1.12243,0.00000
6,2,1791255960403,DEAL,PLACE,9003,BUY_LIMIT,L,7,ENT,1.12073,0.00000
6,2,1791255961690,DEAL,REMOVE,1988240417,SELL_LIMIT,L,5,EXT,1.12328,0.00000
6,2,1791255961733,DEAL,FILL,1988240492,BUY_LIMIT,L,6,ENT,1.12142,0.00000
6,3,1791255960056,SYNC,REMOVE,9002,SELL_LIMIT,L,6,EXT,1.12243,0.00000
6,3,1791255961733,ENGINE,PLACE,9004,SELL_LIMIT,L,6,EXT,1.12243,0.00000
6,3,1791259212872,DEAL,FILL,9004,SELL_LIMIT,L,6,EXT,1.12243,0.00000
6,4,1791259216045,ENGINE,PLACE,9005,SELL_LIMIT,L,5,EXT,1.12328,0.00000
6,4,1791259217332,ENGINE,REMOVE,9003,BUY_LIMIT,L,7,ENT,1.12073,0.00000
6,6,1791259222457,ENGINE,MODIFY,9001,SELL_LIMIT,S,8,ENT,1.12249,1.12247
6,6,1791259223745,ENGINE,PLACE,9006,BUY_LIMIT,L,6,ENT,1.12142,0.00000
6,6,1791259225032,DEAL,PLACE,9007,BUY_LIMIT,S,8,EXT,1.12147,0.00000
6,6,1791259226319,DEAL,REMOVE,9000,BUY_LIMIT,S,7,EXT,1.12078,0.00000
6,6,1791259226362,DEAL,FILL,9001,SELL_LIMIT,S,8,ENT,1.12247,0.00000
6,7,1791259222879,SYNC,REMOVE,9007,BUY_LIMIT,S,8,EXT,1.12147,0.00000
6,7,1791259226362,ENGINE,PLACE,9008,BUY_LIMIT,S,8,EXT,1.12147,0.00000
6,7,1791263686798,DEAL,FILL,9008,BUY_LIMIT,S,8,EXT,1.12147,0.00000
6,8,1791263700039,ENGINE,PLACE,9009,BUY_LIMIT,S,7,EXT,1.12078,0.00000
6,8,1791263701326,ENGINE,PLACE,9010,SELL_LIMIT,S,8,ENT,1.12247,0.00000
6,10,1791263834655,DEAL,PLACE,9011,SELL_LIMIT,L,6,EXT,1.12241,0.00000
6,10,1791263835942,DEAL,PLACE,9012,BUY_LIMIT,L,7,ENT,1.12071,0.00000
6,10,1791263837229,DEAL,REMOVE,9005,SELL_LIMIT,L,5,EXT,1.12328,0.00000
6,10,1791263837272,DEAL,FILL,9006,BUY_LIMIT,L,6,ENT,1.12142,0.00000
6,11,1791263835591,SYNC,REMOVE,9011,SELL_LIMIT,L,6,EXT,1.12241,0.00000
6,11,1791263837272,ENGINE,PLACE,9013,SELL_LIMIT,L,6,EXT,1.12241,0.00000
7,-1,1791268423001,SEED,PLACE,1979967856,SELL_LIMIT,L,0,EXT,1.13253,0.00000
7,-1,1791268423001,SEED,PLACE,1988697118,SELL_LIMIT,L,6,EXT,1.12241,0.00000
7,-1,1791268423001,SEED,PLACE,1988697123,BUY_LIMIT,L,7,ENT,1.12071,0.00000
7,-1,1791268423001,SEED,PLACE,1988240941,BUY_LIMIT,S,1,EXT,1.11656,0.00000
7,-1,1791268423001,SEED,PLACE,1988692978,BUY_LIMIT,S,7,EXT,1.12078,0.00000
7,-1,1791268423001,SEED,PLACE,1988693327,SELL_LIMIT,S,8,ENT,1.12247,0.00000
7,-1,1791269033744,DEAL,FILL,1988697118,SELL_LIMIT,L,6,EXT,1.12241,0.00000
7,0,1791269033886,ENGINE,PLACE,9000,SELL_LIMIT,L,5,EXT,1.12328,0.00000
7,0,1791269035173,ENGINE,REMOVE,1988697123,BUY_LIMIT,L,7,ENT,1.12071,0.00000
7,2,1791269035304,ENGINE,PLACE,9001,BUY_LIMIT,L,6,ENT,1.12142,0.00000
7,2,1791269141530,DEAL,PLACE,9002,BUY_LIMIT,S,8,EXT,1.12147,0.00000
7,2,1791269142817,DEAL,REMOVE,1988692978,BUY_LIMIT,S,7,EXT,1.12078,0.00000
7,2,1791269142860,DEAL,FILL,1988693327,SELL_LIMIT,S,8,ENT,1.12247,0.00000
7,3,1791269142487,SYNC,REMOVE,9002,BUY_LIMIT,S,8,EXT,1.12147,0.00000
7,3,1791269142860,ENGINE,PLACE,9003,BUY_LIMIT,S,8,EXT,1.12147,0.00000
7,3,1791275237990,DEAL,FILL,9003,BUY_LIMIT,S,8,EXT,1.12147,0.00000
7,4,1791275239331,ENGINE,PLACE,9004,BUY_LIMIT,S,7,EXT,1.12078,0.00000
7,4,1791275240618,ENGINE,PLACE,9005,SELL_LIMIT,S,8,ENT,1.12247,0.00000
7,6,1791275248823,DEAL,PLACE,9006,SELL_LIMIT,L,6,EXT,1.12242,0.00000
7,6,1791275250110,DEAL,PLACE,9007,BUY_LIMIT,L,7,ENT,1.12072,0.00000
7,6,1791275251397,DEAL,REMOVE,9000,SELL_LIMIT,L,5,EXT,1.12328,0.00000
7,6,1791275251440,DEAL,FILL,9001,BUY_LIMIT,L,6,ENT,1.12142,0.00000
7,7,1791275248965,SYNC,REMOVE,9006,SELL_LIMIT,L,6,EXT,1.12242,0.00000
7,7,1791275251440,ENGINE,PLACE,9008,SELL_LIMIT,L,6,EXT,1.12242,0.00000
7,7,1791277545196,DEAL,FILL,9004,BUY_LIMIT,S,7,EXT,1.12078,0.00000
7,8,1791277545535,ENGINE,PLACE,9009,BUY_LIMIT,S,6,EXT,1.12007,0.00000
7,8,1791277546822,ENGINE,REMOVE,9005,SELL_LIMIT,S,8,ENT,1.12247,0.00000
7,10,1791277548359,ENGINE,PLACE,9010,SELL_LIMIT,S,7,ENT,1.12176,0.00000
7,10,1791277597316,DEAL,PLACE,9011,SELL_LIMIT,L,7,EXT,1.12169,0.00000
7,10,1791277598603,DEAL,FILL,9007,BUY_LIMIT,L,7,ENT,1.12072,0.00000
7,10,1791277598603,DEAL,REMOVE,9008,SELL_LIMIT,L,6,EXT,1.12242,0.00000
7,11,1791277597655,SYNC,REMOVE,9011,SELL_LIMIT,L,7,EXT,1.12169,0.00000
7,11,1791277598646,ENGINE,PLACE,9012,SELL_LIMIT,L,7,EXT,1.12169,0.00000
7,11,1791281707371,DEAL,FILL,9012,SELL_LIMIT,L,7,EXT,1.12169,0.00000
7,12,1791281707515,ENGINE,PLACE,9013,SELL_LIMIT,L,6,EXT,1.12242,0.00000
7,12,1791281708802,ENGINE,PLACE,9014,BUY_LIMIT,L,7,ENT,1.12072,0.00000
7,14,1791281714834,DEAL,PLACE,9015,BUY_LIMIT,S,7,EXT,1.12076,0.00000
7,14,1791281716121,DEAL,PLACE,9016,SELL_LIMIT,S,8,ENT,1.12246,0.00000
7,14,1791281717408,DEAL,REMOVE,9009,BUY_LIMIT,S,6,EXT,1.12007,0.00000
7,14,1791281717451,DEAL,FILL,9010,SELL_LIMIT,S,7,ENT,1.12176,0.00000
7,15,1791281715377,SYNC,REMOVE,9015,BUY_LIMIT,S,7,EXT,1.12076,0.00000
7,15,1791281717451,ENGINE,PLACE,9017,BUY_LIMIT,S,7,EXT,1.12076,0.00000
7,15,1791282942497,DEAL,FILL,9013,SELL_LIMIT,L,6,EXT,1.12242,0.00000
7,16,1791282942642,ENGINE,PLACE,9018,SELL_LIMIT,L,5,EXT,1.12328,0.00000
7,16,1791282943929,ENGINE,REMOVE,9014,BUY_LIMIT,L,7,ENT,1.12072,0.00000
7,18,1791282943972,ENGINE,PLACE,9019,BUY_LIMIT,L,6,ENT,1.12142,0.00000
7,18,1791282975094,DEAL,PLACE,9020,BUY_LIMIT,S,8,EXT,1.12146,0.00000
7,18,1791282976381,DEAL,FILL,9016,SELL_LIMIT,S,8,ENT,1.12246,0.00000
7,18,1791282976381,DEAL,REMOVE,9017,BUY_LIMIT,S,7,EXT,1.12076,0.00000
7,19,1791282975643,SYNC,REMOVE,9020,BUY_LIMIT,S,8,EXT,1.12146,0.00000
7,19,1791282976424,ENGINE,PLACE,9021,BUY_LIMIT,S,8,EXT,1.12146,0.00000
7,20,1791283853206,LATTICE,MODIFY,1988240941,BUY_LIMIT,S,1,EXT,1.12217,1.11656
7,20,1791283854494,LATTICE,PLACE,9022,BUY_LIMIT,S,2,EXT,1.11725,0.00000
7,20,1791283855781,LATTICE,REMOVE,9021,BUY_LIMIT,S,8,EXT,1.12146,0.00000
7,20,1791283999496,DEAL,FILL,9018,SELL_LIMIT,L,5,EXT,1.12328,0.00000
7,21,1791284001445,ENGINE,PLACE,9023,SELL_LIMIT,L,4,EXT,1.12398,0.00000
7,21,1791284002732,ENGINE,REMOVE,9019,BUY_LIMIT,L,6,ENT,1.12142,0.00000
7,23,1791284002852,ENGINE,PLACE,9024,BUY_LIMIT,L,5,ENT,1.12212,0.00000
7,24,1791284256160,LATTICE,MODIFY,9022,BUY_LIMIT,S,2,EXT,1.12287,1.11725
7,24,1791284257448,LATTICE,PLACE,9025,BUY_LIMIT,S,3,EXT,1.11795,0.00000
7,24,1791284258735,LATTICE,REMOVE,1988240941,BUY_LIMIT,S,1,EXT,1.12217,0.00000
7,24,1791284271123,DEAL,FILL,9023,SELL_LIMIT,L,4,EXT,1.12398,0.00000
7,25,1791284271680,ENGINE,PLACE,9026,SELL_LIMIT,L,3,EXT,1.12468,0.00000
7,25,1791284272967,ENGINE,REMOVE,9024,BUY_LIMIT,L,5,ENT,1.12212,0.00000
7,27,1791284273283,ENGINE,PLACE,9027,BUY_LIMIT,L,4,ENT,1.12282,0.00000
7,27,1791284913107,DEAL,FILL,9022,BUY_LIMIT,S,2,EXT,1.12287,0.00000
7,28,1791284913457,ENGINE,PLACE,9028,BUY_LIMIT,S,1,EXT,1.12217,0.00000
7,28,1791284914744,ENGINE,PLACE,9029,SELL_LIMIT,S,9,ENT,1.12386,0.00000
7,30,1791285372782,DEAL,PLACE,9030,SELL_LIMIT,L,4,EXT,1.12382,0.00000
7,30,1791285374069,DEAL,PLACE,9031,BUY_LIMIT,L,5,ENT,1.12212,0.00000
7,30,1791285375356,DEAL,REMOVE,9026,SELL_LIMIT,L,3,EXT,1.12468,0.00000
7,30,1791285375399,DEAL,FILL,9027,BUY_LIMIT,L,4,ENT,1.12282,0.00000
7,31,1791285373134,SYNC,REMOVE,9030,SELL_LIMIT,L,4,EXT,1.12382,0.00000
7,31,1791285375399,ENGINE,PLACE,9032,SELL_LIMIT,L,4,EXT,1.12382,0.00000
7,31,1791286623033,DEAL,FILL,9032,SELL_LIMIT,L,4,EXT,1.12382,0.00000
7,32,1791286623988,ENGINE,MODIFY,9029,SELL_LIMIT,S,9,ENT,1.12387,1.12386
7,32,1791286625276,ENGINE,PLACE,9033,SELL_LIMIT,L,3,EXT,1.12468,0.00000
7,32,1791286626563,ENGINE,REMOVE,9031,BUY_LIMIT,L,5,ENT,1.12212,0.00000
7,32,1791286626606,DEAL,PLACE,9034,BUY_LIMIT,S,9,EXT,1.12286,0.00000
7,32,1791286627893,DEAL,REMOVE,9028,BUY_LIMIT,S,1,EXT,1.12217,0.00000
7,32,1791286627936,DEAL,FILL,9029,SELL_LIMIT,S,9,ENT,1.12386,0.00000
7,35,1791286624975,SYNC,REMOVE,9034,BUY_LIMIT,S,9,EXT,1.12286,0.00000
7,35,1791286627936,ENGINE,PLACE,9035,BUY_LIMIT,S,9,EXT,1.12286,0.00000
7,35,1791286629223,ENGINE,PLACE,9036,BUY_LIMIT,L,4,ENT,1.12282,0.00000
7,36,1791286877951,LATTICE,MODIFY,9025,BUY_LIMIT,S,3,EXT,1.12357,1.11795
7,36,1791286879239,LATTICE,PLACE,9037,BUY_LIMIT,S,4,EXT,1.11865,0.00000
7,36,1791286880526,LATTICE,REMOVE,9035,BUY_LIMIT,S,9,EXT,1.12286,0.00000
7,36,1791286992742,DEAL,FILL,9033,SELL_LIMIT,L,3,EXT,1.12468,0.00000
7,37,1791286993895,ENGINE,PLACE,9038,SELL_LIMIT,L,2,EXT,1.12538,0.00000
7,37,1791286995182,ENGINE,REMOVE,9036,BUY_LIMIT,L,4,ENT,1.12282,0.00000
7,39,1791286997125,ENGINE,PLACE,9039,BUY_LIMIT,L,3,ENT,1.12352,0.00000
7,39,1791288851668,DEAL,FILL,9025,BUY_LIMIT,S,3,EXT,1.12357,0.00000
7,40,1791288852617,ENGINE,PLACE,9040,BUY_LIMIT,S,9,EXT,1.12286,0.00000
7,40,1791288853904,ENGINE,PLACE,9041,SELL_LIMIT,S,10,ENT,1.12456,0.00000
7,42,1791289255989,DEAL,PLACE,9042,SELL_LIMIT,L,3,EXT,1.12447,0.00000
7,42,1791289257276,DEAL,PLACE,9043,BUY_LIMIT,L,4,ENT,1.12277,0.00000
7,42,1791289258563,DEAL,REMOVE,9038,SELL_LIMIT,L,2,EXT,1.12538,0.00000
7,42,1791289258606,DEAL,FILL,9039,BUY_LIMIT,L,3,ENT,1.12352,0.00000
7,43,1791289256526,SYNC,REMOVE,9042,SELL_LIMIT,L,3,EXT,1.12447,0.00000
7,43,1791289258606,ENGINE,PLACE,9044,SELL_LIMIT,L,3,EXT,1.12447,0.00000
7,43,1791290041865,DEAL,FILL,9044,SELL_LIMIT,L,3,EXT,1.12447,0.00000
7,44,1791290042410,ENGINE,PLACE,9045,SELL_LIMIT,L,2,EXT,1.12538,0.00000
7,44,1791290043697,ENGINE,REMOVE,9043,BUY_LIMIT,L,4,ENT,1.12277,0.00000
7,46,1791290043832,ENGINE,PLACE,9046,BUY_LIMIT,L,3,ENT,1.12352,0.00000
7,46,1791290066008,DEAL,PLACE,9047,BUY_LIMIT,S,10,EXT,1.12359,0.00000
7,46,1791290067295,DEAL,REMOVE,9040,BUY_LIMIT,S,9,EXT,1.12286,0.00000
7,46,1791290067338,DEAL,FILL,9041,SELL_LIMIT,S,10,ENT,1.12456,0.00000
7,47,1791290066153,SYNC,REMOVE,9047,BUY_LIMIT,S,10,EXT,1.12359,0.00000
7,47,1791290067338,ENGINE,PLACE,9048,BUY_LIMIT,S,10,EXT,1.12359,0.00000
7,48,1791296131224,LATTICE,MODIFY,9037,BUY_LIMIT,S,4,EXT,1.12430,1.11865
7,48,1791296132512,LATTICE,PLACE,9049,BUY_LIMIT,S,5,EXT,1.11937,0.00000
7,48,1791296133799,LATTICE,REMOVE,9048,BUY_LIMIT,S,10,EXT,1.12359,0.00000
7,48,1791296133842,DEAL,FILL,9045,SELL_LIMIT,L,2,EXT,1.12538,0.00000
7,51,1791296133842,ENGINE,PLACE,9050,SELL_LIMIT,L,1,EXT,1.13183,0.00000
7,51,1791296135129,ENGINE,REMOVE,9046,BUY_LIMIT,L,3,ENT,1.12352,0.00000
7,51,1791296135466,ENGINE,PLACE,9051,BUY_LIMIT,L,2,ENT,1.12531,0.00000
7,52,1791296148317,ENGINE,PLACE,9052,SELL_LIMIT,L,2,EXT,1.12632,0.00000
7,52,1791296149604,ENGINE,REMOVE,9050,SELL_LIMIT,L,1,EXT,1.13183,0.00000
7,52,1791296149647,ENGINE,REMOVE,9051,BUY_LIMIT,L,2,ENT,1.12531,0.00000
7,52,1791296149929,ENGINE,PLACE,9053,BUY_LIMIT,L,3,ENT,1.12462,0.00000
7,53,1791296731783,LATTICE,MODIFY,9049,BUY_LIMIT,S,5,EXT,1.12500,1.11937
7,53,1791296733071,LATTICE,PLACE,9054,BUY_LIMIT,S,6,EXT,1.12007,0.00000
7,53,1791296734358,LATTICE,REMOVE,9037,BUY_LIMIT,S,4,EXT,1.12430,0.00000
7,53,1791296737539,DEAL,FILL,9052,SELL_LIMIT,L,2,EXT,1.12632,0.00000
7,54,1791296737682,ENGINE,PLACE,9055,SELL_LIMIT,L,1,EXT,1.13183,0.00000
7,54,1791296738969,ENGINE,REMOVE,9053,BUY_LIMIT,L,3,ENT,1.12462,0.00000
7,56,1791296739094,ENGINE,PLACE,9056,BUY_LIMIT,L,2,ENT,1.12622,0.00000
7,56,1791296766080,ENGINE,MODIFY,9056,BUY_LIMIT,L,2,ENT,1.12643,1.12622
7,57,1791296767707,ENGINE,PLACE,9057,SELL_LIMIT,L,2,EXT,1.12746,0.00000
7,57,1791296768994,ENGINE,REMOVE,9055,SELL_LIMIT,L,1,EXT,1.13183,0.00000
7,57,1791296769037,ENGINE,REMOVE,9056,BUY_LIMIT,L,2,ENT,1.12643,0.00000
7,57,1791296769080,ENGINE,PLACE,9058,BUY_LIMIT,L,3,ENT,1.12576,0.00000
7,58,1791297649831,LATTICE,MODIFY,9054,BUY_LIMIT,S,6,EXT,1.12570,1.12007
7,58,1791297651119,LATTICE,PLACE,9059,BUY_LIMIT,S,7,EXT,1.12076,0.00000
7,58,1791297652406,LATTICE,REMOVE,9049,BUY_LIMIT,S,5,EXT,1.12500,0.00000
7,59,1791298994203,LATTICE,MODIFY,9059,BUY_LIMIT,S,7,EXT,1.12639,1.12076
7,59,1791298995491,LATTICE,PLACE,9060,BUY_LIMIT,S,8,EXT,1.12146,0.00000
7,59,1791298996778,LATTICE,REMOVE,9054,BUY_LIMIT,S,6,EXT,1.12570,0.00000
7,59,1791299001104,DEAL,FILL,9057,SELL_LIMIT,L,2,EXT,1.12746,0.00000
7,60,1791299002048,ENGINE,PLACE,9061,SELL_LIMIT,L,1,EXT,1.13183,0.00000
7,60,1791299003335,ENGINE,REMOVE,9058,BUY_LIMIT,L,3,ENT,1.12576,0.00000
7,62,1791299003661,ENGINE,PLACE,9062,BUY_LIMIT,L,2,ENT,1.12744,0.00000
7,63,1791299005667,ENGINE,PLACE,9063,SELL_LIMIT,L,2,EXT,1.12846,0.00000
7,63,1791299006954,ENGINE,REMOVE,9061,SELL_LIMIT,L,1,EXT,1.13183,0.00000
7,63,1791299006997,ENGINE,REMOVE,9062,BUY_LIMIT,L,2,ENT,1.12744,0.00000
7,63,1791299007475,ENGINE,PLACE,9064,BUY_LIMIT,L,3,ENT,1.12676,0.00000
7,63,1791299190021,DEAL,PLACE,9065,SELL_LIMIT,L,3,EXT,1.12776,0.00000
7,63,1791299191308,DEAL,PLACE,9066,BUY_LIMIT,L,4,ENT,1.12606,0.00000
7,63,1791299192595,DEAL,REMOVE,9063,SELL_LIMIT,L,2,EXT,1.12846,0.00000
7,63,1791299192638,DEAL,FILL,9064,BUY_LIMIT,L,3,ENT,1.12676,0.00000
7,64,1791299190166,SYNC,REMOVE,9065,SELL_LIMIT,L,3,EXT,1.12776,0.00000
7,64,1791299192638,ENGINE,PLACE,9067,SELL_LIMIT,L,3,EXT,1.12776,0.00000
7,64,1791300499262,DEAL,FILL,9059,BUY_LIMIT,S,7,EXT,1.12639,0.00000
7,65,1791300502212,ENGINE,PLACE,9068,BUY_LIMIT,S,6,EXT,1.12570,0.00000
7,65,1791300503499,ENGINE,PLACE,9069,SELL_LIMIT,S,11,ENT,1.12739,0.00000
7,67,1791301504768,DEAL,PLACE,9070,SELL_LIMIT,L,4,EXT,1.12705,0.00000
7,67,1791301506055,DEAL,PLACE,9071,BUY_LIMIT,L,5,ENT,1.12535,0.00000
7,67,1791301507342,DEAL,FILL,9066,BUY_LIMIT,L,4,ENT,1.12606,0.00000
7,67,1791301507342,DEAL,REMOVE,9067,SELL_LIMIT,L,3,EXT,1.12776,0.00000
7,68,1791301505119,SYNC,REMOVE,9070,SELL_LIMIT,L,4,EXT,1.12705,0.00000
7,68,1791301507385,ENGINE,PLACE,9072,SELL_LIMIT,L,4,EXT,1.12705,0.00000
7,68,1791301992329,DEAL,FILL,9068,BUY_LIMIT,S,6,EXT,1.12570,0.00000
7,69,1791301992473,ENGINE,MODIFY,9069,SELL_LIMIT,S,11,ENT,1.12669,1.12739
7,69,1791301993761,ENGINE,PLACE,9073,BUY_LIMIT,S,5,EXT,1.12500,0.00000
7,71,1791303973244,DEAL,PLACE,9074,SELL_LIMIT,L,5,EXT,1.12635,0.00000
7,71,1791303974531,DEAL,PLACE,9075,BUY_LIMIT,L,6,ENT,1.12465,0.00000
7,71,1791303975818,DEAL,FILL,9071,BUY_LIMIT,L,5,ENT,1.12535,0.00000
7,71,1791303975818,DEAL,REMOVE,9072,SELL_LIMIT,L,4,EXT,1.12705,0.00000
7,72,1791303973779,SYNC,REMOVE,9074,SELL_LIMIT,L,5,EXT,1.12635,0.00000
7,72,1791303975861,ENGINE,PLACE,9076,SELL_LIMIT,L,5,EXT,1.12635,0.00000
7,72,1791304768428,DEAL,FILL,9073,BUY_LIMIT,S,5,EXT,1.12500,0.00000
7,73,1791304768566,ENGINE,MODIFY,9069,SELL_LIMIT,S,11,ENT,1.12599,1.12669
7,73,1791304769854,ENGINE,PLACE,9077,BUY_LIMIT,S,4,EXT,1.12430,0.00000
7,75,1791308458943,DEAL,PLACE,9078,SELL_LIMIT,L,6,EXT,1.12562,0.00000
7,75,1791308460230,DEAL,PLACE,9079,BUY_LIMIT,L,7,ENT,1.12392,0.00000
7,75,1791308461517,DEAL,FILL,9075,BUY_LIMIT,L,6,ENT,1.12465,0.00000
7,75,1791308461517,DEAL,REMOVE,9076,SELL_LIMIT,L,5,EXT,1.12635,0.00000
7,76,1791308459084,SYNC,REMOVE,9078,SELL_LIMIT,L,6,EXT,1.12562,0.00000
7,76,1791308461560,ENGINE,PLACE,9080,SELL_LIMIT,L,6,EXT,1.12562,0.00000
7,76,1791309218117,DEAL,FILL,9080,SELL_LIMIT,L,6,EXT,1.12562,0.00000
7,77,1791309218871,ENGINE,PLACE,9081,SELL_LIMIT,L,5,EXT,1.12635,0.00000
7,77,1791309220158,ENGINE,REMOVE,9079,BUY_LIMIT,L,7,ENT,1.12392,0.00000
7,79,1791309222896,ENGINE,PLACE,9082,BUY_LIMIT,L,6,ENT,1.12465,0.00000
7,79,1791310020250,DEAL,PLACE,9083,BUY_LIMIT,S,11,EXT,1.12504,0.00000
7,79,1791310021537,DEAL,PLACE,9084,SELL_LIMIT,S,12,ENT,1.12674,0.00000
7,79,1791310022824,DEAL,FILL,9069,SELL_LIMIT,S,11,ENT,1.12599,0.00000
7,79,1791310022824,DEAL,REMOVE,9077,BUY_LIMIT,S,4,EXT,1.12430,0.00000
7,80,1791310020388,SYNC,REMOVE,9083,BUY_LIMIT,S,11,EXT,1.12504,0.00000
7,80,1791310022867,ENGINE,PLACE,9085,BUY_LIMIT,S,11,EXT,1.12504,0.00000
7,80,1791310557680,DEAL,FILL,9081,SELL_LIMIT,L,5,EXT,1.12635,0.00000
7,81,1791310558022,ENGINE,PLACE,9086,SELL_LIMIT,L,4,EXT,1.12705,0.00000
7,81,1791310559309,ENGINE,REMOVE,9082,BUY_LIMIT,L,6,ENT,1.12465,0.00000
7,83,1791310560046,ENGINE,PLACE,9087,BUY_LIMIT,L,5,ENT,1.12535,0.00000
7,83,1791311763855,DEAL,PLACE,9088,BUY_LIMIT,S,12,EXT,1.12578,0.00000
7,83,1791311765142,DEAL,PLACE,9089,SELL_LIMIT,S,13,ENT,1.12748,0.00000
7,83,1791311766429,DEAL,FILL,9084,SELL_LIMIT,S,12,ENT,1.12674,0.00000
7,83,1791311766429,DEAL,REMOVE,9085,BUY_LIMIT,S,11,EXT,1.12504,0.00000
7,84,1791311770417,SYNC,REMOVE,9088,BUY_LIMIT,S,12,EXT,1.12578,0.00000
7,84,1791311770417,ENGINE,PLACE,9090,BUY_LIMIT,S,12,EXT,1.12578,0.00000
7,84,1791313873521,DEAL,FILL,9090,BUY_LIMIT,S,12,EXT,1.12578,0.00000
7,85,1791313873870,ENGINE,PLACE,9091,BUY_LIMIT,S,11,EXT,1.12504,0.00000
7,85,1791313875157,ENGINE,REMOVE,9089,SELL_LIMIT,S,13,ENT,1.12748,0.00000
7,87,1791313875680,ENGINE,PLACE,9092,SELL_LIMIT,S,12,ENT,1.12674,0.00000
7,87,1791330643001,TIMER,MODIFY,1979967856,SELL_LIMIT,L,0,EXT,1.13277,1.13253
7,87,1791330763001,TIMER,MODIFY,9086,SELL_LIMIT,L,4,EXT,1.12729,1.12705
7,87,1791330823001,TIMER,MODIFY,9060,BUY_LIMIT,S,8,EXT,1.12150,1.12146
7,87,1791330943001,TIMER,MODIFY,9091,BUY_LIMIT,S,11,EXT,1.12508,1.12504
7,87,1791331201154,ENGINE,MODIFY,9087,BUY_LIMIT,L,5,ENT,1.12495,1.12535
7,87,1791331203139,ENGINE,MODIFY,9087,BUY_LIMIT,L,5,ENT,1.12535,1.12495
7,87,1791340987565,DEAL,PLACE,9093,SELL_LIMIT,L,5,EXT,1.12634,0.00000
7,87,1791340988852,DEAL,PLACE,9094,BUY_LIMIT,L,6,ENT,1.12464,0.00000
7,87,1791340990139,DEAL,REMOVE,9086,SELL_LIMIT,L,4,EXT,1.12729,0.00000
7,87,1791340990182,DEAL,FILL,9087,BUY_LIMIT,L,5,ENT,1.12535,0.00000
7,88,1791340988101,SYNC,REMOVE,9093,SELL_LIMIT,L,5,EXT,1.12634,0.00000
7,88,1791340990182,ENGINE,PLACE,9095,SELL_LIMIT,L,5,EXT,1.12634,0.00000
7,88,1791342461762,DEAL,FILL,9091,BUY_LIMIT,S,11,EXT,1.12508,0.00000
7,89,1791342462704,ENGINE,PLACE,9096,BUY_LIMIT,S,4,EXT,1.12434,0.00000
7,89,1791342463991,ENGINE,REMOVE,9092,SELL_LIMIT,S,12,ENT,1.12674,0.00000
7,91,1791342468541,ENGINE,PLACE,9097,SELL_LIMIT,S,11,ENT,1.12599,0.00000
7,91,1791345704498,DEAL,PLACE,9098,SELL_LIMIT,L,6,EXT,1.12567,0.00000
7,91,1791345705785,DEAL,PLACE,9099,BUY_LIMIT,L,7,ENT,1.12397,0.00000
7,91,1791345707072,DEAL,FILL,9094,BUY_LIMIT,L,6,ENT,1.12464,0.00000
7,91,1791345707072,DEAL,REMOVE,9095,SELL_LIMIT,L,5,EXT,1.12634,0.00000
7,92,1791345704642,SYNC,REMOVE,9098,SELL_LIMIT,L,6,EXT,1.12567,0.00000
7,92,1791345707115,ENGINE,PLACE,9100,SELL_LIMIT,L,6,EXT,1.12567,0.00000
7,92,1791346901157,DEAL,FILL,9096,BUY_LIMIT,S,4,EXT,1.12434,0.00000
7,93,1791346901917,ENGINE,MODIFY,9097,SELL_LIMIT,S,11,ENT,1.12529,1.12599
7,93,1791346903205,ENGINE,PLACE,9101,BUY_LIMIT,S,10,EXT,1.12363,0.00000
7,95,1791348871820,DEAL,PLACE,9102,SELL_LIMIT,L,7,EXT,1.12497,0.00000
7,95,1791348873107,DEAL,FILL,9099,BUY_LIMIT,L,7,ENT,1.12397,0.00000
7,95,1791348873107,DEAL,REMOVE,9100,SELL_LIMIT,L,6,EXT,1.12567,0.00000
7,96,1791348871962,SYNC,REMOVE,9102,SELL_LIMIT,L,7,EXT,1.12497,0.00000
7,96,1791348873150,ENGINE,PLACE,9103,SELL_LIMIT,L,7,EXT,1.12497,0.00000
7,96,1791349441405,DEAL,FILL,9101,BUY_LIMIT,S,10,EXT,1.12363,0.00000
7,97,1791349444354,ENGINE,PLACE,9104,BUY_LIMIT,S,9,EXT,1.12290,0.00000
7,97,1791349445641,ENGINE,REMOVE,9097,SELL_LIMIT,S,11,ENT,1.12529,0.00000
7,99,1791349456195,ENGINE,PLACE,9105,SELL_LIMIT,S,10,ENT,1.12456,0.00000
8,-1,1791350283005,SEED,PLACE,1979967856,SELL_LIMIT,L,0,EXT,1.13277,0.00000
8,-1,1791350283005,SEED,PLACE,1991677410,SELL_LIMIT,L,7,EXT,1.12497,0.00000
8,-1,1791350283005,SEED,PLACE,1990102658,BUY_LIMIT,S,8,EXT,1.12150,0.00000
8,-1,1791350283005,SEED,PLACE,1991707921,BUY_LIMIT,S,9,EXT,1.12290,0.00000
8,-1,1791350283005,SEED,PLACE,1991707961,SELL_LIMIT,S,10,ENT,1.12456,0.00000
9,-1,1791350480000,SEED,PLACE,1979967856,SELL_LIMIT,L,0,EXT,1.13277,0.00000
9,-1,1791350480000,SEED,PLACE,1991677410,SELL_LIMIT,L,7,EXT,1.12497,0.00000
9,-1,1791350480000,SEED,PLACE,1990102658,BUY_LIMIT,S,8,EXT,1.12150,0.00000
9,-1,1791350480000,SEED,PLACE,1991707921,BUY_LIMIT,S,9,EXT,1.12290,0.00000
9,-1,1791350480000,SEED,PLACE,1991707961,SELL_LIMIT,S,10,ENT,1.12456,0.00000
9,-1,1791358042876,DEAL,FILL,1991707921,BUY_LIMIT,S,9,EXT,1.12290,0.00000
9,0,1791358044614,ENGINE,PLACE,9000,BUY_LIMIT,S,1,EXT,1.12221,0.00000
9,0,1791358045901,ENGINE,REMOVE,1991707961,SELL_LIMIT,S,10,ENT,1.12456,0.00000
9,2,1791358046221,ENGINE,PLACE,9001,SELL_LIMIT,S,9,ENT,1.12386,0.00000
9,2,1791365153018,DEAL,FILL,9000,BUY_LIMIT,S,1,EXT,1.12221,0.00000
9,3,1791365153564,ENGINE,MODIFY,9001,SELL_LIMIT,S,9,ENT,1.12316,1.12386
9,5,1791365724019,DEAL,PLACE,9002,BUY_LIMIT,S,9,EXT,1.12218,0.00000
9,5,1791365725306,DEAL,PLACE,9003,SELL_LIMIT,S,10,ENT,1.12388,0.00000
9,5,1791365726593,DEAL,FILL,9001,SELL_LIMIT,S,9,ENT,1.12316,0.00000
9,6,1791365724158,SYNC,REMOVE,9002,BUY_LIMIT,S,9,EXT,1.12218,0.00000
9,6,1791365726593,ENGINE,PLACE,9004,BUY_LIMIT,S,9,EXT,1.12218,0.00000
9,6,1791368120071,DEAL,FILL,9004,BUY_LIMIT,S,9,EXT,1.12218,0.00000
9,7,1791368121404,ENGINE,REMOVE,9003,SELL_LIMIT,S,10,ENT,1.12388,0.00000
9,9,1791368122815,ENGINE,PLACE,9005,SELL_LIMIT,S,9,ENT,1.12316,0.00000
9,9,1791368477217,DEAL,FILL,1990102658,BUY_LIMIT,S,8,EXT,1.12150,0.00000
9,11,1791368477348,LATTICE,PLACE,9008,SELL_LIMIT,L,4,EXT,1.12311,0.00000
9,11,1791368478635,LATTICE,REMOVE,1991677410,SELL_LIMIT,L,7,EXT,1.12497,0.00000
9,11,1791368478678,ENGINE,PLACE,9009,SELL_LIMIT,S,0,ENT,1.12170,0.00000
9,11,1791368479965,ENGINE,REMOVE,9005,SELL_LIMIT,S,9,ENT,1.12316,0.00000
9,15,1791368516544,ENGINE,MODIFY,9009,SELL_LIMIT,S,0,ENT,1.12147,1.12170
9,15,1791368623488,DEAL,PLACE,9010,BUY_LIMIT,S,0,EXT,1.12047,0.00000
9,15,1791368624775,DEAL,PLACE,9011,SELL_LIMIT,S,1,ENT,1.12217,0.00000
9,15,1791368626062,DEAL,FILL,9009,SELL_LIMIT,S,0,ENT,1.12147,0.00000
9,16,1791368625232,SYNC,REMOVE,9010,BUY_LIMIT,S,0,EXT,1.12047,0.00000
9,16,1791368626062,ENGINE,PLACE,9012,BUY_LIMIT,S,0,EXT,1.12047,0.00000
9,16,1791369624024,DEAL,FILL,9012,BUY_LIMIT,S,0,EXT,1.12047,0.00000
9,18,1791369625779,LATTICE,PLACE,9014,SELL_LIMIT,L,6,EXT,1.12147,0.00000
9,18,1791369627066,LATTICE,REMOVE,9008,SELL_LIMIT,L,4,EXT,1.12311,0.00000
9,18,1791369627109,ENGINE,PLACE,9015,SELL_LIMIT,S,0,ENT,1.12067,0.00000
9,18,1791369628396,ENGINE,REMOVE,9011,SELL_LIMIT,S,1,ENT,1.12217,0.00000
9,21,1791369736529,DEAL,PLACE,9016,BUY_LIMIT,S,0,EXT,1.11968,0.00000
9,21,1791369737816,DEAL,PLACE,9017,SELL_LIMIT,S,1,ENT,1.12138,0.00000
9,21,1791369739103,DEAL,FILL,9015,SELL_LIMIT,S,0,ENT,1.12067,0.00000
9,22,1791369737074,SYNC,REMOVE,9016,BUY_LIMIT,S,0,EXT,1.11968,0.00000
9,22,1791369739103,ENGINE,PLACE,9018,BUY_LIMIT,S,0,EXT,1.11968,0.00000
9,22,1791370392172,DEAL,FILL,9018,BUY_LIMIT,S,0,EXT,1.11968,0.00000
9,24,1791370392716,LATTICE,PLACE,9019,SELL_LIMIT,L,7,EXT,1.12077,0.00000
9,24,1791370394003,LATTICE,REMOVE,9014,SELL_LIMIT,L,6,EXT,1.12147,0.00000
9,24,1791370394046,ENGINE,PLACE,9020,SELL_LIMIT,S,0,ENT,1.11968,0.00000
9,24,1791370395333,ENGINE,REMOVE,9017,SELL_LIMIT,S,1,ENT,1.12138,0.00000
9,26,1791370406806,ENGINE,MODIFY,9020,SELL_LIMIT,S,0,ENT,1.11943,1.11968
9,27,1791370439228,LATTICE,MODIFY,1979967856,SELL_LIMIT,L,0,EXT,1.12080,1.13277
9,27,1791370440516,LATTICE,PLACE,9021,SELL_LIMIT,L,1,EXT,1.13207,0.00000
9,27,1791370441803,LATTICE,REMOVE,9019,SELL_LIMIT,L,7,EXT,1.12077,0.00000
9,27,1791370456517,ENGINE,MODIFY,9020,SELL_LIMIT,S,0,ENT,1.11921,1.11943
9,27,1791370465634,DEAL,PLACE,9022,BUY_LIMIT,S,0,EXT,1.11819,0.00000
9,27,1791370466921,DEAL,PLACE,9023,SELL_LIMIT,S,1,ENT,1.11989,0.00000
9,27,1791370468208,DEAL,FILL,9020,SELL_LIMIT,S,0,ENT,1.11921,0.00000
9,28,1791370466391,SYNC,REMOVE,9022,BUY_LIMIT,S,0,EXT,1.11819,0.00000
9,28,1791370468208,ENGINE,PLACE,9024,BUY_LIMIT,S,0,EXT,1.11819,0.00000
9,28,1791370628393,DEAL,FILL,9024,BUY_LIMIT,S,0,EXT,1.11819,0.00000
9,29,1791370628536,LATTICE,MODIFY,9021,SELL_LIMIT,L,1,EXT,1.12010,1.13207
9,29,1791370629824,LATTICE,PLACE,9025,SELL_LIMIT,L,2,EXT,1.12451,0.00000
9,29,1791370631111,LATTICE,REMOVE,1979967856,SELL_LIMIT,L,0,EXT,1.12080,0.00000
9,29,1791370631154,ENGINE,PLACE,9026,SELL_LIMIT,S,0,ENT,1.11847,0.00000
9,29,1791370632441,ENGINE,REMOVE,9023,SELL_LIMIT,S,1,ENT,1.11989,0.00000
9,32,1791370642443,DEAL,PLACE,9027,BUY_LIMIT,S,0,EXT,1.11748,0.00000
9,32,1791370643730,DEAL,PLACE,9028,SELL_LIMIT,S,1,ENT,1.11918,0.00000
9,32,1791370645017,DEAL,FILL,9026,SELL_LIMIT,S,0,ENT,1.11847,0.00000
9,33,1791370642586,SYNC,REMOVE,9027,BUY_LIMIT,S,0,EXT,1.11748,0.00000
9,33,1791370645017,ENGINE,PLACE,9029,BUY_LIMIT,S,0,EXT,1.11748,0.00000
9,33,1791370806938,DEAL,PLACE,9030,BUY_LIMIT,S,1,EXT,1.11818,0.00000
9,33,1791370808225,DEAL,PLACE,9031,SELL_LIMIT,S,2,ENT,1.11988,0.00000
9,33,1791370809512,DEAL,FILL,9028,SELL_LIMIT,S,1,ENT,1.11918,0.00000
9,34,1791370807481,SYNC,REMOVE,9030,BUY_LIMIT,S,1,EXT,1.11818,0.00000
9,34,1791370809512,ENGINE,PLACE,9032,BUY_LIMIT,S,1,EXT,1.11818,0.00000
9,34,1791371781316,DEAL,FILL,9032,BUY_LIMIT,S,1,EXT,1.11818,0.00000
9,35,1791371782462,ENGINE,REMOVE,9031,SELL_LIMIT,S,2,ENT,1.11988,0.00000
9,35,1791371782659,ENGINE,PLACE,9033,SELL_LIMIT,S,1,ENT,1.11918,0.00000
9,37,1791372089490,DEAL,PLACE,9034,BUY_LIMIT,S,1,EXT,1.11820,0.00000
9,37,1791372090777,DEAL,PLACE,9035,SELL_LIMIT,S,2,ENT,1.11990,0.00000
9,37,1791372092064,DEAL,FILL,9033,SELL_LIMIT,S,1,ENT,1.11918,0.00000
9,38,1791372089631,SYNC,REMOVE,9034,BUY_LIMIT,S,1,EXT,1.11820,0.00000
9,38,1791372092064,ENGINE,PLACE,9036,BUY_LIMIT,S,1,EXT,1.11820,0.00000
9,38,1791373556610,DEAL,PLACE,9037,BUY_LIMIT,S,2,EXT,1.11890,0.00000
9,38,1791373557897,DEAL,PLACE,9038,SELL_LIMIT,S,3,ENT,1.12060,0.00000
9,38,1791373559184,DEAL,FILL,9035,SELL_LIMIT,S,2,ENT,1.11990,0.00000
9,38,1791373559184,DEAL,REMOVE,9036,BUY_LIMIT,S,1,EXT,1.11820,0.00000
9,39,1791373558965,SYNC,REMOVE,9037,BUY_LIMIT,S,2,EXT,1.11890,0.00000
9,39,1791373559227,ENGINE,PLACE,9039,BUY_LIMIT,S,2,EXT,1.11890,0.00000
9,39,1791374538088,DEAL,FILL,9021,SELL_LIMIT,L,1,EXT,1.12010,0.00000
9,40,1791374538234,ENGINE,PLACE,9040,SELL_LIMIT,L,0,EXT,1.12080,0.00000
9,40,1791374539521,ENGINE,PLACE,9041,BUY_LIMIT,L,8,ENT,1.11837,0.00000
9,42,1791376233780,DEAL,FILL,9039,BUY_LIMIT,S,2,EXT,1.11890,0.00000
9,43,1791376233922,ENGINE,PLACE,9042,BUY_LIMIT,S,1,EXT,1.11820,0.00000
9,43,1791376235209,ENGINE,REMOVE,9038,SELL_LIMIT,S,3,ENT,1.12060,0.00000
9,45,1791376235327,ENGINE,PLACE,9043,SELL_LIMIT,S,2,ENT,1.11990,0.00000
9,45,1791383270009,DEAL,PLACE,9044,SELL_LIMIT,L,8,EXT,1.11938,0.00000
9,45,1791383271296,DEAL,REMOVE,9040,SELL_LIMIT,L,0,EXT,1.12080,0.00000
9,45,1791383271339,DEAL,FILL,9041,BUY_LIMIT,L,8,ENT,1.11837,0.00000
9,46,1791383273164,SYNC,REMOVE,9044,SELL_LIMIT,L,8,EXT,1.11938,0.00000
9,46,1791383273164,ENGINE,PLACE,9045,SELL_LIMIT,L,8,EXT,1.11938,0.00000
9,46,1791383766760,DEAL,FILL,9042,BUY_LIMIT,S,1,EXT,1.11820,0.00000
9,47,1791383767500,ENGINE,REMOVE,9043,SELL_LIMIT,S,2,ENT,1.11990,0.00000
9,47,1791383767701,ENGINE,PLACE,9046,SELL_LIMIT,S,1,ENT,1.11918,0.00000
9,49,1791385838469,DEAL,FILL,9029,BUY_LIMIT,S,0,EXT,1.11748,0.00000
9,50,1791385840828,LATTICE,MODIFY,9045,SELL_LIMIT,L,8,EXT,1.11868,1.11938
9,50,1791385842116,ENGINE,PLACE,9047,SELL_LIMIT,S,0,ENT,1.11762,0.00000
9,50,1791385843403,ENGINE,REMOVE,9046,SELL_LIMIT,S,1,ENT,1.11918,0.00000
9,53,1791385914110,DEAL,PLACE,9048,BUY_LIMIT,S,0,EXT,1.11663,0.00000
9,53,1791385915397,DEAL,PLACE,9049,SELL_LIMIT,S,1,ENT,1.11833,0.00000
9,53,1791385916684,DEAL,FILL,9047,SELL_LIMIT,S,0,ENT,1.11762,0.00000
9,54,1791385914253,SYNC,REMOVE,9048,BUY_LIMIT,S,0,EXT,1.11663,0.00000
9,54,1791385916684,ENGINE,PLACE,9050,BUY_LIMIT,S,0,EXT,1.11663,0.00000
9,54,1791386683597,DEAL,FILL,9050,BUY_LIMIT,S,0,EXT,1.11663,0.00000
9,55,1791386684132,LATTICE,MODIFY,9025,SELL_LIMIT,L,2,EXT,1.11822,1.12451
9,55,1791386685420,LATTICE,PLACE,9051,SELL_LIMIT,L,3,EXT,1.12381,0.00000
9,55,1791386686707,LATTICE,REMOVE,9045,SELL_LIMIT,L,8,EXT,1.11868,0.00000
9,55,1791386686750,ENGINE,PLACE,9052,SELL_LIMIT,S,0,ENT,1.11680,0.00000
9,55,1791386688037,ENGINE,REMOVE,9049,SELL_LIMIT,S,1,ENT,1.11833,0.00000
9,58,1791386711708,DEAL,PLACE,9053,BUY_LIMIT,S,0,EXT,1.11581,0.00000
9,58,1791386712995,DEAL,PLACE,9054,SELL_LIMIT,S,1,ENT,1.11751,0.00000
9,58,1791386714282,DEAL,FILL,9052,SELL_LIMIT,S,0,ENT,1.11680,0.00000
9,59,1791386744821,SYNC,REMOVE,9053,BUY_LIMIT,S,0,EXT,1.11581,0.00000
9,59,1791386744821,ENGINE,MODIFY,9054,SELL_LIMIT,S,1,ENT,1.11755,1.11751
9,59,1791386746109,ENGINE,PLACE,9055,BUY_LIMIT,S,0,EXT,1.11585,0.00000
9,59,1791388827041,DEAL,PLACE,9056,BUY_LIMIT,S,1,EXT,1.11655,0.00000
9,59,1791388828328,DEAL,PLACE,9057,SELL_LIMIT,S,2,ENT,1.11825,0.00000
9,59,1791388829615,DEAL,FILL,9054,SELL_LIMIT,S,1,ENT,1.11755,0.00000
9,60,1791388827579,SYNC,REMOVE,9056,BUY_LIMIT,S,1,EXT,1.11655,0.00000
9,60,1791388829615,ENGINE,PLACE,9058,BUY_LIMIT,S,1,EXT,1.11655,0.00000
9,60,1791389942249,DEAL,FILL,9025,SELL_LIMIT,L,2,EXT,1.11822,0.00000
9,61,1791389942399,ENGINE,PLACE,9059,SELL_LIMIT,L,8,EXT,1.11868,0.00000
9,61,1791389943686,ENGINE,PLACE,9060,BUY_LIMIT,L,9,ENT,1.11698,0.00000
9,63,1791389945003,ENGINE,MODIFY,9057,SELL_LIMIT,S,2,ENT,1.11826,1.11825
9,63,1791389946291,DEAL,PLACE,9061,BUY_LIMIT,S,2,EXT,1.11726,0.00000
9,63,1791389947578,DEAL,PLACE,9062,SELL_LIMIT,S,3,ENT,1.11896,0.00000
9,63,1791389948865,DEAL,FILL,9057,SELL_LIMIT,S,2,ENT,1.11825,0.00000
9,63,1791389948865,DEAL,REMOVE,9058,BUY_LIMIT,S,1,EXT,1.11655,0.00000
9,64,1791389945409,SYNC,REMOVE,9061,BUY_LIMIT,S,2,EXT,1.11726,0.00000
9,64,1791389948908,ENGINE,PLACE,9063,BUY_LIMIT,S,2,EXT,1.11726,0.00000
9,64,1791392397551,DEAL,FILL,9059,SELL_LIMIT,L,8,EXT,1.11868,0.00000
9,65,1791392398099,ENGINE,PLACE,9064,SELL_LIMIT,L,0,EXT,1.12080,0.00000
9,65,1791392399386,ENGINE,REMOVE,9060,BUY_LIMIT,L,9,ENT,1.11698,0.00000
9,67,1791392400106,ENGINE,PLACE,9065,BUY_LIMIT,L,8,ENT,1.11837,0.00000
9,67,1791392501969,DEAL,PLACE,9066,BUY_LIMIT,S,3,EXT,1.11795,0.00000
9,67,1791392503256,DEAL,PLACE,9067,SELL_LIMIT,S,4,ENT,1.11965,0.00000
9,67,1791392504543,DEAL,FILL,9062,SELL_LIMIT,S,3,ENT,1.11896,0.00000
9,67,1791392504543,DEAL,REMOVE,9063,BUY_LIMIT,S,2,EXT,1.11726,0.00000
9,68,1791392502304,SYNC,REMOVE,9066,BUY_LIMIT,S,3,EXT,1.11795,0.00000
9,68,1791392504586,ENGINE,PLACE,9068,BUY_LIMIT,S,3,EXT,1.11795,0.00000
9,68,1791392625082,DEAL,PLACE,9069,SELL_LIMIT,L,8,EXT,1.11932,0.00000
9,68,1791392626369,DEAL,PLACE,9070,BUY_LIMIT,L,9,ENT,1.11762,0.00000
9,68,1791392627656,DEAL,REMOVE,9064,SELL_LIMIT,L,0,EXT,1.12080,0.00000
9,68,1791392627699,DEAL,FILL,9065,BUY_LIMIT,L,8,ENT,1.11837,0.00000
9,69,1791392625225,SYNC,REMOVE,9069,SELL_LIMIT,L,8,EXT,1.11932,0.00000
9,69,1791392627699,ENGINE,PLACE,9071,SELL_LIMIT,L,8,EXT,1.11932,0.00000
9,69,1791392779414,DEAL,FILL,9068,BUY_LIMIT,S,3,EXT,1.11795,0.00000
9,70,1791392779757,ENGINE,PLACE,9072,BUY_LIMIT,S,2,EXT,1.11726,0.00000
9,70,1791392781044,ENGINE,REMOVE,9067,SELL_LIMIT,S,4,ENT,1.11965,0.00000
9,72,1791392781087,ENGINE,PLACE,9073,SELL_LIMIT,S,3,ENT,1.11896,0.00000
9,72,1791394791719,DEAL,PLACE,9074,BUY_LIMIT,S,3,EXT,1.11797,0.00000
9,72,1791394793006,DEAL,PLACE,9075,SELL_LIMIT,S,4,ENT,1.11967,0.00000
9,72,1791394794293,DEAL,REMOVE,9072,BUY_LIMIT,S,2,EXT,1.11726,0.00000
9,72,1791394794336,DEAL,FILL,9073,SELL_LIMIT,S,3,ENT,1.11896,0.00000
9,73,1791394791867,SYNC,REMOVE,9074,BUY_LIMIT,S,3,EXT,1.11797,0.00000
9,73,1791394794336,ENGINE,PLACE,9076,BUY_LIMIT,S,3,EXT,1.11797,0.00000
9,73,1791395472363,DEAL,FILL,9071,SELL_LIMIT,L,8,EXT,1.11932,0.00000
9,74,1791395472700,ENGINE,PLACE,9077,SELL_LIMIT,L,0,EXT,1.12080,0.00000
9,74,1791395473987,ENGINE,REMOVE,9070,BUY_LIMIT,L,9,ENT,1.11762,0.00000
9,76,1791395474500,ENGINE,PLACE,9078,BUY_LIMIT,L,8,ENT,1.11837,0.00000
9,76,1791396795378,DEAL,PLACE,9079,BUY_LIMIT,S,4,EXT,1.11879,0.00000
9,76,1791396796665,DEAL,PLACE,9080,SELL_LIMIT,S,5,ENT,1.12049,0.00000
9,76,1791396797952,DEAL,FILL,9075,SELL_LIMIT,S,4,ENT,1.11967,0.00000
9,76,1791396797952,DEAL,REMOVE,9076,BUY_LIMIT,S,3,EXT,1.11797,0.00000
9,77,1791396795710,SYNC,REMOVE,9079,BUY_LIMIT,S,4,EXT,1.11879,0.00000
9,77,1791396797995,ENGINE,PLACE,9081,BUY_LIMIT,S,4,EXT,1.11879,0.00000
9,77,1791397574369,DEAL,FILL,9081,BUY_LIMIT,S,4,EXT,1.11879,0.00000
9,78,1791397574511,ENGINE,PLACE,9082,BUY_LIMIT,S,3,EXT,1.11797,0.00000
9,78,1791397575798,ENGINE,REMOVE,9080,SELL_LIMIT,S,5,ENT,1.12049,0.00000
9,80,1791397576121,ENGINE,PLACE,9083,SELL_LIMIT,S,4,ENT,1.11967,0.00000
9,80,1791398976738,DEAL,PLACE,9084,SELL_LIMIT,L,8,EXT,1.11935,0.00000
9,80,1791398978025,DEAL,PLACE,9085,BUY_LIMIT,L,9,ENT,1.11765,0.00000
9,80,1791398979312,DEAL,REMOVE,9077,SELL_LIMIT,L,0,EXT,1.12080,0.00000
9,80,1791398979355,DEAL,FILL,9078,BUY_LIMIT,L,8,ENT,1.11837,0.00000
9,81,1791398978298,SYNC,REMOVE,9084,SELL_LIMIT,L,8,EXT,1.11935,0.00000
9,81,1791398979355,ENGINE,PLACE,9086,SELL_LIMIT,L,8,EXT,1.11935,0.00000
9,81,1791400065219,DEAL,FILL,9086,SELL_LIMIT,L,8,EXT,1.11935,0.00000
9,82,1791400065359,ENGINE,PLACE,9087,SELL_LIMIT,L,0,EXT,1.12080,0.00000
9,82,1791400066646,ENGINE,REMOVE,9085,BUY_LIMIT,L,9,ENT,1.11765,0.00000
9,84,1791400066765,ENGINE,PLACE,9088,BUY_LIMIT,L,8,ENT,1.11837,0.00000
9,84,1791400732791,DEAL,PLACE,9089,BUY_LIMIT,S,4,EXT,1.11869,0.00000
9,84,1791400734078,DEAL,PLACE,9090,SELL_LIMIT,S,5,ENT,1.12039,0.00000
9,84,1791400735365,DEAL,REMOVE,9082,BUY_LIMIT,S,3,EXT,1.11797,0.00000
9,84,1791400735408,DEAL,FILL,9083,SELL_LIMIT,S,4,ENT,1.11967,0.00000
9,85,1791400732928,SYNC,REMOVE,9089,BUY_LIMIT,S,4,EXT,1.11869,0.00000
9,85,1791400735408,ENGINE,PLACE,9091,BUY_LIMIT,S,4,EXT,1.11869,0.00000
9,85,1791417020000,TIMER,MODIFY,9051,SELL_LIMIT,L,3,EXT,1.12373,1.12381
9,85,1791417021288,TIMER,MODIFY,9087,SELL_LIMIT,L,0,EXT,1.12072,1.12080
9,85,1791417200000,TIMER,MODIFY,9055,BUY_LIMIT,S,0,EXT,1.11586,1.11585
9,85,1791417320000,TIMER,MODIFY,9091,BUY_LIMIT,S,4,EXT,1.11870,1.11869
9,85,1791434485884,DEAL,PLACE,9092,BUY_LIMIT,S,5,EXT,1.11939,0.00000
9,85,1791434487171,DEAL,PLACE,9093,SELL_LIMIT,S,6,ENT,1.12109,0.00000
9,85,1791434488458,DEAL,FILL,9090,SELL_LIMIT,S,5,ENT,1.12039,0.00000
9,85,1791434488458,DEAL,REMOVE,9091,BUY_LIMIT,S,4,EXT,1.11870,0.00000
9,86,1791434486633,SYNC,REMOVE,9092,BUY_LIMIT,S,5,EXT,1.11939,0.00000
9,86,1791434488501,ENGINE,PLACE,9094,BUY_LIMIT,S,5,EXT,1.11939,0.00000
9,86,1791434950848,DEAL,FILL,9087,SELL_LIMIT,L,0,EXT,1.12072,0.00000
9,87,1791434950990,ENGINE,MODIFY,9088,BUY_LIMIT,L,8,ENT,1.11907,1.11837
9,87,1791434952278,ENGINE,PLACE,9095,SELL_LIMIT,L,7,EXT,1.12085,0.00000
9,89,1791435510877,DEAL,FILL,9095,SELL_LIMIT,L,7,EXT,1.12085,0.00000
9,90,1791435511625,ENGINE,PLACE,9096,SELL_LIMIT,L,6,EXT,1.12155,0.00000
9,90,1791435512912,ENGINE,REMOVE,9088,BUY_LIMIT,L,8,ENT,1.11907,0.00000
9,92,1791435514827,ENGINE,PLACE,9097,BUY_LIMIT,L,7,ENT,1.11977,0.00000
9,92,1791436501147,DEAL,PLACE,9098,BUY_LIMIT,S,6,EXT,1.12009,0.00000
9,92,1791436502434,DEAL,PLACE,9099,SELL_LIMIT,S,7,ENT,1.12179,0.00000
9,92,1791436503721,DEAL,FILL,9093,SELL_LIMIT,S,6,ENT,1.12109,0.00000
9,92,1791436503721,DEAL,REMOVE,9094,BUY_LIMIT,S,5,EXT,1.11939,0.00000
9,93,1791436501887,SYNC,REMOVE,9098,BUY_LIMIT,S,6,EXT,1.12009,0.00000
9,93,1791436503764,ENGINE,PLACE,9100,BUY_LIMIT,S,6,EXT,1.12009,0.00000
9,93,1791439279787,DEAL,FILL,9100,BUY_LIMIT,S,6,EXT,1.12009,0.00000
9,94,1791439280734,ENGINE,PLACE,9101,BUY_LIMIT,S,5,EXT,1.11939,0.00000
9,94,1791439282021,ENGINE,REMOVE,9099,SELL_LIMIT,S,7,ENT,1.12179,0.00000
9,96,1791439282138,ENGINE,PLACE,9102,SELL_LIMIT,S,6,ENT,1.12109,0.00000
9,96,1791449451159,DEAL,PLACE,9103,SELL_LIMIT,L,7,EXT,1.12075,0.00000
9,96,1791449452446,DEAL,PLACE,9104,BUY_LIMIT,L,8,ENT,1.11905,0.00000
9,96,1791449453733,DEAL,REMOVE,9096,SELL_LIMIT,L,6,EXT,1.12155,0.00000
9,96,1791449453776,DEAL,FILL,9097,BUY_LIMIT,L,7,ENT,1.11977,0.00000
9,97,1791449451488,SYNC,REMOVE,9103,SELL_LIMIT,L,7,EXT,1.12075,0.00000
9,97,1791449453776,ENGINE,PLACE,9105,SELL_LIMIT,L,7,EXT,1.12075,0.00000
9,97,1791449696070,DEAL,FILL,9101,BUY_LIMIT,S,5,EXT,1.11939,0.00000
9,98,1791449696425,ENGINE,PLACE,9106,BUY_LIMIT,S,4,EXT,1.11870,0.00000
9,98,1791449697712,ENGINE,REMOVE,9102,SELL_LIMIT,S,6,ENT,1.12109,0.00000
9,100,1791449699035,ENGINE,PLACE,9107,SELL_LIMIT,S,5,ENT,1.12039,0.00000
9,100,1791450426910,DEAL,PLACE,9108,SELL_LIMIT,L,8,EXT,1.12005,0.00000
9,100,1791450428197,DEAL,PLACE,9109,BUY_LIMIT,L,9,ENT,1.11835,0.00000
9,100,1791450429484,DEAL,FILL,9104,BUY_LIMIT,L,8,ENT,1.11905,0.00000
9,100,1791450429484,DEAL,REMOVE,9105,SELL_LIMIT,L,7,EXT,1.12075,0.00000
9,101,1791450427451,SYNC,REMOVE,9108,SELL_LIMIT,L,8,EXT,1.12005,0.00000
9,101,1791450429527,ENGINE,PLACE,9110,SELL_LIMIT,L,8,EXT,1.12005,0.00000
9,101,1791451397935,DEAL,FILL,9110,SELL_LIMIT,L,8,EXT,1.12005,0.00000
9,102,1791451398079,ENGINE,PLACE,9111,SELL_LIMIT,L,7,EXT,1.12075,0.00000
9,102,1791451399366,ENGINE,REMOVE,9109,BUY_LIMIT,L,9,ENT,1.11835,0.00000
9,104,1791451399482,ENGINE,PLACE,9112,BUY_LIMIT,L,8,ENT,1.11905,0.00000
9,104,1791452485936,DEAL,PLACE,9113,BUY_LIMIT,S,5,EXT,1.11940,0.00000
9,104,1791452487223,DEAL,PLACE,9114,SELL_LIMIT,S,6,ENT,1.12110,0.00000
9,104,1791452488510,DEAL,REMOVE,9106,BUY_LIMIT,S,4,EXT,1.11870,0.00000
9,104,1791452488553,DEAL,FILL,9107,SELL_LIMIT,S,5,ENT,1.12039,0.00000
9,105,1791452486284,SYNC,REMOVE,9113,BUY_LIMIT,S,5,EXT,1.11940,0.00000
9,105,1791452488553,ENGINE,PLACE,9115,BUY_LIMIT,S,5,EXT,1.11940,0.00000
9,105,1791453370713,DEAL,FILL,9115,BUY_LIMIT,S,5,EXT,1.11940,0.00000
9,106,1791453371452,ENGINE,PLACE,9116,BUY_LIMIT,S,4,EXT,1.11870,0.00000
9,106,1791453372739,ENGINE,REMOVE,9114,SELL_LIMIT,S,6,ENT,1.12110,0.00000
9,108,1791453372867,ENGINE,PLACE,9117,SELL_LIMIT,S,5,ENT,1.12039,0.00000
9,108,1791453603769,DEAL,PLACE,9118,SELL_LIMIT,L,8,EXT,1.12005,0.00000
9,108,1791453605056,DEAL,PLACE,9119,BUY_LIMIT,L,9,ENT,1.11835,0.00000
9,108,1791453606343,DEAL,REMOVE,9111,SELL_LIMIT,L,7,EXT,1.12075,0.00000
9,108,1791453606386,DEAL,FILL,9112,BUY_LIMIT,L,8,ENT,1.11905,0.00000
9,109,1791453605113,SYNC,REMOVE,9118,SELL_LIMIT,L,8,EXT,1.12005,0.00000
9,109,1791453606386,ENGINE,PLACE,9120,SELL_LIMIT,L,8,EXT,1.12005,0.00000
9,109,1791453666881,DEAL,FILL,9116,BUY_LIMIT,S,4,EXT,1.11870,0.00000
9,110,1791453667420,ENGINE,PLACE,9121,BUY_LIMIT,S,3,EXT,1.11798,0.00000
9,110,1791453668707,ENGINE,REMOVE,9117,SELL_LIMIT,S,5,ENT,1.12039,0.00000
9,112,1791453669039,ENGINE,PLACE,9122,SELL_LIMIT,S,4,ENT,1.11967,0.00000
9,112,1791453996364,DEAL,PLACE,9123,SELL_LIMIT,L,9,EXT,1.11930,0.00000
9,112,1791453997651,DEAL,PLACE,9124,BUY_LIMIT,L,10,ENT,1.11760,0.00000
9,112,1791453998938,DEAL,FILL,9119,BUY_LIMIT,L,9,ENT,1.11835,0.00000
9,112,1791453998938,DEAL,REMOVE,9120,SELL_LIMIT,L,8,EXT,1.12005,0.00000
9,113,1791453996907,SYNC,REMOVE,9123,SELL_LIMIT,L,9,EXT,1.11930,0.00000
9,113,1791453998981,ENGINE,PLACE,9125,SELL_LIMIT,L,9,EXT,1.11930,0.00000
9,113,1791454435072,DEAL,FILL,9125,SELL_LIMIT,L,9,EXT,1.11930,0.00000
9,114,1791454435207,ENGINE,PLACE,9126,SELL_LIMIT,L,8,EXT,1.12005,0.00000
9,114,1791454436494,ENGINE,REMOVE,9124,BUY_LIMIT,L,10,ENT,1.11760,0.00000
9,116,1791454436820,ENGINE,PLACE,9127,BUY_LIMIT,L,9,ENT,1.11835,0.00000
9,116,1791455101011,DEAL,PLACE,9128,BUY_LIMIT,S,4,EXT,1.11866,0.00000
9,116,1791455102298,DEAL,PLACE,9129,SELL_LIMIT,S,5,ENT,1.12036,0.00000
9,116,1791455103585,DEAL,REMOVE,9121,BUY_LIMIT,S,3,EXT,1.11798,0.00000
9,116,1791455103628,DEAL,FILL,9122,SELL_LIMIT,S,4,ENT,1.11967,0.00000
9,117,1791455101152,SYNC,REMOVE,9128,BUY_LIMIT,S,4,EXT,1.11866,0.00000
9,117,1791455103628,ENGINE,PLACE,9130,BUY_LIMIT,S,4,EXT,1.11866,0.00000
9,117,1791459006768,DEAL,FILL,9126,SELL_LIMIT,L,8,EXT,1.12005,0.00000
9,118,1791459007108,ENGINE,PLACE,9131,SELL_LIMIT,L,7,EXT,1.12075,0.00000
9,118,1791459008395,ENGINE,REMOVE,9127,BUY_LIMIT,L,9,ENT,1.11835,0.00000
9,120,1791459008515,ENGINE,PLACE,9132,BUY_LIMIT,L,8,ENT,1.11905,0.00000
9,120,1791459232307,DEAL,PLACE,9133,SELL_LIMIT,L,8,EXT,1.12004,0.00000
9,120,1791459233594,DEAL,PLACE,9134,BUY_LIMIT,L,9,ENT,1.11834,0.00000
9,120,1791459234881,DEAL,REMOVE,9131,SELL_LIMIT,L,7,EXT,1.12075,0.00000
9,120,1791459234924,DEAL,FILL,9132,BUY_LIMIT,L,8,ENT,1.11905,0.00000
9,121,1791459232452,SYNC,REMOVE,9133,SELL_LIMIT,L,8,EXT,1.12004,0.00000
9,121,1791459234924,ENGINE,PLACE,9135,SELL_LIMIT,L,8,EXT,1.12004,0.00000
9,121,1791459447645,DEAL,FILL,9130,BUY_LIMIT,S,4,EXT,1.11866,0.00000
9,122,1791459447986,ENGINE,PLACE,9136,BUY_LIMIT,S,3,EXT,1.11798,0.00000
9,122,1791459449273,ENGINE,REMOVE,9129,SELL_LIMIT,S,5,ENT,1.12036,0.00000
9,124,1791459449399,ENGINE,PLACE,9137,SELL_LIMIT,S,4,ENT,1.11967,0.00000
9,124,1791461551286,DEAL,PLACE,9138,SELL_LIMIT,L,9,EXT,1.11934,0.00000
9,124,1791461552573,DEAL,PLACE,9139,BUY_LIMIT,L,10,ENT,1.11764,0.00000
9,124,1791461553860,DEAL,FILL,9134,BUY_LIMIT,L,9,ENT,1.11834,0.00000
9,124,1791461553860,DEAL,REMOVE,9135,SELL_LIMIT,L,8,EXT,1.12004,0.00000
9,125,1791461551625,SYNC,REMOVE,9138,SELL_LIMIT,L,9,EXT,1.11934,0.00000
9,125,1791461553903,ENGINE,PLACE,9140,SELL_LIMIT,L,9,EXT,1.11934,0.00000
9,125,1791464690419,DEAL,FILL,9136,BUY_LIMIT,S,3,EXT,1.11798,0.00000
9,126,1791464690754,ENGINE,PLACE,9141,BUY_LIMIT,S,2,EXT,1.11727,0.00000
9,126,1791464692041,ENGINE,REMOVE,9137,SELL_LIMIT,S,4,ENT,1.11967,0.00000
9,128,1791464692159,ENGINE,PLACE,9142,SELL_LIMIT,S,3,ENT,1.11896,0.00000
9,128,1791466467000,DEAL,PLACE,9143,SELL_LIMIT,L,10,EXT,1.11862,0.00000
9,128,1791466468287,DEAL,FILL,9139,BUY_LIMIT,L,10,ENT,1.11764,0.00000
9,128,1791466468287,DEAL,REMOVE,9140,SELL_LIMIT,L,9,EXT,1.11934,0.00000
9,129,1791466467141,SYNC,REMOVE,9143,SELL_LIMIT,L,10,EXT,1.11862,0.00000
9,129,1791466468330,ENGINE,PLACE,9144,SELL_LIMIT,L,10,EXT,1.11862,0.00000
9,129,1791467575152,DEAL,FILL,9144,SELL_LIMIT,L,10,EXT,1.11862,0.00000
9,130,1791467575699,ENGINE,PLACE,9145,SELL_LIMIT,L,9,EXT,1.11934,0.00000
9,130,1791467576986,ENGINE,PLACE,9146,BUY_LIMIT,L,10,ENT,1.11764,0.00000
9,132,1791468392799,DEAL,PLACE,9147,SELL_LIMIT,L,10,EXT,1.11861,0.00000
9,132,1791468394086,DEAL,REMOVE,9145,SELL_LIMIT,L,9,EXT,1.11934,0.00000
9,132,1791468394129,DEAL,FILL,9146,BUY_LIMIT,L,10,ENT,1.11764,0.00000
9,133,1791468394141,SYNC,REMOVE,9147,SELL_LIMIT,L,10,EXT,1.11861,0.00000
9,133,1791468394141,ENGINE,PLACE,9148,SELL_LIMIT,L,10,EXT,1.11861,0.00000
9,133,1791470161114,DEAL,FILL,9141,BUY_LIMIT,S,2,EXT,1.11727,0.00000
9,134,1791470163659,ENGINE,PLACE,9149,BUY_LIMIT,S,1,EXT,1.11656,0.00000
9,134,1791470164946,ENGINE,REMOVE,9142,SELL_LIMIT,S,3,ENT,1.11896,0.00000
9,136,1791470165065,ENGINE,PLACE,9150,SELL_LIMIT,S,2,ENT,1.11825,0.00000
9,136,1791470603991,DEAL,PLACE,9151,BUY_LIMIT,S,2,EXT,1.11725,0.00000
9,136,1791470605278,DEAL,PLACE,9152,SELL_LIMIT,S,3,ENT,1.11895,0.00000
9,136,1791470606565,DEAL,REMOVE,9149,BUY_LIMIT,S,1,EXT,1.11656,0.00000
9,136,1791470606608,DEAL,FILL,9150,SELL_LIMIT,S,2,ENT,1.11825,0.00000
9,137,1791470604130,SYNC,REMOVE,9151,BUY_LIMIT,S,2,EXT,1.11725,0.00000
9,137,1791470606608,ENGINE,PLACE,9153,BUY_LIMIT,S,2,EXT,1.11725,0.00000
9,137,1791471999972,DEAL,FILL,9148,SELL_LIMIT,L,10,EXT,1.11861,0.00000
9,138,1791472000109,ENGINE,PLACE,9154,SELL_LIMIT,L,9,EXT,1.11934,0.00000
9,138,1791472001396,ENGINE,PLACE,9155,BUY_LIMIT,L,10,ENT,1.11764,0.00000
9,140,1791472640375,DEAL,PLACE,9156,BUY_LIMIT,S,3,EXT,1.11796,0.00000
9,140,1791472641662,DEAL,PLACE,9157,SELL_LIMIT,S,4,ENT,1.11966,0.00000
9,140,1791472642949,DEAL,FILL,9152,SELL_LIMIT,S,3,ENT,1.11895,0.00000
9,140,1791472642949,DEAL,REMOVE,9153,BUY_LIMIT,S,2,EXT,1.11725,0.00000
9,141,1791472641108,SYNC,REMOVE,9156,BUY_LIMIT,S,3,EXT,1.11796,0.00000
9,141,1791472642992,ENGINE,PLACE,9158,BUY_LIMIT,S,3,EXT,1.11796,0.00000
9,141,1791473106242,DEAL,FILL,9154,SELL_LIMIT,L,9,EXT,1.11934,0.00000
9,142,1791473106380,ENGINE,PLACE,9159,SELL_LIMIT,L,8,EXT,1.12004,0.00000
9,142,1791473107667,ENGINE,REMOVE,9155,BUY_LIMIT,L,10,ENT,1.11764,0.00000
9,144,1791473108594,ENGINE,PLACE,9160,BUY_LIMIT,L,9,ENT,1.11834,0.00000
9,144,1791473340631,DEAL,PLACE,9161,BUY_LIMIT,S,4,EXT,1.11867,0.00000
9,144,1791473341918,DEAL,PLACE,9162,SELL_LIMIT,S,5,ENT,1.12037,0.00000
9,144,1791473343205,DEAL,FILL,9157,SELL_LIMIT,S,4,ENT,1.11966,0.00000
9,144,1791473343205,DEAL,REMOVE,9158,BUY_LIMIT,S,3,EXT,1.11796,0.00000
9,145,1791473340781,SYNC,REMOVE,9161,BUY_LIMIT,S,4,EXT,1.11867,0.00000
9,145,1791473343248,ENGINE,PLACE,9163,BUY_LIMIT,S,4,EXT,1.11867,0.00000
9,145,1791474244570,DEAL,FILL,9163,BUY_LIMIT,S,4,EXT,1.11867,0.00000
9,146,1791474247339,ENGINE,PLACE,9164,BUY_LIMIT,S,3,EXT,1.11796,0.00000
9,146,1791474248626,ENGINE,REMOVE,9162,SELL_LIMIT,S,5,ENT,1.12037,0.00000
9,148,1791474248731,ENGINE,PLACE,9165,SELL_LIMIT,S,4,ENT,1.11966,0.00000
9,148,1791474915820,DEAL,PLACE,9166,SELL_LIMIT,L,9,EXT,1.11933,0.00000
9,148,1791474917107,DEAL,PLACE,9167,BUY_LIMIT,L,10,ENT,1.11763,0.00000
9,148,1791474918394,DEAL,REMOVE,9159,SELL_LIMIT,L,8,EXT,1.12004,0.00000
9,148,1791474918437,DEAL,FILL,9160,BUY_LIMIT,L,9,ENT,1.11834,0.00000
9,149,1791474916161,SYNC,REMOVE,9166,SELL_LIMIT,L,9,EXT,1.11933,0.00000
9,149,1791474918437,ENGINE,PLACE,9168,SELL_LIMIT,L,9,EXT,1.11933,0.00000
9,149,1791475691745,DEAL,FILL,9168,SELL_LIMIT,L,9,EXT,1.11933,0.00000
9,150,1791475692078,ENGINE,PLACE,9169,SELL_LIMIT,L,8,EXT,1.12004,0.00000
9,150,1791475693365,ENGINE,REMOVE,9167,BUY_LIMIT,L,10,ENT,1.11763,0.00000
9,152,1791475694699,ENGINE,PLACE,9170,BUY_LIMIT,L,9,ENT,1.11834,0.00000
9,152,1791477171225,DEAL,PLACE,9171,BUY_LIMIT,S,4,EXT,1.11866,0.00000
9,152,1791477172512,DEAL,PLACE,9172,SELL_LIMIT,S,5,ENT,1.12036,0.00000
9,152,1791477173799,DEAL,REMOVE,9164,BUY_LIMIT,S,3,EXT,1.11796,0.00000
9,152,1791477173842,DEAL,FILL,9165,SELL_LIMIT,S,4,ENT,1.11966,0.00000
9,153,1791477171571,SYNC,REMOVE,9171,BUY_LIMIT,S,4,EXT,1.11866,0.00000
9,153,1791477173842,ENGINE,PLACE,9173,BUY_LIMIT,S,4,EXT,1.11866,0.00000
9,153,1791479275175,DEAL,FILL,9169,SELL_LIMIT,L,8,EXT,1.12004,0.00000
9,154,1791479275314,ENGINE,PLACE,9174,SELL_LIMIT,L,7,EXT,1.12075,0.00000
9,154,1791479276601,ENGINE,REMOVE,9170,BUY_LIMIT,L,9,ENT,1.11834,0.00000
9,156,1791479278733,ENGINE,PLACE,9175,BUY_LIMIT,L,8,ENT,1.11905,0.00000
9,156,1791479928412,DEAL,PLACE,9176,BUY_LIMIT,S,5,EXT,1.11936,0.00000
9,156,1791479929699,DEAL,PLACE,9177,SELL_LIMIT,S,6,ENT,1.12106,0.00000
9,156,1791479930986,DEAL,FILL,9172,SELL_LIMIT,S,5,ENT,1.12036,0.00000
9,156,1791479930986,DEAL,REMOVE,9173,BUY_LIMIT,S,4,EXT,1.11866,0.00000
9,157,1791479929552,SYNC,REMOVE,9176,BUY_LIMIT,S,5,EXT,1.11936,0.00000
9,157,1791479931029,ENGINE,PLACE,9178,BUY_LIMIT,S,5,EXT,1.11936,0.00000
9,157,1791480267983,DEAL,FILL,9174,SELL_LIMIT,L,7,EXT,1.12075,0.00000
9,158,1791480268120,ENGINE,PLACE,9179,SELL_LIMIT,L,6,EXT,1.12155,0.00000
9,158,1791480269407,ENGINE,REMOVE,9175,BUY_LIMIT,L,8,ENT,1.11905,0.00000
9,160,1791480269531,ENGINE,PLACE,9180,BUY_LIMIT,L,7,ENT,1.11977,0.00000
9,160,1791480323677,DEAL,PLACE,9181,BUY_LIMIT,S,6,EXT,1.12007,0.00000
9,160,1791480324964,DEAL,PLACE,9182,SELL_LIMIT,S,7,ENT,1.12177,0.00000
9,160,1791480326251,DEAL,FILL,9177,SELL_LIMIT,S,6,ENT,1.12106,0.00000
9,160,1791480326251,DEAL,REMOVE,9178,BUY_LIMIT,S,5,EXT,1.11936,0.00000
9,161,1791480324022,SYNC,REMOVE,9181,BUY_LIMIT,S,6,EXT,1.12007,0.00000
9,161,1791480326294,ENGINE,PLACE,9183,BUY_LIMIT,S,6,EXT,1.12007,0.00000
9,161,1791480533418,DEAL,FILL,9179,SELL_LIMIT,L,6,EXT,1.12155,0.00000
9,162,1791480534162,ENGINE,PLACE,9184,SELL_LIMIT,L,5,EXT,1.12225,0.00000
9,162,1791480535449,ENGINE,REMOVE,9180,BUY_LIMIT,L,7,ENT,1.11977,0.00000
9,164,1791480535970,ENGINE,PLACE,9185,BUY_LIMIT,L,6,ENT,1.12047,0.00000
9,164,1791480640486,DEAL,PLACE,9186,BUY_LIMIT,S,7,EXT,1.12077,0.00000
9,164,1791480641773,DEAL,FILL,9182,SELL_LIMIT,S,7,ENT,1.12177,0.00000
9,164,1791480641773,DEAL,REMOVE,9183,BUY_LIMIT,S,6,EXT,1.12007,0.00000
9,165,1791480640628,SYNC,REMOVE,9186,BUY_LIMIT,S,7,EXT,1.12077,0.00000
9,165,1791480641816,ENGINE,PLACE,9187,BUY_LIMIT,S,7,EXT,1.12077,0.00000
9,165,1791480830281,DEAL,FILL,9184,SELL_LIMIT,L,5,EXT,1.12225,0.00000
9,166,1791480830419,ENGINE,PLACE,9188,SELL_LIMIT,L,4,EXT,1.12303,0.00000
9,166,1791480831706,ENGINE,REMOVE,9185,BUY_LIMIT,L,6,ENT,1.12047,0.00000
9,168,1791480831835,ENGINE,PLACE,9189,BUY_LIMIT,L,5,ENT,1.12117,0.00000
9,168,1791481985895,DEAL,PLACE,9190,SELL_LIMIT,L,5,EXT,1.12216,0.00000
9,168,1791481987182,DEAL,PLACE,9191,BUY_LIMIT,L,6,ENT,1.12046,0.00000
9,168,1791481988469,DEAL,REMOVE,9188,SELL_LIMIT,L,4,EXT,1.12303,0.00000
9,168,1791481988512,DEAL,FILL,9189,BUY_LIMIT,L,5,ENT,1.12117,0.00000
9,169,1791481986425,SYNC,REMOVE,9190,SELL_LIMIT,L,5,EXT,1.12216,0.00000
9,169,1791481988512,ENGINE,PLACE,9192,SELL_LIMIT,L,5,EXT,1.12216,0.00000
9,169,1791482295970,DEAL,FILL,9187,BUY_LIMIT,S,7,EXT,1.12077,0.00000
9,170,1791482296109,ENGINE,PLACE,9193,BUY_LIMIT,S,6,EXT,1.12007,0.00000
9,170,1791482297396,ENGINE,PLACE,9194,SELL_LIMIT,S,7,ENT,1.12177,0.00000
9,172,1791483290554,DEAL,PLACE,9195,SELL_LIMIT,L,6,EXT,1.12145,0.00000
9,172,1791483291841,DEAL,PLACE,9196,BUY_LIMIT,L,7,ENT,1.11975,0.00000
9,172,1791483293128,DEAL,FILL,9191,BUY_LIMIT,L,6,ENT,1.12046,0.00000
9,172,1791483293128,DEAL,REMOVE,9192,SELL_LIMIT,L,5,EXT,1.12216,0.00000
9,173,1791483290894,SYNC,REMOVE,9195,SELL_LIMIT,L,6,EXT,1.12145,0.00000
9,173,1791483293171,ENGINE,PLACE,9197,SELL_LIMIT,L,6,EXT,1.12145,0.00000
9,173,1791483533693,DEAL,FILL,9193,BUY_LIMIT,S,6,EXT,1.12007,0.00000
9,174,1791483533834,ENGINE,PLACE,9198,BUY_LIMIT,S,5,EXT,1.11936,0.00000
9,174,1791483535121,ENGINE,REMOVE,9194,SELL_LIMIT,S,7,ENT,1.12177,0.00000
9,176,1791483535638,ENGINE,PLACE,9199,SELL_LIMIT,S,6,ENT,1.12106,0.00000
9,176,1791483555991,DEAL,PLACE,9200,SELL_LIMIT,L,7,EXT,1.12074,0.00000
9,176,1791483557278,DEAL,PLACE,9201,BUY_LIMIT,L,8,ENT,1.11904,0.00000
9,176,1791483558565,DEAL,FILL,9196,BUY_LIMIT,L,7,ENT,1.11975,0.00000
9,176,1791483558565,DEAL,REMOVE,9197,SELL_LIMIT,L,6,EXT,1.12145,0.00000
9,177,1791483556133,SYNC,REMOVE,9200,SELL_LIMIT,L,7,EXT,1.12074,0.00000
9,177,1791483558608,ENGINE,PLACE,9202,SELL_LIMIT,L,7,EXT,1.12074,0.00000
9,177,1791485266633,DEAL,FILL,9198,BUY_LIMIT,S,5,EXT,1.11936,0.00000
9,178,1791485267777,ENGINE,PLACE,9203,BUY_LIMIT,S,4,EXT,1.11866,0.00000
9,178,1791485269064,ENGINE,REMOVE,9199,SELL_LIMIT,S,6,ENT,1.12106,0.00000
9,180,1791485269392,ENGINE,PLACE,9204,SELL_LIMIT,S,5,ENT,1.12036,0.00000
9,180,1791485329106,DEAL,PLACE,9205,SELL_LIMIT,L,8,EXT,1.12000,0.00000
9,180,1791485330393,DEAL,PLACE,9206,BUY_LIMIT,L,9,ENT,1.11830,0.00000
9,180,1791485331680,DEAL,FILL,9201,BUY_LIMIT,L,8,ENT,1.11904,0.00000
9,180,1791485331680,DEAL,REMOVE,9202,SELL_LIMIT,L,7,EXT,1.12074,0.00000
9,181,1791485329244,SYNC,REMOVE,9205,SELL_LIMIT,L,8,EXT,1.12000,0.00000
9,181,1791485331723,ENGINE,PLACE,9207,SELL_LIMIT,L,8,EXT,1.12000,0.00000
9,181,1791486492388,DEAL,FILL,9203,BUY_LIMIT,S,4,EXT,1.11866,0.00000
9,182,1791486493334,ENGINE,PLACE,9208,BUY_LIMIT,S,3,EXT,1.11796,0.00000
9,182,1791486494621,ENGINE,REMOVE,9204,SELL_LIMIT,S,5,ENT,1.12036,0.00000
9,184,1791486494937,ENGINE,PLACE,9209,SELL_LIMIT,S,4,ENT,1.11966,0.00000
9,184,1791487037237,DEAL,PLACE,9210,BUY_LIMIT,S,4,EXT,1.11869,0.00000
9,184,1791487038524,DEAL,PLACE,9211,SELL_LIMIT,S,5,ENT,1.12039,0.00000
9,184,1791487039811,DEAL,REMOVE,9208,BUY_LIMIT,S,3,EXT,1.11796,0.00000
9,184,1791487039854,DEAL,FILL,9209,SELL_LIMIT,S,4,ENT,1.11966,0.00000
9,185,1791487042605,SYNC,REMOVE,9210,BUY_LIMIT,S,4,EXT,1.11869,0.00000
9,185,1791487042605,ENGINE,MODIFY,9211,SELL_LIMIT,S,5,ENT,1.12017,1.12039
9,185,1791487043893,ENGINE,PLACE,9212,BUY_LIMIT,S,4,EXT,1.11847,0.00000
9,185,1791487051309,DEAL,FILL,9207,SELL_LIMIT,L,8,EXT,1.12000,0.00000
9,185,1791487051943,CB_DONE,PLACE,9213,SELL_LIMIT,L,7,EXT,1.12074,0.00000
9,185,1791487053230,ENGINE,REMOVE,9206,BUY_LIMIT,L,9,ENT,1.11830,0.00000
9,185,1791487053654,ENGINE,PLACE,9214,BUY_LIMIT,L,8,ENT,1.11904,0.00000
9,188,1791487055059,ENGINE,MODIFY,9211,SELL_LIMIT,S,5,ENT,1.12022,1.12017
9,188,1791487056347,DEAL,PLACE,9215,BUY_LIMIT,S,5,EXT,1.11920,0.00000
9,188,1791487057634,DEAL,PLACE,9216,SELL_LIMIT,S,6,ENT,1.12090,0.00000
9,188,1791487058921,DEAL,FILL,9211,SELL_LIMIT,S,5,ENT,1.12017,0.00000
9,188,1791487058921,DEAL,REMOVE,9212,BUY_LIMIT,S,4,EXT,1.11847,0.00000
9,189,1791487057863,SYNC,REMOVE,9215,BUY_LIMIT,S,5,EXT,1.11920,0.00000
9,189,1791487058964,ENGINE,MODIFY,9216,SELL_LIMIT,S,6,ENT,1.12086,1.12090
9,189,1791487060252,ENGINE,PLACE,9217,BUY_LIMIT,S,5,EXT,1.11916,0.00000
9,189,1791487274124,DEAL,FILL,9217,BUY_LIMIT,S,5,EXT,1.11916,0.00000
9,190,1791487274261,ENGINE,PLACE,9218,BUY_LIMIT,S,4,EXT,1.11847,0.00000
9,190,1791487275548,ENGINE,REMOVE,9216,SELL_LIMIT,S,6,ENT,1.12086,0.00000
9,192,1791487276071,ENGINE,PLACE,9219,SELL_LIMIT,S,5,ENT,1.12017,0.00000
9,192,1791487807650,DEAL,PLACE,9220,SELL_LIMIT,L,8,EXT,1.12003,0.00000
9,192,1791487808937,DEAL,PLACE,9221,BUY_LIMIT,L,9,ENT,1.11833,0.00000
9,192,1791487810224,DEAL,REMOVE,9213,SELL_LIMIT,L,7,EXT,1.12074,0.00000
9,192,1791487810267,DEAL,FILL,9214,BUY_LIMIT,L,8,ENT,1.11904,0.00000
9,193,1791487808998,SYNC,REMOVE,9220,SELL_LIMIT,L,8,EXT,1.12003,0.00000
9,193,1791487810267,ENGINE,PLACE,9222,SELL_LIMIT,L,8,EXT,1.12003,0.00000
9,193,1791489721100,DEAL,FILL,9222,SELL_LIMIT,L,8,EXT,1.12003,0.00000
9,194,1791489721637,ENGINE,PLACE,9223,SELL_LIMIT,L,7,EXT,1.12074,0.00000
9,194,1791489722924,ENGINE,REMOVE,9221,BUY_LIMIT,L,9,ENT,1.11833,0.00000
9,196,1791489723449,ENGINE,PLACE,9224,BUY_LIMIT,L,8,ENT,1.11904,0.00000
9,196,1791489783975,DEAL,PLACE,9225,BUY_LIMIT,S,5,EXT,1.11920,0.00000
9,196,1791489785262,DEAL,PLACE,9226,SELL_LIMIT,S,6,ENT,1.12090,0.00000
9,196,1791489786549,DEAL,REMOVE,9218,BUY_LIMIT,S,4,EXT,1.11847,0.00000
9,196,1791489786592,DEAL,FILL,9219,SELL_LIMIT,S,5,ENT,1.12017,0.00000
9,197,1791489784120,SYNC,REMOVE,9225,BUY_LIMIT,S,5,EXT,1.11920,0.00000
9,197,1791489786592,ENGINE,PLACE,9227,BUY_LIMIT,S,5,EXT,1.11920,0.00000
9,197,1791490415551,DEAL,FILL,9223,SELL_LIMIT,L,7,EXT,1.12074,0.00000
9,198,1791490416505,ENGINE,PLACE,9228,SELL_LIMIT,L,6,EXT,1.12145,0.00000
9,198,1791490417792,ENGINE,REMOVE,9224,BUY_LIMIT,L,8,ENT,1.11904,0.00000
9,200,1791490417902,ENGINE,PLACE,9229,BUY_LIMIT,L,7,ENT,1.11975,0.00000
9,200,1791490556637,DEAL,PLACE,9230,BUY_LIMIT,S,6,EXT,1.11990,0.00000
9,200,1791490557924,DEAL,PLACE,9231,SELL_LIMIT,S,7,ENT,1.12160,0.00000
9,200,1791490559211,DEAL,FILL,9226,SELL_LIMIT,S,6,ENT,1.12090,0.00000
9,200,1791490559211,DEAL,REMOVE,9227,BUY_LIMIT,S,5,EXT,1.11920,0.00000
9,201,1791490556777,SYNC,REMOVE,9230,BUY_LIMIT,S,6,EXT,1.11990,0.00000
9,201,1791490559254,ENGINE,PLACE,9232,BUY_LIMIT,S,6,EXT,1.11990,0.00000
9,201,1791490674590,DEAL,FILL,9228,SELL_LIMIT,L,6,EXT,1.12145,0.00000
9,201,1791490675223,CB_DONE,PLACE,9233,SELL_LIMIT,L,5,EXT,1.12216,0.00000
9,202,1791490676510,ENGINE,REMOVE,9229,BUY_LIMIT,L,7,ENT,1.11975,0.00000
9,204,1791490677335,ENGINE,PLACE,9234,BUY_LIMIT,L,6,ENT,1.12046,0.00000
9,204,1791490684233,DEAL,PLACE,9235,BUY_LIMIT,S,7,EXT,1.12063,0.00000
9,204,1791490685520,DEAL,FILL,9231,SELL_LIMIT,S,7,ENT,1.12160,0.00000
9,204,1791490685520,DEAL,REMOVE,9232,BUY_LIMIT,S,6,EXT,1.11990,0.00000
9,205,1791490684371,SYNC,REMOVE,9235,BUY_LIMIT,S,7,EXT,1.12063,0.00000
9,205,1791490685563,ENGINE,PLACE,9236,BUY_LIMIT,S,7,EXT,1.12063,0.00000
9,205,1791493631859,DEAL,FILL,9236,BUY_LIMIT,S,7,EXT,1.12063,0.00000
9,206,1791493641675,ENGINE,PLACE,9237,BUY_LIMIT,S,6,EXT,1.11990,0.00000
9,206,1791493642962,ENGINE,PLACE,9238,SELL_LIMIT,S,7,ENT,1.12160,0.00000
9,208,1791493777390,DEAL,PLACE,9239,SELL_LIMIT,L,6,EXT,1.12143,0.00000
9,208,1791493778677,DEAL,PLACE,9240,BUY_LIMIT,L,7,ENT,1.11973,0.00000
9,208,1791493779964,DEAL,REMOVE,9233,SELL_LIMIT,L,5,EXT,1.12216,0.00000
9,208,1791493780007,DEAL,FILL,9234,BUY_LIMIT,L,6,ENT,1.12046,0.00000
9,209,1791493777528,SYNC,REMOVE,9239,SELL_LIMIT,L,6,EXT,1.12143,0.00000
9,209,1791493780007,ENGINE,PLACE,9241,SELL_LIMIT,L,6,EXT,1.12143,0.00000
9,209,1791499976439,DEAL,FILL,9241,SELL_LIMIT,L,6,EXT,1.12143,0.00000
9,210,1791499980185,ENGINE,PLACE,9242,SELL_LIMIT,L,5,EXT,1.12216,0.00000
9,210,1791499981472,ENGINE,REMOVE,9240,BUY_LIMIT,L,7,ENT,1.11973,0.00000
9,212,1791499985413,ENGINE,PLACE,9243,BUY_LIMIT,L,6,ENT,1.12046,0.00000
9,212,1791500867160,DEAL,PLACE,9244,BUY_LIMIT,S,7,EXT,1.12060,0.00000
9,212,1791500868447,DEAL,REMOVE,9237,BUY_LIMIT,S,6,EXT,1.11990,0.00000
9,212,1791500868490,DEAL,FILL,9238,SELL_LIMIT,S,7,ENT,1.12160,0.00000
9,213,1791500867498,SYNC,REMOVE,9244,BUY_LIMIT,S,7,EXT,1.12060,0.00000
9,213,1791500868490,ENGINE,PLACE,9245,BUY_LIMIT,S,7,EXT,1.12060,0.00000
9,213,1791503420000,TIMER,MODIFY,9051,SELL_LIMIT,L,3,EXT,1.12397,1.12373
9,213,1791503480000,TIMER,MODIFY,9055,BUY_LIMIT,S,0,EXT,1.11590,1.11586
9,213,1791503481288,TIMER,MODIFY,9242,SELL_LIMIT,L,5,EXT,1.12224,1.12216
9,213,1791503720000,TIMER,MODIFY,9245,BUY_LIMIT,S,7,EXT,1.12061,1.12060
9,213,1791504584797,ENGINE,MODIFY,9243,BUY_LIMIT,L,6,ENT,1.11998,1.12046
9,213,1791504600023,ENGINE,MODIFY,9243,BUY_LIMIT,L,6,ENT,1.12046,1.11998
9,213,1791504900466,ENGINE,MODIFY,9243,BUY_LIMIT,L,6,ENT,1.11998,1.12046
9,213,1791504960008,ENGINE,MODIFY,9243,BUY_LIMIT,L,6,ENT,1.12046,1.11998
