seg_id,sync_idx,time_ms,kind,code,json
20,-1,1790845296188,ea_event,,{"type":"fill_log","seq":0,"ea_time_ms":97248656,"magic":22260201,"deal_ticket":800000001,"order_ticket":9001,"position_id":900000001,"entry_type":"IN","deal_type":"SELL","side":"S","layer_index":0,"role":"ENT","deal_price":1.13241,"order_price_open":null,"slippage_pips":null,"volume":0.00,"profit":0.00,"swap":0.00,"commission":0.00,"deal_time_broker":"2026-10-01 09:01:36","deal_time_broker_msc":1790845296000,"halted_at_receipt":false,"quarantined_at_receipt":false}
21,-1,1790847581622,ea_event,,{"type":"fill_log","seq":0,"ea_time_ms":97248687,"magic":22260201,"deal_ticket":800000001,"order_ticket":1978117494,"position_id":900000001,"entry_type":"IN","deal_type":"BUY","side":"L","layer_index":0,"role":"ENT","deal_price":1.13171,"order_price_open":null,"slippage_pips":null,"volume":0.00,"profit":0.00,"swap":0.00,"commission":0.00,"deal_time_broker":"2026-10-01 09:39:41","deal_time_broker_msc":1790847581000,"halted_at_receipt":false,"quarantined_at_receipt":false}
21,0,1790847601332,ea_event,,{"type":"fill_log","seq":1,"ea_time_ms":97248687,"magic":22260201,"deal_ticket":800000002,"order_ticket":1978243207,"position_id":900000002,"entry_type":"IN","deal_type":"SELL","side":"S","layer_index":0,"role":"EXT","deal_price":1.13152,"order_price_open":null,"slippage_pips":null,"volume":0.00,"profit":0.00,"swap":0.00,"commission":0.00,"deal_time_broker":"2026-10-01 09:40:01","deal_time_broker_msc":1790847601000,"halted_at_receipt":false,"quarantined_at_receipt":false}
21,3,1790847652395,ea_event,,{"type":"fill_log","seq":2,"ea_time_ms":97248687,"magic":22260201,"deal_ticket":800000003,"order_ticket":9001,"position_id":900000003,"entry_type":"IN","deal_type":"BUY","side":"L","layer_index":1,"role":"ENT","deal_price":1.13092,"order_price_open":null,"slippage_pips":null,"volume":0.00,"profit":0.00,"swap":0.00,"commission":0.00,"deal_time_broker":"2026-10-01 09:40:52","deal_time_broker_msc":1790847652000,"halted_at_receipt":false,"quarantined_at_receipt":false}
21,4,1790848430591,ea_event,,{"type":"fill_log","seq":3,"ea_time_ms":97248703,"magic":22260201,"deal_ticket":800000004,"order_ticket":9003,"position_id":900000004,"entry_type":"IN","deal_type":"SELL","side":"S","layer_index":0,"role":"ENT","deal_price":1.13149,"order_price_open":null,"slippage_pips":null,"volume":0.00,"profit":0.00,"swap":0.00,"commission":0.00,"deal_time_broker":"2026-10-01 09:53:50","deal_time_broker_msc":1790848430000,"halted_at_receipt":false,"quarantined_at_receipt":false}
21,5,1790848654638,ea_event,,{"type":"fill_log","seq":4,"ea_time_ms":97248718,"magic":22260201,"deal_ticket":800000005,"order_ticket":9006,"position_id":900000005,"entry_type":"IN","deal_type":"BUY","side":"L","layer_index":1,"role":"EXT","deal_price":1.13182,"order_price_open":null,"slippage_pips":null,"volume":0.00,"profit":0.00,"swap":0.00,"commission":0.00,"deal_time_broker":"2026-10-01 09:57:34","deal_time_broker_msc":1790848654000,"halted_at_receipt":false,"quarantined_at_receipt":false}
21,8,1790850146322,ea_event,,{"type":"fill_log","seq":5,"ea_time_ms":97248750,"magic":22260201,"deal_ticket":800000006,"order_ticket":9010,"position_id":900000006,"entry_type":"IN","deal_type":"BUY","side":"L","layer_index":1,"role":"ENT","deal_price":1.13099,"order_price_open":null,"slippage_pips":null,"volume":0.00,"profit":0.00,"swap":0.00,"commission":0.00,"deal_time_broker":"2026-10-01 10:22:26","deal_time_broker_msc":1790850146000,"halted_at_receipt":false,"quarantined_at_receipt":false}
21,9,1790850225037,ea_event,,{"type":"fill_log","seq":6,"ea_time_ms":97248750,"magic":22260201,"deal_ticket":800000007,"order_ticket":9009,"position_id":900000007,"entry_type":"IN","deal_type":"SELL","side":"S","layer_index":0,"role":"EXT","deal_price":1.13064,"order_price_open":null,"slippage_pips":null,"volume":0.00,"profit":0.00,"swap":0.00,"commission":0.00,"deal_time_broker":"2026-10-01 10:23:45","deal_time_broker_msc":1790850225000,"halted_at_receipt":false,"quarantined_at_receipt":false}
21,12,1790850667211,ea_event,,{"type":"fill_log","seq":7,"ea_time_ms":97248765,"magic":22260201,"deal_ticket":800000008,"order_ticket":9012,"position_id":900000008,"entry_type":"IN","deal_type":"BUY","side":"L","layer_index":2,"role":"ENT","deal_price":1.13012,"order_price_open":null,"slippage_pips":null,"volume":0.00,"profit":0.00,"swap":0.00,"commission":0.00,"deal_time_broker":"2026-10-01 10:31:07","deal_time_broker_msc":1790850667000,"halted_at_receipt":false,"quarantined_at_receipt":false}
21,13,1790850760674,ea_event,,{"type":"fill_log","seq":8,"ea_time_ms":97248765,"magic":22260201,"deal_ticket":800000009,"order_ticket":9014,"position_id":900000009,"entry_type":"IN","deal_type":"SELL","side":"S","layer_index":0,"role":"ENT","deal_price":1.13059,"order_price_open":null,"slippage_pips":null,"volume":0.00,"profit":0.00,"swap":0.00,"commission":0.00,"deal_time_broker":"2026-10-01 10:32:40","deal_time_broker_msc":1790850760000,"halted_at_receipt":false,"quarantined_at_receipt":false}
21,13,1790851669789,ea_event,,{"type":"fill_log","seq":9,"ea_time_ms":97248796,"magic":22260201,"deal_ticket":800000010,"order_ticket":9017,"position_id":900000010,"entry_type":"IN","deal_type":"BUY","side":"L","layer_index":2,"role":"EXT","deal_price":1.13103,"order_price_open":null,"slippage_pips":null,"volume":0.00,"profit":0.00,"swap":0.00,"commission":0.00,"deal_time_broker":"2026-10-01 10:47:49","deal_time_broker_msc":1790851669000,"halted_at_receipt":false,"quarantined_at_receipt":false}
21,16,1790852460641,ea_event,,{"type":"fill_log","seq":10,"ea_time_ms":97248812,"magic":22260201,"deal_ticket":800000011,"order_ticket":9022,"position_id":900000011,"entry_type":"IN","deal_type":"BUY","side":"L","layer_index":2,"role":"ENT","deal_price":1.13027,"order_price_open":null,"slippage_pips":null,"volume":0.00,"profit":0.00,"swap":0.00,"commission":0.00,"deal_time_broker":"2026-10-01 11:01:00","deal_time_broker_msc":1790852460000,"halted_at_receipt":false,"quarantined_at_receipt":false}
21,17,1790853133080,ea_event,,{"type":"fill_log","seq":11,"ea_time_ms":97248843,"magic":22260201,"deal_ticket":800000012,"order_ticket":9024,"position_id":900000012,"entry_type":"IN","deal_type":"BUY","side":"L","layer_index":3,"role":"ENT","deal_price":1.12955,"order_price_open":null,"slippage_pips":null,"volume":0.00,"profit":0.00,"swap":0.00,"commission":0.00,"deal_time_broker":"2026-10-01 11:12:13","deal_time_broker_msc":1790853133000,"halted_at_receipt":false,"quarantined_at_receipt":false}
21,18,1790853985216,ea_event,,{"type":"fill_log","seq":12,"ea_time_ms":97248859,"magic":22260201,"deal_ticket":800000013,"order_ticket":9021,"position_id":900000013,"entry_type":"IN","deal_type":"SELL","side":"S","layer_index":0,"role":"ENT","deal_price":1.13035,"order_price_open":null,"slippage_pips":null,"volume":0.00,"profit":0.00,"swap":0.00,"commission":0.00,"deal_time_broker":"2026-10-01 11:26:25","deal_time_broker_msc":1790853985000,"halted_at_receipt":false,"quarantined_at_receipt":false}
21,18,1790853998886,ea_event,,{"type":"fill_log","seq":13,"ea_time_ms":97248859,"magic":22260201,"deal_ticket":800000014,"order_ticket":9028,"position_id":900000014,"entry_type":"IN","deal_type":"BUY","side":"L","layer_index":3,"role":"EXT","deal_price":1.13044,"order_price_open":null,"slippage_pips":null,"volume":0.00,"profit":0.00,"swap":0.00,"commission":0.00,"deal_time_broker":"2026-10-01 11:26:38","deal_time_broker_msc":1790853998000,"halted_at_receipt":false,"quarantined_at_receipt":false}
21,22,1790854004084,ea_event,STRAY_L0_CANCEL,{"type":"ea_event","seq":14,"ea_time_ms":97248859,"magic":null,"level":"WARN","code":"STRAY_L0_CANCEL","reason":null,"ticket":9032,"detail":{"side":"S","depth":1}}
21,22,1790854582337,ea_event,,{"type":"fill_log","seq":15,"ea_time_ms":97248875,"magic":22260201,"deal_ticket":800000015,"order_ticket":9034,"position_id":900000015,"entry_type":"IN","deal_type":"SELL","side":"S","layer_index":0,"role":"EXT","deal_price":1.12960,"order_price_open":null,"slippage_pips":null,"volume":0.00,"profit":0.00,"swap":0.00,"commission":0.00,"deal_time_broker":"2026-10-01 11:36:22","deal_time_broker_msc":1790854582000,"halted_at_receipt":false,"quarantined_at_receipt":false}
21,25,1790854590376,ea_event,,{"type":"fill_log","seq":16,"ea_time_ms":97248875,"magic":22260201,"deal_ticket":800000016,"order_ticket":9033,"position_id":900000016,"entry_type":"IN","deal_type":"BUY","side":"L","layer_index":3,"role":"ENT","deal_price":1.12954,"order_price_open":null,"slippage_pips":null,"volume":0.00,"profit":0.00,"swap":0.00,"commission":0.00,"deal_time_broker":"2026-10-01 11:36:30","deal_time_broker_msc":1790854590000,"halted_at_receipt":false,"quarantined_at_receipt":false}
21,26,1790855595086,ea_event,,{"type":"fill_log","seq":17,"ea_time_ms":97248890,"magic":22260201,"deal_ticket":800000017,"order_ticket":9038,"position_id":900000017,"entry_type":"IN","deal_type":"BUY","side":"L","layer_index":4,"role":"ENT","deal_price":1.12883,"order_price_open":null,"slippage_pips":null,"volume":0.00,"profit":0.00,"swap":0.00,"commission":0.00,"deal_time_broker":"2026-10-01 11:53:15","deal_time_broker_msc":1790855595000,"halted_at_receipt":false,"quarantined_at_receipt":false}
21,27,1790856460520,ea_event,,{"type":"fill_log","seq":18,"ea_time_ms":97248921,"magic":22260201,"deal_ticket":800000018,"order_ticket":9036,"position_id":900000018,"entry_type":"IN","deal_type":"SELL","side":"S","layer_index":0,"role":"ENT","deal_price":1.12962,"order_price_open":null,"slippage_pips":null,"volume":0.00,"profit":0.00,"swap":0.00,"commission":0.00,"deal_time_broker":"2026-10-01 12:07:40","deal_time_broker_msc":1790856460000,"halted_at_receipt":false,"quarantined_at_receipt":false}
21,28,1790856505786,ea_event,,{"type":"fill_log","seq":19,"ea_time_ms":97248921,"magic":22260201,"deal_ticket":800000019,"order_ticket":9042,"position_id":900000019,"entry_type":"IN","deal_type":"BUY","side":"L","layer_index":4,"role":"EXT","deal_price":1.12973,"order_price_open":null,"slippage_pips":null,"volume":0.00,"profit":0.00,"swap":0.00,"commission":0.00,"deal_time_broker":"2026-10-01 12:08:25","deal_time_broker_msc":1790856505000,"halted_at_receipt":false,"quarantined_at_receipt":false}
21,31,1790858990822,ea_event,,{"type":"fill_log","seq":20,"ea_time_ms":97248968,"magic":22260201,"deal_ticket":800000020,"order_ticket":9047,"position_id":900000020,"entry_type":"IN","deal_type":"BUY","side":"L","layer_index":4,"role":"ENT","deal_price":1.12882,"order_price_open":null,"slippage_pips":null,"volume":0.00,"profit":0.00,"swap":0.00,"commission":0.00,"deal_time_broker":"2026-10-01 12:49:50","deal_time_broker_msc":1790858990000,"halted_at_receipt":false,"quarantined_at_receipt":false}
21,32,1790859005495,ea_event,,{"type":"fill_log","seq":21,"ea_time_ms":97248968,"magic":22260201,"deal_ticket":800000021,"order_ticket":9045,"position_id":900000021,"entry_type":"IN","deal_type":"SELL","side":"S","layer_index":0,"role":"EXT","deal_price":1.12872,"order_price_open":null,"slippage_pips":null,"volume":0.00,"profit":0.00,"swap":0.00,"commission":0.00,"deal_time_broker":"2026-10-01 12:50:05","deal_time_broker_msc":1790859005000,"halted_at_receipt":false,"quarantined_at_receipt":false}
21,35,1790859280941,ea_event,,{"type":"fill_log","seq":22,"ea_time_ms":97248968,"magic":22260201,"deal_ticket":800000022,"order_ticket":9049,"position_id":900000022,"entry_type":"IN","deal_type":"BUY","side":"L","layer_index":5,"role":"ENT","deal_price":1.12811,"order_price_open":null,"slippage_pips":null,"volume":0.00,"profit":0.00,"swap":0.00,"commission":0.00,"deal_time_broker":"2026-10-01 12:54:40","deal_time_broker_msc":1790859280000,"halted_at_receipt":false,"quarantined_at_receipt":false}
21,36,1790859567058,ea_event,,{"type":"fill_log","seq":23,"ea_time_ms":97248984,"magic":22260201,"deal_ticket":800000023,"order_ticket":9053,"position_id":900000023,"entry_type":"IN","deal_type":"BUY","side":"L","layer_index":6,"role":"ENT","deal_price":1.12718,"order_price_open":null,"slippage_pips":null,"volume":0.00,"profit":0.00,"swap":0.00,"commission":0.00,"deal_time_broker":"2026-10-01 12:59:26","deal_time_broker_msc":1790859566000,"halted_at_receipt":false,"quarantined_at_receipt":false}
21,38,1790860517418,ea_event,STRAY_L0_CANCEL,{"type":"ea_event","seq":24,"ea_time_ms":97249015,"magic":null,"level":"WARN","code":"STRAY_L0_CANCEL","reason":null,"ticket":9051,"detail":{"side":"S","depth":1}}
21,38,1790860721134,ea_event,,{"type":"fill_log","seq":25,"ea_time_ms":97249015,"magic":22260201,"deal_ticket":800000024,"order_ticket":9057,"position_id":900000024,"entry_type":"IN","deal_type":"BUY","side":"L","layer_index":6,"role":"EXT","deal_price":1.12809,"order_price_open":null,"slippage_pips":null,"volume":0.00,"profit":0.00,"swap":0.00,"commission":0.00,"deal_time_broker":"2026-10-01 13:18:41","deal_time_broker_msc":1790860721000,"halted_at_receipt":false,"quarantined_at_receipt":false}
21,41,1790861224918,ea_event,,{"type":"fill_log","seq":26,"ea_time_ms":97249031,"magic":22260201,"deal_ticket":800000025,"order_ticket":9059,"position_id":900000025,"entry_type":"IN","deal_type":"SELL","side":"S","layer_index":1,"role":"ENT","deal_price":1.12866,"order_price_open":null,"slippage_pips":null,"volume":0.00,"profit":0.00,"swap":0.00,"commission":0.00,"deal_time_broker":"2026-10-01 13:27:04","deal_time_broker_msc":1790861224000,"halted_at_receipt":false,"quarantined_at_receipt":false}
21,42,1790861419920,ea_event,,{"type":"fill_log","seq":27,"ea_time_ms":97249031,"magic":22260201,"deal_ticket":800000026,"order_ticket":9060,"position_id":900000026,"entry_type":"IN","deal_type":"BUY","side":"L","layer_index":5,"role":"EXT","deal_price":1.12901,"order_price_open":null,"slippage_pips":null,"volume":0.00,"profit":0.00,"swap":0.00,"commission":0.00,"deal_time_broker":"2026-10-01 13:30:19","deal_time_broker_msc":1790861419000,"halted_at_receipt":false,"quarantined_at_receipt":false}
21,45,1790861704819,ea_event,,{"type":"fill_log","seq":28,"ea_time_ms":97249046,"magic":22260201,"deal_ticket":800000027,"order_ticket":9063,"position_id":900000027,"entry_type":"IN","deal_type":"SELL","side":"S","layer_index":2,"role":"ENT","deal_price":1.12936,"order_price_open":null,"slippage_pips":null,"volume":0.00,"profit":0.00,"swap":0.00,"commission":0.00,"deal_time_broker":"2026-10-01 13:35:04","deal_time_broker_msc":1790861704000,"halted_at_receipt":false,"quarantined_at_receipt":false}
21,46,1790862850563,ea_event,,{"type":"fill_log","seq":29,"ea_time_ms":97249078,"magic":22260201,"deal_ticket":800000028,"order_ticket":9065,"position_id":900000028,"entry_type":"IN","deal_type":"BUY","side":"L","layer_index":4,"role":"EXT","deal_price":1.12973,"order_price_open":null,"slippage_pips":null,"volume":0.00,"profit":0.00,"swap":0.00,"commission":0.00,"deal_time_broker":"2026-10-01 13:54:10","deal_time_broker_msc":1790862850000,"halted_at_receipt":false,"quarantined_at_receipt":false}
21,49,1790864084665,ea_event,,{"type":"fill_log","seq":30,"ea_time_ms":97249125,"magic":22260201,"deal_ticket":800000029,"order_ticket":9071,"position_id":900000029,"entry_type":"IN","deal_type":"BUY","side":"L","layer_index":4,"role":"ENT","deal_price":1.12884,"order_price_open":null,"slippage_pips":null,"volume":0.00,"profit":0.00,"swap":0.00,"commission":0.00,"deal_time_broker":"2026-10-01 14:14:44","deal_time_broker_msc":1790864084000,"halted_at_receipt":false,"quarantined_at_receipt":false}
21,50,1790864188026,ea_event,,{"type":"fill_log","seq":31,"ea_time_ms":97249125,"magic":22260201,"deal_ticket":800000030,"order_ticket":9069,"position_id":900000030,"entry_type":"IN","deal_type":"SELL","side":"S","layer_index":2,"role":"EXT","deal_price":1.12846,"order_price_open":null,"slippage_pips":null,"volume":0.00,"profit":0.00,"swap":0.00,"commission":0.00,"deal_time_broker":"2026-10-01 14:16:28","deal_time_broker_msc":1790864188000,"halted_at_receipt":false,"quarantined_at_receipt":false}
21,53,1790864808601,ea_event,,{"type":"fill_log","seq":32,"ea_time_ms":97249140,"magic":22260201,"deal_ticket":800000031,"order_ticket":9073,"position_id":900000031,"entry_type":"IN","deal_type":"BUY","side":"L","layer_index":5,"role":"ENT","deal_price":1.12814,"order_price_open":null,"slippage_pips":null,"volume":0.00,"profit":0.00,"swap":0.00,"commission":0.00,"deal_time_broker":"2026-10-01 14:26:48","deal_time_broker_msc":1790864808000,"halted_at_receipt":false,"quarantined_at_receipt":false}
21,54,1790865382157,ea_event,,{"type":"fill_log","seq":33,"ea_time_ms":97249156,"magic":22260201,"deal_ticket":800000032,"order_ticket":9079,"position_id":900000032,"entry_type":"IN","deal_type":"BUY","side":"L","layer_index":5,"role":"EXT","deal_price":1.12906,"order_price_open":null,"slippage_pips":null,"volume":0.00,"profit":0.00,"swap":0.00,"commission":0.00,"deal_time_broker":"2026-10-01 14:36:22","deal_time_broker_msc":1790865382000,"halted_at_receipt":false,"quarantined_at_receipt":false}
21,57,1790865580048,ea_event,,{"type":"fill_log","seq":34,"ea_time_ms":97249156,"magic":22260201,"deal_ticket":800000033,"order_ticket":9076,"position_id":900000033,"entry_type":"IN","deal_type":"SELL","side":"S","layer_index":2,"role":"ENT","deal_price":1.12937,"order_price_open":null,"slippage_pips":null,"volume":0.00,"profit":0.00,"swap":0.00,"commission":0.00,"deal_time_broker":"2026-10-01 14:39:40","deal_time_broker_msc":1790865580000,"halted_at_receipt":false,"quarantined_at_receipt":false}
21,58,1790865792222,ea_event,,{"type":"fill_log","seq":35,"ea_time_ms":97249171,"magic":22260201,"deal_ticket":800000034,"order_ticket":9080,"position_id":900000034,"entry_type":"IN","deal_type":"BUY","side":"L","layer_index":4,"role":"EXT","deal_price":1.12974,"order_price_open":null,"slippage_pips":null,"volume":0.00,"profit":0.00,"swap":0.00,"commission":0.00,"deal_time_broker":"2026-10-01 14:43:12","deal_time_broker_msc":1790865792000,"halted_at_receipt":false,"quarantined_at_receipt":false}
21,61,1790866070935,ea_event,,{"type":"fill_log","seq":36,"ea_time_ms":97249171,"magic":22260201,"deal_ticket":800000035,"order_ticket":9083,"position_id":900000035,"entry_type":"IN","deal_type":"SELL","side":"S","layer_index":3,"role":"ENT","deal_price":1.13008,"order_price_open":null,"slippage_pips":null,"volume":0.00,"profit":0.00,"swap":0.00,"commission":0.00,"deal_time_broker":"2026-10-01 14:47:50","deal_time_broker_msc":1790866070000,"halted_at_receipt":false,"quarantined_at_receipt":false}
21,62,1790866323332,ea_event,,{"type":"fill_log","seq":37,"ea_time_ms":97249187,"magic":22260201,"deal_ticket":800000036,"order_ticket":9085,"position_id":900000036,"entry_type":"IN","deal_type":"BUY","side":"L","layer_index":3,"role":"EXT","deal_price":1.13045,"order_price_open":null,"slippage_pips":null,"volume":0.00,"profit":0.00,"swap":0.00,"commission":0.00,"deal_time_broker":"2026-10-01 14:52:03","deal_time_broker_msc":1790866323000,"halted_at_receipt":false,"quarantined_at_receipt":false}
21,65,1790866501388,ea_event,,{"type":"fill_log","seq":38,"ea_time_ms":97249187,"magic":22260201,"deal_ticket":800000037,"order_ticket":9088,"position_id":900000037,"entry_type":"IN","deal_type":"SELL","side":"S","layer_index":4,"role":"ENT","deal_price":1.13087,"order_price_open":null,"slippage_pips":null,"volume":0.00,"profit":0.00,"swap":0.00,"commission":0.00,"deal_time_broker":"2026-10-01 14:55:01","deal_time_broker_msc":1790866501000,"halted_at_receipt":false,"quarantined_at_receipt":false}
21,66,1790866633940,ea_event,,{"type":"fill_log","seq":39,"ea_time_ms":97249203,"magic":22260201,"deal_ticket":800000038,"order_ticket":9090,"position_id":900000038,"entry_type":"IN","deal_type":"BUY","side":"L","layer_index":2,"role":"EXT","deal_price":1.13117,"order_price_open":null,"slippage_pips":null,"volume":0.00,"profit":0.00,"swap":0.00,"commission":0.00,"deal_time_broker":"2026-10-01 14:57:13","deal_time_broker_msc":1790866633000,"halted_at_receipt":false,"quarantined_at_receipt":false}
21,69,1790867104866,ea_event,,{"type":"fill_log","seq":40,"ea_time_ms":97249203,"magic":22260201,"deal_ticket":800000039,"order_ticket":9096,"position_id":900000039,"entry_type":"IN","deal_type":"BUY","side":"L","layer_index":2,"role":"ENT","deal_price":1.13030,"order_price_open":null,"slippage_pips":null,"volume":0.00,"profit":0.00,"swap":0.00,"commission":0.00,"deal_time_broker":"2026-10-01 15:05:04","deal_time_broker_msc":1790867104000,"halted_at_receipt":false,"quarantined_at_receipt":false}
21,70,1790867381161,ea_event,,{"type":"fill_log","seq":41,"ea_time_ms":97249218,"magic":22260201,"deal_ticket":800000040,"order_ticket":9094,"position_id":900000040,"entry_type":"IN","deal_type":"SELL","side":"S","layer_index":4,"role":"EXT","deal_price":1.12997,"order_price_open":null,"slippage_pips":null,"volume":0.00,"profit":0.00,"swap":0.00,"commission":0.00,"deal_time_broker":"2026-10-01 15:09:41","deal_time_broker_msc":1790867381000,"halted_at_receipt":false,"quarantined_at_receipt":false}
21,73,1790867806022,ea_event,,{"type":"fill_log","seq":42,"ea_time_ms":97249234,"magic":22260201,"deal_ticket":800000041,"order_ticket":9098,"position_id":900000041,"entry_type":"IN","deal_type":"BUY","side":"L","layer_index":3,"role":"ENT","deal_price":1.12961,"order_price_open":null,"slippage_pips":null,"volume":0.00,"profit":0.00,"swap":0.00,"commission":0.00,"deal_time_broker":"2026-10-01 15:16:46","deal_time_broker_msc":1790867806000,"halted_at_receipt":false,"quarantined_at_receipt":false}
21,74,1790868367102,ea_event,,{"type":"fill_log","seq":43,"ea_time_ms":97249250,"magic":22260201,"deal_ticket":800000042,"order_ticket":9100,"position_id":900000042,"entry_type":"IN","deal_type":"SELL","side":"S","layer_index":3,"role":"EXT","deal_price":1.12916,"order_price_open":null,"slippage_pips":null,"volume":0.00,"profit":0.00,"swap":0.00,"commission":0.00,"deal_time_broker":"2026-10-01 15:26:07","deal_time_broker_msc":1790868367000,"halted_at_receipt":false,"quarantined_at_receipt":false}
21,77,1790869671175,ea_event,,{"type":"fill_log","seq":44,"ea_time_ms":97249281,"magic":22260201,"deal_ticket":800000043,"order_ticket":9103,"position_id":900000043,"entry_type":"IN","deal_type":"BUY","side":"L","layer_index":4,"role":"ENT","deal_price":1.12892,"order_price_open":null,"slippage_pips":null,"volume":0.00,"profit":0.00,"swap":0.00,"commission":0.00,"deal_time_broker":"2026-10-01 15:47:51","deal_time_broker_msc":1790869671000,"halted_at_receipt":false,"quarantined_at_receipt":false}
21,78,1790870349674,ea_event,,{"type":"fill_log","seq":45,"ea_time_ms":97249296,"magic":22260201,"deal_ticket":800000044,"order_ticket":9105,"position_id":900000044,"entry_type":"IN","deal_type":"SELL","side":"S","layer_index":2,"role":"EXT","deal_price":1.12847,"order_price_open":null,"slippage_pips":null,"volume":0.00,"profit":0.00,"swap":0.00,"commission":0.00,"deal_time_broker":"2026-10-01 15:59:09","deal_time_broker_msc":1790870349000,"halted_at_receipt":false,"quarantined_at_receipt":false}
21,81,1790872854612,ea_event,,{"type":"fill_log","seq":46,"ea_time_ms":97249359,"magic":22260201,"deal_ticket":800000045,"order_ticket":9108,"position_id":900000045,"entry_type":"IN","deal_type":"BUY","side":"L","layer_index":5,"role":"ENT","deal_price":1.12822,"order_price_open":null,"slippage_pips":null,"volume":0.00,"profit":0.00,"swap":0.00,"commission":0.00,"deal_time_broker":"2026-10-01 16:40:54","deal_time_broker_msc":1790872854000,"halted_at_receipt":false,"quarantined_at_receipt":false}
21,82,1790873250125,ea_event,,{"type":"fill_log","seq":47,"ea_time_ms":97249375,"magic":22260201,"deal_ticket":800000046,"order_ticket":9114,"position_id":900000046,"entry_type":"IN","deal_type":"BUY","side":"L","layer_index":5,"role":"EXT","deal_price":1.12921,"order_price_open":null,"slippage_pips":null,"volume":0.00,"profit":0.00,"swap":0.00,"commission":0.00,"deal_time_broker":"2026-10-01 16:47:30","deal_time_broker_msc":1790873250000,"halted_at_receipt":false,"quarantined_at_receipt":false}
21,85,1790873523437,ea_event,,{"type":"fill_log","seq":48,"ea_time_ms":97249390,"magic":22260201,"deal_ticket":800000047,"order_ticket":9111,"position_id":900000047,"entry_type":"IN","deal_type":"SELL","side":"S","layer_index":2,"role":"ENT","deal_price":1.12945,"order_price_open":null,"slippage_pips":null,"volume":0.00,"profit":0.00,"swap":0.00,"commission":0.00,"deal_time_broker":"2026-10-01 16:52:03","deal_time_broker_msc":1790873523000,"halted_at_receipt":false,"quarantined_at_receipt":false}
21,86,1790874324583,ea_event,,{"type":"fill_log","seq":49,"ea_time_ms":97249421,"magic":22260201,"deal_ticket":800000048,"order_ticket":9119,"position_id":900000048,"entry_type":"IN","deal_type":"SELL","side":"S","layer_index":2,"role":"EXT","deal_price":1.12855,"order_price_open":null,"slippage_pips":null,"volume":0.00,"profit":0.00,"swap":0.00,"commission":0.00,"deal_time_broker":"2026-10-01 17:05:24","deal_time_broker_msc":1790874324000,"halted_at_receipt":false,"quarantined_at_receipt":false}
21,89,1790874521332,ea_event,,{"type":"fill_log","seq":50,"ea_time_ms":97249421,"magic":22260201,"deal_ticket":800000049,"order_ticket":9121,"position_id":900000049,"entry_type":"IN","deal_type":"SELL","side":"S","layer_index":2,"role":"ENT","deal_price":1.12933,"order_price_open":null,"slippage_pips":null,"volume":0.00,"profit":0.00,"swap":0.00,"commission":0.00,"deal_time_broker":"2026-10-01 17:08:41","deal_time_broker_msc":1790874521000,"halted_at_receipt":false,"quarantined_at_receipt":false}
21,90,1790875835124,ea_event,,{"type":"fill_log","seq":51,"ea_time_ms":97249484,"magic":22260201,"deal_ticket":800000050,"order_ticket":9124,"position_id":900000050,"entry_type":"IN","deal_type":"SELL","side":"S","layer_index":2,"role":"EXT","deal_price":1.12838,"order_price_open":null,"slippage_pips":null,"volume":0.00,"profit":0.00,"swap":0.00,"commission":0.00,"deal_time_broker":"2026-10-01 17:30:35","deal_time_broker_msc":1790875835000,"halted_at_receipt":false,"quarantined_at_receipt":false}
21,93,1790875895582,ea_event,,{"type":"fill_log","seq":52,"ea_time_ms":97249500,"magic":22260201,"deal_ticket":800000051,"order_ticket":9116,"position_id":900000051,"entry_type":"IN","deal_type":"BUY","side":"L","layer_index":5,"role":"ENT","deal_price":1.12815,"order_price_open":null,"slippage_pips":null,"volume":0.00,"profit":0.00,"swap":0.00,"commission":0.00,"deal_time_broker":"2026-10-01 17:31:35","deal_time_broker_msc":1790875895000,"halted_at_receipt":false,"quarantined_at_receipt":false}
21,94,1790876593857,ea_event,,{"type":"fill_log","seq":53,"ea_time_ms":97249531,"magic":22260201,"deal_ticket":800000052,"order_ticket":9125,"position_id":900000052,"entry_type":"IN","deal_type":"SELL","side":"S","layer_index":1,"role":"EXT","deal_price":1.12774,"order_price_open":null,"slippage_pips":null,"volume":0.00,"profit":0.00,"swap":0.00,"commission":0.00,"deal_time_broker":"2026-10-01 17:43:13","deal_time_broker_msc":1790876593000,"halted_at_receipt":false,"quarantined_at_receipt":false}
21,97,1790876625426,ea_event,,{"type":"fill_log","seq":54,"ea_time_ms":97249531,"magic":22260201,"deal_ticket":800000053,"order_ticket":9128,"position_id":900000053,"entry_type":"IN","deal_type":"BUY","side":"L","layer_index":6,"role":"ENT","deal_price":1.12742,"order_price_open":null,"slippage_pips":null,"volume":0.00,"profit":0.00,"swap":0.00,"commission":0.00,"deal_time_broker":"2026-10-01 17:43:45","deal_time_broker_msc":1790876625000,"halted_at_receipt":false,"quarantined_at_receipt":false}
21,98,1790876794435,ea_event,,{"type":"fill_log","seq":55,"ea_time_ms":97249546,"magic":22260201,"deal_ticket":800000054,"order_ticket":9058,"position_id":900000054,"entry_type":"IN","deal_type":"SELL","side":"S","layer_index":0,"role":"EXT","deal_price":1.12697,"order_price_open":null,"slippage_pips":null,"volume":0.00,"profit":0.00,"swap":0.00,"commission":0.00,"deal_time_broker":"2026-10-01 17:46:34","deal_time_broker_msc":1790876794000,"halted_at_receipt":false,"quarantined_at_receipt":false}
21,101,1790876816347,ea_event,,{"type":"fill_log","seq":56,"ea_time_ms":97249546,"magic":22260201,"deal_ticket":800000055,"order_ticket":9132,"position_id":900000055,"entry_type":"IN","deal_type":"BUY","side":"L","layer_index":7,"role":"ENT","deal_price":1.12672,"order_price_open":null,"slippage_pips":null,"volume":0.00,"profit":0.00,"swap":0.00,"commission":0.00,"deal_time_broker":"2026-10-01 17:46:56","deal_time_broker_msc":1790876816000,"halted_at_receipt":false,"quarantined_at_receipt":false}
21,102,1790877913638,ea_event,ROLL_ACCEPTED,{"type":"ea_event","seq":57,"ea_time_ms":97249593,"magic":null,"level":"INFO","code":"ROLL_ACCEPTED","reason":null,"ticket":1978117494,"detail":{"ticket":1978117494,"side":"L","layer_index":0,"entry":1.13171,"level":1.12602,"target":1.12692,"accrued":0.00000,"clamped":false,"cost":0.00479,"cost_pips":47.9,"rolled":1,"was_ejected":false,"source":"auto","reroll":false,"from_level":0.00000}}
21,103,1790877964489,ea_event,ROLL_ACCEPTED,{"type":"ea_event","seq":58,"ea_time_ms":97249593,"magic":null,"level":"INFO","code":"ROLL_ACCEPTED","reason":null,"ticket":1978377021,"detail":{"ticket":1978377021,"side":"L","layer_index":1,"entry":1.13099,"level":1.12532,"target":1.12622,"accrued":0.00000,"clamped":false,"cost":0.00477,"cost_pips":47.7,"rolled":2,"was_ejected":false,"source":"auto","reroll":false,"from_level":0.00000}}
21,104,1790879435254,ea_event,ROLL_ACCEPTED,{"type":"ea_event","seq":59,"ea_time_ms":97249656,"magic":null,"level":"INFO","code":"ROLL_ACCEPTED","reason":null,"ticket":1979261631,"detail":{"ticket":1979261631,"side":"L","layer_index":2,"entry":1.13030,"level":1.12462,"target":1.12552,"accrued":0.00000,"clamped":false,"cost":0.00478,"cost_pips":47.8,"rolled":3,"was_ejected":false,"source":"auto","reroll":false,"from_level":0.00000}}
21,105,1790879437059,ea_event,ROLL_ACCEPTED,{"type":"ea_event","seq":60,"ea_time_ms":97249656,"magic":null,"level":"INFO","code":"ROLL_ACCEPTED","reason":null,"ticket":1979286947,"detail":{"ticket":1979286947,"side":"L","layer_index":3,"entry":1.12961,"level":1.12392,"target":1.12482,"accrued":0.00000,"clamped":false,"cost":0.00479,"cost_pips":47.9,"rolled":4,"was_ejected":false,"source":"auto","reroll":false,"from_level":0.00000}}
21,106,1790879661027,ea_event,ROLL_ACCEPTED,{"type":"ea_event","seq":61,"ea_time_ms":97249671,"magic":null,"level":"INFO","code":"ROLL_ACCEPTED","reason":null,"ticket":1979310753,"detail":{"ticket":1979310753,"side":"L","layer_index":4,"entry":1.12892,"level":1.12322,"target":1.12412,"accrued":0.00000,"clamped":false,"cost":0.00480,"cost_pips":48.0,"rolled":5,"was_ejected":false,"source":"auto","reroll":false,"from_level":0.00000}}
21,107,1790879813274,ea_event,,{"type":"fill_log","seq":62,"ea_time_ms":97249687,"magic":22260201,"deal_ticket":800000056,"order_ticket":9134,"position_id":900000056,"entry_type":"IN","deal_type":"SELL","side":"S","layer_index":0,"role":"ENT","deal_price":1.12388,"order_price_open":null,"slippage_pips":null,"volume":0.00,"profit":0.00,"swap":0.00,"commission":0.00,"deal_time_broker":"2026-10-01 18:36:53","deal_time_broker_msc":1790879813000,"halted_at_receipt":false,"quarantined_at_receipt":false}
21,108,1790879829777,ea_event,,{"type":"fill_log","seq":63,"ea_time_ms":97249687,"magic":22260201,"deal_ticket":800000057,"order_ticket":9140,"position_id":900000057,"entry_type":"IN","deal_type":"BUY","side":"L","layer_index":4,"role":"EXT","deal_price":1.12409,"order_price_open":null,"slippage_pips":null,"volume":0.00,"profit":0.00,"swap":0.00,"commission":0.00,"deal_time_broker":"2026-10-01 18:37:09","deal_time_broker_msc":1790879829000,"halted_at_receipt":false,"quarantined_at_receipt":false}
21,111,1790880603844,ea_event,,{"type":"fill_log","seq":64,"ea_time_ms":97249734,"magic":22260201,"deal_ticket":800000058,"order_ticket":9143,"position_id":900000058,"entry_type":"IN","deal_type":"SELL","side":"S","layer_index":0,"role":"EXT","deal_price":1.12301,"order_price_open":null,"slippage_pips":null,"volume":0.00,"profit":0.00,"swap":0.00,"commission":0.00,"deal_time_broker":"2026-10-01 18:50:03","deal_time_broker_msc":1790880603000,"halted_at_receipt":false,"quarantined_at_receipt":false}
21,114,1790882790733,ea_event,,{"type":"fill_log","seq":65,"ea_time_ms":97249843,"magic":22260201,"deal_ticket":800000059,"order_ticket":9145,"position_id":900000059,"entry_type":"IN","deal_type":"SELL","side":"S","layer_index":0,"role":"ENT","deal_price":1.12450,"order_price_open":null,"slippage_pips":null,"volume":0.00,"profit":0.00,"swap":0.00,"commission":0.00,"deal_time_broker":"2026-10-01 19:26:30","deal_time_broker_msc":1790882790000,"halted_at_receipt":false,"quarantined_at_receipt":false}
21,115,1790883096326,ea_event,,{"type":"fill_log","seq":66,"ea_time_ms":97249859,"magic":22260201,"deal_ticket":800000060,"order_ticket":9149,"position_id":900000060,"entry_type":"IN","deal_type":"SELL","side":"S","layer_index":0,"role":"EXT","deal_price":1.12361,"order_price_open":null,"slippage_pips":null,"volume":0.00,"profit":0.00,"swap":0.00,"commission":0.00,"deal_time_broker":"2026-10-01 19:31:36","deal_time_broker_msc":1790883096000,"halted_at_receipt":false,"quarantined_at_receipt":false}
21,118,1790883217140,ea_event,,{"type":"fill_log","seq":67,"ea_time_ms":97249859,"magic":22260201,"deal_ticket":800000061,"order_ticket":9146,"position_id":900000061,"entry_type":"IN","deal_type":"BUY","side":"L","layer_index":8,"role":"ENT","deal_price":1.12322,"order_price_open":null,"slippage_pips":null,"volume":0.00,"profit":0.00,"swap":0.00,"commission":0.00,"deal_time_broker":"2026-10-01 19:33:37","deal_time_broker_msc":1790883217000,"halted_at_receipt":false,"quarantined_at_receipt":false}
21,119,1790883659640,ea_event,ROLL_ACCEPTED,{"type":"ea_event","seq":68,"ea_time_ms":97249890,"magic":null,"level":"INFO","code":"ROLL_ACCEPTED","reason":null,"ticket":1979610295,"detail":{"ticket":1979610295,"side":"L","layer_index":5,"entry":1.12815,"level":1.12252,"target":1.12342,"accrued":0.00000,"clamped":false,"cost":0.00473,"cost_pips":47.3,"rolled":5,"was_ejected":false,"source":"auto","reroll":false,"from_level":0.00000}}
21,120,1790884315624,ea_event,ROLL_ACCEPTED,{"type":"ea_event","seq":69,"ea_time_ms":97249921,"magic":null,"level":"INFO","code":"ROLL_ACCEPTED","reason":null,"ticket":1979809150,"detail":{"ticket":1979809150,"side":"L","layer_index":6,"entry":1.12742,"level":1.12182,"target":1.12272,"accrued":0.00000,"clamped":false,"cost":0.00470,"cost_pips":47.0,"rolled":6,"was_ejected":false,"source":"auto","reroll":false,"from_level":0.00000}}
21,122,1790886041556,ea_event,STRAY_L0_CANCEL,{"type":"ea_event","seq":70,"ea_time_ms":97249984,"magic":null,"level":"WARN","code":"STRAY_L0_CANCEL","reason":null,"ticket":9150,"detail":{"side":"S","depth":1}}
21,122,1790886233849,ea_event,,{"type":"fill_log","seq":71,"ea_time_ms":97250000,"magic":22260201,"deal_ticket":800000062,"order_ticket":9153,"position_id":900000062,"entry_type":"IN","deal_type":"BUY","side":"L","layer_index":6,"role":"EXT","deal_price":1.12271,"order_price_open":null,"slippage_pips":null,"volume":0.00,"profit":0.00,"swap":0.00,"commission":0.00,"deal_time_broker":"2026-10-01 20:23:53","deal_time_broker_msc":1790886233000,"halted_at_receipt":false,"quarantined_at_receipt":false}
21,125,1790886305304,ea_event,,{"type":"fill_log","seq":72,"ea_time_ms":97250000,"magic":22260201,"deal_ticket":800000063,"order_ticket":9156,"position_id":900000063,"entry_type":"IN","deal_type":"SELL","side":"S","layer_index":1,"role":"ENT","deal_price":1.12293,"order_price_open":null,"slippage_pips":null,"volume":0.00,"profit":0.00,"swap":0.00,"commission":0.00,"deal_time_broker":"2026-10-01 20:25:05","deal_time_broker_msc":1790886305000,"halted_at_receipt":false,"quarantined_at_receipt":false}
21,126,1790886603142,ea_event,,{"type":"fill_log","seq":73,"ea_time_ms":97250015,"magic":22260201,"deal_ticket":800000064,"order_ticket":9157,"position_id":900000064,"entry_type":"IN","deal_type":"BUY","side":"L","layer_index":5,"role":"EXT","deal_price":1.12350,"order_price_open":null,"slippage_pips":null,"volume":0.00,"profit":0.00,"swap":0.00,"commission":0.00,"deal_time_broker":"2026-10-01 20:30:03","deal_time_broker_msc":1790886603000,"halted_at_receipt":false,"quarantined_at_receipt":false}
21,126,1790886603575,ea_event,,{"type":"fill_log","seq":74,"ea_time_ms":97250015,"magic":22260201,"deal_ticket":800000065,"order_ticket":700000065,"position_id":1979610295,"entry_type":"OUT_BY","deal_type":"SELL","side":null,"layer_index":null,"role":null,"deal_price":1.12350,"order_price_open":null,"slippage_pips":null,"volume":0.00,"profit":-4.65,"swap":0.00,"commission":0.00,"deal_time_broker":"2026-10-01 20:30:03","deal_time_broker_msc":1790886603000,"halted_at_receipt":false,"quarantined_at_receipt":false}
21,126,1790886603575,ea_event,ROLL_FILLED,{"type":"ea_event","seq":75,"ea_time_ms":97250015,"magic":null,"level":"INFO","code":"ROLL_FILLED","reason":null,"ticket":1979610295,"detail":{"ticket":1979610295,"level":1.12252}}
21,126,1790886603575,ea_event,,{"type":"fill_log","seq":76,"ea_time_ms":97250015,"magic":22260201,"deal_ticket":800000066,"order_ticket":700000065,"position_id":900000064,"entry_type":"OUT_BY","deal_type":"SELL","side":null,"layer_index":null,"role":null,"deal_price":1.12815,"order_price_open":null,"slippage_pips":null,"volume":0.00,"profit":0.00,"swap":0.00,"commission":0.00,"deal_time_broker":"2026-10-01 20:30:03","deal_time_broker_msc":1790886603000,"halted_at_receipt":false,"quarantined_at_receipt":false}
21,126,1790886603575,scalp,SCALP_CLOSED,{"close_time":"2026-10-01T20:30:03Z","instrument":"EURUSD","direction":"LONG","entry_price":1.12815,"exit_price":1.12350,"layer_depth":5,"stack_depth":7,"gross_pnl":-4.65,"instance_id":"GRIND_EURUSD_OPTD","ejected":false,"rolled":true,"broker_utc_offset_s":10800,"account_login":53077984}
21,126,1790886604650,ea_event,,{"type":"fill_log","seq":77,"ea_time_ms":97250015,"magic":22260201,"deal_ticket":800000067,"order_ticket":9160,"position_id":900000065,"entry_type":"IN","deal_type":"SELL","side":"S","layer_index":2,"role":"ENT","deal_price":1.12363,"order_price_open":null,"slippage_pips":null,"volume":0.00,"profit":0.00,"swap":0.00,"commission":0.00,"deal_time_broker":"2026-10-01 20:30:04","deal_time_broker_msc":1790886604000,"halted_at_receipt":false,"quarantined_at_receipt":false}
21,130,1790886644743,ea_event,,{"type":"fill_log","seq":78,"ea_time_ms":97250015,"magic":22260201,"deal_ticket":800000068,"order_ticket":9168,"position_id":900000066,"entry_type":"IN","deal_type":"SELL","side":"S","layer_index":3,"role":"ENT","deal_price":1.12409,"order_price_open":null,"slippage_pips":null,"volume":0.00,"profit":0.00,"swap":0.00,"commission":0.00,"deal_time_broker":"2026-10-01 20:30:44","deal_time_broker_msc":1790886644000,"halted_at_receipt":false,"quarantined_at_receipt":false}
21,131,1790886771939,ea_event,,{"type":"fill_log","seq":79,"ea_time_ms":97250031,"magic":22260201,"deal_ticket":800000069,"order_ticket":9171,"position_id":900000067,"entry_type":"IN","deal_type":"SELL","side":"S","layer_index":3,"role":"EXT","deal_price":1.12319,"order_price_open":null,"slippage_pips":null,"volume":0.00,"profit":0.00,"swap":0.00,"commission":0.00,"deal_time_broker":"2026-10-01 20:32:51","deal_time_broker_msc":1790886771000,"halted_at_receipt":false,"quarantined_at_receipt":false}
21,134,1790888097706,ea_event,,{"type":"fill_log","seq":80,"ea_time_ms":97250078,"magic":22260201,"deal_ticket":800000070,"order_ticket":9158,"position_id":900000068,"entry_type":"IN","deal_type":"BUY","side":"L","layer_index":9,"role":"ENT","deal_price":1.12252,"order_price_open":null,"slippage_pips":null,"volume":0.00,"profit":0.00,"swap":0.00,"commission":0.00,"deal_time_broker":"2026-10-01 20:54:57","deal_time_broker_msc":1790888097000,"halted_at_receipt":false,"quarantined_at_receipt":false}
21,135,1790888254267,ea_event,,{"type":"fill_log","seq":81,"ea_time_ms":97250093,"magic":22260201,"deal_ticket":800000071,"order_ticket":9172,"position_id":900000069,"entry_type":"IN","deal_type":"SELL","side":"S","layer_index":2,"role":"EXT","deal_price":1.12251,"order_price_open":null,"slippage_pips":null,"volume":0.00,"profit":0.00,"swap":0.00,"commission":0.00,"deal_time_broker":"2026-10-01 20:57:34","deal_time_broker_msc":1790888254000,"halted_at_receipt":false,"quarantined_at_receipt":false}
21,138,1790890495255,ea_event,,{"type":"fill_log","seq":82,"ea_time_ms":97250171,"magic":22260201,"deal_ticket":800000072,"order_ticket":9176,"position_id":900000070,"entry_type":"IN","deal_type":"BUY","side":"L","layer_index":9,"role":"EXT","deal_price":1.12346,"order_price_open":null,"slippage_pips":null,"volume":0.00,"profit":0.00,"swap":0.00,"commission":0.00,"deal_time_broker":"2026-10-01 21:34:55","deal_time_broker_msc":1790890495000,"halted_at_receipt":false,"quarantined_at_receipt":false}
21,141,1790890511122,ea_event,,{"type":"fill_log","seq":83,"ea_time_ms":97250171,"magic":22260201,"deal_ticket":800000073,"order_ticket":9178,"position_id":900000071,"entry_type":"IN","deal_type":"SELL","side":"S","layer_index":2,"role":"ENT","deal_price":1.12364,"order_price_open":null,"slippage_pips":null,"volume":0.00,"profit":0.00,"swap":0.00,"commission":0.00,"deal_time_broker":"2026-10-01 21:35:11","deal_time_broker_msc":1790890511000,"halted_at_receipt":false,"quarantined_at_receipt":false}
21,142,1790893724788,ea_event,,{"type":"fill_log","seq":84,"ea_time_ms":97250250,"magic":22260201,"deal_ticket":800000074,"order_ticket":9179,"position_id":900000072,"entry_type":"IN","deal_type":"BUY","side":"L","layer_index":8,"role":"EXT","deal_price":1.12412,"order_price_open":null,"slippage_pips":null,"volume":0.00,"profit":0.00,"swap":0.00,"commission":0.00,"deal_time_broker":"2026-10-01 22:28:44","deal_time_broker_msc":1790893724000,"halted_at_receipt":false,"quarantined_at_receipt":false}
21,145,1790893870765,ea_event,,{"type":"fill_log","seq":85,"ea_time_ms":97250265,"magic":22260201,"deal_ticket":800000075,"order_ticket":9182,"position_id":900000073,"entry_type":"IN","deal_type":"SELL","side":"S","layer_index":3,"role":"ENT","deal_price":1.12434,"order_price_open":null,"slippage_pips":null,"volume":0.00,"profit":0.00,"swap":0.00,"commission":0.00,"deal_time_broker":"2026-10-01 22:31:10","deal_time_broker_msc":1790893870000,"halted_at_receipt":false,"quarantined_at_receipt":false}
21,146,1790898627288,ea_event,CARRY_SNAPSHOT,{"type":"ea_event","seq":86,"ea_time_ms":97250359,"magic":null,"level":"INFO","code":"CARRY_SNAPSHOT","reason":"EURUSD","ticket":null,"detail":{"symbol":"EURUSD","swap_mode":1,"swap_long":-7.9900,"swap_short":1.3100,"multiplier":1,"day_of_week":4,"rollover3days":3,"digits":5,"point":0.00001000,"tick_value":1.00000000,"tick_size":0.00001000,"stops_level":0,"freeze_level":0,"long_pips":-0.799,"short_pips":0.131,"eligible_long":5,"eligible_short":4,"trade_mode_full":true,"mult_today":1,"mult_tomorrow":1,"accrued_swap_long":0.00,"accrued_swap_short":0.00}}
21,146,1790898687288,ea_event,CARRY_EXIT_SHIFT,{"type":"ea_event","seq":87,"ea_time_ms":97250359,"magic":null,"level":"INFO","code":"CARRY_EXIT_SHIFT","reason":"EURUSD","ticket":null,"detail":{"position_ticket":1979286947,"side":"long","layer_index":3,"accrued_ledger_pips":0.000,"pending_pips":-0.799,"accrued_pips_total":-0.799,"old_price":1.12482,"new_price":1.12490,"clamped":false,"sign_guard_skipped":false,"retcode":10009,"points_native_pips":-0.799}}
21,146,1790898747288,ea_event,CARRY_EXIT_SHIFT,{"type":"ea_event","seq":88,"ea_time_ms":97250359,"magic":null,"level":"INFO","code":"CARRY_EXIT_SHIFT","reason":"EURUSD","ticket":null,"detail":{"position_ticket":1979871646,"side":"long","layer_index":7,"accrued_ledger_pips":0.000,"pending_pips":-0.799,"accrued_pips_total":-0.799,"old_price":1.12762,"new_price":1.12770,"clamped":false,"sign_guard_skipped":false,"retcode":10009,"points_native_pips":-0.799}}
21,146,1790898747288,ea_event,CARRY_EXIT_SHIFT,{"type":"ea_event","seq":89,"ea_time_ms":97250359,"magic":null,"level":"INFO","code":"CARRY_EXIT_SHIFT","reason":"EURUSD","ticket":null,"detail":{"position_ticket":1980296061,"side":"short","layer_index":0,"accrued_ledger_pips":0.000,"pending_pips":0.131,"accrued_pips_total":0.131,"old_price":1.12136,"new_price":1.12137,"clamped":false,"sign_guard_skipped":false,"retcode":10009,"points_native_pips":0.131}}
21,146,1790898867288,ea_event,CARRY_EXIT_SHIFT,{"type":"ea_event","seq":90,"ea_time_ms":97250359,"magic":null,"level":"INFO","code":"CARRY_EXIT_SHIFT","reason":"EURUSD","ticket":null,"detail":{"position_ticket":1980659966,"side":"short","layer_index":3,"accrued_ledger_pips":0.000,"pending_pips":0.131,"accrued_pips_total":0.131,"old_price":1.12344,"new_price":1.12345,"clamped":false,"sign_guard_skipped":false,"retcode":10009,"points_native_pips":0.131}}
21,146,1790898867288,ea_event,CARRY_PASS_SUMMARY,{"type":"ea_event","seq":91,"ea_time_ms":97250359,"magic":null,"level":"INFO","code":"CARRY_PASS_SUMMARY","reason":"EURUSD","ticket":null,"detail":{"eligible":9,"shifted":4,"clamped":0,"skipped":0,"failed":0,"incomplete":false}}
22,-1,1790910024415,ea_event,,{"type":"fill_log","seq":0,"ea_time_ms":97250437,"magic":22260201,"deal_ticket":800000001,"order_ticket":1980743306,"position_id":900000001,"entry_type":"IN","deal_type":"BUY","side":"L","layer_index":3,"role":"EXT","deal_price":1.12494,"order_price_open":null,"slippage_pips":null,"volume":0.00,"profit":0.00,"swap":0.00,"commission":0.00,"deal_time_broker":"2026-10-02 03:00:24","deal_time_broker_msc":1790910024000,"halted_at_receipt":false,"quarantined_at_receipt":false}
22,2,1790911789215,ea_event,,{"type":"fill_log","seq":1,"ea_time_ms":97250468,"magic":22260201,"deal_ticket":800000002,"order_ticket":1980743315,"position_id":900000002,"entry_type":"IN","deal_type":"BUY","side":"L","layer_index":8,"role":"ENT","deal_price":1.12392,"order_price_open":null,"slippage_pips":null,"volume":0.00,"profit":0.00,"swap":0.00,"commission":0.00,"deal_time_broker":"2026-10-02 03:29:49","deal_time_broker_msc":1790911789000,"halted_at_receipt":false,"quarantined_at_receipt":false}
22,3,1790913555464,ea_event,,{"type":"fill_log","seq":2,"ea_time_ms":97250500,"magic":22260201,"deal_ticket":800000003,"order_ticket":1980748293,"position_id":900000003,"entry_type":"IN","deal_type":"SELL","side":"S","layer_index":3,"role":"EXT","deal_price":1.12345,"order_price_open":null,"slippage_pips":null,"volume":0.00,"profit":0.00,"swap":0.00,"commission":0.00,"deal_time_broker":"2026-10-02 03:59:15","deal_time_broker_msc":1790913555000,"halted_at_receipt":false,"quarantined_at_receipt":false}
22,6,1790915684595,ea_event,,{"type":"fill_log","seq":3,"ea_time_ms":97250531,"magic":22260201,"deal_ticket":800000004,"order_ticket":9002,"position_id":900000004,"entry_type":"IN","deal_type":"BUY","side":"L","layer_index":9,"role":"ENT","deal_price":1.12323,"order_price_open":null,"slippage_pips":null,"volume":0.00,"profit":0.00,"swap":0.00,"commission":0.00,"deal_time_broker":"2026-10-02 04:34:44","deal_time_broker_msc":1790915684000,"halted_at_receipt":false,"quarantined_at_receipt":false}
22,7,1790917500243,ea_event,,{"type":"fill_log","seq":4,"ea_time_ms":97250562,"magic":22260201,"deal_ticket":800000005,"order_ticket":9008,"position_id":900000005,"entry_type":"IN","deal_type":"BUY","side":"L","layer_index":9,"role":"EXT","deal_price":1.12414,"order_price_open":null,"slippage_pips":null,"volume":0.00,"profit":0.00,"swap":0.00,"commission":0.00,"deal_time_broker":"2026-10-02 05:05:00","deal_time_broker_msc":1790917500000,"halted_at_receipt":false,"quarantined_at_receipt":false}
22,10,1790919377079,ea_event,,{"type":"fill_log","seq":5,"ea_time_ms":97250578,"magic":22260201,"deal_ticket":800000006,"order_ticket":9005,"position_id":900000006,"entry_type":"IN","deal_type":"SELL","side":"S","layer_index":3,"role":"ENT","deal_price":1.12434,"order_price_open":null,"slippage_pips":null,"volume":0.00,"profit":0.00,"swap":0.00,"commission":0.00,"deal_time_broker":"2026-10-02 05:36:17","deal_time_broker_msc":1790919377000,"halted_at_receipt":false,"quarantined_at_receipt":false}
23,-1,1790921933362,ea_event,,{"type":"fill_log","seq":0,"ea_time_ms":97250625,"magic":22260201,"deal_ticket":800000001,"order_ticket":1981323545,"position_id":900000001,"entry_type":"IN","deal_type":"BUY","side":"L","layer_index":8,"role":"EXT","deal_price":1.12483,"order_price_open":null,"slippage_pips":null,"volume":0.00,"profit":0.00,"swap":0.00,"commission":0.00,"deal_time_broker":"2026-10-02 06:18:53","deal_time_broker_msc":1790921933000,"halted_at_receipt":false,"quarantined_at_receipt":false}
23,2,1790922492089,ea_event,,{"type":"fill_log","seq":1,"ea_time_ms":97250625,"magic":22260201,"deal_ticket":800000002,"order_ticket":1981389991,"position_id":900000002,"entry_type":"IN","deal_type":"SELL","side":"S","layer_index":4,"role":"ENT","deal_price":1.12504,"order_price_open":null,"slippage_pips":null,"volume":0.00,"profit":0.00,"swap":0.00,"commission":0.00,"deal_time_broker":"2026-10-02 06:28:12","deal_time_broker_msc":1790922492000,"halted_at_receipt":false,"quarantined_at_receipt":false}
23,3,1790931910005,ea_event,,{"type":"fill_log","seq":2,"ea_time_ms":97250750,"magic":22260201,"deal_ticket":800000003,"order_ticket":9000,"position_id":900000003,"entry_type":"IN","deal_type":"BUY","side":"L","layer_index":2,"role":"EXT","deal_price":1.12559,"order_price_open":null,"slippage_pips":null,"volume":0.00,"profit":0.00,"swap":0.00,"commission":0.00,"deal_time_broker":"2026-10-02 09:05:10","deal_time_broker_msc":1790931910000,"halted_at_receipt":false,"quarantined_at_receipt":false}
23,6,1790932339681,ea_event,,{"type":"fill_log","seq":3,"ea_time_ms":97250765,"magic":22260201,"deal_ticket":800000004,"order_ticket":9003,"position_id":900000004,"entry_type":"IN","deal_type":"SELL","side":"S","layer_index":5,"role":"ENT","deal_price":1.12574,"order_price_open":null,"slippage_pips":null,"volume":0.00,"profit":0.00,"swap":0.00,"commission":0.00,"deal_time_broker":"2026-10-02 09:12:19","deal_time_broker_msc":1790932339000,"halted_at_receipt":false,"quarantined_at_receipt":false}
23,7,1790936035245,ea_event,,{"type":"fill_log","seq":4,"ea_time_ms":97250875,"magic":22260201,"deal_ticket":800000005,"order_ticket":9005,"position_id":900000005,"entry_type":"IN","deal_type":"BUY","side":"L","layer_index":1,"role":"EXT","deal_price":1.12631,"order_price_open":null,"slippage_pips":null,"volume":0.00,"profit":0.00,"swap":0.00,"commission":0.00,"deal_time_broker":"2026-10-02 10:13:55","deal_time_broker_msc":1790936035000,"halted_at_receipt":false,"quarantined_at_receipt":false}
23,10,1790936075887,ea_event,,{"type":"fill_log","seq":5,"ea_time_ms":97250875,"magic":22260201,"deal_ticket":800000006,"order_ticket":9007,"position_id":900000006,"entry_type":"IN","deal_type":"SELL","side":"S","layer_index":6,"role":"ENT","deal_price":1.12644,"order_price_open":null,"slippage_pips":null,"volume":0.00,"profit":0.00,"swap":0.00,"commission":0.00,"deal_time_broker":"2026-10-02 10:14:35","deal_time_broker_msc":1790936075000,"halted_at_receipt":false,"quarantined_at_receipt":false}
23,11,1790937870332,ea_event,,{"type":"fill_log","seq":6,"ea_time_ms":97250921,"magic":22260201,"deal_ticket":800000007,"order_ticket":9012,"position_id":900000007,"entry_type":"IN","deal_type":"SELL","side":"S","layer_index":6,"role":"EXT","deal_price":1.12554,"order_price_open":null,"slippage_pips":null,"volume":0.00,"profit":0.00,"swap":0.00,"commission":0.00,"deal_time_broker":"2026-10-02 10:44:30","deal_time_broker_msc":1790937870000,"halted_at_receipt":false,"quarantined_at_receipt":false}
23,14,1790938669281,ea_event,,{"type":"fill_log","seq":7,"ea_time_ms":97250953,"magic":22260201,"deal_ticket":800000008,"order_ticket":9014,"position_id":900000008,"entry_type":"IN","deal_type":"SELL","side":"S","layer_index":6,"role":"ENT","deal_price":1.12643,"order_price_open":null,"slippage_pips":null,"volume":0.00,"profit":0.00,"swap":0.00,"commission":0.00,"deal_time_broker":"2026-10-02 10:57:49","deal_time_broker_msc":1790938669000,"halted_at_receipt":false,"quarantined_at_receipt":false}
23,15,1790940256632,ea_event,,{"type":"fill_log","seq":8,"ea_time_ms":97251000,"magic":22260201,"deal_ticket":800000009,"order_ticket":9017,"position_id":900000009,"entry_type":"IN","deal_type":"SELL","side":"S","layer_index":6,"role":"EXT","deal_price":1.12552,"order_price_open":null,"slippage_pips":null,"volume":0.00,"profit":0.00,"swap":0.00,"commission":0.00,"deal_time_broker":"2026-10-02 11:24:16","deal_time_broker_msc":1790940256000,"halted_at_receipt":false,"quarantined_at_receipt":false}
23,18,1790940669399,ea_event,,{"type":"fill_log","seq":9,"ea_time_ms":97251015,"magic":22260201,"deal_ticket":800000010,"order_ticket":9001,"position_id":900000010,"entry_type":"IN","deal_type":"BUY","side":"L","layer_index":8,"role":"ENT","deal_price":1.12531,"order_price_open":null,"slippage_pips":null,"volume":0.00,"profit":0.00,"swap":0.00,"commission":0.00,"deal_time_broker":"2026-10-02 11:31:09","deal_time_broker_msc":1790940669000,"halted_at_receipt":false,"quarantined_at_receipt":false}
23,19,1790941500573,ea_event,,{"type":"fill_log","seq":10,"ea_time_ms":97251046,"magic":22260201,"deal_ticket":800000011,"order_ticket":9018,"position_id":900000011,"entry_type":"IN","deal_type":"SELL","side":"S","layer_index":5,"role":"EXT","deal_price":1.12483,"order_price_open":null,"slippage_pips":null,"volume":0.00,"profit":0.00,"swap":0.00,"commission":0.00,"deal_time_broker":"2026-10-02 11:45:00","deal_time_broker_msc":1790941500000,"halted_at_receipt":false,"quarantined_at_receipt":false}
23,22,1790941623225,ea_event,,{"type":"fill_log","seq":11,"ea_time_ms":97251046,"magic":22260201,"deal_ticket":800000012,"order_ticket":9021,"position_id":900000012,"entry_type":"IN","deal_type":"BUY","side":"L","layer_index":9,"role":"ENT","deal_price":1.12461,"order_price_open":null,"slippage_pips":null,"volume":0.00,"profit":0.00,"swap":0.00,"commission":0.00,"deal_time_broker":"2026-10-02 11:47:03","deal_time_broker_msc":1790941623000,"halted_at_receipt":false,"quarantined_at_receipt":false}
23,23,1790946796442,ea_event,,{"type":"fill_log","seq":12,"ea_time_ms":97251187,"magic":22260201,"deal_ticket":800000013,"order_ticket":9023,"position_id":900000013,"entry_type":"IN","deal_type":"SELL","side":"S","layer_index":4,"role":"EXT","deal_price":1.12414,"order_price_open":null,"slippage_pips":null,"volume":0.00,"profit":0.00,"swap":0.00,"commission":0.00,"deal_time_broker":"2026-10-02 13:13:16","deal_time_broker_msc":1790946796000,"halted_at_receipt":false,"quarantined_at_receipt":false}
23,26,1790946929193,ea_event,,{"type":"fill_log","seq":13,"ea_time_ms":97251187,"magic":22260201,"deal_ticket":800000014,"order_ticket":9026,"position_id":900000014,"entry_type":"IN","deal_type":"BUY","side":"L","layer_index":10,"role":"ENT","deal_price":1.12388,"order_price_open":null,"slippage_pips":null,"volume":0.00,"profit":0.00,"swap":0.00,"commission":0.00,"deal_time_broker":"2026-10-02 13:15:29","deal_time_broker_msc":1790946929000,"halted_at_receipt":false,"quarantined_at_receipt":false}
23,27,1790947212476,ea_event,,{"type":"fill_log","seq":14,"ea_time_ms":97251203,"magic":22260201,"deal_ticket":800000015,"order_ticket":9028,"position_id":900000015,"entry_type":"IN","deal_type":"SELL","side":"S","layer_index":3,"role":"EXT","deal_price":1.12344,"order_price_open":null,"slippage_pips":null,"volume":0.00,"profit":0.00,"swap":0.00,"commission":0.00,"deal_time_broker":"2026-10-02 13:20:12","deal_time_broker_msc":1790947212000,"halted_at_receipt":false,"quarantined_at_receipt":false}
23,30,1790947244426,ea_event,,{"type":"fill_log","seq":15,"ea_time_ms":97251203,"magic":22260201,"deal_ticket":800000016,"order_ticket":9031,"position_id":900000016,"entry_type":"IN","deal_type":"BUY","side":"L","layer_index":11,"role":"ENT","deal_price":1.12318,"order_price_open":null,"slippage_pips":null,"volume":0.00,"profit":0.00,"swap":0.00,"commission":0.00,"deal_time_broker":"2026-10-02 13:20:44","deal_time_broker_msc":1790947244000,"halted_at_receipt":false,"quarantined_at_receipt":false}
23,31,1790949893875,ea_event,,{"type":"fill_log","seq":16,"ea_time_ms":97251296,"magic":22260201,"deal_ticket":800000017,"order_ticket":9033,"position_id":900000017,"entry_type":"IN","deal_type":"SELL","side":"S","layer_index":2,"role":"EXT","deal_price":1.12277,"order_price_open":null,"slippage_pips":null,"volume":0.00,"profit":0.00,"swap":0.00,"commission":0.00,"deal_time_broker":"2026-10-02 14:04:53","deal_time_broker_msc":1790949893000,"halted_at_receipt":false,"quarantined_at_receipt":false}
23,34,1790950632657,ea_event,,{"type":"fill_log","seq":17,"ea_time_ms":97251328,"magic":22260201,"deal_ticket":800000018,"order_ticket":9039,"position_id":900000018,"entry_type":"IN","deal_type":"SELL","side":"S","layer_index":2,"role":"ENT","deal_price":1.12364,"order_price_open":null,"slippage_pips":null,"volume":0.00,"profit":0.00,"swap":0.00,"commission":0.00,"deal_time_broker":"2026-10-02 14:17:12","deal_time_broker_msc":1790950632000,"halted_at_receipt":false,"quarantined_at_receipt":false}
23,35,1790951070286,ea_event,,{"type":"fill_log","seq":18,"ea_time_ms":97251343,"magic":22260201,"deal_ticket":800000019,"order_ticket":9037,"position_id":900000019,"entry_type":"IN","deal_type":"BUY","side":"L","layer_index":11,"role":"EXT","deal_price":1.12408,"order_price_open":null,"slippage_pips":null,"volume":0.00,"profit":0.00,"swap":0.00,"commission":0.00,"deal_time_broker":"2026-10-02 14:24:30","deal_time_broker_msc":1790951070000,"halted_at_receipt":false,"quarantined_at_receipt":false}
23,38,1790952797066,ea_event,,{"type":"fill_log","seq":19,"ea_time_ms":97251390,"magic":22260201,"deal_ticket":800000020,"order_ticket":9044,"position_id":900000020,"entry_type":"IN","deal_type":"BUY","side":"L","layer_index":11,"role":"ENT","deal_price":1.12317,"order_price_open":null,"slippage_pips":null,"volume":0.00,"profit":0.00,"swap":0.00,"commission":0.00,"deal_time_broker":"2026-10-02 14:53:17","deal_time_broker_msc":1790952797000,"halted_at_receipt":false,"quarantined_at_receipt":false}
23,39,1790953552360,ea_event,,{"type":"fill_log","seq":20,"ea_time_ms":97251421,"magic":22260201,"deal_ticket":800000021,"order_ticket":9042,"position_id":900000021,"entry_type":"IN","deal_type":"SELL","side":"S","layer_index":2,"role":"EXT","deal_price":1.12273,"order_price_open":null,"slippage_pips":null,"volume":0.00,"profit":0.00,"swap":0.00,"commission":0.00,"deal_time_broker":"2026-10-02 15:05:52","deal_time_broker_msc":1790953552000,"halted_at_receipt":false,"quarantined_at_receipt":false}
23,42,1790953711719,ea_event,,{"type":"fill_log","seq":21,"ea_time_ms":97251437,"magic":22260201,"deal_ticket":800000022,"order_ticket":9046,"position_id":900000022,"entry_type":"IN","deal_type":"BUY","side":"L","layer_index":12,"role":"ENT","deal_price":1.12247,"order_price_open":null,"slippage_pips":null,"volume":0.00,"profit":0.00,"swap":0.00,"commission":0.00,"deal_time_broker":"2026-10-02 15:08:31","deal_time_broker_msc":1790953711000,"halted_at_receipt":false,"quarantined_at_receipt":false}
23,43,1790954998827,ea_event,,{"type":"fill_log","seq":22,"ea_time_ms":97251484,"magic":22260201,"deal_ticket":800000023,"order_ticket":9052,"position_id":900000023,"entry_type":"IN","deal_type":"BUY","side":"L","layer_index":12,"role":"EXT","deal_price":1.12337,"order_price_open":null,"slippage_pips":null,"volume":0.00,"profit":0.00,"swap":0.00,"commission":0.00,"deal_time_broker":"2026-10-02 15:29:58","deal_time_broker_msc":1790954998000,"halted_at_receipt":false,"quarantined_at_receipt":false}
23,46,1790955002599,ea_event,,{"type":"fill_log","seq":23,"ea_time_ms":97251484,"magic":22260201,"deal_ticket":800000024,"order_ticket":9049,"position_id":900000024,"entry_type":"IN","deal_type":"SELL","side":"S","layer_index":2,"role":"ENT","deal_price":1.12573,"order_price_open":null,"slippage_pips":null,"volume":0.00,"profit":0.00,"swap":0.00,"commission":0.00,"deal_time_broker":"2026-10-02 15:30:02","deal_time_broker_msc":1790955002000,"halted_at_receipt":false,"quarantined_at_receipt":false}
23,46,1790955003716,ea_event,,{"type":"fill_log","seq":24,"ea_time_ms":97251484,"magic":22260201,"deal_ticket":800000025,"order_ticket":9053,"position_id":900000025,"entry_type":"IN","deal_type":"BUY","side":"L","layer_index":11,"role":"EXT","deal_price":1.12573,"order_price_open":null,"slippage_pips":null,"volume":0.00,"profit":0.00,"swap":0.00,"commission":0.00,"deal_time_broker":"2026-10-02 15:30:02","deal_time_broker_msc":1790955002000,"halted_at_receipt":false,"quarantined_at_receipt":false}
23,46,1790955004010,ea_event,,{"type":"fill_log","seq":25,"ea_time_ms":97251484,"magic":22260201,"deal_ticket":800000026,"order_ticket":700000026,"position_id":1982596877,"entry_type":"OUT_BY","deal_type":"SELL","side":null,"layer_index":null,"role":null,"deal_price":1.12573,"order_price_open":null,"slippage_pips":null,"volume":0.00,"profit":2.56,"swap":0.00,"commission":0.00,"deal_time_broker":"2026-10-02 15:30:04","deal_time_broker_msc":1790955004000,"halted_at_receipt":false,"quarantined_at_receipt":false}
23,46,1790955004010,ea_event,,{"type":"fill_log","seq":26,"ea_time_ms":97251484,"magic":22260201,"deal_ticket":800000027,"order_ticket":700000026,"position_id":900000025,"entry_type":"OUT_BY","deal_type":"SELL","side":null,"layer_index":null,"role":null,"deal_price":1.12317,"order_price_open":null,"slippage_pips":null,"volume":0.00,"profit":0.00,"swap":0.00,"commission":0.00,"deal_time_broker":"2026-10-02 15:30:04","deal_time_broker_msc":1790955004000,"halted_at_receipt":false,"quarantined_at_receipt":false}
23,46,1790955004010,scalp,SCALP_CLOSED,{"close_time":"2026-10-02T15:30:04Z","instrument":"EURUSD","direction":"LONG","entry_price":1.12317,"exit_price":1.12573,"layer_depth":11,"stack_depth":6,"gross_pnl":2.56,"instance_id":"GRIND_EURUSD_OPTD","ejected":false,"rolled":false,"broker_utc_offset_s":10800,"account_login":53077984}
23,46,1790955005731,ea_event,,{"type":"fill_log","seq":27,"ea_time_ms":97251484,"magic":22260201,"deal_ticket":800000028,"order_ticket":9057,"position_id":900000026,"entry_type":"IN","deal_type":"BUY","side":"L","layer_index":10,"role":"EXT","deal_price":1.12600,"order_price_open":null,"slippage_pips":null,"volume":0.00,"profit":0.00,"swap":0.00,"commission":0.00,"deal_time_broker":"2026-10-02 15:30:05","deal_time_broker_msc":1790955005000,"halted_at_receipt":false,"quarantined_at_receipt":false}
23,46,1790955007503,ea_event,,{"type":"fill_log","seq":28,"ea_time_ms":97251484,"magic":22260201,"deal_ticket":800000029,"order_ticket":700000029,"position_id":1982235477,"entry_type":"OUT_BY","deal_type":"SELL","side":null,"layer_index":null,"role":null,"deal_price":1.12600,"order_price_open":null,"slippage_pips":null,"volume":0.00,"profit":2.12,"swap":0.00,"commission":0.00,"deal_time_broker":"2026-10-02 15:30:07","deal_time_broker_msc":1790955007000,"halted_at_receipt":false,"quarantined_at_receipt":false}
23,46,1790955007503,ea_event,,{"type":"fill_log","seq":29,"ea_time_ms":97251484,"magic":22260201,"deal_ticket":800000030,"order_ticket":700000029,"position_id":900000026,"entry_type":"OUT_BY","deal_type":"SELL","side":null,"layer_index":null,"role":null,"deal_price":1.12388,"order_price_open":null,"slippage_pips":null,"volume":0.00,"profit":0.00,"swap":0.00,"commission":0.00,"deal_time_broker":"2026-10-02 15:30:07","deal_time_broker_msc":1790955007000,"halted_at_receipt":false,"quarantined_at_receipt":false}
23,46,1790955007503,scalp,SCALP_CLOSED,{"close_time":"2026-10-02T15:30:07Z","instrument":"EURUSD","direction":"LONG","entry_price":1.12388,"exit_price":1.12600,"layer_depth":10,"stack_depth":5,"gross_pnl":2.12,"instance_id":"GRIND_EURUSD_OPTD","ejected":false,"rolled":false,"broker_utc_offset_s":10800,"account_login":53077984}
23,48,1790955015160,ea_event,,{"type":"fill_log","seq":30,"ea_time_ms":97251484,"magic":22260201,"deal_ticket":800000031,"order_ticket":9062,"position_id":900000027,"entry_type":"IN","deal_type":"SELL","side":"S","layer_index":2,"role":"EXT","deal_price":1.12417,"order_price_open":null,"slippage_pips":null,"volume":0.00,"profit":0.00,"swap":0.00,"commission":0.00,"deal_time_broker":"2026-10-02 15:30:15","deal_time_broker_msc":1790955015000,"halted_at_receipt":false,"quarantined_at_receipt":false}
23,48,1790955015594,ea_event,,{"type":"fill_log","seq":31,"ea_time_ms":97251484,"magic":22260201,"deal_ticket":800000032,"order_ticket":700000032,"position_id":1982700916,"entry_type":"OUT_BY","deal_type":"SELL","side":null,"layer_index":null,"role":null,"deal_price":1.12417,"order_price_open":null,"slippage_pips":null,"volume":0.00,"profit":0.95,"swap":0.00,"commission":0.00,"deal_time_broker":"2026-10-02 15:30:15","deal_time_broker_msc":1790955015000,"halted_at_receipt":false,"quarantined_at_receipt":false}
23,48,1790955015594,ea_event,,{"type":"fill_log","seq":32,"ea_time_ms":97251484,"magic":22260201,"deal_ticket":800000033,"order_ticket":700000032,"position_id":900000027,"entry_type":"OUT_BY","deal_type":"SELL","side":null,"layer_index":null,"role":null,"deal_price":1.12512,"order_price_open":null,"slippage_pips":null,"volume":0.00,"profit":0.00,"swap":0.00,"commission":0.00,"deal_time_broker":"2026-10-02 15:30:15","deal_time_broker_msc":1790955015000,"halted_at_receipt":false,"quarantined_at_receipt":false}
23,48,1790955015594,scalp,SCALP_CLOSED,{"close_time":"2026-10-02T15:30:15Z","instrument":"EURUSD","direction":"SHORT","entry_price":1.12512,"exit_price":1.12417,"layer_depth":2,"stack_depth":3,"gross_pnl":0.95,"instance_id":"GRIND_EURUSD_OPTD","ejected":false,"rolled":false,"broker_utc_offset_s":10800,"account_login":53077984}
23,48,1790955018770,ea_event,,{"type":"fill_log","seq":33,"ea_time_ms":97251484,"magic":22260201,"deal_ticket":800000034,"order_ticket":9065,"position_id":900000028,"entry_type":"IN","deal_type":"SELL","side":"S","layer_index":2,"role":"ENT","deal_price":1.12419,"order_price_open":null,"slippage_pips":null,"volume":0.00,"profit":0.00,"swap":0.00,"commission":0.00,"deal_time_broker":"2026-10-02 15:30:18","deal_time_broker_msc":1790955018000,"halted_at_receipt":false,"quarantined_at_receipt":false}
23,53,1790955024186,ea_event,,{"type":"fill_log","seq":34,"ea_time_ms":97251484,"magic":22260201,"deal_ticket":800000035,"order_ticket":9070,"position_id":900000029,"entry_type":"IN","deal_type":"SELL","side":"S","layer_index":2,"role":"ENT","deal_price":1.12445,"order_price_open":null,"slippage_pips":null,"volume":0.00,"profit":0.00,"swap":0.00,"commission":0.00,"deal_time_broker":"2026-10-02 15:30:24","deal_time_broker_msc":1790955024000,"halted_at_receipt":false,"quarantined_at_receipt":false}
23,53,1790955026596,ea_event,,{"type":"fill_log","seq":35,"ea_time_ms":97251484,"magic":22260201,"deal_ticket":800000036,"order_ticket":9061,"position_id":900000030,"entry_type":"IN","deal_type":"BUY","side":"L","layer_index":10,"role":"EXT","deal_price":1.12482,"order_price_open":null,"slippage_pips":null,"volume":0.00,"profit":0.00,"swap":0.00,"commission":0.00,"deal_time_broker":"2026-10-02 15:30:26","deal_time_broker_msc":1790955026000,"halted_at_receipt":false,"quarantined_at_receipt":false}
23,53,1790955027031,ea_event,,{"type":"fill_log","seq":36,"ea_time_ms":97251484,"magic":22260201,"deal_ticket":800000037,"order_ticket":700000037,"position_id":1982235477,"entry_type":"OUT_BY","deal_type":"SELL","side":null,"layer_index":null,"role":null,"deal_price":1.12482,"order_price_open":null,"slippage_pips":null,"volume":0.00,"profit":0.94,"swap":0.00,"commission":0.00,"deal_time_broker":"2026-10-02 15:30:27","deal_time_broker_msc":1790955027000,"halted_at_receipt":false,"quarantined_at_receipt":false}
23,53,1790955027031,ea_event,,{"type":"fill_log","seq":37,"ea_time_ms":97251484,"magic":22260201,"deal_ticket":800000038,"order_ticket":700000037,"position_id":900000030,"entry_type":"OUT_BY","deal_type":"SELL","side":null,"layer_index":null,"role":null,"deal_price":1.12388,"order_price_open":null,"slippage_pips":null,"volume":0.00,"profit":0.00,"swap":0.00,"commission":0.00,"deal_time_broker":"2026-10-02 15:30:27","deal_time_broker_msc":1790955027000,"halted_at_receipt":false,"quarantined_at_receipt":false}
23,53,1790955027031,scalp,SCALP_CLOSED,{"close_time":"2026-10-02T15:30:27Z","instrument":"EURUSD","direction":"LONG","entry_price":1.12388,"exit_price":1.12482,"layer_depth":10,"stack_depth":5,"gross_pnl":0.94,"instance_id":"GRIND_EURUSD_OPTD","ejected":false,"rolled":false,"broker_utc_offset_s":10800,"account_login":53077984}
23,54,1790955029408,ea_event,,{"type":"fill_log","seq":38,"ea_time_ms":97251484,"magic":22260201,"deal_ticket":800000039,"order_ticket":9074,"position_id":900000031,"entry_type":"IN","deal_type":"BUY","side":"L","layer_index":10,"role":"EXT","deal_price":1.12482,"order_price_open":null,"slippage_pips":null,"volume":0.00,"profit":0.00,"swap":0.00,"commission":0.00,"deal_time_broker":"2026-10-02 15:30:29","deal_time_broker_msc":1790955029000,"halted_at_receipt":false,"quarantined_at_receipt":false}
23,54,1790955029846,ea_event,,{"type":"fill_log","seq":39,"ea_time_ms":97251484,"magic":22260201,"deal_ticket":800000040,"order_ticket":700000040,"position_id":1982235477,"entry_type":"OUT_BY","deal_type":"SELL","side":null,"layer_index":null,"role":null,"deal_price":1.12482,"order_price_open":null,"slippage_pips":null,"volume":0.00,"profit":0.94,"swap":0.00,"commission":0.00,"deal_time_broker":"2026-10-02 15:30:29","deal_time_broker_msc":1790955029000,"halted_at_receipt":false,"quarantined_at_receipt":false}
23,54,1790955029846,ea_event,,{"type":"fill_log","seq":40,"ea_time_ms":97251484,"magic":22260201,"deal_ticket":800000041,"order_ticket":700000040,"position_id":900000031,"entry_type":"OUT_BY","deal_type":"SELL","side":null,"layer_index":null,"role":null,"deal_price":1.12388,"order_price_open":null,"slippage_pips":null,"volume":0.00,"profit":0.00,"swap":0.00,"commission":0.00,"deal_time_broker":"2026-10-02 15:30:29","deal_time_broker_msc":1790955029000,"halted_at_receipt":false,"quarantined_at_receipt":false}
23,54,1790955029846,scalp,SCALP_CLOSED,{"close_time":"2026-10-02T15:30:29Z","instrument":"EURUSD","direction":"LONG","entry_price":1.12388,"exit_price":1.12482,"layer_depth":10,"stack_depth":5,"gross_pnl":0.94,"instance_id":"GRIND_EURUSD_OPTD","ejected":false,"rolled":false,"broker_utc_offset_s":10800,"account_login":53077984}
23,57,1790955083587,ea_event,,{"type":"fill_log","seq":41,"ea_time_ms":97251484,"magic":22260201,"deal_ticket":800000042,"order_ticket":9072,"position_id":900000032,"entry_type":"IN","deal_type":"SELL","side":"S","layer_index":3,"role":"ENT","deal_price":1.12558,"order_price_open":null,"slippage_pips":null,"volume":0.00,"profit":0.00,"swap":0.00,"commission":0.00,"deal_time_broker":"2026-10-02 15:31:23","deal_time_broker_msc":1790955083000,"halted_at_receipt":false,"quarantined_at_receipt":false}
23,57,1790955084704,ea_event,,{"type":"fill_log","seq":42,"ea_time_ms":97251484,"magic":22260201,"deal_ticket":800000043,"order_ticket":9076,"position_id":900000033,"entry_type":"IN","deal_type":"BUY","side":"L","layer_index":9,"role":"EXT","deal_price":1.12558,"order_price_open":null,"slippage_pips":null,"volume":0.00,"profit":0.00,"swap":0.00,"commission":0.00,"deal_time_broker":"2026-10-02 15:31:23","deal_time_broker_msc":1790955083000,"halted_at_receipt":false,"quarantined_at_receipt":false}
23,61,1790955207879,ea_event,,{"type":"fill_log","seq":43,"ea_time_ms":97251500,"magic":22260201,"deal_ticket":800000044,"order_ticket":9081,"position_id":900000034,"entry_type":"IN","deal_type":"SELL","side":"S","layer_index":3,"role":"EXT","deal_price":1.12467,"order_price_open":null,"slippage_pips":null,"volume":0.00,"profit":0.00,"swap":0.00,"commission":0.00,"deal_time_broker":"2026-10-02 15:33:27","deal_time_broker_msc":1790955207000,"halted_at_receipt":false,"quarantined_at_receipt":false}
23,64,1790955212090,ea_event,,{"type":"fill_log","seq":44,"ea_time_ms":97251500,"magic":22260201,"deal_ticket":800000045,"order_ticket":9082,"position_id":900000035,"entry_type":"IN","deal_type":"BUY","side":"L","layer_index":9,"role":"ENT","deal_price":1.12456,"order_price_open":null,"slippage_pips":null,"volume":0.00,"profit":0.00,"swap":0.00,"commission":0.00,"deal_time_broker":"2026-10-02 15:33:32","deal_time_broker_msc":1790955212000,"halted_at_receipt":false,"quarantined_at_receipt":false}
23,65,1790955769240,ea_event,,{"type":"fill_log","seq":45,"ea_time_ms":97251546,"magic":22260201,"deal_ticket":800000046,"order_ticket":9083,"position_id":900000036,"entry_type":"IN","deal_type":"SELL","side":"S","layer_index":2,"role":"EXT","deal_price":1.12392,"order_price_open":null,"slippage_pips":null,"volume":0.00,"profit":0.00,"swap":0.00,"commission":0.00,"deal_time_broker":"2026-10-02 15:42:49","deal_time_broker_msc":1790955769000,"halted_at_receipt":false,"quarantined_at_receipt":false}
23,68,1790955771056,ea_event,,{"type":"fill_log","seq":46,"ea_time_ms":97251546,"magic":22260201,"deal_ticket":800000047,"order_ticket":9086,"position_id":900000037,"entry_type":"IN","deal_type":"BUY","side":"L","layer_index":10,"role":"ENT","deal_price":1.12384,"order_price_open":null,"slippage_pips":null,"volume":0.00,"profit":0.00,"swap":0.00,"commission":0.00,"deal_time_broker":"2026-10-02 15:42:50","deal_time_broker_msc":1790955770000,"halted_at_receipt":false,"quarantined_at_receipt":false}
23,69,1790955771636,ea_event,,{"type":"fill_log","seq":47,"ea_time_ms":97251546,"magic":22260201,"deal_ticket":800000048,"order_ticket":9089,"position_id":900000038,"entry_type":"IN","deal_type":"SELL","side":"S","layer_index":2,"role":"ENT","deal_price":1.12387,"order_price_open":null,"slippage_pips":null,"volume":0.00,"profit":0.00,"swap":0.00,"commission":0.00,"deal_time_broker":"2026-10-02 15:42:51","deal_time_broker_msc":1790955771000,"halted_at_receipt":false,"quarantined_at_receipt":false}
23,70,1790955977630,ea_event,,{"type":"fill_log","seq":48,"ea_time_ms":97251562,"magic":22260201,"deal_ticket":800000049,"order_ticket":9094,"position_id":900000039,"entry_type":"IN","deal_type":"SELL","side":"S","layer_index":3,"role":"ENT","deal_price":1.12463,"order_price_open":null,"slippage_pips":null,"volume":0.00,"profit":0.00,"swap":0.00,"commission":0.00,"deal_time_broker":"2026-10-02 15:46:17","deal_time_broker_msc":1790955977000,"halted_at_receipt":false,"quarantined_at_receipt":false}
23,71,1790955985878,ea_event,,{"type":"fill_log","seq":49,"ea_time_ms":97251562,"magic":22260201,"deal_ticket":800000050,"order_ticket":9092,"position_id":900000040,"entry_type":"IN","deal_type":"BUY","side":"L","layer_index":10,"role":"EXT","deal_price":1.12476,"order_price_open":null,"slippage_pips":null,"volume":0.00,"profit":0.00,"swap":0.00,"commission":0.00,"deal_time_broker":"2026-10-02 15:46:25","deal_time_broker_msc":1790955985000,"halted_at_receipt":false,"quarantined_at_receipt":false}
23,74,1790956236987,ea_event,,{"type":"fill_log","seq":50,"ea_time_ms":97251593,"magic":22260201,"deal_ticket":800000051,"order_ticket":9097,"position_id":900000041,"entry_type":"IN","deal_type":"SELL","side":"S","layer_index":4,"role":"ENT","deal_price":1.12533,"order_price_open":null,"slippage_pips":null,"volume":0.00,"profit":0.00,"swap":0.00,"commission":0.00,"deal_time_broker":"2026-10-02 15:50:36","deal_time_broker_msc":1790956236000,"halted_at_receipt":false,"quarantined_at_receipt":false}
23,75,1790956454385,ea_event,,{"type":"fill_log","seq":51,"ea_time_ms":97251609,"magic":22260201,"deal_ticket":800000052,"order_ticket":9099,"position_id":900000042,"entry_type":"IN","deal_type":"BUY","side":"L","layer_index":9,"role":"EXT","deal_price":1.12548,"order_price_open":null,"slippage_pips":null,"volume":0.00,"profit":0.00,"swap":0.00,"commission":0.00,"deal_time_broker":"2026-10-02 15:54:14","deal_time_broker_msc":1790956454000,"halted_at_receipt":false,"quarantined_at_receipt":false}
23,78,1790956547048,ea_event,,{"type":"fill_log","seq":52,"ea_time_ms":97251609,"magic":22260201,"deal_ticket":800000053,"order_ticket":9102,"position_id":900000043,"entry_type":"IN","deal_type":"SELL","side":"S","layer_index":5,"role":"ENT","deal_price":1.12602,"order_price_open":null,"slippage_pips":null,"volume":0.00,"profit":0.00,"swap":0.00,"commission":0.00,"deal_time_broker":"2026-10-02 15:55:47","deal_time_broker_msc":1790956547000,"halted_at_receipt":false,"quarantined_at_receipt":false}
23,79,1790956708601,ea_event,,{"type":"fill_log","seq":53,"ea_time_ms":97251625,"magic":22260201,"deal_ticket":800000054,"order_ticket":9104,"position_id":900000044,"entry_type":"IN","deal_type":"BUY","side":"L","layer_index":8,"role":"EXT","deal_price":1.12621,"order_price_open":null,"slippage_pips":null,"volume":0.00,"profit":0.00,"swap":0.00,"commission":0.00,"deal_time_broker":"2026-10-02 15:58:28","deal_time_broker_msc":1790956708000,"halted_at_receipt":false,"quarantined_at_receipt":false}
23,82,1790957242326,ea_event,,{"type":"fill_log","seq":54,"ea_time_ms":97251656,"magic":22260201,"deal_ticket":800000055,"order_ticket":9110,"position_id":900000045,"entry_type":"IN","deal_type":"BUY","side":"L","layer_index":8,"role":"ENT","deal_price":1.12533,"order_price_open":null,"slippage_pips":null,"volume":0.00,"profit":0.00,"swap":0.00,"commission":0.00,"deal_time_broker":"2026-10-02 16:07:22","deal_time_broker_msc":1790957242000,"halted_at_receipt":false,"quarantined_at_receipt":false}
23,83,1790957349955,ea_event,,{"type":"fill_log","seq":55,"ea_time_ms":97251671,"magic":22260201,"deal_ticket":800000056,"order_ticket":9108,"position_id":900000046,"entry_type":"IN","deal_type":"SELL","side":"S","layer_index":5,"role":"EXT","deal_price":1.12510,"order_price_open":null,"slippage_pips":null,"volume":0.00,"profit":0.00,"swap":0.00,"commission":0.00,"deal_time_broker":"2026-10-02 16:09:09","deal_time_broker_msc":1790957349000,"halted_at_receipt":false,"quarantined_at_receipt":false}
23,86,1790957688769,ea_event,,{"type":"fill_log","seq":56,"ea_time_ms":97251687,"magic":22260201,"deal_ticket":800000057,"order_ticket":9112,"position_id":900000047,"entry_type":"IN","deal_type":"BUY","side":"L","layer_index":9,"role":"ENT","deal_price":1.12463,"order_price_open":null,"slippage_pips":null,"volume":0.00,"profit":0.00,"swap":0.00,"commission":0.00,"deal_time_broker":"2026-10-02 16:14:48","deal_time_broker_msc":1790957688000,"halted_at_receipt":false,"quarantined_at_receipt":false}
23,87,1790958101755,ea_event,,{"type":"fill_log","seq":57,"ea_time_ms":97251703,"magic":22260201,"deal_ticket":800000058,"order_ticket":9114,"position_id":900000048,"entry_type":"IN","deal_type":"SELL","side":"S","layer_index":4,"role":"EXT","deal_price":1.12441,"order_price_open":null,"slippage_pips":null,"volume":0.00,"profit":0.00,"swap":0.00,"commission":0.00,"deal_time_broker":"2026-10-02 16:21:41","deal_time_broker_msc":1790958101000,"halted_at_receipt":false,"quarantined_at_receipt":false}
23,90,1790958562407,ea_event,,{"type":"fill_log","seq":58,"ea_time_ms":97251734,"magic":22260201,"deal_ticket":800000059,"order_ticket":9120,"position_id":900000049,"entry_type":"IN","deal_type":"SELL","side":"S","layer_index":4,"role":"ENT","deal_price":1.12535,"order_price_open":null,"slippage_pips":null,"volume":0.00,"profit":0.00,"swap":0.00,"commission":0.00,"deal_time_broker":"2026-10-02 16:29:22","deal_time_broker_msc":1790958562000,"halted_at_receipt":false,"quarantined_at_receipt":false}
23,91,1790959498039,ea_event,,{"type":"fill_log","seq":59,"ea_time_ms":97251781,"magic":22260201,"deal_ticket":800000060,"order_ticket":9118,"position_id":900000050,"entry_type":"IN","deal_type":"BUY","side":"L","layer_index":9,"role":"EXT","deal_price":1.12556,"order_price_open":null,"slippage_pips":null,"volume":0.00,"profit":0.00,"swap":0.00,"commission":0.00,"deal_time_broker":"2026-10-02 16:44:58","deal_time_broker_msc":1790959498000,"halted_at_receipt":false,"quarantined_at_receipt":false}
23,94,1790959652690,ea_event,,{"type":"fill_log","seq":60,"ea_time_ms":97251796,"magic":22260201,"deal_ticket":800000061,"order_ticket":9122,"position_id":900000051,"entry_type":"IN","deal_type":"SELL","side":"S","layer_index":5,"role":"ENT","deal_price":1.12606,"order_price_open":null,"slippage_pips":null,"volume":0.00,"profit":0.00,"swap":0.00,"commission":0.00,"deal_time_broker":"2026-10-02 16:47:32","deal_time_broker_msc":1790959652000,"halted_at_receipt":false,"quarantined_at_receipt":false}
23,95,1790959760779,ea_event,,{"type":"fill_log","seq":61,"ea_time_ms":97251796,"magic":22260201,"deal_ticket":800000062,"order_ticket":9124,"position_id":900000052,"entry_type":"IN","deal_type":"BUY","side":"L","layer_index":8,"role":"EXT","deal_price":1.12626,"order_price_open":null,"slippage_pips":null,"volume":0.00,"profit":0.00,"swap":0.00,"commission":0.00,"deal_time_broker":"2026-10-02 16:49:20","deal_time_broker_msc":1790959760000,"halted_at_receipt":false,"quarantined_at_receipt":false}
23,98,1790959839539,ea_event,,{"type":"fill_log","seq":62,"ea_time_ms":97251796,"magic":22260201,"deal_ticket":800000063,"order_ticket":9127,"position_id":900000053,"entry_type":"IN","deal_type":"SELL","side":"S","layer_index":6,"role":"ENT","deal_price":1.12678,"order_price_open":null,"slippage_pips":null,"volume":0.00,"profit":0.00,"swap":0.00,"commission":0.00,"deal_time_broker":"2026-10-02 16:50:39","deal_time_broker_msc":1790959839000,"halted_at_receipt":false,"quarantined_at_receipt":false}
23,99,1790960263446,ea_event,,{"type":"fill_log","seq":63,"ea_time_ms":97251828,"magic":22260201,"deal_ticket":800000064,"order_ticket":9129,"position_id":900000054,"entry_type":"IN","deal_type":"BUY","side":"L","layer_index":0,"role":"EXT","deal_price":1.12717,"order_price_open":null,"slippage_pips":null,"volume":0.00,"profit":0.00,"swap":0.00,"commission":0.00,"deal_time_broker":"2026-10-02 16:57:43","deal_time_broker_msc":1790960263000,"halted_at_receipt":false,"quarantined_at_receipt":false}
23,99,1790960263881,ea_event,,{"type":"fill_log","seq":64,"ea_time_ms":97251828,"magic":22260201,"deal_ticket":800000065,"order_ticket":700000065,"position_id":1978117494,"entry_type":"OUT_BY","deal_type":"SELL","side":null,"layer_index":null,"role":null,"deal_price":1.12717,"order_price_open":null,"slippage_pips":null,"volume":0.00,"profit":-4.54,"swap":-0.08,"commission":0.00,"deal_time_broker":"2026-10-02 16:57:43","deal_time_broker_msc":1790960263000,"halted_at_receipt":false,"quarantined_at_receipt":false}
23,99,1790960263881,ea_event,ROLL_FILLED,{"type":"ea_event","seq":65,"ea_time_ms":97251828,"magic":null,"level":"INFO","code":"ROLL_FILLED","reason":null,"ticket":1978117494,"detail":{"ticket":1978117494,"level":1.12602}}
23,99,1790960263881,ea_event,,{"type":"fill_log","seq":66,"ea_time_ms":97251828,"magic":22260201,"deal_ticket":800000066,"order_ticket":700000065,"position_id":900000054,"entry_type":"OUT_BY","deal_type":"SELL","side":null,"layer_index":null,"role":null,"deal_price":1.13171,"order_price_open":null,"slippage_pips":null,"volume":0.00,"profit":0.00,"swap":0.00,"commission":0.00,"deal_time_broker":"2026-10-02 16:57:43","deal_time_broker_msc":1790960263000,"halted_at_receipt":false,"quarantined_at_receipt":false}
23,99,1790960263881,scalp,SCALP_CLOSED,{"close_time":"2026-10-02T16:57:43Z","instrument":"EURUSD","direction":"LONG","entry_price":1.13171,"exit_price":1.12717,"layer_depth":0,"stack_depth":2,"gross_pnl":-4.62,"instance_id":"GRIND_EURUSD_OPTD","ejected":false,"rolled":true,"broker_utc_offset_s":10800,"account_login":53077984}
23,102,1790960345537,ea_event,,{"type":"fill_log","seq":67,"ea_time_ms":97251828,"magic":22260201,"deal_ticket":800000067,"order_ticket":9132,"position_id":900000055,"entry_type":"IN","deal_type":"SELL","side":"S","layer_index":7,"role":"ENT","deal_price":1.12751,"order_price_open":null,"slippage_pips":null,"volume":0.00,"profit":0.00,"swap":0.00,"commission":0.00,"deal_time_broker":"2026-10-02 16:59:05","deal_time_broker_msc":1790960345000,"halted_at_receipt":false,"quarantined_at_receipt":false}
23,103,1790960626980,ea_event,,{"type":"fill_log","seq":68,"ea_time_ms":97251843,"magic":22260201,"deal_ticket":800000068,"order_ticket":1980342588,"position_id":900000056,"entry_type":"IN","deal_type":"BUY","side":"L","layer_index":7,"role":"EXT","deal_price":1.12772,"order_price_open":null,"slippage_pips":null,"volume":0.00,"profit":0.00,"swap":0.00,"commission":0.00,"deal_time_broker":"2026-10-02 17:03:46","deal_time_broker_msc":1790960626000,"halted_at_receipt":false,"quarantined_at_receipt":false}
23,106,1790960701028,ea_event,ROLL_ACCEPTED,{"type":"ea_event","seq":69,"ea_time_ms":97251859,"magic":null,"level":"INFO","code":"ROLL_ACCEPTED","reason":null,"ticket":1980296061,"detail":{"ticket":1980296061,"side":"S","layer_index":0,"entry":1.12226,"level":1.12821,"target":1.12732,"accrued":0.00001,"clamped":false,"cost":0.00505,"cost_pips":50.5,"rolled":1,"was_ejected":false,"source":"auto","reroll":false,"from_level":0.00000}}
23,108,1790961082995,ea_event,STRAY_L0_CANCEL,{"type":"ea_event","seq":70,"ea_time_ms":97251875,"magic":null,"level":"WARN","code":"STRAY_L0_CANCEL","reason":null,"ticket":9136,"detail":{"side":"L","depth":1}}
24,-1,1790963544104,ea_event,,{"type":"fill_log","seq":0,"ea_time_ms":97252312,"magic":22260201,"deal_ticket":800000001,"order_ticket":1980417634,"position_id":900000001,"entry_type":"IN","deal_type":"SELL","side":"S","layer_index":0,"role":"EXT","deal_price":1.12733,"order_price_open":null,"slippage_pips":null,"volume":0.00,"profit":0.00,"swap":0.00,"commission":0.00,"deal_time_broker":"2026-10-02 17:52:24","deal_time_broker_msc":1790963544000,"halted_at_receipt":false,"quarantined_at_receipt":false}
24,2,1790964246372,ea_event,,{"type":"fill_log","seq":1,"ea_time_ms":97252343,"magic":22260201,"deal_ticket":800000002,"order_ticket":1983447937,"position_id":900000002,"entry_type":"IN","deal_type":"BUY","side":"L","layer_index":1,"role":"ENT","deal_price":1.12709,"order_price_open":null,"slippage_pips":null,"volume":0.00,"profit":0.00,"swap":0.00,"commission":0.00,"deal_time_broker":"2026-10-02 18:04:06","deal_time_broker_msc":1790964246000,"halted_at_receipt":false,"quarantined_at_receipt":false}
24,3,1790964466466,ea_event,,{"type":"fill_log","seq":2,"ea_time_ms":97252359,"magic":22260201,"deal_ticket":800000003,"order_ticket":9000,"position_id":900000003,"entry_type":"IN","deal_type":"SELL","side":"S","layer_index":7,"role":"EXT","deal_price":1.12658,"order_price_open":null,"slippage_pips":null,"volume":0.00,"profit":0.00,"swap":0.00,"commission":0.00,"deal_time_broker":"2026-10-02 18:07:46","deal_time_broker_msc":1790964466000,"halted_at_receipt":false,"quarantined_at_receipt":false}
24,6,1790964933184,ea_event,,{"type":"fill_log","seq":3,"ea_time_ms":97252375,"magic":22260201,"deal_ticket":800000004,"order_ticket":9003,"position_id":900000004,"entry_type":"IN","deal_type":"BUY","side":"L","layer_index":2,"role":"ENT","deal_price":1.12639,"order_price_open":null,"slippage_pips":null,"volume":0.00,"profit":0.00,"swap":0.00,"commission":0.00,"deal_time_broker":"2026-10-02 18:15:33","deal_time_broker_msc":1790964933000,"halted_at_receipt":false,"quarantined_at_receipt":false}
24,7,1790965460821,ea_event,,{"type":"fill_log","seq":4,"ea_time_ms":97252390,"magic":22260201,"deal_ticket":800000005,"order_ticket":9005,"position_id":900000005,"entry_type":"IN","deal_type":"SELL","side":"S","layer_index":6,"role":"EXT","deal_price":1.12587,"order_price_open":null,"slippage_pips":null,"volume":0.00,"profit":0.00,"swap":0.00,"commission":0.00,"deal_time_broker":"2026-10-02 18:24:20","deal_time_broker_msc":1790965460000,"halted_at_receipt":false,"quarantined_at_receipt":false}
24,10,1790965480095,ea_event,,{"type":"fill_log","seq":5,"ea_time_ms":97252390,"magic":22260201,"deal_ticket":800000006,"order_ticket":9008,"position_id":900000006,"entry_type":"IN","deal_type":"BUY","side":"L","layer_index":3,"role":"ENT","deal_price":1.12569,"order_price_open":null,"slippage_pips":null,"volume":0.00,"profit":0.00,"swap":0.00,"commission":0.00,"deal_time_broker":"2026-10-02 18:24:40","deal_time_broker_msc":1790965480000,"halted_at_receipt":false,"quarantined_at_receipt":false}
24,11,1790969080745,ea_event,,{"type":"fill_log","seq":6,"ea_time_ms":97252484,"magic":22260201,"deal_ticket":800000007,"order_ticket":9010,"position_id":900000007,"entry_type":"IN","deal_type":"SELL","side":"S","layer_index":5,"role":"EXT","deal_price":1.12516,"order_price_open":null,"slippage_pips":null,"volume":0.00,"profit":0.00,"swap":0.00,"commission":0.00,"deal_time_broker":"2026-10-02 19:24:40","deal_time_broker_msc":1790969080000,"halted_at_receipt":false,"quarantined_at_receipt":false}
24,14,1790970510820,ea_event,,{"type":"fill_log","seq":7,"ea_time_ms":97252531,"magic":22260201,"deal_ticket":800000008,"order_ticket":9016,"position_id":900000008,"entry_type":"IN","deal_type":"SELL","side":"S","layer_index":5,"role":"ENT","deal_price":1.12609,"order_price_open":null,"slippage_pips":null,"volume":0.00,"profit":0.00,"swap":0.00,"commission":0.00,"deal_time_broker":"2026-10-02 19:48:30","deal_time_broker_msc":1790970510000,"halted_at_receipt":false,"quarantined_at_receipt":false}
24,15,1790972890703,ea_event,,{"type":"fill_log","seq":8,"ea_time_ms":97252578,"magic":22260201,"deal_ticket":800000009,"order_ticket":9019,"position_id":900000009,"entry_type":"IN","deal_type":"SELL","side":"S","layer_index":5,"role":"EXT","deal_price":1.12517,"order_price_open":null,"slippage_pips":null,"volume":0.00,"profit":0.00,"swap":0.00,"commission":0.00,"deal_time_broker":"2026-10-02 20:28:10","deal_time_broker_msc":1790972890000,"halted_at_receipt":false,"quarantined_at_receipt":false}
24,18,1790978060546,ea_event,,{"type":"fill_log","seq":9,"ea_time_ms":97252656,"magic":22260201,"deal_ticket":800000010,"order_ticket":9013,"position_id":900000010,"entry_type":"IN","deal_type":"BUY","side":"L","layer_index":4,"role":"ENT","deal_price":1.12498,"order_price_open":null,"slippage_pips":null,"volume":0.00,"profit":0.00,"swap":0.00,"commission":0.00,"deal_time_broker":"2026-10-02 21:54:20","deal_time_broker_msc":1790978060000,"halted_at_receipt":false,"quarantined_at_receipt":false}
24,19,1790979880250,ea_event,,{"type":"fill_log","seq":10,"ea_time_ms":97252703,"magic":22260201,"deal_ticket":800000011,"order_ticket":9024,"position_id":900000011,"entry_type":"IN","deal_type":"BUY","side":"L","layer_index":4,"role":"EXT","deal_price":1.12588,"order_price_open":null,"slippage_pips":null,"volume":0.00,"profit":0.00,"swap":0.00,"commission":0.00,"deal_time_broker":"2026-10-02 22:24:40","deal_time_broker_msc":1790979880000,"halted_at_receipt":false,"quarantined_at_receipt":false}
24,22,1790985000001,ea_event,CARRY_SNAPSHOT,{"type":"ea_event","seq":11,"ea_time_ms":97252750,"magic":null,"level":"INFO","code":"CARRY_SNAPSHOT","reason":"EURUSD","ticket":null,"detail":{"symbol":"EURUSD","swap_mode":1,"swap_long":-7.9900,"swap_short":1.3100,"multiplier":1,"day_of_week":5,"rollover3days":3,"digits":5,"point":0.00001000,"tick_value":1.00000000,"tick_size":0.00001000,"stops_level":0,"freeze_level":0,"long_pips":-0.799,"short_pips":0.131,"eligible_long":4,"eligible_short":4,"trade_mode_full":true,"mult_today":1,"mult_tomorrow":0,"accrued_swap_long":0.00,"accrued_swap_short":0.00}}
24,22,1790985000001,ea_event,CARRY_EXIT_SHIFT,{"type":"ea_event","seq":12,"ea_time_ms":97252750,"magic":null,"level":"INFO","code":"CARRY_EXIT_SHIFT","reason":"EURUSD","ticket":null,"detail":{"position_ticket":1983404301,"side":"long","layer_index":0,"accrued_ledger_pips":0.000,"pending_pips":0.000,"accrued_pips_total":0.000,"old_price":1.12870,"new_price":1.12870,"clamped":false,"sign_guard_skipped":false,"retcode":10009,"points_native_pips":-0.799}}
24,22,1790985060001,ea_event,CARRY_EXIT_SHIFT,{"type":"ea_event","seq":13,"ea_time_ms":97252750,"magic":null,"level":"INFO","code":"CARRY_EXIT_SHIFT","reason":"EURUSD","ticket":null,"detail":{"position_ticket":1983730405,"side":"long","layer_index":3,"accrued_ledger_pips":0.000,"pending_pips":0.000,"accrued_pips_total":0.000,"old_price":1.12659,"new_price":1.12659,"clamped":false,"sign_guard_skipped":false,"retcode":10009,"points_native_pips":-0.799}}
24,22,1790985120001,ea_event,CARRY_EXIT_SHIFT,{"type":"ea_event","seq":14,"ea_time_ms":97252750,"magic":null,"level":"INFO","code":"CARRY_EXIT_SHIFT","reason":"EURUSD","ticket":null,"detail":{"position_ticket":1980417777,"side":"short","layer_index":1,"accrued_ledger_pips":0.100,"pending_pips":0.000,"accrued_pips_total":0.100,"old_price":1.12204,"new_price":1.12204,"clamped":false,"sign_guard_skipped":false,"retcode":10009,"points_native_pips":0.131}}
24,22,1790985180001,ea_event,CARRY_EXIT_SHIFT,{"type":"ea_event","seq":15,"ea_time_ms":97252765,"magic":null,"level":"INFO","code":"CARRY_EXIT_SHIFT","reason":"EURUSD","ticket":null,"detail":{"position_ticket":1983146289,"side":"short","layer_index":4,"accrued_ledger_pips":0.000,"pending_pips":0.000,"accrued_pips_total":0.000,"old_price":1.12445,"new_price":1.12445,"clamped":false,"sign_guard_skipped":false,"retcode":10009,"points_native_pips":0.131}}
24,22,1790985180001,ea_event,CARRY_PASS_SUMMARY,{"type":"ea_event","seq":16,"ea_time_ms":97252765,"magic":null,"level":"INFO","code":"CARRY_PASS_SUMMARY","reason":"EURUSD","ticket":null,"detail":{"eligible":8,"shifted":4,"clamped":0,"skipped":0,"failed":0,"incomplete":false}}
24,22,1791071400001,ea_event,CARRY_SNAPSHOT,{"type":"ea_event","seq":17,"ea_time_ms":97252812,"magic":null,"level":"INFO","code":"CARRY_SNAPSHOT","reason":"EURUSD","ticket":null,"detail":{"symbol":"EURUSD","swap_mode":1,"swap_long":-7.9900,"swap_short":1.3100,"multiplier":0,"day_of_week":6,"rollover3days":3,"digits":5,"point":0.00001000,"tick_value":1.00000000,"tick_size":0.00001000,"stops_level":0,"freeze_level":0,"long_pips":0.000,"short_pips":0.000,"eligible_long":4,"eligible_short":4,"trade_mode_full":true,"mult_today":0,"mult_tomorrow":0,"accrued_swap_long":0.00,"accrued_swap_short":0.00}}
24,22,1791072000001,ea_event,CARRY_PASS_INCOMPLETE,{"type":"ea_event","seq":18,"ea_time_ms":97252828,"magic":null,"level":"INFO","code":"CARRY_PASS_INCOMPLETE","reason":"EURUSD","ticket":null,"detail":{"eligible":8,"shifted":0,"clamped":0,"skipped":0,"failed":0,"incomplete":true}}
24,22,1791158400001,ea_event,CARRY_PASS_INCOMPLETE,{"type":"ea_event","seq":19,"ea_time_ms":97252859,"magic":null,"level":"INFO","code":"CARRY_PASS_INCOMPLETE","reason":"EURUSD","ticket":null,"detail":{"eligible":8,"shifted":0,"clamped":0,"skipped":0,"failed":0,"incomplete":true}}
24,22,1791164991985,ea_event,,{"type":"fill_log","seq":20,"ea_time_ms":97252906,"magic":22260201,"deal_ticket":800000012,"order_ticket":9021,"position_id":900000012,"entry_type":"IN","deal_type":"SELL","side":"S","layer_index":5,"role":"ENT","deal_price":1.12605,"order_price_open":null,"slippage_pips":null,"volume":0.00,"profit":0.00,"swap":0.00,"commission":0.00,"deal_time_broker":"2026-10-05 01:49:51","deal_time_broker_msc":1791164991000,"halted_at_receipt":false,"quarantined_at_receipt":false}
24,23,1791168329532,ea_event,,{"type":"fill_log","seq":21,"ea_time_ms":97252937,"magic":22260201,"deal_ticket":800000013,"order_ticket":9029,"position_id":900000013,"entry_type":"IN","deal_type":"SELL","side":"S","layer_index":5,"role":"EXT","deal_price":1.12515,"order_price_open":null,"slippage_pips":null,"volume":0.00,"profit":0.00,"swap":0.00,"commission":0.00,"deal_time_broker":"2026-10-05 02:45:29","deal_time_broker_msc":1791168329000,"halted_at_receipt":false,"quarantined_at_receipt":false}
24,26,1791169964835,ea_event,,{"type":"fill_log","seq":22,"ea_time_ms":97252953,"magic":22260201,"deal_ticket":800000014,"order_ticket":9026,"position_id":900000014,"entry_type":"IN","deal_type":"BUY","side":"L","layer_index":4,"role":"ENT","deal_price":1.12498,"order_price_open":null,"slippage_pips":null,"volume":0.00,"profit":0.00,"swap":0.00,"commission":0.00,"deal_time_broker":"2026-10-05 03:12:44","deal_time_broker_msc":1791169964000,"halted_at_receipt":false,"quarantined_at_receipt":false}
24,27,1791171923006,ea_event,,{"type":"fill_log","seq":23,"ea_time_ms":97253000,"magic":22260201,"deal_ticket":800000015,"order_ticket":9030,"position_id":900000015,"entry_type":"IN","deal_type":"SELL","side":"S","layer_index":4,"role":"EXT","deal_price":1.12445,"order_price_open":null,"slippage_pips":null,"volume":0.00,"profit":0.00,"swap":0.00,"commission":0.00,"deal_time_broker":"2026-10-05 03:45:23","deal_time_broker_msc":1791171923000,"halted_at_receipt":false,"quarantined_at_receipt":false}
24,30,1791172060138,ea_event,,{"type":"fill_log","seq":24,"ea_time_ms":97253000,"magic":22260201,"deal_ticket":800000016,"order_ticket":9033,"position_id":900000016,"entry_type":"IN","deal_type":"BUY","side":"L","layer_index":5,"role":"ENT","deal_price":1.12428,"order_price_open":null,"slippage_pips":null,"volume":0.00,"profit":0.00,"swap":0.00,"commission":0.00,"deal_time_broker":"2026-10-05 03:47:40","deal_time_broker_msc":1791172060000,"halted_at_receipt":false,"quarantined_at_receipt":false}
24,31,1791173553256,ea_event,,{"type":"fill_log","seq":25,"ea_time_ms":97253031,"magic":22260201,"deal_ticket":800000017,"order_ticket":9035,"position_id":900000017,"entry_type":"IN","deal_type":"SELL","side":"S","layer_index":3,"role":"EXT","deal_price":1.12374,"order_price_open":null,"slippage_pips":null,"volume":0.00,"profit":0.00,"swap":0.00,"commission":0.00,"deal_time_broker":"2026-10-05 04:12:33","deal_time_broker_msc":1791173553000,"halted_at_receipt":false,"quarantined_at_receipt":false}
24,34,1791173859571,ea_event,,{"type":"fill_log","seq":26,"ea_time_ms":97253031,"magic":22260201,"deal_ticket":800000018,"order_ticket":9038,"position_id":900000018,"entry_type":"IN","deal_type":"BUY","side":"L","layer_index":6,"role":"ENT","deal_price":1.12357,"order_price_open":null,"slippage_pips":null,"volume":0.00,"profit":0.00,"swap":0.00,"commission":0.00,"deal_time_broker":"2026-10-05 04:17:39","deal_time_broker_msc":1791173859000,"halted_at_receipt":false,"quarantined_at_receipt":false}
24,35,1791175842140,ea_event,,{"type":"fill_log","seq":27,"ea_time_ms":97253078,"magic":22260201,"deal_ticket":800000019,"order_ticket":9040,"position_id":900000019,"entry_type":"IN","deal_type":"SELL","side":"S","layer_index":2,"role":"EXT","deal_price":1.12303,"order_price_open":null,"slippage_pips":null,"volume":0.00,"profit":0.00,"swap":0.00,"commission":0.00,"deal_time_broker":"2026-10-05 04:50:42","deal_time_broker_msc":1791175842000,"halted_at_receipt":false,"quarantined_at_receipt":false}
24,38,1791176830047,ea_event,,{"type":"fill_log","seq":28,"ea_time_ms":97253093,"magic":22260201,"deal_ticket":800000020,"order_ticket":9043,"position_id":900000020,"entry_type":"IN","deal_type":"BUY","side":"L","layer_index":7,"role":"ENT","deal_price":1.12287,"order_price_open":null,"slippage_pips":null,"volume":0.00,"profit":0.00,"swap":0.00,"commission":0.00,"deal_time_broker":"2026-10-05 05:07:10","deal_time_broker_msc":1791176830000,"halted_at_receipt":false,"quarantined_at_receipt":false}
24,40,1791177439237,ea_event,ROLL_ACCEPTED,{"type":"ea_event","seq":29,"ea_time_ms":97253093,"magic":null,"level":"INFO","code":"ROLL_ACCEPTED","reason":null,"ticket":1983404301,"detail":{"ticket":1983404301,"side":"L","layer_index":0,"entry":1.12780,"level":1.12217,"target":1.12307,"accrued":0.00000,"clamped":false,"cost":0.00473,"cost_pips":47.3,"rolled":1,"was_ejected":false,"source":"auto","reroll":false,"from_level":0.00000}}
24,40,1791177453971,ea_event,,{"type":"fill_log","seq":30,"ea_time_ms":97253093,"magic":22260201,"deal_ticket":800000021,"order_ticket":1983413435,"position_id":900000021,"entry_type":"IN","deal_type":"SELL","side":"S","layer_index":1,"role":"EXT","deal_price":1.12196,"order_price_open":null,"slippage_pips":null,"volume":0.00,"profit":0.00,"swap":0.00,"commission":0.00,"deal_time_broker":"2026-10-05 05:17:33","deal_time_broker_msc":1791177453000,"halted_at_receipt":false,"quarantined_at_receipt":false}
24,44,1791177556640,ea_event,ROLL_ACCEPTED,{"type":"ea_event","seq":31,"ea_time_ms":97253093,"magic":null,"level":"INFO","code":"ROLL_ACCEPTED","reason":null,"ticket":1983447937,"detail":{"ticket":1983447937,"side":"L","layer_index":1,"entry":1.12709,"level":1.12147,"target":1.12237,"accrued":0.00000,"clamped":false,"cost":0.00472,"cost_pips":47.2,"rolled":2,"was_ejected":false,"source":"auto","reroll":false,"from_level":0.00000}}
24,45,1791178570996,ea_event,ROLL_ACCEPTED,{"type":"ea_event","seq":32,"ea_time_ms":97253109,"magic":null,"level":"INFO","code":"ROLL_ACCEPTED","reason":null,"ticket":1983681007,"detail":{"ticket":1983681007,"side":"L","layer_index":2,"entry":1.12639,"level":1.12077,"target":1.12167,"accrued":0.00000,"clamped":false,"cost":0.00472,"cost_pips":47.2,"rolled":3,"was_ejected":false,"source":"auto","reroll":false,"from_level":0.00000}}
24,46,1791179347916,ea_event,ROLL_ACCEPTED,{"type":"ea_event","seq":33,"ea_time_ms":97253140,"magic":null,"level":"INFO","code":"ROLL_ACCEPTED","reason":null,"ticket":1983730405,"detail":{"ticket":1983730405,"side":"L","layer_index":3,"entry":1.12569,"level":1.12007,"target":1.12097,"accrued":0.00000,"clamped":false,"cost":0.00472,"cost_pips":47.2,"rolled":4,"was_ejected":false,"source":"auto","reroll":false,"from_level":0.00000}}
24,47,1791179353154,ea_event,ROLL_ACCEPTED,{"type":"ea_event","seq":34,"ea_time_ms":97253140,"magic":null,"level":"INFO","code":"ROLL_ACCEPTED","reason":null,"ticket":1984301942,"detail":{"ticket":1984301942,"side":"L","layer_index":4,"entry":1.12498,"level":1.11937,"target":1.12027,"accrued":0.00000,"clamped":false,"cost":0.00471,"cost_pips":47.1,"rolled":5,"was_ejected":false,"source":"auto","reroll":false,"from_level":0.00000}}
24,48,1791179378538,ea_event,ROLL_ACCEPTED,{"type":"ea_event","seq":35,"ea_time_ms":97253140,"magic":null,"level":"INFO","code":"ROLL_ACCEPTED","reason":null,"ticket":1985221803,"detail":{"ticket":1985221803,"side":"L","layer_index":5,"entry":1.12428,"level":1.11867,"target":1.11957,"accrued":0.00000,"clamped":false,"cost":0.00471,"cost_pips":47.1,"rolled":6,"was_ejected":false,"source":"auto","reroll":false,"from_level":0.00000}}
24,48,1791179453027,ea_event,,{"type":"fill_log","seq":36,"ea_time_ms":97253140,"magic":22260201,"deal_ticket":800000022,"order_ticket":9049,"position_id":900000022,"entry_type":"IN","deal_type":"SELL","side":"S","layer_index":0,"role":"ENT","deal_price":1.11950,"order_price_open":null,"slippage_pips":null,"volume":0.00,"profit":0.00,"swap":0.00,"commission":0.00,"deal_time_broker":"2026-10-05 05:50:53","deal_time_broker_msc":1791179453000,"halted_at_receipt":false,"quarantined_at_receipt":false}
24,49,1791179683457,ea_event,,{"type":"fill_log","seq":37,"ea_time_ms":97253156,"magic":22260201,"deal_ticket":800000023,"order_ticket":9057,"position_id":900000023,"entry_type":"IN","deal_type":"SELL","side":"S","layer_index":0,"role":"EXT","deal_price":1.11856,"order_price_open":null,"slippage_pips":null,"volume":0.00,"profit":0.00,"swap":0.00,"commission":0.00,"deal_time_broker":"2026-10-05 05:54:43","deal_time_broker_msc":1791179683000,"halted_at_receipt":false,"quarantined_at_receipt":false}
24,53,1791179705713,ea_event,ROLL_ACCEPTED,{"type":"ea_event","seq":38,"ea_time_ms":97253156,"magic":null,"level":"INFO","code":"ROLL_ACCEPTED","reason":null,"ticket":1985305519,"detail":{"ticket":1985305519,"side":"L","layer_index":6,"entry":1.12357,"level":1.11797,"target":1.11887,"accrued":0.00000,"clamped":false,"cost":0.00470,"cost_pips":47.0,"rolled":7,"was_ejected":false,"source":"auto","reroll":false,"from_level":0.00000}}
24,54,1791179801105,ea_event,ROLL_ACCEPTED,{"type":"ea_event","seq":39,"ea_time_ms":97253156,"magic":null,"level":"INFO","code":"ROLL_ACCEPTED","reason":null,"ticket":1985376901,"detail":{"ticket":1985376901,"side":"L","layer_index":7,"entry":1.12287,"level":1.11727,"target":1.11817,"accrued":0.00000,"clamped":false,"cost":0.00470,"cost_pips":47.0,"rolled":8,"was_ejected":false,"source":"auto","reroll":false,"from_level":0.00000}}
24,54,1791179889575,ea_event,,{"type":"fill_log","seq":40,"ea_time_ms":97253171,"magic":22260201,"deal_ticket":800000024,"order_ticket":9058,"position_id":900000024,"entry_type":"IN","deal_type":"SELL","side":"S","layer_index":0,"role":"ENT","deal_price":1.11749,"order_price_open":null,"slippage_pips":null,"volume":0.00,"profit":0.00,"swap":0.00,"commission":0.00,"deal_time_broker":"2026-10-05 05:58:09","deal_time_broker_msc":1791179889000,"halted_at_receipt":false,"quarantined_at_receipt":false}
24,55,1791180137856,ea_event,,{"type":"fill_log","seq":41,"ea_time_ms":97253187,"magic":22260201,"deal_ticket":800000025,"order_ticket":9059,"position_id":900000025,"entry_type":"IN","deal_type":"BUY","side":"L","layer_index":7,"role":"EXT","deal_price":1.11817,"order_price_open":null,"slippage_pips":null,"volume":0.00,"profit":0.00,"swap":0.00,"commission":0.00,"deal_time_broker":"2026-10-05 06:02:17","deal_time_broker_msc":1791180137000,"halted_at_receipt":false,"quarantined_at_receipt":false}
24,55,1791180137856,ea_event,,{"type":"fill_log","seq":42,"ea_time_ms":97253187,"magic":22260201,"deal_ticket":800000026,"order_ticket":9062,"position_id":900000026,"entry_type":"IN","deal_type":"SELL","side":"S","layer_index":1,"role":"ENT","deal_price":1.11817,"order_price_open":null,"slippage_pips":null,"volume":0.00,"profit":0.00,"swap":0.00,"commission":0.00,"deal_time_broker":"2026-10-05 06:02:17","deal_time_broker_msc":1791180137000,"halted_at_receipt":false,"quarantined_at_receipt":false}
24,59,1791180371889,ea_event,,{"type":"fill_log","seq":43,"ea_time_ms":97253187,"magic":22260201,"deal_ticket":800000027,"order_ticket":9067,"position_id":900000027,"entry_type":"IN","deal_type":"SELL","side":"S","layer_index":1,"role":"EXT","deal_price":1.11728,"order_price_open":null,"slippage_pips":null,"volume":0.00,"profit":0.00,"swap":0.00,"commission":0.00,"deal_time_broker":"2026-10-05 06:06:11","deal_time_broker_msc":1791180371000,"halted_at_receipt":false,"quarantined_at_receipt":false}
24,59,1791180371889,ea_event,,{"type":"fill_log","seq":44,"ea_time_ms":97253187,"magic":22260201,"deal_ticket":800000028,"order_ticket":9068,"position_id":900000028,"entry_type":"IN","deal_type":"BUY","side":"L","layer_index":7,"role":"ENT","deal_price":1.11728,"order_price_open":null,"slippage_pips":null,"volume":0.00,"profit":0.00,"swap":0.00,"commission":0.00,"deal_time_broker":"2026-10-05 06:06:11","deal_time_broker_msc":1791180371000,"halted_at_receipt":false,"quarantined_at_receipt":false}
24,64,1791180413252,ea_event,ROLL_ACCEPTED,{"type":"ea_event","seq":45,"ea_time_ms":97253187,"magic":null,"level":"INFO","code":"ROLL_ACCEPTED","reason":null,"ticket":1985670705,"detail":{"ticket":1985670705,"side":"L","layer_index":7,"entry":1.11728,"level":1.11658,"target":1.11748,"accrued":0.00000,"clamped":false,"cost":-0.00020,"cost_pips":-2.0,"rolled":8,"was_ejected":false,"source":"auto","reroll":false,"from_level":0.00000}}
24,64,1791180413790,ea_event,,{"type":"fill_log","seq":46,"ea_time_ms":97253187,"magic":22260201,"deal_ticket":800000029,"order_ticket":9063,"position_id":900000029,"entry_type":"IN","deal_type":"SELL","side":"S","layer_index":0,"role":"EXT","deal_price":1.11655,"order_price_open":null,"slippage_pips":null,"volume":0.00,"profit":0.00,"swap":0.00,"commission":0.00,"deal_time_broker":"2026-10-05 06:06:53","deal_time_broker_msc":1791180413000,"halted_at_receipt":false,"quarantined_at_receipt":false}
24,67,1791180555020,ea_event,,{"type":"fill_log","seq":47,"ea_time_ms":97253203,"magic":22260201,"deal_ticket":800000030,"order_ticket":9072,"position_id":900000030,"entry_type":"IN","deal_type":"SELL","side":"S","layer_index":0,"role":"ENT","deal_price":1.11687,"order_price_open":null,"slippage_pips":null,"volume":0.00,"profit":0.00,"swap":0.00,"commission":0.00,"deal_time_broker":"2026-10-05 06:09:15","deal_time_broker_msc":1791180555000,"halted_at_receipt":false,"quarantined_at_receipt":false}
24,68,1791180681720,ea_event,,{"type":"fill_log","seq":48,"ea_time_ms":97253203,"magic":22260201,"deal_ticket":800000031,"order_ticket":9070,"position_id":900000031,"entry_type":"IN","deal_type":"BUY","side":"L","layer_index":7,"role":"EXT","deal_price":1.11749,"order_price_open":null,"slippage_pips":null,"volume":0.00,"profit":0.00,"swap":0.00,"commission":0.00,"deal_time_broker":"2026-10-05 06:11:21","deal_time_broker_msc":1791180681000,"halted_at_receipt":false,"quarantined_at_receipt":false}
24,71,1791180701030,ea_event,,{"type":"fill_log","seq":49,"ea_time_ms":97253203,"magic":22260201,"deal_ticket":800000032,"order_ticket":9074,"position_id":900000032,"entry_type":"IN","deal_type":"SELL","side":"S","layer_index":1,"role":"ENT","deal_price":1.11760,"order_price_open":null,"slippage_pips":null,"volume":0.00,"profit":0.00,"swap":0.00,"commission":0.00,"deal_time_broker":"2026-10-05 06:11:41","deal_time_broker_msc":1791180701000,"halted_at_receipt":false,"quarantined_at_receipt":false}
24,72,1791181214375,ea_event,,{"type":"fill_log","seq":50,"ea_time_ms":97253234,"magic":22260201,"deal_ticket":800000033,"order_ticket":9079,"position_id":900000033,"entry_type":"IN","deal_type":"SELL","side":"S","layer_index":2,"role":"ENT","deal_price":1.11830,"order_price_open":null,"slippage_pips":null,"volume":0.00,"profit":0.00,"swap":0.00,"commission":0.00,"deal_time_broker":"2026-10-05 06:20:14","deal_time_broker_msc":1791181214000,"halted_at_receipt":false,"quarantined_at_receipt":false}
24,73,1791182566979,ea_event,,{"type":"fill_log","seq":51,"ea_time_ms":97253265,"magic":22260201,"deal_ticket":800000034,"order_ticket":9083,"position_id":900000034,"entry_type":"IN","deal_type":"SELL","side":"S","layer_index":2,"role":"EXT","deal_price":1.11741,"order_price_open":null,"slippage_pips":null,"volume":0.00,"profit":0.00,"swap":0.00,"commission":0.00,"deal_time_broker":"2026-10-05 06:42:46","deal_time_broker_msc":1791182566000,"halted_at_receipt":false,"quarantined_at_receipt":false}
24,76,1791182611972,ea_event,,{"type":"fill_log","seq":52,"ea_time_ms":97253265,"magic":22260201,"deal_ticket":800000035,"order_ticket":9077,"position_id":900000035,"entry_type":"IN","deal_type":"BUY","side":"L","layer_index":7,"role":"ENT","deal_price":1.11723,"order_price_open":null,"slippage_pips":null,"volume":0.00,"profit":0.00,"swap":0.00,"commission":0.00,"deal_time_broker":"2026-10-05 06:43:31","deal_time_broker_msc":1791182611000,"halted_at_receipt":false,"quarantined_at_receipt":false}
24,77,1791183170472,ea_event,,{"type":"fill_log","seq":53,"ea_time_ms":97253281,"magic":22260201,"deal_ticket":800000036,"order_ticket":9084,"position_id":900000036,"entry_type":"IN","deal_type":"SELL","side":"S","layer_index":1,"role":"EXT","deal_price":1.11668,"order_price_open":null,"slippage_pips":null,"volume":0.00,"profit":0.00,"swap":0.00,"commission":0.00,"deal_time_broker":"2026-10-05 06:52:50","deal_time_broker_msc":1791183170000,"halted_at_receipt":false,"quarantined_at_receipt":false}
24,81,1791183609473,ea_event,ROLL_ACCEPTED,{"type":"ea_event","seq":54,"ea_time_ms":97253296,"magic":null,"level":"INFO","code":"ROLL_ACCEPTED","reason":null,"ticket":1985700061,"detail":{"ticket":1985700061,"side":"L","layer_index":7,"entry":1.11723,"level":1.11653,"target":1.11743,"accrued":0.00000,"clamped":false,"cost":-0.00020,"cost_pips":-2.0,"rolled":8,"was_ejected":false,"source":"auto","reroll":false,"from_level":0.00000}}
24,81,1791186061163,ea_event,,{"type":"fill_log","seq":55,"ea_time_ms":97253375,"magic":22260201,"deal_ticket":800000037,"order_ticket":9087,"position_id":900000037,"entry_type":"IN","deal_type":"BUY","side":"L","layer_index":7,"role":"EXT","deal_price":1.11743,"order_price_open":null,"slippage_pips":null,"volume":0.00,"profit":0.00,"swap":0.00,"commission":0.00,"deal_time_broker":"2026-10-05 07:41:01","deal_time_broker_msc":1791186061000,"halted_at_receipt":false,"quarantined_at_receipt":false}
24,84,1791186100240,ea_event,,{"type":"fill_log","seq":56,"ea_time_ms":97253375,"magic":22260201,"deal_ticket":800000038,"order_ticket":9088,"position_id":900000038,"entry_type":"IN","deal_type":"SELL","side":"S","layer_index":1,"role":"ENT","deal_price":1.11759,"order_price_open":null,"slippage_pips":null,"volume":0.00,"profit":0.00,"swap":0.00,"commission":0.00,"deal_time_broker":"2026-10-05 07:41:40","deal_time_broker_msc":1791186100000,"halted_at_receipt":false,"quarantined_at_receipt":false}
24,85,1791187204685,ea_event,,{"type":"fill_log","seq":57,"ea_time_ms":97253406,"magic":22260201,"deal_ticket":800000039,"order_ticket":9092,"position_id":900000039,"entry_type":"IN","deal_type":"SELL","side":"S","layer_index":2,"role":"ENT","deal_price":1.11830,"order_price_open":null,"slippage_pips":null,"volume":0.00,"profit":0.00,"swap":0.00,"commission":0.00,"deal_time_broker":"2026-10-05 08:00:04","deal_time_broker_msc":1791187204000,"halted_at_receipt":false,"quarantined_at_receipt":false}
24,86,1791188718325,ea_event,,{"type":"fill_log","seq":58,"ea_time_ms":97253453,"magic":22260201,"deal_ticket":800000040,"order_ticket":9089,"position_id":900000040,"entry_type":"IN","deal_type":"BUY","side":"L","layer_index":6,"role":"EXT","deal_price":1.11887,"order_price_open":null,"slippage_pips":null,"volume":0.00,"profit":0.00,"swap":0.00,"commission":0.00,"deal_time_broker":"2026-10-05 08:25:18","deal_time_broker_msc":1791188718000,"halted_at_receipt":false,"quarantined_at_receipt":false}
24,89,1791189989753,ea_event,,{"type":"fill_log","seq":59,"ea_time_ms":97253468,"magic":22260201,"deal_ticket":800000041,"order_ticket":9095,"position_id":900000041,"entry_type":"IN","deal_type":"SELL","side":"S","layer_index":3,"role":"ENT","deal_price":1.11905,"order_price_open":null,"slippage_pips":null,"volume":0.00,"profit":0.00,"swap":0.00,"commission":0.00,"deal_time_broker":"2026-10-05 08:46:29","deal_time_broker_msc":1791189989000,"halted_at_receipt":false,"quarantined_at_receipt":false}
24,90,1791191170829,ea_event,,{"type":"fill_log","seq":60,"ea_time_ms":97253500,"magic":22260201,"deal_ticket":800000042,"order_ticket":9097,"position_id":900000042,"entry_type":"IN","deal_type":"BUY","side":"L","layer_index":5,"role":"EXT","deal_price":1.11959,"order_price_open":null,"slippage_pips":null,"volume":0.00,"profit":0.00,"swap":0.00,"commission":0.00,"deal_time_broker":"2026-10-05 09:06:10","deal_time_broker_msc":1791191170000,"halted_at_receipt":false,"quarantined_at_receipt":false}
24,93,1791191557665,ea_event,,{"type":"fill_log","seq":61,"ea_time_ms":97253515,"magic":22260201,"deal_ticket":800000043,"order_ticket":9100,"position_id":900000043,"entry_type":"IN","deal_type":"SELL","side":"S","layer_index":4,"role":"ENT","deal_price":1.11974,"order_price_open":null,"slippage_pips":null,"volume":0.00,"profit":0.00,"swap":0.00,"commission":0.00,"deal_time_broker":"2026-10-05 09:12:37","deal_time_broker_msc":1791191557000,"halted_at_receipt":false,"quarantined_at_receipt":false}
24,94,1791192462106,ea_event,,{"type":"fill_log","seq":62,"ea_time_ms":97253546,"magic":22260201,"deal_ticket":800000044,"order_ticket":9106,"position_id":900000044,"entry_type":"IN","deal_type":"SELL","side":"S","layer_index":4,"role":"EXT","deal_price":1.11883,"order_price_open":null,"slippage_pips":null,"volume":0.00,"profit":0.00,"swap":0.00,"commission":0.00,"deal_time_broker":"2026-10-05 09:27:42","deal_time_broker_msc":1791192462000,"halted_at_receipt":false,"quarantined_at_receipt":false}
24,97,1791192507486,ea_event,,{"type":"fill_log","seq":63,"ea_time_ms":97253546,"magic":22260201,"deal_ticket":800000045,"order_ticket":9103,"position_id":900000045,"entry_type":"IN","deal_type":"BUY","side":"L","layer_index":5,"role":"ENT","deal_price":1.11867,"order_price_open":null,"slippage_pips":null,"volume":0.00,"profit":0.00,"swap":0.00,"commission":0.00,"deal_time_broker":"2026-10-05 09:28:27","deal_time_broker_msc":1791192507000,"halted_at_receipt":false,"quarantined_at_receipt":false}
24,98,1791192829441,ea_event,,{"type":"fill_log","seq":64,"ea_time_ms":97253562,"magic":22260201,"deal_ticket":800000046,"order_ticket":9107,"position_id":900000046,"entry_type":"IN","deal_type":"SELL","side":"S","layer_index":3,"role":"EXT","deal_price":1.11809,"order_price_open":null,"slippage_pips":null,"volume":0.00,"profit":0.00,"swap":0.00,"commission":0.00,"deal_time_broker":"2026-10-05 09:33:49","deal_time_broker_msc":1791192829000,"halted_at_receipt":false,"quarantined_at_receipt":false}
24,101,1791192835077,ea_event,,{"type":"fill_log","seq":65,"ea_time_ms":97253562,"magic":22260201,"deal_ticket":800000047,"order_ticket":9110,"position_id":900000047,"entry_type":"IN","deal_type":"BUY","side":"L","layer_index":6,"role":"ENT","deal_price":1.11794,"order_price_open":null,"slippage_pips":null,"volume":0.00,"profit":0.00,"swap":0.00,"commission":0.00,"deal_time_broker":"2026-10-05 09:33:55","deal_time_broker_msc":1791192835000,"halted_at_receipt":false,"quarantined_at_receipt":false}
24,102,1791192916128,ea_event,,{"type":"fill_log","seq":66,"ea_time_ms":97253562,"magic":22260201,"deal_ticket":800000048,"order_ticket":9112,"position_id":900000048,"entry_type":"IN","deal_type":"SELL","side":"S","layer_index":2,"role":"EXT","deal_price":1.11739,"order_price_open":null,"slippage_pips":null,"volume":0.00,"profit":0.00,"swap":0.00,"commission":0.00,"deal_time_broker":"2026-10-05 09:35:16","deal_time_broker_msc":1791192916000,"halted_at_receipt":false,"quarantined_at_receipt":false}
24,105,1791192937669,ea_event,,{"type":"fill_log","seq":67,"ea_time_ms":97253562,"magic":22260201,"deal_ticket":800000049,"order_ticket":9115,"position_id":900000049,"entry_type":"IN","deal_type":"BUY","side":"L","layer_index":7,"role":"ENT","deal_price":1.11721,"order_price_open":null,"slippage_pips":null,"volume":0.00,"profit":0.00,"swap":0.00,"commission":0.00,"deal_time_broker":"2026-10-05 09:35:37","deal_time_broker_msc":1791192937000,"halted_at_receipt":false,"quarantined_at_receipt":false}
24,106,1791193372380,ea_event,,{"type":"fill_log","seq":68,"ea_time_ms":97253593,"magic":22260201,"deal_ticket":800000050,"order_ticket":9120,"position_id":900000050,"entry_type":"IN","deal_type":"BUY","side":"L","layer_index":7,"role":"EXT","deal_price":1.11813,"order_price_open":null,"slippage_pips":null,"volume":0.00,"profit":0.00,"swap":0.00,"commission":0.00,"deal_time_broker":"2026-10-05 09:42:52","deal_time_broker_msc":1791193372000,"halted_at_receipt":false,"quarantined_at_receipt":false}
24,109,1791193384637,ea_event,,{"type":"fill_log","seq":69,"ea_time_ms":97253593,"magic":22260201,"deal_ticket":800000051,"order_ticket":9118,"position_id":900000051,"entry_type":"IN","deal_type":"SELL","side":"S","layer_index":2,"role":"ENT","deal_price":1.11834,"order_price_open":null,"slippage_pips":null,"volume":0.00,"profit":0.00,"swap":0.00,"commission":0.00,"deal_time_broker":"2026-10-05 09:43:04","deal_time_broker_msc":1791193384000,"halted_at_receipt":false,"quarantined_at_receipt":false}
24,110,1791194102041,ea_event,,{"type":"fill_log","seq":70,"ea_time_ms":97253625,"magic":22260201,"deal_ticket":800000052,"order_ticket":9121,"position_id":900000052,"entry_type":"IN","deal_type":"BUY","side":"L","layer_index":6,"role":"EXT","deal_price":1.11887,"order_price_open":null,"slippage_pips":null,"volume":0.00,"profit":0.00,"swap":0.00,"commission":0.00,"deal_time_broker":"2026-10-05 09:55:02","deal_time_broker_msc":1791194102000,"halted_at_receipt":false,"quarantined_at_receipt":false}
24,113,1791194131867,ea_event,,{"type":"fill_log","seq":71,"ea_time_ms":97253625,"magic":22260201,"deal_ticket":800000053,"order_ticket":9124,"position_id":900000053,"entry_type":"IN","deal_type":"SELL","side":"S","layer_index":3,"role":"ENT","deal_price":1.11911,"order_price_open":null,"slippage_pips":null,"volume":0.00,"profit":0.00,"swap":0.00,"commission":0.00,"deal_time_broker":"2026-10-05 09:55:31","deal_time_broker_msc":1791194131000,"halted_at_receipt":false,"quarantined_at_receipt":false}
24,114,1791196345846,ea_event,,{"type":"fill_log","seq":72,"ea_time_ms":97253734,"magic":22260201,"deal_ticket":800000054,"order_ticket":9126,"position_id":900000054,"entry_type":"IN","deal_type":"BUY","side":"L","layer_index":5,"role":"EXT","deal_price":1.11958,"order_price_open":null,"slippage_pips":null,"volume":0.00,"profit":0.00,"swap":0.00,"commission":0.00,"deal_time_broker":"2026-10-05 10:32:25","deal_time_broker_msc":1791196345000,"halted_at_receipt":false,"quarantined_at_receipt":false}
24,117,1791196495774,ea_event,,{"type":"fill_log","seq":73,"ea_time_ms":97253750,"magic":22260201,"deal_ticket":800000055,"order_ticket":9129,"position_id":900000055,"entry_type":"IN","deal_type":"SELL","side":"S","layer_index":4,"role":"ENT","deal_price":1.11981,"order_price_open":null,"slippage_pips":null,"volume":0.00,"profit":0.00,"swap":0.00,"commission":0.00,"deal_time_broker":"2026-10-05 10:34:55","deal_time_broker_msc":1791196495000,"halted_at_receipt":false,"quarantined_at_receipt":false}
24,118,1791196871182,ea_event,,{"type":"fill_log","seq":74,"ea_time_ms":97253765,"magic":22260201,"deal_ticket":800000056,"order_ticket":9131,"position_id":900000056,"entry_type":"IN","deal_type":"BUY","side":"L","layer_index":4,"role":"EXT","deal_price":1.12028,"order_price_open":null,"slippage_pips":null,"volume":0.00,"profit":0.00,"swap":0.00,"commission":0.00,"deal_time_broker":"2026-10-05 10:41:11","deal_time_broker_msc":1791196871000,"halted_at_receipt":false,"quarantined_at_receipt":false}
24,121,1791196943419,ea_event,,{"type":"fill_log","seq":75,"ea_time_ms":97253765,"magic":22260201,"deal_ticket":800000057,"order_ticket":9134,"position_id":900000057,"entry_type":"IN","deal_type":"SELL","side":"S","layer_index":5,"role":"ENT","deal_price":1.12052,"order_price_open":null,"slippage_pips":null,"volume":0.00,"profit":0.00,"swap":0.00,"commission":0.00,"deal_time_broker":"2026-10-05 10:42:23","deal_time_broker_msc":1791196943000,"halted_at_receipt":false,"quarantined_at_receipt":false}
24,122,1791198485803,ea_event,,{"type":"fill_log","seq":76,"ea_time_ms":97253828,"magic":22260201,"deal_ticket":800000058,"order_ticket":9140,"position_id":900000058,"entry_type":"IN","deal_type":"SELL","side":"S","layer_index":5,"role":"EXT","deal_price":1.11959,"order_price_open":null,"slippage_pips":null,"volume":0.00,"profit":0.00,"swap":0.00,"commission":0.00,"deal_time_broker":"2026-10-05 11:08:05","deal_time_broker_msc":1791198485000,"halted_at_receipt":false,"quarantined_at_receipt":false}
24,125,1791198885951,ea_event,,{"type":"fill_log","seq":77,"ea_time_ms":97253843,"magic":22260201,"deal_ticket":800000059,"order_ticket":9142,"position_id":900000059,"entry_type":"IN","deal_type":"SELL","side":"S","layer_index":5,"role":"ENT","deal_price":1.12054,"order_price_open":null,"slippage_pips":null,"volume":0.00,"profit":0.00,"swap":0.00,"commission":0.00,"deal_time_broker":"2026-10-05 11:14:45","deal_time_broker_msc":1791198885000,"halted_at_receipt":false,"quarantined_at_receipt":false}
24,126,1791200660455,ea_event,,{"type":"fill_log","seq":78,"ea_time_ms":97253906,"magic":22260201,"deal_ticket":800000060,"order_ticket":9136,"position_id":900000060,"entry_type":"IN","deal_type":"BUY","side":"L","layer_index":3,"role":"EXT","deal_price":1.12097,"order_price_open":null,"slippage_pips":null,"volume":0.00,"profit":0.00,"swap":0.00,"commission":0.00,"deal_time_broker":"2026-10-05 11:44:20","deal_time_broker_msc":1791200660000,"halted_at_receipt":false,"quarantined_at_receipt":false}
24,129,1791200830813,ea_event,,{"type":"fill_log","seq":79,"ea_time_ms":97253921,"magic":22260201,"deal_ticket":800000061,"order_ticket":9144,"position_id":900000061,"entry_type":"IN","deal_type":"SELL","side":"S","layer_index":6,"role":"ENT","deal_price":1.12124,"order_price_open":null,"slippage_pips":null,"volume":0.00,"profit":0.00,"swap":0.00,"commission":0.00,"deal_time_broker":"2026-10-05 11:47:10","deal_time_broker_msc":1791200830000,"halted_at_receipt":false,"quarantined_at_receipt":false}
24,130,1791201135301,ea_event,,{"type":"fill_log","seq":80,"ea_time_ms":97253937,"magic":22260201,"deal_ticket":800000062,"order_ticket":9146,"position_id":900000062,"entry_type":"IN","deal_type":"BUY","side":"L","layer_index":2,"role":"EXT","deal_price":1.12167,"order_price_open":null,"slippage_pips":null,"volume":0.00,"profit":0.00,"swap":0.00,"commission":0.00,"deal_time_broker":"2026-10-05 11:52:15","deal_time_broker_msc":1791201135000,"halted_at_receipt":false,"quarantined_at_receipt":false}
24,133,1791203167011,ea_event,,{"type":"fill_log","seq":81,"ea_time_ms":97253984,"magic":22260201,"deal_ticket":800000063,"order_ticket":9149,"position_id":900000063,"entry_type":"IN","deal_type":"SELL","side":"S","layer_index":7,"role":"ENT","deal_price":1.12194,"order_price_open":null,"slippage_pips":null,"volume":0.00,"profit":0.00,"swap":0.00,"commission":0.00,"deal_time_broker":"2026-10-05 12:26:07","deal_time_broker_msc":1791203167000,"halted_at_receipt":false,"quarantined_at_receipt":false}
24,134,1791204233002,ea_event,,{"type":"fill_log","seq":82,"ea_time_ms":97254015,"magic":22260201,"deal_ticket":800000064,"order_ticket":9154,"position_id":900000064,"entry_type":"IN","deal_type":"SELL","side":"S","layer_index":7,"role":"EXT","deal_price":1.12104,"order_price_open":null,"slippage_pips":null,"volume":0.00,"profit":0.00,"swap":0.00,"commission":0.00,"deal_time_broker":"2026-10-05 12:43:53","deal_time_broker_msc":1791204233000,"halted_at_receipt":false,"quarantined_at_receipt":false}
24,137,1791204287735,ea_event,,{"type":"fill_log","seq":83,"ea_time_ms":97254015,"magic":22260201,"deal_ticket":800000065,"order_ticket":9152,"position_id":900000065,"entry_type":"IN","deal_type":"BUY","side":"L","layer_index":2,"role":"ENT","deal_price":1.12077,"order_price_open":null,"slippage_pips":null,"volume":0.00,"profit":0.00,"swap":0.00,"commission":0.00,"deal_time_broker":"2026-10-05 12:44:47","deal_time_broker_msc":1791204287000,"halted_at_receipt":false,"quarantined_at_receipt":false}
24,138,1791206139676,ea_event,,{"type":"fill_log","seq":84,"ea_time_ms":97254062,"magic":22260201,"deal_ticket":800000066,"order_ticket":9155,"position_id":900000066,"entry_type":"IN","deal_type":"SELL","side":"S","layer_index":6,"role":"EXT","deal_price":1.12034,"order_price_open":null,"slippage_pips":null,"volume":0.00,"profit":0.00,"swap":0.00,"commission":0.00,"deal_time_broker":"2026-10-05 13:15:39","deal_time_broker_msc":1791206139000,"halted_at_receipt":false,"quarantined_at_receipt":false}
24,141,1791208444523,ea_event,,{"type":"fill_log","seq":85,"ea_time_ms":97254125,"magic":22260201,"deal_ticket":800000067,"order_ticket":9158,"position_id":900000067,"entry_type":"IN","deal_type":"BUY","side":"L","layer_index":3,"role":"ENT","deal_price":1.12007,"order_price_open":null,"slippage_pips":null,"volume":0.00,"profit":0.00,"swap":0.00,"commission":0.00,"deal_time_broker":"2026-10-05 13:54:04","deal_time_broker_msc":1791208444000,"halted_at_receipt":false,"quarantined_at_receipt":false}
24,142,1791209672139,ea_event,,{"type":"fill_log","seq":86,"ea_time_ms":97254156,"magic":22260201,"deal_ticket":800000068,"order_ticket":9160,"position_id":900000068,"entry_type":"IN","deal_type":"SELL","side":"S","layer_index":5,"role":"EXT","deal_price":1.11963,"order_price_open":null,"slippage_pips":null,"volume":0.00,"profit":0.00,"swap":0.00,"commission":0.00,"deal_time_broker":"2026-10-05 14:14:32","deal_time_broker_msc":1791209672000,"halted_at_receipt":false,"quarantined_at_receipt":false}
24,145,1791210436388,ea_event,,{"type":"fill_log","seq":87,"ea_time_ms":97254187,"magic":22260201,"deal_ticket":800000069,"order_ticket":9166,"position_id":900000069,"entry_type":"IN","deal_type":"SELL","side":"S","layer_index":5,"role":"ENT","deal_price":1.12050,"order_price_open":null,"slippage_pips":null,"volume":0.00,"profit":0.00,"swap":0.00,"commission":0.00,"deal_time_broker":"2026-10-05 14:27:16","deal_time_broker_msc":1791210436000,"halted_at_receipt":false,"quarantined_at_receipt":false}
24,146,1791210512120,ea_event,,{"type":"fill_log","seq":88,"ea_time_ms":97254203,"magic":22260201,"deal_ticket":800000070,"order_ticket":9164,"position_id":900000070,"entry_type":"IN","deal_type":"BUY","side":"L","layer_index":3,"role":"EXT","deal_price":1.12095,"order_price_open":null,"slippage_pips":null,"volume":0.00,"profit":0.00,"swap":0.00,"commission":0.00,"deal_time_broker":"2026-10-05 14:28:32","deal_time_broker_msc":1791210512000,"halted_at_receipt":false,"quarantined_at_receipt":false}
24,149,1791210522181,ea_event,,{"type":"fill_log","seq":89,"ea_time_ms":97254203,"magic":22260201,"deal_ticket":800000071,"order_ticket":9168,"position_id":900000071,"entry_type":"IN","deal_type":"SELL","side":"S","layer_index":6,"role":"ENT","deal_price":1.12123,"order_price_open":null,"slippage_pips":null,"volume":0.00,"profit":0.00,"swap":0.00,"commission":0.00,"deal_time_broker":"2026-10-05 14:28:42","deal_time_broker_msc":1791210522000,"halted_at_receipt":false,"quarantined_at_receipt":false}
24,150,1791210606457,ea_event,,{"type":"fill_log","seq":90,"ea_time_ms":97254203,"magic":22260201,"deal_ticket":800000072,"order_ticket":9170,"position_id":900000072,"entry_type":"IN","deal_type":"BUY","side":"L","layer_index":2,"role":"EXT","deal_price":1.12168,"order_price_open":null,"slippage_pips":null,"volume":0.00,"profit":0.00,"swap":0.00,"commission":0.00,"deal_time_broker":"2026-10-05 14:30:06","deal_time_broker_msc":1791210606000,"halted_at_receipt":false,"quarantined_at_receipt":false}
24,153,1791210983578,ea_event,,{"type":"fill_log","seq":91,"ea_time_ms":97254218,"magic":22260201,"deal_ticket":800000073,"order_ticket":9176,"position_id":900000073,"entry_type":"IN","deal_type":"BUY","side":"L","layer_index":2,"role":"ENT","deal_price":1.12077,"order_price_open":null,"slippage_pips":null,"volume":0.00,"profit":0.00,"swap":0.00,"commission":0.00,"deal_time_broker":"2026-10-05 14:36:23","deal_time_broker_msc":1791210983000,"halted_at_receipt":false,"quarantined_at_receipt":false}
24,154,1791211370381,ea_event,,{"type":"fill_log","seq":92,"ea_time_ms":97254234,"magic":22260201,"deal_ticket":800000074,"order_ticket":9174,"position_id":900000074,"entry_type":"IN","deal_type":"SELL","side":"S","layer_index":6,"role":"EXT","deal_price":1.12031,"order_price_open":null,"slippage_pips":null,"volume":0.00,"profit":0.00,"swap":0.00,"commission":0.00,"deal_time_broker":"2026-10-05 14:42:50","deal_time_broker_msc":1791211370000,"halted_at_receipt":false,"quarantined_at_receipt":false}
24,157,1791213743890,ea_event,,{"type":"fill_log","seq":93,"ea_time_ms":97254328,"magic":22260201,"deal_ticket":800000075,"order_ticket":9178,"position_id":900000075,"entry_type":"IN","deal_type":"BUY","side":"L","layer_index":3,"role":"ENT","deal_price":1.12005,"order_price_open":null,"slippage_pips":null,"volume":0.00,"profit":0.00,"swap":0.00,"commission":0.00,"deal_time_broker":"2026-10-05 15:22:23","deal_time_broker_msc":1791213743000,"halted_at_receipt":false,"quarantined_at_receipt":false}
24,158,1791214187660,ea_event,,{"type":"fill_log","seq":94,"ea_time_ms":97254343,"magic":22260201,"deal_ticket":800000076,"order_ticket":9184,"position_id":900000076,"entry_type":"IN","deal_type":"BUY","side":"L","layer_index":3,"role":"EXT","deal_price":1.12095,"order_price_open":null,"slippage_pips":null,"volume":0.00,"profit":0.00,"swap":0.00,"commission":0.00,"deal_time_broker":"2026-10-05 15:29:47","deal_time_broker_msc":1791214187000,"halted_at_receipt":false,"quarantined_at_receipt":false}
24,161,1791214254814,ea_event,,{"type":"fill_log","seq":95,"ea_time_ms":97254343,"magic":22260201,"deal_ticket":800000077,"order_ticket":9181,"position_id":900000077,"entry_type":"IN","deal_type":"SELL","side":"S","layer_index":6,"role":"ENT","deal_price":1.12120,"order_price_open":null,"slippage_pips":null,"volume":0.00,"profit":0.00,"swap":0.00,"commission":0.00,"deal_time_broker":"2026-10-05 15:30:54","deal_time_broker_msc":1791214254000,"halted_at_receipt":false,"quarantined_at_receipt":false}
24,162,1791216648298,ea_event,,{"type":"fill_log","seq":96,"ea_time_ms":97254437,"magic":22260201,"deal_ticket":800000078,"order_ticket":9189,"position_id":900000078,"entry_type":"IN","deal_type":"SELL","side":"S","layer_index":6,"role":"EXT","deal_price":1.12030,"order_price_open":null,"slippage_pips":null,"volume":0.00,"profit":0.00,"swap":0.00,"commission":0.00,"deal_time_broker":"2026-10-05 16:10:48","deal_time_broker_msc":1791216648000,"halted_at_receipt":false,"quarantined_at_receipt":false}
24,165,1791217747497,ea_event,,{"type":"fill_log","seq":97,"ea_time_ms":97254468,"magic":22260201,"deal_ticket":800000079,"order_ticket":9186,"position_id":900000079,"entry_type":"IN","deal_type":"BUY","side":"L","layer_index":3,"role":"ENT","deal_price":1.12007,"order_price_open":null,"slippage_pips":null,"volume":0.00,"profit":0.00,"swap":0.00,"commission":0.00,"deal_time_broker":"2026-10-05 16:29:07","deal_time_broker_msc":1791217747000,"halted_at_receipt":false,"quarantined_at_receipt":false}
24,166,1791218065905,ea_event,,{"type":"fill_log","seq":98,"ea_time_ms":97254500,"magic":22260201,"deal_ticket":800000080,"order_ticket":9190,"position_id":900000080,"entry_type":"IN","deal_type":"SELL","side":"S","layer_index":5,"role":"EXT","deal_price":1.11959,"order_price_open":null,"slippage_pips":null,"volume":0.00,"profit":0.00,"swap":0.00,"commission":0.00,"deal_time_broker":"2026-10-05 16:34:25","deal_time_broker_msc":1791218065000,"halted_at_receipt":false,"quarantined_at_receipt":false}
24,169,1791218176811,ea_event,,{"type":"fill_log","seq":99,"ea_time_ms":97254500,"magic":22260201,"deal_ticket":800000081,"order_ticket":9193,"position_id":900000081,"entry_type":"IN","deal_type":"BUY","side":"L","layer_index":4,"role":"ENT","deal_price":1.11932,"order_price_open":null,"slippage_pips":null,"volume":0.00,"profit":0.00,"swap":0.00,"commission":0.00,"deal_time_broker":"2026-10-05 16:36:16","deal_time_broker_msc":1791218176000,"halted_at_receipt":false,"quarantined_at_receipt":false}
24,170,1791218757718,ea_event,,{"type":"fill_log","seq":100,"ea_time_ms":97254515,"magic":22260201,"deal_ticket":800000082,"order_ticket":9195,"position_id":900000082,"entry_type":"IN","deal_type":"SELL","side":"S","layer_index":4,"role":"EXT","deal_price":1.11891,"order_price_open":null,"slippage_pips":null,"volume":0.00,"profit":0.00,"swap":0.00,"commission":0.00,"deal_time_broker":"2026-10-05 16:45:57","deal_time_broker_msc":1791218757000,"halted_at_receipt":false,"quarantined_at_receipt":false}
24,173,1791222077557,ea_event,,{"type":"fill_log","seq":101,"ea_time_ms":97254703,"magic":22260201,"deal_ticket":800000083,"order_ticket":9201,"position_id":900000083,"entry_type":"IN","deal_type":"SELL","side":"S","layer_index":4,"role":"ENT","deal_price":1.11981,"order_price_open":null,"slippage_pips":null,"volume":0.00,"profit":0.00,"swap":0.00,"commission":0.00,"deal_time_broker":"2026-10-05 17:41:17","deal_time_broker_msc":1791222077000,"halted_at_receipt":false,"quarantined_at_receipt":false}
24,174,1791222440480,ea_event,,{"type":"fill_log","seq":102,"ea_time_ms":97254718,"magic":22260201,"deal_ticket":800000084,"order_ticket":9199,"position_id":900000084,"entry_type":"IN","deal_type":"BUY","side":"L","layer_index":4,"role":"EXT","deal_price":1.12022,"order_price_open":null,"slippage_pips":null,"volume":0.00,"profit":0.00,"swap":0.00,"commission":0.00,"deal_time_broker":"2026-10-05 17:47:20","deal_time_broker_msc":1791222440000,"halted_at_receipt":false,"quarantined_at_receipt":false}
24,177,1791222733837,ea_event,,{"type":"fill_log","seq":103,"ea_time_ms":97254734,"magic":22260201,"deal_ticket":800000085,"order_ticket":9203,"position_id":900000085,"entry_type":"IN","deal_type":"SELL","side":"S","layer_index":5,"role":"ENT","deal_price":1.12052,"order_price_open":null,"slippage_pips":null,"volume":0.00,"profit":0.00,"swap":0.00,"commission":0.00,"deal_time_broker":"2026-10-05 17:52:13","deal_time_broker_msc":1791222733000,"halted_at_receipt":false,"quarantined_at_receipt":false}
24,178,1791223236869,ea_event,,{"type":"fill_log","seq":104,"ea_time_ms":97254765,"magic":22260201,"deal_ticket":800000086,"order_ticket":9205,"position_id":900000086,"entry_type":"IN","deal_type":"BUY","side":"L","layer_index":3,"role":"EXT","deal_price":1.12099,"order_price_open":null,"slippage_pips":null,"volume":0.00,"profit":0.00,"swap":0.00,"commission":0.00,"deal_time_broker":"2026-10-05 18:00:36","deal_time_broker_msc":1791223236000,"halted_at_receipt":false,"quarantined_at_receipt":false}
24,181,1791223498412,ea_event,,{"type":"fill_log","seq":105,"ea_time_ms":97254781,"magic":22260201,"deal_ticket":800000087,"order_ticket":9208,"position_id":900000087,"entry_type":"IN","deal_type":"SELL","side":"S","layer_index":6,"role":"ENT","deal_price":1.12121,"order_price_open":null,"slippage_pips":null,"volume":0.00,"profit":0.00,"swap":0.00,"commission":0.00,"deal_time_broker":"2026-10-05 18:04:58","deal_time_broker_msc":1791223498000,"halted_at_receipt":false,"quarantined_at_receipt":false}
24,182,1791228320990,ea_event,,{"type":"fill_log","seq":106,"ea_time_ms":97254953,"magic":22260201,"deal_ticket":800000088,"order_ticket":9214,"position_id":900000088,"entry_type":"IN","deal_type":"SELL","side":"S","layer_index":6,"role":"EXT","deal_price":1.12032,"order_price_open":null,"slippage_pips":null,"volume":0.00,"profit":0.00,"swap":0.00,"commission":0.00,"deal_time_broker":"2026-10-05 19:25:20","deal_time_broker_msc":1791228320000,"halted_at_receipt":false,"quarantined_at_receipt":false}
24,185,1791230703568,ea_event,,{"type":"fill_log","seq":107,"ea_time_ms":97255015,"magic":22260201,"deal_ticket":800000089,"order_ticket":9211,"position_id":900000089,"entry_type":"IN","deal_type":"BUY","side":"L","layer_index":3,"role":"ENT","deal_price":1.12005,"order_price_open":null,"slippage_pips":null,"volume":0.00,"profit":0.00,"swap":0.00,"commission":0.00,"deal_time_broker":"2026-10-05 20:05:03","deal_time_broker_msc":1791230703000,"halted_at_receipt":false,"quarantined_at_receipt":false}
24,186,1791233855721,ea_event,,{"type":"fill_log","seq":108,"ea_time_ms":97255093,"magic":22260201,"deal_ticket":800000090,"order_ticket":9219,"position_id":900000090,"entry_type":"IN","deal_type":"BUY","side":"L","layer_index":3,"role":"EXT","deal_price":1.12096,"order_price_open":null,"slippage_pips":null,"volume":0.00,"profit":0.00,"swap":0.00,"commission":0.00,"deal_time_broker":"2026-10-05 20:57:35","deal_time_broker_msc":1791233855000,"halted_at_receipt":false,"quarantined_at_receipt":false}
24,189,1791234021680,ea_event,,{"type":"fill_log","seq":109,"ea_time_ms":97255093,"magic":22260201,"deal_ticket":800000091,"order_ticket":9216,"position_id":900000091,"entry_type":"IN","deal_type":"SELL","side":"S","layer_index":6,"role":"ENT","deal_price":1.12123,"order_price_open":null,"slippage_pips":null,"volume":0.00,"profit":0.00,"swap":0.00,"commission":0.00,"deal_time_broker":"2026-10-05 21:00:21","deal_time_broker_msc":1791234021000,"halted_at_receipt":false,"quarantined_at_receipt":false}
24,190,1791237903404,ea_event,,{"type":"fill_log","seq":110,"ea_time_ms":97255171,"magic":22260201,"deal_ticket":800000092,"order_ticket":9220,"position_id":900000092,"entry_type":"IN","deal_type":"BUY","side":"L","layer_index":2,"role":"EXT","deal_price":1.12167,"order_price_open":null,"slippage_pips":null,"volume":0.00,"profit":0.00,"swap":0.00,"commission":0.00,"deal_time_broker":"2026-10-05 22:05:03","deal_time_broker_msc":1791237903000,"halted_at_receipt":false,"quarantined_at_receipt":false}
24,193,1791239150451,ea_event,,{"type":"fill_log","seq":111,"ea_time_ms":97255203,"magic":22260201,"deal_ticket":800000093,"order_ticket":9223,"position_id":900000093,"entry_type":"IN","deal_type":"SELL","side":"S","layer_index":7,"role":"ENT","deal_price":1.12194,"order_price_open":null,"slippage_pips":null,"volume":0.00,"profit":0.00,"swap":0.00,"commission":0.00,"deal_time_broker":"2026-10-05 22:25:50","deal_time_broker_msc":1791239150000,"halted_at_receipt":false,"quarantined_at_receipt":false}
24,194,1791244200001,ea_event,CARRY_EXIT_SHIFT,{"type":"ea_event","seq":112,"ea_time_ms":97255265,"magic":null,"level":"INFO","code":"CARRY_EXIT_SHIFT","reason":"EURUSD","ticket":null,"detail":{"position_ticket":1983404301,"side":"long","layer_index":0,"accrued_ledger_pips":-0.800,"pending_pips":-0.799,"accrued_pips_total":-1.599,"old_price":1.12307,"new_price":1.12323,"clamped":false,"sign_guard_skipped":false,"retcode":10009,"points_native_pips":-2.397}}
24,194,1791244200001,ea_event,CARRY_EXIT_SHIFT,{"type":"ea_event","seq":113,"ea_time_ms":97255265,"magic":null,"level":"INFO","code":"CARRY_EXIT_SHIFT","reason":"EURUSD","ticket":null,"detail":{"position_ticket":1983447937,"side":"long","layer_index":1,"accrued_ledger_pips":-0.800,"pending_pips":-0.799,"accrued_pips_total":-1.599,"old_price":1.12237,"new_price":1.12253,"clamped":false,"sign_guard_skipped":false,"retcode":10009,"points_native_pips":-2.397}}
24,197,1791244260001,ea_event,CARRY_EXIT_SHIFT,{"type":"ea_event","seq":114,"ea_time_ms":97255265,"magic":null,"level":"INFO","code":"CARRY_EXIT_SHIFT","reason":"EURUSD","ticket":null,"detail":{"position_ticket":1985687105,"side":"short","layer_index":0,"accrued_ledger_pips":0.000,"pending_pips":0.131,"accrued_pips_total":0.131,"old_price":1.11598,"new_price":1.11599,"clamped":false,"sign_guard_skipped":false,"retcode":10009,"points_native_pips":0.131}}
24,197,1791244440001,ea_event,CARRY_EXIT_SHIFT,{"type":"ea_event","seq":115,"ea_time_ms":97255265,"magic":null,"level":"INFO","code":"CARRY_EXIT_SHIFT","reason":"EURUSD","ticket":null,"detail":{"position_ticket":1988013431,"side":"short","layer_index":7,"accrued_ledger_pips":0.000,"pending_pips":0.131,"accrued_pips_total":0.131,"old_price":1.12104,"new_price":1.12105,"clamped":false,"sign_guard_skipped":false,"retcode":10009,"points_native_pips":0.131}}
24,197,1791244440001,ea_event,CARRY_PASS_SUMMARY,{"type":"ea_event","seq":116,"ea_time_ms":97255265,"magic":null,"level":"INFO","code":"CARRY_PASS_SUMMARY","reason":"EURUSD","ticket":null,"detail":{"eligible":10,"shifted":4,"clamped":0,"skipped":0,"failed":0,"incomplete":false}}
26,-1,1791255840834,ea_event,,{"type":"fill_log","seq":0,"ea_time_ms":97255390,"magic":22260201,"deal_ticket":800000001,"order_ticket":1988240489,"position_id":900000001,"entry_type":"IN","deal_type":"BUY","side":"L","layer_index":1,"role":"ENT","deal_price":1.12147,"order_price_open":null,"slippage_pips":null,"volume":0.00,"profit":0.00,"swap":0.00,"commission":0.00,"deal_time_broker":"2026-10-06 03:04:00","deal_time_broker_msc":1791255840000,"halted_at_receipt":false,"quarantined_at_receipt":false}
26,0,1791259209647,ea_event,,{"type":"fill_log","seq":1,"ea_time_ms":97255421,"magic":22260201,"deal_ticket":800000002,"order_ticket":9002,"position_id":900000002,"entry_type":"IN","deal_type":"BUY","side":"L","layer_index":1,"role":"EXT","deal_price":1.12241,"order_price_open":null,"slippage_pips":null,"volume":0.00,"profit":0.00,"swap":0.00,"commission":0.00,"deal_time_broker":"2026-10-06 04:00:09","deal_time_broker_msc":1791259209000,"halted_at_receipt":false,"quarantined_at_receipt":false}
26,3,1791259224075,ea_event,ROLL_ACCEPTED,{"type":"ea_event","seq":2,"ea_time_ms":97255421,"magic":null,"level":"INFO","code":"ROLL_ACCEPTED","reason":null,"ticket":1985687105,"detail":{"ticket":1985687105,"side":"S","layer_index":0,"entry":1.11688,"level":1.12264,"target":1.12175,"accrued":0.00001,"clamped":false,"cost":0.00486,"cost_pips":48.6,"rolled":1,"was_ejected":false,"source":"auto","reroll":false,"from_level":0.00000}}
26,4,1791262509493,ea_event,,{"type":"fill_log","seq":3,"ea_time_ms":97255484,"magic":22260201,"deal_ticket":800000003,"order_ticket":1985694703,"position_id":900000003,"entry_type":"IN","deal_type":"SELL","side":"S","layer_index":0,"role":"EXT","deal_price":1.12176,"order_price_open":null,"slippage_pips":null,"volume":0.00,"profit":0.00,"swap":0.00,"commission":0.00,"deal_time_broker":"2026-10-06 04:55:09","deal_time_broker_msc":1791262509000,"halted_at_receipt":false,"quarantined_at_receipt":false}
26,7,1791263686798,ea_event,,{"type":"fill_log","seq":4,"ea_time_ms":97255500,"magic":22260201,"deal_ticket":800000004,"order_ticket":9003,"position_id":900000004,"entry_type":"IN","deal_type":"BUY","side":"L","layer_index":1,"role":"ENT","deal_price":1.12145,"order_price_open":null,"slippage_pips":null,"volume":0.00,"profit":0.00,"swap":0.00,"commission":0.00,"deal_time_broker":"2026-10-06 05:14:46","deal_time_broker_msc":1791263686000,"halted_at_receipt":false,"quarantined_at_receipt":false}
27,-1,1791277527895,ea_event,,{"type":"fill_log","seq":0,"ea_time_ms":97255671,"magic":22260201,"deal_ticket":800000001,"order_ticket":1988657869,"position_id":900000001,"entry_type":"IN","deal_type":"SELL","side":"S","layer_index":7,"role":"EXT","deal_price":1.12083,"order_price_open":null,"slippage_pips":null,"volume":0.00,"profit":0.00,"swap":0.00,"commission":0.00,"deal_time_broker":"2026-10-06 09:05:27","deal_time_broker_msc":1791277527000,"halted_at_receipt":false,"quarantined_at_receipt":false}
27,2,1791277597115,ea_event,,{"type":"fill_log","seq":1,"ea_time_ms":97255671,"magic":22260201,"deal_ticket":800000002,"order_ticket":1988692255,"position_id":900000002,"entry_type":"IN","deal_type":"BUY","side":"L","layer_index":2,"role":"ENT","deal_price":1.12069,"order_price_open":null,"slippage_pips":null,"volume":0.00,"profit":0.00,"swap":0.00,"commission":0.00,"deal_time_broker":"2026-10-06 09:06:37","deal_time_broker_msc":1791277597000,"halted_at_receipt":false,"quarantined_at_receipt":false}
27,3,1791281716249,ea_event,,{"type":"fill_log","seq":2,"ea_time_ms":97255765,"magic":22260201,"deal_ticket":800000003,"order_ticket":9004,"position_id":900000003,"entry_type":"IN","deal_type":"BUY","side":"L","layer_index":2,"role":"EXT","deal_price":1.12180,"order_price_open":null,"slippage_pips":null,"volume":0.00,"profit":0.00,"swap":0.00,"commission":0.00,"deal_time_broker":"2026-10-06 10:15:16","deal_time_broker_msc":1791281716000,"halted_at_receipt":false,"quarantined_at_receipt":false}
27,6,1791281738412,ea_event,,{"type":"fill_log","seq":3,"ea_time_ms":97255781,"magic":22260201,"deal_ticket":800000004,"order_ticket":9001,"position_id":900000004,"entry_type":"IN","deal_type":"SELL","side":"S","layer_index":7,"role":"ENT","deal_price":1.12197,"order_price_open":null,"slippage_pips":null,"volume":0.00,"profit":0.00,"swap":0.00,"commission":0.00,"deal_time_broker":"2026-10-06 10:15:38","deal_time_broker_msc":1791281738000,"halted_at_receipt":false,"quarantined_at_receipt":false}
27,7,1791283174835,ea_event,,{"type":"fill_log","seq":4,"ea_time_ms":97255828,"magic":22260201,"deal_ticket":800000005,"order_ticket":9005,"position_id":900000005,"entry_type":"IN","deal_type":"BUY","side":"L","layer_index":1,"role":"EXT","deal_price":1.12254,"order_price_open":null,"slippage_pips":null,"volume":0.00,"profit":0.00,"swap":0.00,"commission":0.00,"deal_time_broker":"2026-10-06 10:39:34","deal_time_broker_msc":1791283174000,"halted_at_receipt":false,"quarantined_at_receipt":false}
27,10,1791283202547,ea_event,,{"type":"fill_log","seq":5,"ea_time_ms":97255828,"magic":22260201,"deal_ticket":800000006,"order_ticket":9008,"position_id":900000006,"entry_type":"IN","deal_type":"SELL","side":"S","layer_index":8,"role":"ENT","deal_price":1.12268,"order_price_open":null,"slippage_pips":null,"volume":0.00,"profit":0.00,"swap":0.00,"commission":0.00,"deal_time_broker":"2026-10-06 10:40:02","deal_time_broker_msc":1791283202000,"halted_at_receipt":false,"quarantined_at_receipt":false}
27,12,1791284001644,ea_event,ROLL_ACCEPTED,{"type":"ea_event","seq":6,"ea_time_ms":97255875,"magic":null,"level":"INFO","code":"ROLL_ACCEPTED","reason":null,"ticket":1985778829,"detail":{"ticket":1985778829,"side":"S","layer_index":1,"entry":1.11759,"level":1.12338,"target":1.12229,"accrued":0.00001,"clamped":false,"cost":0.00469,"cost_pips":46.9,"rolled":1,"was_ejected":false,"source":"auto","reroll":false,"from_level":0.00000}}
27,12,1791284002762,ea_event,,{"type":"fill_log","seq":7,"ea_time_ms":97255875,"magic":22260201,"deal_ticket":800000007,"order_ticket":1985644509,"position_id":900000007,"entry_type":"IN","deal_type":"BUY","side":"L","layer_index":0,"role":"EXT","deal_price":1.12350,"order_price_open":null,"slippage_pips":null,"volume":0.00,"profit":0.00,"swap":0.00,"commission":0.00,"deal_time_broker":"2026-10-06 10:53:21","deal_time_broker_msc":1791284001000,"halted_at_receipt":false,"quarantined_at_receipt":false}
27,15,1791284073226,ea_event,,{"type":"fill_log","seq":8,"ea_time_ms":97255875,"magic":22260201,"deal_ticket":800000008,"order_ticket":9014,"position_id":900000008,"entry_type":"IN","deal_type":"BUY","side":"L","layer_index":0,"role":"ENT","deal_price":1.12351,"order_price_open":null,"slippage_pips":null,"volume":0.00,"profit":0.00,"swap":0.00,"commission":0.00,"deal_time_broker":"2026-10-06 10:54:33","deal_time_broker_msc":1791284073000,"halted_at_receipt":false,"quarantined_at_receipt":false}
27,17,1791284298852,ea_event,ROLL_ACCEPTED,{"type":"ea_event","seq":9,"ea_time_ms":97255875,"magic":null,"level":"INFO","code":"ROLL_ACCEPTED","reason":null,"ticket":1986168190,"detail":{"ticket":1986168190,"side":"S","layer_index":2,"entry":1.11834,"level":1.12408,"target":1.12299,"accrued":0.00001,"clamped":false,"cost":0.00464,"cost_pips":46.4,"rolled":2,"was_ejected":false,"source":"auto","reroll":false,"from_level":0.00000}}
27,17,1791284872166,ea_event,,{"type":"fill_log","seq":10,"ea_time_ms":97255906,"magic":22260201,"deal_ticket":800000009,"order_ticket":9013,"position_id":900000009,"entry_type":"IN","deal_type":"SELL","side":"S","layer_index":2,"role":"EXT","deal_price":1.12299,"order_price_open":null,"slippage_pips":null,"volume":0.00,"profit":0.00,"swap":0.00,"commission":0.00,"deal_time_broker":"2026-10-06 11:07:52","deal_time_broker_msc":1791284872000,"halted_at_receipt":false,"quarantined_at_receipt":false}
27,20,1791285375188,ea_event,,{"type":"fill_log","seq":11,"ea_time_ms":97255921,"magic":22260201,"deal_ticket":800000010,"order_ticket":9016,"position_id":900000010,"entry_type":"IN","deal_type":"BUY","side":"L","layer_index":1,"role":"ENT","deal_price":1.12281,"order_price_open":null,"slippage_pips":null,"volume":0.00,"profit":0.00,"swap":0.00,"commission":0.00,"deal_time_broker":"2026-10-06 11:16:15","deal_time_broker_msc":1791285375000,"halted_at_receipt":false,"quarantined_at_receipt":false}
27,21,1791286628245,ea_event,,{"type":"fill_log","seq":12,"ea_time_ms":97255968,"magic":22260201,"deal_ticket":800000011,"order_ticket":9023,"position_id":900000011,"entry_type":"IN","deal_type":"BUY","side":"L","layer_index":1,"role":"EXT","deal_price":1.12392,"order_price_open":null,"slippage_pips":null,"volume":0.00,"profit":0.00,"swap":0.00,"commission":0.00,"deal_time_broker":"2026-10-06 11:37:08","deal_time_broker_msc":1791286628000,"halted_at_receipt":false,"quarantined_at_receipt":false}
27,24,1791286636887,ea_event,,{"type":"fill_log","seq":13,"ea_time_ms":97255968,"magic":22260201,"deal_ticket":800000012,"order_ticket":9020,"position_id":900000012,"entry_type":"IN","deal_type":"SELL","side":"S","layer_index":9,"role":"ENT","deal_price":1.12409,"order_price_open":null,"slippage_pips":null,"volume":0.00,"profit":0.00,"swap":0.00,"commission":0.00,"deal_time_broker":"2026-10-06 11:37:16","deal_time_broker_msc":1791286636000,"halted_at_receipt":false,"quarantined_at_receipt":false}
27,25,1791286987918,ea_event,,{"type":"fill_log","seq":14,"ea_time_ms":97255968,"magic":22260201,"deal_ticket":800000013,"order_ticket":9017,"position_id":900000013,"entry_type":"IN","deal_type":"BUY","side":"L","layer_index":0,"role":"EXT","deal_price":1.12464,"order_price_open":null,"slippage_pips":null,"volume":0.00,"profit":0.00,"swap":0.00,"commission":0.00,"deal_time_broker":"2026-10-06 11:43:07","deal_time_broker_msc":1791286987000,"halted_at_receipt":false,"quarantined_at_receipt":false}
27,28,1791287030794,ea_event,,{"type":"fill_log","seq":15,"ea_time_ms":97255968,"magic":22260201,"deal_ticket":800000014,"order_ticket":9027,"position_id":900000014,"entry_type":"IN","deal_type":"BUY","side":"L","layer_index":0,"role":"ENT","deal_price":1.12442,"order_price_open":null,"slippage_pips":null,"volume":0.00,"profit":0.00,"swap":0.00,"commission":0.00,"deal_time_broker":"2026-10-06 11:43:50","deal_time_broker_msc":1791287030000,"halted_at_receipt":false,"quarantined_at_receipt":false}
27,29,1791288819159,ea_event,,{"type":"fill_log","seq":16,"ea_time_ms":97256015,"magic":22260201,"deal_ticket":800000015,"order_ticket":9029,"position_id":900000015,"entry_type":"IN","deal_type":"BUY","side":"L","layer_index":1,"role":"ENT","deal_price":1.12369,"order_price_open":null,"slippage_pips":null,"volume":0.00,"profit":0.00,"swap":0.00,"commission":0.00,"deal_time_broker":"2026-10-06 12:13:39","deal_time_broker_msc":1791288819000,"halted_at_receipt":false,"quarantined_at_receipt":false}
27,31,1791291111619,ea_event,ROLL_ACCEPTED,{"type":"ea_event","seq":17,"ea_time_ms":97256062,"magic":null,"level":"INFO","code":"ROLL_ACCEPTED","reason":null,"ticket":1986184621,"detail":{"ticket":1986184621,"side":"S","layer_index":3,"entry":1.11911,"level":1.12479,"target":1.12370,"accrued":0.00001,"clamped":false,"cost":0.00458,"cost_pips":45.8,"rolled":2,"was_ejected":false,"source":"auto","reroll":false,"from_level":0.00000}}
27,31,1791291112737,ea_event,,{"type":"fill_log","seq":18,"ea_time_ms":97256062,"magic":22260201,"deal_ticket":800000016,"order_ticket":9033,"position_id":900000016,"entry_type":"IN","deal_type":"BUY","side":"L","layer_index":1,"role":"EXT","deal_price":1.12478,"order_price_open":null,"slippage_pips":null,"volume":0.00,"profit":0.00,"swap":0.00,"commission":0.00,"deal_time_broker":"2026-10-06 12:51:51","deal_time_broker_msc":1791291111000,"halted_at_receipt":false,"quarantined_at_receipt":false}
27,35,1791296302672,ea_event,ROLL_ACCEPTED,{"type":"ea_event","seq":19,"ea_time_ms":97256187,"magic":null,"level":"INFO","code":"ROLL_ACCEPTED","reason":null,"ticket":1987310031,"detail":{"ticket":1987310031,"side":"S","layer_index":4,"entry":1.11981,"level":1.12549,"target":1.12440,"accrued":0.00001,"clamped":false,"cost":0.00458,"cost_pips":45.8,"rolled":3,"was_ejected":false,"source":"auto","reroll":false,"from_level":0.00000}}
27,35,1791296305160,ea_event,,{"type":"fill_log","seq":20,"ea_time_ms":97256187,"magic":22260201,"deal_ticket":800000017,"order_ticket":9030,"position_id":900000017,"entry_type":"IN","deal_type":"BUY","side":"L","layer_index":0,"role":"EXT","deal_price":1.12554,"order_price_open":null,"slippage_pips":null,"volume":0.00,"profit":0.00,"swap":0.00,"commission":0.00,"deal_time_broker":"2026-10-06 14:18:25","deal_time_broker_msc":1791296305000,"halted_at_receipt":false,"quarantined_at_receipt":false}
27,38,1791296617616,ea_event,,{"type":"fill_log","seq":21,"ea_time_ms":97256203,"magic":22260201,"deal_ticket":800000018,"order_ticket":9037,"position_id":900000018,"entry_type":"IN","deal_type":"BUY","side":"L","layer_index":0,"role":"ENT","deal_price":1.12577,"order_price_open":null,"slippage_pips":null,"volume":0.00,"profit":0.00,"swap":0.00,"commission":0.00,"deal_time_broker":"2026-10-06 14:23:37","deal_time_broker_msc":1791296617000,"halted_at_receipt":false,"quarantined_at_receipt":false}
27,40,1791296736878,ea_event,ROLL_ACCEPTED,{"type":"ea_event","seq":22,"ea_time_ms":97256203,"magic":null,"level":"INFO","code":"ROLL_ACCEPTED","reason":null,"ticket":1987528677,"detail":{"ticket":1987528677,"side":"S","layer_index":5,"entry":1.12052,"level":1.12619,"target":1.12510,"accrued":0.00001,"clamped":false,"cost":0.00457,"cost_pips":45.7,"rolled":4,"was_ejected":false,"source":"auto","reroll":false,"from_level":0.00000}}
27,40,1791297750266,ea_event,,{"type":"fill_log","seq":23,"ea_time_ms":97256250,"magic":22260201,"deal_ticket":800000019,"order_ticket":9040,"position_id":900000019,"entry_type":"IN","deal_type":"BUY","side":"L","layer_index":0,"role":"EXT","deal_price":1.12686,"order_price_open":null,"slippage_pips":null,"volume":0.00,"profit":0.00,"swap":0.00,"commission":0.00,"deal_time_broker":"2026-10-06 14:42:30","deal_time_broker_msc":1791297750000,"halted_at_receipt":false,"quarantined_at_receipt":false}
27,44,1791297751215,ea_event,ROLL_ACCEPTED,{"type":"ea_event","seq":24,"ea_time_ms":97256250,"magic":null,"level":"INFO","code":"ROLL_ACCEPTED","reason":null,"ticket":1987826216,"detail":{"ticket":1987826216,"side":"S","layer_index":6,"entry":1.12123,"level":1.12689,"target":1.12580,"accrued":0.00001,"clamped":false,"cost":0.00456,"cost_pips":45.6,"rolled":5,"was_ejected":false,"source":"auto","reroll":false,"from_level":0.00000}}
27,45,1791297909563,ea_event,STRAY_L0_CANCEL,{"type":"ea_event","seq":25,"ea_time_ms":97256250,"magic":null,"level":"WARN","code":"STRAY_L0_CANCEL","reason":null,"ticket":9042,"detail":{"side":"L","depth":1}}
27,46,1791299076701,ea_event,ROLL_ACCEPTED,{"type":"ea_event","seq":26,"ea_time_ms":97256296,"magic":null,"level":"INFO","code":"ROLL_ACCEPTED","reason":null,"ticket":1989190359,"detail":{"ticket":1989190359,"side":"S","layer_index":7,"entry":1.12197,"level":1.12759,"target":1.12649,"accrued":0.00000,"clamped":false,"cost":0.00452,"cost_pips":45.2,"rolled":6,"was_ejected":false,"source":"auto","reroll":false,"from_level":0.00000}}
27,46,1791300473149,ea_event,,{"type":"fill_log","seq":27,"ea_time_ms":97256375,"magic":22260201,"deal_ticket":800000020,"order_ticket":9043,"position_id":900000020,"entry_type":"IN","deal_type":"SELL","side":"S","layer_index":7,"role":"EXT","deal_price":1.12649,"order_price_open":null,"slippage_pips":null,"volume":0.00,"profit":0.00,"swap":0.00,"commission":0.00,"deal_time_broker":"2026-10-06 15:27:53","deal_time_broker_msc":1791300473000,"halted_at_receipt":false,"quarantined_at_receipt":false}
27,49,1791301595477,ea_event,,{"type":"fill_log","seq":28,"ea_time_ms":97256406,"magic":22260201,"deal_ticket":800000021,"order_ticket":9045,"position_id":900000021,"entry_type":"IN","deal_type":"BUY","side":"L","layer_index":1,"role":"ENT","deal_price":1.12601,"order_price_open":null,"slippage_pips":null,"volume":0.00,"profit":0.00,"swap":0.00,"commission":0.00,"deal_time_broker":"2026-10-06 15:46:35","deal_time_broker_msc":1791301595000,"halted_at_receipt":false,"quarantined_at_receipt":false}
27,50,1791301781287,ea_event,,{"type":"fill_log","seq":29,"ea_time_ms":97256406,"magic":22260201,"deal_ticket":800000022,"order_ticket":9047,"position_id":900000022,"entry_type":"IN","deal_type":"SELL","side":"S","layer_index":6,"role":"EXT","deal_price":1.12580,"order_price_open":null,"slippage_pips":null,"volume":0.00,"profit":0.00,"swap":0.00,"commission":0.00,"deal_time_broker":"2026-10-06 15:49:41","deal_time_broker_msc":1791301781000,"halted_at_receipt":false,"quarantined_at_receipt":false}
27,53,1791303979272,ea_event,,{"type":"fill_log","seq":30,"ea_time_ms":97256484,"magic":22260201,"deal_ticket":800000023,"order_ticket":9050,"position_id":900000023,"entry_type":"IN","deal_type":"BUY","side":"L","layer_index":2,"role":"ENT","deal_price":1.12530,"order_price_open":null,"slippage_pips":null,"volume":0.00,"profit":0.00,"swap":0.00,"commission":0.00,"deal_time_broker":"2026-10-06 16:26:19","deal_time_broker_msc":1791303979000,"halted_at_receipt":false,"quarantined_at_receipt":false}
27,54,1791304715195,ea_event,,{"type":"fill_log","seq":31,"ea_time_ms":97256515,"magic":22260201,"deal_ticket":800000024,"order_ticket":9052,"position_id":900000024,"entry_type":"IN","deal_type":"SELL","side":"S","layer_index":5,"role":"EXT","deal_price":1.12510,"order_price_open":null,"slippage_pips":null,"volume":0.00,"profit":0.00,"swap":0.00,"commission":0.00,"deal_time_broker":"2026-10-06 16:38:35","deal_time_broker_msc":1791304715000,"halted_at_receipt":false,"quarantined_at_receipt":false}
27,57,1791308465168,ea_event,,{"type":"fill_log","seq":32,"ea_time_ms":97256625,"magic":22260201,"deal_ticket":800000025,"order_ticket":9054,"position_id":900000025,"entry_type":"IN","deal_type":"BUY","side":"L","layer_index":3,"role":"ENT","deal_price":1.12457,"order_price_open":null,"slippage_pips":null,"volume":0.00,"profit":0.00,"swap":0.00,"commission":0.00,"deal_time_broker":"2026-10-06 17:41:05","deal_time_broker_msc":1791308465000,"halted_at_receipt":false,"quarantined_at_receipt":false}
27,58,1791309223157,ea_event,,{"type":"fill_log","seq":33,"ea_time_ms":97256656,"magic":22260201,"deal_ticket":800000026,"order_ticket":9059,"position_id":900000026,"entry_type":"IN","deal_type":"BUY","side":"L","layer_index":3,"role":"EXT","deal_price":1.12566,"order_price_open":null,"slippage_pips":null,"volume":0.00,"profit":0.00,"swap":0.00,"commission":0.00,"deal_time_broker":"2026-10-06 17:53:43","deal_time_broker_msc":1791309223000,"halted_at_receipt":false,"quarantined_at_receipt":false}
27,61,1791310520656,ea_event,,{"type":"fill_log","seq":34,"ea_time_ms":97256703,"magic":22260201,"deal_ticket":800000027,"order_ticket":9048,"position_id":900000027,"entry_type":"IN","deal_type":"SELL","side":"S","layer_index":10,"role":"ENT","deal_price":1.12620,"order_price_open":null,"slippage_pips":null,"volume":0.00,"profit":0.00,"swap":0.00,"commission":0.00,"deal_time_broker":"2026-10-06 18:15:20","deal_time_broker_msc":1791310520000,"halted_at_receipt":false,"quarantined_at_receipt":false}
27,62,1791310769026,ea_event,,{"type":"fill_log","seq":35,"ea_time_ms":97256703,"magic":22260201,"deal_ticket":800000028,"order_ticket":9060,"position_id":900000028,"entry_type":"IN","deal_type":"BUY","side":"L","layer_index":2,"role":"EXT","deal_price":1.12640,"order_price_open":null,"slippage_pips":null,"volume":0.00,"profit":0.00,"swap":0.00,"commission":0.00,"deal_time_broker":"2026-10-06 18:19:29","deal_time_broker_msc":1791310769000,"halted_at_receipt":false,"quarantined_at_receipt":false}
27,65,1791311848090,ea_event,,{"type":"fill_log","seq":36,"ea_time_ms":97256734,"magic":22260201,"deal_ticket":800000029,"order_ticket":9063,"position_id":900000029,"entry_type":"IN","deal_type":"SELL","side":"S","layer_index":11,"role":"ENT","deal_price":1.12690,"order_price_open":null,"slippage_pips":null,"volume":0.00,"profit":0.00,"swap":0.00,"commission":0.00,"deal_time_broker":"2026-10-06 18:37:28","deal_time_broker_msc":1791311848000,"halted_at_receipt":false,"quarantined_at_receipt":false}
27,66,1791313873521,ea_event,,{"type":"fill_log","seq":37,"ea_time_ms":97256781,"magic":22260201,"deal_ticket":800000030,"order_ticket":9069,"position_id":900000030,"entry_type":"IN","deal_type":"SELL","side":"S","layer_index":11,"role":"EXT","deal_price":1.12578,"order_price_open":null,"slippage_pips":null,"volume":0.00,"profit":0.00,"swap":0.00,"commission":0.00,"deal_time_broker":"2026-10-06 19:11:13","deal_time_broker_msc":1791313873000,"halted_at_receipt":false,"quarantined_at_receipt":false}
27,69,1791330621138,ea_event,CARRY_SNAPSHOT,{"type":"ea_event","seq":38,"ea_time_ms":97257031,"magic":null,"level":"INFO","code":"CARRY_SNAPSHOT","reason":"EURUSD","ticket":null,"detail":{"symbol":"EURUSD","swap_mode":1,"swap_long":-7.9900,"swap_short":1.3100,"multiplier":1,"day_of_week":2,"rollover3days":3,"digits":5,"point":0.00001000,"tick_value":1.00000000,"tick_size":0.00001000,"stops_level":0,"freeze_level":0,"long_pips":-0.799,"short_pips":0.131,"eligible_long":2,"eligible_short":6,"trade_mode_full":true,"mult_today":1,"mult_tomorrow":3,"accrued_swap_long":0.00,"accrued_swap_short":0.00}}
27,69,1791330621138,ea_event,CARRY_EXIT_SHIFT,{"type":"ea_event","seq":39,"ea_time_ms":97257031,"magic":null,"level":"INFO","code":"CARRY_EXIT_SHIFT","reason":"EURUSD","ticket":null,"detail":{"position_ticket":1990044152,"side":"long","layer_index":0,"accrued_ledger_pips":0.000,"pending_pips":-2.397,"accrued_pips_total":-2.397,"old_price":1.12782,"new_price":1.12806,"clamped":false,"sign_guard_skipped":false,"retcode":10009,"points_native_pips":-0.799}}
27,69,1791330621138,ea_event,CARRY_EXIT_SHIFT,{"type":"ea_event","seq":40,"ea_time_ms":97257031,"magic":null,"level":"INFO","code":"CARRY_EXIT_SHIFT","reason":"EURUSD","ticket":null,"detail":{"position_ticket":1990054458,"side":"long","layer_index":1,"accrued_ledger_pips":0.000,"pending_pips":-2.397,"accrued_pips_total":-2.397,"old_price":1.12711,"new_price":1.12735,"clamped":false,"sign_guard_skipped":false,"retcode":10009,"points_native_pips":-0.799}}
27,69,1791330741138,ea_event,CARRY_EXIT_SHIFT,{"type":"ea_event","seq":41,"ea_time_ms":97257031,"magic":null,"level":"INFO","code":"CARRY_EXIT_SHIFT","reason":"EURUSD","ticket":null,"detail":{"position_ticket":1989381309,"side":"short","layer_index":8,"accrued_ledger_pips":0.000,"pending_pips":0.393,"accrued_pips_total":0.393,"old_price":1.12158,"new_price":1.12162,"clamped":false,"sign_guard_skipped":false,"retcode":10009,"points_native_pips":0.131}}
27,69,1791330801138,ea_event,CARRY_EXIT_SHIFT,{"type":"ea_event","seq":42,"ea_time_ms":97257031,"magic":null,"level":"INFO","code":"CARRY_EXIT_SHIFT","reason":"EURUSD","ticket":null,"detail":{"position_ticket":1990172562,"side":"short","layer_index":10,"accrued_ledger_pips":0.000,"pending_pips":0.393,"accrued_pips_total":0.393,"old_price":1.12510,"new_price":1.12514,"clamped":false,"sign_guard_skipped":false,"retcode":10009,"points_native_pips":0.131}}
27,69,1791330801138,ea_event,CARRY_PASS_SUMMARY,{"type":"ea_event","seq":43,"ea_time_ms":97257031,"magic":null,"level":"INFO","code":"CARRY_PASS_SUMMARY","reason":"EURUSD","ticket":null,"detail":{"eligible":8,"shifted":4,"clamped":0,"skipped":0,"failed":0,"incomplete":false}}
27,69,1791341004462,ea_event,,{"type":"fill_log","seq":44,"ea_time_ms":97257093,"magic":22260201,"deal_ticket":800000031,"order_ticket":9066,"position_id":900000031,"entry_type":"IN","deal_type":"BUY","side":"L","layer_index":2,"role":"ENT","deal_price":1.12531,"order_price_open":null,"slippage_pips":null,"volume":0.00,"profit":0.00,"swap":0.00,"commission":0.00,"deal_time_broker":"2026-10-07 02:43:24","deal_time_broker_msc":1791341004000,"halted_at_receipt":false,"quarantined_at_receipt":false}
27,70,1791342014933,ea_event,,{"type":"fill_log","seq":45,"ea_time_ms":97257109,"magic":22260201,"deal_ticket":800000032,"order_ticket":9070,"position_id":900000032,"entry_type":"IN","deal_type":"SELL","side":"S","layer_index":10,"role":"EXT","deal_price":1.12514,"order_price_open":null,"slippage_pips":null,"volume":0.00,"profit":0.00,"swap":0.00,"commission":0.00,"deal_time_broker":"2026-10-07 03:00:14","deal_time_broker_msc":1791342014000,"halted_at_receipt":false,"quarantined_at_receipt":false}
27,73,1791345975157,ea_event,,{"type":"fill_log","seq":46,"ea_time_ms":97257171,"magic":22260201,"deal_ticket":800000033,"order_ticket":9073,"position_id":900000033,"entry_type":"IN","deal_type":"BUY","side":"L","layer_index":3,"role":"ENT","deal_price":1.12460,"order_price_open":null,"slippage_pips":null,"volume":0.00,"profit":0.00,"swap":0.00,"commission":0.00,"deal_time_broker":"2026-10-07 04:06:15","deal_time_broker_msc":1791345975000,"halted_at_receipt":false,"quarantined_at_receipt":false}
27,74,1791346860740,ea_event,,{"type":"fill_log","seq":47,"ea_time_ms":97257187,"magic":22260201,"deal_ticket":800000034,"order_ticket":9075,"position_id":900000034,"entry_type":"IN","deal_type":"SELL","side":"S","layer_index":4,"role":"EXT","deal_price":1.12442,"order_price_open":null,"slippage_pips":null,"volume":0.00,"profit":0.00,"swap":0.00,"commission":0.00,"deal_time_broker":"2026-10-07 04:21:00","deal_time_broker_msc":1791346860000,"halted_at_receipt":false,"quarantined_at_receipt":false}
27,77,1791349046793,ea_event,,{"type":"fill_log","seq":48,"ea_time_ms":97257218,"magic":22260201,"deal_ticket":800000035,"order_ticket":9078,"position_id":900000035,"entry_type":"IN","deal_type":"BUY","side":"L","layer_index":4,"role":"ENT","deal_price":1.12391,"order_price_open":null,"slippage_pips":null,"volume":0.00,"profit":0.00,"swap":0.00,"commission":0.00,"deal_time_broker":"2026-10-07 04:57:26","deal_time_broker_msc":1791349046000,"halted_at_receipt":false,"quarantined_at_receipt":false}
29,-1,1791349411648,ea_event,,{"type":"fill_log","seq":0,"ea_time_ms":97257234,"magic":22260201,"deal_ticket":800000001,"order_ticket":1991611093,"position_id":900000001,"entry_type":"IN","deal_type":"SELL","side":"S","layer_index":3,"role":"EXT","deal_price":1.12374,"order_price_open":null,"slippage_pips":null,"volume":0.00,"profit":0.00,"swap":0.00,"commission":0.00,"deal_time_broker":"2026-10-07 05:03:31","deal_time_broker_msc":1791349411000,"halted_at_receipt":false,"quarantined_at_receipt":false}
29,2,1791357875916,ea_event,,{"type":"fill_log","seq":1,"ea_time_ms":97257328,"magic":22260201,"deal_ticket":800000002,"order_ticket":1991683429,"position_id":900000002,"entry_type":"IN","deal_type":"BUY","side":"L","layer_index":5,"role":"ENT","deal_price":1.12319,"order_price_open":null,"slippage_pips":null,"volume":0.00,"profit":0.00,"swap":0.00,"commission":0.00,"deal_time_broker":"2026-10-07 07:24:35","deal_time_broker_msc":1791357875000,"halted_at_receipt":false,"quarantined_at_receipt":false}
29,3,1791358037244,ea_event,,{"type":"fill_log","seq":2,"ea_time_ms":97257328,"magic":22260201,"deal_ticket":800000003,"order_ticket":9000,"position_id":900000003,"entry_type":"IN","deal_type":"SELL","side":"S","layer_index":9,"role":"EXT","deal_price":1.12303,"order_price_open":null,"slippage_pips":null,"volume":0.00,"profit":0.00,"swap":0.00,"commission":0.00,"deal_time_broker":"2026-10-07 07:27:17","deal_time_broker_msc":1791358037000,"halted_at_receipt":false,"quarantined_at_receipt":false}
29,6,1791363736687,ea_event,,{"type":"fill_log","seq":3,"ea_time_ms":97257390,"magic":22260201,"deal_ticket":800000004,"order_ticket":9002,"position_id":900000004,"entry_type":"IN","deal_type":"BUY","side":"L","layer_index":6,"role":"ENT","deal_price":1.12250,"order_price_open":null,"slippage_pips":null,"volume":0.00,"profit":0.00,"swap":0.00,"commission":0.00,"deal_time_broker":"2026-10-07 09:02:16","deal_time_broker_msc":1791363736000,"halted_at_receipt":false,"quarantined_at_receipt":false}
29,7,1791364740442,ea_event,,{"type":"fill_log","seq":4,"ea_time_ms":97257421,"magic":22260201,"deal_ticket":800000005,"order_ticket":9004,"position_id":900000005,"entry_type":"IN","deal_type":"SELL","side":"S","layer_index":1,"role":"EXT","deal_price":1.12233,"order_price_open":null,"slippage_pips":null,"volume":0.00,"profit":0.00,"swap":0.00,"commission":0.00,"deal_time_broker":"2026-10-07 09:19:00","deal_time_broker_msc":1791364740000,"halted_at_receipt":false,"quarantined_at_receipt":false}
29,10,1791368195661,ea_event,,{"type":"fill_log","seq":5,"ea_time_ms":97257484,"magic":22260201,"deal_ticket":800000006,"order_ticket":9007,"position_id":900000006,"entry_type":"IN","deal_type":"BUY","side":"L","layer_index":7,"role":"ENT","deal_price":1.12178,"order_price_open":null,"slippage_pips":null,"volume":0.00,"profit":0.00,"swap":0.00,"commission":0.00,"deal_time_broker":"2026-10-07 10:16:35","deal_time_broker_msc":1791368195000,"halted_at_receipt":false,"quarantined_at_receipt":false}
29,11,1791368229851,ea_event,,{"type":"fill_log","seq":6,"ea_time_ms":97257484,"magic":22260201,"deal_ticket":800000007,"order_ticket":1990106683,"position_id":900000007,"entry_type":"IN","deal_type":"SELL","side":"S","layer_index":8,"role":"EXT","deal_price":1.12158,"order_price_open":null,"slippage_pips":null,"volume":0.00,"profit":0.00,"swap":0.00,"commission":0.00,"deal_time_broker":"2026-10-07 10:17:09","deal_time_broker_msc":1791368229000,"halted_at_receipt":false,"quarantined_at_receipt":false}
29,14,1791368659056,ea_event,,{"type":"fill_log","seq":7,"ea_time_ms":97257500,"magic":22260201,"deal_ticket":800000008,"order_ticket":9011,"position_id":900000008,"entry_type":"IN","deal_type":"SELL","side":"S","layer_index":0,"role":"ENT","deal_price":1.12160,"order_price_open":null,"slippage_pips":null,"volume":0.00,"profit":0.00,"swap":0.00,"commission":0.00,"deal_time_broker":"2026-10-07 10:24:19","deal_time_broker_msc":1791368659000,"halted_at_receipt":false,"quarantined_at_receipt":false}
29,15,1791369245992,ea_event,ROLL_DEFERRED,{"type":"ea_event","seq":8,"ea_time_ms":97257515,"magic":null,"level":"INFO","code":"ROLL_DEFERRED","reason":"L","ticket":null,"detail":{"side":"L","depth":8,"opposite_depth":1,"gate":0,"level":1.12108,"market":1.12107}}
29,15,1791369620626,ea_event,,{"type":"fill_log","seq":9,"ea_time_ms":97257531,"magic":22260201,"deal_ticket":800000009,"order_ticket":9014,"position_id":900000009,"entry_type":"IN","deal_type":"SELL","side":"S","layer_index":0,"role":"EXT","deal_price":1.12049,"order_price_open":null,"slippage_pips":null,"volume":0.00,"profit":0.00,"swap":0.00,"commission":0.00,"deal_time_broker":"2026-10-07 10:40:20","deal_time_broker_msc":1791369620000,"halted_at_receipt":false,"quarantined_at_receipt":false}
29,16,1791369621558,ea_event,ROLL_ACCEPTED,{"type":"ea_event","seq":10,"ea_time_ms":97257531,"magic":null,"level":"INFO","code":"ROLL_ACCEPTED","reason":null,"ticket":1990044152,"detail":{"ticket":1990044152,"side":"L","layer_index":0,"entry":1.12672,"level":1.12108,"target":1.12242,"accrued":0.00024,"clamped":false,"cost":0.00454,"cost_pips":45.4,"rolled":1,"was_ejected":false,"source":"auto","reroll":false,"from_level":0.00000}}
29,19,1791369736735,ea_event,,{"type":"fill_log","seq":11,"ea_time_ms":97257531,"magic":22260201,"deal_ticket":800000010,"order_ticket":9016,"position_id":900000010,"entry_type":"IN","deal_type":"SELL","side":"S","layer_index":0,"role":"ENT","deal_price":1.12068,"order_price_open":null,"slippage_pips":null,"volume":0.00,"profit":0.00,"swap":0.00,"commission":0.00,"deal_time_broker":"2026-10-07 10:42:16","deal_time_broker_msc":1791369736000,"halted_at_receipt":false,"quarantined_at_receipt":false}
29,20,1791370312675,ea_event,ROLL_DEFERRED,{"type":"ea_event","seq":12,"ea_time_ms":97257546,"magic":null,"level":"INFO","code":"ROLL_DEFERRED","reason":"L","ticket":null,"detail":{"side":"L","depth":8,"opposite_depth":1,"gate":0,"level":1.12038,"market":1.12038}}
29,20,1791370392374,ea_event,,{"type":"fill_log","seq":13,"ea_time_ms":97257546,"magic":22260201,"deal_ticket":800000011,"order_ticket":9019,"position_id":900000011,"entry_type":"IN","deal_type":"SELL","side":"S","layer_index":0,"role":"EXT","deal_price":1.11958,"order_price_open":null,"slippage_pips":null,"volume":0.00,"profit":0.00,"swap":0.00,"commission":0.00,"deal_time_broker":"2026-10-07 10:53:12","deal_time_broker_msc":1791370392000,"halted_at_receipt":false,"quarantined_at_receipt":false}
29,21,1791370392716,ea_event,ROLL_ACCEPTED,{"type":"ea_event","seq":14,"ea_time_ms":97257546,"magic":null,"level":"INFO","code":"ROLL_ACCEPTED","reason":null,"ticket":1990054458,"detail":{"ticket":1990054458,"side":"L","layer_index":1,"entry":1.12601,"level":1.12038,"target":1.12172,"accrued":0.00024,"clamped":false,"cost":0.00453,"cost_pips":45.3,"rolled":2,"was_ejected":false,"source":"auto","reroll":false,"from_level":0.00000}}
29,21,1791370392716,ea_event,ROLL_ACCEPTED,{"type":"ea_event","seq":15,"ea_time_ms":97257546,"magic":null,"level":"INFO","code":"ROLL_ACCEPTED","reason":null,"ticket":1990750020,"detail":{"ticket":1990750020,"side":"L","layer_index":2,"entry":1.12531,"level":1.11968,"target":1.12078,"accrued":0.00000,"clamped":false,"cost":0.00453,"cost_pips":45.3,"rolled":3,"was_ejected":false,"source":"auto","reroll":false,"from_level":0.00000}}
29,26,1791370457325,ea_event,ROLL_ACCEPTED,{"type":"ea_event","seq":16,"ea_time_ms":97257546,"magic":null,"level":"INFO","code":"ROLL_ACCEPTED","reason":null,"ticket":1991426922,"detail":{"ticket":1991426922,"side":"L","layer_index":3,"entry":1.12460,"level":1.11898,"target":1.12008,"accrued":0.00000,"clamped":false,"cost":0.00452,"cost_pips":45.2,"rolled":4,"was_ejected":false,"source":"auto","reroll":false,"from_level":0.00000}}
29,26,1791370465634,ea_event,,{"type":"fill_log","seq":17,"ea_time_ms":97257546,"magic":22260201,"deal_ticket":800000012,"order_ticket":9022,"position_id":900000012,"entry_type":"IN","deal_type":"SELL","side":"S","layer_index":0,"role":"ENT","deal_price":1.11919,"order_price_open":null,"slippage_pips":null,"volume":0.00,"profit":0.00,"swap":0.00,"commission":0.00,"deal_time_broker":"2026-10-07 10:54:25","deal_time_broker_msc":1791370465000,"halted_at_receipt":false,"quarantined_at_receipt":false}
29,27,1791370599336,ea_event,ROLL_DEFERRED,{"type":"ea_event","seq":18,"ea_time_ms":97257562,"magic":null,"level":"INFO","code":"ROLL_DEFERRED","reason":"L","ticket":null,"detail":{"side":"L","depth":8,"opposite_depth":1,"gate":0,"level":1.11828,"market":1.11820}}
29,27,1791371841794,ea_event,,{"type":"fill_log","seq":19,"ea_time_ms":97257609,"magic":22260201,"deal_ticket":800000013,"order_ticket":9026,"position_id":900000013,"entry_type":"IN","deal_type":"SELL","side":"S","layer_index":0,"role":"EXT","deal_price":1.11808,"order_price_open":null,"slippage_pips":null,"volume":0.00,"profit":0.00,"swap":0.00,"commission":0.00,"deal_time_broker":"2026-10-07 11:17:21","deal_time_broker_msc":1791371841000,"halted_at_receipt":false,"quarantined_at_receipt":false}
29,28,1791371841922,ea_event,ROLL_ACCEPTED,{"type":"ea_event","seq":20,"ea_time_ms":97257609,"magic":null,"level":"INFO","code":"ROLL_ACCEPTED","reason":null,"ticket":1991588541,"detail":{"ticket":1991588541,"side":"L","layer_index":4,"entry":1.12391,"level":1.11828,"target":1.11938,"accrued":0.00000,"clamped":false,"cost":0.00453,"cost_pips":45.3,"rolled":5,"was_ejected":false,"source":"auto","reroll":false,"from_level":0.00000}}
29,31,1791371860663,ea_event,,{"type":"fill_log","seq":21,"ea_time_ms":97257609,"magic":22260201,"deal_ticket":800000014,"order_ticket":9028,"position_id":900000014,"entry_type":"IN","deal_type":"SELL","side":"S","layer_index":0,"role":"ENT","deal_price":1.11826,"order_price_open":null,"slippage_pips":null,"volume":0.00,"profit":0.00,"swap":0.00,"commission":0.00,"deal_time_broker":"2026-10-07 11:17:40","deal_time_broker_msc":1791371860000,"halted_at_receipt":false,"quarantined_at_receipt":false}
29,32,1791371960597,ea_event,,{"type":"fill_log","seq":22,"ea_time_ms":97257609,"magic":22260201,"deal_ticket":800000015,"order_ticket":9030,"position_id":900000015,"entry_type":"IN","deal_type":"SELL","side":"S","layer_index":1,"role":"ENT","deal_price":1.11895,"order_price_open":null,"slippage_pips":null,"volume":0.00,"profit":0.00,"swap":0.00,"commission":0.00,"deal_time_broker":"2026-10-07 11:19:20","deal_time_broker_msc":1791371960000,"halted_at_receipt":false,"quarantined_at_receipt":false}
29,33,1791372123682,ea_event,,{"type":"fill_log","seq":23,"ea_time_ms":97257625,"magic":22260201,"deal_ticket":800000016,"order_ticket":9023,"position_id":900000016,"entry_type":"IN","deal_type":"BUY","side":"L","layer_index":4,"role":"EXT","deal_price":1.11938,"order_price_open":null,"slippage_pips":null,"volume":0.00,"profit":0.00,"swap":0.00,"commission":0.00,"deal_time_broker":"2026-10-07 11:22:03","deal_time_broker_msc":1791372123000,"halted_at_receipt":false,"quarantined_at_receipt":false}
29,36,1791372196453,ea_event,,{"type":"fill_log","seq":24,"ea_time_ms":97257625,"magic":22260201,"deal_ticket":800000017,"order_ticket":9033,"position_id":900000017,"entry_type":"IN","deal_type":"SELL","side":"S","layer_index":2,"role":"ENT","deal_price":1.11965,"order_price_open":null,"slippage_pips":null,"volume":0.00,"profit":0.00,"swap":0.00,"commission":0.00,"deal_time_broker":"2026-10-07 11:23:16","deal_time_broker_msc":1791372196000,"halted_at_receipt":false,"quarantined_at_receipt":false}
29,37,1791374149358,ea_event,,{"type":"fill_log","seq":25,"ea_time_ms":97257687,"magic":22260201,"deal_ticket":800000018,"order_ticket":9035,"position_id":900000018,"entry_type":"IN","deal_type":"BUY","side":"L","layer_index":3,"role":"EXT","deal_price":1.12009,"order_price_open":null,"slippage_pips":null,"volume":0.00,"profit":0.00,"swap":0.00,"commission":0.00,"deal_time_broker":"2026-10-07 11:55:49","deal_time_broker_msc":1791374149000,"halted_at_receipt":false,"quarantined_at_receipt":false}
29,40,1791374552979,ea_event,,{"type":"fill_log","seq":26,"ea_time_ms":97257687,"magic":22260201,"deal_ticket":800000019,"order_ticket":9038,"position_id":900000019,"entry_type":"IN","deal_type":"SELL","side":"S","layer_index":3,"role":"ENT","deal_price":1.12034,"order_price_open":null,"slippage_pips":null,"volume":0.00,"profit":0.00,"swap":0.00,"commission":0.00,"deal_time_broker":"2026-10-07 12:02:32","deal_time_broker_msc":1791374552000,"halted_at_receipt":false,"quarantined_at_receipt":false}
29,41,1791375511341,ea_event,,{"type":"fill_log","seq":27,"ea_time_ms":97257718,"magic":22260201,"deal_ticket":800000020,"order_ticket":9043,"position_id":900000020,"entry_type":"IN","deal_type":"SELL","side":"S","layer_index":3,"role":"EXT","deal_price":1.11924,"order_price_open":null,"slippage_pips":null,"volume":0.00,"profit":0.00,"swap":0.00,"commission":0.00,"deal_time_broker":"2026-10-07 12:18:31","deal_time_broker_msc":1791375511000,"halted_at_receipt":false,"quarantined_at_receipt":false}
29,44,1791376227970,ea_event,,{"type":"fill_log","seq":28,"ea_time_ms":97257734,"magic":22260201,"deal_ticket":800000021,"order_ticket":9036,"position_id":900000021,"entry_type":"IN","deal_type":"BUY","side":"L","layer_index":8,"role":"ENT","deal_price":1.11898,"order_price_open":null,"slippage_pips":null,"volume":0.00,"profit":0.00,"swap":0.00,"commission":0.00,"deal_time_broker":"2026-10-07 12:30:27","deal_time_broker_msc":1791376227000,"halted_at_receipt":false,"quarantined_at_receipt":false}
29,45,1791383253309,ea_event,,{"type":"fill_log","seq":29,"ea_time_ms":97257937,"magic":22260201,"deal_ticket":800000022,"order_ticket":9044,"position_id":900000022,"entry_type":"IN","deal_type":"SELL","side":"S","layer_index":2,"role":"EXT","deal_price":1.11852,"order_price_open":null,"slippage_pips":null,"volume":0.00,"profit":0.00,"swap":0.00,"commission":0.00,"deal_time_broker":"2026-10-07 14:27:33","deal_time_broker_msc":1791383253000,"halted_at_receipt":false,"quarantined_at_receipt":false}
29,48,1791383300737,ea_event,,{"type":"fill_log","seq":30,"ea_time_ms":97257937,"magic":22260201,"deal_ticket":800000023,"order_ticket":9047,"position_id":900000023,"entry_type":"IN","deal_type":"BUY","side":"L","layer_index":9,"role":"ENT","deal_price":1.11828,"order_price_open":null,"slippage_pips":null,"volume":0.00,"profit":0.00,"swap":0.00,"commission":0.00,"deal_time_broker":"2026-10-07 14:28:20","deal_time_broker_msc":1791383300000,"halted_at_receipt":false,"quarantined_at_receipt":false}
29,49,1791384019517,ea_event,,{"type":"fill_log","seq":31,"ea_time_ms":97257968,"magic":22260201,"deal_ticket":800000024,"order_ticket":9049,"position_id":900000024,"entry_type":"IN","deal_type":"SELL","side":"S","layer_index":1,"role":"EXT","deal_price":1.11783,"order_price_open":null,"slippage_pips":null,"volume":0.00,"profit":0.00,"swap":0.00,"commission":0.00,"deal_time_broker":"2026-10-07 14:40:19","deal_time_broker_msc":1791384019000,"halted_at_receipt":false,"quarantined_at_receipt":false}
29,52,1791384259042,ea_event,ROLL_DEFERRED,{"type":"ea_event","seq":32,"ea_time_ms":97257984,"magic":null,"level":"INFO","code":"ROLL_DEFERRED","reason":"L","ticket":null,"detail":{"side":"L","depth":8,"opposite_depth":1,"gate":0,"level":1.11758,"market":1.11758}}
29,52,1791386385306,ea_event,,{"type":"fill_log","seq":33,"ea_time_ms":97258031,"magic":22260201,"deal_ticket":800000025,"order_ticket":9031,"position_id":900000025,"entry_type":"IN","deal_type":"SELL","side":"S","layer_index":0,"role":"EXT","deal_price":1.11716,"order_price_open":null,"slippage_pips":null,"volume":0.00,"profit":0.00,"swap":0.00,"commission":0.00,"deal_time_broker":"2026-10-07 15:19:45","deal_time_broker_msc":1791386385000,"halted_at_receipt":false,"quarantined_at_receipt":false}
29,54,1791386385852,ea_event,ROLL_ACCEPTED,{"type":"ea_event","seq":34,"ea_time_ms":97258046,"magic":null,"level":"INFO","code":"ROLL_ACCEPTED","reason":null,"ticket":1991683429,"detail":{"ticket":1991683429,"side":"L","layer_index":5,"entry":1.12319,"level":1.11758,"target":1.11868,"accrued":0.00000,"clamped":false,"cost":0.00451,"cost_pips":45.1,"rolled":4,"was_ejected":false,"source":"auto","reroll":false,"from_level":0.00000}}
29,57,1791386596694,ea_event,ROLL_ACCEPTED,{"type":"ea_event","seq":35,"ea_time_ms":97258046,"magic":null,"level":"INFO","code":"ROLL_ACCEPTED","reason":null,"ticket":1991922773,"detail":{"ticket":1991922773,"side":"L","layer_index":6,"entry":1.12250,"level":1.11688,"target":1.11798,"accrued":0.00000,"clamped":false,"cost":0.00452,"cost_pips":45.2,"rolled":5,"was_ejected":false,"source":"auto","reroll":false,"from_level":0.00000}}
29,57,1791386711312,ea_event,,{"type":"fill_log","seq":36,"ea_time_ms":97258046,"magic":22260201,"deal_ticket":800000026,"order_ticket":9055,"position_id":900000026,"entry_type":"IN","deal_type":"SELL","side":"S","layer_index":0,"role":"ENT","deal_price":1.11676,"order_price_open":null,"slippage_pips":null,"volume":0.00,"profit":0.00,"swap":0.00,"commission":0.00,"deal_time_broker":"2026-10-07 15:25:11","deal_time_broker_msc":1791386711000,"halted_at_receipt":false,"quarantined_at_receipt":false}
29,58,1791388809759,ea_event,,{"type":"fill_log","seq":37,"ea_time_ms":97258125,"magic":22260201,"deal_ticket":800000027,"order_ticket":9058,"position_id":900000027,"entry_type":"IN","deal_type":"SELL","side":"S","layer_index":1,"role":"ENT","deal_price":1.11744,"order_price_open":null,"slippage_pips":null,"volume":0.00,"profit":0.00,"swap":0.00,"commission":0.00,"deal_time_broker":"2026-10-07 16:00:09","deal_time_broker_msc":1791388809000,"halted_at_receipt":false,"quarantined_at_receipt":false}
29,59,1791388904001,ea_event,,{"type":"fill_log","seq":38,"ea_time_ms":97258125,"magic":22260201,"deal_ticket":800000028,"order_ticket":9054,"position_id":900000028,"entry_type":"IN","deal_type":"BUY","side":"L","layer_index":6,"role":"EXT","deal_price":1.11798,"order_price_open":null,"slippage_pips":null,"volume":0.00,"profit":0.00,"swap":0.00,"commission":0.00,"deal_time_broker":"2026-10-07 16:01:44","deal_time_broker_msc":1791388904000,"halted_at_receipt":false,"quarantined_at_receipt":false}
29,62,1791389666560,ea_event,,{"type":"fill_log","seq":39,"ea_time_ms":97258156,"magic":22260201,"deal_ticket":800000029,"order_ticket":9061,"position_id":900000029,"entry_type":"IN","deal_type":"SELL","side":"S","layer_index":2,"role":"ENT","deal_price":1.11814,"order_price_open":null,"slippage_pips":null,"volume":0.00,"profit":0.00,"swap":0.00,"commission":0.00,"deal_time_broker":"2026-10-07 16:14:26","deal_time_broker_msc":1791389666000,"halted_at_receipt":false,"quarantined_at_receipt":false}
29,63,1791392397551,ea_event,,{"type":"fill_log","seq":40,"ea_time_ms":97258265,"magic":22260201,"deal_ticket":800000030,"order_ticket":9063,"position_id":900000030,"entry_type":"IN","deal_type":"BUY","side":"L","layer_index":5,"role":"EXT","deal_price":1.11868,"order_price_open":null,"slippage_pips":null,"volume":0.00,"profit":0.00,"swap":0.00,"commission":0.00,"deal_time_broker":"2026-10-07 16:59:57","deal_time_broker_msc":1791392397000,"halted_at_receipt":false,"quarantined_at_receipt":false}
29,66,1791392466633,ea_event,,{"type":"fill_log","seq":41,"ea_time_ms":97258265,"magic":22260201,"deal_ticket":800000031,"order_ticket":9066,"position_id":900000031,"entry_type":"IN","deal_type":"SELL","side":"S","layer_index":3,"role":"ENT","deal_price":1.11884,"order_price_open":null,"slippage_pips":null,"volume":0.00,"profit":0.00,"swap":0.00,"commission":0.00,"deal_time_broker":"2026-10-07 17:01:06","deal_time_broker_msc":1791392466000,"halted_at_receipt":false,"quarantined_at_receipt":false}
29,67,1791393247315,ea_event,,{"type":"fill_log","seq":42,"ea_time_ms":97258312,"magic":22260201,"deal_ticket":800000032,"order_ticket":9071,"position_id":900000032,"entry_type":"IN","deal_type":"SELL","side":"S","layer_index":3,"role":"EXT","deal_price":1.11773,"order_price_open":null,"slippage_pips":null,"volume":0.00,"profit":0.00,"swap":0.00,"commission":0.00,"deal_time_broker":"2026-10-07 17:14:07","deal_time_broker_msc":1791393247000,"halted_at_receipt":false,"quarantined_at_receipt":false}
29,70,1791394391173,ea_event,,{"type":"fill_log","seq":43,"ea_time_ms":97258343,"magic":22260201,"deal_ticket":800000033,"order_ticket":9073,"position_id":900000033,"entry_type":"IN","deal_type":"SELL","side":"S","layer_index":3,"role":"ENT","deal_price":1.11884,"order_price_open":null,"slippage_pips":null,"volume":0.00,"profit":0.00,"swap":0.00,"commission":0.00,"deal_time_broker":"2026-10-07 17:33:11","deal_time_broker_msc":1791394391000,"halted_at_receipt":false,"quarantined_at_receipt":false}
29,71,1791395854579,ea_event,,{"type":"fill_log","seq":44,"ea_time_ms":97258406,"magic":22260201,"deal_ticket":800000034,"order_ticket":9068,"position_id":900000034,"entry_type":"IN","deal_type":"BUY","side":"L","layer_index":9,"role":"EXT","deal_price":1.11944,"order_price_open":null,"slippage_pips":null,"volume":0.00,"profit":0.00,"swap":0.00,"commission":0.00,"deal_time_broker":"2026-10-07 17:57:34","deal_time_broker_msc":1791395854000,"halted_at_receipt":false,"quarantined_at_receipt":false}
29,74,1791396100727,ea_event,,{"type":"fill_log","seq":45,"ea_time_ms":97258406,"magic":22260201,"deal_ticket":800000035,"order_ticket":9075,"position_id":900000035,"entry_type":"IN","deal_type":"SELL","side":"S","layer_index":4,"role":"ENT","deal_price":1.11954,"order_price_open":null,"slippage_pips":null,"volume":0.00,"profit":0.00,"swap":0.00,"commission":0.00,"deal_time_broker":"2026-10-07 18:01:40","deal_time_broker_msc":1791396100000,"halted_at_receipt":false,"quarantined_at_receipt":false}
29,75,1791396824287,ea_event,,{"type":"fill_log","seq":46,"ea_time_ms":97258437,"magic":22260201,"deal_ticket":800000036,"order_ticket":9077,"position_id":900000036,"entry_type":"IN","deal_type":"BUY","side":"L","layer_index":8,"role":"EXT","deal_price":1.12013,"order_price_open":null,"slippage_pips":null,"volume":0.00,"profit":0.00,"swap":0.00,"commission":0.00,"deal_time_broker":"2026-10-07 18:13:44","deal_time_broker_msc":1791396824000,"halted_at_receipt":false,"quarantined_at_receipt":false}
29,78,1791396826492,ea_event,,{"type":"fill_log","seq":47,"ea_time_ms":97258437,"magic":22260201,"deal_ticket":800000037,"order_ticket":9080,"position_id":900000037,"entry_type":"IN","deal_type":"SELL","side":"S","layer_index":5,"role":"ENT","deal_price":1.12023,"order_price_open":null,"slippage_pips":null,"volume":0.00,"profit":0.00,"swap":0.00,"commission":0.00,"deal_time_broker":"2026-10-07 18:13:46","deal_time_broker_msc":1791396826000,"halted_at_receipt":false,"quarantined_at_receipt":false}
29,79,1791397064649,ea_event,,{"type":"fill_log","seq":48,"ea_time_ms":97258453,"magic":22260201,"deal_ticket":800000038,"order_ticket":9086,"position_id":900000038,"entry_type":"IN","deal_type":"SELL","side":"S","layer_index":5,"role":"EXT","deal_price":1.11913,"order_price_open":null,"slippage_pips":null,"volume":0.00,"profit":0.00,"swap":0.00,"commission":0.00,"deal_time_broker":"2026-10-07 18:17:44","deal_time_broker_msc":1791397064000,"halted_at_receipt":false,"quarantined_at_receipt":false}
29,82,1791397081722,ea_event,,{"type":"fill_log","seq":49,"ea_time_ms":97258453,"magic":22260201,"deal_ticket":800000039,"order_ticket":9083,"position_id":900000039,"entry_type":"IN","deal_type":"BUY","side":"L","layer_index":8,"role":"ENT","deal_price":1.11900,"order_price_open":null,"slippage_pips":null,"volume":0.00,"profit":0.00,"swap":0.00,"commission":0.00,"deal_time_broker":"2026-10-07 18:18:01","deal_time_broker_msc":1791397081000,"halted_at_receipt":false,"quarantined_at_receipt":false}
29,83,1791398971110,ea_event,,{"type":"fill_log","seq":50,"ea_time_ms":97258515,"magic":22260201,"deal_ticket":800000040,"order_ticket":9087,"position_id":900000040,"entry_type":"IN","deal_type":"SELL","side":"S","layer_index":4,"role":"EXT","deal_price":1.11840,"order_price_open":null,"slippage_pips":null,"volume":0.00,"profit":0.00,"swap":0.00,"commission":0.00,"deal_time_broker":"2026-10-07 18:49:31","deal_time_broker_msc":1791398971000,"halted_at_receipt":false,"quarantined_at_receipt":false}
29,86,1791398996638,ea_event,,{"type":"fill_log","seq":51,"ea_time_ms":97258515,"magic":22260201,"deal_ticket":800000041,"order_ticket":9090,"position_id":900000041,"entry_type":"IN","deal_type":"BUY","side":"L","layer_index":9,"role":"ENT","deal_price":1.11829,"order_price_open":null,"slippage_pips":null,"volume":0.00,"profit":0.00,"swap":0.00,"commission":0.00,"deal_time_broker":"2026-10-07 18:49:56","deal_time_broker_msc":1791398996000,"halted_at_receipt":false,"quarantined_at_receipt":false}
29,87,1791400066424,ea_event,,{"type":"fill_log","seq":52,"ea_time_ms":97258546,"magic":22260201,"deal_ticket":800000042,"order_ticket":9096,"position_id":900000042,"entry_type":"IN","deal_type":"BUY","side":"L","layer_index":9,"role":"EXT","deal_price":1.11939,"order_price_open":null,"slippage_pips":null,"volume":0.00,"profit":0.00,"swap":0.00,"commission":0.00,"deal_time_broker":"2026-10-07 19:07:46","deal_time_broker_msc":1791400066000,"halted_at_receipt":false,"quarantined_at_receipt":false}
29,90,1791400644989,ea_event,,{"type":"fill_log","seq":53,"ea_time_ms":97258562,"magic":22260201,"deal_ticket":800000043,"order_ticket":9093,"position_id":900000043,"entry_type":"IN","deal_type":"SELL","side":"S","layer_index":4,"role":"ENT","deal_price":1.11956,"order_price_open":null,"slippage_pips":null,"volume":0.00,"profit":0.00,"swap":0.00,"commission":0.00,"deal_time_broker":"2026-10-07 19:17:24","deal_time_broker_msc":1791400644000,"halted_at_receipt":false,"quarantined_at_receipt":false}
29,91,1791406805308,ea_event,,{"type":"fill_log","seq":54,"ea_time_ms":97258734,"magic":22260201,"deal_ticket":800000044,"order_ticket":9097,"position_id":900000044,"entry_type":"IN","deal_type":"BUY","side":"L","layer_index":8,"role":"EXT","deal_price":1.12011,"order_price_open":null,"slippage_pips":null,"volume":0.00,"profit":0.00,"swap":0.00,"commission":0.00,"deal_time_broker":"2026-10-07 21:00:05","deal_time_broker_msc":1791406805000,"halted_at_receipt":false,"quarantined_at_receipt":false}
29,94,1791407133748,ea_event,,{"type":"fill_log","seq":55,"ea_time_ms":97258750,"magic":22260201,"deal_ticket":800000045,"order_ticket":9100,"position_id":900000045,"entry_type":"IN","deal_type":"SELL","side":"S","layer_index":5,"role":"ENT","deal_price":1.12026,"order_price_open":null,"slippage_pips":null,"volume":0.00,"profit":0.00,"swap":0.00,"commission":0.00,"deal_time_broker":"2026-10-07 21:05:33","deal_time_broker_msc":1791407133000,"halted_at_receipt":false,"quarantined_at_receipt":false}
29,95,1791417036000,ea_event,CARRY_SNAPSHOT,{"type":"ea_event","seq":56,"ea_time_ms":97258937,"magic":null,"level":"INFO","code":"CARRY_SNAPSHOT","reason":"EURUSD","ticket":null,"detail":{"symbol":"EURUSD","swap_mode":1,"swap_long":-7.9900,"swap_short":1.3100,"multiplier":3,"day_of_week":3,"rollover3days":3,"digits":5,"point":0.00001000,"tick_value":1.00000000,"tick_size":0.00001000,"stops_level":0,"freeze_level":0,"long_pips":-2.397,"short_pips":0.393,"eligible_long":4,"eligible_short":6,"trade_mode_full":true,"mult_today":3,"mult_tomorrow":1,"accrued_swap_long":0.00,"accrued_swap_short":0.00}}
29,95,1791417096000,ea_event,CARRY_EXIT_SHIFT,{"type":"ea_event","seq":57,"ea_time_ms":97258937,"magic":null,"level":"INFO","code":"CARRY_EXIT_SHIFT","reason":"EURUSD","ticket":null,"detail":{"position_ticket":1990750020,"side":"long","layer_index":2,"accrued_ledger_pips":0.000,"pending_pips":-0.799,"accrued_pips_total":-0.799,"old_price":1.12078,"new_price":1.12086,"clamped":false,"sign_guard_skipped":false,"retcode":10009,"points_native_pips":-0.799}}
29,95,1791417096000,ea_event,CARRY_EXIT_SHIFT,{"type":"ea_event","seq":58,"ea_time_ms":97258937,"magic":null,"level":"INFO","code":"CARRY_EXIT_SHIFT","reason":"EURUSD","ticket":null,"detail":{"position_ticket":1992093820,"side":"long","layer_index":7,"accrued_ledger_pips":0.000,"pending_pips":-0.799,"accrued_pips_total":-0.799,"old_price":1.12288,"new_price":1.12296,"clamped":false,"sign_guard_skipped":false,"retcode":10009,"points_native_pips":-0.799}}
29,95,1791417156000,ea_event,CARRY_EXIT_SHIFT,{"type":"ea_event","seq":59,"ea_time_ms":97258937,"magic":null,"level":"INFO","code":"CARRY_EXIT_SHIFT","reason":"EURUSD","ticket":null,"detail":{"position_ticket":1992997557,"side":"short","layer_index":0,"accrued_ledger_pips":0.000,"pending_pips":0.131,"accrued_pips_total":0.131,"old_price":1.11566,"new_price":1.11567,"clamped":false,"sign_guard_skipped":false,"retcode":10009,"points_native_pips":0.131}}
29,95,1791417276000,ea_event,CARRY_EXIT_SHIFT,{"type":"ea_event","seq":60,"ea_time_ms":97258937,"magic":null,"level":"INFO","code":"CARRY_EXIT_SHIFT","reason":"EURUSD","ticket":null,"detail":{"position_ticket":1993968976,"side":"short","layer_index":5,"accrued_ledger_pips":0.000,"pending_pips":0.131,"accrued_pips_total":0.131,"old_price":1.11916,"new_price":1.11917,"clamped":false,"sign_guard_skipped":false,"retcode":10009,"points_native_pips":0.131}}
29,95,1791417276000,ea_event,CARRY_PASS_SUMMARY,{"type":"ea_event","seq":61,"ea_time_ms":97258937,"magic":null,"level":"INFO","code":"CARRY_PASS_SUMMARY","reason":"EURUSD","ticket":null,"detail":{"eligible":10,"shifted":4,"clamped":0,"skipped":0,"failed":0,"incomplete":false}}
29,95,1791435510877,ea_event,,{"type":"fill_log","seq":62,"ea_time_ms":97259171,"magic":22260201,"deal_ticket":800000046,"order_ticket":9102,"position_id":900000046,"entry_type":"IN","deal_type":"BUY","side":"L","layer_index":2,"role":"EXT","deal_price":1.12085,"order_price_open":null,"slippage_pips":null,"volume":0.00,"profit":0.00,"swap":0.00,"commission":0.00,"deal_time_broker":"2026-10-08 04:58:30","deal_time_broker_msc":1791435510000,"halted_at_receipt":false,"quarantined_at_receipt":false}
29,98,1791435989800,ea_event,,{"type":"fill_log","seq":63,"ea_time_ms":97259171,"magic":22260201,"deal_ticket":800000047,"order_ticket":9105,"position_id":900000047,"entry_type":"IN","deal_type":"SELL","side":"S","layer_index":6,"role":"ENT","deal_price":1.12096,"order_price_open":null,"slippage_pips":null,"volume":0.00,"profit":0.00,"swap":0.00,"commission":0.00,"deal_time_broker":"2026-10-08 05:06:29","deal_time_broker_msc":1791435989000,"halted_at_receipt":false,"quarantined_at_receipt":false}
29,99,1791440080479,ea_event,,{"type":"fill_log","seq":64,"ea_time_ms":97259234,"magic":22260201,"deal_ticket":800000048,"order_ticket":9110,"position_id":900000048,"entry_type":"IN","deal_type":"SELL","side":"S","layer_index":6,"role":"EXT","deal_price":1.11986,"order_price_open":null,"slippage_pips":null,"volume":0.00,"profit":0.00,"swap":0.00,"commission":0.00,"deal_time_broker":"2026-10-08 06:14:40","deal_time_broker_msc":1791440080000,"halted_at_receipt":false,"quarantined_at_receipt":false}
29,102,1791449489550,ea_event,,{"type":"fill_log","seq":65,"ea_time_ms":97259343,"magic":22260201,"deal_ticket":800000049,"order_ticket":9103,"position_id":900000049,"entry_type":"IN","deal_type":"BUY","side":"L","layer_index":8,"role":"ENT","deal_price":1.11964,"order_price_open":null,"slippage_pips":null,"volume":0.00,"profit":0.00,"swap":0.00,"commission":0.00,"deal_time_broker":"2026-10-08 08:51:29","deal_time_broker_msc":1791449489000,"halted_at_receipt":false,"quarantined_at_receipt":false}
29,103,1791450146455,ea_event,,{"type":"fill_log","seq":66,"ea_time_ms":97259359,"magic":22260201,"deal_ticket":800000050,"order_ticket":9111,"position_id":900000050,"entry_type":"IN","deal_type":"SELL","side":"S","layer_index":5,"role":"EXT","deal_price":1.11917,"order_price_open":null,"slippage_pips":null,"volume":0.00,"profit":0.00,"swap":0.00,"commission":0.00,"deal_time_broker":"2026-10-08 09:02:26","deal_time_broker_msc":1791450146000,"halted_at_receipt":false,"quarantined_at_receipt":false}
29,106,1791451442947,ea_event,,{"type":"fill_log","seq":67,"ea_time_ms":97259406,"magic":22260201,"deal_ticket":800000051,"order_ticket":9117,"position_id":900000051,"entry_type":"IN","deal_type":"SELL","side":"S","layer_index":5,"role":"ENT","deal_price":1.12029,"order_price_open":null,"slippage_pips":null,"volume":0.00,"profit":0.00,"swap":0.00,"commission":0.00,"deal_time_broker":"2026-10-08 09:24:02","deal_time_broker_msc":1791451442000,"halted_at_receipt":false,"quarantined_at_receipt":false}
29,107,1791453585670,ea_event,,{"type":"fill_log","seq":68,"ea_time_ms":97259468,"magic":22260201,"deal_ticket":800000052,"order_ticket":9120,"position_id":900000052,"entry_type":"IN","deal_type":"SELL","side":"S","layer_index":5,"role":"EXT","deal_price":1.11917,"order_price_open":null,"slippage_pips":null,"volume":0.00,"profit":0.00,"swap":0.00,"commission":0.00,"deal_time_broker":"2026-10-08 09:59:45","deal_time_broker_msc":1791453585000,"halted_at_receipt":false,"quarantined_at_receipt":false}
29,110,1791453623061,ea_event,,{"type":"fill_log","seq":69,"ea_time_ms":97259468,"magic":22260201,"deal_ticket":800000053,"order_ticket":9114,"position_id":900000053,"entry_type":"IN","deal_type":"BUY","side":"L","layer_index":9,"role":"ENT","deal_price":1.11891,"order_price_open":null,"slippage_pips":null,"volume":0.00,"profit":0.00,"swap":0.00,"commission":0.00,"deal_time_broker":"2026-10-08 10:00:23","deal_time_broker_msc":1791453623000,"halted_at_receipt":false,"quarantined_at_receipt":false}
29,111,1791453723568,ea_event,,{"type":"fill_log","seq":70,"ea_time_ms":97259468,"magic":22260201,"deal_ticket":800000054,"order_ticket":9121,"position_id":900000054,"entry_type":"IN","deal_type":"SELL","side":"S","layer_index":4,"role":"EXT","deal_price":1.11844,"order_price_open":null,"slippage_pips":null,"volume":0.00,"profit":0.00,"swap":0.00,"commission":0.00,"deal_time_broker":"2026-10-08 10:02:03","deal_time_broker_msc":1791453723000,"halted_at_receipt":false,"quarantined_at_receipt":false}
29,114,1791454005195,ea_event,,{"type":"fill_log","seq":71,"ea_time_ms":97259484,"magic":22260201,"deal_ticket":800000055,"order_ticket":9124,"position_id":900000055,"entry_type":"IN","deal_type":"BUY","side":"L","layer_index":10,"role":"ENT","deal_price":1.11822,"order_price_open":null,"slippage_pips":null,"volume":0.00,"profit":0.00,"swap":0.00,"commission":0.00,"deal_time_broker":"2026-10-08 10:06:45","deal_time_broker_msc":1791454005000,"halted_at_receipt":false,"quarantined_at_receipt":false}
29,115,1791454435072,ea_event,,{"type":"fill_log","seq":72,"ea_time_ms":97259500,"magic":22260201,"deal_ticket":800000056,"order_ticket":9130,"position_id":900000056,"entry_type":"IN","deal_type":"BUY","side":"L","layer_index":10,"role":"EXT","deal_price":1.11933,"order_price_open":null,"slippage_pips":null,"volume":0.00,"profit":0.00,"swap":0.00,"commission":0.00,"deal_time_broker":"2026-10-08 10:13:55","deal_time_broker_msc":1791454435000,"halted_at_receipt":false,"quarantined_at_receipt":false}
29,118,1791454616387,ea_event,,{"type":"fill_log","seq":73,"ea_time_ms":97259515,"magic":22260201,"deal_ticket":800000057,"order_ticket":9127,"position_id":900000057,"entry_type":"IN","deal_type":"SELL","side":"S","layer_index":4,"role":"ENT","deal_price":1.11954,"order_price_open":null,"slippage_pips":null,"volume":0.00,"profit":0.00,"swap":0.00,"commission":0.00,"deal_time_broker":"2026-10-08 10:16:56","deal_time_broker_msc":1791454616000,"halted_at_receipt":false,"quarantined_at_receipt":false}
29,119,1791458314704,ea_event,,{"type":"fill_log","seq":74,"ea_time_ms":97259609,"magic":22260201,"deal_ticket":800000058,"order_ticket":9131,"position_id":900000058,"entry_type":"IN","deal_type":"BUY","side":"L","layer_index":9,"role":"EXT","deal_price":1.12001,"order_price_open":null,"slippage_pips":null,"volume":0.00,"profit":0.00,"swap":0.00,"commission":0.00,"deal_time_broker":"2026-10-08 11:18:34","deal_time_broker_msc":1791458314000,"halted_at_receipt":false,"quarantined_at_receipt":false}
29,122,1791459263658,ea_event,,{"type":"fill_log","seq":75,"ea_time_ms":97259640,"magic":22260201,"deal_ticket":800000059,"order_ticket":9137,"position_id":900000059,"entry_type":"IN","deal_type":"BUY","side":"L","layer_index":9,"role":"ENT","deal_price":1.11892,"order_price_open":null,"slippage_pips":null,"volume":0.00,"profit":0.00,"swap":0.00,"commission":0.00,"deal_time_broker":"2026-10-08 11:34:23","deal_time_broker_msc":1791459263000,"halted_at_receipt":false,"quarantined_at_receipt":false}
29,123,1791461513107,ea_event,,{"type":"fill_log","seq":76,"ea_time_ms":97259718,"magic":22260201,"deal_ticket":800000060,"order_ticket":9135,"position_id":900000060,"entry_type":"IN","deal_type":"SELL","side":"S","layer_index":4,"role":"EXT","deal_price":1.11844,"order_price_open":null,"slippage_pips":null,"volume":0.00,"profit":0.00,"swap":0.00,"commission":0.00,"deal_time_broker":"2026-10-08 12:11:53","deal_time_broker_msc":1791461513000,"halted_at_receipt":false,"quarantined_at_receipt":false}
29,126,1791461582468,ea_event,,{"type":"fill_log","seq":77,"ea_time_ms":97259718,"magic":22260201,"deal_ticket":800000061,"order_ticket":9139,"position_id":900000061,"entry_type":"IN","deal_type":"BUY","side":"L","layer_index":10,"role":"ENT","deal_price":1.11822,"order_price_open":null,"slippage_pips":null,"volume":0.00,"profit":0.00,"swap":0.00,"commission":0.00,"deal_time_broker":"2026-10-08 12:13:02","deal_time_broker_msc":1791461582000,"halted_at_receipt":false,"quarantined_at_receipt":false}
29,127,1791466444079,ea_event,,{"type":"fill_log","seq":78,"ea_time_ms":97259843,"magic":22260201,"deal_ticket":800000062,"order_ticket":9141,"position_id":900000062,"entry_type":"IN","deal_type":"SELL","side":"S","layer_index":3,"role":"EXT","deal_price":1.11775,"order_price_open":null,"slippage_pips":null,"volume":0.00,"profit":0.00,"swap":0.00,"commission":0.00,"deal_time_broker":"2026-10-08 13:34:04","deal_time_broker_msc":1791466444000,"halted_at_receipt":false,"quarantined_at_receipt":false}
29,130,1791468417513,ea_event,,{"type":"fill_log","seq":79,"ea_time_ms":97259906,"magic":22260201,"deal_ticket":800000063,"order_ticket":9144,"position_id":900000063,"entry_type":"IN","deal_type":"BUY","side":"L","layer_index":11,"role":"ENT","deal_price":1.11751,"order_price_open":null,"slippage_pips":null,"volume":0.00,"profit":0.00,"swap":0.00,"commission":0.00,"deal_time_broker":"2026-10-08 14:06:57","deal_time_broker_msc":1791468417000,"halted_at_receipt":false,"quarantined_at_receipt":false}
29,131,1791471999972,ea_event,,{"type":"fill_log","seq":80,"ea_time_ms":97260015,"magic":22260201,"deal_ticket":800000064,"order_ticket":9150,"position_id":900000064,"entry_type":"IN","deal_type":"BUY","side":"L","layer_index":11,"role":"EXT","deal_price":1.11861,"order_price_open":null,"slippage_pips":null,"volume":0.00,"profit":0.00,"swap":0.00,"commission":0.00,"deal_time_broker":"2026-10-08 15:06:39","deal_time_broker_msc":1791471999000,"halted_at_receipt":false,"quarantined_at_receipt":false}
29,134,1791472623068,ea_event,,{"type":"fill_log","seq":81,"ea_time_ms":97260046,"magic":22260201,"deal_ticket":800000065,"order_ticket":9147,"position_id":900000065,"entry_type":"IN","deal_type":"SELL","side":"S","layer_index":3,"role":"ENT","deal_price":1.11888,"order_price_open":null,"slippage_pips":null,"volume":0.00,"profit":0.00,"swap":0.00,"commission":0.00,"deal_time_broker":"2026-10-08 15:17:03","deal_time_broker_msc":1791472623000,"halted_at_receipt":false,"quarantined_at_receipt":false}
29,135,1791473106242,ea_event,,{"type":"fill_log","seq":82,"ea_time_ms":97260062,"magic":22260201,"deal_ticket":800000066,"order_ticket":9151,"position_id":900000066,"entry_type":"IN","deal_type":"BUY","side":"L","layer_index":10,"role":"EXT","deal_price":1.11935,"order_price_open":null,"slippage_pips":null,"volume":0.00,"profit":0.00,"swap":0.00,"commission":0.00,"deal_time_broker":"2026-10-08 15:25:06","deal_time_broker_msc":1791473106000,"halted_at_receipt":false,"quarantined_at_receipt":false}
29,138,1791473166192,ea_event,,{"type":"fill_log","seq":83,"ea_time_ms":97260062,"magic":22260201,"deal_ticket":800000067,"order_ticket":9154,"position_id":900000067,"entry_type":"IN","deal_type":"SELL","side":"S","layer_index":4,"role":"ENT","deal_price":1.11958,"order_price_open":null,"slippage_pips":null,"volume":0.00,"profit":0.00,"swap":0.00,"commission":0.00,"deal_time_broker":"2026-10-08 15:26:06","deal_time_broker_msc":1791473166000,"halted_at_receipt":false,"quarantined_at_receipt":false}
29,139,1791474337557,ea_event,,{"type":"fill_log","seq":84,"ea_time_ms":97260109,"magic":22260201,"deal_ticket":800000068,"order_ticket":9160,"position_id":900000068,"entry_type":"IN","deal_type":"SELL","side":"S","layer_index":4,"role":"EXT","deal_price":1.11847,"order_price_open":null,"slippage_pips":null,"volume":0.00,"profit":0.00,"swap":0.00,"commission":0.00,"deal_time_broker":"2026-10-08 15:45:37","deal_time_broker_msc":1791474337000,"halted_at_receipt":false,"quarantined_at_receipt":false}
29,142,1791474981338,ea_event,,{"type":"fill_log","seq":85,"ea_time_ms":97260125,"magic":22260201,"deal_ticket":800000069,"order_ticket":9157,"position_id":900000069,"entry_type":"IN","deal_type":"BUY","side":"L","layer_index":10,"role":"ENT","deal_price":1.11822,"order_price_open":null,"slippage_pips":null,"volume":0.00,"profit":0.00,"swap":0.00,"commission":0.00,"deal_time_broker":"2026-10-08 15:56:21","deal_time_broker_msc":1791474981000,"halted_at_receipt":false,"quarantined_at_receipt":false}
29,143,1791475690737,ea_event,,{"type":"fill_log","seq":86,"ea_time_ms":97260156,"magic":22260201,"deal_ticket":800000070,"order_ticket":9165,"position_id":900000070,"entry_type":"IN","deal_type":"BUY","side":"L","layer_index":10,"role":"EXT","deal_price":1.11932,"order_price_open":null,"slippage_pips":null,"volume":0.00,"profit":0.00,"swap":0.00,"commission":0.00,"deal_time_broker":"2026-10-08 16:08:10","deal_time_broker_msc":1791475690000,"halted_at_receipt":false,"quarantined_at_receipt":false}
29,146,1791477123435,ea_event,,{"type":"fill_log","seq":87,"ea_time_ms":97260218,"magic":22260201,"deal_ticket":800000071,"order_ticket":9162,"position_id":900000071,"entry_type":"IN","deal_type":"SELL","side":"S","layer_index":4,"role":"ENT","deal_price":1.11958,"order_price_open":null,"slippage_pips":null,"volume":0.00,"profit":0.00,"swap":0.00,"commission":0.00,"deal_time_broker":"2026-10-08 16:32:03","deal_time_broker_msc":1791477123000,"halted_at_receipt":false,"quarantined_at_receipt":false}
29,147,1791478285577,ea_event,,{"type":"fill_log","seq":88,"ea_time_ms":97260265,"magic":22260201,"deal_ticket":800000072,"order_ticket":9166,"position_id":900000072,"entry_type":"IN","deal_type":"BUY","side":"L","layer_index":9,"role":"EXT","deal_price":1.12000,"order_price_open":null,"slippage_pips":null,"volume":0.00,"profit":0.00,"swap":0.00,"commission":0.00,"deal_time_broker":"2026-10-08 16:51:25","deal_time_broker_msc":1791478285000,"halted_at_receipt":false,"quarantined_at_receipt":false}
29,150,1791479899274,ea_event,,{"type":"fill_log","seq":89,"ea_time_ms":97260328,"magic":22260201,"deal_ticket":800000073,"order_ticket":9169,"position_id":900000073,"entry_type":"IN","deal_type":"SELL","side":"S","layer_index":5,"role":"ENT","deal_price":1.12028,"order_price_open":null,"slippage_pips":null,"volume":0.00,"profit":0.00,"swap":0.00,"commission":0.00,"deal_time_broker":"2026-10-08 17:18:19","deal_time_broker_msc":1791479899000,"halted_at_receipt":false,"quarantined_at_receipt":false}
29,151,1791480267983,ea_event,,{"type":"fill_log","seq":90,"ea_time_ms":97260343,"magic":22260201,"deal_ticket":800000074,"order_ticket":9171,"position_id":900000074,"entry_type":"IN","deal_type":"BUY","side":"L","layer_index":8,"role":"EXT","deal_price":1.12075,"order_price_open":null,"slippage_pips":null,"volume":0.00,"profit":0.00,"swap":0.00,"commission":0.00,"deal_time_broker":"2026-10-08 17:24:27","deal_time_broker_msc":1791480267000,"halted_at_receipt":false,"quarantined_at_receipt":false}
29,154,1791480318655,ea_event,,{"type":"fill_log","seq":91,"ea_time_ms":97260343,"magic":22260201,"deal_ticket":800000075,"order_ticket":9174,"position_id":900000075,"entry_type":"IN","deal_type":"SELL","side":"S","layer_index":6,"role":"ENT","deal_price":1.12102,"order_price_open":null,"slippage_pips":null,"volume":0.00,"profit":0.00,"swap":0.00,"commission":0.00,"deal_time_broker":"2026-10-08 17:25:18","deal_time_broker_msc":1791480318000,"halted_at_receipt":false,"quarantined_at_receipt":false}
29,155,1791480542254,ea_event,,{"type":"fill_log","seq":92,"ea_time_ms":97260343,"magic":22260201,"deal_ticket":800000076,"order_ticket":9176,"position_id":900000076,"entry_type":"IN","deal_type":"BUY","side":"L","layer_index":1,"role":"EXT","deal_price":1.12165,"order_price_open":null,"slippage_pips":null,"volume":0.00,"profit":0.00,"swap":0.00,"commission":0.00,"deal_time_broker":"2026-10-08 17:29:02","deal_time_broker_msc":1791480542000,"halted_at_receipt":false,"quarantined_at_receipt":false}
29,158,1791480634055,ea_event,,{"type":"fill_log","seq":93,"ea_time_ms":97260359,"magic":22260201,"deal_ticket":800000077,"order_ticket":9179,"position_id":900000077,"entry_type":"IN","deal_type":"SELL","side":"S","layer_index":7,"role":"ENT","deal_price":1.12170,"order_price_open":null,"slippage_pips":null,"volume":0.00,"profit":0.00,"swap":0.00,"commission":0.00,"deal_time_broker":"2026-10-08 17:30:34","deal_time_broker_msc":1791480634000,"halted_at_receipt":false,"quarantined_at_receipt":false}
29,159,1791480867678,ea_event,,{"type":"fill_log","seq":94,"ea_time_ms":97260359,"magic":22260201,"deal_ticket":800000078,"order_ticket":9181,"position_id":900000078,"entry_type":"IN","deal_type":"BUY","side":"L","layer_index":0,"role":"EXT","deal_price":1.12237,"order_price_open":null,"slippage_pips":null,"volume":0.00,"profit":0.00,"swap":0.00,"commission":0.00,"deal_time_broker":"2026-10-08 17:34:27","deal_time_broker_msc":1791480867000,"halted_at_receipt":false,"quarantined_at_receipt":false}
29,162,1791480871436,ea_event,ROLL_DEFERRED,{"type":"ea_event","seq":95,"ea_time_ms":97260359,"magic":null,"level":"INFO","code":"ROLL_DEFERRED","reason":"S","ticket":null,"detail":{"side":"S","depth":8,"opposite_depth":1,"gate":0,"level":1.12240,"market":1.12243}}
29,162,1791481993111,ea_event,,{"type":"fill_log","seq":96,"ea_time_ms":97260390,"magic":22260201,"deal_ticket":800000079,"order_ticket":9177,"position_id":900000079,"entry_type":"IN","deal_type":"BUY","side":"L","layer_index":8,"role":"ENT","deal_price":1.12108,"order_price_open":null,"slippage_pips":null,"volume":0.00,"profit":0.00,"swap":0.00,"commission":0.00,"deal_time_broker":"2026-10-08 17:53:13","deal_time_broker_msc":1791481993000,"halted_at_receipt":false,"quarantined_at_receipt":false}
29,163,1791482565564,ea_event,,{"type":"fill_log","seq":97,"ea_time_ms":97260421,"magic":22260201,"deal_ticket":800000080,"order_ticket":9183,"position_id":900000080,"entry_type":"IN","deal_type":"SELL","side":"S","layer_index":7,"role":"EXT","deal_price":1.12057,"order_price_open":null,"slippage_pips":null,"volume":0.00,"profit":0.00,"swap":0.00,"commission":0.00,"deal_time_broker":"2026-10-08 18:02:45","deal_time_broker_msc":1791482565000,"halted_at_receipt":false,"quarantined_at_receipt":false}
29,166,1791483302391,ea_event,,{"type":"fill_log","seq":98,"ea_time_ms":97260437,"magic":22260201,"deal_ticket":800000081,"order_ticket":9185,"position_id":900000081,"entry_type":"IN","deal_type":"BUY","side":"L","layer_index":9,"role":"ENT","deal_price":1.12035,"order_price_open":null,"slippage_pips":null,"volume":0.00,"profit":0.00,"swap":0.00,"commission":0.00,"deal_time_broker":"2026-10-08 18:15:02","deal_time_broker_msc":1791483302000,"halted_at_receipt":false,"quarantined_at_receipt":false}
29,167,1791483548359,ea_event,,{"type":"fill_log","seq":99,"ea_time_ms":97260453,"magic":22260201,"deal_ticket":800000082,"order_ticket":9187,"position_id":900000082,"entry_type":"IN","deal_type":"SELL","side":"S","layer_index":6,"role":"EXT","deal_price":1.11990,"order_price_open":null,"slippage_pips":null,"volume":0.00,"profit":0.00,"swap":0.00,"commission":0.00,"deal_time_broker":"2026-10-08 18:19:08","deal_time_broker_msc":1791483548000,"halted_at_receipt":false,"quarantined_at_receipt":false}
29,170,1791484665526,ea_event,,{"type":"fill_log","seq":100,"ea_time_ms":97260500,"magic":22260201,"deal_ticket":800000083,"order_ticket":9190,"position_id":900000083,"entry_type":"IN","deal_type":"BUY","side":"L","layer_index":10,"role":"ENT","deal_price":1.11965,"order_price_open":null,"slippage_pips":null,"volume":0.00,"profit":0.00,"swap":0.00,"commission":0.00,"deal_time_broker":"2026-10-08 18:37:45","deal_time_broker_msc":1791484665000,"halted_at_receipt":false,"quarantined_at_receipt":false}
29,171,1791485328705,ea_event,,{"type":"fill_log","seq":101,"ea_time_ms":97260515,"magic":22260201,"deal_ticket":800000084,"order_ticket":9192,"position_id":900000084,"entry_type":"IN","deal_type":"SELL","side":"S","layer_index":5,"role":"EXT","deal_price":1.11905,"order_price_open":null,"slippage_pips":null,"volume":0.00,"profit":0.00,"swap":0.00,"commission":0.00,"deal_time_broker":"2026-10-08 18:48:48","deal_time_broker_msc":1791485328000,"halted_at_receipt":false,"quarantined_at_receipt":false}
29,174,1791485643821,ea_event,,{"type":"fill_log","seq":102,"ea_time_ms":97260531,"magic":22260201,"deal_ticket":800000085,"order_ticket":9195,"position_id":900000085,"entry_type":"IN","deal_type":"BUY","side":"L","layer_index":11,"role":"ENT","deal_price":1.11897,"order_price_open":null,"slippage_pips":null,"volume":0.00,"profit":0.00,"swap":0.00,"commission":0.00,"deal_time_broker":"2026-10-08 18:54:03","deal_time_broker_msc":1791485643000,"halted_at_receipt":false,"quarantined_at_receipt":false}
29,175,1791486523322,ea_event,,{"type":"fill_log","seq":103,"ea_time_ms":97260546,"magic":22260201,"deal_ticket":800000086,"order_ticket":9197,"position_id":900000086,"entry_type":"IN","deal_type":"SELL","side":"S","layer_index":4,"role":"EXT","deal_price":1.11847,"order_price_open":null,"slippage_pips":null,"volume":0.00,"profit":0.00,"swap":0.00,"commission":0.00,"deal_time_broker":"2026-10-08 19:08:43","deal_time_broker_msc":1791486523000,"halted_at_receipt":false,"quarantined_at_receipt":false}
29,178,1791487037237,ea_event,,{"type":"fill_log","seq":104,"ea_time_ms":97260562,"magic":22260201,"deal_ticket":800000087,"order_ticket":9203,"position_id":900000087,"entry_type":"IN","deal_type":"SELL","side":"S","layer_index":4,"role":"ENT","deal_price":1.11969,"order_price_open":null,"slippage_pips":null,"volume":0.00,"profit":0.00,"swap":0.00,"commission":0.00,"deal_time_broker":"2026-10-08 19:17:17","deal_time_broker_msc":1791487037000,"halted_at_receipt":false,"quarantined_at_receipt":false}
29,179,1791487051910,ea_event,,{"type":"fill_log","seq":105,"ea_time_ms":97260562,"magic":22260201,"deal_ticket":800000088,"order_ticket":9201,"position_id":900000088,"entry_type":"IN","deal_type":"BUY","side":"L","layer_index":11,"role":"EXT","deal_price":1.12008,"order_price_open":null,"slippage_pips":null,"volume":0.00,"profit":0.00,"swap":0.00,"commission":0.00,"deal_time_broker":"2026-10-08 19:17:31","deal_time_broker_msc":1791487051000,"halted_at_receipt":false,"quarantined_at_receipt":false}
29,179,1791487052345,ea_event,,{"type":"fill_log","seq":106,"ea_time_ms":97260562,"magic":22260201,"deal_ticket":800000089,"order_ticket":700000089,"position_id":1996842297,"entry_type":"OUT_BY","deal_type":"SELL","side":null,"layer_index":null,"role":null,"deal_price":1.12008,"order_price_open":null,"slippage_pips":null,"volume":0.00,"profit":1.11,"swap":0.00,"commission":0.00,"deal_time_broker":"2026-10-08 19:17:32","deal_time_broker_msc":1791487052000,"halted_at_receipt":false,"quarantined_at_receipt":false}
29,179,1791487052345,ea_event,,{"type":"fill_log","seq":107,"ea_time_ms":97260562,"magic":22260201,"deal_ticket":800000090,"order_ticket":700000089,"position_id":900000088,"entry_type":"OUT_BY","deal_type":"SELL","side":null,"layer_index":null,"role":null,"deal_price":1.11897,"order_price_open":null,"slippage_pips":null,"volume":0.00,"profit":0.00,"swap":0.00,"commission":0.00,"deal_time_broker":"2026-10-08 19:17:32","deal_time_broker_msc":1791487052000,"halted_at_receipt":false,"quarantined_at_receipt":false}
29,179,1791487052345,scalp,SCALP_CLOSED,{"close_time":"2026-10-08T19:17:32Z","instrument":"EURUSD","direction":"LONG","entry_price":1.11897,"exit_price":1.12008,"layer_depth":11,"stack_depth":5,"gross_pnl":1.11,"instance_id":"GRIND_EURUSD_OPTD","ejected":false,"rolled":false,"broker_utc_offset_s":10800,"account_login":53077984}
29,179,1791487055121,ea_event,,{"type":"fill_log","seq":108,"ea_time_ms":97260562,"magic":22260201,"deal_ticket":800000091,"order_ticket":9205,"position_id":900000089,"entry_type":"IN","deal_type":"SELL","side":"S","layer_index":5,"role":"ENT","deal_price":1.12020,"order_price_open":null,"slippage_pips":null,"volume":0.00,"profit":0.00,"swap":0.00,"commission":0.00,"deal_time_broker":"2026-10-08 19:17:35","deal_time_broker_msc":1791487055000,"halted_at_receipt":false,"quarantined_at_receipt":false}
29,183,1791487804032,ea_event,,{"type":"fill_log","seq":109,"ea_time_ms":97260609,"magic":22260201,"deal_ticket":800000092,"order_ticket":9213,"position_id":900000090,"entry_type":"IN","deal_type":"SELL","side":"S","layer_index":5,"role":"EXT","deal_price":1.11907,"order_price_open":null,"slippage_pips":null,"volume":0.00,"profit":0.00,"swap":0.00,"commission":0.00,"deal_time_broker":"2026-10-08 19:30:04","deal_time_broker_msc":1791487804000,"halted_at_receipt":false,"quarantined_at_receipt":false}
29,186,1791487821912,ea_event,,{"type":"fill_log","seq":110,"ea_time_ms":97260609,"magic":22260201,"deal_ticket":800000093,"order_ticket":9208,"position_id":900000091,"entry_type":"IN","deal_type":"BUY","side":"L","layer_index":11,"role":"ENT","deal_price":1.11895,"order_price_open":null,"slippage_pips":null,"volume":0.00,"profit":0.00,"swap":0.00,"commission":0.00,"deal_time_broker":"2026-10-08 19:30:21","deal_time_broker_msc":1791487821000,"halted_at_receipt":false,"quarantined_at_receipt":false}
29,187,1791489728519,ea_event,,{"type":"fill_log","seq":111,"ea_time_ms":97260687,"magic":22260201,"deal_ticket":800000094,"order_ticket":9219,"position_id":900000092,"entry_type":"IN","deal_type":"BUY","side":"L","layer_index":11,"role":"EXT","deal_price":1.12006,"order_price_open":null,"slippage_pips":null,"volume":0.00,"profit":0.00,"swap":0.00,"commission":0.00,"deal_time_broker":"2026-10-08 20:02:08","deal_time_broker_msc":1791489728000,"halted_at_receipt":false,"quarantined_at_receipt":false}
29,190,1791489783975,ea_event,,{"type":"fill_log","seq":112,"ea_time_ms":97260687,"magic":22260201,"deal_ticket":800000095,"order_ticket":9216,"position_id":900000093,"entry_type":"IN","deal_type":"SELL","side":"S","layer_index":5,"role":"ENT","deal_price":1.12020,"order_price_open":null,"slippage_pips":null,"volume":0.00,"profit":0.00,"swap":0.00,"commission":0.00,"deal_time_broker":"2026-10-08 20:03:03","deal_time_broker_msc":1791489783000,"halted_at_receipt":false,"quarantined_at_receipt":false}
29,191,1791490415551,ea_event,,{"type":"fill_log","seq":113,"ea_time_ms":97260734,"magic":22260201,"deal_ticket":800000096,"order_ticket":9220,"position_id":900000094,"entry_type":"IN","deal_type":"BUY","side":"L","layer_index":10,"role":"EXT","deal_price":1.12074,"order_price_open":null,"slippage_pips":null,"volume":0.00,"profit":0.00,"swap":0.00,"commission":0.00,"deal_time_broker":"2026-10-08 20:13:35","deal_time_broker_msc":1791490415000,"halted_at_receipt":false,"quarantined_at_receipt":false}
29,194,1791490556637,ea_event,,{"type":"fill_log","seq":114,"ea_time_ms":97260734,"magic":22260201,"deal_ticket":800000097,"order_ticket":9223,"position_id":900000095,"entry_type":"IN","deal_type":"SELL","side":"S","layer_index":6,"role":"ENT","deal_price":1.12090,"order_price_open":null,"slippage_pips":null,"volume":0.00,"profit":0.00,"swap":0.00,"commission":0.00,"deal_time_broker":"2026-10-08 20:15:56","deal_time_broker_msc":1791490556000,"halted_at_receipt":false,"quarantined_at_receipt":false}
29,195,1791490674590,ea_event,,{"type":"fill_log","seq":115,"ea_time_ms":97260734,"magic":22260201,"deal_ticket":800000098,"order_ticket":9225,"position_id":900000096,"entry_type":"IN","deal_type":"BUY","side":"L","layer_index":9,"role":"EXT","deal_price":1.12146,"order_price_open":null,"slippage_pips":null,"volume":0.00,"profit":0.00,"swap":0.00,"commission":0.00,"deal_time_broker":"2026-10-08 20:17:54","deal_time_broker_msc":1791490674000,"halted_at_receipt":false,"quarantined_at_receipt":false}
29,198,1791490684233,ea_event,,{"type":"fill_log","seq":116,"ea_time_ms":97260734,"magic":22260201,"deal_ticket":800000099,"order_ticket":9228,"position_id":900000097,"entry_type":"IN","deal_type":"SELL","side":"S","layer_index":7,"role":"ENT","deal_price":1.12163,"order_price_open":null,"slippage_pips":null,"volume":0.00,"profit":0.00,"swap":0.00,"commission":0.00,"deal_time_broker":"2026-10-08 20:18:04","deal_time_broker_msc":1791490684000,"halted_at_receipt":false,"quarantined_at_receipt":false}
29,199,1791493740018,ea_event,,{"type":"fill_log","seq":117,"ea_time_ms":97260828,"magic":22260201,"deal_ticket":800000100,"order_ticket":9233,"position_id":900000098,"entry_type":"IN","deal_type":"SELL","side":"S","layer_index":7,"role":"EXT","deal_price":1.12053,"order_price_open":null,"slippage_pips":null,"volume":0.00,"profit":0.00,"swap":0.00,"commission":0.00,"deal_time_broker":"2026-10-08 21:09:00","deal_time_broker_msc":1791493740000,"halted_at_receipt":false,"quarantined_at_receipt":false}
29,202,1791493781809,ea_event,,{"type":"fill_log","seq":118,"ea_time_ms":97260828,"magic":22260201,"deal_ticket":800000101,"order_ticket":9231,"position_id":900000099,"entry_type":"IN","deal_type":"BUY","side":"L","layer_index":9,"role":"ENT","deal_price":1.12037,"order_price_open":null,"slippage_pips":null,"volume":0.00,"profit":0.00,"swap":0.00,"commission":0.00,"deal_time_broker":"2026-10-08 21:09:41","deal_time_broker_msc":1791493781000,"halted_at_receipt":false,"quarantined_at_receipt":false}
29,203,1791500561191,ea_event,,{"type":"fill_log","seq":119,"ea_time_ms":97260953,"magic":22260201,"deal_ticket":800000102,"order_ticket":9238,"position_id":900000100,"entry_type":"IN","deal_type":"BUY","side":"L","layer_index":9,"role":"EXT","deal_price":1.12150,"order_price_open":null,"slippage_pips":null,"volume":0.00,"profit":0.00,"swap":0.00,"commission":0.00,"deal_time_broker":"2026-10-08 23:02:41","deal_time_broker_msc":1791500561000,"halted_at_receipt":false,"quarantined_at_receipt":false}
29,206,1791500867160,ea_event,,{"type":"fill_log","seq":120,"ea_time_ms":97260953,"magic":22260201,"deal_ticket":800000103,"order_ticket":9235,"position_id":900000101,"entry_type":"IN","deal_type":"SELL","side":"S","layer_index":7,"role":"ENT","deal_price":1.12160,"order_price_open":null,"slippage_pips":null,"volume":0.00,"profit":0.00,"swap":0.00,"commission":0.00,"deal_time_broker":"2026-10-08 23:07:47","deal_time_broker_msc":1791500867000,"halted_at_receipt":false,"quarantined_at_receipt":false}
29,207,1791503436000,ea_event,CARRY_SNAPSHOT,{"type":"ea_event","seq":121,"ea_time_ms":97260968,"magic":null,"level":"INFO","code":"CARRY_SNAPSHOT","reason":"EURUSD","ticket":null,"detail":{"symbol":"EURUSD","swap_mode":1,"swap_long":-7.9900,"swap_short":1.3100,"multiplier":1,"day_of_week":4,"rollover3days":3,"digits":5,"point":0.00001000,"tick_value":1.00000000,"tick_size":0.00001000,"stops_level":0,"freeze_level":0,"long_pips":-0.799,"short_pips":0.131,"eligible_long":2,"eligible_short":8,"trade_mode_full":true,"mult_today":1,"mult_tomorrow":1,"accrued_swap_long":0.00,"accrued_swap_short":0.04}}
29,207,1791503436000,ea_event,CARRY_EXIT_SHIFT,{"type":"ea_event","seq":122,"ea_time_ms":97260968,"magic":null,"level":"INFO","code":"CARRY_EXIT_SHIFT","reason":"EURUSD","ticket":null,"detail":{"position_ticket":1992093820,"side":"long","layer_index":7,"accrued_ledger_pips":-2.400,"pending_pips":-0.799,"accrued_pips_total":-3.199,"old_price":1.12296,"new_price":1.12320,"clamped":false,"sign_guard_skipped":false,"retcode":10009,"points_native_pips":-0.799}}
29,207,1791503436000,ea_event,CARRY_EXIT_SHIFT,{"type":"ea_event","seq":123,"ea_time_ms":97260968,"magic":null,"level":"INFO","code":"CARRY_EXIT_SHIFT","reason":"EURUSD","ticket":null,"detail":{"position_ticket":1996620161,"side":"long","layer_index":8,"accrued_ledger_pips":0.000,"pending_pips":-0.799,"accrued_pips_total":-0.799,"old_price":1.12218,"new_price":1.12226,"clamped":false,"sign_guard_skipped":false,"retcode":10009,"points_native_pips":-0.799}}
29,207,1791503496000,ea_event,CARRY_EXIT_SHIFT,{"type":"ea_event","seq":124,"ea_time_ms":97260968,"magic":null,"level":"INFO","code":"CARRY_EXIT_SHIFT","reason":"EURUSD","ticket":null,"detail":{"position_ticket":1992997557,"side":"short","layer_index":0,"accrued_ledger_pips":0.400,"pending_pips":0.131,"accrued_pips_total":0.531,"old_price":1.11567,"new_price":1.11571,"clamped":false,"sign_guard_skipped":false,"retcode":10009,"points_native_pips":0.131}}
29,207,1791503676000,ea_event,CARRY_EXIT_SHIFT,{"type":"ea_event","seq":125,"ea_time_ms":97260968,"magic":null,"level":"INFO","code":"CARRY_EXIT_SHIFT","reason":"EURUSD","ticket":null,"detail":{"position_ticket":1997288095,"side":"short","layer_index":7,"accrued_ledger_pips":0.000,"pending_pips":0.131,"accrued_pips_total":0.131,"old_price":1.12050,"new_price":1.12051,"clamped":false,"sign_guard_skipped":false,"retcode":10009,"points_native_pips":0.131}}
29,207,1791503676000,ea_event,CARRY_PASS_SUMMARY,{"type":"ea_event","seq":126,"ea_time_ms":97260968,"magic":null,"level":"INFO","code":"CARRY_PASS_SUMMARY","reason":"EURUSD","ticket":null,"detail":{"eligible":10,"shifted":4,"clamped":0,"skipped":0,"failed":0,"incomplete":false}}
